# vtk DataFile Version 3.0
Structured hexahedral tube mesh
ASCII
DATASET STRUCTURED_GRID
DIMENSIONS 17 17 65
POINTS 18785 float
-1.4142135623730951 -1.4142135623730951 -7.0
-1.2374368670764582 -1.571225636247067 -7.0
-1.0606601717798214 -1.695582495781317 -7.0
-0.8838834764831844 -1.7940875118009154 -7.0
-0.7071067811865476 -1.8708286933869707 -7.0
-0.5303300858899107 -1.928406077567689 -7.0
-0.3535533905932738 -1.9685019685029528 -7.0
-0.1767766952966369 -1.9921721813136535 -7.0
0.0 -2.0 -7.0
0.1767766952966369 -1.9921721813136535 -7.0
0.3535533905932738 -1.9685019685029528 -7.0
0.5303300858899107 -1.928406077567689 -7.0
0.7071067811865476 -1.8708286933869707 -7.0
0.8838834764831844 -1.7940875118009154 -7.0
1.0606601717798214 -1.695582495781317 -7.0
1.2374368670764582 -1.571225636247067 -7.0
1.4142135623730951 -1.4142135623730951 -7.0
-1.571225636247067 -1.2374368670764582 -7.0
-1.3748224317161835 -1.3748224317161835 -7.0
-1.1784192271853002 -1.4836346838086525 -7.0
-0.9820160226544168 -1.569826572825801 -7.0
-0.7856128181235335 -1.6369751067135994 -7.0
-0.5892096135926501 -1.6873553178717278 -7.0
-0.3928064090617667 -1.7224392224400837 -7.0
-0.19640320453088336 -1.7431506586494467 -7.0
0.0 -1.75 -7.0
0.19640320453088336 -1.7431506586494467 -7.0
0.3928064090617667 -1.7224392224400837 -7.0
0.5892096135926501 -1.6873553178717278 -7.0
0.7856128181235335 -1.6369751067135994 -7.0
0.9820160226544168 -1.569826572825801 -7.0
1.1784192271853002 -1.4836346838086525 -7.0
1.3748224317161835 -1.3748224317161835 -7.0
1.571225636247067 -1.2374368670764582 -7.0
-1.695582495781317 -1.0606601717798214 -7.0
-1.4836346838086525 -1.1784192271853002 -7.0
-1.2716868718359877 -1.2716868718359877 -7.0
-1.0597390598633232 -1.3455656338506865 -7.0
-0.8477912478906585 -1.403121520040228 -7.0
-0.6358434359179939 -1.4463045581757668 -7.0
-0.42389562394532926 -1.4763764763772147 -7.0
-0.21194781197266463 -1.49412913598524 -7.0
0.0 -1.5 -7.0
0.21194781197266463 -1.49412913598524 -7.0
0.42389562394532926 -1.4763764763772147 -7.0
0.6358434359179939 -1.4463045581757668 -7.0
0.8477912478906585 -1.403121520040228 -7.0
1.0597390598633232 -1.3455656338506865 -7.0
1.2716868718359877 -1.2716868718359877 -7.0
1.4836346838086525 -1.1784192271853002 -7.0
1.695582495781317 -1.0606601717798214 -7.0
-1.7940875118009154 -0.8838834764831844 -7.0
-1.569826572825801 -0.9820160226544168 -7.0
-1.3455656338506865 -1.0597390598633232 -7.0
-1.121304694875572 -1.121304694875572 -7.0
-0.8970437559004577 -1.1692679333668567 -7.0
-0.6727828169253433 -1.2052537984798057 -7.0
-0.44852187795022885 -1.2303137303143454 -7.0
-0.22426093897511443 -1.2451076133210335 -7.0
0.0 -1.25 -7.0
0.22426093897511443 -1.2451076133210335 -7.0
0.44852187795022885 -1.2303137303143454 -7.0
0.6727828169253433 -1.2052537984798057 -7.0
0.8970437559004577 -1.1692679333668567 -7.0
1.121304694875572 -1.121304694875572 -7.0
1.3455656338506865 -1.0597390598633232 -7.0
1.569826572825801 -0.9820160226544168 -7.0
1.7940875118009154 -0.8838834764831844 -7.0
-1.8708286933869707 -0.7071067811865476 -7.0
-1.6369751067135994 -0.7856128181235335 -7.0
-1.403121520040228 -0.8477912478906585 -7.0
-1.1692679333668567 -0.8970437559004577 -7.0
-0.9354143466934853 -0.9354143466934853 -7.0
-0.701560760020114 -0.9642030387838445 -7.0
-0.46770717334674267 -0.9842509842514764 -7.0
-0.23385358667337133 -0.9960860906568267 -7.0
0.0 -1.0 -7.0
0.23385358667337133 -0.9960860906568267 -7.0
0.46770717334674267 -0.9842509842514764 -7.0
0.701560760020114 -0.9642030387838445 -7.0
0.9354143466934853 -0.9354143466934853 -7.0
1.1692679333668567 -0.8970437559004577 -7.0
1.403121520040228 -0.8477912478906585 -7.0
1.6369751067135994 -0.7856128181235335 -7.0
1.8708286933869707 -0.7071067811865476 -7.0
-1.928406077567689 -0.5303300858899107 -7.0
-1.6873553178717278 -0.5892096135926501 -7.0
-1.4463045581757668 -0.6358434359179939 -7.0
-1.2052537984798057 -0.6727828169253433 -7.0
-0.9642030387838445 -0.701560760020114 -7.0
-0.7231522790878834 -0.7231522790878834 -7.0
-0.48210151939192225 -0.7381882381886073 -7.0
-0.24105075969596113 -0.74706456799262 -7.0
0.0 -0.75 -7.0
0.24105075969596113 -0.74706456799262 -7.0
0.48210151939192225 -0.7381882381886073 -7.0
0.7231522790878834 -0.7231522790878834 -7.0
0.9642030387838445 -0.701560760020114 -7.0
1.2052537984798057 -0.6727828169253433 -7.0
1.4463045581757668 -0.6358434359179939 -7.0
1.6873553178717278 -0.5892096135926501 -7.0
1.928406077567689 -0.5303300858899107 -7.0
-1.9685019685029528 -0.3535533905932738 -7.0
-1.7224392224400837 -0.3928064090617667 -7.0
-1.4763764763772147 -0.42389562394532926 -7.0
-1.2303137303143454 -0.44852187795022885 -7.0
-0.9842509842514764 -0.46770717334674267 -7.0
-0.7381882381886073 -0.48210151939192225 -7.0
-0.4921254921257382 -0.4921254921257382 -7.0
-0.2460627460628691 -0.49804304532841337 -7.0
0.0 -0.5 -7.0
0.2460627460628691 -0.49804304532841337 -7.0
0.4921254921257382 -0.4921254921257382 -7.0
0.7381882381886073 -0.48210151939192225 -7.0
0.9842509842514764 -0.46770717334674267 -7.0
1.2303137303143454 -0.44852187795022885 -7.0
1.4763764763772147 -0.42389562394532926 -7.0
1.7224392224400837 -0.3928064090617667 -7.0
1.9685019685029528 -0.3535533905932738 -7.0
-1.9921721813136535 -0.1767766952966369 -7.0
-1.7431506586494467 -0.19640320453088336 -7.0
-1.49412913598524 -0.21194781197266463 -7.0
-1.2451076133210335 -0.22426093897511443 -7.0
-0.9960860906568267 -0.23385358667337133 -7.0
-0.74706456799262 -0.24105075969596113 -7.0
-0.49804304532841337 -0.2460627460628691 -7.0
-0.24902152266420668 -0.24902152266420668 -7.0
0.0 -0.25 -7.0
0.24902152266420668 -0.24902152266420668 -7.0
0.49804304532841337 -0.2460627460628691 -7.0
0.74706456799262 -0.24105075969596113 -7.0
0.9960860906568267 -0.23385358667337133 -7.0
1.2451076133210335 -0.22426093897511443 -7.0
1.49412913598524 -0.21194781197266463 -7.0
1.7431506586494467 -0.19640320453088336 -7.0
1.9921721813136535 -0.1767766952966369 -7.0
-2.0 0.0 -7.0
-1.75 0.0 -7.0
-1.5 0.0 -7.0
-1.25 0.0 -7.0
-1.0 0.0 -7.0
-0.75 0.0 -7.0
-0.5 0.0 -7.0
-0.25 0.0 -7.0
0.0 0.0 -7.0
0.25 0.0 -7.0
0.5 0.0 -7.0
0.75 0.0 -7.0
1.0 0.0 -7.0
1.25 0.0 -7.0
1.5 0.0 -7.0
1.75 0.0 -7.0
2.0 0.0 -7.0
-1.9921721813136535 0.1767766952966369 -7.0
-1.7431506586494467 0.19640320453088336 -7.0
-1.49412913598524 0.21194781197266463 -7.0
-1.2451076133210335 0.22426093897511443 -7.0
-0.9960860906568267 0.23385358667337133 -7.0
-0.74706456799262 0.24105075969596113 -7.0
-0.49804304532841337 0.2460627460628691 -7.0
-0.24902152266420668 0.24902152266420668 -7.0
0.0 0.25 -7.0
0.24902152266420668 0.24902152266420668 -7.0
0.49804304532841337 0.2460627460628691 -7.0
0.74706456799262 0.24105075969596113 -7.0
0.9960860906568267 0.23385358667337133 -7.0
1.2451076133210335 0.22426093897511443 -7.0
1.49412913598524 0.21194781197266463 -7.0
1.7431506586494467 0.19640320453088336 -7.0
1.9921721813136535 0.1767766952966369 -7.0
-1.9685019685029528 0.3535533905932738 -7.0
-1.7224392224400837 0.3928064090617667 -7.0
-1.4763764763772147 0.42389562394532926 -7.0
-1.2303137303143454 0.44852187795022885 -7.0
-0.9842509842514764 0.46770717334674267 -7.0
-0.7381882381886073 0.48210151939192225 -7.0
-0.4921254921257382 0.4921254921257382 -7.0
-0.2460627460628691 0.49804304532841337 -7.0
0.0 0.5 -7.0
0.2460627460628691 0.49804304532841337 -7.0
0.4921254921257382 0.4921254921257382 -7.0
0.7381882381886073 0.48210151939192225 -7.0
0.9842509842514764 0.46770717334674267 -7.0
1.2303137303143454 0.44852187795022885 -7.0
1.4763764763772147 0.42389562394532926 -7.0
1.7224392224400837 0.3928064090617667 -7.0
1.9685019685029528 0.3535533905932738 -7.0
-1.928406077567689 0.5303300858899107 -7.0
-1.6873553178717278 0.5892096135926501 -7.0
-1.4463045581757668 0.6358434359179939 -7.0
-1.2052537984798057 0.6727828169253433 -7.0
-0.9642030387838445 0.701560760020114 -7.0
-0.7231522790878834 0.7231522790878834 -7.0
-0.48210151939192225 0.7381882381886073 -7.0
-0.24105075969596113 0.74706456799262 -7.0
0.0 0.75 -7.0
0.24105075969596113 0.74706456799262 -7.0
0.48210151939192225 0.7381882381886073 -7.0
0.7231522790878834 0.7231522790878834 -7.0
0.9642030387838445 0.701560760020114 -7.0
1.2052537984798057 0.6727828169253433 -7.0
1.4463045581757668 0.6358434359179939 -7.0
1.6873553178717278 0.5892096135926501 -7.0
1.928406077567689 0.5303300858899107 -7.0
-1.8708286933869707 0.7071067811865476 -7.0
-1.6369751067135994 0.7856128181235335 -7.0
-1.403121520040228 0.8477912478906585 -7.0
-1.1692679333668567 0.8970437559004577 -7.0
-0.9354143466934853 0.9354143466934853 -7.0
-0.701560760020114 0.9642030387838445 -7.0
-0.46770717334674267 0.9842509842514764 -7.0
-0.23385358667337133 0.9960860906568267 -7.0
0.0 1.0 -7.0
0.23385358667337133 0.9960860906568267 -7.0
0.46770717334674267 0.9842509842514764 -7.0
0.701560760020114 0.9642030387838445 -7.0
0.9354143466934853 0.9354143466934853 -7.0
1.1692679333668567 0.8970437559004577 -7.0
1.403121520040228 0.8477912478906585 -7.0
1.6369751067135994 0.7856128181235335 -7.0
1.8708286933869707 0.7071067811865476 -7.0
-1.7940875118009154 0.8838834764831844 -7.0
-1.569826572825801 0.9820160226544168 -7.0
-1.3455656338506865 1.0597390598633232 -7.0
-1.121304694875572 1.121304694875572 -7.0
-0.8970437559004577 1.1692679333668567 -7.0
-0.6727828169253433 1.2052537984798057 -7.0
-0.44852187795022885 1.2303137303143454 -7.0
-0.22426093897511443 1.2451076133210335 -7.0
0.0 1.25 -7.0
0.22426093897511443 1.2451076133210335 -7.0
0.44852187795022885 1.2303137303143454 -7.0
0.6727828169253433 1.2052537984798057 -7.0
0.8970437559004577 1.1692679333668567 -7.0
1.121304694875572 1.121304694875572 -7.0
1.3455656338506865 1.0597390598633232 -7.0
1.569826572825801 0.9820160226544168 -7.0
1.7940875118009154 0.8838834764831844 -7.0
-1.695582495781317 1.0606601717798214 -7.0
-1.4836346838086525 1.1784192271853002 -7.0
-1.2716868718359877 1.2716868718359877 -7.0
-1.0597390598633232 1.3455656338506865 -7.0
-0.8477912478906585 1.403121520040228 -7.0
-0.6358434359179939 1.4463045581757668 -7.0
-0.42389562394532926 1.4763764763772147 -7.0
-0.21194781197266463 1.49412913598524 -7.0
0.0 1.5 -7.0
0.21194781197266463 1.49412913598524 -7.0
0.42389562394532926 1.4763764763772147 -7.0
0.6358434359179939 1.4463045581757668 -7.0
0.8477912478906585 1.403121520040228 -7.0
1.0597390598633232 1.3455656338506865 -7.0
1.2716868718359877 1.2716868718359877 -7.0
1.4836346838086525 1.1784192271853002 -7.0
1.695582495781317 1.0606601717798214 -7.0
-1.571225636247067 1.2374368670764582 -7.0
-1.3748224317161835 1.3748224317161835 -7.0
-1.1784192271853002 1.4836346838086525 -7.0
-0.9820160226544168 1.569826572825801 -7.0
-0.7856128181235335 1.6369751067135994 -7.0
-0.5892096135926501 1.6873553178717278 -7.0
-0.3928064090617667 1.7224392224400837 -7.0
-0.19640320453088336 1.7431506586494467 -7.0
0.0 1.75 -7.0
0.19640320453088336 1.7431506586494467 -7.0
0.3928064090617667 1.7224392224400837 -7.0
0.5892096135926501 1.6873553178717278 -7.0
0.7856128181235335 1.6369751067135994 -7.0
0.9820160226544168 1.569826572825801 -7.0
1.1784192271853002 1.4836346838086525 -7.0
1.3748224317161835 1.3748224317161835 -7.0
1.571225636247067 1.2374368670764582 -7.0
-1.4142135623730951 1.4142135623730951 -7.0
-1.2374368670764582 1.571225636247067 -7.0
-1.0606601717798214 1.695582495781317 -7.0
-0.8838834764831844 1.7940875118009154 -7.0
-0.7071067811865476 1.8708286933869707 -7.0
-0.5303300858899107 1.928406077567689 -7.0
-0.3535533905932738 1.9685019685029528 -7.0
-0.1767766952966369 1.9921721813136535 -7.0
0.0 2.0 -7.0
0.1767766952966369 1.9921721813136535 -7.0
0.3535533905932738 1.9685019685029528 -7.0
0.5303300858899107 1.928406077567689 -7.0
0.7071067811865476 1.8708286933869707 -7.0
0.8838834764831844 1.7940875118009154 -7.0
1.0606601717798214 1.695582495781317 -7.0
1.2374368670764582 1.571225636247067 -7.0
1.4142135623730951 1.4142135623730951 -7.0
-1.4159160185847732 -1.4159160185847732 -6.78125
-1.2389265162616765 -1.573117106471612 -6.78125
-1.06193701393858 -1.6976236690730733 -6.78125
-0.8849475116154832 -1.796247267236745 -6.78125
-0.7079580092923866 -1.8730808312640093 -6.78125
-0.53096850696929 -1.9307275281553102 -6.78125
-0.3539790046461933 -1.9708716872591177 -6.78125
-0.17698950232309665 -1.994570394705921 -6.78125
0.0 -2.0024076366639014 -6.78125
0.17698950232309665 -1.994570394705921 -6.78125
0.3539790046461933 -1.9708716872591177 -6.78125
0.53096850696929 -1.9307275281553102 -6.78125
0.7079580092923866 -1.8730808312640093 -6.78125
0.8849475116154832 -1.796247267236745 -6.78125
1.06193701393858 -1.6976236690730733 -6.78125
1.2389265162616765 -1.573117106471612 -6.78125
1.4159160185847732 -1.4159160185847732 -6.78125
-1.573117106471612 -1.2389265162616765 -6.78125
-1.3764774681626604 -1.3764774681626604 -6.78125
-1.179837829853709 -1.4854207104389392 -6.78125
-0.9831981915447575 -1.571716358832152 -6.78125
-0.786558553235806 -1.6389457273560082 -6.78125
-0.5899189149268546 -1.6893865871358962 -6.78125
-0.393279276617903 -1.7245127263517281 -6.78125
-0.1966396383089515 -1.745249095367681 -6.78125
0.0 -1.7521066820809137 -6.78125
0.1966396383089515 -1.745249095367681 -6.78125
0.393279276617903 -1.7245127263517281 -6.78125
0.5899189149268546 -1.6893865871358962 -6.78125
0.786558553235806 -1.6389457273560082 -6.78125
0.9831981915447575 -1.571716358832152 -6.78125
1.179837829853709 -1.4854207104389392 -6.78125
1.3764774681626604 -1.3764774681626604 -6.78125
1.573117106471612 -1.2389265162616765 -6.78125
-1.6976236690730733 -1.06193701393858 -6.78125
-1.4854207104389392 -1.179837829853709 -6.78125
-1.273217751804805 -1.273217751804805 -6.78125
-1.0610147931706708 -1.3471854504275589 -6.78125
-0.8488118345365366 -1.4048106234480071 -6.78125
-0.6366088759024024 -1.4480456461164826 -6.78125
-0.4244059172682683 -1.4781537654443384 -6.78125
-0.21220295863413416 -1.4959277960294408 -6.78125
0.0 -1.501805727497926 -6.78125
0.21220295863413416 -1.4959277960294408 -6.78125
0.4244059172682683 -1.4781537654443384 -6.78125
0.6366088759024024 -1.4480456461164826 -6.78125
0.8488118345365366 -1.4048106234480071 -6.78125
1.0610147931706708 -1.3471854504275589 -6.78125
1.273217751804805 -1.273217751804805 -6.78125
1.4854207104389392 -1.179837829853709 -6.78125
1.6976236690730733 -1.06193701393858 -6.78125
-1.796247267236745 -0.8849475116154832 -6.78125
-1.571716358832152 -0.9831981915447575 -6.78125
-1.3471854504275589 -1.0610147931706708 -6.78125
-1.1226545420229657 -1.1226545420229657 -6.78125
-0.8981236336183726 -1.1706755195400058 -6.78125
-0.6735927252137794 -1.206704705097069 -6.78125
-0.4490618168091863 -1.2317948045369485 -6.78125
-0.22453090840459314 -1.2466064966912007 -6.78125
0.0 -1.2515047729149384 -6.78125
0.22453090840459314 -1.2466064966912007 -6.78125
0.4490618168091863 -1.2317948045369485 -6.78125
0.6735927252137794 -1.206704705097069 -6.78125
0.8981236336183726 -1.1706755195400058 -6.78125
1.1226545420229657 -1.1226545420229657 -6.78125
1.3471854504275589 -1.0610147931706708 -6.78125
1.571716358832152 -0.9831981915447575 -6.78125
1.796247267236745 -0.8849475116154832 -6.78125
-1.8730808312640093 -0.7079580092923866 -6.78125
-1.6389457273560082 -0.786558553235806 -6.78125
-1.4048106234480071 -0.8488118345365366 -6.78125
-1.1706755195400058 -0.8981236336183726 -6.78125
-0.9365404156320046 -0.9365404156320046 -6.78125
-0.7024053117240036 -0.9653637640776551 -6.78125
-0.4682702078160023 -0.9854358436295588 -6.78125
-0.23413510390800116 -0.9972851973529605 -6.78125
0.0 -1.0012038183319507 -6.78125
0.23413510390800116 -0.9972851973529605 -6.78125
0.4682702078160023 -0.9854358436295588 -6.78125
0.7024053117240036 -0.9653637640776551 -6.78125
0.9365404156320046 -0.9365404156320046 -6.78125
1.1706755195400058 -0.8981236336183726 -6.78125
1.4048106234480071 -0.8488118345365366 -6.78125
1.6389457273560082 -0.786558553235806 -6.78125
1.8730808312640093 -0.7079580092923866 -6.78125
-1.9307275281553102 -0.53096850696929 -6.78125
-1.6893865871358962 -0.5899189149268546 -6.78125
-1.4480456461164826 -0.6366088759024024 -6.78125
-1.206704705097069 -0.6735927252137794 -6.78125
-0.9653637640776551 -0.7024053117240036 -6.78125
-0.7240228230582413 -0.7240228230582413 -6.78125
-0.48268188203882756 -0.7390768827221692 -6.78125
-0.24134094101941378 -0.7479638980147204 -6.78125
0.0 -0.750902863748963 -6.78125
0.24134094101941378 -0.7479638980147204 -6.78125
0.48268188203882756 -0.7390768827221692 -6.78125
0.7240228230582413 -0.7240228230582413 -6.78125
0.9653637640776551 -0.7024053117240036 -6.78125
1.206704705097069 -0.6735927252137794 -6.78125
1.4480456461164826 -0.6366088759024024 -6.78125
1.6893865871358962 -0.5899189149268546 -6.78125
1.9307275281553102 -0.53096850696929 -6.78125
-1.9708716872591177 -0.3539790046461933 -6.78125
-1.7245127263517281 -0.393279276617903 -6.78125
-1.4781537654443384 -0.4244059172682683 -6.78125
-1.2317948045369485 -0.4490618168091863 -6.78125
-0.9854358436295588 -0.4682702078160023 -6.78125
-0.7390768827221692 -0.48268188203882756 -6.78125
-0.4927179218147794 -0.4927179218147794 -6.78125
-0.2463589609073897 -0.49864259867648025 -6.78125
0.0 -0.5006019091659754 -6.78125
0.2463589609073897 -0.49864259867648025 -6.78125
0.4927179218147794 -0.4927179218147794 -6.78125
0.7390768827221692 -0.48268188203882756 -6.78125
0.9854358436295588 -0.4682702078160023 -6.78125
1.2317948045369485 -0.4490618168091863 -6.78125
1.4781537654443384 -0.4244059172682683 -6.78125
1.7245127263517281 -0.393279276617903 -6.78125
1.9708716872591177 -0.3539790046461933 -6.78125
-1.994570394705921 -0.17698950232309665 -6.78125
-1.745249095367681 -0.1966396383089515 -6.78125
-1.4959277960294408 -0.21220295863413416 -6.78125
-1.2466064966912007 -0.22453090840459314 -6.78125
-0.9972851973529605 -0.23413510390800116 -6.78125
-0.7479638980147204 -0.24134094101941378 -6.78125
-0.49864259867648025 -0.2463589609073897 -6.78125
-0.24932129933824013 -0.24932129933824013 -6.78125
0.0 -0.2503009545829877 -6.78125
0.24932129933824013 -0.24932129933824013 -6.78125
0.49864259867648025 -0.2463589609073897 -6.78125
0.7479638980147204 -0.24134094101941378 -6.78125
0.9972851973529605 -0.23413510390800116 -6.78125
1.2466064966912007 -0.22453090840459314 -6.78125
1.4959277960294408 -0.21220295863413416 -6.78125
1.745249095367681 -0.1966396383089515 -6.78125
1.994570394705921 -0.17698950232309665 -6.78125
-2.0024076366639014 0.0 -6.78125
-1.7521066820809137 0.0 -6.78125
-1.501805727497926 0.0 -6.78125
-1.2515047729149384 0.0 -6.78125
-1.0012038183319507 0.0 -6.78125
-0.750902863748963 0.0 -6.78125
-0.5006019091659754 0.0 -6.78125
-0.2503009545829877 0.0 -6.78125
0.0 0.0 -6.78125
0.2503009545829877 0.0 -6.78125
0.5006019091659754 0.0 -6.78125
0.750902863748963 0.0 -6.78125
1.0012038183319507 0.0 -6.78125
1.2515047729149384 0.0 -6.78125
1.501805727497926 0.0 -6.78125
1.7521066820809137 0.0 -6.78125
2.0024076366639014 0.0 -6.78125
-1.994570394705921 0.17698950232309665 -6.78125
-1.745249095367681 0.1966396383089515 -6.78125
-1.4959277960294408 0.21220295863413416 -6.78125
-1.2466064966912007 0.22453090840459314 -6.78125
-0.9972851973529605 0.23413510390800116 -6.78125
-0.7479638980147204 0.24134094101941378 -6.78125
-0.49864259867648025 0.2463589609073897 -6.78125
-0.24932129933824013 0.24932129933824013 -6.78125
0.0 0.2503009545829877 -6.78125
0.24932129933824013 0.24932129933824013 -6.78125
0.49864259867648025 0.2463589609073897 -6.78125
0.7479638980147204 0.24134094101941378 -6.78125
0.9972851973529605 0.23413510390800116 -6.78125
1.2466064966912007 0.22453090840459314 -6.78125
1.4959277960294408 0.21220295863413416 -6.78125
1.745249095367681 0.1966396383089515 -6.78125
1.994570394705921 0.17698950232309665 -6.78125
-1.9708716872591177 0.3539790046461933 -6.78125
-1.7245127263517281 0.393279276617903 -6.78125
-1.4781537654443384 0.4244059172682683 -6.78125
-1.2317948045369485 0.4490618168091863 -6.78125
-0.9854358436295588 0.4682702078160023 -6.78125
-0.7390768827221692 0.48268188203882756 -6.78125
-0.4927179218147794 0.4927179218147794 -6.78125
-0.2463589609073897 0.49864259867648025 -6.78125
0.0 0.5006019091659754 -6.78125
0.2463589609073897 0.49864259867648025 -6.78125
0.4927179218147794 0.4927179218147794 -6.78125
0.7390768827221692 0.48268188203882756 -6.78125
0.9854358436295588 0.4682702078160023 -6.78125
1.2317948045369485 0.4490618168091863 -6.78125
1.4781537654443384 0.4244059172682683 -6.78125
1.7245127263517281 0.393279276617903 -6.78125
1.9708716872591177 0.3539790046461933 -6.78125
-1.9307275281553102 0.53096850696929 -6.78125
-1.6893865871358962 0.5899189149268546 -6.78125
-1.4480456461164826 0.6366088759024024 -6.78125
-1.206704705097069 0.6735927252137794 -6.78125
-0.9653637640776551 0.7024053117240036 -6.78125
-0.7240228230582413 0.7240228230582413 -6.78125
-0.48268188203882756 0.7390768827221692 -6.78125
-0.24134094101941378 0.7479638980147204 -6.78125
0.0 0.750902863748963 -6.78125
0.24134094101941378 0.7479638980147204 -6.78125
0.48268188203882756 0.7390768827221692 -6.78125
0.7240228230582413 0.7240228230582413 -6.78125
0.9653637640776551 0.7024053117240036 -6.78125
1.206704705097069 0.6735927252137794 -6.78125
1.4480456461164826 0.6366088759024024 -6.78125
1.6893865871358962 0.5899189149268546 -6.78125
1.9307275281553102 0.53096850696929 -6.78125
-1.8730808312640093 0.7079580092923866 -6.78125
-1.6389457273560082 0.786558553235806 -6.78125
-1.4048106234480071 0.8488118345365366 -6.78125
-1.1706755195400058 0.8981236336183726 -6.78125
-0.9365404156320046 0.9365404156320046 -6.78125
-0.7024053117240036 0.9653637640776551 -6.78125
-0.4682702078160023 0.9854358436295588 -6.78125
-0.23413510390800116 0.9972851973529605 -6.78125
0.0 1.0012038183319507 -6.78125
0.23413510390800116 0.9972851973529605 -6.78125
0.4682702078160023 0.9854358436295588 -6.78125
0.7024053117240036 0.9653637640776551 -6.78125
0.9365404156320046 0.9365404156320046 -6.78125
1.1706755195400058 0.8981236336183726 -6.78125
1.4048106234480071 0.8488118345365366 -6.78125
1.6389457273560082 0.786558553235806 -6.78125
1.8730808312640093 0.7079580092923866 -6.78125
-1.796247267236745 0.8849475116154832 -6.78125
-1.571716358832152 0.9831981915447575 -6.78125
-1.3471854504275589 1.0610147931706708 -6.78125
-1.1226545420229657 1.1226545420229657 -6.78125
-0.8981236336183726 1.1706755195400058 -6.78125
-0.6735927252137794 1.206704705097069 -6.78125
-0.4490618168091863 1.2317948045369485 -6.78125
-0.22453090840459314 1.2466064966912007 -6.78125
0.0 1.2515047729149384 -6.78125
0.22453090840459314 1.2466064966912007 -6.78125
0.4490618168091863 1.2317948045369485 -6.78125
0.6735927252137794 1.206704705097069 -6.78125
0.8981236336183726 1.1706755195400058 -6.78125
1.1226545420229657 1.1226545420229657 -6.78125
1.3471854504275589 1.0610147931706708 -6.78125
1.571716358832152 0.9831981915447575 -6.78125
1.796247267236745 0.8849475116154832 -6.78125
-1.6976236690730733 1.06193701393858 -6.78125
-1.4854207104389392 1.179837829853709 -6.78125
-1.273217751804805 1.273217751804805 -6.78125
-1.0610147931706708 1.3471854504275589 -6.78125
-0.8488118345365366 1.4048106234480071 -6.78125
-0.6366088759024024 1.4480456461164826 -6.78125
-0.4244059172682683 1.4781537654443384 -6.78125
-0.21220295863413416 1.4959277960294408 -6.78125
0.0 1.501805727497926 -6.78125
0.21220295863413416 1.4959277960294408 -6.78125
0.4244059172682683 1.4781537654443384 -6.78125
0.6366088759024024 1.4480456461164826 -6.78125
0.8488118345365366 1.4048106234480071 -6.78125
1.0610147931706708 1.3471854504275589 -6.78125
1.273217751804805 1.273217751804805 -6.78125
1.4854207104389392 1.179837829853709 -6.78125
1.6976236690730733 1.06193701393858 -6.78125
-1.573117106471612 1.2389265162616765 -6.78125
-1.3764774681626604 1.3764774681626604 -6.78125
-1.179837829853709 1.4854207104389392 -6.78125
-0.9831981915447575 1.571716358832152 -6.78125
-0.786558553235806 1.6389457273560082 -6.78125
-0.5899189149268546 1.6893865871358962 -6.78125
-0.393279276617903 1.7245127263517281 -6.78125
-0.1966396383089515 1.745249095367681 -6.78125
0.0 1.7521066820809137 -6.78125
0.1966396383089515 1.745249095367681 -6.78125
0.393279276617903 1.7245127263517281 -6.78125
0.5899189149268546 1.6893865871358962 -6.78125
0.786558553235806 1.6389457273560082 -6.78125
0.9831981915447575 1.571716358832152 -6.78125
1.179837829853709 1.4854207104389392 -6.78125
1.3764774681626604 1.3764774681626604 -6.78125
1.573117106471612 1.2389265162616765 -6.78125
-1.4159160185847732 1.4159160185847732 -6.78125
-1.2389265162616765 1.573117106471612 -6.78125
-1.06193701393858 1.6976236690730733 -6.78125
-0.8849475116154832 1.796247267236745 -6.78125
-0.7079580092923866 1.8730808312640093 -6.78125
-0.53096850696929 1.9307275281553102 -6.78125
-0.3539790046461933 1.9708716872591177 -6.78125
-0.17698950232309665 1.994570394705921 -6.78125
0.0 2.0024076366639014 -6.78125
0.17698950232309665 1.994570394705921 -6.78125
0.3539790046461933 1.9708716872591177 -6.78125
0.53096850696929 1.9307275281553102 -6.78125
0.7079580092923866 1.8730808312640093 -6.78125
0.8849475116154832 1.796247267236745 -6.78125
1.06193701393858 1.6976236690730733 -6.78125
1.2389265162616765 1.573117106471612 -6.78125
1.4159160185847732 1.4159160185847732 -6.78125
-1.421006991635832 -1.421006991635832 -6.5625
-1.243381117681353 -1.5787733012530027 -6.5625
-1.065755243726874 -1.7037275313337241 -6.5625
-0.888129369772395 -1.8027057339187456 -6.5625
-0.710503495817916 -1.879815555576226 -6.5625
-0.532877621863437 -1.9376695230799814 -6.5625
-0.355251747908958 -1.977958021840571 -6.5625
-0.177625873954479 -2.0017419387767603 -6.5625
0.0 -2.009607359798385 -6.5625
0.177625873954479 -2.0017419387767603 -6.5625
0.355251747908958 -1.977958021840571 -6.5625
0.532877621863437 -1.9376695230799814 -6.5625
0.710503495817916 -1.879815555576226 -6.5625
0.888129369772395 -1.8027057339187456 -6.5625
1.065755243726874 -1.7037275313337241 -6.5625
1.243381117681353 -1.5787733012530027 -6.5625
1.421006991635832 -1.421006991635832 -6.5625
-1.5787733012530027 -1.243381117681353 -6.5625
-1.3814266385963774 -1.3814266385963774 -6.5625
-1.184079975939752 -1.4907615899170088 -6.5625
-0.9867333132831266 -1.5773675171789023 -6.5625
-0.7893866506265014 -1.6448386111291977 -6.5625
-0.592039987969876 -1.6954608326949836 -6.5625
-0.3946933253132507 -1.7307132691104998 -6.5625
-0.19734666265662534 -1.751524196429665 -6.5625
0.0 -1.7584064398235868 -6.5625
0.19734666265662534 -1.751524196429665 -6.5625
0.3946933253132507 -1.7307132691104998 -6.5625
0.592039987969876 -1.6954608326949836 -6.5625
0.7893866506265014 -1.6448386111291977 -6.5625
0.9867333132831266 -1.5773675171789023 -6.5625
1.184079975939752 -1.4907615899170088 -6.5625
1.3814266385963774 -1.3814266385963774 -6.5625
1.5787733012530027 -1.243381117681353 -6.5625
-1.7037275313337241 -1.065755243726874 -6.5625
-1.4907615899170088 -1.184079975939752 -6.5625
-1.277795648500293 -1.277795648500293 -6.5625
-1.0648297070835777 -1.3520293004390591 -6.5625
-0.8518637656668621 -1.4098616666821695 -6.5625
-0.6388978242501465 -1.453252142309986 -6.5625
-0.42593188283343103 -1.4834685163804284 -6.5625
-0.21296594141671552 -1.50130645408257 -6.5625
0.0 -1.5072055198487886 -6.5625
0.21296594141671552 -1.50130645408257 -6.5625
0.42593188283343103 -1.4834685163804284 -6.5625
0.6388978242501465 -1.453252142309986 -6.5625
0.8518637656668621 -1.4098616666821695 -6.5625
1.0648297070835777 -1.3520293004390591 -6.5625
1.277795648500293 -1.277795648500293 -6.5625
1.4907615899170088 -1.184079975939752 -6.5625
1.7037275313337241 -1.065755243726874 -6.5625
-1.8027057339187456 -0.888129369772395 -6.5625
-1.5773675171789023 -0.9867333132831266 -6.5625
-1.3520293004390591 -1.0648297070835777 -6.5625
-1.126691083699216 -1.126691083699216 -6.5625
-0.9013528669593728 -1.1748847222351413 -6.5625
-0.6760146502195296 -1.2110434519249884 -6.5625
-0.4506764334796864 -1.2362237636503568 -6.5625
-0.2253382167398432 -1.2510887117354752 -6.5625
0.0 -1.2560045998739904 -6.5625
0.2253382167398432 -1.2510887117354752 -6.5625
0.4506764334796864 -1.2362237636503568 -6.5625
0.6760146502195296 -1.2110434519249884 -6.5625
0.9013528669593728 -1.1748847222351413 -6.5625
1.126691083699216 -1.126691083699216 -6.5625
1.3520293004390591 -1.0648297070835777 -6.5625
1.5773675171789023 -0.9867333132831266 -6.5625
1.8027057339187456 -0.888129369772395 -6.5625
-1.879815555576226 -0.710503495817916 -6.5625
-1.6448386111291977 -0.7893866506265014 -6.5625
-1.4098616666821695 -0.8518637656668621 -6.5625
-1.1748847222351413 -0.9013528669593728 -6.5625
-0.939907777788113 -0.939907777788113 -6.5625
-0.7049308333410848 -0.9688347615399907 -6.5625
-0.4699538888940565 -0.9889790109202855 -6.5625
-0.23497694444702824 -1.0008709693883802 -6.5625
0.0 -1.0048036798991924 -6.5625
0.23497694444702824 -1.0008709693883802 -6.5625
0.4699538888940565 -0.9889790109202855 -6.5625
0.7049308333410848 -0.9688347615399907 -6.5625
0.939907777788113 -0.939907777788113 -6.5625
1.1748847222351413 -0.9013528669593728 -6.5625
1.4098616666821695 -0.8518637656668621 -6.5625
1.6448386111291977 -0.7893866506265014 -6.5625
1.879815555576226 -0.710503495817916 -6.5625
-1.9376695230799814 -0.532877621863437 -6.5625
-1.6954608326949836 -0.592039987969876 -6.5625
-1.453252142309986 -0.6388978242501465 -6.5625
-1.2110434519249884 -0.6760146502195296 -6.5625
-0.9688347615399907 -0.7049308333410848 -6.5625
-0.726626071154993 -0.726626071154993 -6.5625
-0.48441738076999535 -0.7417342581902142 -6.5625
-0.24220869038499768 -0.750653227041285 -6.5625
0.0 -0.7536027599243943 -6.5625
0.24220869038499768 -0.750653227041285 -6.5625
0.48441738076999535 -0.7417342581902142 -6.5625
0.726626071154993 -0.726626071154993 -6.5625
0.9688347615399907 -0.7049308333410848 -6.5625
1.2110434519249884 -0.6760146502195296 -6.5625
1.453252142309986 -0.6388978242501465 -6.5625
1.6954608326949836 -0.592039987969876 -6.5625
1.9376695230799814 -0.532877621863437 -6.5625
-1.977958021840571 -0.355251747908958 -6.5625
-1.7307132691104998 -0.3946933253132507 -6.5625
-1.4834685163804284 -0.42593188283343103 -6.5625
-1.2362237636503568 -0.4506764334796864 -6.5625
-0.9889790109202855 -0.4699538888940565 -6.5625
-0.7417342581902142 -0.48441738076999535 -6.5625
-0.49448950546014275 -0.49448950546014275 -6.5625
-0.24724475273007138 -0.5004354846941901 -6.5625
0.0 -0.5024018399495962 -6.5625
0.24724475273007138 -0.5004354846941901 -6.5625
0.49448950546014275 -0.49448950546014275 -6.5625
0.7417342581902142 -0.48441738076999535 -6.5625
0.9889790109202855 -0.4699538888940565 -6.5625
1.2362237636503568 -0.4506764334796864 -6.5625
1.4834685163804284 -0.42593188283343103 -6.5625
1.7307132691104998 -0.3946933253132507 -6.5625
1.977958021840571 -0.355251747908958 -6.5625
-2.0017419387767603 -0.177625873954479 -6.5625
-1.751524196429665 -0.19734666265662534 -6.5625
-1.50130645408257 -0.21296594141671552 -6.5625
-1.2510887117354752 -0.2253382167398432 -6.5625
-1.0008709693883802 -0.23497694444702824 -6.5625
-0.750653227041285 -0.24220869038499768 -6.5625
-0.5004354846941901 -0.24724475273007138 -6.5625
-0.25021774234709504 -0.25021774234709504 -6.5625
0.0 -0.2512009199747981 -6.5625
0.25021774234709504 -0.25021774234709504 -6.5625
0.5004354846941901 -0.24724475273007138 -6.5625
0.750653227041285 -0.24220869038499768 -6.5625
1.0008709693883802 -0.23497694444702824 -6.5625
1.2510887117354752 -0.2253382167398432 -6.5625
1.50130645408257 -0.21296594141671552 -6.5625
1.751524196429665 -0.19734666265662534 -6.5625
2.0017419387767603 -0.177625873954479 -6.5625
-2.009607359798385 0.0 -6.5625
-1.7584064398235868 0.0 -6.5625
-1.5072055198487886 0.0 -6.5625
-1.2560045998739904 0.0 -6.5625
-1.0048036798991924 0.0 -6.5625
-0.7536027599243943 0.0 -6.5625
-0.5024018399495962 0.0 -6.5625
-0.2512009199747981 0.0 -6.5625
0.0 0.0 -6.5625
0.2512009199747981 0.0 -6.5625
0.5024018399495962 0.0 -6.5625
0.7536027599243943 0.0 -6.5625
1.0048036798991924 0.0 -6.5625
1.2560045998739904 0.0 -6.5625
1.5072055198487886 0.0 -6.5625
1.7584064398235868 0.0 -6.5625
2.009607359798385 0.0 -6.5625
-2.0017419387767603 0.177625873954479 -6.5625
-1.751524196429665 0.19734666265662534 -6.5625
-1.50130645408257 0.21296594141671552 -6.5625
-1.2510887117354752 0.2253382167398432 -6.5625
-1.0008709693883802 0.23497694444702824 -6.5625
-0.750653227041285 0.24220869038499768 -6.5625
-0.5004354846941901 0.24724475273007138 -6.5625
-0.25021774234709504 0.25021774234709504 -6.5625
0.0 0.2512009199747981 -6.5625
0.25021774234709504 0.25021774234709504 -6.5625
0.5004354846941901 0.24724475273007138 -6.5625
0.750653227041285 0.24220869038499768 -6.5625
1.0008709693883802 0.23497694444702824 -6.5625
1.2510887117354752 0.2253382167398432 -6.5625
1.50130645408257 0.21296594141671552 -6.5625
1.751524196429665 0.19734666265662534 -6.5625
2.0017419387767603 0.177625873954479 -6.5625
-1.977958021840571 0.355251747908958 -6.5625
-1.7307132691104998 0.3946933253132507 -6.5625
-1.4834685163804284 0.42593188283343103 -6.5625
-1.2362237636503568 0.4506764334796864 -6.5625
-0.9889790109202855 0.4699538888940565 -6.5625
-0.7417342581902142 0.48441738076999535 -6.5625
-0.49448950546014275 0.49448950546014275 -6.5625
-0.24724475273007138 0.5004354846941901 -6.5625
0.0 0.5024018399495962 -6.5625
0.24724475273007138 0.5004354846941901 -6.5625
0.49448950546014275 0.49448950546014275 -6.5625
0.7417342581902142 0.48441738076999535 -6.5625
0.9889790109202855 0.4699538888940565 -6.5625
1.2362237636503568 0.4506764334796864 -6.5625
1.4834685163804284 0.42593188283343103 -6.5625
1.7307132691104998 0.3946933253132507 -6.5625
1.977958021840571 0.355251747908958 -6.5625
-1.9376695230799814 0.532877621863437 -6.5625
-1.6954608326949836 0.592039987969876 -6.5625
-1.453252142309986 0.6388978242501465 -6.5625
-1.2110434519249884 0.6760146502195296 -6.5625
-0.9688347615399907 0.7049308333410848 -6.5625
-0.726626071154993 0.726626071154993 -6.5625
-0.48441738076999535 0.7417342581902142 -6.5625
-0.24220869038499768 0.750653227041285 -6.5625
0.0 0.7536027599243943 -6.5625
0.24220869038499768 0.750653227041285 -6.5625
0.48441738076999535 0.7417342581902142 -6.5625
0.726626071154993 0.726626071154993 -6.5625
0.9688347615399907 0.7049308333410848 -6.5625
1.2110434519249884 0.6760146502195296 -6.5625
1.453252142309986 0.6388978242501465 -6.5625
1.6954608326949836 0.592039987969876 -6.5625
1.9376695230799814 0.532877621863437 -6.5625
-1.879815555576226 0.710503495817916 -6.5625
-1.6448386111291977 0.7893866506265014 -6.5625
-1.4098616666821695 0.8518637656668621 -6.5625
-1.1748847222351413 0.9013528669593728 -6.5625
-0.939907777788113 0.939907777788113 -6.5625
-0.7049308333410848 0.9688347615399907 -6.5625
-0.4699538888940565 0.9889790109202855 -6.5625
-0.23497694444702824 1.0008709693883802 -6.5625
0.0 1.0048036798991924 -6.5625
0.23497694444702824 1.0008709693883802 -6.5625
0.4699538888940565 0.9889790109202855 -6.5625
0.7049308333410848 0.9688347615399907 -6.5625
0.939907777788113 0.939907777788113 -6.5625
1.1748847222351413 0.9013528669593728 -6.5625
1.4098616666821695 0.8518637656668621 -6.5625
1.6448386111291977 0.7893866506265014 -6.5625
1.879815555576226 0.710503495817916 -6.5625
-1.8027057339187456 0.888129369772395 -6.5625
-1.5773675171789023 0.9867333132831266 -6.5625
-1.3520293004390591 1.0648297070835777 -6.5625
-1.126691083699216 1.126691083699216 -6.5625
-0.9013528669593728 1.1748847222351413 -6.5625
-0.6760146502195296 1.2110434519249884 -6.5625
-0.4506764334796864 1.2362237636503568 -6.5625
-0.2253382167398432 1.2510887117354752 -6.5625
0.0 1.2560045998739904 -6.5625
0.2253382167398432 1.2510887117354752 -6.5625
0.4506764334796864 1.2362237636503568 -6.5625
0.6760146502195296 1.2110434519249884 -6.5625
0.9013528669593728 1.1748847222351413 -6.5625
1.126691083699216 1.126691083699216 -6.5625
1.3520293004390591 1.0648297070835777 -6.5625
1.5773675171789023 0.9867333132831266 -6.5625
1.8027057339187456 0.888129369772395 -6.5625
-1.7037275313337241 1.065755243726874 -6.5625
-1.4907615899170088 1.184079975939752 -6.5625
-1.277795648500293 1.277795648500293 -6.5625
-1.0648297070835777 1.3520293004390591 -6.5625
-0.8518637656668621 1.4098616666821695 -6.5625
-0.6388978242501465 1.453252142309986 -6.5625
-0.42593188283343103 1.4834685163804284 -6.5625
-0.21296594141671552 1.50130645408257 -6.5625
0.0 1.5072055198487886 -6.5625
0.21296594141671552 1.50130645408257 -6.5625
0.42593188283343103 1.4834685163804284 -6.5625
0.6388978242501465 1.453252142309986 -6.5625
0.8518637656668621 1.4098616666821695 -6.5625
1.0648297070835777 1.3520293004390591 -6.5625
1.277795648500293 1.277795648500293 -6.5625
1.4907615899170088 1.184079975939752 -6.5625
1.7037275313337241 1.065755243726874 -6.5625
-1.5787733012530027 1.243381117681353 -6.5625
-1.3814266385963774 1.3814266385963774 -6.5625
-1.184079975939752 1.4907615899170088 -6.5625
-0.9867333132831266 1.5773675171789023 -6.5625
-0.7893866506265014 1.6448386111291977 -6.5625
-0.592039987969876 1.6954608326949836 -6.5625
-0.3946933253132507 1.7307132691104998 -6.5625
-0.19734666265662534 1.751524196429665 -6.5625
0.0 1.7584064398235868 -6.5625
0.19734666265662534 1.751524196429665 -6.5625
0.3946933253132507 1.7307132691104998 -6.5625
0.592039987969876 1.6954608326949836 -6.5625
0.7893866506265014 1.6448386111291977 -6.5625
0.9867333132831266 1.5773675171789023 -6.5625
1.184079975939752 1.4907615899170088 -6.5625
1.3814266385963774 1.3814266385963774 -6.5625
1.5787733012530027 1.243381117681353 -6.5625
-1.421006991635832 1.421006991635832 -6.5625
-1.243381117681353 1.5787733012530027 -6.5625
-1.065755243726874 1.7037275313337241 -6.5625
-0.888129369772395 1.8027057339187456 -6.5625
-0.710503495817916 1.879815555576226 -6.5625
-0.532877621863437 1.9376695230799814 -6.5625
-0.355251747908958 1.977958021840571 -6.5625
-0.177625873954479 2.0017419387767603 -6.5625
0.0 2.009607359798385 -6.5625
0.177625873954479 2.0017419387767603 -6.5625
0.355251747908958 1.977958021840571 -6.5625
0.532877621863437 1.9376695230799814 -6.5625
0.710503495817916 1.879815555576226 -6.5625
0.888129369772395 1.8027057339187456 -6.5625
1.065755243726874 1.7037275313337241 -6.5625
1.243381117681353 1.5787733012530027 -6.5625
1.421006991635832 1.421006991635832 -6.5625
-1.4294374526727809 -1.4294374526727809 -6.34375
-1.2507577710886832 -1.5881397483435034 -6.34375
-1.0720780895045856 -1.7138352990329888 -6.34375
-0.893398407920488 -1.8134007132822116 -6.34375
-0.7147187263363904 -1.890968007246919 -6.34375
-0.5360390447522928 -1.9491652071356973 -6.34375
-0.3573593631681952 -1.9896927269715088 -6.34375
-0.1786796815840976 -2.0136177476364034 -6.34375
0.0 -2.0215298321338957 -6.34375
0.1786796815840976 -2.0136177476364034 -6.34375
0.3573593631681952 -1.9896927269715088 -6.34375
0.5360390447522928 -1.9491652071356973 -6.34375
0.7147187263363904 -1.890968007246919 -6.34375
0.893398407920488 -1.8134007132822116 -6.34375
1.0720780895045856 -1.7138352990329888 -6.34375
1.2507577710886832 -1.5881397483435034 -6.34375
1.4294374526727809 -1.4294374526727809 -6.34375
-1.5881397483435034 -1.2507577710886832 -6.34375
-1.3896222798005653 -1.3896222798005653 -6.34375
-1.1911048112576275 -1.4996058866538653 -6.34375
-0.9925873427146895 -1.5867256241219352 -6.34375
-0.7940698741717517 -1.6545970063410542 -6.34375
-0.5955524056288137 -1.705519556243735 -6.34375
-0.39703493708587584 -1.7409811361000702 -6.34375
-0.19851746854293792 -1.761915529181853 -6.34375
0.0 -1.7688386031171588 -6.34375
0.19851746854293792 -1.761915529181853 -6.34375
0.39703493708587584 -1.7409811361000702 -6.34375
0.5955524056288137 -1.705519556243735 -6.34375
0.7940698741717517 -1.6545970063410542 -6.34375
0.9925873427146895 -1.5867256241219352 -6.34375
1.1911048112576275 -1.4996058866538653 -6.34375
1.3896222798005653 -1.3896222798005653 -6.34375
1.5881397483435034 -1.2507577710886832 -6.34375
-1.7138352990329888 -1.0720780895045856 -6.34375
-1.4996058866538653 -1.1911048112576275 -6.34375
-1.2853764742747416 -1.2853764742747416 -6.34375
-1.071147061895618 -1.3600505349616587 -6.34375
-0.8569176495164944 -1.4182260054351894 -6.34375
-0.6426882371373708 -1.461873905351773 -6.34375
-0.4284588247582472 -1.4922695452286316 -6.34375
-0.2142294123791236 -1.5102133107273024 -6.34375
0.0 -1.5161473741004219 -6.34375
0.2142294123791236 -1.5102133107273024 -6.34375
0.4284588247582472 -1.4922695452286316 -6.34375
0.6426882371373708 -1.461873905351773 -6.34375
0.8569176495164944 -1.4182260054351894 -6.34375
1.071147061895618 -1.3600505349616587 -6.34375
1.2853764742747416 -1.2853764742747416 -6.34375
1.4996058866538653 -1.1911048112576275 -6.34375
1.7138352990329888 -1.0720780895045856 -6.34375
-1.8134007132822116 -0.893398407920488 -6.34375
-1.5867256241219352 -0.9925873427146895 -6.34375
-1.3600505349616587 -1.071147061895618 -6.34375
-1.133375445801382 -1.133375445801382 -6.34375
-0.9067003566411058 -1.1818550045293246 -6.34375
-0.6800252674808294 -1.2182282544598109 -6.34375
-0.4533501783205529 -1.2435579543571929 -6.34375
-0.22667508916027646 -1.2585110922727523 -6.34375
0.0 -1.2634561450836848 -6.34375
0.22667508916027646 -1.2585110922727523 -6.34375
0.4533501783205529 -1.2435579543571929 -6.34375
0.6800252674808294 -1.2182282544598109 -6.34375
0.9067003566411058 -1.1818550045293246 -6.34375
1.133375445801382 -1.133375445801382 -6.34375
1.3600505349616587 -1.071147061895618 -6.34375
1.5867256241219352 -0.9925873427146895 -6.34375
1.8134007132822116 -0.893398407920488 -6.34375
-1.890968007246919 -0.7147187263363904 -6.34375
-1.6545970063410542 -0.7940698741717517 -6.34375
-1.4182260054351894 -0.8569176495164944 -6.34375
-1.1818550045293246 -0.9067003566411058 -6.34375
-0.9454840036234595 -0.9454840036234595 -6.34375
-0.7091130027175947 -0.9745826035678486 -6.34375
-0.47274200181172976 -0.9948463634857544 -6.34375
-0.23637100090586488 -1.0068088738182017 -6.34375
0.0 -1.0107649160669478 -6.34375
0.23637100090586488 -1.0068088738182017 -6.34375
0.47274200181172976 -0.9948463634857544 -6.34375
0.7091130027175947 -0.9745826035678486 -6.34375
0.9454840036234595 -0.9454840036234595 -6.34375
1.1818550045293246 -0.9067003566411058 -6.34375
1.4182260054351894 -0.8569176495164944 -6.34375
1.6545970063410542 -0.7940698741717517 -6.34375
1.890968007246919 -0.7147187263363904 -6.34375
-1.9491652071356973 -0.5360390447522928 -6.34375
-1.705519556243735 -0.5955524056288137 -6.34375
-1.461873905351773 -0.6426882371373708 -6.34375
-1.2182282544598109 -0.6800252674808294 -6.34375
-0.9745826035678486 -0.7091130027175947 -6.34375
-0.7309369526758865 -0.7309369526758865 -6.34375
-0.4872913017839243 -0.7461347726143158 -6.34375
-0.24364565089196216 -0.7551066553636512 -6.34375
0.0 -0.7580736870502109 -6.34375
0.24364565089196216 -0.7551066553636512 -6.34375
0.4872913017839243 -0.7461347726143158 -6.34375
0.7309369526758865 -0.7309369526758865 -6.34375
0.9745826035678486 -0.7091130027175947 -6.34375
1.2182282544598109 -0.6800252674808294 -6.34375
1.461873905351773 -0.6426882371373708 -6.34375
1.705519556243735 -0.5955524056288137 -6.34375
1.9491652071356973 -0.5360390447522928 -6.34375
-1.9896927269715088 -0.3573593631681952 -6.34375
-1.7409811361000702 -0.39703493708587584 -6.34375
-1.4922695452286316 -0.4284588247582472 -6.34375
-1.2435579543571929 -0.4533501783205529 -6.34375
-0.9948463634857544 -0.47274200181172976 -6.34375
-0.7461347726143158 -0.4872913017839243 -6.34375
-0.4974231817428772 -0.4974231817428772 -6.34375
-0.2487115908714386 -0.5034044369091009 -6.34375
0.0 -0.5053824580334739 -6.34375
0.2487115908714386 -0.5034044369091009 -6.34375
0.4974231817428772 -0.4974231817428772 -6.34375
0.7461347726143158 -0.4872913017839243 -6.34375
0.9948463634857544 -0.47274200181172976 -6.34375
1.2435579543571929 -0.4533501783205529 -6.34375
1.4922695452286316 -0.4284588247582472 -6.34375
1.7409811361000702 -0.39703493708587584 -6.34375
1.9896927269715088 -0.3573593631681952 -6.34375
-2.0136177476364034 -0.1786796815840976 -6.34375
-1.761915529181853 -0.19851746854293792 -6.34375
-1.5102133107273024 -0.2142294123791236 -6.34375
-1.2585110922727523 -0.22667508916027646 -6.34375
-1.0068088738182017 -0.23637100090586488 -6.34375
-0.7551066553636512 -0.24364565089196216 -6.34375
-0.5034044369091009 -0.2487115908714386 -6.34375
-0.25170221845455043 -0.25170221845455043 -6.34375
0.0 -0.25269122901673696 -6.34375
0.25170221845455043 -0.25170221845455043 -6.34375
0.5034044369091009 -0.2487115908714386 -6.34375
0.7551066553636512 -0.24364565089196216 -6.34375
1.0068088738182017 -0.23637100090586488 -6.34375
1.2585110922727523 -0.22667508916027646 -6.34375
1.5102133107273024 -0.2142294123791236 -6.34375
1.761915529181853 -0.19851746854293792 -6.34375
2.0136177476364034 -0.1786796815840976 -6.34375
-2.0215298321338957 0.0 -6.34375
-1.7688386031171588 0.0 -6.34375
-1.5161473741004219 0.0 -6.34375
-1.2634561450836848 0.0 -6.34375
-1.0107649160669478 0.0 -6.34375
-0.7580736870502109 0.0 -6.34375
-0.5053824580334739 0.0 -6.34375
-0.25269122901673696 0.0 -6.34375
0.0 0.0 -6.34375
0.25269122901673696 0.0 -6.34375
0.5053824580334739 0.0 -6.34375
0.7580736870502109 0.0 -6.34375
1.0107649160669478 0.0 -6.34375
1.2634561450836848 0.0 -6.34375
1.5161473741004219 0.0 -6.34375
1.7688386031171588 0.0 -6.34375
2.0215298321338957 0.0 -6.34375
-2.0136177476364034 0.1786796815840976 -6.34375
-1.761915529181853 0.19851746854293792 -6.34375
-1.5102133107273024 0.2142294123791236 -6.34375
-1.2585110922727523 0.22667508916027646 -6.34375
-1.0068088738182017 0.23637100090586488 -6.34375
-0.7551066553636512 0.24364565089196216 -6.34375
-0.5034044369091009 0.2487115908714386 -6.34375
-0.25170221845455043 0.25170221845455043 -6.34375
0.0 0.25269122901673696 -6.34375
0.25170221845455043 0.25170221845455043 -6.34375
0.5034044369091009 0.2487115908714386 -6.34375
0.7551066553636512 0.24364565089196216 -6.34375
1.0068088738182017 0.23637100090586488 -6.34375
1.2585110922727523 0.22667508916027646 -6.34375
1.5102133107273024 0.2142294123791236 -6.34375
1.761915529181853 0.19851746854293792 -6.34375
2.0136177476364034 0.1786796815840976 -6.34375
-1.9896927269715088 0.3573593631681952 -6.34375
-1.7409811361000702 0.39703493708587584 -6.34375
-1.4922695452286316 0.4284588247582472 -6.34375
-1.2435579543571929 0.4533501783205529 -6.34375
-0.9948463634857544 0.47274200181172976 -6.34375
-0.7461347726143158 0.4872913017839243 -6.34375
-0.4974231817428772 0.4974231817428772 -6.34375
-0.2487115908714386 0.5034044369091009 -6.34375
0.0 0.5053824580334739 -6.34375
0.2487115908714386 0.5034044369091009 -6.34375
0.4974231817428772 0.4974231817428772 -6.34375
0.7461347726143158 0.4872913017839243 -6.34375
0.9948463634857544 0.47274200181172976 -6.34375
1.2435579543571929 0.4533501783205529 -6.34375
1.4922695452286316 0.4284588247582472 -6.34375
1.7409811361000702 0.39703493708587584 -6.34375
1.9896927269715088 0.3573593631681952 -6.34375
-1.9491652071356973 0.5360390447522928 -6.34375
-1.705519556243735 0.5955524056288137 -6.34375
-1.461873905351773 0.6426882371373708 -6.34375
-1.2182282544598109 0.6800252674808294 -6.34375
-0.9745826035678486 0.7091130027175947 -6.34375
-0.7309369526758865 0.7309369526758865 -6.34375
-0.4872913017839243 0.7461347726143158 -6.34375
-0.24364565089196216 0.7551066553636512 -6.34375
0.0 0.7580736870502109 -6.34375
0.24364565089196216 0.7551066553636512 -6.34375
0.4872913017839243 0.7461347726143158 -6.34375
0.7309369526758865 0.7309369526758865 -6.34375
0.9745826035678486 0.7091130027175947 -6.34375
1.2182282544598109 0.6800252674808294 -6.34375
1.461873905351773 0.6426882371373708 -6.34375
1.705519556243735 0.5955524056288137 -6.34375
1.9491652071356973 0.5360390447522928 -6.34375
-1.890968007246919 0.7147187263363904 -6.34375
-1.6545970063410542 0.7940698741717517 -6.34375
-1.4182260054351894 0.8569176495164944 -6.34375
-1.1818550045293246 0.9067003566411058 -6.34375
-0.9454840036234595 0.9454840036234595 -6.34375
-0.7091130027175947 0.9745826035678486 -6.34375
-0.47274200181172976 0.9948463634857544 -6.34375
-0.23637100090586488 1.0068088738182017 -6.34375
0.0 1.0107649160669478 -6.34375
0.23637100090586488 1.0068088738182017 -6.34375
0.47274200181172976 0.9948463634857544 -6.34375
0.7091130027175947 0.9745826035678486 -6.34375
0.9454840036234595 0.9454840036234595 -6.34375
1.1818550045293246 0.9067003566411058 -6.34375
1.4182260054351894 0.8569176495164944 -6.34375
1.6545970063410542 0.7940698741717517 -6.34375
1.890968007246919 0.7147187263363904 -6.34375
-1.8134007132822116 0.893398407920488 -6.34375
-1.5867256241219352 0.9925873427146895 -6.34375
-1.3600505349616587 1.071147061895618 -6.34375
-1.133375445801382 1.133375445801382 -6.34375
-0.9067003566411058 1.1818550045293246 -6.34375
-0.6800252674808294 1.2182282544598109 -6.34375
-0.4533501783205529 1.2435579543571929 -6.34375
-0.22667508916027646 1.2585110922727523 -6.34375
0.0 1.2634561450836848 -6.34375
0.22667508916027646 1.2585110922727523 -6.34375
0.4533501783205529 1.2435579543571929 -6.34375
0.6800252674808294 1.2182282544598109 -6.34375
0.9067003566411058 1.1818550045293246 -6.34375
1.133375445801382 1.133375445801382 -6.34375
1.3600505349616587 1.071147061895618 -6.34375
1.5867256241219352 0.9925873427146895 -6.34375
1.8134007132822116 0.893398407920488 -6.34375
-1.7138352990329888 1.0720780895045856 -6.34375
-1.4996058866538653 1.1911048112576275 -6.34375
-1.2853764742747416 1.2853764742747416 -6.34375
-1.071147061895618 1.3600505349616587 -6.34375
-0.8569176495164944 1.4182260054351894 -6.34375
-0.6426882371373708 1.461873905351773 -6.34375
-0.4284588247582472 1.4922695452286316 -6.34375
-0.2142294123791236 1.5102133107273024 -6.34375
0.0 1.5161473741004219 -6.34375
0.2142294123791236 1.5102133107273024 -6.34375
0.4284588247582472 1.4922695452286316 -6.34375
0.6426882371373708 1.461873905351773 -6.34375
0.8569176495164944 1.4182260054351894 -6.34375
1.071147061895618 1.3600505349616587 -6.34375
1.2853764742747416 1.2853764742747416 -6.34375
1.4996058866538653 1.1911048112576275 -6.34375
1.7138352990329888 1.0720780895045856 -6.34375
-1.5881397483435034 1.2507577710886832 -6.34375
-1.3896222798005653 1.3896222798005653 -6.34375
-1.1911048112576275 1.4996058866538653 -6.34375
-0.9925873427146895 1.5867256241219352 -6.34375
-0.7940698741717517 1.6545970063410542 -6.34375
-0.5955524056288137 1.705519556243735 -6.34375
-0.39703493708587584 1.7409811361000702 -6.34375
-0.19851746854293792 1.761915529181853 -6.34375
0.0 1.7688386031171588 -6.34375
0.19851746854293792 1.761915529181853 -6.34375
0.39703493708587584 1.7409811361000702 -6.34375
0.5955524056288137 1.705519556243735 -6.34375
0.7940698741717517 1.6545970063410542 -6.34375
0.9925873427146895 1.5867256241219352 -6.34375
1.1911048112576275 1.4996058866538653 -6.34375
1.3896222798005653 1.3896222798005653 -6.34375
1.5881397483435034 1.2507577710886832 -6.34375
-1.4294374526727809 1.4294374526727809 -6.34375
-1.2507577710886832 1.5881397483435034 -6.34375
-1.0720780895045856 1.7138352990329888 -6.34375
-0.893398407920488 1.8134007132822116 -6.34375
-0.7147187263363904 1.890968007246919 -6.34375
-0.5360390447522928 1.9491652071356973 -6.34375
-0.3573593631681952 1.9896927269715088 -6.34375
-0.1786796815840976 2.0136177476364034 -6.34375
0.0 2.0215298321338957 -6.34375
0.1786796815840976 2.0136177476364034 -6.34375
0.3573593631681952 1.9896927269715088 -6.34375
0.5360390447522928 1.9491652071356973 -6.34375
0.7147187263363904 1.890968007246919 -6.34375
0.893398407920488 1.8134007132822116 -6.34375
1.0720780895045856 1.7138352990329888 -6.34375
1.2507577710886832 1.5881397483435034 -6.34375
1.4294374526727809 1.4294374526727809 -6.34375
-1.4411262117472747 -1.4411262117472747 -6.125
-1.2609854352788652 -1.6011262437374112 -6.125
-1.080844658810456 -1.7278496288424552 -6.125
-0.9007038823420467 -1.8282292068294024 -6.125
-0.7205631058736374 -1.9064307820699493 -6.125
-0.540422329405228 -1.965103870600821 -6.125
-0.3602815529368187 -2.005962791026677 -6.125
-0.18014077646840934 -2.030083450753555 -6.125
0.0 -2.0380602337443565 -6.125
0.18014077646840934 -2.030083450753555 -6.125
0.3602815529368187 -2.005962791026677 -6.125
0.540422329405228 -1.965103870600821 -6.125
0.7205631058736374 -1.9064307820699493 -6.125
0.9007038823420467 -1.8282292068294024 -6.125
1.080844658810456 -1.7278496288424552 -6.125
1.2609854352788652 -1.6011262437374112 -6.125
1.4411262117472747 -1.4411262117472747 -6.125
-1.6011262437374112 -1.2609854352788652 -6.125
-1.4009854632702348 -1.4009854632702348 -6.125
-1.2008446828030586 -1.5118684252371484 -6.125
-1.000703902335882 -1.599700555975727 -6.125
-0.8005631218687056 -1.6681269343112057 -6.125
-0.6004223414015293 -1.7194658867757182 -6.125
-0.4002815609343528 -1.7552174421483424 -6.125
-0.2001407804671764 -1.7763230194093602 -6.125
0.0 -1.783302704526312 -6.125
0.2001407804671764 -1.7763230194093602 -6.125
0.4002815609343528 -1.7552174421483424 -6.125
0.6004223414015293 -1.7194658867757182 -6.125
0.8005631218687056 -1.6681269343112057 -6.125
1.000703902335882 -1.599700555975727 -6.125
1.2008446828030586 -1.5118684252371484 -6.125
1.4009854632702348 -1.4009854632702348 -6.125
1.6011262437374112 -1.2609854352788652 -6.125
-1.7278496288424552 -1.080844658810456 -6.125
-1.5118684252371484 -1.2008446828030586 -6.125
-1.2958872216318413 -1.2958872216318413 -6.125
-1.0799060180265345 -1.3711719051220517 -6.125
-0.8639248144212276 -1.429823086552462 -6.125
-0.6479436108159207 -1.4738279029506158 -6.125
-0.4319624072106138 -1.5044720932700077 -6.125
-0.2159812036053069 -1.5225625880651659 -6.125
0.0 -1.5285451753082673 -6.125
0.2159812036053069 -1.5225625880651659 -6.125
0.4319624072106138 -1.5044720932700077 -6.125
0.6479436108159207 -1.4738279029506158 -6.125
0.8639248144212276 -1.429823086552462 -6.125
1.0799060180265345 -1.3711719051220517 -6.125
1.2958872216318413 -1.2958872216318413 -6.125
1.5118684252371484 -1.2008446828030586 -6.125
1.7278496288424552 -1.080844658810456 -6.125
-1.8282292068294024 -0.9007038823420467 -6.125
-1.599700555975727 -1.000703902335882 -6.125
-1.3711719051220517 -1.0799060180265345 -6.125
-1.1426432542683764 -1.1426432542683764 -6.125
-0.9141146034147012 -1.1915192387937183 -6.125
-0.6855859525610258 -1.2281899191255132 -6.125
-0.4570573017073506 -1.253726744391673 -6.125
-0.2285286508536753 -1.2688021567209717 -6.125
0.0 -1.2737876460902229 -6.125
0.2285286508536753 -1.2688021567209717 -6.125
0.4570573017073506 -1.253726744391673 -6.125
0.6855859525610258 -1.2281899191255132 -6.125
0.9141146034147012 -1.1915192387937183 -6.125
1.1426432542683764 -1.1426432542683764 -6.125
1.3711719051220517 -1.0799060180265345 -6.125
1.599700555975727 -1.000703902335882 -6.125
1.8282292068294024 -0.9007038823420467 -6.125
-1.9064307820699493 -0.7205631058736374 -6.125
-1.6681269343112057 -0.8005631218687056 -6.125
-1.429823086552462 -0.8639248144212276 -6.125
-1.1915192387937183 -0.9141146034147012 -6.125
-0.9532153910349747 -0.9532153910349747 -6.125
-0.714911543276231 -0.9825519353004105 -6.125
-0.47660769551748733 -1.0029813955133384 -6.125
-0.23830384775874366 -1.0150417253767774 -6.125
0.0 -1.0190301168721783 -6.125
0.23830384775874366 -1.0150417253767774 -6.125
0.47660769551748733 -1.0029813955133384 -6.125
0.714911543276231 -0.9825519353004105 -6.125
0.9532153910349747 -0.9532153910349747 -6.125
1.1915192387937183 -0.9141146034147012 -6.125
1.429823086552462 -0.8639248144212276 -6.125
1.6681269343112057 -0.8005631218687056 -6.125
1.9064307820699493 -0.7205631058736374 -6.125
-1.965103870600821 -0.540422329405228 -6.125
-1.7194658867757182 -0.6004223414015293 -6.125
-1.4738279029506158 -0.6479436108159207 -6.125
-1.2281899191255132 -0.6855859525610258 -6.125
-0.9825519353004105 -0.714911543276231 -6.125
-0.7369139514753079 -0.7369139514753079 -6.125
-0.49127596765020526 -0.7522360466350039 -6.125
-0.24563798382510263 -0.7612812940325829 -6.125
0.0 -0.7642725876541336 -6.125
0.24563798382510263 -0.7612812940325829 -6.125
0.49127596765020526 -0.7522360466350039 -6.125
0.7369139514753079 -0.7369139514753079 -6.125
0.9825519353004105 -0.714911543276231 -6.125
1.2281899191255132 -0.6855859525610258 -6.125
1.4738279029506158 -0.6479436108159207 -6.125
1.7194658867757182 -0.6004223414015293 -6.125
1.965103870600821 -0.540422329405228 -6.125
-2.005962791026677 -0.3602815529368187 -6.125
-1.7552174421483424 -0.4002815609343528 -6.125
-1.5044720932700077 -0.4319624072106138 -6.125
-1.253726744391673 -0.4570573017073506 -6.125
-1.0029813955133384 -0.47660769551748733 -6.125
-0.7522360466350039 -0.49127596765020526 -6.125
-0.5014906977566692 -0.5014906977566692 -6.125
-0.2507453488783346 -0.5075208626883887 -6.125
0.0 -0.5095150584360891 -6.125
0.2507453488783346 -0.5075208626883887 -6.125
0.5014906977566692 -0.5014906977566692 -6.125
0.7522360466350039 -0.49127596765020526 -6.125
1.0029813955133384 -0.47660769551748733 -6.125
1.253726744391673 -0.4570573017073506 -6.125
1.5044720932700077 -0.4319624072106138 -6.125
1.7552174421483424 -0.4002815609343528 -6.125
2.005962791026677 -0.3602815529368187 -6.125
-2.030083450753555 -0.18014077646840934 -6.125
-1.7763230194093602 -0.2001407804671764 -6.125
-1.5225625880651659 -0.2159812036053069 -6.125
-1.2688021567209717 -0.2285286508536753 -6.125
-1.0150417253767774 -0.23830384775874366 -6.125
-0.7612812940325829 -0.24563798382510263 -6.125
-0.5075208626883887 -0.2507453488783346 -6.125
-0.25376043134419435 -0.25376043134419435 -6.125
0.0 -0.25475752921804456 -6.125
0.25376043134419435 -0.25376043134419435 -6.125
0.5075208626883887 -0.2507453488783346 -6.125
0.7612812940325829 -0.24563798382510263 -6.125
1.0150417253767774 -0.23830384775874366 -6.125
1.2688021567209717 -0.2285286508536753 -6.125
1.5225625880651659 -0.2159812036053069 -6.125
1.7763230194093602 -0.2001407804671764 -6.125
2.030083450753555 -0.18014077646840934 -6.125
-2.0380602337443565 0.0 -6.125
-1.783302704526312 0.0 -6.125
-1.5285451753082673 0.0 -6.125
-1.2737876460902229 0.0 -6.125
-1.0190301168721783 0.0 -6.125
-0.7642725876541336 0.0 -6.125
-0.5095150584360891 0.0 -6.125
-0.25475752921804456 0.0 -6.125
0.0 0.0 -6.125
0.25475752921804456 0.0 -6.125
0.5095150584360891 0.0 -6.125
0.7642725876541336 0.0 -6.125
1.0190301168721783 0.0 -6.125
1.2737876460902229 0.0 -6.125
1.5285451753082673 0.0 -6.125
1.783302704526312 0.0 -6.125
2.0380602337443565 0.0 -6.125
-2.030083450753555 0.18014077646840934 -6.125
-1.7763230194093602 0.2001407804671764 -6.125
-1.5225625880651659 0.2159812036053069 -6.125
-1.2688021567209717 0.2285286508536753 -6.125
-1.0150417253767774 0.23830384775874366 -6.125
-0.7612812940325829 0.24563798382510263 -6.125
-0.5075208626883887 0.2507453488783346 -6.125
-0.25376043134419435 0.25376043134419435 -6.125
0.0 0.25475752921804456 -6.125
0.25376043134419435 0.25376043134419435 -6.125
0.5075208626883887 0.2507453488783346 -6.125
0.7612812940325829 0.24563798382510263 -6.125
1.0150417253767774 0.23830384775874366 -6.125
1.2688021567209717 0.2285286508536753 -6.125
1.5225625880651659 0.2159812036053069 -6.125
1.7763230194093602 0.2001407804671764 -6.125
2.030083450753555 0.18014077646840934 -6.125
-2.005962791026677 0.3602815529368187 -6.125
-1.7552174421483424 0.4002815609343528 -6.125
-1.5044720932700077 0.4319624072106138 -6.125
-1.253726744391673 0.4570573017073506 -6.125
-1.0029813955133384 0.47660769551748733 -6.125
-0.7522360466350039 0.49127596765020526 -6.125
-0.5014906977566692 0.5014906977566692 -6.125
-0.2507453488783346 0.5075208626883887 -6.125
0.0 0.5095150584360891 -6.125
0.2507453488783346 0.5075208626883887 -6.125
0.5014906977566692 0.5014906977566692 -6.125
0.7522360466350039 0.49127596765020526 -6.125
1.0029813955133384 0.47660769551748733 -6.125
1.253726744391673 0.4570573017073506 -6.125
1.5044720932700077 0.4319624072106138 -6.125
1.7552174421483424 0.4002815609343528 -6.125
2.005962791026677 0.3602815529368187 -6.125
-1.965103870600821 0.540422329405228 -6.125
-1.7194658867757182 0.6004223414015293 -6.125
-1.4738279029506158 0.6479436108159207 -6.125
-1.2281899191255132 0.6855859525610258 -6.125
-0.9825519353004105 0.714911543276231 -6.125
-0.7369139514753079 0.7369139514753079 -6.125
-0.49127596765020526 0.7522360466350039 -6.125
-0.24563798382510263 0.7612812940325829 -6.125
0.0 0.7642725876541336 -6.125
0.24563798382510263 0.7612812940325829 -6.125
0.49127596765020526 0.7522360466350039 -6.125
0.7369139514753079 0.7369139514753079 -6.125
0.9825519353004105 0.714911543276231 -6.125
1.2281899191255132 0.6855859525610258 -6.125
1.4738279029506158 0.6479436108159207 -6.125
1.7194658867757182 0.6004223414015293 -6.125
1.965103870600821 0.540422329405228 -6.125
-1.9064307820699493 0.7205631058736374 -6.125
-1.6681269343112057 0.8005631218687056 -6.125
-1.429823086552462 0.8639248144212276 -6.125
-1.1915192387937183 0.9141146034147012 -6.125
-0.9532153910349747 0.9532153910349747 -6.125
-0.714911543276231 0.9825519353004105 -6.125
-0.47660769551748733 1.0029813955133384 -6.125
-0.23830384775874366 1.0150417253767774 -6.125
0.0 1.0190301168721783 -6.125
0.23830384775874366 1.0150417253767774 -6.125
0.47660769551748733 1.0029813955133384 -6.125
0.714911543276231 0.9825519353004105 -6.125
0.9532153910349747 0.9532153910349747 -6.125
1.1915192387937183 0.9141146034147012 -6.125
1.429823086552462 0.8639248144212276 -6.125
1.6681269343112057 0.8005631218687056 -6.125
1.9064307820699493 0.7205631058736374 -6.125
-1.8282292068294024 0.9007038823420467 -6.125
-1.599700555975727 1.000703902335882 -6.125
-1.3711719051220517 1.0799060180265345 -6.125
-1.1426432542683764 1.1426432542683764 -6.125
-0.9141146034147012 1.1915192387937183 -6.125
-0.6855859525610258 1.2281899191255132 -6.125
-0.4570573017073506 1.253726744391673 -6.125
-0.2285286508536753 1.2688021567209717 -6.125
0.0 1.2737876460902229 -6.125
0.2285286508536753 1.2688021567209717 -6.125
0.4570573017073506 1.253726744391673 -6.125
0.6855859525610258 1.2281899191255132 -6.125
0.9141146034147012 1.1915192387937183 -6.125
1.1426432542683764 1.1426432542683764 -6.125
1.3711719051220517 1.0799060180265345 -6.125
1.599700555975727 1.000703902335882 -6.125
1.8282292068294024 0.9007038823420467 -6.125
-1.7278496288424552 1.080844658810456 -6.125
-1.5118684252371484 1.2008446828030586 -6.125
-1.2958872216318413 1.2958872216318413 -6.125
-1.0799060180265345 1.3711719051220517 -6.125
-0.8639248144212276 1.429823086552462 -6.125
-0.6479436108159207 1.4738279029506158 -6.125
-0.4319624072106138 1.5044720932700077 -6.125
-0.2159812036053069 1.5225625880651659 -6.125
0.0 1.5285451753082673 -6.125
0.2159812036053069 1.5225625880651659 -6.125
0.4319624072106138 1.5044720932700077 -6.125
0.6479436108159207 1.4738279029506158 -6.125
0.8639248144212276 1.429823086552462 -6.125
1.0799060180265345 1.3711719051220517 -6.125
1.2958872216318413 1.2958872216318413 -6.125
1.5118684252371484 1.2008446828030586 -6.125
1.7278496288424552 1.080844658810456 -6.125
-1.6011262437374112 1.2609854352788652 -6.125
-1.4009854632702348 1.4009854632702348 -6.125
-1.2008446828030586 1.5118684252371484 -6.125
-1.000703902335882 1.599700555975727 -6.125
-0.8005631218687056 1.6681269343112057 -6.125
-0.6004223414015293 1.7194658867757182 -6.125
-0.4002815609343528 1.7552174421483424 -6.125
-0.2001407804671764 1.7763230194093602 -6.125
0.0 1.783302704526312 -6.125
0.2001407804671764 1.7763230194093602 -6.125
0.4002815609343528 1.7552174421483424 -6.125
0.6004223414015293 1.7194658867757182 -6.125
0.8005631218687056 1.6681269343112057 -6.125
1.000703902335882 1.599700555975727 -6.125
1.2008446828030586 1.5118684252371484 -6.125
1.4009854632702348 1.4009854632702348 -6.125
1.6011262437374112 1.2609854352788652 -6.125
-1.4411262117472747 1.4411262117472747 -6.125
-1.2609854352788652 1.6011262437374112 -6.125
-1.080844658810456 1.7278496288424552 -6.125
-0.9007038823420467 1.8282292068294024 -6.125
-0.7205631058736374 1.9064307820699493 -6.125
-0.540422329405228 1.965103870600821 -6.125
-0.3602815529368187 2.005962791026677 -6.125
-0.18014077646840934 2.030083450753555 -6.125
0.0 2.0380602337443565 -6.125
0.18014077646840934 2.030083450753555 -6.125
0.3602815529368187 2.005962791026677 -6.125
0.540422329405228 1.965103870600821 -6.125
0.7205631058736374 1.9064307820699493 -6.125
0.9007038823420467 1.8282292068294024 -6.125
1.080844658810456 1.7278496288424552 -6.125
1.2609854352788652 1.6011262437374112 -6.125
1.4411262117472747 1.4411262117472747 -6.125
-1.4559606997197012 -1.4559606997197012 -5.90625
-1.2739656122547385 -1.6176077203849433 -5.90625
-1.091970524789776 -1.7456355551050466 -5.90625
-0.9099754373248132 -1.8470484080613798 -5.90625
-0.7279803498598506 -1.9260549650709589 -5.90625
-0.545985262394888 -1.9853320154332241 -5.90625
-0.3639901749299253 -2.0266115243951037 -5.90625
-0.18199508746496265 -2.0509804744061273 -5.90625
0.0 -2.0590393678258225 -5.90625
0.18199508746496265 -2.0509804744061273 -5.90625
0.3639901749299253 -2.0266115243951037 -5.90625
0.545985262394888 -1.9853320154332241 -5.90625
0.7279803498598506 -1.9260549650709589 -5.90625
0.9099754373248132 -1.8470484080613798 -5.90625
1.091970524789776 -1.7456355551050466 -5.90625
1.2739656122547385 -1.6176077203849433 -5.90625
1.4559606997197012 -1.4559606997197012 -5.90625
-1.6176077203849433 -1.2739656122547385 -5.90625
-1.4154067553368253 -1.4154067553368253 -5.90625
-1.2132057902887075 -1.527431110716916 -5.90625
-1.0110048252405894 -1.6161673570537074 -5.90625
-0.8088038601924716 -1.685298094437089 -5.90625
-0.6066028951443537 -1.7371655135040711 -5.90625
-0.4044019300962358 -1.7732850838457157 -5.90625
-0.2022009650481179 -1.7946079151053616 -5.90625
0.0 -1.8016594468475948 -5.90625
0.2022009650481179 -1.7946079151053616 -5.90625
0.4044019300962358 -1.7732850838457157 -5.90625
0.6066028951443537 -1.7371655135040711 -5.90625
0.8088038601924716 -1.685298094437089 -5.90625
1.0110048252405894 -1.6161673570537074 -5.90625
1.2132057902887075 -1.527431110716916 -5.90625
1.4154067553368253 -1.4154067553368253 -5.90625
1.6176077203849433 -1.2739656122547385 -5.90625
-1.7456355551050466 -1.091970524789776 -5.90625
-1.527431110716916 -1.2132057902887075 -5.90625
-1.309226666328785 -1.309226666328785 -5.90625
-1.0910222219406542 -1.3852863060460348 -5.90625
-0.8728177775525233 -1.4445412238032191 -5.90625
-0.6546133331643925 -1.488999011574918 -5.90625
-0.43640888877626166 -1.5199586432963277 -5.90625
-0.21820444438813083 -1.5382353558045956 -5.90625
0.0 -1.544279525869367 -5.90625
0.21820444438813083 -1.5382353558045956 -5.90625
0.43640888877626166 -1.5199586432963277 -5.90625
0.6546133331643925 -1.488999011574918 -5.90625
0.8728177775525233 -1.4445412238032191 -5.90625
1.0910222219406542 -1.3852863060460348 -5.90625
1.309226666328785 -1.309226666328785 -5.90625
1.527431110716916 -1.2132057902887075 -5.90625
1.7456355551050466 -1.091970524789776 -5.90625
-1.8470484080613798 -0.9099754373248132 -5.90625
-1.6161673570537074 -1.0110048252405894 -5.90625
-1.3852863060460348 -1.0910222219406542 -5.90625
-1.1544052550383623 -1.1544052550383623 -5.90625
-0.9235242040306899 -1.2037843531693493 -5.90625
-0.6926431530230174 -1.2408325096457653 -5.90625
-0.46176210201534496 -1.2666322027469397 -5.90625
-0.23088105100767248 -1.2818627965038298 -5.90625
0.0 -1.286899604891139 -5.90625
0.23088105100767248 -1.2818627965038298 -5.90625
0.46176210201534496 -1.2666322027469397 -5.90625
0.6926431530230174 -1.2408325096457653 -5.90625
0.9235242040306899 -1.2037843531693493 -5.90625
1.1544052550383623 -1.1544052550383623 -5.90625
1.3852863060460348 -1.0910222219406542 -5.90625
1.6161673570537074 -1.0110048252405894 -5.90625
1.8470484080613798 -0.9099754373248132 -5.90625
-1.9260549650709589 -0.7279803498598506 -5.90625
-1.685298094437089 -0.8088038601924716 -5.90625
-1.4445412238032191 -0.8728177775525233 -5.90625
-1.2037843531693493 -0.9235242040306899 -5.90625
-0.9630274825354794 -0.9630274825354794 -5.90625
-0.7222706119016096 -0.9926660077166121 -5.90625
-0.4815137412677397 -1.0133057621975519 -5.90625
-0.24075687063386986 -1.0254902372030636 -5.90625
0.0 -1.0295196839129113 -5.90625
0.24075687063386986 -1.0254902372030636 -5.90625
0.4815137412677397 -1.0133057621975519 -5.90625
0.7222706119016096 -0.9926660077166121 -5.90625
0.9630274825354794 -0.9630274825354794 -5.90625
1.2037843531693493 -0.9235242040306899 -5.90625
1.4445412238032191 -0.8728177775525233 -5.90625
1.685298094437089 -0.8088038601924716 -5.90625
1.9260549650709589 -0.7279803498598506 -5.90625
-1.9853320154332241 -0.545985262394888 -5.90625
-1.7371655135040711 -0.6066028951443537 -5.90625
-1.488999011574918 -0.6546133331643925 -5.90625
-1.2408325096457653 -0.6926431530230174 -5.90625
-0.9926660077166121 -0.7222706119016096 -5.90625
-0.744499505787459 -0.744499505787459 -5.90625
-0.49633300385830603 -0.7599793216481638 -5.90625
-0.24816650192915302 -0.7691176779022978 -5.90625
0.0 -0.7721397629346834 -5.90625
0.24816650192915302 -0.7691176779022978 -5.90625
0.49633300385830603 -0.7599793216481638 -5.90625
0.744499505787459 -0.744499505787459 -5.90625
0.9926660077166121 -0.7222706119016096 -5.90625
1.2408325096457653 -0.6926431530230174 -5.90625
1.488999011574918 -0.6546133331643925 -5.90625
1.7371655135040711 -0.6066028951443537 -5.90625
1.9853320154332241 -0.545985262394888 -5.90625
-2.0266115243951037 -0.3639901749299253 -5.90625
-1.7732850838457157 -0.4044019300962358 -5.90625
-1.5199586432963277 -0.43640888877626166 -5.90625
-1.2666322027469397 -0.46176210201534496 -5.90625
-1.0133057621975519 -0.4815137412677397 -5.90625
-0.7599793216481638 -0.49633300385830603 -5.90625
-0.5066528810987759 -0.5066528810987759 -5.90625
-0.25332644054938797 -0.5127451186015318 -5.90625
0.0 -0.5147598419564556 -5.90625
0.25332644054938797 -0.5127451186015318 -5.90625
0.5066528810987759 -0.5066528810987759 -5.90625
0.7599793216481638 -0.49633300385830603 -5.90625
1.0133057621975519 -0.4815137412677397 -5.90625
1.2666322027469397 -0.46176210201534496 -5.90625
1.5199586432963277 -0.43640888877626166 -5.90625
1.7732850838457157 -0.4044019300962358 -5.90625
2.0266115243951037 -0.3639901749299253 -5.90625
-2.0509804744061273 -0.18199508746496265 -5.90625
-1.7946079151053616 -0.2022009650481179 -5.90625
-1.5382353558045956 -0.21820444438813083 -5.90625
-1.2818627965038298 -0.23088105100767248 -5.90625
-1.0254902372030636 -0.24075687063386986 -5.90625
-0.7691176779022978 -0.24816650192915302 -5.90625
-0.5127451186015318 -0.25332644054938797 -5.90625
-0.2563725593007659 -0.2563725593007659 -5.90625
0.0 -0.2573799209782278 -5.90625
0.2563725593007659 -0.2563725593007659 -5.90625
0.5127451186015318 -0.25332644054938797 -5.90625
0.7691176779022978 -0.24816650192915302 -5.90625
1.0254902372030636 -0.24075687063386986 -5.90625
1.2818627965038298 -0.23088105100767248 -5.90625
1.5382353558045956 -0.21820444438813083 -5.90625
1.7946079151053616 -0.2022009650481179 -5.90625
2.0509804744061273 -0.18199508746496265 -5.90625
-2.0590393678258225 0.0 -5.90625
-1.8016594468475948 0.0 -5.90625
-1.544279525869367 0.0 -5.90625
-1.286899604891139 0.0 -5.90625
-1.0295196839129113 0.0 -5.90625
-0.7721397629346834 0.0 -5.90625
-0.5147598419564556 0.0 -5.90625
-0.2573799209782278 0.0 -5.90625
0.0 0.0 -5.90625
0.2573799209782278 0.0 -5.90625
0.5147598419564556 0.0 -5.90625
0.7721397629346834 0.0 -5.90625
1.0295196839129113 0.0 -5.90625
1.286899604891139 0.0 -5.90625
1.544279525869367 0.0 -5.90625
1.8016594468475948 0.0 -5.90625
2.0590393678258225 0.0 -5.90625
-2.0509804744061273 0.18199508746496265 -5.90625
-1.7946079151053616 0.2022009650481179 -5.90625
-1.5382353558045956 0.21820444438813083 -5.90625
-1.2818627965038298 0.23088105100767248 -5.90625
-1.0254902372030636 0.24075687063386986 -5.90625
-0.7691176779022978 0.24816650192915302 -5.90625
-0.5127451186015318 0.25332644054938797 -5.90625
-0.2563725593007659 0.2563725593007659 -5.90625
0.0 0.2573799209782278 -5.90625
0.2563725593007659 0.2563725593007659 -5.90625
0.5127451186015318 0.25332644054938797 -5.90625
0.7691176779022978 0.24816650192915302 -5.90625
1.0254902372030636 0.24075687063386986 -5.90625
1.2818627965038298 0.23088105100767248 -5.90625
1.5382353558045956 0.21820444438813083 -5.90625
1.7946079151053616 0.2022009650481179 -5.90625
2.0509804744061273 0.18199508746496265 -5.90625
-2.0266115243951037 0.3639901749299253 -5.90625
-1.7732850838457157 0.4044019300962358 -5.90625
-1.5199586432963277 0.43640888877626166 -5.90625
-1.2666322027469397 0.46176210201534496 -5.90625
-1.0133057621975519 0.4815137412677397 -5.90625
-0.7599793216481638 0.49633300385830603 -5.90625
-0.5066528810987759 0.5066528810987759 -5.90625
-0.25332644054938797 0.5127451186015318 -5.90625
0.0 0.5147598419564556 -5.90625
0.25332644054938797 0.5127451186015318 -5.90625
0.5066528810987759 0.5066528810987759 -5.90625
0.7599793216481638 0.49633300385830603 -5.90625
1.0133057621975519 0.4815137412677397 -5.90625
1.2666322027469397 0.46176210201534496 -5.90625
1.5199586432963277 0.43640888877626166 -5.90625
1.7732850838457157 0.4044019300962358 -5.90625
2.0266115243951037 0.3639901749299253 -5.90625
-1.9853320154332241 0.545985262394888 -5.90625
-1.7371655135040711 0.6066028951443537 -5.90625
-1.488999011574918 0.6546133331643925 -5.90625
-1.2408325096457653 0.6926431530230174 -5.90625
-0.9926660077166121 0.7222706119016096 -5.90625
-0.744499505787459 0.744499505787459 -5.90625
-0.49633300385830603 0.7599793216481638 -5.90625
-0.24816650192915302 0.7691176779022978 -5.90625
0.0 0.7721397629346834 -5.90625
0.24816650192915302 0.7691176779022978 -5.90625
0.49633300385830603 0.7599793216481638 -5.90625
0.744499505787459 0.744499505787459 -5.90625
0.9926660077166121 0.7222706119016096 -5.90625
1.2408325096457653 0.6926431530230174 -5.90625
1.488999011574918 0.6546133331643925 -5.90625
1.7371655135040711 0.6066028951443537 -5.90625
1.9853320154332241 0.545985262394888 -5.90625
-1.9260549650709589 0.7279803498598506 -5.90625
-1.685298094437089 0.8088038601924716 -5.90625
-1.4445412238032191 0.8728177775525233 -5.90625
-1.2037843531693493 0.9235242040306899 -5.90625
-0.9630274825354794 0.9630274825354794 -5.90625
-0.7222706119016096 0.9926660077166121 -5.90625
-0.4815137412677397 1.0133057621975519 -5.90625
-0.24075687063386986 1.0254902372030636 -5.90625
0.0 1.0295196839129113 -5.90625
0.24075687063386986 1.0254902372030636 -5.90625
0.4815137412677397 1.0133057621975519 -5.90625
0.7222706119016096 0.9926660077166121 -5.90625
0.9630274825354794 0.9630274825354794 -5.90625
1.2037843531693493 0.9235242040306899 -5.90625
1.4445412238032191 0.8728177775525233 -5.90625
1.685298094437089 0.8088038601924716 -5.90625
1.9260549650709589 0.7279803498598506 -5.90625
-1.8470484080613798 0.9099754373248132 -5.90625
-1.6161673570537074 1.0110048252405894 -5.90625
-1.3852863060460348 1.0910222219406542 -5.90625
-1.1544052550383623 1.1544052550383623 -5.90625
-0.9235242040306899 1.2037843531693493 -5.90625
-0.6926431530230174 1.2408325096457653 -5.90625
-0.46176210201534496 1.2666322027469397 -5.90625
-0.23088105100767248 1.2818627965038298 -5.90625
0.0 1.286899604891139 -5.90625
0.23088105100767248 1.2818627965038298 -5.90625
0.46176210201534496 1.2666322027469397 -5.90625
0.6926431530230174 1.2408325096457653 -5.90625
0.9235242040306899 1.2037843531693493 -5.90625
1.1544052550383623 1.1544052550383623 -5.90625
1.3852863060460348 1.0910222219406542 -5.90625
1.6161673570537074 1.0110048252405894 -5.90625
1.8470484080613798 0.9099754373248132 -5.90625
-1.7456355551050466 1.091970524789776 -5.90625
-1.527431110716916 1.2132057902887075 -5.90625
-1.309226666328785 1.309226666328785 -5.90625
-1.0910222219406542 1.3852863060460348 -5.90625
-0.8728177775525233 1.4445412238032191 -5.90625
-0.6546133331643925 1.488999011574918 -5.90625
-0.43640888877626166 1.5199586432963277 -5.90625
-0.21820444438813083 1.5382353558045956 -5.90625
0.0 1.544279525869367 -5.90625
0.21820444438813083 1.5382353558045956 -5.90625
0.43640888877626166 1.5199586432963277 -5.90625
0.6546133331643925 1.488999011574918 -5.90625
0.8728177775525233 1.4445412238032191 -5.90625
1.0910222219406542 1.3852863060460348 -5.90625
1.309226666328785 1.309226666328785 -5.90625
1.527431110716916 1.2132057902887075 -5.90625
1.7456355551050466 1.091970524789776 -5.90625
-1.6176077203849433 1.2739656122547385 -5.90625
-1.4154067553368253 1.4154067553368253 -5.90625
-1.2132057902887075 1.527431110716916 -5.90625
-1.0110048252405894 1.6161673570537074 -5.90625
-0.8088038601924716 1.685298094437089 -5.90625
-0.6066028951443537 1.7371655135040711 -5.90625
-0.4044019300962358 1.7732850838457157 -5.90625
-0.2022009650481179 1.7946079151053616 -5.90625
0.0 1.8016594468475948 -5.90625
0.2022009650481179 1.7946079151053616 -5.90625
0.4044019300962358 1.7732850838457157 -5.90625
0.6066028951443537 1.7371655135040711 -5.90625
0.8088038601924716 1.685298094437089 -5.90625
1.0110048252405894 1.6161673570537074 -5.90625
1.2132057902887075 1.527431110716916 -5.90625
1.4154067553368253 1.4154067553368253 -5.90625
1.6176077203849433 1.2739656122547385 -5.90625
-1.4559606997197012 1.4559606997197012 -5.90625
-1.2739656122547385 1.6176077203849433 -5.90625
-1.091970524789776 1.7456355551050466 -5.90625
-0.9099754373248132 1.8470484080613798 -5.90625
-0.7279803498598506 1.9260549650709589 -5.90625
-0.545985262394888 1.9853320154332241 -5.90625
-0.3639901749299253 2.0266115243951037 -5.90625
-0.18199508746496265 2.0509804744061273 -5.90625
0.0 2.0590393678258225 -5.90625
0.18199508746496265 2.0509804744061273 -5.90625
0.3639901749299253 2.0266115243951037 -5.90625
0.545985262394888 1.9853320154332241 -5.90625
0.7279803498598506 1.9260549650709589 -5.90625
0.9099754373248132 1.8470484080613798 -5.90625
1.091970524789776 1.7456355551050466 -5.90625
1.2739656122547385 1.6176077203849433 -5.90625
1.4559606997197012 1.4559606997197012 -5.90625
-1.4737980523615293 -1.4737980523615293 -5.6875
-1.2895732958163382 -1.6374254526562917 -5.6875
-1.105348539271147 -1.767021789628078 -5.6875
-0.9211237827259559 -1.8696770777826581 -5.6875
-0.7368990261807646 -1.9496515646399781 -5.6875
-0.5526742696355735 -2.009654833540342 -5.6875
-0.3684495130903823 -2.0514400684867042 -5.6875
-0.18422475654519116 -2.0761075688328723 -5.6875
0.0 -2.0842651938487275 -5.6875
0.18422475654519116 -2.0761075688328723 -5.6875
0.3684495130903823 -2.0514400684867042 -5.6875
0.5526742696355735 -2.009654833540342 -5.6875
0.7368990261807646 -1.9496515646399781 -5.6875
0.9211237827259559 -1.8696770777826581 -5.6875
1.105348539271147 -1.767021789628078 -5.6875
1.2895732958163382 -1.6374254526562917 -5.6875
1.4737980523615293 -1.4737980523615293 -5.6875
-1.6374254526562917 -1.2895732958163382 -5.6875
-1.432747271074255 -1.432747271074255 -5.6875
-1.2280690894922188 -1.5461440659245684 -5.6875
-1.0233909079101822 -1.6359674430598259 -5.6875
-0.8187127263281458 -1.7059451190599808 -5.6875
-0.6140345447461094 -1.758447979347799 -5.6875
-0.4093563631640729 -1.7950100599258663 -5.6875
-0.20467818158203646 -1.8165941227287632 -5.6875
0.0 -1.8237320446176366 -5.6875
0.20467818158203646 -1.8165941227287632 -5.6875
0.4093563631640729 -1.7950100599258663 -5.6875
0.6140345447461094 -1.758447979347799 -5.6875
0.8187127263281458 -1.7059451190599808 -5.6875
1.0233909079101822 -1.6359674430598259 -5.6875
1.2280690894922188 -1.5461440659245684 -5.6875
1.432747271074255 -1.432747271074255 -5.6875
1.6374254526562917 -1.2895732958163382 -5.6875
-1.767021789628078 -1.105348539271147 -5.6875
-1.5461440659245684 -1.2280690894922188 -5.6875
-1.3252663422210584 -1.3252663422210584 -5.6875
-1.1043886185175489 -1.4022578083369934 -5.6875
-0.883510894814039 -1.4622386734799835 -5.6875
-0.6626331711105292 -1.5072411251552564 -5.6875
-0.4417554474070195 -1.5385800513650283 -5.6875
-0.22087772370350975 -1.557080676624654 -5.6875
0.0 -1.5631988953865457 -5.6875
0.22087772370350975 -1.557080676624654 -5.6875
0.4417554474070195 -1.5385800513650283 -5.6875
0.6626331711105292 -1.5072411251552564 -5.6875
0.883510894814039 -1.4622386734799835 -5.6875
1.1043886185175489 -1.4022578083369934 -5.6875
1.3252663422210584 -1.3252663422210584 -5.6875
1.5461440659245684 -1.2280690894922188 -5.6875
1.767021789628078 -1.105348539271147 -5.6875
-1.8696770777826581 -0.9211237827259559 -5.6875
-1.6359674430598259 -1.0233909079101822 -5.6875
-1.4022578083369934 -1.1043886185175489 -5.6875
-1.1685481736141612 -1.1685481736141612 -5.6875
-0.9348385388913291 -1.2185322278999864 -5.6875
-0.7011289041684967 -1.2560342709627137 -5.6875
-0.46741926944566453 -1.28215004280419 -5.6875
-0.23370963472283227 -1.2975672305205452 -5.6875
0.0 -1.3026657461554547 -5.6875
0.23370963472283227 -1.2975672305205452 -5.6875
0.46741926944566453 -1.28215004280419 -5.6875
0.7011289041684967 -1.2560342709627137 -5.6875
0.9348385388913291 -1.2185322278999864 -5.6875
1.1685481736141612 -1.1685481736141612 -5.6875
1.4022578083369934 -1.1043886185175489 -5.6875
1.6359674430598259 -1.0233909079101822 -5.6875
1.8696770777826581 -0.9211237827259559 -5.6875
-1.9496515646399781 -0.7368990261807646 -5.6875
-1.7059451190599808 -0.8187127263281458 -5.6875
-1.4622386734799835 -0.883510894814039 -5.6875
-1.2185322278999864 -0.9348385388913291 -5.6875
-0.9748257823199891 -0.9748257823199891 -5.6875
-0.7311193367399917 -1.004827416770171 -5.6875
-0.48741289115999453 -1.0257200342433521 -5.6875
-0.24370644557999727 -1.0380537844164361 -5.6875
0.0 -1.0421325969243638 -5.6875
0.24370644557999727 -1.0380537844164361 -5.6875
0.48741289115999453 -1.0257200342433521 -5.6875
0.7311193367399917 -1.004827416770171 -5.6875
0.9748257823199891 -0.9748257823199891 -5.6875
1.2185322278999864 -0.9348385388913291 -5.6875
1.4622386734799835 -0.883510894814039 -5.6875
1.7059451190599808 -0.8187127263281458 -5.6875
1.9496515646399781 -0.7368990261807646 -5.6875
-2.009654833540342 -0.5526742696355735 -5.6875
-1.758447979347799 -0.6140345447461094 -5.6875
-1.5072411251552564 -0.6626331711105292 -5.6875
-1.2560342709627137 -0.7011289041684967 -5.6875
-1.004827416770171 -0.7311193367399917 -5.6875
-0.7536205625776282 -0.7536205625776282 -5.6875
-0.5024137083850855 -0.7692900256825141 -5.6875
-0.25120685419254274 -0.778540338312327 -5.6875
0.0 -0.7815994476932728 -5.6875
0.25120685419254274 -0.778540338312327 -5.6875
0.5024137083850855 -0.7692900256825141 -5.6875
0.7536205625776282 -0.7536205625776282 -5.6875
1.004827416770171 -0.7311193367399917 -5.6875
1.2560342709627137 -0.7011289041684967 -5.6875
1.5072411251552564 -0.6626331711105292 -5.6875
1.758447979347799 -0.6140345447461094 -5.6875
2.009654833540342 -0.5526742696355735 -5.6875
-2.0514400684867042 -0.3684495130903823 -5.6875
-1.7950100599258663 -0.4093563631640729 -5.6875
-1.5385800513650283 -0.4417554474070195 -5.6875
-1.28215004280419 -0.46741926944566453 -5.6875
-1.0257200342433521 -0.48741289115999453 -5.6875
-0.7692900256825141 -0.5024137083850855 -5.6875
-0.5128600171216761 -0.5128600171216761 -5.6875
-0.25643000856083803 -0.5190268922082181 -5.6875
0.0 -0.5210662984621819 -5.6875
0.25643000856083803 -0.5190268922082181 -5.6875
0.5128600171216761 -0.5128600171216761 -5.6875
0.7692900256825141 -0.5024137083850855 -5.6875
1.0257200342433521 -0.48741289115999453 -5.6875
1.28215004280419 -0.46741926944566453 -5.6875
1.5385800513650283 -0.4417554474070195 -5.6875
1.7950100599258663 -0.4093563631640729 -5.6875
2.0514400684867042 -0.3684495130903823 -5.6875
-2.0761075688328723 -0.18422475654519116 -5.6875
-1.8165941227287632 -0.20467818158203646 -5.6875
-1.557080676624654 -0.22087772370350975 -5.6875
-1.2975672305205452 -0.23370963472283227 -5.6875
-1.0380537844164361 -0.24370644557999727 -5.6875
-0.778540338312327 -0.25120685419254274 -5.6875
-0.5190268922082181 -0.25643000856083803 -5.6875
-0.25951344610410904 -0.25951344610410904 -5.6875
0.0 -0.26053314923109094 -5.6875
0.25951344610410904 -0.25951344610410904 -5.6875
0.5190268922082181 -0.25643000856083803 -5.6875
0.778540338312327 -0.25120685419254274 -5.6875
1.0380537844164361 -0.24370644557999727 -5.6875
1.2975672305205452 -0.23370963472283227 -5.6875
1.557080676624654 -0.22087772370350975 -5.6875
1.8165941227287632 -0.20467818158203646 -5.6875
2.0761075688328723 -0.18422475654519116 -5.6875
-2.0842651938487275 0.0 -5.6875
-1.8237320446176366 0.0 -5.6875
-1.5631988953865457 0.0 -5.6875
-1.3026657461554547 0.0 -5.6875
-1.0421325969243638 0.0 -5.6875
-0.7815994476932728 0.0 -5.6875
-0.5210662984621819 0.0 -5.6875
-0.26053314923109094 0.0 -5.6875
0.0 0.0 -5.6875
0.26053314923109094 0.0 -5.6875
0.5210662984621819 0.0 -5.6875
0.7815994476932728 0.0 -5.6875
1.0421325969243638 0.0 -5.6875
1.3026657461554547 0.0 -5.6875
1.5631988953865457 0.0 -5.6875
1.8237320446176366 0.0 -5.6875
2.0842651938487275 0.0 -5.6875
-2.0761075688328723 0.18422475654519116 -5.6875
-1.8165941227287632 0.20467818158203646 -5.6875
-1.557080676624654 0.22087772370350975 -5.6875
-1.2975672305205452 0.23370963472283227 -5.6875
-1.0380537844164361 0.24370644557999727 -5.6875
-0.778540338312327 0.25120685419254274 -5.6875
-0.5190268922082181 0.25643000856083803 -5.6875
-0.25951344610410904 0.25951344610410904 -5.6875
0.0 0.26053314923109094 -5.6875
0.25951344610410904 0.25951344610410904 -5.6875
0.5190268922082181 0.25643000856083803 -5.6875
0.778540338312327 0.25120685419254274 -5.6875
1.0380537844164361 0.24370644557999727 -5.6875
1.2975672305205452 0.23370963472283227 -5.6875
1.557080676624654 0.22087772370350975 -5.6875
1.8165941227287632 0.20467818158203646 -5.6875
2.0761075688328723 0.18422475654519116 -5.6875
-2.0514400684867042 0.3684495130903823 -5.6875
-1.7950100599258663 0.4093563631640729 -5.6875
-1.5385800513650283 0.4417554474070195 -5.6875
-1.28215004280419 0.46741926944566453 -5.6875
-1.0257200342433521 0.48741289115999453 -5.6875
-0.7692900256825141 0.5024137083850855 -5.6875
-0.5128600171216761 0.5128600171216761 -5.6875
-0.25643000856083803 0.5190268922082181 -5.6875
0.0 0.5210662984621819 -5.6875
0.25643000856083803 0.5190268922082181 -5.6875
0.5128600171216761 0.5128600171216761 -5.6875
0.7692900256825141 0.5024137083850855 -5.6875
1.0257200342433521 0.48741289115999453 -5.6875
1.28215004280419 0.46741926944566453 -5.6875
1.5385800513650283 0.4417554474070195 -5.6875
1.7950100599258663 0.4093563631640729 -5.6875
2.0514400684867042 0.3684495130903823 -5.6875
-2.009654833540342 0.5526742696355735 -5.6875
-1.758447979347799 0.6140345447461094 -5.6875
-1.5072411251552564 0.6626331711105292 -5.6875
-1.2560342709627137 0.7011289041684967 -5.6875
-1.004827416770171 0.7311193367399917 -5.6875
-0.7536205625776282 0.7536205625776282 -5.6875
-0.5024137083850855 0.7692900256825141 -5.6875
-0.25120685419254274 0.778540338312327 -5.6875
0.0 0.7815994476932728 -5.6875
0.25120685419254274 0.778540338312327 -5.6875
0.5024137083850855 0.7692900256825141 -5.6875
0.7536205625776282 0.7536205625776282 -5.6875
1.004827416770171 0.7311193367399917 -5.6875
1.2560342709627137 0.7011289041684967 -5.6875
1.5072411251552564 0.6626331711105292 -5.6875
1.758447979347799 0.6140345447461094 -5.6875
2.009654833540342 0.5526742696355735 -5.6875
-1.9496515646399781 0.7368990261807646 -5.6875
-1.7059451190599808 0.8187127263281458 -5.6875
-1.4622386734799835 0.883510894814039 -5.6875
-1.2185322278999864 0.9348385388913291 -5.6875
-0.9748257823199891 0.9748257823199891 -5.6875
-0.7311193367399917 1.004827416770171 -5.6875
-0.48741289115999453 1.0257200342433521 -5.6875
-0.24370644557999727 1.0380537844164361 -5.6875
0.0 1.0421325969243638 -5.6875
0.24370644557999727 1.0380537844164361 -5.6875
0.48741289115999453 1.0257200342433521 -5.6875
0.7311193367399917 1.004827416770171 -5.6875
0.9748257823199891 0.9748257823199891 -5.6875
1.2185322278999864 0.9348385388913291 -5.6875
1.4622386734799835 0.883510894814039 -5.6875
1.7059451190599808 0.8187127263281458 -5.6875
1.9496515646399781 0.7368990261807646 -5.6875
-1.8696770777826581 0.9211237827259559 -5.6875
-1.6359674430598259 1.0233909079101822 -5.6875
-1.4022578083369934 1.1043886185175489 -5.6875
-1.1685481736141612 1.1685481736141612 -5.6875
-0.9348385388913291 1.2185322278999864 -5.6875
-0.7011289041684967 1.2560342709627137 -5.6875
-0.46741926944566453 1.28215004280419 -5.6875
-0.23370963472283227 1.2975672305205452 -5.6875
0.0 1.3026657461554547 -5.6875
0.23370963472283227 1.2975672305205452 -5.6875
0.46741926944566453 1.28215004280419 -5.6875
0.7011289041684967 1.2560342709627137 -5.6875
0.9348385388913291 1.2185322278999864 -5.6875
1.1685481736141612 1.1685481736141612 -5.6875
1.4022578083369934 1.1043886185175489 -5.6875
1.6359674430598259 1.0233909079101822 -5.6875
1.8696770777826581 0.9211237827259559 -5.6875
-1.767021789628078 1.105348539271147 -5.6875
-1.5461440659245684 1.2280690894922188 -5.6875
-1.3252663422210584 1.3252663422210584 -5.6875
-1.1043886185175489 1.4022578083369934 -5.6875
-0.883510894814039 1.4622386734799835 -5.6875
-0.6626331711105292 1.5072411251552564 -5.6875
-0.4417554474070195 1.5385800513650283 -5.6875
-0.22087772370350975 1.557080676624654 -5.6875
0.0 1.5631988953865457 -5.6875
0.22087772370350975 1.557080676624654 -5.6875
0.4417554474070195 1.5385800513650283 -5.6875
0.6626331711105292 1.5072411251552564 -5.6875
0.883510894814039 1.4622386734799835 -5.6875
1.1043886185175489 1.4022578083369934 -5.6875
1.3252663422210584 1.3252663422210584 -5.6875
1.5461440659245684 1.2280690894922188 -5.6875
1.767021789628078 1.105348539271147 -5.6875
-1.6374254526562917 1.2895732958163382 -5.6875
-1.432747271074255 1.432747271074255 -5.6875
-1.2280690894922188 1.5461440659245684 -5.6875
-1.0233909079101822 1.6359674430598259 -5.6875
-0.8187127263281458 1.7059451190599808 -5.6875
-0.6140345447461094 1.758447979347799 -5.6875
-0.4093563631640729 1.7950100599258663 -5.6875
-0.20467818158203646 1.8165941227287632 -5.6875
0.0 1.8237320446176366 -5.6875
0.20467818158203646 1.8165941227287632 -5.6875
0.4093563631640729 1.7950100599258663 -5.6875
0.6140345447461094 1.758447979347799 -5.6875
0.8187127263281458 1.7059451190599808 -5.6875
1.0233909079101822 1.6359674430598259 -5.6875
1.2280690894922188 1.5461440659245684 -5.6875
1.432747271074255 1.432747271074255 -5.6875
1.6374254526562917 1.2895732958163382 -5.6875
-1.4737980523615293 1.4737980523615293 -5.6875
-1.2895732958163382 1.6374254526562917 -5.6875
-1.105348539271147 1.767021789628078 -5.6875
-0.9211237827259559 1.8696770777826581 -5.6875
-0.7368990261807646 1.9496515646399781 -5.6875
-0.5526742696355735 2.009654833540342 -5.6875
-0.3684495130903823 2.0514400684867042 -5.6875
-0.18422475654519116 2.0761075688328723 -5.6875
0.0 2.0842651938487275 -5.6875
0.18422475654519116 2.0761075688328723 -5.6875
0.3684495130903823 2.0514400684867042 -5.6875
0.5526742696355735 2.009654833540342 -5.6875
0.7368990261807646 1.9496515646399781 -5.6875
0.9211237827259559 1.8696770777826581 -5.6875
1.105348539271147 1.767021789628078 -5.6875
1.2895732958163382 1.6374254526562917 -5.6875
1.4737980523615293 1.4737980523615293 -5.6875
-1.4944664862159296 -1.4944664862159296 -5.46875
-1.3076581754389383 -1.6603885849562086 -5.46875
-1.1208498646619471 -1.7918023712821871 -5.46875
-0.9340415538849559 -1.8958972895337318 -5.46875
-0.7472332431079648 -1.9769933326239437 -5.46875
-0.5604249323309736 -2.037838082887597 -5.46875
-0.3736166215539824 -2.080209310849214 -5.46875
-0.1868083107769912 -2.1052227463785917 -5.46875
0.0 -2.1134947733186316 -5.46875
0.1868083107769912 -2.1052227463785917 -5.46875
0.3736166215539824 -2.080209310849214 -5.46875
0.5604249323309736 -2.037838082887597 -5.46875
0.7472332431079648 -1.9769933326239437 -5.46875
0.9340415538849559 -1.8958972895337318 -5.46875
1.1208498646619471 -1.7918023712821871 -5.46875
1.3076581754389383 -1.6603885849562086 -5.46875
1.4944664862159296 -1.4944664862159296 -5.46875
-1.6603885849562086 -1.3076581754389383 -5.46875
-1.4528400118366824 -1.4528400118366824 -5.46875
-1.2452914387171565 -1.5678270748719139 -5.46875
-1.0377428655976304 -1.6589101283420151 -5.46875
-0.8301942924781043 -1.7298691660459506 -5.46875
-0.6226457193585783 -1.7831083225266473 -5.46875
-0.41509714623905214 -1.8201831469930625 -5.46875
-0.20754857311952607 -1.842069903081268 -5.46875
0.0 -1.8493079266538026 -5.46875
0.20754857311952607 -1.842069903081268 -5.46875
0.41509714623905214 -1.8201831469930625 -5.46875
0.6226457193585783 -1.7831083225266473 -5.46875
0.8301942924781043 -1.7298691660459506 -5.46875
1.0377428655976304 -1.6589101283420151 -5.46875
1.2452914387171565 -1.5678270748719139 -5.46875
1.4528400118366824 -1.4528400118366824 -5.46875
1.6603885849562086 -1.3076581754389383 -5.46875
-1.7918023712821871 -1.1208498646619471 -5.46875
-1.5678270748719139 -1.2452914387171565 -5.46875
-1.3438517784616402 -1.3438517784616402 -5.46875
-1.119876482051367 -1.4219229671502986 -5.46875
-0.8959011856410936 -1.4827449994679578 -5.46875
-0.6719258892308201 -1.5283785621656978 -5.46875
-0.4479505928205468 -1.5601569831369106 -5.46875
-0.2239752964102734 -1.578917059783944 -5.46875
0.0 -1.5851210799889737 -5.46875
0.2239752964102734 -1.578917059783944 -5.46875
0.4479505928205468 -1.5601569831369106 -5.46875
0.6719258892308201 -1.5283785621656978 -5.46875
0.8959011856410936 -1.4827449994679578 -5.46875
1.119876482051367 -1.4219229671502986 -5.46875
1.3438517784616402 -1.3438517784616402 -5.46875
1.5678270748719139 -1.2452914387171565 -5.46875
1.7918023712821871 -1.1208498646619471 -5.46875
-1.8958972895337318 -0.9340415538849559 -5.46875
-1.6589101283420151 -1.0377428655976304 -5.46875
-1.4219229671502986 -1.119876482051367 -5.46875
-1.1849358059585822 -1.1849358059585822 -5.46875
-0.9479486447668659 -1.235620832889965 -5.46875
-0.7109614835751493 -1.2736488018047483 -5.46875
-0.47397432238343296 -1.3001308192807588 -5.46875
-0.23698716119171648 -1.31576421648662 -5.46875
0.0 -1.3209342333241447 -5.46875
0.23698716119171648 -1.31576421648662 -5.46875
0.47397432238343296 -1.3001308192807588 -5.46875
0.7109614835751493 -1.2736488018047483 -5.46875
0.9479486447668659 -1.235620832889965 -5.46875
1.1849358059585822 -1.1849358059585822 -5.46875
1.4219229671502986 -1.119876482051367 -5.46875
1.6589101283420151 -1.0377428655976304 -5.46875
1.8958972895337318 -0.9340415538849559 -5.46875
-1.9769933326239437 -0.7472332431079648 -5.46875
-1.7298691660459506 -0.8301942924781043 -5.46875
-1.4827449994679578 -0.8959011856410936 -5.46875
-1.235620832889965 -0.9479486447668659 -5.46875
-0.9884966663119719 -0.9884966663119719 -5.46875
-0.7413724997339789 -1.0189190414437985 -5.46875
-0.49424833315598593 -1.040104655424607 -5.46875
-0.24712416657799297 -1.0526113731892959 -5.46875
0.0 -1.0567473866593158 -5.46875
0.24712416657799297 -1.0526113731892959 -5.46875
0.49424833315598593 -1.040104655424607 -5.46875
0.7413724997339789 -1.0189190414437985 -5.46875
0.9884966663119719 -0.9884966663119719 -5.46875
1.235620832889965 -0.9479486447668659 -5.46875
1.4827449994679578 -0.8959011856410936 -5.46875
1.7298691660459506 -0.8301942924781043 -5.46875
1.9769933326239437 -0.7472332431079648 -5.46875
-2.037838082887597 -0.5604249323309736 -5.46875
-1.7831083225266473 -0.6226457193585783 -5.46875
-1.5283785621656978 -0.6719258892308201 -5.46875
-1.2736488018047483 -0.7109614835751493 -5.46875
-1.0189190414437985 -0.7413724997339789 -5.46875
-0.7641892810828489 -0.7641892810828489 -5.46875
-0.5094595207218993 -0.7800784915684553 -5.46875
-0.25472976036094963 -0.789458529891972 -5.46875
0.0 -0.7925605399944868 -5.46875
0.25472976036094963 -0.789458529891972 -5.46875
0.5094595207218993 -0.7800784915684553 -5.46875
0.7641892810828489 -0.7641892810828489 -5.46875
1.0189190414437985 -0.7413724997339789 -5.46875
1.2736488018047483 -0.7109614835751493 -5.46875
1.5283785621656978 -0.6719258892308201 -5.46875
1.7831083225266473 -0.6226457193585783 -5.46875
2.037838082887597 -0.5604249323309736 -5.46875
-2.080209310849214 -0.3736166215539824 -5.46875
-1.8201831469930625 -0.41509714623905214 -5.46875
-1.5601569831369106 -0.4479505928205468 -5.46875
-1.3001308192807588 -0.47397432238343296 -5.46875
-1.040104655424607 -0.49424833315598593 -5.46875
-0.7800784915684553 -0.5094595207218993 -5.46875
-0.5200523277123035 -0.5200523277123035 -5.46875
-0.26002616385615174 -0.5263056865946479 -5.46875
0.0 -0.5283736933296579 -5.46875
0.26002616385615174 -0.5263056865946479 -5.46875
0.5200523277123035 -0.5200523277123035 -5.46875
0.7800784915684553 -0.5094595207218993 -5.46875
1.040104655424607 -0.49424833315598593 -5.46875
1.3001308192807588 -0.47397432238343296 -5.46875
1.5601569831369106 -0.4479505928205468 -5.46875
1.8201831469930625 -0.41509714623905214 -5.46875
2.080209310849214 -0.3736166215539824 -5.46875
-2.1052227463785917 -0.1868083107769912 -5.46875
-1.842069903081268 -0.20754857311952607 -5.46875
-1.578917059783944 -0.2239752964102734 -5.46875
-1.31576421648662 -0.23698716119171648 -5.46875
-1.0526113731892959 -0.24712416657799297 -5.46875
-0.789458529891972 -0.25472976036094963 -5.46875
-0.5263056865946479 -0.26002616385615174 -5.46875
-0.26315284329732397 -0.26315284329732397 -5.46875
0.0 -0.26418684666482894 -5.46875
0.26315284329732397 -0.26315284329732397 -5.46875
0.5263056865946479 -0.26002616385615174 -5.46875
0.789458529891972 -0.25472976036094963 -5.46875
1.0526113731892959 -0.24712416657799297 -5.46875
1.31576421648662 -0.23698716119171648 -5.46875
1.578917059783944 -0.2239752964102734 -5.46875
1.842069903081268 -0.20754857311952607 -5.46875
2.1052227463785917 -0.1868083107769912 -5.46875
-2.1134947733186316 0.0 -5.46875
-1.8493079266538026 0.0 -5.46875
-1.5851210799889737 0.0 -5.46875
-1.3209342333241447 0.0 -5.46875
-1.0567473866593158 0.0 -5.46875
-0.7925605399944868 0.0 -5.46875
-0.5283736933296579 0.0 -5.46875
-0.26418684666482894 0.0 -5.46875
0.0 0.0 -5.46875
0.26418684666482894 0.0 -5.46875
0.5283736933296579 0.0 -5.46875
0.7925605399944868 0.0 -5.46875
1.0567473866593158 0.0 -5.46875
1.3209342333241447 0.0 -5.46875
1.5851210799889737 0.0 -5.46875
1.8493079266538026 0.0 -5.46875
2.1134947733186316 0.0 -5.46875
-2.1052227463785917 0.1868083107769912 -5.46875
-1.842069903081268 0.20754857311952607 -5.46875
-1.578917059783944 0.2239752964102734 -5.46875
-1.31576421648662 0.23698716119171648 -5.46875
-1.0526113731892959 0.24712416657799297 -5.46875
-0.789458529891972 0.25472976036094963 -5.46875
-0.5263056865946479 0.26002616385615174 -5.46875
-0.26315284329732397 0.26315284329732397 -5.46875
0.0 0.26418684666482894 -5.46875
0.26315284329732397 0.26315284329732397 -5.46875
0.5263056865946479 0.26002616385615174 -5.46875
0.789458529891972 0.25472976036094963 -5.46875
1.0526113731892959 0.24712416657799297 -5.46875
1.31576421648662 0.23698716119171648 -5.46875
1.578917059783944 0.2239752964102734 -5.46875
1.842069903081268 0.20754857311952607 -5.46875
2.1052227463785917 0.1868083107769912 -5.46875
-2.080209310849214 0.3736166215539824 -5.46875
-1.8201831469930625 0.41509714623905214 -5.46875
-1.5601569831369106 0.4479505928205468 -5.46875
-1.3001308192807588 0.47397432238343296 -5.46875
-1.040104655424607 0.49424833315598593 -5.46875
-0.7800784915684553 0.5094595207218993 -5.46875
-0.5200523277123035 0.5200523277123035 -5.46875
-0.26002616385615174 0.5263056865946479 -5.46875
0.0 0.5283736933296579 -5.46875
0.26002616385615174 0.5263056865946479 -5.46875
0.5200523277123035 0.5200523277123035 -5.46875
0.7800784915684553 0.5094595207218993 -5.46875
1.040104655424607 0.49424833315598593 -5.46875
1.3001308192807588 0.47397432238343296 -5.46875
1.5601569831369106 0.4479505928205468 -5.46875
1.8201831469930625 0.41509714623905214 -5.46875
2.080209310849214 0.3736166215539824 -5.46875
-2.037838082887597 0.5604249323309736 -5.46875
-1.7831083225266473 0.6226457193585783 -5.46875
-1.5283785621656978 0.6719258892308201 -5.46875
-1.2736488018047483 0.7109614835751493 -5.46875
-1.0189190414437985 0.7413724997339789 -5.46875
-0.7641892810828489 0.7641892810828489 -5.46875
-0.5094595207218993 0.7800784915684553 -5.46875
-0.25472976036094963 0.789458529891972 -5.46875
0.0 0.7925605399944868 -5.46875
0.25472976036094963 0.789458529891972 -5.46875
0.5094595207218993 0.7800784915684553 -5.46875
0.7641892810828489 0.7641892810828489 -5.46875
1.0189190414437985 0.7413724997339789 -5.46875
1.2736488018047483 0.7109614835751493 -5.46875
1.5283785621656978 0.6719258892308201 -5.46875
1.7831083225266473 0.6226457193585783 -5.46875
2.037838082887597 0.5604249323309736 -5.46875
-1.9769933326239437 0.7472332431079648 -5.46875
-1.7298691660459506 0.8301942924781043 -5.46875
-1.4827449994679578 0.8959011856410936 -5.46875
-1.235620832889965 0.9479486447668659 -5.46875
-0.9884966663119719 0.9884966663119719 -5.46875
-0.7413724997339789 1.0189190414437985 -5.46875
-0.49424833315598593 1.040104655424607 -5.46875
-0.24712416657799297 1.0526113731892959 -5.46875
0.0 1.0567473866593158 -5.46875
0.24712416657799297 1.0526113731892959 -5.46875
0.49424833315598593 1.040104655424607 -5.46875
0.7413724997339789 1.0189190414437985 -5.46875
0.9884966663119719 0.9884966663119719 -5.46875
1.235620832889965 0.9479486447668659 -5.46875
1.4827449994679578 0.8959011856410936 -5.46875
1.7298691660459506 0.8301942924781043 -5.46875
1.9769933326239437 0.7472332431079648 -5.46875
-1.8958972895337318 0.9340415538849559 -5.46875
-1.6589101283420151 1.0377428655976304 -5.46875
-1.4219229671502986 1.119876482051367 -5.46875
-1.1849358059585822 1.1849358059585822 -5.46875
-0.9479486447668659 1.235620832889965 -5.46875
-0.7109614835751493 1.2736488018047483 -5.46875
-0.47397432238343296 1.3001308192807588 -5.46875
-0.23698716119171648 1.31576421648662 -5.46875
0.0 1.3209342333241447 -5.46875
0.23698716119171648 1.31576421648662 -5.46875
0.47397432238343296 1.3001308192807588 -5.46875
0.7109614835751493 1.2736488018047483 -5.46875
0.9479486447668659 1.235620832889965 -5.46875
1.1849358059585822 1.1849358059585822 -5.46875
1.4219229671502986 1.119876482051367 -5.46875
1.6589101283420151 1.0377428655976304 -5.46875
1.8958972895337318 0.9340415538849559 -5.46875
-1.7918023712821871 1.1208498646619471 -5.46875
-1.5678270748719139 1.2452914387171565 -5.46875
-1.3438517784616402 1.3438517784616402 -5.46875
-1.119876482051367 1.4219229671502986 -5.46875
-0.8959011856410936 1.4827449994679578 -5.46875
-0.6719258892308201 1.5283785621656978 -5.46875
-0.4479505928205468 1.5601569831369106 -5.46875
-0.2239752964102734 1.578917059783944 -5.46875
0.0 1.5851210799889737 -5.46875
0.2239752964102734 1.578917059783944 -5.46875
0.4479505928205468 1.5601569831369106 -5.46875
0.6719258892308201 1.5283785621656978 -5.46875
0.8959011856410936 1.4827449994679578 -5.46875
1.119876482051367 1.4219229671502986 -5.46875
1.3438517784616402 1.3438517784616402 -5.46875
1.5678270748719139 1.2452914387171565 -5.46875
1.7918023712821871 1.1208498646619471 -5.46875
-1.6603885849562086 1.3076581754389383 -5.46875
-1.4528400118366824 1.4528400118366824 -5.46875
-1.2452914387171565 1.5678270748719139 -5.46875
-1.0377428655976304 1.6589101283420151 -5.46875
-0.8301942924781043 1.7298691660459506 -5.46875
-0.6226457193585783 1.7831083225266473 -5.46875
-0.41509714623905214 1.8201831469930625 -5.46875
-0.20754857311952607 1.842069903081268 -5.46875
0.0 1.8493079266538026 -5.46875
0.20754857311952607 1.842069903081268 -5.46875
0.41509714623905214 1.8201831469930625 -5.46875
0.6226457193585783 1.7831083225266473 -5.46875
0.8301942924781043 1.7298691660459506 -5.46875
1.0377428655976304 1.6589101283420151 -5.46875
1.2452914387171565 1.5678270748719139 -5.46875
1.4528400118366824 1.4528400118366824 -5.46875
1.6603885849562086 1.3076581754389383 -5.46875
-1.4944664862159296 1.4944664862159296 -5.46875
-1.3076581754389383 1.6603885849562086 -5.46875
-1.1208498646619471 1.7918023712821871 -5.46875
-0.9340415538849559 1.8958972895337318 -5.46875
-0.7472332431079648 1.9769933326239437 -5.46875
-0.5604249323309736 2.037838082887597 -5.46875
-0.3736166215539824 2.080209310849214 -5.46875
-0.1868083107769912 2.1052227463785917 -5.46875
0.0 2.1134947733186316 -5.46875
0.1868083107769912 2.1052227463785917 -5.46875
0.3736166215539824 2.080209310849214 -5.46875
0.5604249323309736 2.037838082887597 -5.46875
0.7472332431079648 1.9769933326239437 -5.46875
0.9340415538849559 1.8958972895337318 -5.46875
1.1208498646619471 1.7918023712821871 -5.46875
1.3076581754389383 1.6603885849562086 -5.46875
1.4944664862159296 1.4944664862159296 -5.46875
-1.5177669529663689 -1.5177669529663689 -5.25
-1.3280460838455725 -1.6862759697677214 -5.25
-1.1383252147247767 -1.819738649519601 -5.25
-0.9486043456039804 -1.9254565283420122 -5.25
-0.7588834764831844 -2.0078169528506393 -5.25
-0.5691626073623883 -2.069610343377245 -5.25
-0.3794417382415922 -2.1126421879518142 -5.25
-0.1897208691207961 -2.1380456119675464 -5.25
0.0 -2.146446609406726 -5.25
0.1897208691207961 -2.1380456119675464 -5.25
0.3794417382415922 -2.1126421879518142 -5.25
0.5691626073623883 -2.069610343377245 -5.25
0.7588834764831844 -2.0078169528506393 -5.25
0.9486043456039804 -1.9254565283420122 -5.25
1.1383252147247767 -1.819738649519601 -5.25
1.3280460838455725 -1.6862759697677214 -5.25
1.5177669529663689 -1.5177669529663689 -5.25
-1.6862759697677214 -1.3280460838455725 -5.25
-1.4754914735467561 -1.4754914735467561 -5.25
-1.264706977325791 -1.592271318329651 -5.25
-1.0539224811048258 -1.6847744622992606 -5.25
-0.8431379848838607 -1.7568398337443094 -5.25
-0.6323534886628955 -1.8109090504550893 -5.25
-0.42156899244193036 -1.8485619144578376 -5.25
-0.21078449622096518 -1.870789910471603 -5.25
0.0 -1.8781407832308852 -5.25
0.21078449622096518 -1.870789910471603 -5.25
0.42156899244193036 -1.8485619144578376 -5.25
0.6323534886628955 -1.8109090504550893 -5.25
0.8431379848838607 -1.7568398337443094 -5.25
1.0539224811048258 -1.6847744622992606 -5.25
1.264706977325791 -1.592271318329651 -5.25
1.4754914735467561 -1.4754914735467561 -5.25
1.6862759697677214 -1.3280460838455725 -5.25
-1.819738649519601 -1.1383252147247767 -5.25
-1.592271318329651 -1.264706977325791 -5.25
-1.3648039871397009 -1.3648039871397009 -5.25
-1.1373366559497509 -1.444092396256509 -5.25
-0.9098693247598005 -1.5058627146379795 -5.25
-0.6824019935698504 -1.5522077575329338 -5.25
-0.45493466237990027 -1.584481640963861 -5.25
-0.22746733118995013 -1.6035342089756597 -5.25
0.0 -1.6098349570550445 -5.25
0.22746733118995013 -1.6035342089756597 -5.25
0.45493466237990027 -1.584481640963861 -5.25
0.6824019935698504 -1.5522077575329338 -5.25
0.9098693247598005 -1.5058627146379795 -5.25
1.1373366559497509 -1.444092396256509 -5.25
1.3648039871397009 -1.3648039871397009 -5.25
1.592271318329651 -1.264706977325791 -5.25
1.819738649519601 -1.1383252147247767 -5.25
-1.9254565283420122 -0.9486043456039804 -5.25
-1.6847744622992606 -1.0539224811048258 -5.25
-1.444092396256509 -1.1373366559497509 -5.25
-1.2034103302137575 -1.2034103302137575 -5.25
-0.9627282641710061 -1.2548855955316496 -5.25
-0.7220461981282545 -1.2935064646107783 -5.25
-0.48136413208550305 -1.320401367469884 -5.25
-0.24068206604275152 -1.3362785074797165 -5.25
0.0 -1.341529130879204 -5.25
0.24068206604275152 -1.3362785074797165 -5.25
0.48136413208550305 -1.320401367469884 -5.25
0.7220461981282545 -1.2935064646107783 -5.25
0.9627282641710061 -1.2548855955316496 -5.25
1.2034103302137575 -1.2034103302137575 -5.25
1.444092396256509 -1.1373366559497509 -5.25
1.6847744622992606 -1.0539224811048258 -5.25
1.9254565283420122 -0.9486043456039804 -5.25
-2.0078169528506393 -0.7588834764831844 -5.25
-1.7568398337443094 -0.8431379848838607 -5.25
-1.5058627146379795 -0.9098693247598005 -5.25
-1.2548855955316496 -0.9627282641710061 -5.25
-1.0039084764253197 -1.0039084764253197 -5.25
-0.7529313573189897 -1.0348051716886224 -5.25
-0.5019542382126598 -1.0563210939759071 -5.25
-0.2509771191063299 -1.0690228059837732 -5.25
0.0 -1.073223304703363 -5.25
0.2509771191063299 -1.0690228059837732 -5.25
0.5019542382126598 -1.0563210939759071 -5.25
0.7529313573189897 -1.0348051716886224 -5.25
1.0039084764253197 -1.0039084764253197 -5.25
1.2548855955316496 -0.9627282641710061 -5.25
1.5058627146379795 -0.9098693247598005 -5.25
1.7568398337443094 -0.8431379848838607 -5.25
2.0078169528506393 -0.7588834764831844 -5.25
-2.069610343377245 -0.5691626073623883 -5.25
-1.8109090504550893 -0.6323534886628955 -5.25
-1.5522077575329338 -0.6824019935698504 -5.25
-1.2935064646107783 -0.7220461981282545 -5.25
-1.0348051716886224 -0.7529313573189897 -5.25
-0.7761038787664669 -0.7761038787664669 -5.25
-0.5174025858443112 -0.7922408204819305 -5.25
-0.2587012929221556 -0.8017671044878298 -5.25
0.0 -0.8049174785275223 -5.25
0.2587012929221556 -0.8017671044878298 -5.25
0.5174025858443112 -0.7922408204819305 -5.25
0.7761038787664669 -0.7761038787664669 -5.25
1.0348051716886224 -0.7529313573189897 -5.25
1.2935064646107783 -0.7220461981282545 -5.25
1.5522077575329338 -0.6824019935698504 -5.25
1.8109090504550893 -0.6323534886628955 -5.25
2.069610343377245 -0.5691626073623883 -5.25
-2.1126421879518142 -0.3794417382415922 -5.25
-1.8485619144578376 -0.42156899244193036 -5.25
-1.584481640963861 -0.45493466237990027 -5.25
-1.320401367469884 -0.48136413208550305 -5.25
-1.0563210939759071 -0.5019542382126598 -5.25
-0.7922408204819305 -0.5174025858443112 -5.25
-0.5281605469879536 -0.5281605469879536 -5.25
-0.2640802734939768 -0.5345114029918866 -5.25
0.0 -0.5366116523516815 -5.25
0.2640802734939768 -0.5345114029918866 -5.25
0.5281605469879536 -0.5281605469879536 -5.25
0.7922408204819305 -0.5174025858443112 -5.25
1.0563210939759071 -0.5019542382126598 -5.25
1.320401367469884 -0.48136413208550305 -5.25
1.584481640963861 -0.45493466237990027 -5.25
1.8485619144578376 -0.42156899244193036 -5.25
2.1126421879518142 -0.3794417382415922 -5.25
-2.1380456119675464 -0.1897208691207961 -5.25
-1.870789910471603 -0.21078449622096518 -5.25
-1.6035342089756597 -0.22746733118995013 -5.25
-1.3362785074797165 -0.24068206604275152 -5.25
-1.0690228059837732 -0.2509771191063299 -5.25
-0.8017671044878298 -0.2587012929221556 -5.25
-0.5345114029918866 -0.2640802734939768 -5.25
-0.2672557014959433 -0.2672557014959433 -5.25
0.0 -0.26830582617584076 -5.25
0.2672557014959433 -0.2672557014959433 -5.25
0.5345114029918866 -0.2640802734939768 -5.25
0.8017671044878298 -0.2587012929221556 -5.25
1.0690228059837732 -0.2509771191063299 -5.25
1.3362785074797165 -0.24068206604275152 -5.25
1.6035342089756597 -0.22746733118995013 -5.25
1.870789910471603 -0.21078449622096518 -5.25
2.1380456119675464 -0.1897208691207961 -5.25
-2.146446609406726 0.0 -5.25
-1.8781407832308852 0.0 -5.25
-1.6098349570550445 0.0 -5.25
-1.341529130879204 0.0 -5.25
-1.073223304703363 0.0 -5.25
-0.8049174785275223 0.0 -5.25
-0.5366116523516815 0.0 -5.25
-0.26830582617584076 0.0 -5.25
0.0 0.0 -5.25
0.26830582617584076 0.0 -5.25
0.5366116523516815 0.0 -5.25
0.8049174785275223 0.0 -5.25
1.073223304703363 0.0 -5.25
1.341529130879204 0.0 -5.25
1.6098349570550445 0.0 -5.25
1.8781407832308852 0.0 -5.25
2.146446609406726 0.0 -5.25
-2.1380456119675464 0.1897208691207961 -5.25
-1.870789910471603 0.21078449622096518 -5.25
-1.6035342089756597 0.22746733118995013 -5.25
-1.3362785074797165 0.24068206604275152 -5.25
-1.0690228059837732 0.2509771191063299 -5.25
-0.8017671044878298 0.2587012929221556 -5.25
-0.5345114029918866 0.2640802734939768 -5.25
-0.2672557014959433 0.2672557014959433 -5.25
0.0 0.26830582617584076 -5.25
0.2672557014959433 0.2672557014959433 -5.25
0.5345114029918866 0.2640802734939768 -5.25
0.8017671044878298 0.2587012929221556 -5.25
1.0690228059837732 0.2509771191063299 -5.25
1.3362785074797165 0.24068206604275152 -5.25
1.6035342089756597 0.22746733118995013 -5.25
1.870789910471603 0.21078449622096518 -5.25
2.1380456119675464 0.1897208691207961 -5.25
-2.1126421879518142 0.3794417382415922 -5.25
-1.8485619144578376 0.42156899244193036 -5.25
-1.584481640963861 0.45493466237990027 -5.25
-1.320401367469884 0.48136413208550305 -5.25
-1.0563210939759071 0.5019542382126598 -5.25
-0.7922408204819305 0.5174025858443112 -5.25
-0.5281605469879536 0.5281605469879536 -5.25
-0.2640802734939768 0.5345114029918866 -5.25
0.0 0.5366116523516815 -5.25
0.2640802734939768 0.5345114029918866 -5.25
0.5281605469879536 0.5281605469879536 -5.25
0.7922408204819305 0.5174025858443112 -5.25
1.0563210939759071 0.5019542382126598 -5.25
1.320401367469884 0.48136413208550305 -5.25
1.584481640963861 0.45493466237990027 -5.25
1.8485619144578376 0.42156899244193036 -5.25
2.1126421879518142 0.3794417382415922 -5.25
-2.069610343377245 0.5691626073623883 -5.25
-1.8109090504550893 0.6323534886628955 -5.25
-1.5522077575329338 0.6824019935698504 -5.25
-1.2935064646107783 0.7220461981282545 -5.25
-1.0348051716886224 0.7529313573189897 -5.25
-0.7761038787664669 0.7761038787664669 -5.25
-0.5174025858443112 0.7922408204819305 -5.25
-0.2587012929221556 0.8017671044878298 -5.25
0.0 0.8049174785275223 -5.25
0.2587012929221556 0.8017671044878298 -5.25
0.5174025858443112 0.7922408204819305 -5.25
0.7761038787664669 0.7761038787664669 -5.25
1.0348051716886224 0.7529313573189897 -5.25
1.2935064646107783 0.7220461981282545 -5.25
1.5522077575329338 0.6824019935698504 -5.25
1.8109090504550893 0.6323534886628955 -5.25
2.069610343377245 0.5691626073623883 -5.25
-2.0078169528506393 0.7588834764831844 -5.25
-1.7568398337443094 0.8431379848838607 -5.25
-1.5058627146379795 0.9098693247598005 -5.25
-1.2548855955316496 0.9627282641710061 -5.25
-1.0039084764253197 1.0039084764253197 -5.25
-0.7529313573189897 1.0348051716886224 -5.25
-0.5019542382126598 1.0563210939759071 -5.25
-0.2509771191063299 1.0690228059837732 -5.25
0.0 1.073223304703363 -5.25
0.2509771191063299 1.0690228059837732 -5.25
0.5019542382126598 1.0563210939759071 -5.25
0.7529313573189897 1.0348051716886224 -5.25
1.0039084764253197 1.0039084764253197 -5.25
1.2548855955316496 0.9627282641710061 -5.25
1.5058627146379795 0.9098693247598005 -5.25
1.7568398337443094 0.8431379848838607 -5.25
2.0078169528506393 0.7588834764831844 -5.25
-1.9254565283420122 0.9486043456039804 -5.25
-1.6847744622992606 1.0539224811048258 -5.25
-1.444092396256509 1.1373366559497509 -5.25
-1.2034103302137575 1.2034103302137575 -5.25
-0.9627282641710061 1.2548855955316496 -5.25
-0.7220461981282545 1.2935064646107783 -5.25
-0.48136413208550305 1.320401367469884 -5.25
-0.24068206604275152 1.3362785074797165 -5.25
0.0 1.341529130879204 -5.25
0.24068206604275152 1.3362785074797165 -5.25
0.48136413208550305 1.320401367469884 -5.25
0.7220461981282545 1.2935064646107783 -5.25
0.9627282641710061 1.2548855955316496 -5.25
1.2034103302137575 1.2034103302137575 -5.25
1.444092396256509 1.1373366559497509 -5.25
1.6847744622992606 1.0539224811048258 -5.25
1.9254565283420122 0.9486043456039804 -5.25
-1.819738649519601 1.1383252147247767 -5.25
-1.592271318329651 1.264706977325791 -5.25
-1.3648039871397009 1.3648039871397009 -5.25
-1.1373366559497509 1.444092396256509 -5.25
-0.9098693247598005 1.5058627146379795 -5.25
-0.6824019935698504 1.5522077575329338 -5.25
-0.45493466237990027 1.584481640963861 -5.25
-0.22746733118995013 1.6035342089756597 -5.25
0.0 1.6098349570550445 -5.25
0.22746733118995013 1.6035342089756597 -5.25
0.45493466237990027 1.584481640963861 -5.25
0.6824019935698504 1.5522077575329338 -5.25
0.9098693247598005 1.5058627146379795 -5.25
1.1373366559497509 1.444092396256509 -5.25
1.3648039871397009 1.3648039871397009 -5.25
1.592271318329651 1.264706977325791 -5.25
1.819738649519601 1.1383252147247767 -5.25
-1.6862759697677214 1.3280460838455725 -5.25
-1.4754914735467561 1.4754914735467561 -5.25
-1.264706977325791 1.592271318329651 -5.25
-1.0539224811048258 1.6847744622992606 -5.25
-0.8431379848838607 1.7568398337443094 -5.25
-0.6323534886628955 1.8109090504550893 -5.25
-0.42156899244193036 1.8485619144578376 -5.25
-0.21078449622096518 1.870789910471603 -5.25
0.0 1.8781407832308852 -5.25
0.21078449622096518 1.870789910471603 -5.25
0.42156899244193036 1.8485619144578376 -5.25
0.6323534886628955 1.8109090504550893 -5.25
0.8431379848838607 1.7568398337443094 -5.25
1.0539224811048258 1.6847744622992606 -5.25
1.264706977325791 1.592271318329651 -5.25
1.4754914735467561 1.4754914735467561 -5.25
1.6862759697677214 1.3280460838455725 -5.25
-1.5177669529663689 1.5177669529663689 -5.25
-1.3280460838455725 1.6862759697677214 -5.25
-1.1383252147247767 1.819738649519601 -5.25
-0.9486043456039804 1.9254565283420122 -5.25
-0.7588834764831844 2.0078169528506393 -5.25
-0.5691626073623883 2.069610343377245 -5.25
-0.3794417382415922 2.1126421879518142 -5.25
-0.1897208691207961 2.1380456119675464 -5.25
0.0 2.146446609406726 -5.25
0.1897208691207961 2.1380456119675464 -5.25
0.3794417382415922 2.1126421879518142 -5.25
0.5691626073623883 2.069610343377245 -5.25
0.7588834764831844 2.0078169528506393 -5.25
0.9486043456039804 1.9254565283420122 -5.25
1.1383252147247767 1.819738649519601 -5.25
1.3280460838455725 1.6862759697677214 -5.25
1.5177669529663689 1.5177669529663689 -5.25
-1.5434750563807098 -1.5434750563807098 -5.03125
-1.350540674333121 -1.714838297423611 -5.03125
-1.1576062922855324 -1.850561582709371 -5.03125
-0.9646719102379436 -1.9580701225790527 -5.03125
-0.7717375281903549 -2.0418255770073777 -5.03125
-0.5788031461427662 -2.104665630772286 -5.03125
-0.38586876409517745 -2.1484263534583934 -5.03125
-0.19293438204758873 -2.174260063461311 -5.03125
0.0 -2.182803357918177 -5.03125
0.19293438204758873 -2.174260063461311 -5.03125
0.38586876409517745 -2.1484263534583934 -5.03125
0.5788031461427662 -2.104665630772286 -5.03125
0.7717375281903549 -2.0418255770073777 -5.03125
0.9646719102379436 -1.9580701225790527 -5.03125
1.1576062922855324 -1.850561582709371 -5.03125
1.350540674333121 -1.714838297423611 -5.03125
1.5434750563807098 -1.5434750563807098 -5.03125
-1.714838297423611 -1.350540674333121 -5.03125
-1.5004835102456595 -1.5004835102456595 -5.03125
-1.2861287230677083 -1.6192413848707 -5.03125
-1.071773935889757 -1.7133113572566712 -5.03125
-0.8574191487118055 -1.7865973798814556 -5.03125
-0.6430643615338542 -1.8415824269257504 -5.03125
-0.42870957435590273 -1.8798730592760944 -5.03125
-0.21435478717795137 -1.9024775555286473 -5.03125
0.0 -1.909952938178405 -5.03125
0.21435478717795137 -1.9024775555286473 -5.03125
0.42870957435590273 -1.8798730592760944 -5.03125
0.6430643615338542 -1.8415824269257504 -5.03125
0.8574191487118055 -1.7865973798814556 -5.03125
1.071773935889757 -1.7133113572566712 -5.03125
1.2861287230677083 -1.6192413848707 -5.03125
1.5004835102456595 -1.5004835102456595 -5.03125
1.714838297423611 -1.350540674333121 -5.03125
-1.850561582709371 -1.1576062922855324 -5.03125
-1.6192413848707 -1.2861287230677083 -5.03125
-1.3879211870320283 -1.3879211870320283 -5.03125
-1.156600989193357 -1.4685525919342894 -5.03125
-0.9252807913546856 -1.5313691827555334 -5.03125
-0.6939605935160141 -1.5784992230792145 -5.03125
-0.4626403956773428 -1.6113197650937954 -5.03125
-0.2313201978386714 -1.6306950475959834 -5.03125
0.0 -1.637102518438633 -5.03125
0.2313201978386714 -1.6306950475959834 -5.03125
0.4626403956773428 -1.6113197650937954 -5.03125
0.6939605935160141 -1.5784992230792145 -5.03125
0.9252807913546856 -1.5313691827555334 -5.03125
1.156600989193357 -1.4685525919342894 -5.03125
1.3879211870320283 -1.3879211870320283 -5.03125
1.6192413848707 -1.2861287230677083 -5.03125
1.850561582709371 -1.1576062922855324 -5.03125
-1.9580701225790527 -0.9646719102379436 -5.03125
-1.7133113572566712 -1.071773935889757 -5.03125
-1.4685525919342894 -1.156600989193357 -5.03125
-1.223793826611908 -1.223793826611908 -5.03125
-0.9790350612895263 -1.276140985629611 -5.03125
-0.7342762959671447 -1.315416019232679 -5.03125
-0.48951753064476317 -1.342766470911496 -5.03125
-0.24475876532238158 -1.3589125396633195 -5.03125
0.0 -1.3642520986988607 -5.03125
0.24475876532238158 -1.3589125396633195 -5.03125
0.48951753064476317 -1.342766470911496 -5.03125
0.7342762959671447 -1.315416019232679 -5.03125
0.9790350612895263 -1.276140985629611 -5.03125
1.223793826611908 -1.223793826611908 -5.03125
1.4685525919342894 -1.156600989193357 -5.03125
1.7133113572566712 -1.071773935889757 -5.03125
1.9580701225790527 -0.9646719102379436 -5.03125
-2.0418255770073777 -0.7717375281903549 -5.03125
-1.7865973798814556 -0.8574191487118055 -5.03125
-1.5313691827555334 -0.9252807913546856 -5.03125
-1.276140985629611 -0.9790350612895263 -5.03125
-1.0209127885036888 -1.0209127885036888 -5.03125
-0.7656845913777667 -1.052332815386143 -5.03125
-0.5104563942518444 -1.0742131767291967 -5.03125
-0.2552281971259222 -1.0871300317306556 -5.03125
0.0 -1.0914016789590886 -5.03125
0.2552281971259222 -1.0871300317306556 -5.03125
0.5104563942518444 -1.0742131767291967 -5.03125
0.7656845913777667 -1.052332815386143 -5.03125
1.0209127885036888 -1.0209127885036888 -5.03125
1.276140985629611 -0.9790350612895263 -5.03125
1.5313691827555334 -0.9252807913546856 -5.03125
1.7865973798814556 -0.8574191487118055 -5.03125
2.0418255770073777 -0.7717375281903549 -5.03125
-2.104665630772286 -0.5788031461427662 -5.03125
-1.8415824269257504 -0.6430643615338542 -5.03125
-1.5784992230792145 -0.6939605935160141 -5.03125
-1.315416019232679 -0.7342762959671447 -5.03125
-1.052332815386143 -0.7656845913777667 -5.03125
-0.7892496115396073 -0.7892496115396073 -5.03125
-0.5261664076930715 -0.8056598825468977 -5.03125
-0.2630832038465358 -0.8153475237979917 -5.03125
0.0 -0.8185512592193165 -5.03125
0.2630832038465358 -0.8153475237979917 -5.03125
0.5261664076930715 -0.8056598825468977 -5.03125
0.7892496115396073 -0.7892496115396073 -5.03125
1.052332815386143 -0.7656845913777667 -5.03125
1.315416019232679 -0.7342762959671447 -5.03125
1.5784992230792145 -0.6939605935160141 -5.03125
1.8415824269257504 -0.6430643615338542 -5.03125
2.104665630772286 -0.5788031461427662 -5.03125
-2.1484263534583934 -0.38586876409517745 -5.03125
-1.8798730592760944 -0.42870957435590273 -5.03125
-1.6113197650937954 -0.4626403956773428 -5.03125
-1.342766470911496 -0.48951753064476317 -5.03125
-1.0742131767291967 -0.5104563942518444 -5.03125
-0.8056598825468977 -0.5261664076930715 -5.03125
-0.5371065883645983 -0.5371065883645983 -5.03125
-0.2685532941822992 -0.5435650158653278 -5.03125
0.0 -0.5457008394795443 -5.03125
0.2685532941822992 -0.5435650158653278 -5.03125
0.5371065883645983 -0.5371065883645983 -5.03125
0.8056598825468977 -0.5261664076930715 -5.03125
1.0742131767291967 -0.5104563942518444 -5.03125
1.342766470911496 -0.48951753064476317 -5.03125
1.6113197650937954 -0.4626403956773428 -5.03125
1.8798730592760944 -0.42870957435590273 -5.03125
2.1484263534583934 -0.38586876409517745 -5.03125
-2.174260063461311 -0.19293438204758873 -5.03125
-1.9024775555286473 -0.21435478717795137 -5.03125
-1.6306950475959834 -0.2313201978386714 -5.03125
-1.3589125396633195 -0.24475876532238158 -5.03125
-1.0871300317306556 -0.2552281971259222 -5.03125
-0.8153475237979917 -0.2630832038465358 -5.03125
-0.5435650158653278 -0.2685532941822992 -5.03125
-0.2717825079326639 -0.2717825079326639 -5.03125
0.0 -0.27285041973977214 -5.03125
0.2717825079326639 -0.2717825079326639 -5.03125
0.5435650158653278 -0.2685532941822992 -5.03125
0.8153475237979917 -0.2630832038465358 -5.03125
1.0871300317306556 -0.2552281971259222 -5.03125
1.3589125396633195 -0.24475876532238158 -5.03125
1.6306950475959834 -0.2313201978386714 -5.03125
1.9024775555286473 -0.21435478717795137 -5.03125
2.174260063461311 -0.19293438204758873 -5.03125
-2.182803357918177 0.0 -5.03125
-1.909952938178405 0.0 -5.03125
-1.637102518438633 0.0 -5.03125
-1.3642520986988607 0.0 -5.03125
-1.0914016789590886 0.0 -5.03125
-0.8185512592193165 0.0 -5.03125
-0.5457008394795443 0.0 -5.03125
-0.27285041973977214 0.0 -5.03125
0.0 0.0 -5.03125
0.27285041973977214 0.0 -5.03125
0.5457008394795443 0.0 -5.03125
0.8185512592193165 0.0 -5.03125
1.0914016789590886 0.0 -5.03125
1.3642520986988607 0.0 -5.03125
1.637102518438633 0.0 -5.03125
1.909952938178405 0.0 -5.03125
2.182803357918177 0.0 -5.03125
-2.174260063461311 0.19293438204758873 -5.03125
-1.9024775555286473 0.21435478717795137 -5.03125
-1.6306950475959834 0.2313201978386714 -5.03125
-1.3589125396633195 0.24475876532238158 -5.03125
-1.0871300317306556 0.2552281971259222 -5.03125
-0.8153475237979917 0.2630832038465358 -5.03125
-0.5435650158653278 0.2685532941822992 -5.03125
-0.2717825079326639 0.2717825079326639 -5.03125
0.0 0.27285041973977214 -5.03125
0.2717825079326639 0.2717825079326639 -5.03125
0.5435650158653278 0.2685532941822992 -5.03125
0.8153475237979917 0.2630832038465358 -5.03125
1.0871300317306556 0.2552281971259222 -5.03125
1.3589125396633195 0.24475876532238158 -5.03125
1.6306950475959834 0.2313201978386714 -5.03125
1.9024775555286473 0.21435478717795137 -5.03125
2.174260063461311 0.19293438204758873 -5.03125
-2.1484263534583934 0.38586876409517745 -5.03125
-1.8798730592760944 0.42870957435590273 -5.03125
-1.6113197650937954 0.4626403956773428 -5.03125
-1.342766470911496 0.48951753064476317 -5.03125
-1.0742131767291967 0.5104563942518444 -5.03125
-0.8056598825468977 0.5261664076930715 -5.03125
-0.5371065883645983 0.5371065883645983 -5.03125
-0.2685532941822992 0.5435650158653278 -5.03125
0.0 0.5457008394795443 -5.03125
0.2685532941822992 0.5435650158653278 -5.03125
0.5371065883645983 0.5371065883645983 -5.03125
0.8056598825468977 0.5261664076930715 -5.03125
1.0742131767291967 0.5104563942518444 -5.03125
1.342766470911496 0.48951753064476317 -5.03125
1.6113197650937954 0.4626403956773428 -5.03125
1.8798730592760944 0.42870957435590273 -5.03125
2.1484263534583934 0.38586876409517745 -5.03125
-2.104665630772286 0.5788031461427662 -5.03125
-1.8415824269257504 0.6430643615338542 -5.03125
-1.5784992230792145 0.6939605935160141 -5.03125
-1.315416019232679 0.7342762959671447 -5.03125
-1.052332815386143 0.7656845913777667 -5.03125
-0.7892496115396073 0.7892496115396073 -5.03125
-0.5261664076930715 0.8056598825468977 -5.03125
-0.2630832038465358 0.8153475237979917 -5.03125
0.0 0.8185512592193165 -5.03125
0.2630832038465358 0.8153475237979917 -5.03125
0.5261664076930715 0.8056598825468977 -5.03125
0.7892496115396073 0.7892496115396073 -5.03125
1.052332815386143 0.7656845913777667 -5.03125
1.315416019232679 0.7342762959671447 -5.03125
1.5784992230792145 0.6939605935160141 -5.03125
1.8415824269257504 0.6430643615338542 -5.03125
2.104665630772286 0.5788031461427662 -5.03125
-2.0418255770073777 0.7717375281903549 -5.03125
-1.7865973798814556 0.8574191487118055 -5.03125
-1.5313691827555334 0.9252807913546856 -5.03125
-1.276140985629611 0.9790350612895263 -5.03125
-1.0209127885036888 1.0209127885036888 -5.03125
-0.7656845913777667 1.052332815386143 -5.03125
-0.5104563942518444 1.0742131767291967 -5.03125
-0.2552281971259222 1.0871300317306556 -5.03125
0.0 1.0914016789590886 -5.03125
0.2552281971259222 1.0871300317306556 -5.03125
0.5104563942518444 1.0742131767291967 -5.03125
0.7656845913777667 1.052332815386143 -5.03125
1.0209127885036888 1.0209127885036888 -5.03125
1.276140985629611 0.9790350612895263 -5.03125
1.5313691827555334 0.9252807913546856 -5.03125
1.7865973798814556 0.8574191487118055 -5.03125
2.0418255770073777 0.7717375281903549 -5.03125
-1.9580701225790527 0.9646719102379436 -5.03125
-1.7133113572566712 1.071773935889757 -5.03125
-1.4685525919342894 1.156600989193357 -5.03125
-1.223793826611908 1.223793826611908 -5.03125
-0.9790350612895263 1.276140985629611 -5.03125
-0.7342762959671447 1.315416019232679 -5.03125
-0.48951753064476317 1.342766470911496 -5.03125
-0.24475876532238158 1.3589125396633195 -5.03125
0.0 1.3642520986988607 -5.03125
0.24475876532238158 1.3589125396633195 -5.03125
0.48951753064476317 1.342766470911496 -5.03125
0.7342762959671447 1.315416019232679 -5.03125
0.9790350612895263 1.276140985629611 -5.03125
1.223793826611908 1.223793826611908 -5.03125
1.4685525919342894 1.156600989193357 -5.03125
1.7133113572566712 1.071773935889757 -5.03125
1.9580701225790527 0.9646719102379436 -5.03125
-1.850561582709371 1.1576062922855324 -5.03125
-1.6192413848707 1.2861287230677083 -5.03125
-1.3879211870320283 1.3879211870320283 -5.03125
-1.156600989193357 1.4685525919342894 -5.03125
-0.9252807913546856 1.5313691827555334 -5.03125
-0.6939605935160141 1.5784992230792145 -5.03125
-0.4626403956773428 1.6113197650937954 -5.03125
-0.2313201978386714 1.6306950475959834 -5.03125
0.0 1.637102518438633 -5.03125
0.2313201978386714 1.6306950475959834 -5.03125
0.4626403956773428 1.6113197650937954 -5.03125
0.6939605935160141 1.5784992230792145 -5.03125
0.9252807913546856 1.5313691827555334 -5.03125
1.156600989193357 1.4685525919342894 -5.03125
1.3879211870320283 1.3879211870320283 -5.03125
1.6192413848707 1.2861287230677083 -5.03125
1.850561582709371 1.1576062922855324 -5.03125
-1.714838297423611 1.350540674333121 -5.03125
-1.5004835102456595 1.5004835102456595 -5.03125
-1.2861287230677083 1.6192413848707 -5.03125
-1.071773935889757 1.7133113572566712 -5.03125
-0.8574191487118055 1.7865973798814556 -5.03125
-0.6430643615338542 1.8415824269257504 -5.03125
-0.42870957435590273 1.8798730592760944 -5.03125
-0.21435478717795137 1.9024775555286473 -5.03125
0.0 1.909952938178405 -5.03125
0.21435478717795137 1.9024775555286473 -5.03125
0.42870957435590273 1.8798730592760944 -5.03125
0.6430643615338542 1.8415824269257504 -5.03125
0.8574191487118055 1.7865973798814556 -5.03125
1.071773935889757 1.7133113572566712 -5.03125
1.2861287230677083 1.6192413848707 -5.03125
1.5004835102456595 1.5004835102456595 -5.03125
1.714838297423611 1.350540674333121 -5.03125
-1.5434750563807098 1.5434750563807098 -5.03125
-1.350540674333121 1.714838297423611 -5.03125
-1.1576062922855324 1.850561582709371 -5.03125
-0.9646719102379436 1.9580701225790527 -5.03125
-0.7717375281903549 2.0418255770073777 -5.03125
-0.5788031461427662 2.104665630772286 -5.03125
-0.38586876409517745 2.1484263534583934 -5.03125
-0.19293438204758873 2.174260063461311 -5.03125
0.0 2.182803357918177 -5.03125
0.19293438204758873 2.174260063461311 -5.03125
0.38586876409517745 2.1484263534583934 -5.03125
0.5788031461427662 2.104665630772286 -5.03125
0.7717375281903549 2.0418255770073777 -5.03125
0.9646719102379436 1.9580701225790527 -5.03125
1.1576062922855324 1.850561582709371 -5.03125
1.350540674333121 1.714838297423611 -5.03125
1.5434750563807098 1.5434750563807098 -5.03125
-1.5713432133695935 -1.5713432133695935 -4.8125
-1.3749253116983942 -1.7458004970947947 -4.8125
-1.178507410027195 -1.8839743291553501 -4.8125
-0.9820895083559958 -1.993423985503946 -4.8125
-0.7856716066847967 -2.078691683452524 -4.8125
-0.5892537050135975 -2.142666343491937 -4.8125
-0.39283580334239837 -2.187217186293508 -4.8125
-0.19641790167119919 -2.213517335895168 -4.8125
0.0 -2.222214883490199 -4.8125
0.19641790167119919 -2.213517335895168 -4.8125
0.39283580334239837 -2.187217186293508 -4.8125
0.5892537050135975 -2.142666343491937 -4.8125
0.7856716066847967 -2.078691683452524 -4.8125
0.9820895083559958 -1.993423985503946 -4.8125
1.178507410027195 -1.8839743291553501 -4.8125
1.3749253116983942 -1.7458004970947947 -4.8125
1.5713432133695935 -1.5713432133695935 -4.8125
-1.7458004970947947 -1.3749253116983942 -4.8125
-1.5275754349579453 -1.5275754349579453 -4.8125
-1.309350372821096 -1.6484775380109313 -4.8125
-1.0911253106842467 -1.7442459873159528 -4.8125
-0.8729002485473973 -1.8188552230209585 -4.8125
-0.654675186410548 -1.8748330505554445 -4.8125
-0.43645012427369867 -1.9138150380068197 -4.8125
-0.21822506213684933 -1.936827668908272 -4.8125
0.0 -1.944438023053924 -4.8125
0.21822506213684933 -1.936827668908272 -4.8125
0.43645012427369867 -1.9138150380068197 -4.8125
0.654675186410548 -1.8748330505554445 -4.8125
0.8729002485473973 -1.8188552230209585 -4.8125
1.0911253106842467 -1.7442459873159528 -4.8125
1.309350372821096 -1.6484775380109313 -4.8125
1.5275754349579453 -1.5275754349579453 -4.8125
1.7458004970947947 -1.3749253116983942 -4.8125
-1.8839743291553501 -1.178507410027195 -4.8125
-1.6484775380109313 -1.309350372821096 -4.8125
-1.4129807468665125 -1.4129807468665125 -4.8125
-1.1774839557220937 -1.4950679891279595 -4.8125
-0.9419871645776751 -1.559018762589393 -4.8125
-0.7064903734332563 -1.6069997576189525 -4.8125
-0.47099358228883753 -1.6404128897201313 -4.8125
-0.23549679114441877 -1.6601380019213758 -4.8125
0.0 -1.666661162617649 -4.8125
0.23549679114441877 -1.6601380019213758 -4.8125
0.47099358228883753 -1.6404128897201313 -4.8125
0.7064903734332563 -1.6069997576189525 -4.8125
0.9419871645776751 -1.559018762589393 -4.8125
1.1774839557220937 -1.4950679891279595 -4.8125
1.4129807468665125 -1.4129807468665125 -4.8125
1.6484775380109313 -1.309350372821096 -4.8125
1.8839743291553501 -1.178507410027195 -4.8125
-1.993423985503946 -0.9820895083559958 -4.8125
-1.7442459873159528 -1.0911253106842467 -4.8125
-1.4950679891279595 -1.1774839557220937 -4.8125
-1.245889990939966 -1.245889990939966 -4.8125
-0.996711992751973 -1.2991823021578277 -4.8125
-0.7475339945639797 -1.3391664646824606 -4.8125
-0.4983559963759865 -1.3670107414334425 -4.8125
-0.24917799818799324 -1.38344833493448 -4.8125
0.0 -1.3888843021813744 -4.8125
0.24917799818799324 -1.38344833493448 -4.8125
0.4983559963759865 -1.3670107414334425 -4.8125
0.7475339945639797 -1.3391664646824606 -4.8125
0.996711992751973 -1.2991823021578277 -4.8125
1.245889990939966 -1.245889990939966 -4.8125
1.4950679891279595 -1.1774839557220937 -4.8125
1.7442459873159528 -1.0911253106842467 -4.8125
1.993423985503946 -0.9820895083559958 -4.8125
-2.078691683452524 -0.7856716066847967 -4.8125
-1.8188552230209585 -0.8729002485473973 -4.8125
-1.559018762589393 -0.9419871645776751 -4.8125
-1.2991823021578277 -0.996711992751973 -4.8125
-1.039345841726262 -1.039345841726262 -4.8125
-0.7795093812946965 -1.0713331717459684 -4.8125
-0.519672920863131 -1.093608593146754 -4.8125
-0.2598364604315655 -1.106758667947584 -4.8125
0.0 -1.1111074417450995 -4.8125
0.2598364604315655 -1.106758667947584 -4.8125
0.519672920863131 -1.093608593146754 -4.8125
0.7795093812946965 -1.0713331717459684 -4.8125
1.039345841726262 -1.039345841726262 -4.8125
1.2991823021578277 -0.996711992751973 -4.8125
1.559018762589393 -0.9419871645776751 -4.8125
1.8188552230209585 -0.8729002485473973 -4.8125
2.078691683452524 -0.7856716066847967 -4.8125
-2.142666343491937 -0.5892537050135975 -4.8125
-1.8748330505554445 -0.654675186410548 -4.8125
-1.6069997576189525 -0.7064903734332563 -4.8125
-1.3391664646824606 -0.7475339945639797 -4.8125
-1.0713331717459684 -0.7795093812946965 -4.8125
-0.8034998788094763 -0.8034998788094763 -4.8125
-0.5356665858729842 -0.8202064448600657 -4.8125
-0.2678332929364921 -0.8300690009606879 -4.8125
0.0 -0.8333305813088245 -4.8125
0.2678332929364921 -0.8300690009606879 -4.8125
0.5356665858729842 -0.8202064448600657 -4.8125
0.8034998788094763 -0.8034998788094763 -4.8125
1.0713331717459684 -0.7795093812946965 -4.8125
1.3391664646824606 -0.7475339945639797 -4.8125
1.6069997576189525 -0.7064903734332563 -4.8125
1.8748330505554445 -0.654675186410548 -4.8125
2.142666343491937 -0.5892537050135975 -4.8125
-2.187217186293508 -0.39283580334239837 -4.8125
-1.9138150380068197 -0.43645012427369867 -4.8125
-1.6404128897201313 -0.47099358228883753 -4.8125
-1.3670107414334425 -0.4983559963759865 -4.8125
-1.093608593146754 -0.519672920863131 -4.8125
-0.8202064448600657 -0.5356665858729842 -4.8125
-0.546804296573377 -0.546804296573377 -4.8125
-0.2734021482866885 -0.553379333973792 -4.8125
0.0 -0.5555537208725497 -4.8125
0.2734021482866885 -0.553379333973792 -4.8125
0.546804296573377 -0.546804296573377 -4.8125
0.8202064448600657 -0.5356665858729842 -4.8125
1.093608593146754 -0.519672920863131 -4.8125
1.3670107414334425 -0.4983559963759865 -4.8125
1.6404128897201313 -0.47099358228883753 -4.8125
1.9138150380068197 -0.43645012427369867 -4.8125
2.187217186293508 -0.39283580334239837 -4.8125
-2.213517335895168 -0.19641790167119919 -4.8125
-1.936827668908272 -0.21822506213684933 -4.8125
-1.6601380019213758 -0.23549679114441877 -4.8125
-1.38344833493448 -0.24917799818799324 -4.8125
-1.106758667947584 -0.2598364604315655 -4.8125
-0.8300690009606879 -0.2678332929364921 -4.8125
-0.553379333973792 -0.2734021482866885 -4.8125
-0.276689666986896 -0.276689666986896 -4.8125
0.0 -0.27777686043627486 -4.8125
0.276689666986896 -0.276689666986896 -4.8125
0.553379333973792 -0.2734021482866885 -4.8125
0.8300690009606879 -0.2678332929364921 -4.8125
1.106758667947584 -0.2598364604315655 -4.8125
1.38344833493448 -0.24917799818799324 -4.8125
1.6601380019213758 -0.23549679114441877 -4.8125
1.936827668908272 -0.21822506213684933 -4.8125
2.213517335895168 -0.19641790167119919 -4.8125
-2.222214883490199 0.0 -4.8125
-1.944438023053924 0.0 -4.8125
-1.666661162617649 0.0 -4.8125
-1.3888843021813744 0.0 -4.8125
-1.1111074417450995 0.0 -4.8125
-0.8333305813088245 0.0 -4.8125
-0.5555537208725497 0.0 -4.8125
-0.27777686043627486 0.0 -4.8125
0.0 0.0 -4.8125
0.27777686043627486 0.0 -4.8125
0.5555537208725497 0.0 -4.8125
0.8333305813088245 0.0 -4.8125
1.1111074417450995 0.0 -4.8125
1.3888843021813744 0.0 -4.8125
1.666661162617649 0.0 -4.8125
1.944438023053924 0.0 -4.8125
2.222214883490199 0.0 -4.8125
-2.213517335895168 0.19641790167119919 -4.8125
-1.936827668908272 0.21822506213684933 -4.8125
-1.6601380019213758 0.23549679114441877 -4.8125
-1.38344833493448 0.24917799818799324 -4.8125
-1.106758667947584 0.2598364604315655 -4.8125
-0.8300690009606879 0.2678332929364921 -4.8125
-0.553379333973792 0.2734021482866885 -4.8125
-0.276689666986896 0.276689666986896 -4.8125
0.0 0.27777686043627486 -4.8125
0.276689666986896 0.276689666986896 -4.8125
0.553379333973792 0.2734021482866885 -4.8125
0.8300690009606879 0.2678332929364921 -4.8125
1.106758667947584 0.2598364604315655 -4.8125
1.38344833493448 0.24917799818799324 -4.8125
1.6601380019213758 0.23549679114441877 -4.8125
1.936827668908272 0.21822506213684933 -4.8125
2.213517335895168 0.19641790167119919 -4.8125
-2.187217186293508 0.39283580334239837 -4.8125
-1.9138150380068197 0.43645012427369867 -4.8125
-1.6404128897201313 0.47099358228883753 -4.8125
-1.3670107414334425 0.4983559963759865 -4.8125
-1.093608593146754 0.519672920863131 -4.8125
-0.8202064448600657 0.5356665858729842 -4.8125
-0.546804296573377 0.546804296573377 -4.8125
-0.2734021482866885 0.553379333973792 -4.8125
0.0 0.5555537208725497 -4.8125
0.2734021482866885 0.553379333973792 -4.8125
0.546804296573377 0.546804296573377 -4.8125
0.8202064448600657 0.5356665858729842 -4.8125
1.093608593146754 0.519672920863131 -4.8125
1.3670107414334425 0.4983559963759865 -4.8125
1.6404128897201313 0.47099358228883753 -4.8125
1.9138150380068197 0.43645012427369867 -4.8125
2.187217186293508 0.39283580334239837 -4.8125
-2.142666343491937 0.5892537050135975 -4.8125
-1.8748330505554445 0.654675186410548 -4.8125
-1.6069997576189525 0.7064903734332563 -4.8125
-1.3391664646824606 0.7475339945639797 -4.8125
-1.0713331717459684 0.7795093812946965 -4.8125
-0.8034998788094763 0.8034998788094763 -4.8125
-0.5356665858729842 0.8202064448600657 -4.8125
-0.2678332929364921 0.8300690009606879 -4.8125
0.0 0.8333305813088245 -4.8125
0.2678332929364921 0.8300690009606879 -4.8125
0.5356665858729842 0.8202064448600657 -4.8125
0.8034998788094763 0.8034998788094763 -4.8125
1.0713331717459684 0.7795093812946965 -4.8125
1.3391664646824606 0.7475339945639797 -4.8125
1.6069997576189525 0.7064903734332563 -4.8125
1.8748330505554445 0.654675186410548 -4.8125
2.142666343491937 0.5892537050135975 -4.8125
-2.078691683452524 0.7856716066847967 -4.8125
-1.8188552230209585 0.8729002485473973 -4.8125
-1.559018762589393 0.9419871645776751 -4.8125
-1.2991823021578277 0.996711992751973 -4.8125
-1.039345841726262 1.039345841726262 -4.8125
-0.7795093812946965 1.0713331717459684 -4.8125
-0.519672920863131 1.093608593146754 -4.8125
-0.2598364604315655 1.106758667947584 -4.8125
0.0 1.1111074417450995 -4.8125
0.2598364604315655 1.106758667947584 -4.8125
0.519672920863131 1.093608593146754 -4.8125
0.7795093812946965 1.0713331717459684 -4.8125
1.039345841726262 1.039345841726262 -4.8125
1.2991823021578277 0.996711992751973 -4.8125
1.559018762589393 0.9419871645776751 -4.8125
1.8188552230209585 0.8729002485473973 -4.8125
2.078691683452524 0.7856716066847967 -4.8125
-1.993423985503946 0.9820895083559958 -4.8125
-1.7442459873159528 1.0911253106842467 -4.8125
-1.4950679891279595 1.1774839557220937 -4.8125
-1.245889990939966 1.245889990939966 -4.8125
-0.996711992751973 1.2991823021578277 -4.8125
-0.7475339945639797 1.3391664646824606 -4.8125
-0.4983559963759865 1.3670107414334425 -4.8125
-0.24917799818799324 1.38344833493448 -4.8125
0.0 1.3888843021813744 -4.8125
0.24917799818799324 1.38344833493448 -4.8125
0.4983559963759865 1.3670107414334425 -4.8125
0.7475339945639797 1.3391664646824606 -4.8125
0.996711992751973 1.2991823021578277 -4.8125
1.245889990939966 1.245889990939966 -4.8125
1.4950679891279595 1.1774839557220937 -4.8125
1.7442459873159528 1.0911253106842467 -4.8125
1.993423985503946 0.9820895083559958 -4.8125
-1.8839743291553501 1.178507410027195 -4.8125
-1.6484775380109313 1.309350372821096 -4.8125
-1.4129807468665125 1.4129807468665125 -4.8125
-1.1774839557220937 1.4950679891279595 -4.8125
-0.9419871645776751 1.559018762589393 -4.8125
-0.7064903734332563 1.6069997576189525 -4.8125
-0.47099358228883753 1.6404128897201313 -4.8125
-0.23549679114441877 1.6601380019213758 -4.8125
0.0 1.666661162617649 -4.8125
0.23549679114441877 1.6601380019213758 -4.8125
0.47099358228883753 1.6404128897201313 -4.8125
0.7064903734332563 1.6069997576189525 -4.8125
0.9419871645776751 1.559018762589393 -4.8125
1.1774839557220937 1.4950679891279595 -4.8125
1.4129807468665125 1.4129807468665125 -4.8125
1.6484775380109313 1.309350372821096 -4.8125
1.8839743291553501 1.178507410027195 -4.8125
-1.7458004970947947 1.3749253116983942 -4.8125
-1.5275754349579453 1.5275754349579453 -4.8125
-1.309350372821096 1.6484775380109313 -4.8125
-1.0911253106842467 1.7442459873159528 -4.8125
-0.8729002485473973 1.8188552230209585 -4.8125
-0.654675186410548 1.8748330505554445 -4.8125
-0.43645012427369867 1.9138150380068197 -4.8125
-0.21822506213684933 1.936827668908272 -4.8125
0.0 1.944438023053924 -4.8125
0.21822506213684933 1.936827668908272 -4.8125
0.43645012427369867 1.9138150380068197 -4.8125
0.654675186410548 1.8748330505554445 -4.8125
0.8729002485473973 1.8188552230209585 -4.8125
1.0911253106842467 1.7442459873159528 -4.8125
1.309350372821096 1.6484775380109313 -4.8125
1.5275754349579453 1.5275754349579453 -4.8125
1.7458004970947947 1.3749253116983942 -4.8125
-1.5713432133695935 1.5713432133695935 -4.8125
-1.3749253116983942 1.7458004970947947 -4.8125
-1.178507410027195 1.8839743291553501 -4.8125
-0.9820895083559958 1.993423985503946 -4.8125
-0.7856716066847967 2.078691683452524 -4.8125
-0.5892537050135975 2.142666343491937 -4.8125
-0.39283580334239837 2.187217186293508 -4.8125
-0.19641790167119919 2.213517335895168 -4.8125
0.0 2.222214883490199 -4.8125
0.19641790167119919 2.213517335895168 -4.8125
0.39283580334239837 2.187217186293508 -4.8125
0.5892537050135975 2.142666343491937 -4.8125
0.7856716066847967 2.078691683452524 -4.8125
0.9820895083559958 1.993423985503946 -4.8125
1.178507410027195 1.8839743291553501 -4.8125
1.3749253116983942 1.7458004970947947 -4.8125
1.5713432133695935 1.5713432133695935 -4.8125
-1.6011030383469322 -1.6011030383469322 -4.59375
-1.4009651585535656 -1.7788643858727786 -4.59375
-1.2008272787601992 -1.9196551058439977 -4.59375
-1.0006893989668326 -2.031177640090338 -4.59375
-0.8005515191734661 -2.1180602314279473 -4.59375
-0.6004136393800996 -2.1832465138994035 -4.59375
-0.40027575958673306 -2.2286411095317296 -4.59375
-0.20013787979336653 -2.2554393602753704 -4.59375
0.0 -2.264301631587001 -4.59375
0.20013787979336653 -2.2554393602753704 -4.59375
0.40027575958673306 -2.2286411095317296 -4.59375
0.6004136393800996 -2.1832465138994035 -4.59375
0.8005515191734661 -2.1180602314279473 -4.59375
1.0006893989668326 -2.031177640090338 -4.59375
1.2008272787601992 -1.9196551058439977 -4.59375
1.4009651585535656 -1.7788643858727786 -4.59375
1.6011030383469322 -1.6011030383469322 -4.59375
-1.7788643858727786 -1.4009651585535656 -4.59375
-1.5565063376386812 -1.5565063376386812 -4.59375
-1.3341482894045842 -1.679698217613498 -4.59375
-1.1117902411704867 -1.7772804350790457 -4.59375
-0.8894321929363893 -1.8533027024994542 -4.59375
-0.6670741447022921 -1.910340699661978 -4.59375
-0.44471609646819465 -1.9500609708402634 -4.59375
-0.22235804823409733 -1.973509440240949 -4.59375
0.0 -1.981263927638626 -4.59375
0.22235804823409733 -1.973509440240949 -4.59375
0.44471609646819465 -1.9500609708402634 -4.59375
0.6670741447022921 -1.910340699661978 -4.59375
0.8894321929363893 -1.8533027024994542 -4.59375
1.1117902411704867 -1.7772804350790457 -4.59375
1.3341482894045842 -1.679698217613498 -4.59375
1.5565063376386812 -1.5565063376386812 -4.59375
1.7788643858727786 -1.4009651585535656 -4.59375
-1.9196551058439977 -1.2008272787601992 -4.59375
-1.679698217613498 -1.3341482894045842 -4.59375
-1.4397413293829981 -1.4397413293829981 -4.59375
-1.1997844411524987 -1.5233832300677534 -4.59375
-0.9598275529219988 -1.5885451735709606 -4.59375
-0.7198706646914991 -1.6374348854245526 -4.59375
-0.4799137764609994 -1.6714808321487973 -4.59375
-0.2399568882304997 -1.6915795202065276 -4.59375
0.0 -1.6982262236902508 -4.59375
0.2399568882304997 -1.6915795202065276 -4.59375
0.4799137764609994 -1.6714808321487973 -4.59375
0.7198706646914991 -1.6374348854245526 -4.59375
0.9598275529219988 -1.5885451735709606 -4.59375
1.1997844411524987 -1.5233832300677534 -4.59375
1.4397413293829981 -1.4397413293829981 -4.59375
1.679698217613498 -1.3341482894045842 -4.59375
1.9196551058439977 -1.2008272787601992 -4.59375
-2.031177640090338 -1.0006893989668326 -4.59375
-1.7772804350790457 -1.1117902411704867 -4.59375
-1.5233832300677534 -1.1997844411524987 -4.59375
-1.269486025056461 -1.269486025056461 -4.59375
-1.015588820045169 -1.3237876446424672 -4.59375
-0.7616916150338767 -1.3645290711871274 -4.59375
-0.5077944100225845 -1.392900693457331 -4.59375
-0.25389720501129226 -1.4096496001721064 -4.59375
0.0 -1.4151885197418757 -4.59375
0.25389720501129226 -1.4096496001721064 -4.59375
0.5077944100225845 -1.392900693457331 -4.59375
0.7616916150338767 -1.3645290711871274 -4.59375
1.015588820045169 -1.3237876446424672 -4.59375
1.269486025056461 -1.269486025056461 -4.59375
1.5233832300677534 -1.1997844411524987 -4.59375
1.7772804350790457 -1.1117902411704867 -4.59375
2.031177640090338 -1.0006893989668326 -4.59375
-2.1180602314279473 -0.8005515191734661 -4.59375
-1.8533027024994542 -0.8894321929363893 -4.59375
-1.5885451735709606 -0.9598275529219988 -4.59375
-1.3237876446424672 -1.015588820045169 -4.59375
-1.0590301157139737 -1.0590301157139737 -4.59375
-0.7942725867854803 -1.0916232569497017 -4.59375
-0.5295150578569868 -1.1143205547658648 -4.59375
-0.2647575289284934 -1.1277196801376852 -4.59375
0.0 -1.1321508157935005 -4.59375
0.2647575289284934 -1.1277196801376852 -4.59375
0.5295150578569868 -1.1143205547658648 -4.59375
0.7942725867854803 -1.0916232569497017 -4.59375
1.0590301157139737 -1.0590301157139737 -4.59375
1.3237876446424672 -1.015588820045169 -4.59375
1.5885451735709606 -0.9598275529219988 -4.59375
1.8533027024994542 -0.8894321929363893 -4.59375
2.1180602314279473 -0.8005515191734661 -4.59375
-2.1832465138994035 -0.6004136393800996 -4.59375
-1.910340699661978 -0.6670741447022921 -4.59375
-1.6374348854245526 -0.7198706646914991 -4.59375
-1.3645290711871274 -0.7616916150338767 -4.59375
-1.0916232569497017 -0.7942725867854803 -4.59375
-0.8187174427122763 -0.8187174427122763 -4.59375
-0.5458116284748509 -0.8357404160743986 -4.59375
-0.27290581423742544 -0.8457897601032638 -4.59375
0.0 -0.8491131118451254 -4.59375
0.27290581423742544 -0.8457897601032638 -4.59375
0.5458116284748509 -0.8357404160743986 -4.59375
0.8187174427122763 -0.8187174427122763 -4.59375
1.0916232569497017 -0.7942725867854803 -4.59375
1.3645290711871274 -0.7616916150338767 -4.59375
1.6374348854245526 -0.7198706646914991 -4.59375
1.910340699661978 -0.6670741447022921 -4.59375
2.1832465138994035 -0.6004136393800996 -4.59375
-2.2286411095317296 -0.40027575958673306 -4.59375
-1.9500609708402634 -0.44471609646819465 -4.59375
-1.6714808321487973 -0.4799137764609994 -4.59375
-1.392900693457331 -0.5077944100225845 -4.59375
-1.1143205547658648 -0.5295150578569868 -4.59375
-0.8357404160743986 -0.5458116284748509 -4.59375
-0.5571602773829324 -0.5571602773829324 -4.59375
-0.2785801386914662 -0.5638598400688426 -4.59375
0.0 -0.5660754078967503 -4.59375
0.2785801386914662 -0.5638598400688426 -4.59375
0.5571602773829324 -0.5571602773829324 -4.59375
0.8357404160743986 -0.5458116284748509 -4.59375
1.1143205547658648 -0.5295150578569868 -4.59375
1.392900693457331 -0.5077944100225845 -4.59375
1.6714808321487973 -0.4799137764609994 -4.59375
1.9500609708402634 -0.44471609646819465 -4.59375
2.2286411095317296 -0.40027575958673306 -4.59375
-2.2554393602753704 -0.20013787979336653 -4.59375
-1.973509440240949 -0.22235804823409733 -4.59375
-1.6915795202065276 -0.2399568882304997 -4.59375
-1.4096496001721064 -0.25389720501129226 -4.59375
-1.1277196801376852 -0.2647575289284934 -4.59375
-0.8457897601032638 -0.27290581423742544 -4.59375
-0.5638598400688426 -0.2785801386914662 -4.59375
-0.2819299200344213 -0.2819299200344213 -4.59375
0.0 -0.28303770394837513 -4.59375
0.2819299200344213 -0.2819299200344213 -4.59375
0.5638598400688426 -0.2785801386914662 -4.59375
0.8457897601032638 -0.27290581423742544 -4.59375
1.1277196801376852 -0.2647575289284934 -4.59375
1.4096496001721064 -0.25389720501129226 -4.59375
1.6915795202065276 -0.2399568882304997 -4.59375
1.973509440240949 -0.22235804823409733 -4.59375
2.2554393602753704 -0.20013787979336653 -4.59375
-2.264301631587001 0.0 -4.59375
-1.981263927638626 0.0 -4.59375
-1.6982262236902508 0.0 -4.59375
-1.4151885197418757 0.0 -4.59375
-1.1321508157935005 0.0 -4.59375
-0.8491131118451254 0.0 -4.59375
-0.5660754078967503 0.0 -4.59375
-0.28303770394837513 0.0 -4.59375
0.0 0.0 -4.59375
0.28303770394837513 0.0 -4.59375
0.5660754078967503 0.0 -4.59375
0.8491131118451254 0.0 -4.59375
1.1321508157935005 0.0 -4.59375
1.4151885197418757 0.0 -4.59375
1.6982262236902508 0.0 -4.59375
1.981263927638626 0.0 -4.59375
2.264301631587001 0.0 -4.59375
-2.2554393602753704 0.20013787979336653 -4.59375
-1.973509440240949 0.22235804823409733 -4.59375
-1.6915795202065276 0.2399568882304997 -4.59375
-1.4096496001721064 0.25389720501129226 -4.59375
-1.1277196801376852 0.2647575289284934 -4.59375
-0.8457897601032638 0.27290581423742544 -4.59375
-0.5638598400688426 0.2785801386914662 -4.59375
-0.2819299200344213 0.2819299200344213 -4.59375
0.0 0.28303770394837513 -4.59375
0.2819299200344213 0.2819299200344213 -4.59375
0.5638598400688426 0.2785801386914662 -4.59375
0.8457897601032638 0.27290581423742544 -4.59375
1.1277196801376852 0.2647575289284934 -4.59375
1.4096496001721064 0.25389720501129226 -4.59375
1.6915795202065276 0.2399568882304997 -4.59375
1.973509440240949 0.22235804823409733 -4.59375
2.2554393602753704 0.20013787979336653 -4.59375
-2.2286411095317296 0.40027575958673306 -4.59375
-1.9500609708402634 0.44471609646819465 -4.59375
-1.6714808321487973 0.4799137764609994 -4.59375
-1.392900693457331 0.5077944100225845 -4.59375
-1.1143205547658648 0.5295150578569868 -4.59375
-0.8357404160743986 0.5458116284748509 -4.59375
-0.5571602773829324 0.5571602773829324 -4.59375
-0.2785801386914662 0.5638598400688426 -4.59375
0.0 0.5660754078967503 -4.59375
0.2785801386914662 0.5638598400688426 -4.59375
0.5571602773829324 0.5571602773829324 -4.59375
0.8357404160743986 0.5458116284748509 -4.59375
1.1143205547658648 0.5295150578569868 -4.59375
1.392900693457331 0.5077944100225845 -4.59375
1.6714808321487973 0.4799137764609994 -4.59375
1.9500609708402634 0.44471609646819465 -4.59375
2.2286411095317296 0.40027575958673306 -4.59375
-2.1832465138994035 0.6004136393800996 -4.59375
-1.910340699661978 0.6670741447022921 -4.59375
-1.6374348854245526 0.7198706646914991 -4.59375
-1.3645290711871274 0.7616916150338767 -4.59375
-1.0916232569497017 0.7942725867854803 -4.59375
-0.8187174427122763 0.8187174427122763 -4.59375
-0.5458116284748509 0.8357404160743986 -4.59375
-0.27290581423742544 0.8457897601032638 -4.59375
0.0 0.8491131118451254 -4.59375
0.27290581423742544 0.8457897601032638 -4.59375
0.5458116284748509 0.8357404160743986 -4.59375
0.8187174427122763 0.8187174427122763 -4.59375
1.0916232569497017 0.7942725867854803 -4.59375
1.3645290711871274 0.7616916150338767 -4.59375
1.6374348854245526 0.7198706646914991 -4.59375
1.910340699661978 0.6670741447022921 -4.59375
2.1832465138994035 0.6004136393800996 -4.59375
-2.1180602314279473 0.8005515191734661 -4.59375
-1.8533027024994542 0.8894321929363893 -4.59375
-1.5885451735709606 0.9598275529219988 -4.59375
-1.3237876446424672 1.015588820045169 -4.59375
-1.0590301157139737 1.0590301157139737 -4.59375
-0.7942725867854803 1.0916232569497017 -4.59375
-0.5295150578569868 1.1143205547658648 -4.59375
-0.2647575289284934 1.1277196801376852 -4.59375
0.0 1.1321508157935005 -4.59375
0.2647575289284934 1.1277196801376852 -4.59375
0.5295150578569868 1.1143205547658648 -4.59375
0.7942725867854803 1.0916232569497017 -4.59375
1.0590301157139737 1.0590301157139737 -4.59375
1.3237876446424672 1.015588820045169 -4.59375
1.5885451735709606 0.9598275529219988 -4.59375
1.8533027024994542 0.8894321929363893 -4.59375
2.1180602314279473 0.8005515191734661 -4.59375
-2.031177640090338 1.0006893989668326 -4.59375
-1.7772804350790457 1.1117902411704867 -4.59375
-1.5233832300677534 1.1997844411524987 -4.59375
-1.269486025056461 1.269486025056461 -4.59375
-1.015588820045169 1.3237876446424672 -4.59375
-0.7616916150338767 1.3645290711871274 -4.59375
-0.5077944100225845 1.392900693457331 -4.59375
-0.25389720501129226 1.4096496001721064 -4.59375
0.0 1.4151885197418757 -4.59375
0.25389720501129226 1.4096496001721064 -4.59375
0.5077944100225845 1.392900693457331 -4.59375
0.7616916150338767 1.3645290711871274 -4.59375
1.015588820045169 1.3237876446424672 -4.59375
1.269486025056461 1.269486025056461 -4.59375
1.5233832300677534 1.1997844411524987 -4.59375
1.7772804350790457 1.1117902411704867 -4.59375
2.031177640090338 1.0006893989668326 -4.59375
-1.9196551058439977 1.2008272787601992 -4.59375
-1.679698217613498 1.3341482894045842 -4.59375
-1.4397413293829981 1.4397413293829981 -4.59375
-1.1997844411524987 1.5233832300677534 -4.59375
-0.9598275529219988 1.5885451735709606 -4.59375
-0.7198706646914991 1.6374348854245526 -4.59375
-0.4799137764609994 1.6714808321487973 -4.59375
-0.2399568882304997 1.6915795202065276 -4.59375
0.0 1.6982262236902508 -4.59375
0.2399568882304997 1.6915795202065276 -4.59375
0.4799137764609994 1.6714808321487973 -4.59375
0.7198706646914991 1.6374348854245526 -4.59375
0.9598275529219988 1.5885451735709606 -4.59375
1.1997844411524987 1.5233832300677534 -4.59375
1.4397413293829981 1.4397413293829981 -4.59375
1.679698217613498 1.3341482894045842 -4.59375
1.9196551058439977 1.2008272787601992 -4.59375
-1.7788643858727786 1.4009651585535656 -4.59375
-1.5565063376386812 1.5565063376386812 -4.59375
-1.3341482894045842 1.679698217613498 -4.59375
-1.1117902411704867 1.7772804350790457 -4.59375
-0.8894321929363893 1.8533027024994542 -4.59375
-0.6670741447022921 1.910340699661978 -4.59375
-0.44471609646819465 1.9500609708402634 -4.59375
-0.22235804823409733 1.973509440240949 -4.59375
0.0 1.981263927638626 -4.59375
0.22235804823409733 1.973509440240949 -4.59375
0.44471609646819465 1.9500609708402634 -4.59375
0.6670741447022921 1.910340699661978 -4.59375
0.8894321929363893 1.8533027024994542 -4.59375
1.1117902411704867 1.7772804350790457 -4.59375
1.3341482894045842 1.679698217613498 -4.59375
1.5565063376386812 1.5565063376386812 -4.59375
1.7788643858727786 1.4009651585535656 -4.59375
-1.6011030383469322 1.6011030383469322 -4.59375
-1.4009651585535656 1.7788643858727786 -4.59375
-1.2008272787601992 1.9196551058439977 -4.59375
-1.0006893989668326 2.031177640090338 -4.59375
-0.8005515191734661 2.1180602314279473 -4.59375
-0.6004136393800996 2.1832465138994035 -4.59375
-0.40027575958673306 2.2286411095317296 -4.59375
-0.20013787979336653 2.2554393602753704 -4.59375
0.0 2.264301631587001 -4.59375
0.20013787979336653 2.2554393602753704 -4.59375
0.40027575958673306 2.2286411095317296 -4.59375
0.6004136393800996 2.1832465138994035 -4.59375
0.8005515191734661 2.1180602314279473 -4.59375
1.0006893989668326 2.031177640090338 -4.59375
1.2008272787601992 1.9196551058439977 -4.59375
1.4009651585535656 1.7788643858727786 -4.59375
1.6011030383469322 1.6011030383469322 -4.59375
-1.6324679279298198 -1.6324679279298198 -4.375
-1.4284094369385922 -1.8137115404340713 -4.375
-1.224350945947365 -1.9572602873907063 -4.375
-1.0202924549561374 -2.070967498006315 -4.375
-0.8162339639649099 -2.159552080295608 -4.375
-0.6121754729736825 -2.226015332770286 -4.375
-0.40811698198245494 -2.2722991881476546 -4.375
-0.20405849099122747 -2.299622404590228 -4.375
0.0 -2.308658283817455 -4.375
0.20405849099122747 -2.299622404590228 -4.375
0.40811698198245494 -2.2722991881476546 -4.375
0.6121754729736825 -2.226015332770286 -4.375
0.8162339639649099 -2.159552080295608 -4.375
1.0202924549561374 -2.070967498006315 -4.375
1.224350945947365 -1.9572602873907063 -4.375
1.4284094369385922 -1.8137115404340713 -4.375
1.6324679279298198 -1.6324679279298198 -4.375
-1.8137115404340713 -1.4284094369385922 -4.375
-1.5869975978798123 -1.5869975978798123 -4.375
-1.3602836553255535 -1.7126027514668682 -4.375
-1.1335697127712945 -1.8120965607555255 -4.375
-0.9068557702170357 -1.8896080702586568 -4.375
-0.6801418276627768 -1.9477634161739998 -4.375
-0.45342788510851784 -1.9882617896291979 -4.375
-0.22671394255425892 -2.0121696040164494 -4.375
0.0 -2.0200759983402734 -4.375
0.22671394255425892 -2.0121696040164494 -4.375
0.45342788510851784 -1.9882617896291979 -4.375
0.6801418276627768 -1.9477634161739998 -4.375
0.9068557702170357 -1.8896080702586568 -4.375
1.1335697127712945 -1.8120965607555255 -4.375
1.3602836553255535 -1.7126027514668682 -4.375
1.5869975978798123 -1.5869975978798123 -4.375
1.8137115404340713 -1.4284094369385922 -4.375
-1.9572602873907063 -1.224350945947365 -4.375
-1.7126027514668682 -1.3602836553255535 -4.375
-1.4679452155430297 -1.4679452155430297 -4.375
-1.2232876796191916 -1.5532256235047361 -4.375
-0.9786301436953532 -1.619664060221706 -4.375
-0.7339726077715149 -1.6695114995777143 -4.375
-0.4893150718476766 -1.704224391110741 -4.375
-0.2446575359238383 -1.7247168034426708 -4.375
0.0 -1.7314937128630914 -4.375
0.2446575359238383 -1.7247168034426708 -4.375
0.4893150718476766 -1.704224391110741 -4.375
0.7339726077715149 -1.6695114995777143 -4.375
0.9786301436953532 -1.619664060221706 -4.375
1.2232876796191916 -1.5532256235047361 -4.375
1.4679452155430297 -1.4679452155430297 -4.375
1.7126027514668682 -1.3602836553255535 -4.375
1.9572602873907063 -1.224350945947365 -4.375
-2.070967498006315 -1.0202924549561374 -4.375
-1.8120965607555255 -1.1335697127712945 -4.375
-1.5532256235047361 -1.2232876796191916 -4.375
-1.2943546862539468 -1.2943546862539468 -4.375
-1.0354837490031574 -1.349720050184755 -4.375
-0.7766128117523681 -1.3912595829814287 -4.375
-0.5177418745015787 -1.420186992592284 -4.375
-0.25887093725078936 -1.4372640028688923 -4.375
0.0 -1.4429114273859094 -4.375
0.25887093725078936 -1.4372640028688923 -4.375
0.5177418745015787 -1.420186992592284 -4.375
0.7766128117523681 -1.3912595829814287 -4.375
1.0354837490031574 -1.349720050184755 -4.375
1.2943546862539468 -1.2943546862539468 -4.375
1.5532256235047361 -1.2232876796191916 -4.375
1.8120965607555255 -1.1335697127712945 -4.375
2.070967498006315 -1.0202924549561374 -4.375
-2.159552080295608 -0.8162339639649099 -4.375
-1.8896080702586568 -0.9068557702170357 -4.375
-1.619664060221706 -0.9786301436953532 -4.375
-1.349720050184755 -1.0354837490031574 -4.375
-1.079776040147804 -1.079776040147804 -4.375
-0.809832030110853 -1.113007666385143 -4.375
-0.539888020073902 -1.1361495940738273 -4.375
-0.269944010036951 -1.149811202295114 -4.375
0.0 -1.1543291419087276 -4.375
0.269944010036951 -1.149811202295114 -4.375
0.539888020073902 -1.1361495940738273 -4.375
0.809832030110853 -1.113007666385143 -4.375
1.079776040147804 -1.079776040147804 -4.375
1.349720050184755 -1.0354837490031574 -4.375
1.619664060221706 -0.9786301436953532 -4.375
1.8896080702586568 -0.9068557702170357 -4.375
2.159552080295608 -0.8162339639649099 -4.375
-2.226015332770286 -0.6121754729736825 -4.375
-1.9477634161739998 -0.6801418276627768 -4.375
-1.6695114995777143 -0.7339726077715149 -4.375
-1.3912595829814287 -0.7766128117523681 -4.375
-1.113007666385143 -0.809832030110853 -4.375
-0.8347557497888571 -0.8347557497888571 -4.375
-0.5565038331925715 -0.8521121955553705 -4.375
-0.27825191659628573 -0.8623584017213354 -4.375
0.0 -0.8657468564315457 -4.375
0.27825191659628573 -0.8623584017213354 -4.375
0.5565038331925715 -0.8521121955553705 -4.375
0.8347557497888571 -0.8347557497888571 -4.375
1.113007666385143 -0.809832030110853 -4.375
1.3912595829814287 -0.7766128117523681 -4.375
1.6695114995777143 -0.7339726077715149 -4.375
1.9477634161739998 -0.6801418276627768 -4.375
2.226015332770286 -0.6121754729736825 -4.375
-2.2722991881476546 -0.40811698198245494 -4.375
-1.9882617896291979 -0.45342788510851784 -4.375
-1.704224391110741 -0.4893150718476766 -4.375
-1.420186992592284 -0.5177418745015787 -4.375
-1.1361495940738273 -0.539888020073902 -4.375
-0.8521121955553705 -0.5565038331925715 -4.375
-0.5680747970369137 -0.5680747970369137 -4.375
-0.28403739851845683 -0.574905601147557 -4.375
0.0 -0.5771645709543638 -4.375
0.28403739851845683 -0.574905601147557 -4.375
0.5680747970369137 -0.5680747970369137 -4.375
0.8521121955553705 -0.5565038331925715 -4.375
1.1361495940738273 -0.539888020073902 -4.375
1.420186992592284 -0.5177418745015787 -4.375
1.704224391110741 -0.4893150718476766 -4.375
1.9882617896291979 -0.45342788510851784 -4.375
2.2722991881476546 -0.40811698198245494 -4.375
-2.299622404590228 -0.20405849099122747 -4.375
-2.0121696040164494 -0.22671394255425892 -4.375
-1.7247168034426708 -0.2446575359238383 -4.375
-1.4372640028688923 -0.25887093725078936 -4.375
-1.149811202295114 -0.269944010036951 -4.375
-0.8623584017213354 -0.27825191659628573 -4.375
-0.574905601147557 -0.28403739851845683 -4.375
-0.2874528005737785 -0.2874528005737785 -4.375
0.0 -0.2885822854771819 -4.375
0.2874528005737785 -0.2874528005737785 -4.375
0.574905601147557 -0.28403739851845683 -4.375
0.8623584017213354 -0.27825191659628573 -4.375
1.149811202295114 -0.269944010036951 -4.375
1.4372640028688923 -0.25887093725078936 -4.375
1.7247168034426708 -0.2446575359238383 -4.375
2.0121696040164494 -0.22671394255425892 -4.375
2.299622404590228 -0.20405849099122747 -4.375
-2.308658283817455 0.0 -4.375
-2.0200759983402734 0.0 -4.375
-1.7314937128630914 0.0 -4.375
-1.4429114273859094 0.0 -4.375
-1.1543291419087276 0.0 -4.375
-0.8657468564315457 0.0 -4.375
-0.5771645709543638 0.0 -4.375
-0.2885822854771819 0.0 -4.375
0.0 0.0 -4.375
0.2885822854771819 0.0 -4.375
0.5771645709543638 0.0 -4.375
0.8657468564315457 0.0 -4.375
1.1543291419087276 0.0 -4.375
1.4429114273859094 0.0 -4.375
1.7314937128630914 0.0 -4.375
2.0200759983402734 0.0 -4.375
2.308658283817455 0.0 -4.375
-2.299622404590228 0.20405849099122747 -4.375
-2.0121696040164494 0.22671394255425892 -4.375
-1.7247168034426708 0.2446575359238383 -4.375
-1.4372640028688923 0.25887093725078936 -4.375
-1.149811202295114 0.269944010036951 -4.375
-0.8623584017213354 0.27825191659628573 -4.375
-0.574905601147557 0.28403739851845683 -4.375
-0.2874528005737785 0.2874528005737785 -4.375
0.0 0.2885822854771819 -4.375
0.2874528005737785 0.2874528005737785 -4.375
0.574905601147557 0.28403739851845683 -4.375
0.8623584017213354 0.27825191659628573 -4.375
1.149811202295114 0.269944010036951 -4.375
1.4372640028688923 0.25887093725078936 -4.375
1.7247168034426708 0.2446575359238383 -4.375
2.0121696040164494 0.22671394255425892 -4.375
2.299622404590228 0.20405849099122747 -4.375
-2.2722991881476546 0.40811698198245494 -4.375
-1.9882617896291979 0.45342788510851784 -4.375
-1.704224391110741 0.4893150718476766 -4.375
-1.420186992592284 0.5177418745015787 -4.375
-1.1361495940738273 0.539888020073902 -4.375
-0.8521121955553705 0.5565038331925715 -4.375
-0.5680747970369137 0.5680747970369137 -4.375
-0.28403739851845683 0.574905601147557 -4.375
0.0 0.5771645709543638 -4.375
0.28403739851845683 0.574905601147557 -4.375
0.5680747970369137 0.5680747970369137 -4.375
0.8521121955553705 0.5565038331925715 -4.375
1.1361495940738273 0.539888020073902 -4.375
1.420186992592284 0.5177418745015787 -4.375
1.704224391110741 0.4893150718476766 -4.375
1.9882617896291979 0.45342788510851784 -4.375
2.2722991881476546 0.40811698198245494 -4.375
-2.226015332770286 0.6121754729736825 -4.375
-1.9477634161739998 0.6801418276627768 -4.375
-1.6695114995777143 0.7339726077715149 -4.375
-1.3912595829814287 0.7766128117523681 -4.375
-1.113007666385143 0.809832030110853 -4.375
-0.8347557497888571 0.8347557497888571 -4.375
-0.5565038331925715 0.8521121955553705 -4.375
-0.27825191659628573 0.8623584017213354 -4.375
0.0 0.8657468564315457 -4.375
0.27825191659628573 0.8623584017213354 -4.375
0.5565038331925715 0.8521121955553705 -4.375
0.8347557497888571 0.8347557497888571 -4.375
1.113007666385143 0.809832030110853 -4.375
1.3912595829814287 0.7766128117523681 -4.375
1.6695114995777143 0.7339726077715149 -4.375
1.9477634161739998 0.6801418276627768 -4.375
2.226015332770286 0.6121754729736825 -4.375
-2.159552080295608 0.8162339639649099 -4.375
-1.8896080702586568 0.9068557702170357 -4.375
-1.619664060221706 0.9786301436953532 -4.375
-1.349720050184755 1.0354837490031574 -4.375
-1.079776040147804 1.079776040147804 -4.375
-0.809832030110853 1.113007666385143 -4.375
-0.539888020073902 1.1361495940738273 -4.375
-0.269944010036951 1.149811202295114 -4.375
0.0 1.1543291419087276 -4.375
0.269944010036951 1.149811202295114 -4.375
0.539888020073902 1.1361495940738273 -4.375
0.809832030110853 1.113007666385143 -4.375
1.079776040147804 1.079776040147804 -4.375
1.349720050184755 1.0354837490031574 -4.375
1.619664060221706 0.9786301436953532 -4.375
1.8896080702586568 0.9068557702170357 -4.375
2.159552080295608 0.8162339639649099 -4.375
-2.070967498006315 1.0202924549561374 -4.375
-1.8120965607555255 1.1335697127712945 -4.375
-1.5532256235047361 1.2232876796191916 -4.375
-1.2943546862539468 1.2943546862539468 -4.375
-1.0354837490031574 1.349720050184755 -4.375
-0.7766128117523681 1.3912595829814287 -4.375
-0.5177418745015787 1.420186992592284 -4.375
-0.25887093725078936 1.4372640028688923 -4.375
0.0 1.4429114273859094 -4.375
0.25887093725078936 1.4372640028688923 -4.375
0.5177418745015787 1.420186992592284 -4.375
0.7766128117523681 1.3912595829814287 -4.375
1.0354837490031574 1.349720050184755 -4.375
1.2943546862539468 1.2943546862539468 -4.375
1.5532256235047361 1.2232876796191916 -4.375
1.8120965607555255 1.1335697127712945 -4.375
2.070967498006315 1.0202924549561374 -4.375
-1.9572602873907063 1.224350945947365 -4.375
-1.7126027514668682 1.3602836553255535 -4.375
-1.4679452155430297 1.4679452155430297 -4.375
-1.2232876796191916 1.5532256235047361 -4.375
-0.9786301436953532 1.619664060221706 -4.375
-0.7339726077715149 1.6695114995777143 -4.375
-0.4893150718476766 1.704224391110741 -4.375
-0.2446575359238383 1.7247168034426708 -4.375
0.0 1.7314937128630914 -4.375
0.2446575359238383 1.7247168034426708 -4.375
0.4893150718476766 1.704224391110741 -4.375
0.7339726077715149 1.6695114995777143 -4.375
0.9786301436953532 1.619664060221706 -4.375
1.2232876796191916 1.5532256235047361 -4.375
1.4679452155430297 1.4679452155430297 -4.375
1.7126027514668682 1.3602836553255535 -4.375
1.9572602873907063 1.224350945947365 -4.375
-1.8137115404340713 1.4284094369385922 -4.375
-1.5869975978798123 1.5869975978798123 -4.375
-1.3602836553255535 1.7126027514668682 -4.375
-1.1335697127712945 1.8120965607555255 -4.375
-0.9068557702170357 1.8896080702586568 -4.375
-0.6801418276627768 1.9477634161739998 -4.375
-0.45342788510851784 1.9882617896291979 -4.375
-0.22671394255425892 2.0121696040164494 -4.375
0.0 2.0200759983402734 -4.375
0.22671394255425892 2.0121696040164494 -4.375
0.45342788510851784 1.9882617896291979 -4.375
0.6801418276627768 1.9477634161739998 -4.375
0.9068557702170357 1.8896080702586568 -4.375
1.1335697127712945 1.8120965607555255 -4.375
1.3602836553255535 1.7126027514668682 -4.375
1.5869975978798123 1.5869975978798123 -4.375
1.8137115404340713 1.4284094369385922 -4.375
-1.6324679279298198 1.6324679279298198 -4.375
-1.4284094369385922 1.8137115404340713 -4.375
-1.224350945947365 1.9572602873907063 -4.375
-1.0202924549561374 2.070967498006315 -4.375
-0.8162339639649099 2.159552080295608 -4.375
-0.6121754729736825 2.226015332770286 -4.375
-0.40811698198245494 2.2722991881476546 -4.375
-0.20405849099122747 2.299622404590228 -4.375
0.0 2.308658283817455 -4.375
0.20405849099122747 2.299622404590228 -4.375
0.40811698198245494 2.2722991881476546 -4.375
0.6121754729736825 2.226015332770286 -4.375
0.8162339639649099 2.159552080295608 -4.375
1.0202924549561374 2.070967498006315 -4.375
1.224350945947365 1.9572602873907063 -4.375
1.4284094369385922 1.8137115404340713 -4.375
1.6324679279298198 1.6324679279298198 -4.375
-1.6651358210857796 -1.6651358210857796 -4.15625
-1.4569938434500571 -1.8500063636308546 -4.15625
-1.2488518658143348 -1.9964277153400976 -4.15625
-1.0407098881786123 -2.1124103611687968 -4.15625
-0.8325679105428898 -2.2027676408691574 -4.15625
-0.6244259329071674 -2.2705609129990414 -4.15625
-0.4162839552714449 -2.3177709709782777 -4.15625
-0.20814197763572245 -2.345640961970079 -4.15625
0.0 -2.354857661372769 -4.15625
0.20814197763572245 -2.345640961970079 -4.15625
0.4162839552714449 -2.3177709709782777 -4.15625
0.6244259329071674 -2.2705609129990414 -4.15625
0.8325679105428898 -2.2027676408691574 -4.15625
1.0407098881786123 -2.1124103611687968 -4.15625
1.2488518658143348 -1.9964277153400976 -4.15625
1.4569938434500571 -1.8500063636308546 -4.15625
1.6651358210857796 -1.6651358210857796 -4.15625
-1.8500063636308546 -1.4569938434500571 -4.15625
-1.6187555681769976 -1.6187555681769976 -4.15625
-1.3875047727231409 -1.7468742509225854 -4.15625
-1.156253977269284 -1.8483590660226972 -4.15625
-0.9250031818154273 -1.9274216857605126 -4.15625
-0.6937523863615704 -1.986740798874161 -4.15625
-0.46250159090771364 -2.028049599605993 -4.15625
-0.23125079545385682 -2.052435841723819 -4.15625
0.0 -2.060500453701173 -4.15625
0.23125079545385682 -2.052435841723819 -4.15625
0.46250159090771364 -2.028049599605993 -4.15625
0.6937523863615704 -1.986740798874161 -4.15625
0.9250031818154273 -1.9274216857605126 -4.15625
1.156253977269284 -1.8483590660226972 -4.15625
1.3875047727231409 -1.7468742509225854 -4.15625
1.6187555681769976 -1.6187555681769976 -4.15625
1.8500063636308546 -1.4569938434500571 -4.15625
-1.9964277153400976 -1.2488518658143348 -4.15625
-1.7468742509225854 -1.3875047727231409 -4.15625
-1.497320786505073 -1.497320786505073 -4.15625
-1.247767322087561 -1.5843077708765976 -4.15625
-0.9982138576700488 -1.652075730651868 -4.15625
-0.7486603932525365 -1.702920684749281 -4.15625
-0.4991069288350244 -1.7383282282337085 -4.15625
-0.2495534644175122 -1.759230721477559 -4.15625
0.0 -1.7661432460295767 -4.15625
0.2495534644175122 -1.759230721477559 -4.15625
0.4991069288350244 -1.7383282282337085 -4.15625
0.7486603932525365 -1.702920684749281 -4.15625
0.9982138576700488 -1.652075730651868 -4.15625
1.247767322087561 -1.5843077708765976 -4.15625
1.497320786505073 -1.497320786505073 -4.15625
1.7468742509225854 -1.3875047727231409 -4.15625
1.9964277153400976 -1.2488518658143348 -4.15625
-2.1124103611687968 -1.0407098881786123 -4.15625
-1.8483590660226972 -1.156253977269284 -4.15625
-1.5843077708765976 -1.247767322087561 -4.15625
-1.320256475730498 -1.320256475730498 -4.15625
-1.0562051805843984 -1.3767297755432235 -4.15625
-0.7921538854382988 -1.4191005706244009 -4.15625
-0.5281025902921992 -1.4486068568614234 -4.15625
-0.2640512951460996 -1.4660256012312993 -4.15625
0.0 -1.4717860383579806 -4.15625
0.2640512951460996 -1.4660256012312993 -4.15625
0.5281025902921992 -1.4486068568614234 -4.15625
0.7921538854382988 -1.4191005706244009 -4.15625
1.0562051805843984 -1.3767297755432235 -4.15625
1.320256475730498 -1.320256475730498 -4.15625
1.5843077708765976 -1.247767322087561 -4.15625
1.8483590660226972 -1.156253977269284 -4.15625
2.1124103611687968 -1.0407098881786123 -4.15625
-2.2027676408691574 -0.8325679105428898 -4.15625
-1.9274216857605126 -0.9250031818154273 -4.15625
-1.652075730651868 -0.9982138576700488 -4.15625
-1.3767297755432235 -1.0562051805843984 -4.15625
-1.1013838204345787 -1.1013838204345787 -4.15625
-0.826037865325934 -1.1352804564995207 -4.15625
-0.5506919102172894 -1.1588854854891388 -4.15625
-0.2753459551086447 -1.1728204809850395 -4.15625
0.0 -1.1774288306863845 -4.15625
0.2753459551086447 -1.1728204809850395 -4.15625
0.5506919102172894 -1.1588854854891388 -4.15625
0.826037865325934 -1.1352804564995207 -4.15625
1.1013838204345787 -1.1013838204345787 -4.15625
1.3767297755432235 -1.0562051805843984 -4.15625
1.652075730651868 -0.9982138576700488 -4.15625
1.9274216857605126 -0.9250031818154273 -4.15625
2.2027676408691574 -0.8325679105428898 -4.15625
-2.2705609129990414 -0.6244259329071674 -4.15625
-1.986740798874161 -0.6937523863615704 -4.15625
-1.702920684749281 -0.7486603932525365 -4.15625
-1.4191005706244009 -0.7921538854382988 -4.15625
-1.1352804564995207 -0.826037865325934 -4.15625
-0.8514603423746405 -0.8514603423746405 -4.15625
-0.5676402282497603 -0.8691641141168542 -4.15625
-0.2838201141248802 -0.8796153607387796 -4.15625
0.0 -0.8830716230147884 -4.15625
0.2838201141248802 -0.8796153607387796 -4.15625
0.5676402282497603 -0.8691641141168542 -4.15625
0.8514603423746405 -0.8514603423746405 -4.15625
1.1352804564995207 -0.826037865325934 -4.15625
1.4191005706244009 -0.7921538854382988 -4.15625
1.702920684749281 -0.7486603932525365 -4.15625
1.986740798874161 -0.6937523863615704 -4.15625
2.2705609129990414 -0.6244259329071674 -4.15625
-2.3177709709782777 -0.4162839552714449 -4.15625
-2.028049599605993 -0.46250159090771364 -4.15625
-1.7383282282337085 -0.4991069288350244 -4.15625
-1.4486068568614234 -0.5281025902921992 -4.15625
-1.1588854854891388 -0.5506919102172894 -4.15625
-0.8691641141168542 -0.5676402282497603 -4.15625
-0.5794427427445694 -0.5794427427445694 -4.15625
-0.2897213713722847 -0.5864102404925198 -4.15625
0.0 -0.5887144153431922 -4.15625
0.2897213713722847 -0.5864102404925198 -4.15625
0.5794427427445694 -0.5794427427445694 -4.15625
0.8691641141168542 -0.5676402282497603 -4.15625
1.1588854854891388 -0.5506919102172894 -4.15625
1.4486068568614234 -0.5281025902921992 -4.15625
1.7383282282337085 -0.4991069288350244 -4.15625
2.028049599605993 -0.46250159090771364 -4.15625
2.3177709709782777 -0.4162839552714449 -4.15625
-2.345640961970079 -0.20814197763572245 -4.15625
-2.052435841723819 -0.23125079545385682 -4.15625
-1.759230721477559 -0.2495534644175122 -4.15625
-1.4660256012312993 -0.2640512951460996 -4.15625
-1.1728204809850395 -0.2753459551086447 -4.15625
-0.8796153607387796 -0.2838201141248802 -4.15625
-0.5864102404925198 -0.2897213713722847 -4.15625
-0.2932051202462599 -0.2932051202462599 -4.15625
0.0 -0.2943572076715961 -4.15625
0.2932051202462599 -0.2932051202462599 -4.15625
0.5864102404925198 -0.2897213713722847 -4.15625
0.8796153607387796 -0.2838201141248802 -4.15625
1.1728204809850395 -0.2753459551086447 -4.15625
1.4660256012312993 -0.2640512951460996 -4.15625
1.759230721477559 -0.2495534644175122 -4.15625
2.052435841723819 -0.23125079545385682 -4.15625
2.345640961970079 -0.20814197763572245 -4.15625
-2.354857661372769 0.0 -4.15625
-2.060500453701173 0.0 -4.15625
-1.7661432460295767 0.0 -4.15625
-1.4717860383579806 0.0 -4.15625
-1.1774288306863845 0.0 -4.15625
-0.8830716230147884 0.0 -4.15625
-0.5887144153431922 0.0 -4.15625
-0.2943572076715961 0.0 -4.15625
0.0 0.0 -4.15625
0.2943572076715961 0.0 -4.15625
0.5887144153431922 0.0 -4.15625
0.8830716230147884 0.0 -4.15625
1.1774288306863845 0.0 -4.15625
1.4717860383579806 0.0 -4.15625
1.7661432460295767 0.0 -4.15625
2.060500453701173 0.0 -4.15625
2.354857661372769 0.0 -4.15625
-2.345640961970079 0.20814197763572245 -4.15625
-2.052435841723819 0.23125079545385682 -4.15625
-1.759230721477559 0.2495534644175122 -4.15625
-1.4660256012312993 0.2640512951460996 -4.15625
-1.1728204809850395 0.2753459551086447 -4.15625
-0.8796153607387796 0.2838201141248802 -4.15625
-0.5864102404925198 0.2897213713722847 -4.15625
-0.2932051202462599 0.2932051202462599 -4.15625
0.0 0.2943572076715961 -4.15625
0.2932051202462599 0.2932051202462599 -4.15625
0.5864102404925198 0.2897213713722847 -4.15625
0.8796153607387796 0.2838201141248802 -4.15625
1.1728204809850395 0.2753459551086447 -4.15625
1.4660256012312993 0.2640512951460996 -4.15625
1.759230721477559 0.2495534644175122 -4.15625
2.052435841723819 0.23125079545385682 -4.15625
2.345640961970079 0.20814197763572245 -4.15625
-2.3177709709782777 0.4162839552714449 -4.15625
-2.028049599605993 0.46250159090771364 -4.15625
-1.7383282282337085 0.4991069288350244 -4.15625
-1.4486068568614234 0.5281025902921992 -4.15625
-1.1588854854891388 0.5506919102172894 -4.15625
-0.8691641141168542 0.5676402282497603 -4.15625
-0.5794427427445694 0.5794427427445694 -4.15625
-0.2897213713722847 0.5864102404925198 -4.15625
0.0 0.5887144153431922 -4.15625
0.2897213713722847 0.5864102404925198 -4.15625
0.5794427427445694 0.5794427427445694 -4.15625
0.8691641141168542 0.5676402282497603 -4.15625
1.1588854854891388 0.5506919102172894 -4.15625
1.4486068568614234 0.5281025902921992 -4.15625
1.7383282282337085 0.4991069288350244 -4.15625
2.028049599605993 0.46250159090771364 -4.15625
2.3177709709782777 0.4162839552714449 -4.15625
-2.2705609129990414 0.6244259329071674 -4.15625
-1.986740798874161 0.6937523863615704 -4.15625
-1.702920684749281 0.7486603932525365 -4.15625
-1.4191005706244009 0.7921538854382988 -4.15625
-1.1352804564995207 0.826037865325934 -4.15625
-0.8514603423746405 0.8514603423746405 -4.15625
-0.5676402282497603 0.8691641141168542 -4.15625
-0.2838201141248802 0.8796153607387796 -4.15625
0.0 0.8830716230147884 -4.15625
0.2838201141248802 0.8796153607387796 -4.15625
0.5676402282497603 0.8691641141168542 -4.15625
0.8514603423746405 0.8514603423746405 -4.15625
1.1352804564995207 0.826037865325934 -4.15625
1.4191005706244009 0.7921538854382988 -4.15625
1.702920684749281 0.7486603932525365 -4.15625
1.986740798874161 0.6937523863615704 -4.15625
2.2705609129990414 0.6244259329071674 -4.15625
-2.2027676408691574 0.8325679105428898 -4.15625
-1.9274216857605126 0.9250031818154273 -4.15625
-1.652075730651868 0.9982138576700488 -4.15625
-1.3767297755432235 1.0562051805843984 -4.15625
-1.1013838204345787 1.1013838204345787 -4.15625
-0.826037865325934 1.1352804564995207 -4.15625
-0.5506919102172894 1.1588854854891388 -4.15625
-0.2753459551086447 1.1728204809850395 -4.15625
0.0 1.1774288306863845 -4.15625
0.2753459551086447 1.1728204809850395 -4.15625
0.5506919102172894 1.1588854854891388 -4.15625
0.826037865325934 1.1352804564995207 -4.15625
1.1013838204345787 1.1013838204345787 -4.15625
1.3767297755432235 1.0562051805843984 -4.15625
1.652075730651868 0.9982138576700488 -4.15625
1.9274216857605126 0.9250031818154273 -4.15625
2.2027676408691574 0.8325679105428898 -4.15625
-2.1124103611687968 1.0407098881786123 -4.15625
-1.8483590660226972 1.156253977269284 -4.15625
-1.5843077708765976 1.247767322087561 -4.15625
-1.320256475730498 1.320256475730498 -4.15625
-1.0562051805843984 1.3767297755432235 -4.15625
-0.7921538854382988 1.4191005706244009 -4.15625
-0.5281025902921992 1.4486068568614234 -4.15625
-0.2640512951460996 1.4660256012312993 -4.15625
0.0 1.4717860383579806 -4.15625
0.2640512951460996 1.4660256012312993 -4.15625
0.5281025902921992 1.4486068568614234 -4.15625
0.7921538854382988 1.4191005706244009 -4.15625
1.0562051805843984 1.3767297755432235 -4.15625
1.320256475730498 1.320256475730498 -4.15625
1.5843077708765976 1.247767322087561 -4.15625
1.8483590660226972 1.156253977269284 -4.15625
2.1124103611687968 1.0407098881786123 -4.15625
-1.9964277153400976 1.2488518658143348 -4.15625
-1.7468742509225854 1.3875047727231409 -4.15625
-1.497320786505073 1.497320786505073 -4.15625
-1.247767322087561 1.5843077708765976 -4.15625
-0.9982138576700488 1.652075730651868 -4.15625
-0.7486603932525365 1.702920684749281 -4.15625
-0.4991069288350244 1.7383282282337085 -4.15625
-0.2495534644175122 1.759230721477559 -4.15625
0.0 1.7661432460295767 -4.15625
0.2495534644175122 1.759230721477559 -4.15625
0.4991069288350244 1.7383282282337085 -4.15625
0.7486603932525365 1.702920684749281 -4.15625
0.9982138576700488 1.652075730651868 -4.15625
1.247767322087561 1.5843077708765976 -4.15625
1.497320786505073 1.497320786505073 -4.15625
1.7468742509225854 1.3875047727231409 -4.15625
1.9964277153400976 1.2488518658143348 -4.15625
-1.8500063636308546 1.4569938434500571 -4.15625
-1.6187555681769976 1.6187555681769976 -4.15625
-1.3875047727231409 1.7468742509225854 -4.15625
-1.156253977269284 1.8483590660226972 -4.15625
-0.9250031818154273 1.9274216857605126 -4.15625
-0.6937523863615704 1.986740798874161 -4.15625
-0.46250159090771364 2.028049599605993 -4.15625
-0.23125079545385682 2.052435841723819 -4.15625
0.0 2.060500453701173 -4.15625
0.23125079545385682 2.052435841723819 -4.15625
0.46250159090771364 2.028049599605993 -4.15625
0.6937523863615704 1.986740798874161 -4.15625
0.9250031818154273 1.9274216857605126 -4.15625
1.156253977269284 1.8483590660226972 -4.15625
1.3875047727231409 1.7468742509225854 -4.15625
1.6187555681769976 1.6187555681769976 -4.15625
1.8500063636308546 1.4569938434500571 -4.15625
-1.6651358210857796 1.6651358210857796 -4.15625
-1.4569938434500571 1.8500063636308546 -4.15625
-1.2488518658143348 1.9964277153400976 -4.15625
-1.0407098881786123 2.1124103611687968 -4.15625
-0.8325679105428898 2.2027676408691574 -4.15625
-0.6244259329071674 2.2705609129990414 -4.15625
-0.4162839552714449 2.3177709709782777 -4.15625
-0.20814197763572245 2.345640961970079 -4.15625
0.0 2.354857661372769 -4.15625
0.20814197763572245 2.345640961970079 -4.15625
0.4162839552714449 2.3177709709782777 -4.15625
0.6244259329071674 2.2705609129990414 -4.15625
0.8325679105428898 2.2027676408691574 -4.15625
1.0407098881786123 2.1124103611687968 -4.15625
1.2488518658143348 1.9964277153400976 -4.15625
1.4569938434500571 1.8500063636308546 -4.15625
1.6651358210857796 1.6651358210857796 -4.15625
-1.6987921081456332 -1.6987921081456332 -3.9375
-1.486443094627429 -1.8873993164749747 -3.9375
-1.274094081109225 -2.0367801859499246 -3.9375
-1.0617450675910207 -2.1551071121505556 -3.9375
-0.8493960540728166 -2.2472907236762443 -3.9375
-0.6370470405546125 -2.3164542562969768 -3.9375
-0.4246980270364083 -2.3646185398975352 -3.9375
-0.21234901351820415 -2.3930518485510537 -3.9375
0.0 -2.402454838991936 -3.9375
0.21234901351820415 -2.3930518485510537 -3.9375
0.4246980270364083 -2.3646185398975352 -3.9375
0.6370470405546125 -2.3164542562969768 -3.9375
0.8493960540728166 -2.2472907236762443 -3.9375
1.0617450675910207 -2.1551071121505556 -3.9375
1.274094081109225 -2.0367801859499246 -3.9375
1.486443094627429 -1.8873993164749747 -3.9375
1.6987921081456332 -1.6987921081456332 -3.9375
-1.8873993164749747 -1.486443094627429 -3.9375
-1.6514744019156027 -1.6514744019156027 -3.9375
-1.415549487356231 -1.782182662706184 -3.9375
-1.179624572796859 -1.8857187231317363 -3.9375
-0.9436996582374874 -1.9663793832167138 -3.9375
-0.7077747436781155 -2.0268974742598544 -3.9375
-0.4718498291187437 -2.0690412224103434 -3.9375
-0.23592491455937184 -2.093920367482172 -3.9375
0.0 -2.102147984117944 -3.9375
0.23592491455937184 -2.093920367482172 -3.9375
0.4718498291187437 -2.0690412224103434 -3.9375
0.7077747436781155 -2.0268974742598544 -3.9375
0.9436996582374874 -1.9663793832167138 -3.9375
1.179624572796859 -1.8857187231317363 -3.9375
1.415549487356231 -1.782182662706184 -3.9375
1.6514744019156027 -1.6514744019156027 -3.9375
1.8873993164749747 -1.486443094627429 -3.9375
-2.0367801859499246 -1.274094081109225 -3.9375
-1.782182662706184 -1.415549487356231 -3.9375
-1.5275851394624433 -1.5275851394624433 -3.9375
-1.2729876162187028 -1.6163303341129167 -3.9375
-1.0183900929749623 -1.6854680427571833 -3.9375
-0.7637925697312217 -1.7373406922227324 -3.9375
-0.5091950464874812 -1.7734639049231515 -3.9375
-0.2545975232437406 -1.7947888864132902 -3.9375
0.0 -1.801841129243952 -3.9375
0.2545975232437406 -1.7947888864132902 -3.9375
0.5091950464874812 -1.7734639049231515 -3.9375
0.7637925697312217 -1.7373406922227324 -3.9375
1.0183900929749623 -1.6854680427571833 -3.9375
1.2729876162187028 -1.6163303341129167 -3.9375
1.5275851394624433 -1.5275851394624433 -3.9375
1.782182662706184 -1.415549487356231 -3.9375
2.0367801859499246 -1.274094081109225 -3.9375
-2.1551071121505556 -1.0617450675910207 -3.9375
-1.8857187231317363 -1.179624572796859 -3.9375
-1.6163303341129167 -1.2729876162187028 -3.9375
-1.3469419450940971 -1.3469419450940971 -3.9375
-1.0775535560752778 -1.4045567022976528 -3.9375
-0.8081651670564584 -1.4477839101856105 -3.9375
-0.5387767780376389 -1.4778865874359595 -3.9375
-0.26938838901881945 -1.4956574053444085 -3.9375
0.0 -1.50153427436996 -3.9375
0.26938838901881945 -1.4956574053444085 -3.9375
0.5387767780376389 -1.4778865874359595 -3.9375
0.8081651670564584 -1.4477839101856105 -3.9375
1.0775535560752778 -1.4045567022976528 -3.9375
1.3469419450940971 -1.3469419450940971 -3.9375
1.6163303341129167 -1.2729876162187028 -3.9375
1.8857187231317363 -1.179624572796859 -3.9375
2.1551071121505556 -1.0617450675910207 -3.9375
-2.2472907236762443 -0.8493960540728166 -3.9375
-1.9663793832167138 -0.9436996582374874 -3.9375
-1.6854680427571833 -1.0183900929749623 -3.9375
-1.4045567022976528 -1.0775535560752778 -3.9375
-1.1236453618381221 -1.1236453618381221 -3.9375
-0.8427340213785917 -1.1582271281484884 -3.9375
-0.5618226809190611 -1.1823092699487676 -3.9375
-0.28091134045953053 -1.1965259242755268 -3.9375
0.0 -1.201227419495968 -3.9375
0.28091134045953053 -1.1965259242755268 -3.9375
0.5618226809190611 -1.1823092699487676 -3.9375
0.8427340213785917 -1.1582271281484884 -3.9375
1.1236453618381221 -1.1236453618381221 -3.9375
1.4045567022976528 -1.0775535560752778 -3.9375
1.6854680427571833 -1.0183900929749623 -3.9375
1.9663793832167138 -0.9436996582374874 -3.9375
2.2472907236762443 -0.8493960540728166 -3.9375
-2.3164542562969768 -0.6370470405546125 -3.9375
-2.0268974742598544 -0.7077747436781155 -3.9375
-1.7373406922227324 -0.7637925697312217 -3.9375
-1.4477839101856105 -0.8081651670564584 -3.9375
-1.1582271281484884 -0.8427340213785917 -3.9375
-0.8686703461113662 -0.8686703461113662 -3.9375
-0.5791135640742442 -0.8867319524615758 -3.9375
-0.2895567820371221 -0.8973944432066451 -3.9375
0.0 -0.900920564621976 -3.9375
0.2895567820371221 -0.8973944432066451 -3.9375
0.5791135640742442 -0.8867319524615758 -3.9375
0.8686703461113662 -0.8686703461113662 -3.9375
1.1582271281484884 -0.8427340213785917 -3.9375
1.4477839101856105 -0.8081651670564584 -3.9375
1.7373406922227324 -0.7637925697312217 -3.9375
2.0268974742598544 -0.7077747436781155 -3.9375
2.3164542562969768 -0.6370470405546125 -3.9375
-2.3646185398975352 -0.4246980270364083 -3.9375
-2.0690412224103434 -0.4718498291187437 -3.9375
-1.7734639049231515 -0.5091950464874812 -3.9375
-1.4778865874359595 -0.5387767780376389 -3.9375
-1.1823092699487676 -0.5618226809190611 -3.9375
-0.8867319524615758 -0.5791135640742442 -3.9375
-0.5911546349743838 -0.5911546349743838 -3.9375
-0.2955773174871919 -0.5982629621377634 -3.9375
0.0 -0.600613709747984 -3.9375
0.2955773174871919 -0.5982629621377634 -3.9375
0.5911546349743838 -0.5911546349743838 -3.9375
0.8867319524615758 -0.5791135640742442 -3.9375
1.1823092699487676 -0.5618226809190611 -3.9375
1.4778865874359595 -0.5387767780376389 -3.9375
1.7734639049231515 -0.5091950464874812 -3.9375
2.0690412224103434 -0.4718498291187437 -3.9375
2.3646185398975352 -0.4246980270364083 -3.9375
-2.3930518485510537 -0.21234901351820415 -3.9375
-2.093920367482172 -0.23592491455937184 -3.9375
-1.7947888864132902 -0.2545975232437406 -3.9375
-1.4956574053444085 -0.26938838901881945 -3.9375
-1.1965259242755268 -0.28091134045953053 -3.9375
-0.8973944432066451 -0.2895567820371221 -3.9375
-0.5982629621377634 -0.2955773174871919 -3.9375
-0.2991314810688817 -0.2991314810688817 -3.9375
0.0 -0.300306854873992 -3.9375
0.2991314810688817 -0.2991314810688817 -3.9375
0.5982629621377634 -0.2955773174871919 -3.9375
0.8973944432066451 -0.2895567820371221 -3.9375
1.1965259242755268 -0.28091134045953053 -3.9375
1.4956574053444085 -0.26938838901881945 -3.9375
1.7947888864132902 -0.2545975232437406 -3.9375
2.093920367482172 -0.23592491455937184 -3.9375
2.3930518485510537 -0.21234901351820415 -3.9375
-2.402454838991936 0.0 -3.9375
-2.102147984117944 0.0 -3.9375
-1.801841129243952 0.0 -3.9375
-1.50153427436996 0.0 -3.9375
-1.201227419495968 0.0 -3.9375
-0.900920564621976 0.0 -3.9375
-0.600613709747984 0.0 -3.9375
-0.300306854873992 0.0 -3.9375
0.0 0.0 -3.9375
0.300306854873992 0.0 -3.9375
0.600613709747984 0.0 -3.9375
0.900920564621976 0.0 -3.9375
1.201227419495968 0.0 -3.9375
1.50153427436996 0.0 -3.9375
1.801841129243952 0.0 -3.9375
2.102147984117944 0.0 -3.9375
2.402454838991936 0.0 -3.9375
-2.3930518485510537 0.21234901351820415 -3.9375
-2.093920367482172 0.23592491455937184 -3.9375
-1.7947888864132902 0.2545975232437406 -3.9375
-1.4956574053444085 0.26938838901881945 -3.9375
-1.1965259242755268 0.28091134045953053 -3.9375
-0.8973944432066451 0.2895567820371221 -3.9375
-0.5982629621377634 0.2955773174871919 -3.9375
-0.2991314810688817 0.2991314810688817 -3.9375
0.0 0.300306854873992 -3.9375
0.2991314810688817 0.2991314810688817 -3.9375
0.5982629621377634 0.2955773174871919 -3.9375
0.8973944432066451 0.2895567820371221 -3.9375
1.1965259242755268 0.28091134045953053 -3.9375
1.4956574053444085 0.26938838901881945 -3.9375
1.7947888864132902 0.2545975232437406 -3.9375
2.093920367482172 0.23592491455937184 -3.9375
2.3930518485510537 0.21234901351820415 -3.9375
-2.3646185398975352 0.4246980270364083 -3.9375
-2.0690412224103434 0.4718498291187437 -3.9375
-1.7734639049231515 0.5091950464874812 -3.9375
-1.4778865874359595 0.5387767780376389 -3.9375
-1.1823092699487676 0.5618226809190611 -3.9375
-0.8867319524615758 0.5791135640742442 -3.9375
-0.5911546349743838 0.5911546349743838 -3.9375
-0.2955773174871919 0.5982629621377634 -3.9375
0.0 0.600613709747984 -3.9375
0.2955773174871919 0.5982629621377634 -3.9375
0.5911546349743838 0.5911546349743838 -3.9375
0.8867319524615758 0.5791135640742442 -3.9375
1.1823092699487676 0.5618226809190611 -3.9375
1.4778865874359595 0.5387767780376389 -3.9375
1.7734639049231515 0.5091950464874812 -3.9375
2.0690412224103434 0.4718498291187437 -3.9375
2.3646185398975352 0.4246980270364083 -3.9375
-2.3164542562969768 0.6370470405546125 -3.9375
-2.0268974742598544 0.7077747436781155 -3.9375
-1.7373406922227324 0.7637925697312217 -3.9375
-1.4477839101856105 0.8081651670564584 -3.9375
-1.1582271281484884 0.8427340213785917 -3.9375
-0.8686703461113662 0.8686703461113662 -3.9375
-0.5791135640742442 0.8867319524615758 -3.9375
-0.2895567820371221 0.8973944432066451 -3.9375
0.0 0.900920564621976 -3.9375
0.2895567820371221 0.8973944432066451 -3.9375
0.5791135640742442 0.8867319524615758 -3.9375
0.8686703461113662 0.8686703461113662 -3.9375
1.1582271281484884 0.8427340213785917 -3.9375
1.4477839101856105 0.8081651670564584 -3.9375
1.7373406922227324 0.7637925697312217 -3.9375
2.0268974742598544 0.7077747436781155 -3.9375
2.3164542562969768 0.6370470405546125 -3.9375
-2.2472907236762443 0.8493960540728166 -3.9375
-1.9663793832167138 0.9436996582374874 -3.9375
-1.6854680427571833 1.0183900929749623 -3.9375
-1.4045567022976528 1.0775535560752778 -3.9375
-1.1236453618381221 1.1236453618381221 -3.9375
-0.8427340213785917 1.1582271281484884 -3.9375
-0.5618226809190611 1.1823092699487676 -3.9375
-0.28091134045953053 1.1965259242755268 -3.9375
0.0 1.201227419495968 -3.9375
0.28091134045953053 1.1965259242755268 -3.9375
0.5618226809190611 1.1823092699487676 -3.9375
0.8427340213785917 1.1582271281484884 -3.9375
1.1236453618381221 1.1236453618381221 -3.9375
1.4045567022976528 1.0775535560752778 -3.9375
1.6854680427571833 1.0183900929749623 -3.9375
1.9663793832167138 0.9436996582374874 -3.9375
2.2472907236762443 0.8493960540728166 -3.9375
-2.1551071121505556 1.0617450675910207 -3.9375
-1.8857187231317363 1.179624572796859 -3.9375
-1.6163303341129167 1.2729876162187028 -3.9375
-1.3469419450940971 1.3469419450940971 -3.9375
-1.0775535560752778 1.4045567022976528 -3.9375
-0.8081651670564584 1.4477839101856105 -3.9375
-0.5387767780376389 1.4778865874359595 -3.9375
-0.26938838901881945 1.4956574053444085 -3.9375
0.0 1.50153427436996 -3.9375
0.26938838901881945 1.4956574053444085 -3.9375
0.5387767780376389 1.4778865874359595 -3.9375
0.8081651670564584 1.4477839101856105 -3.9375
1.0775535560752778 1.4045567022976528 -3.9375
1.3469419450940971 1.3469419450940971 -3.9375
1.6163303341129167 1.2729876162187028 -3.9375
1.8857187231317363 1.179624572796859 -3.9375
2.1551071121505556 1.0617450675910207 -3.9375
-2.0367801859499246 1.274094081109225 -3.9375
-1.782182662706184 1.415549487356231 -3.9375
-1.5275851394624433 1.5275851394624433 -3.9375
-1.2729876162187028 1.6163303341129167 -3.9375
-1.0183900929749623 1.6854680427571833 -3.9375
-0.7637925697312217 1.7373406922227324 -3.9375
-0.5091950464874812 1.7734639049231515 -3.9375
-0.2545975232437406 1.7947888864132902 -3.9375
0.0 1.801841129243952 -3.9375
0.2545975232437406 1.7947888864132902 -3.9375
0.5091950464874812 1.7734639049231515 -3.9375
0.7637925697312217 1.7373406922227324 -3.9375
1.0183900929749623 1.6854680427571833 -3.9375
1.2729876162187028 1.6163303341129167 -3.9375
1.5275851394624433 1.5275851394624433 -3.9375
1.782182662706184 1.415549487356231 -3.9375
2.0367801859499246 1.274094081109225 -3.9375
-1.8873993164749747 1.486443094627429 -3.9375
-1.6514744019156027 1.6514744019156027 -3.9375
-1.415549487356231 1.782182662706184 -3.9375
-1.179624572796859 1.8857187231317363 -3.9375
-0.9436996582374874 1.9663793832167138 -3.9375
-0.7077747436781155 2.0268974742598544 -3.9375
-0.4718498291187437 2.0690412224103434 -3.9375
-0.23592491455937184 2.093920367482172 -3.9375
0.0 2.102147984117944 -3.9375
0.23592491455937184 2.093920367482172 -3.9375
0.4718498291187437 2.0690412224103434 -3.9375
0.7077747436781155 2.0268974742598544 -3.9375
0.9436996582374874 1.9663793832167138 -3.9375
1.179624572796859 1.8857187231317363 -3.9375
1.415549487356231 1.782182662706184 -3.9375
1.6514744019156027 1.6514744019156027 -3.9375
1.8873993164749747 1.486443094627429 -3.9375
-1.6987921081456332 1.6987921081456332 -3.9375
-1.486443094627429 1.8873993164749747 -3.9375
-1.274094081109225 2.0367801859499246 -3.9375
-1.0617450675910207 2.1551071121505556 -3.9375
-0.8493960540728166 2.2472907236762443 -3.9375
-0.6370470405546125 2.3164542562969768 -3.9375
-0.4246980270364083 2.3646185398975352 -3.9375
-0.21234901351820415 2.3930518485510537 -3.9375
0.0 2.402454838991936 -3.9375
0.21234901351820415 2.3930518485510537 -3.9375
0.4246980270364083 2.3646185398975352 -3.9375
0.6370470405546125 2.3164542562969768 -3.9375
0.8493960540728166 2.2472907236762443 -3.9375
1.0617450675910207 2.1551071121505556 -3.9375
1.274094081109225 2.0367801859499246 -3.9375
1.486443094627429 1.8873993164749747 -3.9375
1.6987921081456332 1.6987921081456332 -3.9375
-1.7331126606665963 -1.7331126606665963 -3.71875
-1.5164735780832717 -1.925530284389476 -3.71875
-1.2998344954999472 -2.0779290828693107 -3.71875
-1.0831954129166226 -2.198646557899219 -3.71875
-0.8665563303332982 -2.2926925470906436 -3.71875
-0.6499172477499736 -2.363253384680279 -3.71875
-0.4332781651666491 -2.412390727207249 -3.71875
-0.21663908258332454 -2.4413984715779504 -3.71875
0.0 -2.45099142983522 -3.71875
0.21663908258332454 -2.4413984715779504 -3.71875
0.4332781651666491 -2.412390727207249 -3.71875
0.6499172477499736 -2.363253384680279 -3.71875
0.8665563303332982 -2.2926925470906436 -3.71875
1.0831954129166226 -2.198646557899219 -3.71875
1.2998344954999472 -2.0779290828693107 -3.71875
1.5164735780832717 -1.925530284389476 -3.71875
1.7331126606665963 -1.7331126606665963 -3.71875
-1.925530284389476 -1.5164735780832717 -3.71875
-1.6848389988407912 -1.6848389988407912 -3.71875
-1.444147713292107 -1.8181879475106468 -3.71875
-1.2034564277434223 -1.9238157381618166 -3.71875
-0.962765142194738 -2.0061059787043134 -3.71875
-0.7220738566460535 -2.067846711595244 -3.71875
-0.481382571097369 -2.1108418863063427 -3.71875
-0.2406912855486845 -2.1362236626307065 -3.71875
0.0 -2.1446175011058175 -3.71875
0.2406912855486845 -2.1362236626307065 -3.71875
0.481382571097369 -2.1108418863063427 -3.71875
0.7220738566460535 -2.067846711595244 -3.71875
0.962765142194738 -2.0061059787043134 -3.71875
1.2034564277434223 -1.9238157381618166 -3.71875
1.444147713292107 -1.8181879475106468 -3.71875
1.6848389988407912 -1.6848389988407912 -3.71875
1.925530284389476 -1.5164735780832717 -3.71875
-2.0779290828693107 -1.2998344954999472 -3.71875
-1.8181879475106468 -1.444147713292107 -3.71875
-1.5584468121519828 -1.5584468121519828 -3.71875
-1.2987056767933192 -1.648984918424414 -3.71875
-1.0389645414346553 -1.719519410317983 -3.71875
-0.7792234060759914 -1.7724400385102093 -3.71875
-0.5194822707173277 -1.8092930454054368 -3.71875
-0.25974113535866383 -1.8310488536834626 -3.71875
0.0 -1.838243572376415 -3.71875
0.25974113535866383 -1.8310488536834626 -3.71875
0.5194822707173277 -1.8092930454054368 -3.71875
0.7792234060759914 -1.7724400385102093 -3.71875
1.0389645414346553 -1.719519410317983 -3.71875
1.2987056767933192 -1.648984918424414 -3.71875
1.5584468121519828 -1.5584468121519828 -3.71875
1.8181879475106468 -1.444147713292107 -3.71875
2.0779290828693107 -1.2998344954999472 -3.71875
-2.198646557899219 -1.0831954129166226 -3.71875
-1.9238157381618166 -1.2034564277434223 -3.71875
-1.648984918424414 -1.2987056767933192 -3.71875
-1.3741540986870118 -1.3741540986870118 -3.71875
-1.0993232789496095 -1.4329328419316525 -3.71875
-0.824492459212207 -1.4770333654251746 -3.71875
-0.5496616394748047 -1.5077442045045304 -3.71875
-0.27483081973740237 -1.5258740447362191 -3.71875
0.0 -1.5318696436470125 -3.71875
0.27483081973740237 -1.5258740447362191 -3.71875
0.5496616394748047 -1.5077442045045304 -3.71875
0.824492459212207 -1.4770333654251746 -3.71875
1.0993232789496095 -1.4329328419316525 -3.71875
1.3741540986870118 -1.3741540986870118 -3.71875
1.648984918424414 -1.2987056767933192 -3.71875
1.9238157381618166 -1.2034564277434223 -3.71875
2.198646557899219 -1.0831954129166226 -3.71875
-2.2926925470906436 -0.8665563303332982 -3.71875
-2.0061059787043134 -0.962765142194738 -3.71875
-1.719519410317983 -1.0389645414346553 -3.71875
-1.4329328419316525 -1.0993232789496095 -3.71875
-1.1463462735453218 -1.1463462735453218 -3.71875
-0.8597597051589915 -1.1816266923401395 -3.71875
-0.5731731367726609 -1.2061953636036244 -3.71875
-0.28658656838633045 -1.2206992357889752 -3.71875
0.0 -1.22549571491761 -3.71875
0.28658656838633045 -1.2206992357889752 -3.71875
0.5731731367726609 -1.2061953636036244 -3.71875
0.8597597051589915 -1.1816266923401395 -3.71875
1.1463462735453218 -1.1463462735453218 -3.71875
1.4329328419316525 -1.0993232789496095 -3.71875
1.719519410317983 -1.0389645414346553 -3.71875
2.0061059787043134 -0.962765142194738 -3.71875
2.2926925470906436 -0.8665563303332982 -3.71875
-2.363253384680279 -0.6499172477499736 -3.71875
-2.067846711595244 -0.7220738566460535 -3.71875
-1.7724400385102093 -0.7792234060759914 -3.71875
-1.4770333654251746 -0.824492459212207 -3.71875
-1.1816266923401395 -0.8597597051589915 -3.71875
-0.8862200192551046 -0.8862200192551046 -3.71875
-0.5908133461700698 -0.9046465227027184 -3.71875
-0.2954066730850349 -0.9155244268417313 -3.71875
0.0 -0.9191217861882075 -3.71875
0.2954066730850349 -0.9155244268417313 -3.71875
0.5908133461700698 -0.9046465227027184 -3.71875
0.8862200192551046 -0.8862200192551046 -3.71875
1.1816266923401395 -0.8597597051589915 -3.71875
1.4770333654251746 -0.824492459212207 -3.71875
1.7724400385102093 -0.7792234060759914 -3.71875
2.067846711595244 -0.7220738566460535 -3.71875
2.363253384680279 -0.6499172477499736 -3.71875
-2.412390727207249 -0.4332781651666491 -3.71875
-2.1108418863063427 -0.481382571097369 -3.71875
-1.8092930454054368 -0.5194822707173277 -3.71875
-1.5077442045045304 -0.5496616394748047 -3.71875
-1.2061953636036244 -0.5731731367726609 -3.71875
-0.9046465227027184 -0.5908133461700698 -3.71875
-0.6030976818018122 -0.6030976818018122 -3.71875
-0.3015488409009061 -0.6103496178944876 -3.71875
0.0 -0.612747857458805 -3.71875
0.3015488409009061 -0.6103496178944876 -3.71875
0.6030976818018122 -0.6030976818018122 -3.71875
0.9046465227027184 -0.5908133461700698 -3.71875
1.2061953636036244 -0.5731731367726609 -3.71875
1.5077442045045304 -0.5496616394748047 -3.71875
1.8092930454054368 -0.5194822707173277 -3.71875
2.1108418863063427 -0.481382571097369 -3.71875
2.412390727207249 -0.4332781651666491 -3.71875
-2.4413984715779504 -0.21663908258332454 -3.71875
-2.1362236626307065 -0.2406912855486845 -3.71875
-1.8310488536834626 -0.25974113535866383 -3.71875
-1.5258740447362191 -0.27483081973740237 -3.71875
-1.2206992357889752 -0.28658656838633045 -3.71875
-0.9155244268417313 -0.2954066730850349 -3.71875
-0.6103496178944876 -0.3015488409009061 -3.71875
-0.3051748089472438 -0.3051748089472438 -3.71875
0.0 -0.3063739287294025 -3.71875
0.3051748089472438 -0.3051748089472438 -3.71875
0.6103496178944876 -0.3015488409009061 -3.71875
0.9155244268417313 -0.2954066730850349 -3.71875
1.2206992357889752 -0.28658656838633045 -3.71875
1.5258740447362191 -0.27483081973740237 -3.71875
1.8310488536834626 -0.25974113535866383 -3.71875
2.1362236626307065 -0.2406912855486845 -3.71875
2.4413984715779504 -0.21663908258332454 -3.71875
-2.45099142983522 0.0 -3.71875
-2.1446175011058175 0.0 -3.71875
-1.838243572376415 0.0 -3.71875
-1.5318696436470125 0.0 -3.71875
-1.22549571491761 0.0 -3.71875
-0.9191217861882075 0.0 -3.71875
-0.612747857458805 0.0 -3.71875
-0.3063739287294025 0.0 -3.71875
0.0 0.0 -3.71875
0.3063739287294025 0.0 -3.71875
0.612747857458805 0.0 -3.71875
0.9191217861882075 0.0 -3.71875
1.22549571491761 0.0 -3.71875
1.5318696436470125 0.0 -3.71875
1.838243572376415 0.0 -3.71875
2.1446175011058175 0.0 -3.71875
2.45099142983522 0.0 -3.71875
-2.4413984715779504 0.21663908258332454 -3.71875
-2.1362236626307065 0.2406912855486845 -3.71875
-1.8310488536834626 0.25974113535866383 -3.71875
-1.5258740447362191 0.27483081973740237 -3.71875
-1.2206992357889752 0.28658656838633045 -3.71875
-0.9155244268417313 0.2954066730850349 -3.71875
-0.6103496178944876 0.3015488409009061 -3.71875
-0.3051748089472438 0.3051748089472438 -3.71875
0.0 0.3063739287294025 -3.71875
0.3051748089472438 0.3051748089472438 -3.71875
0.6103496178944876 0.3015488409009061 -3.71875
0.9155244268417313 0.2954066730850349 -3.71875
1.2206992357889752 0.28658656838633045 -3.71875
1.5258740447362191 0.27483081973740237 -3.71875
1.8310488536834626 0.25974113535866383 -3.71875
2.1362236626307065 0.2406912855486845 -3.71875
2.4413984715779504 0.21663908258332454 -3.71875
-2.412390727207249 0.4332781651666491 -3.71875
-2.1108418863063427 0.481382571097369 -3.71875
-1.8092930454054368 0.5194822707173277 -3.71875
-1.5077442045045304 0.5496616394748047 -3.71875
-1.2061953636036244 0.5731731367726609 -3.71875
-0.9046465227027184 0.5908133461700698 -3.71875
-0.6030976818018122 0.6030976818018122 -3.71875
-0.3015488409009061 0.6103496178944876 -3.71875
0.0 0.612747857458805 -3.71875
0.3015488409009061 0.6103496178944876 -3.71875
0.6030976818018122 0.6030976818018122 -3.71875
0.9046465227027184 0.5908133461700698 -3.71875
1.2061953636036244 0.5731731367726609 -3.71875
1.5077442045045304 0.5496616394748047 -3.71875
1.8092930454054368 0.5194822707173277 -3.71875
2.1108418863063427 0.481382571097369 -3.71875
2.412390727207249 0.4332781651666491 -3.71875
-2.363253384680279 0.6499172477499736 -3.71875
-2.067846711595244 0.7220738566460535 -3.71875
-1.7724400385102093 0.7792234060759914 -3.71875
-1.4770333654251746 0.824492459212207 -3.71875
-1.1816266923401395 0.8597597051589915 -3.71875
-0.8862200192551046 0.8862200192551046 -3.71875
-0.5908133461700698 0.9046465227027184 -3.71875
-0.2954066730850349 0.9155244268417313 -3.71875
0.0 0.9191217861882075 -3.71875
0.2954066730850349 0.9155244268417313 -3.71875
0.5908133461700698 0.9046465227027184 -3.71875
0.8862200192551046 0.8862200192551046 -3.71875
1.1816266923401395 0.8597597051589915 -3.71875
1.4770333654251746 0.824492459212207 -3.71875
1.7724400385102093 0.7792234060759914 -3.71875
2.067846711595244 0.7220738566460535 -3.71875
2.363253384680279 0.6499172477499736 -3.71875
-2.2926925470906436 0.8665563303332982 -3.71875
-2.0061059787043134 0.962765142194738 -3.71875
-1.719519410317983 1.0389645414346553 -3.71875
-1.4329328419316525 1.0993232789496095 -3.71875
-1.1463462735453218 1.1463462735453218 -3.71875
-0.8597597051589915 1.1816266923401395 -3.71875
-0.5731731367726609 1.2061953636036244 -3.71875
-0.28658656838633045 1.2206992357889752 -3.71875
0.0 1.22549571491761 -3.71875
0.28658656838633045 1.2206992357889752 -3.71875
0.5731731367726609 1.2061953636036244 -3.71875
0.8597597051589915 1.1816266923401395 -3.71875
1.1463462735453218 1.1463462735453218 -3.71875
1.4329328419316525 1.0993232789496095 -3.71875
1.719519410317983 1.0389645414346553 -3.71875
2.0061059787043134 0.962765142194738 -3.71875
2.2926925470906436 0.8665563303332982 -3.71875
-2.198646557899219 1.0831954129166226 -3.71875
-1.9238157381618166 1.2034564277434223 -3.71875
-1.648984918424414 1.2987056767933192 -3.71875
-1.3741540986870118 1.3741540986870118 -3.71875
-1.0993232789496095 1.4329328419316525 -3.71875
-0.824492459212207 1.4770333654251746 -3.71875
-0.5496616394748047 1.5077442045045304 -3.71875
-0.27483081973740237 1.5258740447362191 -3.71875
0.0 1.5318696436470125 -3.71875
0.27483081973740237 1.5258740447362191 -3.71875
0.5496616394748047 1.5077442045045304 -3.71875
0.824492459212207 1.4770333654251746 -3.71875
1.0993232789496095 1.4329328419316525 -3.71875
1.3741540986870118 1.3741540986870118 -3.71875
1.648984918424414 1.2987056767933192 -3.71875
1.9238157381618166 1.2034564277434223 -3.71875
2.198646557899219 1.0831954129166226 -3.71875
-2.0779290828693107 1.2998344954999472 -3.71875
-1.8181879475106468 1.444147713292107 -3.71875
-1.5584468121519828 1.5584468121519828 -3.71875
-1.2987056767933192 1.648984918424414 -3.71875
-1.0389645414346553 1.719519410317983 -3.71875
-0.7792234060759914 1.7724400385102093 -3.71875
-0.5194822707173277 1.8092930454054368 -3.71875
-0.25974113535866383 1.8310488536834626 -3.71875
0.0 1.838243572376415 -3.71875
0.25974113535866383 1.8310488536834626 -3.71875
0.5194822707173277 1.8092930454054368 -3.71875
0.7792234060759914 1.7724400385102093 -3.71875
1.0389645414346553 1.719519410317983 -3.71875
1.2987056767933192 1.648984918424414 -3.71875
1.5584468121519828 1.5584468121519828 -3.71875
1.8181879475106468 1.444147713292107 -3.71875
2.0779290828693107 1.2998344954999472 -3.71875
-1.925530284389476 1.5164735780832717 -3.71875
-1.6848389988407912 1.6848389988407912 -3.71875
-1.444147713292107 1.8181879475106468 -3.71875
-1.2034564277434223 1.9238157381618166 -3.71875
-0.962765142194738 2.0061059787043134 -3.71875
-0.7220738566460535 2.067846711595244 -3.71875
-0.481382571097369 2.1108418863063427 -3.71875
-0.2406912855486845 2.1362236626307065 -3.71875
0.0 2.1446175011058175 -3.71875
0.2406912855486845 2.1362236626307065 -3.71875
0.481382571097369 2.1108418863063427 -3.71875
0.7220738566460535 2.067846711595244 -3.71875
0.962765142194738 2.0061059787043134 -3.71875
1.2034564277434223 1.9238157381618166 -3.71875
1.444147713292107 1.8181879475106468 -3.71875
1.6848389988407912 1.6848389988407912 -3.71875
1.925530284389476 1.5164735780832717 -3.71875
-1.7331126606665963 1.7331126606665963 -3.71875
-1.5164735780832717 1.925530284389476 -3.71875
-1.2998344954999472 2.0779290828693107 -3.71875
-1.0831954129166226 2.198646557899219 -3.71875
-0.8665563303332982 2.2926925470906436 -3.71875
-0.6499172477499736 2.363253384680279 -3.71875
-0.4332781651666491 2.412390727207249 -3.71875
-0.21663908258332454 2.4413984715779504 -3.71875
0.0 2.45099142983522 -3.71875
0.21663908258332454 2.4413984715779504 -3.71875
0.4332781651666491 2.412390727207249 -3.71875
0.6499172477499736 2.363253384680279 -3.71875
0.8665563303332982 2.2926925470906436 -3.71875
1.0831954129166226 2.198646557899219 -3.71875
1.2998344954999472 2.0779290828693107 -3.71875
1.5164735780832717 1.925530284389476 -3.71875
1.7331126606665963 1.7331126606665963 -3.71875
-1.7677669529663689 -1.7677669529663689 -3.5
-1.5467960838455728 -1.9640320453088336 -3.5
-1.3258252147247767 -2.1194781197266463 -3.5
-1.1048543456039805 -2.242609389751144 -3.5
-0.8838834764831844 -2.3385358667337135 -3.5
-0.6629126073623883 -2.4105075969596115 -3.5
-0.4419417382415922 -2.460627460628691 -3.5
-0.2209708691207961 -2.490215226642067 -3.5
0.0 -2.5 -3.5
0.2209708691207961 -2.490215226642067 -3.5
0.4419417382415922 -2.460627460628691 -3.5
0.6629126073623883 -2.4105075969596115 -3.5
0.8838834764831844 -2.3385358667337135 -3.5
1.1048543456039805 -2.242609389751144 -3.5
1.3258252147247767 -2.1194781197266463 -3.5
1.5467960838455728 -1.9640320453088336 -3.5
1.7677669529663689 -1.7677669529663689 -3.5
-1.9640320453088336 -1.5467960838455728 -3.5
-1.7185280396452294 -1.7185280396452294 -3.5
-1.4730240339816252 -1.8545433547608157 -3.5
-1.227520028318021 -1.9622832160322512 -3.5
-0.9820160226544168 -2.046218883391999 -3.5
-0.7365120169908126 -2.1091941473396596 -3.5
-0.4910080113272084 -2.1530490280501047 -3.5
-0.2455040056636042 -2.1789383233118085 -3.5
0.0 -2.1875 -3.5
0.2455040056636042 -2.1789383233118085 -3.5
0.4910080113272084 -2.1530490280501047 -3.5
0.7365120169908126 -2.1091941473396596 -3.5
0.9820160226544168 -2.046218883391999 -3.5
1.227520028318021 -1.9622832160322512 -3.5
1.4730240339816252 -1.8545433547608157 -3.5
1.7185280396452294 -1.7185280396452294 -3.5
1.9640320453088336 -1.5467960838455728 -3.5
-2.1194781197266463 -1.3258252147247767 -3.5
-1.8545433547608157 -1.4730240339816252 -3.5
-1.5896085897949845 -1.5896085897949845 -3.5
-1.324673824829154 -1.681957042313358 -3.5
-1.0597390598633232 -1.7539019000502851 -3.5
-0.7948042948974923 -1.8078806977197084 -3.5
-0.5298695299316616 -1.8454705954715185 -3.5
-0.2649347649658308 -1.86766141998155 -3.5
0.0 -1.875 -3.5
0.2649347649658308 -1.86766141998155 -3.5
0.5298695299316616 -1.8454705954715185 -3.5
0.7948042948974923 -1.8078806977197084 -3.5
1.0597390598633232 -1.7539019000502851 -3.5
1.324673824829154 -1.681957042313358 -3.5
1.5896085897949845 -1.5896085897949845 -3.5
1.8545433547608157 -1.4730240339816252 -3.5
2.1194781197266463 -1.3258252147247767 -3.5
-2.242609389751144 -1.1048543456039805 -3.5
-1.9622832160322512 -1.227520028318021 -3.5
-1.681957042313358 -1.324673824829154 -3.5
-1.4016308685944652 -1.4016308685944652 -3.5
-1.121304694875572 -1.461584916708571 -3.5
-0.840978521156679 -1.5065672480997572 -3.5
-0.560652347437786 -1.5378921628929318 -3.5
-0.280326173718893 -1.556384516651292 -3.5
0.0 -1.5625 -3.5
0.280326173718893 -1.556384516651292 -3.5
0.560652347437786 -1.5378921628929318 -3.5
0.840978521156679 -1.5065672480997572 -3.5
1.121304694875572 -1.461584916708571 -3.5
1.4016308685944652 -1.4016308685944652 -3.5
1.681957042313358 -1.324673824829154 -3.5
1.9622832160322512 -1.227520028318021 -3.5
2.242609389751144 -1.1048543456039805 -3.5
-2.3385358667337135 -0.8838834764831844 -3.5
-2.046218883391999 -0.9820160226544168 -3.5
-1.7539019000502851 -1.0597390598633232 -3.5
-1.461584916708571 -1.121304694875572 -3.5
-1.1692679333668567 -1.1692679333668567 -3.5
-0.8769509500251426 -1.2052537984798057 -3.5
-0.5846339666834284 -1.2303137303143454 -3.5
-0.2923169833417142 -1.2451076133210335 -3.5
0.0 -1.25 -3.5
0.2923169833417142 -1.2451076133210335 -3.5
0.5846339666834284 -1.2303137303143454 -3.5
0.8769509500251426 -1.2052537984798057 -3.5
1.1692679333668567 -1.1692679333668567 -3.5
1.461584916708571 -1.121304694875572 -3.5
1.7539019000502851 -1.0597390598633232 -3.5
2.046218883391999 -0.9820160226544168 -3.5
2.3385358667337135 -0.8838834764831844 -3.5
-2.4105075969596115 -0.6629126073623883 -3.5
-2.1091941473396596 -0.7365120169908126 -3.5
-1.8078806977197084 -0.7948042948974923 -3.5
-1.5065672480997572 -0.840978521156679 -3.5
-1.2052537984798057 -0.8769509500251426 -3.5
-0.9039403488598542 -0.9039403488598542 -3.5
-0.6026268992399029 -0.9227352977357592 -3.5
-0.30131344961995143 -0.933830709990775 -3.5
0.0 -0.9375 -3.5
0.30131344961995143 -0.933830709990775 -3.5
0.6026268992399029 -0.9227352977357592 -3.5
0.9039403488598542 -0.9039403488598542 -3.5
1.2052537984798057 -0.8769509500251426 -3.5
1.5065672480997572 -0.840978521156679 -3.5
1.8078806977197084 -0.7948042948974923 -3.5
2.1091941473396596 -0.7365120169908126 -3.5
2.4105075969596115 -0.6629126073623883 -3.5
-2.460627460628691 -0.4419417382415922 -3.5
-2.1530490280501047 -0.4910080113272084 -3.5
-1.8454705954715185 -0.5298695299316616 -3.5
-1.5378921628929318 -0.560652347437786 -3.5
-1.2303137303143454 -0.5846339666834284 -3.5
-0.9227352977357592 -0.6026268992399029 -3.5
-0.6151568651571727 -0.6151568651571727 -3.5
-0.30757843257858636 -0.6225538066605167 -3.5
0.0 -0.625 -3.5
0.30757843257858636 -0.6225538066605167 -3.5
0.6151568651571727 -0.6151568651571727 -3.5
0.9227352977357592 -0.6026268992399029 -3.5
1.2303137303143454 -0.5846339666834284 -3.5
1.5378921628929318 -0.560652347437786 -3.5
1.8454705954715185 -0.5298695299316616 -3.5
2.1530490280501047 -0.4910080113272084 -3.5
2.460627460628691 -0.4419417382415922 -3.5
-2.490215226642067 -0.2209708691207961 -3.5
-2.1789383233118085 -0.2455040056636042 -3.5
-1.86766141998155 -0.2649347649658308 -3.5
-1.556384516651292 -0.280326173718893 -3.5
-1.2451076133210335 -0.2923169833417142 -3.5
-0.933830709990775 -0.30131344961995143 -3.5
-0.6225538066605167 -0.30757843257858636 -3.5
-0.31127690333025837 -0.31127690333025837 -3.5
0.0 -0.3125 -3.5
0.31127690333025837 -0.31127690333025837 -3.5
0.6225538066605167 -0.30757843257858636 -3.5
0.933830709990775 -0.30131344961995143 -3.5
1.2451076133210335 -0.2923169833417142 -3.5
1.556384516651292 -0.280326173718893 -3.5
1.86766141998155 -0.2649347649658308 -3.5
2.1789383233118085 -0.2455040056636042 -3.5
2.490215226642067 -0.2209708691207961 -3.5
-2.5 0.0 -3.5
-2.1875 0.0 -3.5
-1.875 0.0 -3.5
-1.5625 0.0 -3.5
-1.25 0.0 -3.5
-0.9375 0.0 -3.5
-0.625 0.0 -3.5
-0.3125 0.0 -3.5
0.0 0.0 -3.5
0.3125 0.0 -3.5
0.625 0.0 -3.5
0.9375 0.0 -3.5
1.25 0.0 -3.5
1.5625 0.0 -3.5
1.875 0.0 -3.5
2.1875 0.0 -3.5
2.5 0.0 -3.5
-2.490215226642067 0.2209708691207961 -3.5
-2.1789383233118085 0.2455040056636042 -3.5
-1.86766141998155 0.2649347649658308 -3.5
-1.556384516651292 0.280326173718893 -3.5
-1.2451076133210335 0.2923169833417142 -3.5
-0.933830709990775 0.30131344961995143 -3.5
-0.6225538066605167 0.30757843257858636 -3.5
-0.31127690333025837 0.31127690333025837 -3.5
0.0 0.3125 -3.5
0.31127690333025837 0.31127690333025837 -3.5
0.6225538066605167 0.30757843257858636 -3.5
0.933830709990775 0.30131344961995143 -3.5
1.2451076133210335 0.2923169833417142 -3.5
1.556384516651292 0.280326173718893 -3.5
1.86766141998155 0.2649347649658308 -3.5
2.1789383233118085 0.2455040056636042 -3.5
2.490215226642067 0.2209708691207961 -3.5
-2.460627460628691 0.4419417382415922 -3.5
-2.1530490280501047 0.4910080113272084 -3.5
-1.8454705954715185 0.5298695299316616 -3.5
-1.5378921628929318 0.560652347437786 -3.5
-1.2303137303143454 0.5846339666834284 -3.5
-0.9227352977357592 0.6026268992399029 -3.5
-0.6151568651571727 0.6151568651571727 -3.5
-0.30757843257858636 0.6225538066605167 -3.5
0.0 0.625 -3.5
0.30757843257858636 0.6225538066605167 -3.5
0.6151568651571727 0.6151568651571727 -3.5
0.9227352977357592 0.6026268992399029 -3.5
1.2303137303143454 0.5846339666834284 -3.5
1.5378921628929318 0.560652347437786 -3.5
1.8454705954715185 0.5298695299316616 -3.5
2.1530490280501047 0.4910080113272084 -3.5
2.460627460628691 0.4419417382415922 -3.5
-2.4105075969596115 0.6629126073623883 -3.5
-2.1091941473396596 0.7365120169908126 -3.5
-1.8078806977197084 0.7948042948974923 -3.5
-1.5065672480997572 0.840978521156679 -3.5
-1.2052537984798057 0.8769509500251426 -3.5
-0.9039403488598542 0.9039403488598542 -3.5
-0.6026268992399029 0.9227352977357592 -3.5
-0.30131344961995143 0.933830709990775 -3.5
0.0 0.9375 -3.5
0.30131344961995143 0.933830709990775 -3.5
0.6026268992399029 0.9227352977357592 -3.5
0.9039403488598542 0.9039403488598542 -3.5
1.2052537984798057 0.8769509500251426 -3.5
1.5065672480997572 0.840978521156679 -3.5
1.8078806977197084 0.7948042948974923 -3.5
2.1091941473396596 0.7365120169908126 -3.5
2.4105075969596115 0.6629126073623883 -3.5
-2.3385358667337135 0.8838834764831844 -3.5
-2.046218883391999 0.9820160226544168 -3.5
-1.7539019000502851 1.0597390598633232 -3.5
-1.461584916708571 1.121304694875572 -3.5
-1.1692679333668567 1.1692679333668567 -3.5
-0.8769509500251426 1.2052537984798057 -3.5
-0.5846339666834284 1.2303137303143454 -3.5
-0.2923169833417142 1.2451076133210335 -3.5
0.0 1.25 -3.5
0.2923169833417142 1.2451076133210335 -3.5
0.5846339666834284 1.2303137303143454 -3.5
0.8769509500251426 1.2052537984798057 -3.5
1.1692679333668567 1.1692679333668567 -3.5
1.461584916708571 1.121304694875572 -3.5
1.7539019000502851 1.0597390598633232 -3.5
2.046218883391999 0.9820160226544168 -3.5
2.3385358667337135 0.8838834764831844 -3.5
-2.242609389751144 1.1048543456039805 -3.5
-1.9622832160322512 1.227520028318021 -3.5
-1.681957042313358 1.324673824829154 -3.5
-1.4016308685944652 1.4016308685944652 -3.5
-1.121304694875572 1.461584916708571 -3.5
-0.840978521156679 1.5065672480997572 -3.5
-0.560652347437786 1.5378921628929318 -3.5
-0.280326173718893 1.556384516651292 -3.5
0.0 1.5625 -3.5
0.280326173718893 1.556384516651292 -3.5
0.560652347437786 1.5378921628929318 -3.5
0.840978521156679 1.5065672480997572 -3.5
1.121304694875572 1.461584916708571 -3.5
1.4016308685944652 1.4016308685944652 -3.5
1.681957042313358 1.324673824829154 -3.5
1.9622832160322512 1.227520028318021 -3.5
2.242609389751144 1.1048543456039805 -3.5
-2.1194781197266463 1.3258252147247767 -3.5
-1.8545433547608157 1.4730240339816252 -3.5
-1.5896085897949845 1.5896085897949845 -3.5
-1.324673824829154 1.681957042313358 -3.5
-1.0597390598633232 1.7539019000502851 -3.5
-0.7948042948974923 1.8078806977197084 -3.5
-0.5298695299316616 1.8454705954715185 -3.5
-0.2649347649658308 1.86766141998155 -3.5
0.0 1.875 -3.5
0.2649347649658308 1.86766141998155 -3.5
0.5298695299316616 1.8454705954715185 -3.5
0.7948042948974923 1.8078806977197084 -3.5
1.0597390598633232 1.7539019000502851 -3.5
1.324673824829154 1.681957042313358 -3.5
1.5896085897949845 1.5896085897949845 -3.5
1.8545433547608157 1.4730240339816252 -3.5
2.1194781197266463 1.3258252147247767 -3.5
-1.9640320453088336 1.5467960838455728 -3.5
-1.7185280396452294 1.7185280396452294 -3.5
-1.4730240339816252 1.8545433547608157 -3.5
-1.227520028318021 1.9622832160322512 -3.5
-0.9820160226544168 2.046218883391999 -3.5
-0.7365120169908126 2.1091941473396596 -3.5
-0.4910080113272084 2.1530490280501047 -3.5
-0.2455040056636042 2.1789383233118085 -3.5
0.0 2.1875 -3.5
0.2455040056636042 2.1789383233118085 -3.5
0.4910080113272084 2.1530490280501047 -3.5
0.7365120169908126 2.1091941473396596 -3.5
0.9820160226544168 2.046218883391999 -3.5
1.227520028318021 1.9622832160322512 -3.5
1.4730240339816252 1.8545433547608157 -3.5
1.7185280396452294 1.7185280396452294 -3.5
1.9640320453088336 1.5467960838455728 -3.5
-1.7677669529663689 1.7677669529663689 -3.5
-1.5467960838455728 1.9640320453088336 -3.5
-1.3258252147247767 2.1194781197266463 -3.5
-1.1048543456039805 2.242609389751144 -3.5
-0.8838834764831844 2.3385358667337135 -3.5
-0.6629126073623883 2.4105075969596115 -3.5
-0.4419417382415922 2.460627460628691 -3.5
-0.2209708691207961 2.490215226642067 -3.5
0.0 2.5 -3.5
0.2209708691207961 2.490215226642067 -3.5
0.4419417382415922 2.460627460628691 -3.5
0.6629126073623883 2.4105075969596115 -3.5
0.8838834764831844 2.3385358667337135 -3.5
1.1048543456039805 2.242609389751144 -3.5
1.3258252147247767 2.1194781197266463 -3.5
1.5467960838455728 1.9640320453088336 -3.5
1.7677669529663689 1.7677669529663689 -3.5
-1.8024212452661417 -1.8024212452661417 -3.28125
-1.5771185896078739 -2.0025338062281914 -3.28125
-1.3518159339496063 -2.161027156583982 -3.28125
-1.1265132782913385 -2.2865722216030697 -3.28125
-0.9012106226330708 -2.384379186376783 -3.28125
-0.6759079669748032 -2.4577618092389435 -3.28125
-0.4506053113165354 -2.5088641940501333 -3.28125
-0.2253026556582677 -2.5390319817061835 -3.28125
0.0 -2.54900857016478 -3.28125
0.2253026556582677 -2.5390319817061835 -3.28125
0.4506053113165354 -2.5088641940501333 -3.28125
0.6759079669748032 -2.4577618092389435 -3.28125
0.9012106226330708 -2.384379186376783 -3.28125
1.1265132782913385 -2.2865722216030697 -3.28125
1.3518159339496063 -2.161027156583982 -3.28125
1.5771185896078739 -2.0025338062281914 -3.28125
1.8024212452661417 -1.8024212452661417 -3.28125
-2.0025338062281914 -1.5771185896078739 -3.28125
-1.7522170804496673 -1.7522170804496673 -3.28125
-1.5019003546711436 -1.8908987620109843 -3.28125
-1.2515836288926196 -2.000750693902686 -3.28125
-1.0012669031140957 -2.086331788079685 -3.28125
-0.7509501773355718 -2.1505415830840753 -3.28125
-0.5006334515570479 -2.1952561697938666 -3.28125
-0.25031672577852393 -2.2216529839929104 -3.28125
0.0 -2.2303824988941825 -3.28125
0.25031672577852393 -2.2216529839929104 -3.28125
0.5006334515570479 -2.1952561697938666 -3.28125
0.7509501773355718 -2.1505415830840753 -3.28125
1.0012669031140957 -2.086331788079685 -3.28125
1.2515836288926196 -2.000750693902686 -3.28125
1.5019003546711436 -1.8908987620109843 -3.28125
1.7522170804496673 -1.7522170804496673 -3.28125
2.0025338062281914 -1.5771185896078739 -3.28125
-2.161027156583982 -1.3518159339496063 -3.28125
-1.8908987620109843 -1.5019003546711436 -3.28125
-1.6207703674379865 -1.6207703674379865 -3.28125
-1.3506419728649888 -1.714929166202302 -3.28125
-1.080513578291991 -1.7882843897825873 -3.28125
-0.8103851837189933 -1.8433213569292075 -3.28125
-0.5402567891459955 -1.8816481455376 -3.28125
-0.27012839457299775 -1.9042739862796374 -3.28125
0.0 -1.911756427623585 -3.28125
0.27012839457299775 -1.9042739862796374 -3.28125
0.5402567891459955 -1.8816481455376 -3.28125
0.8103851837189933 -1.8433213569292075 -3.28125
1.080513578291991 -1.7882843897825873 -3.28125
1.3506419728649888 -1.714929166202302 -3.28125
1.6207703674379865 -1.6207703674379865 -3.28125
1.8908987620109843 -1.5019003546711436 -3.28125
2.161027156583982 -1.3518159339496063 -3.28125
-2.2865722216030697 -1.1265132782913385 -3.28125
-2.000750693902686 -1.2515836288926196 -3.28125
-1.714929166202302 -1.3506419728649888 -3.28125
-1.4291076385019184 -1.4291076385019184 -3.28125
-1.1432861108015349 -1.4902369914854894 -3.28125
-0.857464583101151 -1.5361011307743397 -3.28125
-0.5716430554007674 -1.5680401212813333 -3.28125
-0.2858215277003837 -1.5868949885663646 -3.28125
0.0 -1.5931303563529875 -3.28125
0.2858215277003837 -1.5868949885663646 -3.28125
0.5716430554007674 -1.5680401212813333 -3.28125
0.857464583101151 -1.5361011307743397 -3.28125
1.1432861108015349 -1.4902369914854894 -3.28125
1.4291076385019184 -1.4291076385019184 -3.28125
1.714929166202302 -1.3506419728649888 -3.28125
2.000750693902686 -1.2515836288926196 -3.28125
2.2865722216030697 -1.1265132782913385 -3.28125
-2.384379186376783 -0.9012106226330708 -3.28125
-2.086331788079685 -1.0012669031140957 -3.28125
-1.7882843897825873 -1.080513578291991 -3.28125
-1.4902369914854894 -1.1432861108015349 -3.28125
-1.1921895931883915 -1.1921895931883915 -3.28125
-0.8941421948912937 -1.2288809046194717 -3.28125
-0.5960947965941957 -1.2544320970250666 -3.28125
-0.29804739829709787 -1.2695159908530917 -3.28125
0.0 -1.27450428508239 -3.28125
0.29804739829709787 -1.2695159908530917 -3.28125
0.5960947965941957 -1.2544320970250666 -3.28125
0.8941421948912937 -1.2288809046194717 -3.28125
1.1921895931883915 -1.1921895931883915 -3.28125
1.4902369914854894 -1.1432861108015349 -3.28125
1.7882843897825873 -1.080513578291991 -3.28125
2.086331788079685 -1.0012669031140957 -3.28125
2.384379186376783 -0.9012106226330708 -3.28125
-2.4577618092389435 -0.6759079669748032 -3.28125
-2.1505415830840753 -0.7509501773355718 -3.28125
-1.8433213569292075 -0.8103851837189933 -3.28125
-1.5361011307743397 -0.857464583101151 -3.28125
-1.2288809046194717 -0.8941421948912937 -3.28125
-0.9216606784646038 -0.9216606784646038 -3.28125
-0.6144404523097359 -0.9408240727688 -3.28125
-0.30722022615486794 -0.9521369931398187 -3.28125
0.0 -0.9558782138117925 -3.28125
0.30722022615486794 -0.9521369931398187 -3.28125
0.6144404523097359 -0.9408240727688 -3.28125
0.9216606784646038 -0.9216606784646038 -3.28125
1.2288809046194717 -0.8941421948912937 -3.28125
1.5361011307743397 -0.857464583101151 -3.28125
1.8433213569292075 -0.8103851837189933 -3.28125
2.1505415830840753 -0.7509501773355718 -3.28125
2.4577618092389435 -0.6759079669748032 -3.28125
-2.5088641940501333 -0.4506053113165354 -3.28125
-2.1952561697938666 -0.5006334515570479 -3.28125
-1.8816481455376 -0.5402567891459955 -3.28125
-1.5680401212813333 -0.5716430554007674 -3.28125
-1.2544320970250666 -0.5960947965941957 -3.28125
-0.9408240727688 -0.6144404523097359 -3.28125
-0.6272160485125333 -0.6272160485125333 -3.28125
-0.31360802425626666 -0.6347579954265459 -3.28125
0.0 -0.637252142541195 -3.28125
0.31360802425626666 -0.6347579954265459 -3.28125
0.6272160485125333 -0.6272160485125333 -3.28125
0.9408240727688 -0.6144404523097359 -3.28125
1.2544320970250666 -0.5960947965941957 -3.28125
1.5680401212813333 -0.5716430554007674 -3.28125
1.8816481455376 -0.5402567891459955 -3.28125
2.1952561697938666 -0.5006334515570479 -3.28125
2.5088641940501333 -0.4506053113165354 -3.28125
-2.5390319817061835 -0.2253026556582677 -3.28125
-2.2216529839929104 -0.25031672577852393 -3.28125
-1.9042739862796374 -0.27012839457299775 -3.28125
-1.5868949885663646 -0.2858215277003837 -3.28125
-1.2695159908530917 -0.29804739829709787 -3.28125
-0.9521369931398187 -0.30722022615486794 -3.28125
-0.6347579954265459 -0.31360802425626666 -3.28125
-0.31737899771327294 -0.31737899771327294 -3.28125
0.0 -0.3186260712705975 -3.28125
0.31737899771327294 -0.31737899771327294 -3.28125
0.6347579954265459 -0.31360802425626666 -3.28125
0.9521369931398187 -0.30722022615486794 -3.28125
1.2695159908530917 -0.29804739829709787 -3.28125
1.5868949885663646 -0.2858215277003837 -3.28125
1.9042739862796374 -0.27012839457299775 -3.28125
2.2216529839929104 -0.25031672577852393 -3.28125
2.5390319817061835 -0.2253026556582677 -3.28125
-2.54900857016478 0.0 -3.28125
-2.2303824988941825 0.0 -3.28125
-1.911756427623585 0.0 -3.28125
-1.5931303563529875 0.0 -3.28125
-1.27450428508239 0.0 -3.28125
-0.9558782138117925 0.0 -3.28125
-0.637252142541195 0.0 -3.28125
-0.3186260712705975 0.0 -3.28125
0.0 0.0 -3.28125
0.3186260712705975 0.0 -3.28125
0.637252142541195 0.0 -3.28125
0.9558782138117925 0.0 -3.28125
1.27450428508239 0.0 -3.28125
1.5931303563529875 0.0 -3.28125
1.911756427623585 0.0 -3.28125
2.2303824988941825 0.0 -3.28125
2.54900857016478 0.0 -3.28125
-2.5390319817061835 0.2253026556582677 -3.28125
-2.2216529839929104 0.25031672577852393 -3.28125
-1.9042739862796374 0.27012839457299775 -3.28125
-1.5868949885663646 0.2858215277003837 -3.28125
-1.2695159908530917 0.29804739829709787 -3.28125
-0.9521369931398187 0.30722022615486794 -3.28125
-0.6347579954265459 0.31360802425626666 -3.28125
-0.31737899771327294 0.31737899771327294 -3.28125
0.0 0.3186260712705975 -3.28125
0.31737899771327294 0.31737899771327294 -3.28125
0.6347579954265459 0.31360802425626666 -3.28125
0.9521369931398187 0.30722022615486794 -3.28125
1.2695159908530917 0.29804739829709787 -3.28125
1.5868949885663646 0.2858215277003837 -3.28125
1.9042739862796374 0.27012839457299775 -3.28125
2.2216529839929104 0.25031672577852393 -3.28125
2.5390319817061835 0.2253026556582677 -3.28125
-2.5088641940501333 0.4506053113165354 -3.28125
-2.1952561697938666 0.5006334515570479 -3.28125
-1.8816481455376 0.5402567891459955 -3.28125
-1.5680401212813333 0.5716430554007674 -3.28125
-1.2544320970250666 0.5960947965941957 -3.28125
-0.9408240727688 0.6144404523097359 -3.28125
-0.6272160485125333 0.6272160485125333 -3.28125
-0.31360802425626666 0.6347579954265459 -3.28125
0.0 0.637252142541195 -3.28125
0.31360802425626666 0.6347579954265459 -3.28125
0.6272160485125333 0.6272160485125333 -3.28125
0.9408240727688 0.6144404523097359 -3.28125
1.2544320970250666 0.5960947965941957 -3.28125
1.5680401212813333 0.5716430554007674 -3.28125
1.8816481455376 0.5402567891459955 -3.28125
2.1952561697938666 0.5006334515570479 -3.28125
2.5088641940501333 0.4506053113165354 -3.28125
-2.4577618092389435 0.6759079669748032 -3.28125
-2.1505415830840753 0.7509501773355718 -3.28125
-1.8433213569292075 0.8103851837189933 -3.28125
-1.5361011307743397 0.857464583101151 -3.28125
-1.2288809046194717 0.8941421948912937 -3.28125
-0.9216606784646038 0.9216606784646038 -3.28125
-0.6144404523097359 0.9408240727688 -3.28125
-0.30722022615486794 0.9521369931398187 -3.28125
0.0 0.9558782138117925 -3.28125
0.30722022615486794 0.9521369931398187 -3.28125
0.6144404523097359 0.9408240727688 -3.28125
0.9216606784646038 0.9216606784646038 -3.28125
1.2288809046194717 0.8941421948912937 -3.28125
1.5361011307743397 0.857464583101151 -3.28125
1.8433213569292075 0.8103851837189933 -3.28125
2.1505415830840753 0.7509501773355718 -3.28125
2.4577618092389435 0.6759079669748032 -3.28125
-2.384379186376783 0.9012106226330708 -3.28125
-2.086331788079685 1.0012669031140957 -3.28125
-1.7882843897825873 1.080513578291991 -3.28125
-1.4902369914854894 1.1432861108015349 -3.28125
-1.1921895931883915 1.1921895931883915 -3.28125
-0.8941421948912937 1.2288809046194717 -3.28125
-0.5960947965941957 1.2544320970250666 -3.28125
-0.29804739829709787 1.2695159908530917 -3.28125
0.0 1.27450428508239 -3.28125
0.29804739829709787 1.2695159908530917 -3.28125
0.5960947965941957 1.2544320970250666 -3.28125
0.8941421948912937 1.2288809046194717 -3.28125
1.1921895931883915 1.1921895931883915 -3.28125
1.4902369914854894 1.1432861108015349 -3.28125
1.7882843897825873 1.080513578291991 -3.28125
2.086331788079685 1.0012669031140957 -3.28125
2.384379186376783 0.9012106226330708 -3.28125
-2.2865722216030697 1.1265132782913385 -3.28125
-2.000750693902686 1.2515836288926196 -3.28125
-1.714929166202302 1.3506419728649888 -3.28125
-1.4291076385019184 1.4291076385019184 -3.28125
-1.1432861108015349 1.4902369914854894 -3.28125
-0.857464583101151 1.5361011307743397 -3.28125
-0.5716430554007674 1.5680401212813333 -3.28125
-0.2858215277003837 1.5868949885663646 -3.28125
0.0 1.5931303563529875 -3.28125
0.2858215277003837 1.5868949885663646 -3.28125
0.5716430554007674 1.5680401212813333 -3.28125
0.857464583101151 1.5361011307743397 -3.28125
1.1432861108015349 1.4902369914854894 -3.28125
1.4291076385019184 1.4291076385019184 -3.28125
1.714929166202302 1.3506419728649888 -3.28125
2.000750693902686 1.2515836288926196 -3.28125
2.2865722216030697 1.1265132782913385 -3.28125
-2.161027156583982 1.3518159339496063 -3.28125
-1.8908987620109843 1.5019003546711436 -3.28125
-1.6207703674379865 1.6207703674379865 -3.28125
-1.3506419728649888 1.714929166202302 -3.28125
-1.080513578291991 1.7882843897825873 -3.28125
-0.8103851837189933 1.8433213569292075 -3.28125
-0.5402567891459955 1.8816481455376 -3.28125
-0.27012839457299775 1.9042739862796374 -3.28125
0.0 1.911756427623585 -3.28125
0.27012839457299775 1.9042739862796374 -3.28125
0.5402567891459955 1.8816481455376 -3.28125
0.8103851837189933 1.8433213569292075 -3.28125
1.080513578291991 1.7882843897825873 -3.28125
1.3506419728649888 1.714929166202302 -3.28125
1.6207703674379865 1.6207703674379865 -3.28125
1.8908987620109843 1.5019003546711436 -3.28125
2.161027156583982 1.3518159339496063 -3.28125
-2.0025338062281914 1.5771185896078739 -3.28125
-1.7522170804496673 1.7522170804496673 -3.28125
-1.5019003546711436 1.8908987620109843 -3.28125
-1.2515836288926196 2.000750693902686 -3.28125
-1.0012669031140957 2.086331788079685 -3.28125
-0.7509501773355718 2.1505415830840753 -3.28125
-0.5006334515570479 2.1952561697938666 -3.28125
-0.25031672577852393 2.2216529839929104 -3.28125
0.0 2.2303824988941825 -3.28125
0.25031672577852393 2.2216529839929104 -3.28125
0.5006334515570479 2.1952561697938666 -3.28125
0.7509501773355718 2.1505415830840753 -3.28125
1.0012669031140957 2.086331788079685 -3.28125
1.2515836288926196 2.000750693902686 -3.28125
1.5019003546711436 1.8908987620109843 -3.28125
1.7522170804496673 1.7522170804496673 -3.28125
2.0025338062281914 1.5771185896078739 -3.28125
-1.8024212452661417 1.8024212452661417 -3.28125
-1.5771185896078739 2.0025338062281914 -3.28125
-1.3518159339496063 2.161027156583982 -3.28125
-1.1265132782913385 2.2865722216030697 -3.28125
-0.9012106226330708 2.384379186376783 -3.28125
-0.6759079669748032 2.4577618092389435 -3.28125
-0.4506053113165354 2.5088641940501333 -3.28125
-0.2253026556582677 2.5390319817061835 -3.28125
0.0 2.54900857016478 -3.28125
0.2253026556582677 2.5390319817061835 -3.28125
0.4506053113165354 2.5088641940501333 -3.28125
0.6759079669748032 2.4577618092389435 -3.28125
0.9012106226330708 2.384379186376783 -3.28125
1.1265132782913385 2.2865722216030697 -3.28125
1.3518159339496063 2.161027156583982 -3.28125
1.5771185896078739 2.0025338062281914 -3.28125
1.8024212452661417 1.8024212452661417 -3.28125
-1.8367417977871046 -1.8367417977871046 -3.0625
-1.6071490730637163 -2.0406647741426927 -3.0625
-1.3775563483403286 -2.202176053503368 -3.0625
-1.1479636236169404 -2.330111667351733 -3.0625
-0.9183708988935523 -2.4297810097911823 -3.0625
-0.6887781741701643 -2.5045609376222457 -3.0625
-0.45918544944677614 -2.5566363813598465 -3.0625
-0.22959272472338807 -2.5873786047330802 -3.0625
0.0 -2.597545161008064 -3.0625
0.22959272472338807 -2.5873786047330802 -3.0625
0.45918544944677614 -2.5566363813598465 -3.0625
0.6887781741701643 -2.5045609376222457 -3.0625
0.9183708988935523 -2.4297810097911823 -3.0625
1.1479636236169404 -2.330111667351733 -3.0625
1.3775563483403286 -2.202176053503368 -3.0625
1.6071490730637163 -2.0406647741426927 -3.0625
1.8367417977871046 -1.8367417977871046 -3.0625
-2.0406647741426927 -1.6071490730637163 -3.0625
-1.7855816773748558 -1.7855816773748558 -3.0625
-1.5304985806070195 -1.9269040468154472 -3.0625
-1.275415483839183 -2.0388477089327663 -3.0625
-1.0203323870713463 -2.1260583835672846 -3.0625
-0.7652492903035097 -2.191490820419465 -3.0625
-0.5101661935356732 -2.237056833689866 -3.0625
-0.2550830967678366 -2.263956279141445 -3.0625
0.0 -2.272852015882056 -3.0625
0.2550830967678366 -2.263956279141445 -3.0625
0.5101661935356732 -2.237056833689866 -3.0625
0.7652492903035097 -2.191490820419465 -3.0625
1.0203323870713463 -2.1260583835672846 -3.0625
1.275415483839183 -2.0388477089327663 -3.0625
1.5304985806070195 -1.9269040468154472 -3.0625
1.7855816773748558 -1.7855816773748558 -3.0625
2.0406647741426927 -1.6071490730637163 -3.0625
-2.202176053503368 -1.3775563483403286 -3.0625
-1.9269040468154472 -1.5304985806070195 -3.0625
-1.651632040127526 -1.651632040127526 -3.0625
-1.3763600334396051 -1.7475837505137997 -3.0625
-1.101088026751684 -1.822335757343387 -3.0625
-0.825816020063763 -1.8784207032166844 -3.0625
-0.550544013375842 -1.9174772860198852 -3.0625
-0.275272006687921 -1.9405339535498098 -3.0625
0.0 -1.948158870756048 -3.0625
0.275272006687921 -1.9405339535498098 -3.0625
0.550544013375842 -1.9174772860198852 -3.0625
0.825816020063763 -1.8784207032166844 -3.0625
1.101088026751684 -1.822335757343387 -3.0625
1.3763600334396051 -1.7475837505137997 -3.0625
1.651632040127526 -1.651632040127526 -3.0625
1.9269040468154472 -1.5304985806070195 -3.0625
2.202176053503368 -1.3775563483403286 -3.0625
-2.330111667351733 -1.1479636236169404 -3.0625
-2.0388477089327663 -1.275415483839183 -3.0625
-1.7475837505137997 -1.3763600334396051 -3.0625
-1.456319792094833 -1.456319792094833 -3.0625
-1.1650558336758665 -1.518613131119489 -3.0625
-0.8737918752568998 -1.5653505860139039 -3.0625
-0.5825279168379333 -1.597897738349904 -3.0625
-0.29126395841896663 -1.6171116279581752 -3.0625
0.0 -1.62346572563004 -3.0625
0.29126395841896663 -1.6171116279581752 -3.0625
0.5825279168379333 -1.597897738349904 -3.0625
0.8737918752568998 -1.5653505860139039 -3.0625
1.1650558336758665 -1.518613131119489 -3.0625
1.456319792094833 -1.456319792094833 -3.0625
1.7475837505137997 -1.3763600334396051 -3.0625
2.0388477089327663 -1.275415483839183 -3.0625
2.330111667351733 -1.1479636236169404 -3.0625
-2.4297810097911823 -0.9183708988935523 -3.0625
-2.1260583835672846 -1.0203323870713463 -3.0625
-1.822335757343387 -1.101088026751684 -3.0625
-1.518613131119489 -1.1650558336758665 -3.0625
-1.2148905048955911 -1.2148905048955911 -3.0625
-0.9111678786716935 -1.2522804688111229 -3.0625
-0.6074452524477956 -1.2783181906799232 -3.0625
-0.3037226262238978 -1.2936893023665401 -3.0625
0.0 -1.298772580504032 -3.0625
0.3037226262238978 -1.2936893023665401 -3.0625
0.6074452524477956 -1.2783181906799232 -3.0625
0.9111678786716935 -1.2522804688111229 -3.0625
1.2148905048955911 -1.2148905048955911 -3.0625
1.518613131119489 -1.1650558336758665 -3.0625
1.822335757343387 -1.101088026751684 -3.0625
2.1260583835672846 -1.0203323870713463 -3.0625
2.4297810097911823 -0.9183708988935523 -3.0625
-2.5045609376222457 -0.6887781741701643 -3.0625
-2.191490820419465 -0.7652492903035097 -3.0625
-1.8784207032166844 -0.825816020063763 -3.0625
-1.5653505860139039 -0.8737918752568998 -3.0625
-1.2522804688111229 -0.9111678786716935 -3.0625
-0.9392103516083422 -0.9392103516083422 -3.0625
-0.6261402344055614 -0.9587386430099426 -3.0625
-0.3130701172027807 -0.9702669767749049 -3.0625
0.0 -0.974079435378024 -3.0625
0.3130701172027807 -0.9702669767749049 -3.0625
0.6261402344055614 -0.9587386430099426 -3.0625
0.9392103516083422 -0.9392103516083422 -3.0625
1.2522804688111229 -0.9111678786716935 -3.0625
1.5653505860139039 -0.8737918752568998 -3.0625
1.8784207032166844 -0.825816020063763 -3.0625
2.191490820419465 -0.7652492903035097 -3.0625
2.5045609376222457 -0.6887781741701643 -3.0625
-2.5566363813598465 -0.45918544944677614 -3.0625
-2.237056833689866 -0.5101661935356732 -3.0625
-1.9174772860198852 -0.550544013375842 -3.0625
-1.597897738349904 -0.5825279168379333 -3.0625
-1.2783181906799232 -0.6074452524477956 -3.0625
-0.9587386430099426 -0.6261402344055614 -3.0625
-0.6391590953399616 -0.6391590953399616 -3.0625
-0.3195795476699808 -0.6468446511832701 -3.0625
0.0 -0.649386290252016 -3.0625
0.3195795476699808 -0.6468446511832701 -3.0625
0.6391590953399616 -0.6391590953399616 -3.0625
0.9587386430099426 -0.6261402344055614 -3.0625
1.2783181906799232 -0.6074452524477956 -3.0625
1.597897738349904 -0.5825279168379333 -3.0625
1.9174772860198852 -0.550544013375842 -3.0625
2.237056833689866 -0.5101661935356732 -3.0625
2.5566363813598465 -0.45918544944677614 -3.0625
-2.5873786047330802 -0.22959272472338807 -3.0625
-2.263956279141445 -0.2550830967678366 -3.0625
-1.9405339535498098 -0.275272006687921 -3.0625
-1.6171116279581752 -0.29126395841896663 -3.0625
-1.2936893023665401 -0.3037226262238978 -3.0625
-0.9702669767749049 -0.3130701172027807 -3.0625
-0.6468446511832701 -0.3195795476699808 -3.0625
-0.32342232559163503 -0.32342232559163503 -3.0625
0.0 -0.324693145126008 -3.0625
0.32342232559163503 -0.32342232559163503 -3.0625
0.6468446511832701 -0.3195795476699808 -3.0625
0.9702669767749049 -0.3130701172027807 -3.0625
1.2936893023665401 -0.3037226262238978 -3.0625
1.6171116279581752 -0.29126395841896663 -3.0625
1.9405339535498098 -0.275272006687921 -3.0625
2.263956279141445 -0.2550830967678366 -3.0625
2.5873786047330802 -0.22959272472338807 -3.0625
-2.597545161008064 0.0 -3.0625
-2.272852015882056 0.0 -3.0625
-1.948158870756048 0.0 -3.0625
-1.62346572563004 0.0 -3.0625
-1.298772580504032 0.0 -3.0625
-0.974079435378024 0.0 -3.0625
-0.649386290252016 0.0 -3.0625
-0.324693145126008 0.0 -3.0625
0.0 0.0 -3.0625
0.324693145126008 0.0 -3.0625
0.649386290252016 0.0 -3.0625
0.974079435378024 0.0 -3.0625
1.298772580504032 0.0 -3.0625
1.62346572563004 0.0 -3.0625
1.948158870756048 0.0 -3.0625
2.272852015882056 0.0 -3.0625
2.597545161008064 0.0 -3.0625
-2.5873786047330802 0.22959272472338807 -3.0625
-2.263956279141445 0.2550830967678366 -3.0625
-1.9405339535498098 0.275272006687921 -3.0625
-1.6171116279581752 0.29126395841896663 -3.0625
-1.2936893023665401 0.3037226262238978 -3.0625
-0.9702669767749049 0.3130701172027807 -3.0625
-0.6468446511832701 0.3195795476699808 -3.0625
-0.32342232559163503 0.32342232559163503 -3.0625
0.0 0.324693145126008 -3.0625
0.32342232559163503 0.32342232559163503 -3.0625
0.6468446511832701 0.3195795476699808 -3.0625
0.9702669767749049 0.3130701172027807 -3.0625
1.2936893023665401 0.3037226262238978 -3.0625
1.6171116279581752 0.29126395841896663 -3.0625
1.9405339535498098 0.275272006687921 -3.0625
2.263956279141445 0.2550830967678366 -3.0625
2.5873786047330802 0.22959272472338807 -3.0625
-2.5566363813598465 0.45918544944677614 -3.0625
-2.237056833689866 0.5101661935356732 -3.0625
-1.9174772860198852 0.550544013375842 -3.0625
-1.597897738349904 0.5825279168379333 -3.0625
-1.2783181906799232 0.6074452524477956 -3.0625
-0.9587386430099426 0.6261402344055614 -3.0625
-0.6391590953399616 0.6391590953399616 -3.0625
-0.3195795476699808 0.6468446511832701 -3.0625
0.0 0.649386290252016 -3.0625
0.3195795476699808 0.6468446511832701 -3.0625
0.6391590953399616 0.6391590953399616 -3.0625
0.9587386430099426 0.6261402344055614 -3.0625
1.2783181906799232 0.6074452524477956 -3.0625
1.597897738349904 0.5825279168379333 -3.0625
1.9174772860198852 0.550544013375842 -3.0625
2.237056833689866 0.5101661935356732 -3.0625
2.5566363813598465 0.45918544944677614 -3.0625
-2.5045609376222457 0.6887781741701643 -3.0625
-2.191490820419465 0.7652492903035097 -3.0625
-1.8784207032166844 0.825816020063763 -3.0625
-1.5653505860139039 0.8737918752568998 -3.0625
-1.2522804688111229 0.9111678786716935 -3.0625
-0.9392103516083422 0.9392103516083422 -3.0625
-0.6261402344055614 0.9587386430099426 -3.0625
-0.3130701172027807 0.9702669767749049 -3.0625
0.0 0.974079435378024 -3.0625
0.3130701172027807 0.9702669767749049 -3.0625
0.6261402344055614 0.9587386430099426 -3.0625
0.9392103516083422 0.9392103516083422 -3.0625
1.2522804688111229 0.9111678786716935 -3.0625
1.5653505860139039 0.8737918752568998 -3.0625
1.8784207032166844 0.825816020063763 -3.0625
2.191490820419465 0.7652492903035097 -3.0625
2.5045609376222457 0.6887781741701643 -3.0625
-2.4297810097911823 0.9183708988935523 -3.0625
-2.1260583835672846 1.0203323870713463 -3.0625
-1.822335757343387 1.101088026751684 -3.0625
-1.518613131119489 1.1650558336758665 -3.0625
-1.2148905048955911 1.2148905048955911 -3.0625
-0.9111678786716935 1.2522804688111229 -3.0625
-0.6074452524477956 1.2783181906799232 -3.0625
-0.3037226262238978 1.2936893023665401 -3.0625
0.0 1.298772580504032 -3.0625
0.3037226262238978 1.2936893023665401 -3.0625
0.6074452524477956 1.2783181906799232 -3.0625
0.9111678786716935 1.2522804688111229 -3.0625
1.2148905048955911 1.2148905048955911 -3.0625
1.518613131119489 1.1650558336758665 -3.0625
1.822335757343387 1.101088026751684 -3.0625
2.1260583835672846 1.0203323870713463 -3.0625
2.4297810097911823 0.9183708988935523 -3.0625
-2.330111667351733 1.1479636236169404 -3.0625
-2.0388477089327663 1.275415483839183 -3.0625
-1.7475837505137997 1.3763600334396051 -3.0625
-1.456319792094833 1.456319792094833 -3.0625
-1.1650558336758665 1.518613131119489 -3.0625
-0.8737918752568998 1.5653505860139039 -3.0625
-0.5825279168379333 1.597897738349904 -3.0625
-0.29126395841896663 1.6171116279581752 -3.0625
0.0 1.62346572563004 -3.0625
0.29126395841896663 1.6171116279581752 -3.0625
0.5825279168379333 1.597897738349904 -3.0625
0.8737918752568998 1.5653505860139039 -3.0625
1.1650558336758665 1.518613131119489 -3.0625
1.456319792094833 1.456319792094833 -3.0625
1.7475837505137997 1.3763600334396051 -3.0625
2.0388477089327663 1.275415483839183 -3.0625
2.330111667351733 1.1479636236169404 -3.0625
-2.202176053503368 1.3775563483403286 -3.0625
-1.9269040468154472 1.5304985806070195 -3.0625
-1.651632040127526 1.651632040127526 -3.0625
-1.3763600334396051 1.7475837505137997 -3.0625
-1.101088026751684 1.822335757343387 -3.0625
-0.825816020063763 1.8784207032166844 -3.0625
-0.550544013375842 1.9174772860198852 -3.0625
-0.275272006687921 1.9405339535498098 -3.0625
0.0 1.948158870756048 -3.0625
0.275272006687921 1.9405339535498098 -3.0625
0.550544013375842 1.9174772860198852 -3.0625
0.825816020063763 1.8784207032166844 -3.0625
1.101088026751684 1.822335757343387 -3.0625
1.3763600334396051 1.7475837505137997 -3.0625
1.651632040127526 1.651632040127526 -3.0625
1.9269040468154472 1.5304985806070195 -3.0625
2.202176053503368 1.3775563483403286 -3.0625
-2.0406647741426927 1.6071490730637163 -3.0625
-1.7855816773748558 1.7855816773748558 -3.0625
-1.5304985806070195 1.9269040468154472 -3.0625
-1.275415483839183 2.0388477089327663 -3.0625
-1.0203323870713463 2.1260583835672846 -3.0625
-0.7652492903035097 2.191490820419465 -3.0625
-0.5101661935356732 2.237056833689866 -3.0625
-0.2550830967678366 2.263956279141445 -3.0625
0.0 2.272852015882056 -3.0625
0.2550830967678366 2.263956279141445 -3.0625
0.5101661935356732 2.237056833689866 -3.0625
0.7652492903035097 2.191490820419465 -3.0625
1.0203323870713463 2.1260583835672846 -3.0625
1.275415483839183 2.0388477089327663 -3.0625
1.5304985806070195 1.9269040468154472 -3.0625
1.7855816773748558 1.7855816773748558 -3.0625
2.0406647741426927 1.6071490730637163 -3.0625
-1.8367417977871046 1.8367417977871046 -3.0625
-1.6071490730637163 2.0406647741426927 -3.0625
-1.3775563483403286 2.202176053503368 -3.0625
-1.1479636236169404 2.330111667351733 -3.0625
-0.9183708988935523 2.4297810097911823 -3.0625
-0.6887781741701643 2.5045609376222457 -3.0625
-0.45918544944677614 2.5566363813598465 -3.0625
-0.22959272472338807 2.5873786047330802 -3.0625
0.0 2.597545161008064 -3.0625
0.22959272472338807 2.5873786047330802 -3.0625
0.45918544944677614 2.5566363813598465 -3.0625
0.6887781741701643 2.5045609376222457 -3.0625
0.9183708988935523 2.4297810097911823 -3.0625
1.1479636236169404 2.330111667351733 -3.0625
1.3775563483403286 2.202176053503368 -3.0625
1.6071490730637163 2.0406647741426927 -3.0625
1.8367417977871046 1.8367417977871046 -3.0625
-1.8703980848469581 -1.8703980848469581 -2.84375
-1.6365983242410882 -2.078057726986813 -2.84375
-1.4027985636352187 -2.242528524113195 -2.84375
-1.1689988030293488 -2.372808418333492 -2.84375
-0.9351990424234791 -2.474304092598269 -2.84375
-0.7013992818176094 -2.550454280920181 -2.84375
-0.46759952121173953 -2.603483950279104 -2.84375
-0.23379976060586977 -2.634789491314055 -2.84375
0.0 -2.645142338627231 -2.84375
0.23379976060586977 -2.634789491314055 -2.84375
0.46759952121173953 -2.603483950279104 -2.84375
0.7013992818176094 -2.550454280920181 -2.84375
0.9351990424234791 -2.474304092598269 -2.84375
1.1689988030293488 -2.372808418333492 -2.84375
1.4027985636352187 -2.242528524113195 -2.84375
1.6365983242410882 -2.078057726986813 -2.84375
1.8703980848469581 -1.8703980848469581 -2.84375
-2.078057726986813 -1.6365983242410882 -2.84375
-1.8183005111134611 -1.8183005111134611 -2.84375
-1.5585432952401097 -1.9622124585990457 -2.84375
-1.298786079366758 -2.076207366041805 -2.84375
-1.0390288634934064 -2.1650160810234858 -2.84375
-0.7792716476200549 -2.2316474958051584 -2.84375
-0.5195144317467032 -2.2780484564942163 -2.84375
-0.2597572158733516 -2.305440804899798 -2.84375
0.0 -2.314499546298827 -2.84375
0.2597572158733516 -2.305440804899798 -2.84375
0.5195144317467032 -2.2780484564942163 -2.84375
0.7792716476200549 -2.2316474958051584 -2.84375
1.0390288634934064 -2.1650160810234858 -2.84375
1.298786079366758 -2.076207366041805 -2.84375
1.5585432952401097 -1.9622124585990457 -2.84375
1.8183005111134611 -1.8183005111134611 -2.84375
2.078057726986813 -1.6365983242410882 -2.84375
-2.242528524113195 -1.4027985636352187 -2.84375
-1.9622124585990457 -1.5585432952401097 -2.84375
-1.6818963930848962 -1.6818963930848962 -2.84375
-1.401580327570747 -1.7796063137501186 -2.84375
-1.1212642620565976 -1.855728069448702 -2.84375
-0.8409481965424481 -1.912840710690136 -2.84375
-0.5606321310282988 -1.9526129627093283 -2.84375
-0.2803160655141494 -1.976092118485541 -2.84375
0.0 -1.9838567539704233 -2.84375
0.2803160655141494 -1.976092118485541 -2.84375
0.5606321310282988 -1.9526129627093283 -2.84375
0.8409481965424481 -1.912840710690136 -2.84375
1.1212642620565976 -1.855728069448702 -2.84375
1.401580327570747 -1.7796063137501186 -2.84375
1.6818963930848962 -1.6818963930848962 -2.84375
1.9622124585990457 -1.5585432952401097 -2.84375
2.242528524113195 -1.4027985636352187 -2.84375
-2.372808418333492 -1.1689988030293488 -2.84375
-2.076207366041805 -1.298786079366758 -2.84375
-1.7796063137501186 -1.401580327570747 -2.84375
-1.4830052614584321 -1.4830052614584321 -2.84375
-1.186404209166746 -1.5464400578739184 -2.84375
-0.8898031568750593 -1.5940339255751135 -2.84375
-0.593202104583373 -1.62717746892444 -2.84375
-0.2966010522916865 -1.6467434320712844 -2.84375
0.0 -1.6532139616420194 -2.84375
0.2966010522916865 -1.6467434320712844 -2.84375
0.593202104583373 -1.62717746892444 -2.84375
0.8898031568750593 -1.5940339255751135 -2.84375
1.186404209166746 -1.5464400578739184 -2.84375
1.4830052614584321 -1.4830052614584321 -2.84375
1.7796063137501186 -1.401580327570747 -2.84375
2.076207366041805 -1.298786079366758 -2.84375
2.372808418333492 -1.1689988030293488 -2.84375
-2.474304092598269 -0.9351990424234791 -2.84375
-2.1650160810234858 -1.0390288634934064 -2.84375
-1.855728069448702 -1.1212642620565976 -2.84375
-1.5464400578739184 -1.186404209166746 -2.84375
-1.2371520462991346 -1.2371520462991346 -2.84375
-0.927864034724351 -1.2752271404600906 -2.84375
-0.6185760231495673 -1.301741975139552 -2.84375
-0.30928801157478364 -1.3173947456570274 -2.84375
0.0 -1.3225711693136155 -2.84375
0.30928801157478364 -1.3173947456570274 -2.84375
0.6185760231495673 -1.301741975139552 -2.84375
0.927864034724351 -1.2752271404600906 -2.84375
1.2371520462991346 -1.2371520462991346 -2.84375
1.5464400578739184 -1.186404209166746 -2.84375
1.855728069448702 -1.1212642620565976 -2.84375
2.1650160810234858 -1.0390288634934064 -2.84375
2.474304092598269 -0.9351990424234791 -2.84375
-2.550454280920181 -0.7013992818176094 -2.84375
-2.2316474958051584 -0.7792716476200549 -2.84375
-1.912840710690136 -0.8409481965424481 -2.84375
-1.5940339255751135 -0.8898031568750593 -2.84375
-1.2752271404600906 -0.927864034724351 -2.84375
-0.956420355345068 -0.956420355345068 -2.84375
-0.6376135702300453 -0.9763064813546641 -2.84375
-0.31880678511502264 -0.9880460592427704 -2.84375
0.0 -0.9919283769852116 -2.84375
0.31880678511502264 -0.9880460592427704 -2.84375
0.6376135702300453 -0.9763064813546641 -2.84375
0.956420355345068 -0.956420355345068 -2.84375
1.2752271404600906 -0.927864034724351 -2.84375
1.5940339255751135 -0.8898031568750593 -2.84375
1.912840710690136 -0.8409481965424481 -2.84375
2.2316474958051584 -0.7792716476200549 -2.84375
2.550454280920181 -0.7013992818176094 -2.84375
-2.603483950279104 -0.46759952121173953 -2.84375
-2.2780484564942163 -0.5195144317467032 -2.84375
-1.9526129627093283 -0.5606321310282988 -2.84375
-1.62717746892444 -0.593202104583373 -2.84375
-1.301741975139552 -0.6185760231495673 -2.84375
-0.9763064813546641 -0.6376135702300453 -2.84375
-0.650870987569776 -0.650870987569776 -2.84375
-0.325435493784888 -0.6586973728285137 -2.84375
0.0 -0.6612855846568078 -2.84375
0.325435493784888 -0.6586973728285137 -2.84375
0.650870987569776 -0.650870987569776 -2.84375
0.9763064813546641 -0.6376135702300453 -2.84375
1.301741975139552 -0.6185760231495673 -2.84375
1.62717746892444 -0.593202104583373 -2.84375
1.9526129627093283 -0.5606321310282988 -2.84375
2.2780484564942163 -0.5195144317467032 -2.84375
2.603483950279104 -0.46759952121173953 -2.84375
-2.634789491314055 -0.23379976060586977 -2.84375
-2.305440804899798 -0.2597572158733516 -2.84375
-1.976092118485541 -0.2803160655141494 -2.84375
-1.6467434320712844 -0.2966010522916865 -2.84375
-1.3173947456570274 -0.30928801157478364 -2.84375
-0.9880460592427704 -0.31880678511502264 -2.84375
-0.6586973728285137 -0.325435493784888 -2.84375
-0.32934868641425685 -0.32934868641425685 -2.84375
0.0 -0.3306427923284039 -2.84375
0.32934868641425685 -0.32934868641425685 -2.84375
0.6586973728285137 -0.325435493784888 -2.84375
0.9880460592427704 -0.31880678511502264 -2.84375
1.3173947456570274 -0.30928801157478364 -2.84375
1.6467434320712844 -0.2966010522916865 -2.84375
1.976092118485541 -0.2803160655141494 -2.84375
2.305440804899798 -0.2597572158733516 -2.84375
2.634789491314055 -0.23379976060586977 -2.84375
-2.645142338627231 0.0 -2.84375
-2.314499546298827 0.0 -2.84375
-1.9838567539704233 0.0 -2.84375
-1.6532139616420194 0.0 -2.84375
-1.3225711693136155 0.0 -2.84375
-0.9919283769852116 0.0 -2.84375
-0.6612855846568078 0.0 -2.84375
-0.3306427923284039 0.0 -2.84375
0.0 0.0 -2.84375
0.3306427923284039 0.0 -2.84375
0.6612855846568078 0.0 -2.84375
0.9919283769852116 0.0 -2.84375
1.3225711693136155 0.0 -2.84375
1.6532139616420194 0.0 -2.84375
1.9838567539704233 0.0 -2.84375
2.314499546298827 0.0 -2.84375
2.645142338627231 0.0 -2.84375
-2.634789491314055 0.23379976060586977 -2.84375
-2.305440804899798 0.2597572158733516 -2.84375
-1.976092118485541 0.2803160655141494 -2.84375
-1.6467434320712844 0.2966010522916865 -2.84375
-1.3173947456570274 0.30928801157478364 -2.84375
-0.9880460592427704 0.31880678511502264 -2.84375
-0.6586973728285137 0.325435493784888 -2.84375
-0.32934868641425685 0.32934868641425685 -2.84375
0.0 0.3306427923284039 -2.84375
0.32934868641425685 0.32934868641425685 -2.84375
0.6586973728285137 0.325435493784888 -2.84375
0.9880460592427704 0.31880678511502264 -2.84375
1.3173947456570274 0.30928801157478364 -2.84375
1.6467434320712844 0.2966010522916865 -2.84375
1.976092118485541 0.2803160655141494 -2.84375
2.305440804899798 0.2597572158733516 -2.84375
2.634789491314055 0.23379976060586977 -2.84375
-2.603483950279104 0.46759952121173953 -2.84375
-2.2780484564942163 0.5195144317467032 -2.84375
-1.9526129627093283 0.5606321310282988 -2.84375
-1.62717746892444 0.593202104583373 -2.84375
-1.301741975139552 0.6185760231495673 -2.84375
-0.9763064813546641 0.6376135702300453 -2.84375
-0.650870987569776 0.650870987569776 -2.84375
-0.325435493784888 0.6586973728285137 -2.84375
0.0 0.6612855846568078 -2.84375
0.325435493784888 0.6586973728285137 -2.84375
0.650870987569776 0.650870987569776 -2.84375
0.9763064813546641 0.6376135702300453 -2.84375
1.301741975139552 0.6185760231495673 -2.84375
1.62717746892444 0.593202104583373 -2.84375
1.9526129627093283 0.5606321310282988 -2.84375
2.2780484564942163 0.5195144317467032 -2.84375
2.603483950279104 0.46759952121173953 -2.84375
-2.550454280920181 0.7013992818176094 -2.84375
-2.2316474958051584 0.7792716476200549 -2.84375
-1.912840710690136 0.8409481965424481 -2.84375
-1.5940339255751135 0.8898031568750593 -2.84375
-1.2752271404600906 0.927864034724351 -2.84375
-0.956420355345068 0.956420355345068 -2.84375
-0.6376135702300453 0.9763064813546641 -2.84375
-0.31880678511502264 0.9880460592427704 -2.84375
0.0 0.9919283769852116 -2.84375
0.31880678511502264 0.9880460592427704 -2.84375
0.6376135702300453 0.9763064813546641 -2.84375
0.956420355345068 0.956420355345068 -2.84375
1.2752271404600906 0.927864034724351 -2.84375
1.5940339255751135 0.8898031568750593 -2.84375
1.912840710690136 0.8409481965424481 -2.84375
2.2316474958051584 0.7792716476200549 -2.84375
2.550454280920181 0.7013992818176094 -2.84375
-2.474304092598269 0.9351990424234791 -2.84375
-2.1650160810234858 1.0390288634934064 -2.84375
-1.855728069448702 1.1212642620565976 -2.84375
-1.5464400578739184 1.186404209166746 -2.84375
-1.2371520462991346 1.2371520462991346 -2.84375
-0.927864034724351 1.2752271404600906 -2.84375
-0.6185760231495673 1.301741975139552 -2.84375
-0.30928801157478364 1.3173947456570274 -2.84375
0.0 1.3225711693136155 -2.84375
0.30928801157478364 1.3173947456570274 -2.84375
0.6185760231495673 1.301741975139552 -2.84375
0.927864034724351 1.2752271404600906 -2.84375
1.2371520462991346 1.2371520462991346 -2.84375
1.5464400578739184 1.186404209166746 -2.84375
1.855728069448702 1.1212642620565976 -2.84375
2.1650160810234858 1.0390288634934064 -2.84375
2.474304092598269 0.9351990424234791 -2.84375
-2.372808418333492 1.1689988030293488 -2.84375
-2.076207366041805 1.298786079366758 -2.84375
-1.7796063137501186 1.401580327570747 -2.84375
-1.4830052614584321 1.4830052614584321 -2.84375
-1.186404209166746 1.5464400578739184 -2.84375
-0.8898031568750593 1.5940339255751135 -2.84375
-0.593202104583373 1.62717746892444 -2.84375
-0.2966010522916865 1.6467434320712844 -2.84375
0.0 1.6532139616420194 -2.84375
0.2966010522916865 1.6467434320712844 -2.84375
0.593202104583373 1.62717746892444 -2.84375
0.8898031568750593 1.5940339255751135 -2.84375
1.186404209166746 1.5464400578739184 -2.84375
1.4830052614584321 1.4830052614584321 -2.84375
1.7796063137501186 1.401580327570747 -2.84375
2.076207366041805 1.298786079366758 -2.84375
2.372808418333492 1.1689988030293488 -2.84375
-2.242528524113195 1.4027985636352187 -2.84375
-1.9622124585990457 1.5585432952401097 -2.84375
-1.6818963930848962 1.6818963930848962 -2.84375
-1.401580327570747 1.7796063137501186 -2.84375
-1.1212642620565976 1.855728069448702 -2.84375
-0.8409481965424481 1.912840710690136 -2.84375
-0.5606321310282988 1.9526129627093283 -2.84375
-0.2803160655141494 1.976092118485541 -2.84375
0.0 1.9838567539704233 -2.84375
0.2803160655141494 1.976092118485541 -2.84375
0.5606321310282988 1.9526129627093283 -2.84375
0.8409481965424481 1.912840710690136 -2.84375
1.1212642620565976 1.855728069448702 -2.84375
1.401580327570747 1.7796063137501186 -2.84375
1.6818963930848962 1.6818963930848962 -2.84375
1.9622124585990457 1.5585432952401097 -2.84375
2.242528524113195 1.4027985636352187 -2.84375
-2.078057726986813 1.6365983242410882 -2.84375
-1.8183005111134611 1.8183005111134611 -2.84375
-1.5585432952401097 1.9622124585990457 -2.84375
-1.298786079366758 2.076207366041805 -2.84375
-1.0390288634934064 2.1650160810234858 -2.84375
-0.7792716476200549 2.2316474958051584 -2.84375
-0.5195144317467032 2.2780484564942163 -2.84375
-0.2597572158733516 2.305440804899798 -2.84375
0.0 2.314499546298827 -2.84375
0.2597572158733516 2.305440804899798 -2.84375
0.5195144317467032 2.2780484564942163 -2.84375
0.7792716476200549 2.2316474958051584 -2.84375
1.0390288634934064 2.1650160810234858 -2.84375
1.298786079366758 2.076207366041805 -2.84375
1.5585432952401097 1.9622124585990457 -2.84375
1.8183005111134611 1.8183005111134611 -2.84375
2.078057726986813 1.6365983242410882 -2.84375
-1.8703980848469581 1.8703980848469581 -2.84375
-1.6365983242410882 2.078057726986813 -2.84375
-1.4027985636352187 2.242528524113195 -2.84375
-1.1689988030293488 2.372808418333492 -2.84375
-0.9351990424234791 2.474304092598269 -2.84375
-0.7013992818176094 2.550454280920181 -2.84375
-0.46759952121173953 2.603483950279104 -2.84375
-0.23379976060586977 2.634789491314055 -2.84375
0.0 2.645142338627231 -2.84375
0.23379976060586977 2.634789491314055 -2.84375
0.46759952121173953 2.603483950279104 -2.84375
0.7013992818176094 2.550454280920181 -2.84375
0.9351990424234791 2.474304092598269 -2.84375
1.1689988030293488 2.372808418333492 -2.84375
1.4027985636352187 2.242528524113195 -2.84375
1.6365983242410882 2.078057726986813 -2.84375
1.8703980848469581 1.8703980848469581 -2.84375
-1.9030659780029182 -1.9030659780029182 -2.625
-1.6651827307525533 -2.114352550183596 -2.625
-1.4272994835021886 -2.281695952062586 -2.625
-1.1894162362518237 -2.414251281495974 -2.625
-0.9515329890014591 -2.517519653171819 -2.625
-0.7136497417510943 -2.5949998611489367 -2.625
-0.47576649450072955 -2.6489557331097275 -2.625
-0.23788324725036478 -2.680808048693906 -2.625
0.0 -2.691341716182545 -2.625
0.23788324725036478 -2.680808048693906 -2.625
0.47576649450072955 -2.6489557331097275 -2.625
0.7136497417510943 -2.5949998611489367 -2.625
0.9515329890014591 -2.517519653171819 -2.625
1.1894162362518237 -2.414251281495974 -2.625
1.4272994835021886 -2.281695952062586 -2.625
1.6651827307525533 -2.114352550183596 -2.625
1.9030659780029182 -1.9030659780029182 -2.625
-2.114352550183596 -1.6651827307525533 -2.625
-1.8500584814106464 -1.8500584814106464 -2.625
-1.585764412637697 -1.996483958054763 -2.625
-1.3214703438647475 -2.112469871308977 -2.625
-1.057176275091798 -2.2028296965253413 -2.625
-0.7928822063188485 -2.27062487850532 -2.625
-0.528588137545899 -2.3178362664710117 -2.625
-0.2642940687729495 -2.3457070426071676 -2.625
0.0 -2.3549240016597266 -2.625
0.2642940687729495 -2.3457070426071676 -2.625
0.528588137545899 -2.3178362664710117 -2.625
0.7928822063188485 -2.27062487850532 -2.625
1.057176275091798 -2.2028296965253413 -2.625
1.3214703438647475 -2.112469871308977 -2.625
1.585764412637697 -1.996483958054763 -2.625
1.8500584814106464 -1.8500584814106464 -2.625
2.114352550183596 -1.6651827307525533 -2.625
-2.281695952062586 -1.4272994835021886 -2.625
-1.996483958054763 -1.585764412637697 -2.625
-1.7112719640469396 -1.7112719640469396 -2.625
-1.4260599700391163 -1.8106884611219802 -2.625
-1.140847976031293 -1.8881397398788642 -2.625
-0.8556359820234698 -1.9462498958617027 -2.625
-0.5704239880156465 -1.9867167998322957 -2.625
-0.28521199400782327 -2.0106060365204295 -2.625
0.0 -2.0185062871369084 -2.625
0.28521199400782327 -2.0106060365204295 -2.625
0.5704239880156465 -1.9867167998322957 -2.625
0.8556359820234698 -1.9462498958617027 -2.625
1.140847976031293 -1.8881397398788642 -2.625
1.4260599700391163 -1.8106884611219802 -2.625
1.7112719640469396 -1.7112719640469396 -2.625
1.996483958054763 -1.585764412637697 -2.625
2.281695952062586 -1.4272994835021886 -2.625
-2.414251281495974 -1.1894162362518237 -2.625
-2.112469871308977 -1.3214703438647475 -2.625
-1.8106884611219802 -1.4260599700391163 -2.625
-1.5089070509349833 -1.5089070509349833 -2.625
-1.207125640747987 -1.5734497832323868 -2.625
-0.9053442305609901 -1.6218749132180856 -2.625
-0.6035628203739934 -1.6555973331935796 -2.625
-0.3017814101869967 -1.6755050304336914 -2.625
0.0 -1.6820885726140906 -2.625
0.3017814101869967 -1.6755050304336914 -2.625
0.6035628203739934 -1.6555973331935796 -2.625
0.9053442305609901 -1.6218749132180856 -2.625
1.207125640747987 -1.5734497832323868 -2.625
1.5089070509349833 -1.5089070509349833 -2.625
1.8106884611219802 -1.4260599700391163 -2.625
2.112469871308977 -1.3214703438647475 -2.625
2.414251281495974 -1.1894162362518237 -2.625
-2.517519653171819 -0.9515329890014591 -2.625
-2.2028296965253413 -1.057176275091798 -2.625
-1.8881397398788642 -1.140847976031293 -2.625
-1.5734497832323868 -1.207125640747987 -2.625
-1.2587598265859095 -1.2587598265859095 -2.625
-0.9440698699394321 -1.2974999305744683 -2.625
-0.6293799132929547 -1.3244778665548638 -2.625
-0.31468995664647736 -1.340404024346953 -2.625
0.0 -1.3456708580912724 -2.625
0.31468995664647736 -1.340404024346953 -2.625
0.6293799132929547 -1.3244778665548638 -2.625
0.9440698699394321 -1.2974999305744683 -2.625
1.2587598265859095 -1.2587598265859095 -2.625
1.5734497832323868 -1.207125640747987 -2.625
1.8881397398788642 -1.140847976031293 -2.625
2.2028296965253413 -1.057176275091798 -2.625
2.517519653171819 -0.9515329890014591 -2.625
-2.5949998611489367 -0.7136497417510943 -2.625
-2.27062487850532 -0.7928822063188485 -2.625
-1.9462498958617027 -0.8556359820234698 -2.625
-1.6218749132180856 -0.9053442305609901 -2.625
-1.2974999305744683 -0.9440698699394321 -2.625
-0.9731249479308514 -0.9731249479308514 -2.625
-0.6487499652872342 -0.9933583999161478 -2.625
-0.3243749826436171 -1.0053030182602147 -2.625
0.0 -1.0092531435684542 -2.625
0.3243749826436171 -1.0053030182602147 -2.625
0.6487499652872342 -0.9933583999161478 -2.625
0.9731249479308514 -0.9731249479308514 -2.625
1.2974999305744683 -0.9440698699394321 -2.625
1.6218749132180856 -0.9053442305609901 -2.625
1.9462498958617027 -0.8556359820234698 -2.625
2.27062487850532 -0.7928822063188485 -2.625
2.5949998611489367 -0.7136497417510943 -2.625
-2.6489557331097275 -0.47576649450072955 -2.625
-2.3178362664710117 -0.528588137545899 -2.625
-1.9867167998322957 -0.5704239880156465 -2.625
-1.6555973331935796 -0.6035628203739934 -2.625
-1.3244778665548638 -0.6293799132929547 -2.625
-0.9933583999161478 -0.6487499652872342 -2.625
-0.6622389332774319 -0.6622389332774319 -2.625
-0.33111946663871594 -0.6702020121734765 -2.625
0.0 -0.6728354290456362 -2.625
0.33111946663871594 -0.6702020121734765 -2.625
0.6622389332774319 -0.6622389332774319 -2.625
0.9933583999161478 -0.6487499652872342 -2.625
1.3244778665548638 -0.6293799132929547 -2.625
1.6555973331935796 -0.6035628203739934 -2.625
1.9867167998322957 -0.5704239880156465 -2.625
2.3178362664710117 -0.528588137545899 -2.625
2.6489557331097275 -0.47576649450072955 -2.625
-2.680808048693906 -0.23788324725036478 -2.625
-2.3457070426071676 -0.2642940687729495 -2.625
-2.0106060365204295 -0.28521199400782327 -2.625
-1.6755050304336914 -0.3017814101869967 -2.625
-1.340404024346953 -0.31468995664647736 -2.625
-1.0053030182602147 -0.3243749826436171 -2.625
-0.6702020121734765 -0.33111946663871594 -2.625
-0.33510100608673826 -0.33510100608673826 -2.625
0.0 -0.3364177145228181 -2.625
0.33510100608673826 -0.33510100608673826 -2.625
0.6702020121734765 -0.33111946663871594 -2.625
1.0053030182602147 -0.3243749826436171 -2.625
1.340404024346953 -0.31468995664647736 -2.625
1.6755050304336914 -0.3017814101869967 -2.625
2.0106060365204295 -0.28521199400782327 -2.625
2.3457070426071676 -0.2642940687729495 -2.625
2.680808048693906 -0.23788324725036478 -2.625
-2.691341716182545 0.0 -2.625
-2.3549240016597266 0.0 -2.625
-2.0185062871369084 0.0 -2.625
-1.6820885726140906 0.0 -2.625
-1.3456708580912724 0.0 -2.625
-1.0092531435684542 0.0 -2.625
-0.6728354290456362 0.0 -2.625
-0.3364177145228181 0.0 -2.625
0.0 0.0 -2.625
0.3364177145228181 0.0 -2.625
0.6728354290456362 0.0 -2.625
1.0092531435684542 0.0 -2.625
1.3456708580912724 0.0 -2.625
1.6820885726140906 0.0 -2.625
2.0185062871369084 0.0 -2.625
2.3549240016597266 0.0 -2.625
2.691341716182545 0.0 -2.625
-2.680808048693906 0.23788324725036478 -2.625
-2.3457070426071676 0.2642940687729495 -2.625
-2.0106060365204295 0.28521199400782327 -2.625
-1.6755050304336914 0.3017814101869967 -2.625
-1.340404024346953 0.31468995664647736 -2.625
-1.0053030182602147 0.3243749826436171 -2.625
-0.6702020121734765 0.33111946663871594 -2.625
-0.33510100608673826 0.33510100608673826 -2.625
0.0 0.3364177145228181 -2.625
0.33510100608673826 0.33510100608673826 -2.625
0.6702020121734765 0.33111946663871594 -2.625
1.0053030182602147 0.3243749826436171 -2.625
1.340404024346953 0.31468995664647736 -2.625
1.6755050304336914 0.3017814101869967 -2.625
2.0106060365204295 0.28521199400782327 -2.625
2.3457070426071676 0.2642940687729495 -2.625
2.680808048693906 0.23788324725036478 -2.625
-2.6489557331097275 0.47576649450072955 -2.625
-2.3178362664710117 0.528588137545899 -2.625
-1.9867167998322957 0.5704239880156465 -2.625
-1.6555973331935796 0.6035628203739934 -2.625
-1.3244778665548638 0.6293799132929547 -2.625
-0.9933583999161478 0.6487499652872342 -2.625
-0.6622389332774319 0.6622389332774319 -2.625
-0.33111946663871594 0.6702020121734765 -2.625
0.0 0.6728354290456362 -2.625
0.33111946663871594 0.6702020121734765 -2.625
0.6622389332774319 0.6622389332774319 -2.625
0.9933583999161478 0.6487499652872342 -2.625
1.3244778665548638 0.6293799132929547 -2.625
1.6555973331935796 0.6035628203739934 -2.625
1.9867167998322957 0.5704239880156465 -2.625
2.3178362664710117 0.528588137545899 -2.625
2.6489557331097275 0.47576649450072955 -2.625
-2.5949998611489367 0.7136497417510943 -2.625
-2.27062487850532 0.7928822063188485 -2.625
-1.9462498958617027 0.8556359820234698 -2.625
-1.6218749132180856 0.9053442305609901 -2.625
-1.2974999305744683 0.9440698699394321 -2.625
-0.9731249479308514 0.9731249479308514 -2.625
-0.6487499652872342 0.9933583999161478 -2.625
-0.3243749826436171 1.0053030182602147 -2.625
0.0 1.0092531435684542 -2.625
0.3243749826436171 1.0053030182602147 -2.625
0.6487499652872342 0.9933583999161478 -2.625
0.9731249479308514 0.9731249479308514 -2.625
1.2974999305744683 0.9440698699394321 -2.625
1.6218749132180856 0.9053442305609901 -2.625
1.9462498958617027 0.8556359820234698 -2.625
2.27062487850532 0.7928822063188485 -2.625
2.5949998611489367 0.7136497417510943 -2.625
-2.517519653171819 0.9515329890014591 -2.625
-2.2028296965253413 1.057176275091798 -2.625
-1.8881397398788642 1.140847976031293 -2.625
-1.5734497832323868 1.207125640747987 -2.625
-1.2587598265859095 1.2587598265859095 -2.625
-0.9440698699394321 1.2974999305744683 -2.625
-0.6293799132929547 1.3244778665548638 -2.625
-0.31468995664647736 1.340404024346953 -2.625
0.0 1.3456708580912724 -2.625
0.31468995664647736 1.340404024346953 -2.625
0.6293799132929547 1.3244778665548638 -2.625
0.9440698699394321 1.2974999305744683 -2.625
1.2587598265859095 1.2587598265859095 -2.625
1.5734497832323868 1.207125640747987 -2.625
1.8881397398788642 1.140847976031293 -2.625
2.2028296965253413 1.057176275091798 -2.625
2.517519653171819 0.9515329890014591 -2.625
-2.414251281495974 1.1894162362518237 -2.625
-2.112469871308977 1.3214703438647475 -2.625
-1.8106884611219802 1.4260599700391163 -2.625
-1.5089070509349833 1.5089070509349833 -2.625
-1.207125640747987 1.5734497832323868 -2.625
-0.9053442305609901 1.6218749132180856 -2.625
-0.6035628203739934 1.6555973331935796 -2.625
-0.3017814101869967 1.6755050304336914 -2.625
0.0 1.6820885726140906 -2.625
0.3017814101869967 1.6755050304336914 -2.625
0.6035628203739934 1.6555973331935796 -2.625
0.9053442305609901 1.6218749132180856 -2.625
1.207125640747987 1.5734497832323868 -2.625
1.5089070509349833 1.5089070509349833 -2.625
1.8106884611219802 1.4260599700391163 -2.625
2.112469871308977 1.3214703438647475 -2.625
2.414251281495974 1.1894162362518237 -2.625
-2.281695952062586 1.4272994835021886 -2.625
-1.996483958054763 1.585764412637697 -2.625
-1.7112719640469396 1.7112719640469396 -2.625
-1.4260599700391163 1.8106884611219802 -2.625
-1.140847976031293 1.8881397398788642 -2.625
-0.8556359820234698 1.9462498958617027 -2.625
-0.5704239880156465 1.9867167998322957 -2.625
-0.28521199400782327 2.0106060365204295 -2.625
0.0 2.0185062871369084 -2.625
0.28521199400782327 2.0106060365204295 -2.625
0.5704239880156465 1.9867167998322957 -2.625
0.8556359820234698 1.9462498958617027 -2.625
1.140847976031293 1.8881397398788642 -2.625
1.4260599700391163 1.8106884611219802 -2.625
1.7112719640469396 1.7112719640469396 -2.625
1.996483958054763 1.585764412637697 -2.625
2.281695952062586 1.4272994835021886 -2.625
-2.114352550183596 1.6651827307525533 -2.625
-1.8500584814106464 1.8500584814106464 -2.625
-1.585764412637697 1.996483958054763 -2.625
-1.3214703438647475 2.112469871308977 -2.625
-1.057176275091798 2.2028296965253413 -2.625
-0.7928822063188485 2.27062487850532 -2.625
-0.528588137545899 2.3178362664710117 -2.625
-0.2642940687729495 2.3457070426071676 -2.625
0.0 2.3549240016597266 -2.625
0.2642940687729495 2.3457070426071676 -2.625
0.528588137545899 2.3178362664710117 -2.625
0.7928822063188485 2.27062487850532 -2.625
1.057176275091798 2.2028296965253413 -2.625
1.3214703438647475 2.112469871308977 -2.625
1.585764412637697 1.996483958054763 -2.625
1.8500584814106464 1.8500584814106464 -2.625
2.114352550183596 1.6651827307525533 -2.625
-1.9030659780029182 1.9030659780029182 -2.625
-1.6651827307525533 2.114352550183596 -2.625
-1.4272994835021886 2.281695952062586 -2.625
-1.1894162362518237 2.414251281495974 -2.625
-0.9515329890014591 2.517519653171819 -2.625
-0.7136497417510943 2.5949998611489367 -2.625
-0.47576649450072955 2.6489557331097275 -2.625
-0.23788324725036478 2.680808048693906 -2.625
0.0 2.691341716182545 -2.625
0.23788324725036478 2.680808048693906 -2.625
0.47576649450072955 2.6489557331097275 -2.625
0.7136497417510943 2.5949998611489367 -2.625
0.9515329890014591 2.517519653171819 -2.625
1.1894162362518237 2.414251281495974 -2.625
1.4272994835021886 2.281695952062586 -2.625
1.6651827307525533 2.114352550183596 -2.625
1.9030659780029182 1.9030659780029182 -2.625
-1.9344308675858057 -1.9344308675858057 -2.40625
-1.69262700913758 -2.1491997047448885 -2.40625
-1.4508231506893543 -2.319301133609295 -2.40625
-1.2090192922411285 -2.4540411394119506 -2.40625
-0.9672154337929029 -2.5590115020394792 -2.40625
-0.7254115753446772 -2.637768680019819 -2.40625
-0.48360771689645143 -2.692613811725652 -2.40625
-0.24180385844822572 -2.7249910930087635 -2.40625
0.0 -2.735698368412999 -2.40625
0.24180385844822572 -2.7249910930087635 -2.40625
0.48360771689645143 -2.692613811725652 -2.40625
0.7254115753446772 -2.637768680019819 -2.40625
0.9672154337929029 -2.5590115020394792 -2.40625
1.2090192922411285 -2.4540411394119506 -2.40625
1.4508231506893543 -2.319301133609295 -2.40625
1.69262700913758 -2.1491997047448885 -2.40625
1.9344308675858057 -1.9344308675858057 -2.40625
-2.1491997047448885 -1.69262700913758 -2.40625
-1.8805497416517774 -1.8805497416517774 -2.40625
-1.6118997785586664 -2.0293884919081333 -2.40625
-1.3432498154655552 -2.147285996985457 -2.40625
-1.0745998523724443 -2.2391350642845445 -2.40625
-0.8059498892793332 -2.3080475950173414 -2.40625
-0.5372999261862221 -2.356037085259946 -2.40625
-0.26864996309311107 -2.384367206382668 -2.40625
0.0 -2.3937360723613743 -2.40625
0.26864996309311107 -2.384367206382668 -2.40625
0.5372999261862221 -2.356037085259946 -2.40625
0.8059498892793332 -2.3080475950173414 -2.40625
1.0745998523724443 -2.2391350642845445 -2.40625
1.3432498154655552 -2.147285996985457 -2.40625
1.6118997785586664 -2.0293884919081333 -2.40625
1.8805497416517774 -1.8805497416517774 -2.40625
2.1491997047448885 -1.69262700913758 -2.40625
-2.319301133609295 -1.4508231506893543 -2.40625
-2.0293884919081333 -1.6118997785586664 -2.40625
-1.7394758502069712 -1.7394758502069712 -2.40625
-1.4495632085058092 -1.840530854558963 -2.40625
-1.1596505668046475 -1.9192586265296094 -2.40625
-0.8697379251034856 -1.9783265100148641 -2.40625
-0.5798252834023238 -2.0194603587942392 -2.40625
-0.2899126417011619 -2.0437433197565724 -2.40625
0.0 -2.051773776309749 -2.40625
0.2899126417011619 -2.0437433197565724 -2.40625
0.5798252834023238 -2.0194603587942392 -2.40625
0.8697379251034856 -1.9783265100148641 -2.40625
1.1596505668046475 -1.9192586265296094 -2.40625
1.4495632085058092 -1.840530854558963 -2.40625
1.7394758502069712 -1.7394758502069712 -2.40625
2.0293884919081333 -1.6118997785586664 -2.40625
2.319301133609295 -1.4508231506893543 -2.40625
-2.4540411394119506 -1.2090192922411285 -2.40625
-2.147285996985457 -1.3432498154655552 -2.40625
-1.840530854558963 -1.4495632085058092 -2.40625
-1.533775712132469 -1.533775712132469 -2.40625
-1.2270205697059753 -1.5993821887746746 -2.40625
-0.9202654272794815 -1.648605425012387 -2.40625
-0.6135102848529876 -1.6828836323285326 -2.40625
-0.3067551424264938 -1.7031194331304773 -2.40625
0.0 -1.7098114802581243 -2.40625
0.3067551424264938 -1.7031194331304773 -2.40625
0.6135102848529876 -1.6828836323285326 -2.40625
0.9202654272794815 -1.648605425012387 -2.40625
1.2270205697059753 -1.5993821887746746 -2.40625
1.533775712132469 -1.533775712132469 -2.40625
1.840530854558963 -1.4495632085058092 -2.40625
2.147285996985457 -1.3432498154655552 -2.40625
2.4540411394119506 -1.2090192922411285 -2.40625
-2.5590115020394792 -0.9672154337929029 -2.40625
-2.2391350642845445 -1.0745998523724443 -2.40625
-1.9192586265296094 -1.1596505668046475 -2.40625
-1.5993821887746746 -1.2270205697059753 -2.40625
-1.2795057510197396 -1.2795057510197396 -2.40625
-0.9596293132648047 -1.3188843400099095 -2.40625
-0.6397528755098698 -1.346306905862826 -2.40625
-0.3198764377549349 -1.3624955465043818 -2.40625
0.0 -1.3678491842064995 -2.40625
0.3198764377549349 -1.3624955465043818 -2.40625
0.6397528755098698 -1.346306905862826 -2.40625
0.9596293132648047 -1.3188843400099095 -2.40625
1.2795057510197396 -1.2795057510197396 -2.40625
1.5993821887746746 -1.2270205697059753 -2.40625
1.9192586265296094 -1.1596505668046475 -2.40625
2.2391350642845445 -1.0745998523724443 -2.40625
2.5590115020394792 -0.9672154337929029 -2.40625
-2.637768680019819 -0.7254115753446772 -2.40625
-2.3080475950173414 -0.8059498892793332 -2.40625
-1.9783265100148641 -0.8697379251034856 -2.40625
-1.648605425012387 -0.9202654272794815 -2.40625
-1.3188843400099095 -0.9596293132648047 -2.40625
-0.9891632550074321 -0.9891632550074321 -2.40625
-0.6594421700049548 -1.0097301793971196 -2.40625
-0.3297210850024774 -1.0218716598782862 -2.40625
0.0 -1.0258868881548746 -2.40625
0.3297210850024774 -1.0218716598782862 -2.40625
0.6594421700049548 -1.0097301793971196 -2.40625
0.9891632550074321 -0.9891632550074321 -2.40625
1.3188843400099095 -0.9596293132648047 -2.40625
1.648605425012387 -0.9202654272794815 -2.40625
1.9783265100148641 -0.8697379251034856 -2.40625
2.3080475950173414 -0.8059498892793332 -2.40625
2.637768680019819 -0.7254115753446772 -2.40625
-2.692613811725652 -0.48360771689645143 -2.40625
-2.356037085259946 -0.5372999261862221 -2.40625
-2.0194603587942392 -0.5798252834023238 -2.40625
-1.6828836323285326 -0.6135102848529876 -2.40625
-1.346306905862826 -0.6397528755098698 -2.40625
-1.0097301793971196 -0.6594421700049548 -2.40625
-0.673153452931413 -0.673153452931413 -2.40625
-0.3365767264657065 -0.6812477732521909 -2.40625
0.0 -0.6839245921032497 -2.40625
0.3365767264657065 -0.6812477732521909 -2.40625
0.673153452931413 -0.673153452931413 -2.40625
1.0097301793971196 -0.6594421700049548 -2.40625
1.346306905862826 -0.6397528755098698 -2.40625
1.6828836323285326 -0.6135102848529876 -2.40625
2.0194603587942392 -0.5798252834023238 -2.40625
2.356037085259946 -0.5372999261862221 -2.40625
2.692613811725652 -0.48360771689645143 -2.40625
-2.7249910930087635 -0.24180385844822572 -2.40625
-2.384367206382668 -0.26864996309311107 -2.40625
-2.0437433197565724 -0.2899126417011619 -2.40625
-1.7031194331304773 -0.3067551424264938 -2.40625
-1.3624955465043818 -0.3198764377549349 -2.40625
-1.0218716598782862 -0.3297210850024774 -2.40625
-0.6812477732521909 -0.3365767264657065 -2.40625
-0.34062388662609544 -0.34062388662609544 -2.40625
0.0 -0.34196229605162487 -2.40625
0.34062388662609544 -0.34062388662609544 -2.40625
0.6812477732521909 -0.3365767264657065 -2.40625
1.0218716598782862 -0.3297210850024774 -2.40625
1.3624955465043818 -0.3198764377549349 -2.40625
1.7031194331304773 -0.3067551424264938 -2.40625
2.0437433197565724 -0.2899126417011619 -2.40625
2.384367206382668 -0.26864996309311107 -2.40625
2.7249910930087635 -0.24180385844822572 -2.40625
-2.735698368412999 0.0 -2.40625
-2.3937360723613743 0.0 -2.40625
-2.051773776309749 0.0 -2.40625
-1.7098114802581243 0.0 -2.40625
-1.3678491842064995 0.0 -2.40625
-1.0258868881548746 0.0 -2.40625
-0.6839245921032497 0.0 -2.40625
-0.34196229605162487 0.0 -2.40625
0.0 0.0 -2.40625
0.34196229605162487 0.0 -2.40625
0.6839245921032497 0.0 -2.40625
1.0258868881548746 0.0 -2.40625
1.3678491842064995 0.0 -2.40625
1.7098114802581243 0.0 -2.40625
2.051773776309749 0.0 -2.40625
2.3937360723613743 0.0 -2.40625
2.735698368412999 0.0 -2.40625
-2.7249910930087635 0.24180385844822572 -2.40625
-2.384367206382668 0.26864996309311107 -2.40625
-2.0437433197565724 0.2899126417011619 -2.40625
-1.7031194331304773 0.3067551424264938 -2.40625
-1.3624955465043818 0.3198764377549349 -2.40625
-1.0218716598782862 0.3297210850024774 -2.40625
-0.6812477732521909 0.3365767264657065 -2.40625
-0.34062388662609544 0.34062388662609544 -2.40625
0.0 0.34196229605162487 -2.40625
0.34062388662609544 0.34062388662609544 -2.40625
0.6812477732521909 0.3365767264657065 -2.40625
1.0218716598782862 0.3297210850024774 -2.40625
1.3624955465043818 0.3198764377549349 -2.40625
1.7031194331304773 0.3067551424264938 -2.40625
2.0437433197565724 0.2899126417011619 -2.40625
2.384367206382668 0.26864996309311107 -2.40625
2.7249910930087635 0.24180385844822572 -2.40625
-2.692613811725652 0.48360771689645143 -2.40625
-2.356037085259946 0.5372999261862221 -2.40625
-2.0194603587942392 0.5798252834023238 -2.40625
-1.6828836323285326 0.6135102848529876 -2.40625
-1.346306905862826 0.6397528755098698 -2.40625
-1.0097301793971196 0.6594421700049548 -2.40625
-0.673153452931413 0.673153452931413 -2.40625
-0.3365767264657065 0.6812477732521909 -2.40625
0.0 0.6839245921032497 -2.40625
0.3365767264657065 0.6812477732521909 -2.40625
0.673153452931413 0.673153452931413 -2.40625
1.0097301793971196 0.6594421700049548 -2.40625
1.346306905862826 0.6397528755098698 -2.40625
1.6828836323285326 0.6135102848529876 -2.40625
2.0194603587942392 0.5798252834023238 -2.40625
2.356037085259946 0.5372999261862221 -2.40625
2.692613811725652 0.48360771689645143 -2.40625
-2.637768680019819 0.7254115753446772 -2.40625
-2.3080475950173414 0.8059498892793332 -2.40625
-1.9783265100148641 0.8697379251034856 -2.40625
-1.648605425012387 0.9202654272794815 -2.40625
-1.3188843400099095 0.9596293132648047 -2.40625
-0.9891632550074321 0.9891632550074321 -2.40625
-0.6594421700049548 1.0097301793971196 -2.40625
-0.3297210850024774 1.0218716598782862 -2.40625
0.0 1.0258868881548746 -2.40625
0.3297210850024774 1.0218716598782862 -2.40625
0.6594421700049548 1.0097301793971196 -2.40625
0.9891632550074321 0.9891632550074321 -2.40625
1.3188843400099095 0.9596293132648047 -2.40625
1.648605425012387 0.9202654272794815 -2.40625
1.9783265100148641 0.8697379251034856 -2.40625
2.3080475950173414 0.8059498892793332 -2.40625
2.637768680019819 0.7254115753446772 -2.40625
-2.5590115020394792 0.9672154337929029 -2.40625
-2.2391350642845445 1.0745998523724443 -2.40625
-1.9192586265296094 1.1596505668046475 -2.40625
-1.5993821887746746 1.2270205697059753 -2.40625
-1.2795057510197396 1.2795057510197396 -2.40625
-0.9596293132648047 1.3188843400099095 -2.40625
-0.6397528755098698 1.346306905862826 -2.40625
-0.3198764377549349 1.3624955465043818 -2.40625
0.0 1.3678491842064995 -2.40625
0.3198764377549349 1.3624955465043818 -2.40625
0.6397528755098698 1.346306905862826 -2.40625
0.9596293132648047 1.3188843400099095 -2.40625
1.2795057510197396 1.2795057510197396 -2.40625
1.5993821887746746 1.2270205697059753 -2.40625
1.9192586265296094 1.1596505668046475 -2.40625
2.2391350642845445 1.0745998523724443 -2.40625
2.5590115020394792 0.9672154337929029 -2.40625
-2.4540411394119506 1.2090192922411285 -2.40625
-2.147285996985457 1.3432498154655552 -2.40625
-1.840530854558963 1.4495632085058092 -2.40625
-1.533775712132469 1.533775712132469 -2.40625
-1.2270205697059753 1.5993821887746746 -2.40625
-0.9202654272794815 1.648605425012387 -2.40625
-0.6135102848529876 1.6828836323285326 -2.40625
-0.3067551424264938 1.7031194331304773 -2.40625
0.0 1.7098114802581243 -2.40625
0.3067551424264938 1.7031194331304773 -2.40625
0.6135102848529876 1.6828836323285326 -2.40625
0.9202654272794815 1.648605425012387 -2.40625
1.2270205697059753 1.5993821887746746 -2.40625
1.533775712132469 1.533775712132469 -2.40625
1.840530854558963 1.4495632085058092 -2.40625
2.147285996985457 1.3432498154655552 -2.40625
2.4540411394119506 1.2090192922411285 -2.40625
-2.319301133609295 1.4508231506893543 -2.40625
-2.0293884919081333 1.6118997785586664 -2.40625
-1.7394758502069712 1.7394758502069712 -2.40625
-1.4495632085058092 1.840530854558963 -2.40625
-1.1596505668046475 1.9192586265296094 -2.40625
-0.8697379251034856 1.9783265100148641 -2.40625
-0.5798252834023238 2.0194603587942392 -2.40625
-0.2899126417011619 2.0437433197565724 -2.40625
0.0 2.051773776309749 -2.40625
0.2899126417011619 2.0437433197565724 -2.40625
0.5798252834023238 2.0194603587942392 -2.40625
0.8697379251034856 1.9783265100148641 -2.40625
1.1596505668046475 1.9192586265296094 -2.40625
1.4495632085058092 1.840530854558963 -2.40625
1.7394758502069712 1.7394758502069712 -2.40625
2.0293884919081333 1.6118997785586664 -2.40625
2.319301133609295 1.4508231506893543 -2.40625
-2.1491997047448885 1.69262700913758 -2.40625
-1.8805497416517774 1.8805497416517774 -2.40625
-1.6118997785586664 2.0293884919081333 -2.40625
-1.3432498154655552 2.147285996985457 -2.40625
-1.0745998523724443 2.2391350642845445 -2.40625
-0.8059498892793332 2.3080475950173414 -2.40625
-0.5372999261862221 2.356037085259946 -2.40625
-0.26864996309311107 2.384367206382668 -2.40625
0.0 2.3937360723613743 -2.40625
0.26864996309311107 2.384367206382668 -2.40625
0.5372999261862221 2.356037085259946 -2.40625
0.8059498892793332 2.3080475950173414 -2.40625
1.0745998523724443 2.2391350642845445 -2.40625
1.3432498154655552 2.147285996985457 -2.40625
1.6118997785586664 2.0293884919081333 -2.40625
1.8805497416517774 1.8805497416517774 -2.40625
2.1491997047448885 1.69262700913758 -2.40625
-1.9344308675858057 1.9344308675858057 -2.40625
-1.69262700913758 2.1491997047448885 -2.40625
-1.4508231506893543 2.319301133609295 -2.40625
-1.2090192922411285 2.4540411394119506 -2.40625
-0.9672154337929029 2.5590115020394792 -2.40625
-0.7254115753446772 2.637768680019819 -2.40625
-0.48360771689645143 2.692613811725652 -2.40625
-0.24180385844822572 2.7249910930087635 -2.40625
0.0 2.735698368412999 -2.40625
0.24180385844822572 2.7249910930087635 -2.40625
0.48360771689645143 2.692613811725652 -2.40625
0.7254115753446772 2.637768680019819 -2.40625
0.9672154337929029 2.5590115020394792 -2.40625
1.2090192922411285 2.4540411394119506 -2.40625
1.4508231506893543 2.319301133609295 -2.40625
1.69262700913758 2.1491997047448885 -2.40625
1.9344308675858057 1.9344308675858057 -2.40625
-1.9641906925631445 -1.9641906925631445 -2.1875
-1.7186668559927514 -2.1822635935228725 -2.1875
-1.4731430194223585 -2.3549819102979423 -2.1875
-1.2276191828519654 -2.4917947939983427 -2.1875
-0.9820953462815722 -2.5983800500149026 -2.1875
-0.7365715097111792 -2.6783488504272857 -2.1875
-0.4910476731407861 -2.7340377349638736 -2.1875
-0.24552383657039306 -2.766913117388966 -2.1875
0.0 -2.777785116509801 -2.1875
0.24552383657039306 -2.766913117388966 -2.1875
0.4910476731407861 -2.7340377349638736 -2.1875
0.7365715097111792 -2.6783488504272857 -2.1875
0.9820953462815722 -2.5983800500149026 -2.1875
1.2276191828519654 -2.4917947939983427 -2.1875
1.4731430194223585 -2.3549819102979423 -2.1875
1.7186668559927514 -2.1822635935228725 -2.1875
1.9641906925631445 -1.9641906925631445 -2.1875
-2.1822635935228725 -1.7186668559927514 -2.1875
-1.9094806443325134 -1.9094806443325134 -2.1875
-1.6366976951421546 -2.0606091715106998 -2.1875
-1.3639147459517953 -2.1803204447485496 -2.1875
-1.0911317967614362 -2.2735825437630397 -2.1875
-0.8183488475710773 -2.3435552441238747 -2.1875
-0.5455658983807181 -2.3922830180933894 -2.1875
-0.27278294919035906 -2.421048977715345 -2.1875
0.0 -2.430561976946076 -2.1875
0.27278294919035906 -2.421048977715345 -2.1875
0.5455658983807181 -2.3922830180933894 -2.1875
0.8183488475710773 -2.3435552441238747 -2.1875
1.0911317967614362 -2.2735825437630397 -2.1875
1.3639147459517953 -2.1803204447485496 -2.1875
1.6366976951421546 -2.0606091715106998 -2.1875
1.9094806443325134 -1.9094806443325134 -2.1875
2.1822635935228725 -1.7186668559927514 -2.1875
-2.3549819102979423 -1.4731430194223585 -2.1875
-2.0606091715106998 -1.6366976951421546 -2.1875
-1.7662364327234568 -1.7662364327234568 -2.1875
-1.4718636939362142 -1.8688460954987567 -2.1875
-1.1774909551489712 -1.948785037511177 -2.1875
-0.8831182163617284 -2.0087616378204642 -2.1875
-0.5887454775744856 -2.0505283012229056 -2.1875
-0.2943727387872428 -2.075184838041724 -2.1875
0.0 -2.083338837382351 -2.1875
0.2943727387872428 -2.075184838041724 -2.1875
0.5887454775744856 -2.0505283012229056 -2.1875
0.8831182163617284 -2.0087616378204642 -2.1875
1.1774909551489712 -1.948785037511177 -2.1875
1.4718636939362142 -1.8688460954987567 -2.1875
1.7662364327234568 -1.7662364327234568 -2.1875
2.0606091715106998 -1.6366976951421546 -2.1875
2.3549819102979423 -1.4731430194223585 -2.1875
-2.4917947939983427 -1.2276191828519654 -2.1875
-2.1803204447485496 -1.3639147459517953 -2.1875
-1.8688460954987567 -1.4718636939362142 -2.1875
-1.557371746248964 -1.557371746248964 -2.1875
-1.2458973969991713 -1.6239875312593142 -2.1875
-0.9344230477493783 -1.6739680315170538 -2.1875
-0.6229486984995857 -1.708773584352421 -2.1875
-0.31147434924979284 -1.7293206983681038 -2.1875
0.0 -1.7361156978186256 -2.1875
0.31147434924979284 -1.7293206983681038 -2.1875
0.6229486984995857 -1.708773584352421 -2.1875
0.9344230477493783 -1.6739680315170538 -2.1875
1.2458973969991713 -1.6239875312593142 -2.1875
1.557371746248964 -1.557371746248964 -2.1875
1.8688460954987567 -1.4718636939362142 -2.1875
2.1803204447485496 -1.3639147459517953 -2.1875
2.4917947939983427 -1.2276191828519654 -2.1875
-2.5983800500149026 -0.9820953462815722 -2.1875
-2.2735825437630397 -1.0911317967614362 -2.1875
-1.948785037511177 -1.1774909551489712 -2.1875
-1.6239875312593142 -1.2458973969991713 -2.1875
-1.2991900250074513 -1.2991900250074513 -2.1875
-0.9743925187555885 -1.3391744252136428 -2.1875
-0.6495950125037256 -1.3670188674819368 -2.1875
-0.3247975062518628 -1.383456558694483 -2.1875
0.0 -1.3888925582549005 -2.1875
0.3247975062518628 -1.383456558694483 -2.1875
0.6495950125037256 -1.3670188674819368 -2.1875
0.9743925187555885 -1.3391744252136428 -2.1875
1.2991900250074513 -1.2991900250074513 -2.1875
1.6239875312593142 -1.2458973969991713 -2.1875
1.948785037511177 -1.1774909551489712 -2.1875
2.2735825437630397 -1.0911317967614362 -2.1875
2.5983800500149026 -0.9820953462815722 -2.1875
-2.6783488504272857 -0.7365715097111792 -2.1875
-2.3435552441238747 -0.8183488475710773 -2.1875
-2.0087616378204642 -0.8831182163617284 -2.1875
-1.6739680315170538 -0.9344230477493783 -2.1875
-1.3391744252136428 -0.9743925187555885 -2.1875
-1.0043808189102321 -1.0043808189102321 -2.1875
-0.6695872126068214 -1.0252641506114528 -2.1875
-0.3347936063034107 -1.037592419020862 -2.1875
0.0 -1.0416694186911755 -2.1875
0.3347936063034107 -1.037592419020862 -2.1875
0.6695872126068214 -1.0252641506114528 -2.1875
1.0043808189102321 -1.0043808189102321 -2.1875
1.3391744252136428 -0.9743925187555885 -2.1875
1.6739680315170538 -0.9344230477493783 -2.1875
2.0087616378204642 -0.8831182163617284 -2.1875
2.3435552441238747 -0.8183488475710773 -2.1875
2.6783488504272857 -0.7365715097111792 -2.1875
-2.7340377349638736 -0.4910476731407861 -2.1875
-2.3922830180933894 -0.5455658983807181 -2.1875
-2.0505283012229056 -0.5887454775744856 -2.1875
-1.708773584352421 -0.6229486984995857 -2.1875
-1.3670188674819368 -0.6495950125037256 -2.1875
-1.0252641506114528 -0.6695872126068214 -2.1875
-0.6835094337409684 -0.6835094337409684 -2.1875
-0.3417547168704842 -0.6917282793472415 -2.1875
0.0 -0.6944462791274503 -2.1875
0.3417547168704842 -0.6917282793472415 -2.1875
0.6835094337409684 -0.6835094337409684 -2.1875
1.0252641506114528 -0.6695872126068214 -2.1875
1.3670188674819368 -0.6495950125037256 -2.1875
1.708773584352421 -0.6229486984995857 -2.1875
2.0505283012229056 -0.5887454775744856 -2.1875
2.3922830180933894 -0.5455658983807181 -2.1875
2.7340377349638736 -0.4910476731407861 -2.1875
-2.766913117388966 -0.24552383657039306 -2.1875
-2.421048977715345 -0.27278294919035906 -2.1875
-2.075184838041724 -0.2943727387872428 -2.1875
-1.7293206983681038 -0.31147434924979284 -2.1875
-1.383456558694483 -0.3247975062518628 -2.1875
-1.037592419020862 -0.3347936063034107 -2.1875
-0.6917282793472415 -0.3417547168704842 -2.1875
-0.34586413967362073 -0.34586413967362073 -2.1875
0.0 -0.34722313956372514 -2.1875
0.34586413967362073 -0.34586413967362073 -2.1875
0.6917282793472415 -0.3417547168704842 -2.1875
1.037592419020862 -0.3347936063034107 -2.1875
1.383456558694483 -0.3247975062518628 -2.1875
1.7293206983681038 -0.31147434924979284 -2.1875
2.075184838041724 -0.2943727387872428 -2.1875
2.421048977715345 -0.27278294919035906 -2.1875
2.766913117388966 -0.24552383657039306 -2.1875
-2.777785116509801 0.0 -2.1875
-2.430561976946076 0.0 -2.1875
-2.083338837382351 0.0 -2.1875
-1.7361156978186256 0.0 -2.1875
-1.3888925582549005 0.0 -2.1875
-1.0416694186911755 0.0 -2.1875
-0.6944462791274503 0.0 -2.1875
-0.34722313956372514 0.0 -2.1875
0.0 0.0 -2.1875
0.34722313956372514 0.0 -2.1875
0.6944462791274503 0.0 -2.1875
1.0416694186911755 0.0 -2.1875
1.3888925582549005 0.0 -2.1875
1.7361156978186256 0.0 -2.1875
2.083338837382351 0.0 -2.1875
2.430561976946076 0.0 -2.1875
2.777785116509801 0.0 -2.1875
-2.766913117388966 0.24552383657039306 -2.1875
-2.421048977715345 0.27278294919035906 -2.1875
-2.075184838041724 0.2943727387872428 -2.1875
-1.7293206983681038 0.31147434924979284 -2.1875
-1.383456558694483 0.3247975062518628 -2.1875
-1.037592419020862 0.3347936063034107 -2.1875
-0.6917282793472415 0.3417547168704842 -2.1875
-0.34586413967362073 0.34586413967362073 -2.1875
0.0 0.34722313956372514 -2.1875
0.34586413967362073 0.34586413967362073 -2.1875
0.6917282793472415 0.3417547168704842 -2.1875
1.037592419020862 0.3347936063034107 -2.1875
1.383456558694483 0.3247975062518628 -2.1875
1.7293206983681038 0.31147434924979284 -2.1875
2.075184838041724 0.2943727387872428 -2.1875
2.421048977715345 0.27278294919035906 -2.1875
2.766913117388966 0.24552383657039306 -2.1875
-2.7340377349638736 0.4910476731407861 -2.1875
-2.3922830180933894 0.5455658983807181 -2.1875
-2.0505283012229056 0.5887454775744856 -2.1875
-1.708773584352421 0.6229486984995857 -2.1875
-1.3670188674819368 0.6495950125037256 -2.1875
-1.0252641506114528 0.6695872126068214 -2.1875
-0.6835094337409684 0.6835094337409684 -2.1875
-0.3417547168704842 0.6917282793472415 -2.1875
0.0 0.6944462791274503 -2.1875
0.3417547168704842 0.6917282793472415 -2.1875
0.6835094337409684 0.6835094337409684 -2.1875
1.0252641506114528 0.6695872126068214 -2.1875
1.3670188674819368 0.6495950125037256 -2.1875
1.708773584352421 0.6229486984995857 -2.1875
2.0505283012229056 0.5887454775744856 -2.1875
2.3922830180933894 0.5455658983807181 -2.1875
2.7340377349638736 0.4910476731407861 -2.1875
-2.6783488504272857 0.7365715097111792 -2.1875
-2.3435552441238747 0.8183488475710773 -2.1875
-2.0087616378204642 0.8831182163617284 -2.1875
-1.6739680315170538 0.9344230477493783 -2.1875
-1.3391744252136428 0.9743925187555885 -2.1875
-1.0043808189102321 1.0043808189102321 -2.1875
-0.6695872126068214 1.0252641506114528 -2.1875
-0.3347936063034107 1.037592419020862 -2.1875
0.0 1.0416694186911755 -2.1875
0.3347936063034107 1.037592419020862 -2.1875
0.6695872126068214 1.0252641506114528 -2.1875
1.0043808189102321 1.0043808189102321 -2.1875
1.3391744252136428 0.9743925187555885 -2.1875
1.6739680315170538 0.9344230477493783 -2.1875
2.0087616378204642 0.8831182163617284 -2.1875
2.3435552441238747 0.8183488475710773 -2.1875
2.6783488504272857 0.7365715097111792 -2.1875
-2.5983800500149026 0.9820953462815722 -2.1875
-2.2735825437630397 1.0911317967614362 -2.1875
-1.948785037511177 1.1774909551489712 -2.1875
-1.6239875312593142 1.2458973969991713 -2.1875
-1.2991900250074513 1.2991900250074513 -2.1875
-0.9743925187555885 1.3391744252136428 -2.1875
-0.6495950125037256 1.3670188674819368 -2.1875
-0.3247975062518628 1.383456558694483 -2.1875
0.0 1.3888925582549005 -2.1875
0.3247975062518628 1.383456558694483 -2.1875
0.6495950125037256 1.3670188674819368 -2.1875
0.9743925187555885 1.3391744252136428 -2.1875
1.2991900250074513 1.2991900250074513 -2.1875
1.6239875312593142 1.2458973969991713 -2.1875
1.948785037511177 1.1774909551489712 -2.1875
2.2735825437630397 1.0911317967614362 -2.1875
2.5983800500149026 0.9820953462815722 -2.1875
-2.4917947939983427 1.2276191828519654 -2.1875
-2.1803204447485496 1.3639147459517953 -2.1875
-1.8688460954987567 1.4718636939362142 -2.1875
-1.557371746248964 1.557371746248964 -2.1875
-1.2458973969991713 1.6239875312593142 -2.1875
-0.9344230477493783 1.6739680315170538 -2.1875
-0.6229486984995857 1.708773584352421 -2.1875
-0.31147434924979284 1.7293206983681038 -2.1875
0.0 1.7361156978186256 -2.1875
0.31147434924979284 1.7293206983681038 -2.1875
0.6229486984995857 1.708773584352421 -2.1875
0.9344230477493783 1.6739680315170538 -2.1875
1.2458973969991713 1.6239875312593142 -2.1875
1.557371746248964 1.557371746248964 -2.1875
1.8688460954987567 1.4718636939362142 -2.1875
2.1803204447485496 1.3639147459517953 -2.1875
2.4917947939983427 1.2276191828519654 -2.1875
-2.3549819102979423 1.4731430194223585 -2.1875
-2.0606091715106998 1.6366976951421546 -2.1875
-1.7662364327234568 1.7662364327234568 -2.1875
-1.4718636939362142 1.8688460954987567 -2.1875
-1.1774909551489712 1.948785037511177 -2.1875
-0.8831182163617284 2.0087616378204642 -2.1875
-0.5887454775744856 2.0505283012229056 -2.1875
-0.2943727387872428 2.075184838041724 -2.1875
0.0 2.083338837382351 -2.1875
0.2943727387872428 2.075184838041724 -2.1875
0.5887454775744856 2.0505283012229056 -2.1875
0.8831182163617284 2.0087616378204642 -2.1875
1.1774909551489712 1.948785037511177 -2.1875
1.4718636939362142 1.8688460954987567 -2.1875
1.7662364327234568 1.7662364327234568 -2.1875
2.0606091715106998 1.6366976951421546 -2.1875
2.3549819102979423 1.4731430194223585 -2.1875
-2.1822635935228725 1.7186668559927514 -2.1875
-1.9094806443325134 1.9094806443325134 -2.1875
-1.6366976951421546 2.0606091715106998 -2.1875
-1.3639147459517953 2.1803204447485496 -2.1875
-1.0911317967614362 2.2735825437630397 -2.1875
-0.8183488475710773 2.3435552441238747 -2.1875
-0.5455658983807181 2.3922830180933894 -2.1875
-0.27278294919035906 2.421048977715345 -2.1875
0.0 2.430561976946076 -2.1875
0.27278294919035906 2.421048977715345 -2.1875
0.5455658983807181 2.3922830180933894 -2.1875
0.8183488475710773 2.3435552441238747 -2.1875
1.0911317967614362 2.2735825437630397 -2.1875
1.3639147459517953 2.1803204447485496 -2.1875
1.6366976951421546 2.0606091715106998 -2.1875
1.9094806443325134 1.9094806443325134 -2.1875
2.1822635935228725 1.7186668559927514 -2.1875
-1.9641906925631445 1.9641906925631445 -2.1875
-1.7186668559927514 2.1822635935228725 -2.1875
-1.4731430194223585 2.3549819102979423 -2.1875
-1.2276191828519654 2.4917947939983427 -2.1875
-0.9820953462815722 2.5983800500149026 -2.1875
-0.7365715097111792 2.6783488504272857 -2.1875
-0.4910476731407861 2.7340377349638736 -2.1875
-0.24552383657039306 2.766913117388966 -2.1875
0.0 2.777785116509801 -2.1875
0.24552383657039306 2.766913117388966 -2.1875
0.4910476731407861 2.7340377349638736 -2.1875
0.7365715097111792 2.6783488504272857 -2.1875
0.9820953462815722 2.5983800500149026 -2.1875
1.2276191828519654 2.4917947939983427 -2.1875
1.4731430194223585 2.3549819102979423 -2.1875
1.7186668559927514 2.1822635935228725 -2.1875
1.9641906925631445 1.9641906925631445 -2.1875
-1.9920588495520282 -1.9920588495520282 -1.96875
-1.7430514933580246 -2.213225793194056 -1.96875
-1.4940441371640212 -2.3883946567439214 -1.96875
-1.2450367809700176 -2.5271486569232358 -1.96875
-0.9960294247760141 -2.635246156460049 -1.96875
-0.7470220685820106 -2.7163495631469363 -1.96875
-0.49801471238800704 -2.7728285677989883 -1.96875
-0.24900735619400352 -2.8061703898228223 -1.96875
0.0 -2.817196642081823 -1.96875
0.24900735619400352 -2.8061703898228223 -1.96875
0.49801471238800704 -2.7728285677989883 -1.96875
0.7470220685820106 -2.7163495631469363 -1.96875
0.9960294247760141 -2.635246156460049 -1.96875
1.2450367809700176 -2.5271486569232358 -1.96875
1.4940441371640212 -2.3883946567439214 -1.96875
1.7430514933580246 -2.213225793194056 -1.96875
1.9920588495520282 -1.9920588495520282 -1.96875
-2.213225793194056 -1.7430514933580246 -1.96875
-1.936572569044799 -1.936572569044799 -1.96875
-1.6599193448955423 -2.0898453246509314 -1.96875
-1.383266120746285 -2.2112550748078315 -1.96875
-1.106612896597028 -2.305840386902543 -1.96875
-0.8299596724477711 -2.376805867753569 -1.96875
-0.553306448298514 -2.4262249968241147 -1.96875
-0.276653224149257 -2.4553990910949697 -1.96875
0.0 -2.465047061821595 -1.96875
0.276653224149257 -2.4553990910949697 -1.96875
0.553306448298514 -2.4262249968241147 -1.96875
0.8299596724477711 -2.376805867753569 -1.96875
1.106612896597028 -2.305840386902543 -1.96875
1.383266120746285 -2.2112550748078315 -1.96875
1.6599193448955423 -2.0898453246509314 -1.96875
1.936572569044799 -1.936572569044799 -1.96875
2.213225793194056 -1.7430514933580246 -1.96875
-2.3883946567439214 -1.4940441371640212 -1.96875
-2.0898453246509314 -1.6599193448955423 -1.96875
-1.791295992557941 -1.791295992557941 -1.96875
-1.4927466604649509 -1.8953614926924267 -1.96875
-1.1941973283719607 -1.976434617345037 -1.96875
-0.8956479962789705 -2.0372621723602022 -1.96875
-0.5970986641859803 -2.0796214258492416 -1.96875
-0.29854933209299017 -2.1046277923671166 -1.96875
0.0 -2.112897481561367 -1.96875
0.29854933209299017 -2.1046277923671166 -1.96875
0.5970986641859803 -2.0796214258492416 -1.96875
0.8956479962789705 -2.0372621723602022 -1.96875
1.1941973283719607 -1.976434617345037 -1.96875
1.4927466604649509 -1.8953614926924267 -1.96875
1.791295992557941 -1.791295992557941 -1.96875
2.0898453246509314 -1.6599193448955423 -1.96875
2.3883946567439214 -1.4940441371640212 -1.96875
-2.5271486569232358 -1.2450367809700176 -1.96875
-2.2112550748078315 -1.383266120746285 -1.96875
-1.8953614926924267 -1.4927466604649509 -1.96875
-1.5794679105770222 -1.5794679105770222 -1.96875
-1.2635743284616179 -1.6470288477875308 -1.96875
-0.9476807463462134 -1.6977184769668354 -1.96875
-0.6317871642308089 -1.7330178548743678 -1.96875
-0.31589358211540447 -1.7538564936392642 -1.96875
0.0 -1.7607479013011393 -1.96875
0.31589358211540447 -1.7538564936392642 -1.96875
0.6317871642308089 -1.7330178548743678 -1.96875
0.9476807463462134 -1.6977184769668354 -1.96875
1.2635743284616179 -1.6470288477875308 -1.96875
1.5794679105770222 -1.5794679105770222 -1.96875
1.8953614926924267 -1.4927466604649509 -1.96875
2.2112550748078315 -1.383266120746285 -1.96875
2.5271486569232358 -1.2450367809700176 -1.96875
-2.635246156460049 -0.9960294247760141 -1.96875
-2.305840386902543 -1.106612896597028 -1.96875
-1.976434617345037 -1.1941973283719607 -1.96875
-1.6470288477875308 -1.2635743284616179 -1.96875
-1.3176230782300244 -1.3176230782300244 -1.96875
-0.9882173086725184 -1.3581747815734682 -1.96875
-0.6588115391150122 -1.3864142838994942 -1.96875
-0.3294057695575061 -1.4030851949114111 -1.96875
0.0 -1.4085983210409114 -1.96875
0.3294057695575061 -1.4030851949114111 -1.96875
0.6588115391150122 -1.3864142838994942 -1.96875
0.9882173086725184 -1.3581747815734682 -1.96875
1.3176230782300244 -1.3176230782300244 -1.96875
1.6470288477875308 -1.2635743284616179 -1.96875
1.976434617345037 -1.1941973283719607 -1.96875
2.305840386902543 -1.106612896597028 -1.96875
2.635246156460049 -0.9960294247760141 -1.96875
-2.7163495631469363 -0.7470220685820106 -1.96875
-2.376805867753569 -0.8299596724477711 -1.96875
-2.0372621723602022 -0.8956479962789705 -1.96875
-1.6977184769668354 -0.9476807463462134 -1.96875
-1.3581747815734682 -0.9882173086725184 -1.96875
-1.0186310861801011 -1.0186310861801011 -1.96875
-0.6790873907867341 -1.0398107129246208 -1.96875
-0.33954369539336704 -1.0523138961835583 -1.96875
0.0 -1.0564487407806835 -1.96875
0.33954369539336704 -1.0523138961835583 -1.96875
0.6790873907867341 -1.0398107129246208 -1.96875
1.0186310861801011 -1.0186310861801011 -1.96875
1.3581747815734682 -0.9882173086725184 -1.96875
1.6977184769668354 -0.9476807463462134 -1.96875
2.0372621723602022 -0.8956479962789705 -1.96875
2.376805867753569 -0.8299596724477711 -1.96875
2.7163495631469363 -0.7470220685820106 -1.96875
-2.7728285677989883 -0.49801471238800704 -1.96875
-2.4262249968241147 -0.553306448298514 -1.96875
-2.0796214258492416 -0.5970986641859803 -1.96875
-1.7330178548743678 -0.6317871642308089 -1.96875
-1.3864142838994942 -0.6588115391150122 -1.96875
-1.0398107129246208 -0.6790873907867341 -1.96875
-0.6932071419497471 -0.6932071419497471 -1.96875
-0.34660357097487354 -0.7015425974557056 -1.96875
0.0 -0.7042991605204557 -1.96875
0.34660357097487354 -0.7015425974557056 -1.96875
0.6932071419497471 -0.6932071419497471 -1.96875
1.0398107129246208 -0.6790873907867341 -1.96875
1.3864142838994942 -0.6588115391150122 -1.96875
1.7330178548743678 -0.6317871642308089 -1.96875
2.0796214258492416 -0.5970986641859803 -1.96875
2.4262249968241147 -0.553306448298514 -1.96875
2.7728285677989883 -0.49801471238800704 -1.96875
-2.8061703898228223 -0.24900735619400352 -1.96875
-2.4553990910949697 -0.276653224149257 -1.96875
-2.1046277923671166 -0.29854933209299017 -1.96875
-1.7538564936392642 -0.31589358211540447 -1.96875
-1.4030851949114111 -0.3294057695575061 -1.96875
-1.0523138961835583 -0.33954369539336704 -1.96875
-0.7015425974557056 -0.34660357097487354 -1.96875
-0.3507712987278528 -0.3507712987278528 -1.96875
0.0 -0.35214958026022786 -1.96875
0.3507712987278528 -0.3507712987278528 -1.96875
0.7015425974557056 -0.34660357097487354 -1.96875
1.0523138961835583 -0.33954369539336704 -1.96875
1.4030851949114111 -0.3294057695575061 -1.96875
1.7538564936392642 -0.31589358211540447 -1.96875
2.1046277923671166 -0.29854933209299017 -1.96875
2.4553990910949697 -0.276653224149257 -1.96875
2.8061703898228223 -0.24900735619400352 -1.96875
-2.817196642081823 0.0 -1.96875
-2.465047061821595 0.0 -1.96875
-2.112897481561367 0.0 -1.96875
-1.7607479013011393 0.0 -1.96875
-1.4085983210409114 0.0 -1.96875
-1.0564487407806835 0.0 -1.96875
-0.7042991605204557 0.0 -1.96875
-0.35214958026022786 0.0 -1.96875
0.0 0.0 -1.96875
0.35214958026022786 0.0 -1.96875
0.7042991605204557 0.0 -1.96875
1.0564487407806835 0.0 -1.96875
1.4085983210409114 0.0 -1.96875
1.7607479013011393 0.0 -1.96875
2.112897481561367 0.0 -1.96875
2.465047061821595 0.0 -1.96875
2.817196642081823 0.0 -1.96875
-2.8061703898228223 0.24900735619400352 -1.96875
-2.4553990910949697 0.276653224149257 -1.96875
-2.1046277923671166 0.29854933209299017 -1.96875
-1.7538564936392642 0.31589358211540447 -1.96875
-1.4030851949114111 0.3294057695575061 -1.96875
-1.0523138961835583 0.33954369539336704 -1.96875
-0.7015425974557056 0.34660357097487354 -1.96875
-0.3507712987278528 0.3507712987278528 -1.96875
0.0 0.35214958026022786 -1.96875
0.3507712987278528 0.3507712987278528 -1.96875
0.7015425974557056 0.34660357097487354 -1.96875
1.0523138961835583 0.33954369539336704 -1.96875
1.4030851949114111 0.3294057695575061 -1.96875
1.7538564936392642 0.31589358211540447 -1.96875
2.1046277923671166 0.29854933209299017 -1.96875
2.4553990910949697 0.276653224149257 -1.96875
2.8061703898228223 0.24900735619400352 -1.96875
-2.7728285677989883 0.49801471238800704 -1.96875
-2.4262249968241147 0.553306448298514 -1.96875
-2.0796214258492416 0.5970986641859803 -1.96875
-1.7330178548743678 0.6317871642308089 -1.96875
-1.3864142838994942 0.6588115391150122 -1.96875
-1.0398107129246208 0.6790873907867341 -1.96875
-0.6932071419497471 0.6932071419497471 -1.96875
-0.34660357097487354 0.7015425974557056 -1.96875
0.0 0.7042991605204557 -1.96875
0.34660357097487354 0.7015425974557056 -1.96875
0.6932071419497471 0.6932071419497471 -1.96875
1.0398107129246208 0.6790873907867341 -1.96875
1.3864142838994942 0.6588115391150122 -1.96875
1.7330178548743678 0.6317871642308089 -1.96875
2.0796214258492416 0.5970986641859803 -1.96875
2.4262249968241147 0.553306448298514 -1.96875
2.7728285677989883 0.49801471238800704 -1.96875
-2.7163495631469363 0.7470220685820106 -1.96875
-2.376805867753569 0.8299596724477711 -1.96875
-2.0372621723602022 0.8956479962789705 -1.96875
-1.6977184769668354 0.9476807463462134 -1.96875
-1.3581747815734682 0.9882173086725184 -1.96875
-1.0186310861801011 1.0186310861801011 -1.96875
-0.6790873907867341 1.0398107129246208 -1.96875
-0.33954369539336704 1.0523138961835583 -1.96875
0.0 1.0564487407806835 -1.96875
0.33954369539336704 1.0523138961835583 -1.96875
0.6790873907867341 1.0398107129246208 -1.96875
1.0186310861801011 1.0186310861801011 -1.96875
1.3581747815734682 0.9882173086725184 -1.96875
1.6977184769668354 0.9476807463462134 -1.96875
2.0372621723602022 0.8956479962789705 -1.96875
2.376805867753569 0.8299596724477711 -1.96875
2.7163495631469363 0.7470220685820106 -1.96875
-2.635246156460049 0.9960294247760141 -1.96875
-2.305840386902543 1.106612896597028 -1.96875
-1.976434617345037 1.1941973283719607 -1.96875
-1.6470288477875308 1.2635743284616179 -1.96875
-1.3176230782300244 1.3176230782300244 -1.96875
-0.9882173086725184 1.3581747815734682 -1.96875
-0.6588115391150122 1.3864142838994942 -1.96875
-0.3294057695575061 1.4030851949114111 -1.96875
0.0 1.4085983210409114 -1.96875
0.3294057695575061 1.4030851949114111 -1.96875
0.6588115391150122 1.3864142838994942 -1.96875
0.9882173086725184 1.3581747815734682 -1.96875
1.3176230782300244 1.3176230782300244 -1.96875
1.6470288477875308 1.2635743284616179 -1.96875
1.976434617345037 1.1941973283719607 -1.96875
2.305840386902543 1.106612896597028 -1.96875
2.635246156460049 0.9960294247760141 -1.96875
-2.5271486569232358 1.2450367809700176 -1.96875
-2.2112550748078315 1.383266120746285 -1.96875
-1.8953614926924267 1.4927466604649509 -1.96875
-1.5794679105770222 1.5794679105770222 -1.96875
-1.2635743284616179 1.6470288477875308 -1.96875
-0.9476807463462134 1.6977184769668354 -1.96875
-0.6317871642308089 1.7330178548743678 -1.96875
-0.31589358211540447 1.7538564936392642 -1.96875
0.0 1.7607479013011393 -1.96875
0.31589358211540447 1.7538564936392642 -1.96875
0.6317871642308089 1.7330178548743678 -1.96875
0.9476807463462134 1.6977184769668354 -1.96875
1.2635743284616179 1.6470288477875308 -1.96875
1.5794679105770222 1.5794679105770222 -1.96875
1.8953614926924267 1.4927466604649509 -1.96875
2.2112550748078315 1.383266120746285 -1.96875
2.5271486569232358 1.2450367809700176 -1.96875
-2.3883946567439214 1.4940441371640212 -1.96875
-2.0898453246509314 1.6599193448955423 -1.96875
-1.791295992557941 1.791295992557941 -1.96875
-1.4927466604649509 1.8953614926924267 -1.96875
-1.1941973283719607 1.976434617345037 -1.96875
-0.8956479962789705 2.0372621723602022 -1.96875
-0.5970986641859803 2.0796214258492416 -1.96875
-0.29854933209299017 2.1046277923671166 -1.96875
0.0 2.112897481561367 -1.96875
0.29854933209299017 2.1046277923671166 -1.96875
0.5970986641859803 2.0796214258492416 -1.96875
0.8956479962789705 2.0372621723602022 -1.96875
1.1941973283719607 1.976434617345037 -1.96875
1.4927466604649509 1.8953614926924267 -1.96875
1.791295992557941 1.791295992557941 -1.96875
2.0898453246509314 1.6599193448955423 -1.96875
2.3883946567439214 1.4940441371640212 -1.96875
-2.213225793194056 1.7430514933580246 -1.96875
-1.936572569044799 1.936572569044799 -1.96875
-1.6599193448955423 2.0898453246509314 -1.96875
-1.383266120746285 2.2112550748078315 -1.96875
-1.106612896597028 2.305840386902543 -1.96875
-0.8299596724477711 2.376805867753569 -1.96875
-0.553306448298514 2.4262249968241147 -1.96875
-0.276653224149257 2.4553990910949697 -1.96875
0.0 2.465047061821595 -1.96875
0.276653224149257 2.4553990910949697 -1.96875
0.553306448298514 2.4262249968241147 -1.96875
0.8299596724477711 2.376805867753569 -1.96875
1.106612896597028 2.305840386902543 -1.96875
1.383266120746285 2.2112550748078315 -1.96875
1.6599193448955423 2.0898453246509314 -1.96875
1.936572569044799 1.936572569044799 -1.96875
2.213225793194056 1.7430514933580246 -1.96875
-1.9920588495520282 1.9920588495520282 -1.96875
-1.7430514933580246 2.213225793194056 -1.96875
-1.4940441371640212 2.3883946567439214 -1.96875
-1.2450367809700176 2.5271486569232358 -1.96875
-0.9960294247760141 2.635246156460049 -1.96875
-0.7470220685820106 2.7163495631469363 -1.96875
-0.49801471238800704 2.7728285677989883 -1.96875
-0.24900735619400352 2.8061703898228223 -1.96875
0.0 2.817196642081823 -1.96875
0.24900735619400352 2.8061703898228223 -1.96875
0.49801471238800704 2.7728285677989883 -1.96875
0.7470220685820106 2.7163495631469363 -1.96875
0.9960294247760141 2.635246156460049 -1.96875
1.2450367809700176 2.5271486569232358 -1.96875
1.4940441371640212 2.3883946567439214 -1.96875
1.7430514933580246 2.213225793194056 -1.96875
1.9920588495520282 1.9920588495520282 -1.96875
-2.017766952966369 -2.017766952966369 -1.75
-1.7655460838455728 -2.2417881208499457 -1.75
-1.5133252147247769 -2.4192175899336914 -1.75
-1.2611043456039805 -2.5597622511602762 -1.75
-1.0088834764831844 -2.6692547806167872 -1.75
-0.7566626073623884 -2.7514048505419777 -1.75
-0.5044417382415922 -2.8086127333055675 -1.75
-0.2522208691207961 -2.842384841316587 -1.75
0.0 -2.853553390593274 -1.75
0.2522208691207961 -2.842384841316587 -1.75
0.5044417382415922 -2.8086127333055675 -1.75
0.7566626073623884 -2.7514048505419777 -1.75
1.0088834764831844 -2.6692547806167872 -1.75
1.2611043456039805 -2.5597622511602762 -1.75
1.5133252147247769 -2.4192175899336914 -1.75
1.7655460838455728 -2.2417881208499457 -1.75
2.017766952966369 -2.017766952966369 -1.75
-2.2417881208499457 -1.7655460838455728 -1.75
-1.9615646057437026 -1.9615646057437026 -1.75
-1.6813410906374595 -2.11681539119198 -1.75
-1.4011175755312162 -2.2397919697652418 -1.75
-1.1208940604249729 -2.335597933039689 -1.75
-0.8406705453187298 -2.40747924422423 -1.75
-0.5604470302124864 -2.4575361416423718 -1.75
-0.2802235151062432 -2.4870867361520137 -1.75
0.0 -2.496859216769115 -1.75
0.2802235151062432 -2.4870867361520137 -1.75
0.5604470302124864 -2.4575361416423718 -1.75
0.8406705453187298 -2.40747924422423 -1.75
1.1208940604249729 -2.335597933039689 -1.75
1.4011175755312162 -2.2397919697652418 -1.75
1.6813410906374595 -2.11681539119198 -1.75
1.9615646057437026 -1.9615646057437026 -1.75
2.2417881208499457 -1.7655460838455728 -1.75
-2.4192175899336914 -1.5133252147247769 -1.75
-2.11681539119198 -1.6813410906374595 -1.75
-1.8144131924502684 -1.8144131924502684 -1.75
-1.512010993708557 -1.919821688370207 -1.75
-1.2096087949668457 -2.0019410854625908 -1.75
-0.9072065962251342 -2.063553637906483 -1.75
-0.6048043974834229 -2.1064595499791756 -1.75
-0.3024021987417114 -2.1317886309874403 -1.75
0.0 -2.1401650429449557 -1.75
0.3024021987417114 -2.1317886309874403 -1.75
0.6048043974834229 -2.1064595499791756 -1.75
0.9072065962251342 -2.063553637906483 -1.75
1.2096087949668457 -2.0019410854625908 -1.75
1.512010993708557 -1.919821688370207 -1.75
1.8144131924502684 -1.8144131924502684 -1.75
2.11681539119198 -1.6813410906374595 -1.75
2.4192175899336914 -1.5133252147247769 -1.75
-2.5597622511602762 -1.2611043456039805 -1.75
-2.2397919697652418 -1.4011175755312162 -1.75
-1.919821688370207 -1.512010993708557 -1.75
-1.5998514069751726 -1.5998514069751726 -1.75
-1.2798811255801381 -1.6682842378854923 -1.75
-0.9599108441851035 -1.719628031588736 -1.75
-0.6399405627900691 -1.7553829583159797 -1.75
-0.31997028139503453 -1.7764905258228672 -1.75
0.0 -1.783470869120796 -1.75
0.31997028139503453 -1.7764905258228672 -1.75
0.6399405627900691 -1.7553829583159797 -1.75
0.9599108441851035 -1.719628031588736 -1.75
1.2798811255801381 -1.6682842378854923 -1.75
1.5998514069751726 -1.5998514069751726 -1.75
1.919821688370207 -1.512010993708557 -1.75
2.2397919697652418 -1.4011175755312162 -1.75
2.5597622511602762 -1.2611043456039805 -1.75
-2.6692547806167872 -1.0088834764831844 -1.75
-2.335597933039689 -1.1208940604249729 -1.75
-2.0019410854625908 -1.2096087949668457 -1.75
-1.6682842378854923 -1.2798811255801381 -1.75
-1.3346273903083936 -1.3346273903083936 -1.75
-1.0009705427312954 -1.3757024252709888 -1.75
-0.6673136951541968 -1.4043063666527837 -1.75
-0.3336568475770984 -1.4211924206582935 -1.75
0.0 -1.426776695296637 -1.75
0.3336568475770984 -1.4211924206582935 -1.75
0.6673136951541968 -1.4043063666527837 -1.75
1.0009705427312954 -1.3757024252709888 -1.75
1.3346273903083936 -1.3346273903083936 -1.75
1.6682842378854923 -1.2798811255801381 -1.75
2.0019410854625908 -1.2096087949668457 -1.75
2.335597933039689 -1.1208940604249729 -1.75
2.6692547806167872 -1.0088834764831844 -1.75
-2.7514048505419777 -0.7566626073623884 -1.75
-2.40747924422423 -0.8406705453187298 -1.75
-2.063553637906483 -0.9072065962251342 -1.75
-1.719628031588736 -0.9599108441851035 -1.75
-1.3757024252709888 -1.0009705427312954 -1.75
-1.0317768189532415 -1.0317768189532415 -1.75
-0.6878512126354944 -1.0532297749895878 -1.75
-0.3439256063177472 -1.0658943154937202 -1.75
0.0 -1.0700825214724778 -1.75
0.3439256063177472 -1.0658943154937202 -1.75
0.6878512126354944 -1.0532297749895878 -1.75
1.0317768189532415 -1.0317768189532415 -1.75
1.3757024252709888 -1.0009705427312954 -1.75
1.719628031588736 -0.9599108441851035 -1.75
2.063553637906483 -0.9072065962251342 -1.75
2.40747924422423 -0.8406705453187298 -1.75
2.7514048505419777 -0.7566626073623884 -1.75
-2.8086127333055675 -0.5044417382415922 -1.75
-2.4575361416423718 -0.5604470302124864 -1.75
-2.1064595499791756 -0.6048043974834229 -1.75
-1.7553829583159797 -0.6399405627900691 -1.75
-1.4043063666527837 -0.6673136951541968 -1.75
-1.0532297749895878 -0.6878512126354944 -1.75
-0.7021531833263919 -0.7021531833263919 -1.75
-0.35107659166319594 -0.7105962103291468 -1.75
0.0 -0.7133883476483185 -1.75
0.35107659166319594 -0.7105962103291468 -1.75
0.7021531833263919 -0.7021531833263919 -1.75
1.0532297749895878 -0.6878512126354944 -1.75
1.4043063666527837 -0.6673136951541968 -1.75
1.7553829583159797 -0.6399405627900691 -1.75
2.1064595499791756 -0.6048043974834229 -1.75
2.4575361416423718 -0.5604470302124864 -1.75
2.8086127333055675 -0.5044417382415922 -1.75
-2.842384841316587 -0.2522208691207961 -1.75
-2.4870867361520137 -0.2802235151062432 -1.75
-2.1317886309874403 -0.3024021987417114 -1.75
-1.7764905258228672 -0.31997028139503453 -1.75
-1.4211924206582935 -0.3336568475770984 -1.75
-1.0658943154937202 -0.3439256063177472 -1.75
-0.7105962103291468 -0.35107659166319594 -1.75
-0.3552981051645734 -0.3552981051645734 -1.75
0.0 -0.35669417382415924 -1.75
0.3552981051645734 -0.3552981051645734 -1.75
0.7105962103291468 -0.35107659166319594 -1.75
1.0658943154937202 -0.3439256063177472 -1.75
1.4211924206582935 -0.3336568475770984 -1.75
1.7764905258228672 -0.31997028139503453 -1.75
2.1317886309874403 -0.3024021987417114 -1.75
2.4870867361520137 -0.2802235151062432 -1.75
2.842384841316587 -0.2522208691207961 -1.75
-2.853553390593274 0.0 -1.75
-2.496859216769115 0.0 -1.75
-2.1401650429449557 0.0 -1.75
-1.783470869120796 0.0 -1.75
-1.426776695296637 0.0 -1.75
-1.0700825214724778 0.0 -1.75
-0.7133883476483185 0.0 -1.75
-0.35669417382415924 0.0 -1.75
0.0 0.0 -1.75
0.35669417382415924 0.0 -1.75
0.7133883476483185 0.0 -1.75
1.0700825214724778 0.0 -1.75
1.426776695296637 0.0 -1.75
1.783470869120796 0.0 -1.75
2.1401650429449557 0.0 -1.75
2.496859216769115 0.0 -1.75
2.853553390593274 0.0 -1.75
-2.842384841316587 0.2522208691207961 -1.75
-2.4870867361520137 0.2802235151062432 -1.75
-2.1317886309874403 0.3024021987417114 -1.75
-1.7764905258228672 0.31997028139503453 -1.75
-1.4211924206582935 0.3336568475770984 -1.75
-1.0658943154937202 0.3439256063177472 -1.75
-0.7105962103291468 0.35107659166319594 -1.75
-0.3552981051645734 0.3552981051645734 -1.75
0.0 0.35669417382415924 -1.75
0.3552981051645734 0.3552981051645734 -1.75
0.7105962103291468 0.35107659166319594 -1.75
1.0658943154937202 0.3439256063177472 -1.75
1.4211924206582935 0.3336568475770984 -1.75
1.7764905258228672 0.31997028139503453 -1.75
2.1317886309874403 0.3024021987417114 -1.75
2.4870867361520137 0.2802235151062432 -1.75
2.842384841316587 0.2522208691207961 -1.75
-2.8086127333055675 0.5044417382415922 -1.75
-2.4575361416423718 0.5604470302124864 -1.75
-2.1064595499791756 0.6048043974834229 -1.75
-1.7553829583159797 0.6399405627900691 -1.75
-1.4043063666527837 0.6673136951541968 -1.75
-1.0532297749895878 0.6878512126354944 -1.75
-0.7021531833263919 0.7021531833263919 -1.75
-0.35107659166319594 0.7105962103291468 -1.75
0.0 0.7133883476483185 -1.75
0.35107659166319594 0.7105962103291468 -1.75
0.7021531833263919 0.7021531833263919 -1.75
1.0532297749895878 0.6878512126354944 -1.75
1.4043063666527837 0.6673136951541968 -1.75
1.7553829583159797 0.6399405627900691 -1.75
2.1064595499791756 0.6048043974834229 -1.75
2.4575361416423718 0.5604470302124864 -1.75
2.8086127333055675 0.5044417382415922 -1.75
-2.7514048505419777 0.7566626073623884 -1.75
-2.40747924422423 0.8406705453187298 -1.75
-2.063553637906483 0.9072065962251342 -1.75
-1.719628031588736 0.9599108441851035 -1.75
-1.3757024252709888 1.0009705427312954 -1.75
-1.0317768189532415 1.0317768189532415 -1.75
-0.6878512126354944 1.0532297749895878 -1.75
-0.3439256063177472 1.0658943154937202 -1.75
0.0 1.0700825214724778 -1.75
0.3439256063177472 1.0658943154937202 -1.75
0.6878512126354944 1.0532297749895878 -1.75
1.0317768189532415 1.0317768189532415 -1.75
1.3757024252709888 1.0009705427312954 -1.75
1.719628031588736 0.9599108441851035 -1.75
2.063553637906483 0.9072065962251342 -1.75
2.40747924422423 0.8406705453187298 -1.75
2.7514048505419777 0.7566626073623884 -1.75
-2.6692547806167872 1.0088834764831844 -1.75
-2.335597933039689 1.1208940604249729 -1.75
-2.0019410854625908 1.2096087949668457 -1.75
-1.6682842378854923 1.2798811255801381 -1.75
-1.3346273903083936 1.3346273903083936 -1.75
-1.0009705427312954 1.3757024252709888 -1.75
-0.6673136951541968 1.4043063666527837 -1.75
-0.3336568475770984 1.4211924206582935 -1.75
0.0 1.426776695296637 -1.75
0.3336568475770984 1.4211924206582935 -1.75
0.6673136951541968 1.4043063666527837 -1.75
1.0009705427312954 1.3757024252709888 -1.75
1.3346273903083936 1.3346273903083936 -1.75
1.6682842378854923 1.2798811255801381 -1.75
2.0019410854625908 1.2096087949668457 -1.75
2.335597933039689 1.1208940604249729 -1.75
2.6692547806167872 1.0088834764831844 -1.75
-2.5597622511602762 1.2611043456039805 -1.75
-2.2397919697652418 1.4011175755312162 -1.75
-1.919821688370207 1.512010993708557 -1.75
-1.5998514069751726 1.5998514069751726 -1.75
-1.2798811255801381 1.6682842378854923 -1.75
-0.9599108441851035 1.719628031588736 -1.75
-0.6399405627900691 1.7553829583159797 -1.75
-0.31997028139503453 1.7764905258228672 -1.75
0.0 1.783470869120796 -1.75
0.31997028139503453 1.7764905258228672 -1.75
0.6399405627900691 1.7553829583159797 -1.75
0.9599108441851035 1.719628031588736 -1.75
1.2798811255801381 1.6682842378854923 -1.75
1.5998514069751726 1.5998514069751726 -1.75
1.919821688370207 1.512010993708557 -1.75
2.2397919697652418 1.4011175755312162 -1.75
2.5597622511602762 1.2611043456039805 -1.75
-2.4192175899336914 1.5133252147247769 -1.75
-2.11681539119198 1.6813410906374595 -1.75
-1.8144131924502684 1.8144131924502684 -1.75
-1.512010993708557 1.919821688370207 -1.75
-1.2096087949668457 2.0019410854625908 -1.75
-0.9072065962251342 2.063553637906483 -1.75
-0.6048043974834229 2.1064595499791756 -1.75
-0.3024021987417114 2.1317886309874403 -1.75
0.0 2.1401650429449557 -1.75
0.3024021987417114 2.1317886309874403 -1.75
0.6048043974834229 2.1064595499791756 -1.75
0.9072065962251342 2.063553637906483 -1.75
1.2096087949668457 2.0019410854625908 -1.75
1.512010993708557 1.919821688370207 -1.75
1.8144131924502684 1.8144131924502684 -1.75
2.11681539119198 1.6813410906374595 -1.75
2.4192175899336914 1.5133252147247769 -1.75
-2.2417881208499457 1.7655460838455728 -1.75
-1.9615646057437026 1.9615646057437026 -1.75
-1.6813410906374595 2.11681539119198 -1.75
-1.4011175755312162 2.2397919697652418 -1.75
-1.1208940604249729 2.335597933039689 -1.75
-0.8406705453187298 2.40747924422423 -1.75
-0.5604470302124864 2.4575361416423718 -1.75
-0.2802235151062432 2.4870867361520137 -1.75
0.0 2.496859216769115 -1.75
0.2802235151062432 2.4870867361520137 -1.75
0.5604470302124864 2.4575361416423718 -1.75
0.8406705453187298 2.40747924422423 -1.75
1.1208940604249729 2.335597933039689 -1.75
1.4011175755312162 2.2397919697652418 -1.75
1.6813410906374595 2.11681539119198 -1.75
1.9615646057437026 1.9615646057437026 -1.75
2.2417881208499457 1.7655460838455728 -1.75
-2.017766952966369 2.017766952966369 -1.75
-1.7655460838455728 2.2417881208499457 -1.75
-1.5133252147247769 2.4192175899336914 -1.75
-1.2611043456039805 2.5597622511602762 -1.75
-1.0088834764831844 2.6692547806167872 -1.75
-0.7566626073623884 2.7514048505419777 -1.75
-0.5044417382415922 2.8086127333055675 -1.75
-0.2522208691207961 2.842384841316587 -1.75
0.0 2.853553390593274 -1.75
0.2522208691207961 2.842384841316587 -1.75
0.5044417382415922 2.8086127333055675 -1.75
0.7566626073623884 2.7514048505419777 -1.75
1.0088834764831844 2.6692547806167872 -1.75
1.2611043456039805 2.5597622511602762 -1.75
1.5133252147247769 2.4192175899336914 -1.75
1.7655460838455728 2.2417881208499457 -1.75
2.017766952966369 2.017766952966369 -1.75
-2.0410674197168084 -2.0410674197168084 -1.53125
-1.785933992252207 -2.2676755056614586 -1.53125
-1.5308005647876064 -2.4471538681711054 -1.53125
-1.275667137323005 -2.589321489968557 -1.53125
-1.0205337098584042 -2.700078400843483 -1.53125
-0.7654002823938032 -2.7831771110316255 -1.53125
-0.5102668549292021 -2.841045610408168 -1.53125
-0.25513342746460105 -2.8752077069055417 -1.53125
0.0 -2.8865052266813684 -1.53125
0.25513342746460105 -2.8752077069055417 -1.53125
0.5102668549292021 -2.841045610408168 -1.53125
0.7654002823938032 -2.7831771110316255 -1.53125
1.0205337098584042 -2.700078400843483 -1.53125
1.275667137323005 -2.589321489968557 -1.53125
1.5308005647876064 -2.4471538681711054 -1.53125
1.785933992252207 -2.2676755056614586 -1.53125
2.0410674197168084 -2.0410674197168084 -1.53125
-2.2676755056614586 -1.785933992252207 -1.53125
-1.984216067453776 -1.984216067453776 -1.53125
-1.700756629246094 -2.1412596346497175 -1.53125
-1.4172971910384116 -2.265656303722487 -1.53125
-1.1338377528307293 -2.3625686007380478 -1.53125
-0.850378314623047 -2.435279972152672 -1.53125
-0.5669188764153646 -2.485914909107147 -1.53125
-0.2834594382076823 -2.515806743542349 -1.53125
0.0 -2.5256920733461974 -1.53125
0.2834594382076823 -2.515806743542349 -1.53125
0.5669188764153646 -2.485914909107147 -1.53125
0.850378314623047 -2.435279972152672 -1.53125
1.1338377528307293 -2.3625686007380478 -1.53125
1.4172971910384116 -2.265656303722487 -1.53125
1.700756629246094 -2.1412596346497175 -1.53125
1.984216067453776 -1.984216067453776 -1.53125
2.2676755056614586 -1.785933992252207 -1.53125
-2.4471538681711054 -1.5308005647876064 -1.53125
-2.1412596346497175 -1.700756629246094 -1.53125
-1.8353654011283291 -1.8353654011283291 -1.53125
-1.529471167606941 -1.9419911174764175 -1.53125
-1.2235769340855527 -2.0250588006326122 -1.53125
-0.9176827005641646 -2.087382833273719 -1.53125
-0.6117884670427763 -2.130784207806126 -1.53125
-0.30589423352138817 -2.1564057801791563 -1.53125
0.0 -2.1648789200110263 -1.53125
0.30589423352138817 -2.1564057801791563 -1.53125
0.6117884670427763 -2.130784207806126 -1.53125
0.9176827005641646 -2.087382833273719 -1.53125
1.2235769340855527 -2.0250588006326122 -1.53125
1.529471167606941 -1.9419911174764175 -1.53125
1.8353654011283291 -1.8353654011283291 -1.53125
2.1412596346497175 -1.700756629246094 -1.53125
2.4471538681711054 -1.5308005647876064 -1.53125
-2.589321489968557 -1.275667137323005 -1.53125
-2.265656303722487 -1.4172971910384116 -1.53125
-1.9419911174764175 -1.529471167606941 -1.53125
-1.618325931230348 -1.618325931230348 -1.53125
-1.2946607449842784 -1.687549000527177 -1.53125
-0.9709955587382088 -1.739485694394766 -1.53125
-0.6473303724921392 -1.775653506505105 -1.53125
-0.3236651862460696 -1.7970048168159638 -1.53125
0.0 -1.8040657666758553 -1.53125
0.3236651862460696 -1.7970048168159638 -1.53125
0.6473303724921392 -1.775653506505105 -1.53125
0.9709955587382088 -1.739485694394766 -1.53125
1.2946607449842784 -1.687549000527177 -1.53125
1.618325931230348 -1.618325931230348 -1.53125
1.9419911174764175 -1.529471167606941 -1.53125
2.265656303722487 -1.4172971910384116 -1.53125
2.589321489968557 -1.275667137323005 -1.53125
-2.700078400843483 -1.0205337098584042 -1.53125
-2.3625686007380478 -1.1338377528307293 -1.53125
-2.0250588006326122 -1.2235769340855527 -1.53125
-1.687549000527177 -1.2946607449842784 -1.53125
-1.3500392004217414 -1.3500392004217414 -1.53125
-1.0125294003163061 -1.3915885555158127 -1.53125
-0.6750196002108707 -1.420522805204084 -1.53125
-0.33750980010543535 -1.4376038534527709 -1.53125
0.0 -1.4432526133406842 -1.53125
0.33750980010543535 -1.4376038534527709 -1.53125
0.6750196002108707 -1.420522805204084 -1.53125
1.0125294003163061 -1.3915885555158127 -1.53125
1.3500392004217414 -1.3500392004217414 -1.53125
1.687549000527177 -1.2946607449842784 -1.53125
2.0250588006326122 -1.2235769340855527 -1.53125
2.3625686007380478 -1.1338377528307293 -1.53125
2.700078400843483 -1.0205337098584042 -1.53125
-2.7831771110316255 -0.7654002823938032 -1.53125
-2.435279972152672 -0.850378314623047 -1.53125
-2.087382833273719 -0.9176827005641646 -1.53125
-1.739485694394766 -0.9709955587382088 -1.53125
-1.3915885555158127 -1.0125294003163061 -1.53125
-1.0436914166368596 -1.0436914166368596 -1.53125
-0.6957942777579064 -1.065392103903063 -1.53125
-0.3478971388789532 -1.0782028900895781 -1.53125
0.0 -1.0824394600055132 -1.53125
0.3478971388789532 -1.0782028900895781 -1.53125
0.6957942777579064 -1.065392103903063 -1.53125
1.0436914166368596 -1.0436914166368596 -1.53125
1.3915885555158127 -1.0125294003163061 -1.53125
1.739485694394766 -0.9709955587382088 -1.53125
2.087382833273719 -0.9176827005641646 -1.53125
2.435279972152672 -0.850378314623047 -1.53125
2.7831771110316255 -0.7654002823938032 -1.53125
-2.841045610408168 -0.5102668549292021 -1.53125
-2.485914909107147 -0.5669188764153646 -1.53125
-2.130784207806126 -0.6117884670427763 -1.53125
-1.775653506505105 -0.6473303724921392 -1.53125
-1.420522805204084 -0.6750196002108707 -1.53125
-1.065392103903063 -0.6957942777579064 -1.53125
-0.710261402602042 -0.710261402602042 -1.53125
-0.355130701301021 -0.7188019267263854 -1.53125
0.0 -0.7216263066703421 -1.53125
0.355130701301021 -0.7188019267263854 -1.53125
0.710261402602042 -0.710261402602042 -1.53125
1.065392103903063 -0.6957942777579064 -1.53125
1.420522805204084 -0.6750196002108707 -1.53125
1.775653506505105 -0.6473303724921392 -1.53125
2.130784207806126 -0.6117884670427763 -1.53125
2.485914909107147 -0.5669188764153646 -1.53125
2.841045610408168 -0.5102668549292021 -1.53125
-2.8752077069055417 -0.25513342746460105 -1.53125
-2.515806743542349 -0.2834594382076823 -1.53125
-2.1564057801791563 -0.30589423352138817 -1.53125
-1.7970048168159638 -0.3236651862460696 -1.53125
-1.4376038534527709 -0.33750980010543535 -1.53125
-1.0782028900895781 -0.3478971388789532 -1.53125
-0.7188019267263854 -0.355130701301021 -1.53125
-0.3594009633631927 -0.3594009633631927 -1.53125
0.0 -0.36081315333517106 -1.53125
0.3594009633631927 -0.3594009633631927 -1.53125
0.7188019267263854 -0.355130701301021 -1.53125
1.0782028900895781 -0.3478971388789532 -1.53125
1.4376038534527709 -0.33750980010543535 -1.53125
1.7970048168159638 -0.3236651862460696 -1.53125
2.1564057801791563 -0.30589423352138817 -1.53125
2.515806743542349 -0.2834594382076823 -1.53125
2.8752077069055417 -0.25513342746460105 -1.53125
-2.8865052266813684 0.0 -1.53125
-2.5256920733461974 0.0 -1.53125
-2.1648789200110263 0.0 -1.53125
-1.8040657666758553 0.0 -1.53125
-1.4432526133406842 0.0 -1.53125
-1.0824394600055132 0.0 -1.53125
-0.7216263066703421 0.0 -1.53125
-0.36081315333517106 0.0 -1.53125
0.0 0.0 -1.53125
0.36081315333517106 0.0 -1.53125
0.7216263066703421 0.0 -1.53125
1.0824394600055132 0.0 -1.53125
1.4432526133406842 0.0 -1.53125
1.8040657666758553 0.0 -1.53125
2.1648789200110263 0.0 -1.53125
2.5256920733461974 0.0 -1.53125
2.8865052266813684 0.0 -1.53125
-2.8752077069055417 0.25513342746460105 -1.53125
-2.515806743542349 0.2834594382076823 -1.53125
-2.1564057801791563 0.30589423352138817 -1.53125
-1.7970048168159638 0.3236651862460696 -1.53125
-1.4376038534527709 0.33750980010543535 -1.53125
-1.0782028900895781 0.3478971388789532 -1.53125
-0.7188019267263854 0.355130701301021 -1.53125
-0.3594009633631927 0.3594009633631927 -1.53125
0.0 0.36081315333517106 -1.53125
0.3594009633631927 0.3594009633631927 -1.53125
0.7188019267263854 0.355130701301021 -1.53125
1.0782028900895781 0.3478971388789532 -1.53125
1.4376038534527709 0.33750980010543535 -1.53125
1.7970048168159638 0.3236651862460696 -1.53125
2.1564057801791563 0.30589423352138817 -1.53125
2.515806743542349 0.2834594382076823 -1.53125
2.8752077069055417 0.25513342746460105 -1.53125
-2.841045610408168 0.5102668549292021 -1.53125
-2.485914909107147 0.5669188764153646 -1.53125
-2.130784207806126 0.6117884670427763 -1.53125
-1.775653506505105 0.6473303724921392 -1.53125
-1.420522805204084 0.6750196002108707 -1.53125
-1.065392103903063 0.6957942777579064 -1.53125
-0.710261402602042 0.710261402602042 -1.53125
-0.355130701301021 0.7188019267263854 -1.53125
0.0 0.7216263066703421 -1.53125
0.355130701301021 0.7188019267263854 -1.53125
0.710261402602042 0.710261402602042 -1.53125
1.065392103903063 0.6957942777579064 -1.53125
1.420522805204084 0.6750196002108707 -1.53125
1.775653506505105 0.6473303724921392 -1.53125
2.130784207806126 0.6117884670427763 -1.53125
2.485914909107147 0.5669188764153646 -1.53125
2.841045610408168 0.5102668549292021 -1.53125
-2.7831771110316255 0.7654002823938032 -1.53125
-2.435279972152672 0.850378314623047 -1.53125
-2.087382833273719 0.9176827005641646 -1.53125
-1.739485694394766 0.9709955587382088 -1.53125
-1.3915885555158127 1.0125294003163061 -1.53125
-1.0436914166368596 1.0436914166368596 -1.53125
-0.6957942777579064 1.065392103903063 -1.53125
-0.3478971388789532 1.0782028900895781 -1.53125
0.0 1.0824394600055132 -1.53125
0.3478971388789532 1.0782028900895781 -1.53125
0.6957942777579064 1.065392103903063 -1.53125
1.0436914166368596 1.0436914166368596 -1.53125
1.3915885555158127 1.0125294003163061 -1.53125
1.739485694394766 0.9709955587382088 -1.53125
2.087382833273719 0.9176827005641646 -1.53125
2.435279972152672 0.850378314623047 -1.53125
2.7831771110316255 0.7654002823938032 -1.53125
-2.700078400843483 1.0205337098584042 -1.53125
-2.3625686007380478 1.1338377528307293 -1.53125
-2.0250588006326122 1.2235769340855527 -1.53125
-1.687549000527177 1.2946607449842784 -1.53125
-1.3500392004217414 1.3500392004217414 -1.53125
-1.0125294003163061 1.3915885555158127 -1.53125
-0.6750196002108707 1.420522805204084 -1.53125
-0.33750980010543535 1.4376038534527709 -1.53125
0.0 1.4432526133406842 -1.53125
0.33750980010543535 1.4376038534527709 -1.53125
0.6750196002108707 1.420522805204084 -1.53125
1.0125294003163061 1.3915885555158127 -1.53125
1.3500392004217414 1.3500392004217414 -1.53125
1.687549000527177 1.2946607449842784 -1.53125
2.0250588006326122 1.2235769340855527 -1.53125
2.3625686007380478 1.1338377528307293 -1.53125
2.700078400843483 1.0205337098584042 -1.53125
-2.589321489968557 1.275667137323005 -1.53125
-2.265656303722487 1.4172971910384116 -1.53125
-1.9419911174764175 1.529471167606941 -1.53125
-1.618325931230348 1.618325931230348 -1.53125
-1.2946607449842784 1.687549000527177 -1.53125
-0.9709955587382088 1.739485694394766 -1.53125
-0.6473303724921392 1.775653506505105 -1.53125
-0.3236651862460696 1.7970048168159638 -1.53125
0.0 1.8040657666758553 -1.53125
0.3236651862460696 1.7970048168159638 -1.53125
0.6473303724921392 1.775653506505105 -1.53125
0.9709955587382088 1.739485694394766 -1.53125
1.2946607449842784 1.687549000527177 -1.53125
1.618325931230348 1.618325931230348 -1.53125
1.9419911174764175 1.529471167606941 -1.53125
2.265656303722487 1.4172971910384116 -1.53125
2.589321489968557 1.275667137323005 -1.53125
-2.4471538681711054 1.5308005647876064 -1.53125
-2.1412596346497175 1.700756629246094 -1.53125
-1.8353654011283291 1.8353654011283291 -1.53125
-1.529471167606941 1.9419911174764175 -1.53125
-1.2235769340855527 2.0250588006326122 -1.53125
-0.9176827005641646 2.087382833273719 -1.53125
-0.6117884670427763 2.130784207806126 -1.53125
-0.30589423352138817 2.1564057801791563 -1.53125
0.0 2.1648789200110263 -1.53125
0.30589423352138817 2.1564057801791563 -1.53125
0.6117884670427763 2.130784207806126 -1.53125
0.9176827005641646 2.087382833273719 -1.53125
1.2235769340855527 2.0250588006326122 -1.53125
1.529471167606941 1.9419911174764175 -1.53125
1.8353654011283291 1.8353654011283291 -1.53125
2.1412596346497175 1.700756629246094 -1.53125
2.4471538681711054 1.5308005647876064 -1.53125
-2.2676755056614586 1.785933992252207 -1.53125
-1.984216067453776 1.984216067453776 -1.53125
-1.700756629246094 2.1412596346497175 -1.53125
-1.4172971910384116 2.265656303722487 -1.53125
-1.1338377528307293 2.3625686007380478 -1.53125
-0.850378314623047 2.435279972152672 -1.53125
-0.5669188764153646 2.485914909107147 -1.53125
-0.2834594382076823 2.515806743542349 -1.53125
0.0 2.5256920733461974 -1.53125
0.2834594382076823 2.515806743542349 -1.53125
0.5669188764153646 2.485914909107147 -1.53125
0.850378314623047 2.435279972152672 -1.53125
1.1338377528307293 2.3625686007380478 -1.53125
1.4172971910384116 2.265656303722487 -1.53125
1.700756629246094 2.1412596346497175 -1.53125
1.984216067453776 1.984216067453776 -1.53125
2.2676755056614586 1.785933992252207 -1.53125
-2.0410674197168084 2.0410674197168084 -1.53125
-1.785933992252207 2.2676755056614586 -1.53125
-1.5308005647876064 2.4471538681711054 -1.53125
-1.275667137323005 2.589321489968557 -1.53125
-1.0205337098584042 2.700078400843483 -1.53125
-0.7654002823938032 2.7831771110316255 -1.53125
-0.5102668549292021 2.841045610408168 -1.53125
-0.25513342746460105 2.8752077069055417 -1.53125
0.0 2.8865052266813684 -1.53125
0.25513342746460105 2.8752077069055417 -1.53125
0.5102668549292021 2.841045610408168 -1.53125
0.7654002823938032 2.7831771110316255 -1.53125
1.0205337098584042 2.700078400843483 -1.53125
1.275667137323005 2.589321489968557 -1.53125
1.5308005647876064 2.4471538681711054 -1.53125
1.785933992252207 2.2676755056614586 -1.53125
2.0410674197168084 2.0410674197168084 -1.53125
-2.0617358535712085 -2.0617358535712085 -1.3125
-1.8040188718748074 -2.2906386379613757 -1.3125
-1.5463018901784065 -2.4719344498252145 -1.3125
-1.2885849084820054 -2.6155417017196303 -1.3125
-1.0308679267856042 -2.7274201688274484 -1.3125
-0.7731509450892032 -2.8113603603788806 -1.3125
-0.5154339633928021 -2.8698148527706775 -1.3125
-0.25771698169640106 -2.9043228844512616 -1.3125
0.0 -2.9157348061512725 -1.3125
0.25771698169640106 -2.9043228844512616 -1.3125
0.5154339633928021 -2.8698148527706775 -1.3125
0.7731509450892032 -2.8113603603788806 -1.3125
1.0308679267856042 -2.7274201688274484 -1.3125
1.2885849084820054 -2.6155417017196303 -1.3125
1.5463018901784065 -2.4719344498252145 -1.3125
1.8040188718748074 -2.2906386379613757 -1.3125
2.0617358535712085 -2.0617358535712085 -1.3125
-2.2906386379613757 -1.8040188718748074 -1.3125
-2.0043088082162037 -2.0043088082162037 -1.3125
-1.7179789784710318 -2.162942643597063 -1.3125
-1.4316491487258598 -2.2885989890046767 -1.3125
-1.1453193189806878 -2.3864926477240176 -1.3125
-0.8589894892355159 -2.4599403153315205 -1.3125
-0.5726596594903439 -2.511087996174343 -1.3125
-0.28632982974517196 -2.5412825238948535 -1.3125
0.0 -2.5512679553823636 -1.3125
0.28632982974517196 -2.5412825238948535 -1.3125
0.5726596594903439 -2.511087996174343 -1.3125
0.8589894892355159 -2.4599403153315205 -1.3125
1.1453193189806878 -2.3864926477240176 -1.3125
1.4316491487258598 -2.2885989890046767 -1.3125
1.7179789784710318 -2.162942643597063 -1.3125
2.0043088082162037 -2.0043088082162037 -1.3125
2.2906386379613757 -1.8040188718748074 -1.3125
-2.4719344498252145 -1.5463018901784065 -1.3125
-2.162942643597063 -1.7179789784710318 -1.3125
-1.8539508373689109 -1.8539508373689109 -1.3125
-1.544959031140759 -1.9616562762897227 -1.3125
-1.2359672249126072 -2.0455651266205868 -1.3125
-0.9269754186844554 -2.1085202702841603 -1.3125
-0.6179836124563036 -2.1523611395780082 -1.3125
-0.3089918062281518 -2.178242163338446 -1.3125
0.0 -2.1868011046134543 -1.3125
0.3089918062281518 -2.178242163338446 -1.3125
0.6179836124563036 -2.1523611395780082 -1.3125
0.9269754186844554 -2.1085202702841603 -1.3125
1.2359672249126072 -2.0455651266205868 -1.3125
1.544959031140759 -1.9616562762897227 -1.3125
1.8539508373689109 -1.8539508373689109 -1.3125
2.162942643597063 -1.7179789784710318 -1.3125
2.4719344498252145 -1.5463018901784065 -1.3125
-2.6155417017196303 -1.2885849084820054 -1.3125
-2.2885989890046767 -1.4316491487258598 -1.3125
-1.9616562762897227 -1.544959031140759 -1.3125
-1.634713563574769 -1.634713563574769 -1.3125
-1.3077708508598151 -1.7046376055171555 -1.3125
-0.9808281381448614 -1.7571002252368007 -1.3125
-0.6538854254299076 -1.7936342829816734 -1.3125
-0.3269427127149538 -1.8152018027820385 -1.3125
0.0 -1.8223342538445453 -1.3125
0.3269427127149538 -1.8152018027820385 -1.3125
0.6538854254299076 -1.7936342829816734 -1.3125
0.9808281381448614 -1.7571002252368007 -1.3125
1.3077708508598151 -1.7046376055171555 -1.3125
1.634713563574769 -1.634713563574769 -1.3125
1.9616562762897227 -1.544959031140759 -1.3125
2.2885989890046767 -1.4316491487258598 -1.3125
2.6155417017196303 -1.2885849084820054 -1.3125
-2.7274201688274484 -1.0308679267856042 -1.3125
-2.3864926477240176 -1.1453193189806878 -1.3125
-2.0455651266205868 -1.2359672249126072 -1.3125
-1.7046376055171555 -1.3077708508598151 -1.3125
-1.3637100844137242 -1.3637100844137242 -1.3125
-1.0227825633102934 -1.4056801801894403 -1.3125
-0.6818550422068621 -1.4349074263853387 -1.3125
-0.34092752110343105 -1.4521614422256308 -1.3125
0.0 -1.4578674030756362 -1.3125
0.34092752110343105 -1.4521614422256308 -1.3125
0.6818550422068621 -1.4349074263853387 -1.3125
1.0227825633102934 -1.4056801801894403 -1.3125
1.3637100844137242 -1.3637100844137242 -1.3125
1.7046376055171555 -1.3077708508598151 -1.3125
2.0455651266205868 -1.2359672249126072 -1.3125
2.3864926477240176 -1.1453193189806878 -1.3125
2.7274201688274484 -1.0308679267856042 -1.3125
-2.8113603603788806 -0.7731509450892032 -1.3125
-2.4599403153315205 -0.8589894892355159 -1.3125
-2.1085202702841603 -0.9269754186844554 -1.3125
-1.7571002252368007 -0.9808281381448614 -1.3125
-1.4056801801894403 -1.0227825633102934 -1.3125
-1.0542601351420802 -1.0542601351420802 -1.3125
-0.7028400900947201 -1.0761805697890041 -1.3125
-0.3514200450473601 -1.089121081669223 -1.3125
0.0 -1.0934005523067272 -1.3125
0.3514200450473601 -1.089121081669223 -1.3125
0.7028400900947201 -1.0761805697890041 -1.3125
1.0542601351420802 -1.0542601351420802 -1.3125
1.4056801801894403 -1.0227825633102934 -1.3125
1.7571002252368007 -0.9808281381448614 -1.3125
2.1085202702841603 -0.9269754186844554 -1.3125
2.4599403153315205 -0.8589894892355159 -1.3125
2.8113603603788806 -0.7731509450892032 -1.3125
-2.8698148527706775 -0.5154339633928021 -1.3125
-2.511087996174343 -0.5726596594903439 -1.3125
-2.1523611395780082 -0.6179836124563036 -1.3125
-1.7936342829816734 -0.6538854254299076 -1.3125
-1.4349074263853387 -0.6818550422068621 -1.3125
-1.0761805697890041 -0.7028400900947201 -1.3125
-0.7174537131926694 -0.7174537131926694 -1.3125
-0.3587268565963347 -0.7260807211128154 -1.3125
0.0 -0.7289337015378181 -1.3125
0.3587268565963347 -0.7260807211128154 -1.3125
0.7174537131926694 -0.7174537131926694 -1.3125
1.0761805697890041 -0.7028400900947201 -1.3125
1.4349074263853387 -0.6818550422068621 -1.3125
1.7936342829816734 -0.6538854254299076 -1.3125
2.1523611395780082 -0.6179836124563036 -1.3125
2.511087996174343 -0.5726596594903439 -1.3125
2.8698148527706775 -0.5154339633928021 -1.3125
-2.9043228844512616 -0.25771698169640106 -1.3125
-2.5412825238948535 -0.28632982974517196 -1.3125
-2.178242163338446 -0.3089918062281518 -1.3125
-1.8152018027820385 -0.3269427127149538 -1.3125
-1.4521614422256308 -0.34092752110343105 -1.3125
-1.089121081669223 -0.3514200450473601 -1.3125
-0.7260807211128154 -0.3587268565963347 -1.3125
-0.3630403605564077 -0.3630403605564077 -1.3125
0.0 -0.36446685076890906 -1.3125
0.3630403605564077 -0.3630403605564077 -1.3125
0.7260807211128154 -0.3587268565963347 -1.3125
1.089121081669223 -0.3514200450473601 -1.3125
1.4521614422256308 -0.34092752110343105 -1.3125
1.8152018027820385 -0.3269427127149538 -1.3125
2.178242163338446 -0.3089918062281518 -1.3125
2.5412825238948535 -0.28632982974517196 -1.3125
2.9043228844512616 -0.25771698169640106 -1.3125
-2.9157348061512725 0.0 -1.3125
-2.5512679553823636 0.0 -1.3125
-2.1868011046134543 0.0 -1.3125
-1.8223342538445453 0.0 -1.3125
-1.4578674030756362 0.0 -1.3125
-1.0934005523067272 0.0 -1.3125
-0.7289337015378181 0.0 -1.3125
-0.36446685076890906 0.0 -1.3125
0.0 0.0 -1.3125
0.36446685076890906 0.0 -1.3125
0.7289337015378181 0.0 -1.3125
1.0934005523067272 0.0 -1.3125
1.4578674030756362 0.0 -1.3125
1.8223342538445453 0.0 -1.3125
2.1868011046134543 0.0 -1.3125
2.5512679553823636 0.0 -1.3125
2.9157348061512725 0.0 -1.3125
-2.9043228844512616 0.25771698169640106 -1.3125
-2.5412825238948535 0.28632982974517196 -1.3125
-2.178242163338446 0.3089918062281518 -1.3125
-1.8152018027820385 0.3269427127149538 -1.3125
-1.4521614422256308 0.34092752110343105 -1.3125
-1.089121081669223 0.3514200450473601 -1.3125
-0.7260807211128154 0.3587268565963347 -1.3125
-0.3630403605564077 0.3630403605564077 -1.3125
0.0 0.36446685076890906 -1.3125
0.3630403605564077 0.3630403605564077 -1.3125
0.7260807211128154 0.3587268565963347 -1.3125
1.089121081669223 0.3514200450473601 -1.3125
1.4521614422256308 0.34092752110343105 -1.3125
1.8152018027820385 0.3269427127149538 -1.3125
2.178242163338446 0.3089918062281518 -1.3125
2.5412825238948535 0.28632982974517196 -1.3125
2.9043228844512616 0.25771698169640106 -1.3125
-2.8698148527706775 0.5154339633928021 -1.3125
-2.511087996174343 0.5726596594903439 -1.3125
-2.1523611395780082 0.6179836124563036 -1.3125
-1.7936342829816734 0.6538854254299076 -1.3125
-1.4349074263853387 0.6818550422068621 -1.3125
-1.0761805697890041 0.7028400900947201 -1.3125
-0.7174537131926694 0.7174537131926694 -1.3125
-0.3587268565963347 0.7260807211128154 -1.3125
0.0 0.7289337015378181 -1.3125
0.3587268565963347 0.7260807211128154 -1.3125
0.7174537131926694 0.7174537131926694 -1.3125
1.0761805697890041 0.7028400900947201 -1.3125
1.4349074263853387 0.6818550422068621 -1.3125
1.7936342829816734 0.6538854254299076 -1.3125
2.1523611395780082 0.6179836124563036 -1.3125
2.511087996174343 0.5726596594903439 -1.3125
2.8698148527706775 0.5154339633928021 -1.3125
-2.8113603603788806 0.7731509450892032 -1.3125
-2.4599403153315205 0.8589894892355159 -1.3125
-2.1085202702841603 0.9269754186844554 -1.3125
-1.7571002252368007 0.9808281381448614 -1.3125
-1.4056801801894403 1.0227825633102934 -1.3125
-1.0542601351420802 1.0542601351420802 -1.3125
-0.7028400900947201 1.0761805697890041 -1.3125
-0.3514200450473601 1.089121081669223 -1.3125
0.0 1.0934005523067272 -1.3125
0.3514200450473601 1.089121081669223 -1.3125
0.7028400900947201 1.0761805697890041 -1.3125
1.0542601351420802 1.0542601351420802 -1.3125
1.4056801801894403 1.0227825633102934 -1.3125
1.7571002252368007 0.9808281381448614 -1.3125
2.1085202702841603 0.9269754186844554 -1.3125
2.4599403153315205 0.8589894892355159 -1.3125
2.8113603603788806 0.7731509450892032 -1.3125
-2.7274201688274484 1.0308679267856042 -1.3125
-2.3864926477240176 1.1453193189806878 -1.3125
-2.0455651266205868 1.2359672249126072 -1.3125
-1.7046376055171555 1.3077708508598151 -1.3125
-1.3637100844137242 1.3637100844137242 -1.3125
-1.0227825633102934 1.4056801801894403 -1.3125
-0.6818550422068621 1.4349074263853387 -1.3125
-0.34092752110343105 1.4521614422256308 -1.3125
0.0 1.4578674030756362 -1.3125
0.34092752110343105 1.4521614422256308 -1.3125
0.6818550422068621 1.4349074263853387 -1.3125
1.0227825633102934 1.4056801801894403 -1.3125
1.3637100844137242 1.3637100844137242 -1.3125
1.7046376055171555 1.3077708508598151 -1.3125
2.0455651266205868 1.2359672249126072 -1.3125
2.3864926477240176 1.1453193189806878 -1.3125
2.7274201688274484 1.0308679267856042 -1.3125
-2.6155417017196303 1.2885849084820054 -1.3125
-2.2885989890046767 1.4316491487258598 -1.3125
-1.9616562762897227 1.544959031140759 -1.3125
-1.634713563574769 1.634713563574769 -1.3125
-1.3077708508598151 1.7046376055171555 -1.3125
-0.9808281381448614 1.7571002252368007 -1.3125
-0.6538854254299076 1.7936342829816734 -1.3125
-0.3269427127149538 1.8152018027820385 -1.3125
0.0 1.8223342538445453 -1.3125
0.3269427127149538 1.8152018027820385 -1.3125
0.6538854254299076 1.7936342829816734 -1.3125
0.9808281381448614 1.7571002252368007 -1.3125
1.3077708508598151 1.7046376055171555 -1.3125
1.634713563574769 1.634713563574769 -1.3125
1.9616562762897227 1.544959031140759 -1.3125
2.2885989890046767 1.4316491487258598 -1.3125
2.6155417017196303 1.2885849084820054 -1.3125
-2.4719344498252145 1.5463018901784065 -1.3125
-2.162942643597063 1.7179789784710318 -1.3125
-1.8539508373689109 1.8539508373689109 -1.3125
-1.544959031140759 1.9616562762897227 -1.3125
-1.2359672249126072 2.0455651266205868 -1.3125
-0.9269754186844554 2.1085202702841603 -1.3125
-0.6179836124563036 2.1523611395780082 -1.3125
-0.3089918062281518 2.178242163338446 -1.3125
0.0 2.1868011046134543 -1.3125
0.3089918062281518 2.178242163338446 -1.3125
0.6179836124563036 2.1523611395780082 -1.3125
0.9269754186844554 2.1085202702841603 -1.3125
1.2359672249126072 2.0455651266205868 -1.3125
1.544959031140759 1.9616562762897227 -1.3125
1.8539508373689109 1.8539508373689109 -1.3125
2.162942643597063 1.7179789784710318 -1.3125
2.4719344498252145 1.5463018901784065 -1.3125
-2.2906386379613757 1.8040188718748074 -1.3125
-2.0043088082162037 2.0043088082162037 -1.3125
-1.7179789784710318 2.162942643597063 -1.3125
-1.4316491487258598 2.2885989890046767 -1.3125
-1.1453193189806878 2.3864926477240176 -1.3125
-0.8589894892355159 2.4599403153315205 -1.3125
-0.5726596594903439 2.511087996174343 -1.3125
-0.28632982974517196 2.5412825238948535 -1.3125
0.0 2.5512679553823636 -1.3125
0.28632982974517196 2.5412825238948535 -1.3125
0.5726596594903439 2.511087996174343 -1.3125
0.8589894892355159 2.4599403153315205 -1.3125
1.1453193189806878 2.3864926477240176 -1.3125
1.4316491487258598 2.2885989890046767 -1.3125
1.7179789784710318 2.162942643597063 -1.3125
2.0043088082162037 2.0043088082162037 -1.3125
2.2906386379613757 1.8040188718748074 -1.3125
-2.0617358535712085 2.0617358535712085 -1.3125
-1.8040188718748074 2.2906386379613757 -1.3125
-1.5463018901784065 2.4719344498252145 -1.3125
-1.2885849084820054 2.6155417017196303 -1.3125
-1.0308679267856042 2.7274201688274484 -1.3125
-0.7731509450892032 2.8113603603788806 -1.3125
-0.5154339633928021 2.8698148527706775 -1.3125
-0.25771698169640106 2.9043228844512616 -1.3125
0.0 2.9157348061512725 -1.3125
0.25771698169640106 2.9043228844512616 -1.3125
0.5154339633928021 2.8698148527706775 -1.3125
0.7731509450892032 2.8113603603788806 -1.3125
1.0308679267856042 2.7274201688274484 -1.3125
1.2885849084820054 2.6155417017196303 -1.3125
1.5463018901784065 2.4719344498252145 -1.3125
1.8040188718748074 2.2906386379613757 -1.3125
2.0617358535712085 2.0617358535712085 -1.3125
-2.0795732062130368 -2.0795732062130368 -1.09375
-1.819626555436407 -2.310456370232724 -1.09375
-1.5596799046597776 -2.493320684348246 -1.09375
-1.2997332538831479 -2.638170371440909 -1.09375
-1.0397866031065184 -2.7510167683964677 -1.09375
-0.7798399523298888 -2.8356831784859984 -1.09375
-0.5198933015532592 -2.8946433968622785 -1.09375
-0.2599466507766296 -2.929449978878006 -1.09375
0.0 -2.9409606321741775 -1.09375
0.2599466507766296 -2.929449978878006 -1.09375
0.5198933015532592 -2.8946433968622785 -1.09375
0.7798399523298888 -2.8356831784859984 -1.09375
1.0397866031065184 -2.7510167683964677 -1.09375
1.2997332538831479 -2.638170371440909 -1.09375
1.5596799046597776 -2.493320684348246 -1.09375
1.819626555436407 -2.310456370232724 -1.09375
2.0795732062130368 -2.0795732062130368 -1.09375
-2.310456370232724 -1.819626555436407 -1.09375
-2.0216493239536333 -2.0216493239536333 -1.09375
-1.7328422776745431 -2.1816555988047153 -1.09375
-1.4440352313954525 -2.308399075010795 -1.09375
-1.155228185116362 -2.4071396723469096 -1.09375
-0.8664211388372716 -2.4812227811752483 -1.09375
-0.577614092558181 -2.5328129722544936 -1.09375
-0.2888070462790905 -2.563268731518255 -1.09375
0.0 -2.573340553152405 -1.09375
0.2888070462790905 -2.563268731518255 -1.09375
0.577614092558181 -2.5328129722544936 -1.09375
0.8664211388372716 -2.4812227811752483 -1.09375
1.155228185116362 -2.4071396723469096 -1.09375
1.4440352313954525 -2.308399075010795 -1.09375
1.7328422776745431 -2.1816555988047153 -1.09375
2.0216493239536333 -2.0216493239536333 -1.09375
2.310456370232724 -1.819626555436407 -1.09375
-2.493320684348246 -1.5596799046597776 -1.09375
-2.1816555988047153 -1.7328422776745431 -1.09375
-1.8699905132611843 -1.8699905132611843 -1.09375
-1.5583254277176537 -1.9786277785806814 -1.09375
-1.246660342174123 -2.063262576297351 -1.09375
-0.9349952566305921 -2.1267623838644987 -1.09375
-0.6233301710870615 -2.170982547646709 -1.09375
-0.31166508554353073 -2.1970874841585046 -1.09375
0.0 -2.205720474130633 -1.09375
0.31166508554353073 -2.1970874841585046 -1.09375
0.6233301710870615 -2.170982547646709 -1.09375
0.9349952566305921 -2.1267623838644987 -1.09375
1.246660342174123 -2.063262576297351 -1.09375
1.5583254277176537 -1.9786277785806814 -1.09375
1.8699905132611843 -1.8699905132611843 -1.09375
2.1816555988047153 -1.7328422776745431 -1.09375
2.493320684348246 -1.5596799046597776 -1.09375
-2.638170371440909 -1.2997332538831479 -1.09375
-2.308399075010795 -1.4440352313954525 -1.09375
-1.9786277785806814 -1.5583254277176537 -1.09375
-1.6488564821505678 -1.6488564821505678 -1.09375
-1.3190851857204544 -1.7193854802477926 -1.09375
-0.9893138892903407 -1.772301986553749 -1.09375
-0.6595425928602272 -1.8091521230389238 -1.09375
-0.3297712964301136 -1.8309062367987539 -1.09375
0.0 -1.838100395108861 -1.09375
0.3297712964301136 -1.8309062367987539 -1.09375
0.6595425928602272 -1.8091521230389238 -1.09375
0.9893138892903407 -1.772301986553749 -1.09375
1.3190851857204544 -1.7193854802477926 -1.09375
1.6488564821505678 -1.6488564821505678 -1.09375
1.9786277785806814 -1.5583254277176537 -1.09375
2.308399075010795 -1.4440352313954525 -1.09375
2.638170371440909 -1.2997332538831479 -1.09375
-2.7510167683964677 -1.0397866031065184 -1.09375
-2.4071396723469096 -1.155228185116362 -1.09375
-2.063262576297351 -1.246660342174123 -1.09375
-1.7193854802477926 -1.3190851857204544 -1.09375
-1.3755083841982338 -1.3755083841982338 -1.09375
-1.0316312881486756 -1.4178415892429992 -1.09375
-0.6877541920991169 -1.4473216984311392 -1.09375
-0.34387709604955846 -1.464724989439003 -1.09375
0.0 -1.4704803160870887 -1.09375
0.34387709604955846 -1.464724989439003 -1.09375
0.6877541920991169 -1.4473216984311392 -1.09375
1.0316312881486756 -1.4178415892429992 -1.09375
1.3755083841982338 -1.3755083841982338 -1.09375
1.7193854802477926 -1.3190851857204544 -1.09375
2.063262576297351 -1.246660342174123 -1.09375
2.4071396723469096 -1.155228185116362 -1.09375
2.7510167683964677 -1.0397866031065184 -1.09375
-2.8356831784859984 -0.7798399523298888 -1.09375
-2.4812227811752483 -0.8664211388372716 -1.09375
-2.1267623838644987 -0.9349952566305921 -1.09375
-1.772301986553749 -0.9893138892903407 -1.09375
-1.4178415892429992 -1.0316312881486756 -1.09375
-1.0633811919322493 -1.0633811919322493 -1.09375
-0.7089207946214996 -1.0854912738233544 -1.09375
-0.3544603973107498 -1.0985437420792523 -1.09375
0.0 -1.1028602370653164 -1.09375
0.3544603973107498 -1.0985437420792523 -1.09375
0.7089207946214996 -1.0854912738233544 -1.09375
1.0633811919322493 -1.0633811919322493 -1.09375
1.4178415892429992 -1.0316312881486756 -1.09375
1.772301986553749 -0.9893138892903407 -1.09375
2.1267623838644987 -0.9349952566305921 -1.09375
2.4812227811752483 -0.8664211388372716 -1.09375
2.8356831784859984 -0.7798399523298888 -1.09375
-2.8946433968622785 -0.5198933015532592 -1.09375
-2.5328129722544936 -0.577614092558181 -1.09375
-2.170982547646709 -0.6233301710870615 -1.09375
-1.8091521230389238 -0.6595425928602272 -1.09375
-1.4473216984311392 -0.6877541920991169 -1.09375
-1.0854912738233544 -0.7089207946214996 -1.09375
-0.7236608492155696 -0.7236608492155696 -1.09375
-0.3618304246077848 -0.7323624947195015 -1.09375
0.0 -0.7352401580435444 -1.09375
0.3618304246077848 -0.7323624947195015 -1.09375
0.7236608492155696 -0.7236608492155696 -1.09375
1.0854912738233544 -0.7089207946214996 -1.09375
1.4473216984311392 -0.6877541920991169 -1.09375
1.8091521230389238 -0.6595425928602272 -1.09375
2.170982547646709 -0.6233301710870615 -1.09375
2.5328129722544936 -0.577614092558181 -1.09375
2.8946433968622785 -0.5198933015532592 -1.09375
-2.929449978878006 -0.2599466507766296 -1.09375
-2.563268731518255 -0.2888070462790905 -1.09375
-2.1970874841585046 -0.31166508554353073 -1.09375
-1.8309062367987539 -0.3297712964301136 -1.09375
-1.464724989439003 -0.34387709604955846 -1.09375
-1.0985437420792523 -0.3544603973107498 -1.09375
-0.7323624947195015 -0.3618304246077848 -1.09375
-0.36618124735975077 -0.36618124735975077 -1.09375
0.0 -0.3676200790217722 -1.09375
0.36618124735975077 -0.36618124735975077 -1.09375
0.7323624947195015 -0.3618304246077848 -1.09375
1.0985437420792523 -0.3544603973107498 -1.09375
1.464724989439003 -0.34387709604955846 -1.09375
1.8309062367987539 -0.3297712964301136 -1.09375
2.1970874841585046 -0.31166508554353073 -1.09375
2.563268731518255 -0.2888070462790905 -1.09375
2.929449978878006 -0.2599466507766296 -1.09375
-2.9409606321741775 0.0 -1.09375
-2.573340553152405 0.0 -1.09375
-2.205720474130633 0.0 -1.09375
-1.838100395108861 0.0 -1.09375
-1.4704803160870887 0.0 -1.09375
-1.1028602370653164 0.0 -1.09375
-0.7352401580435444 0.0 -1.09375
-0.3676200790217722 0.0 -1.09375
0.0 0.0 -1.09375
0.3676200790217722 0.0 -1.09375
0.7352401580435444 0.0 -1.09375
1.1028602370653164 0.0 -1.09375
1.4704803160870887 0.0 -1.09375
1.838100395108861 0.0 -1.09375
2.205720474130633 0.0 -1.09375
2.573340553152405 0.0 -1.09375
2.9409606321741775 0.0 -1.09375
-2.929449978878006 0.2599466507766296 -1.09375
-2.563268731518255 0.2888070462790905 -1.09375
-2.1970874841585046 0.31166508554353073 -1.09375
-1.8309062367987539 0.3297712964301136 -1.09375
-1.464724989439003 0.34387709604955846 -1.09375
-1.0985437420792523 0.3544603973107498 -1.09375
-0.7323624947195015 0.3618304246077848 -1.09375
-0.36618124735975077 0.36618124735975077 -1.09375
0.0 0.3676200790217722 -1.09375
0.36618124735975077 0.36618124735975077 -1.09375
0.7323624947195015 0.3618304246077848 -1.09375
1.0985437420792523 0.3544603973107498 -1.09375
1.464724989439003 0.34387709604955846 -1.09375
1.8309062367987539 0.3297712964301136 -1.09375
2.1970874841585046 0.31166508554353073 -1.09375
2.563268731518255 0.2888070462790905 -1.09375
2.929449978878006 0.2599466507766296 -1.09375
-2.8946433968622785 0.5198933015532592 -1.09375
-2.5328129722544936 0.577614092558181 -1.09375
-2.170982547646709 0.6233301710870615 -1.09375
-1.8091521230389238 0.6595425928602272 -1.09375
-1.4473216984311392 0.6877541920991169 -1.09375
-1.0854912738233544 0.7089207946214996 -1.09375
-0.7236608492155696 0.7236608492155696 -1.09375
-0.3618304246077848 0.7323624947195015 -1.09375
0.0 0.7352401580435444 -1.09375
0.3618304246077848 0.7323624947195015 -1.09375
0.7236608492155696 0.7236608492155696 -1.09375
1.0854912738233544 0.7089207946214996 -1.09375
1.4473216984311392 0.6877541920991169 -1.09375
1.8091521230389238 0.6595425928602272 -1.09375
2.170982547646709 0.6233301710870615 -1.09375
2.5328129722544936 0.577614092558181 -1.09375
2.8946433968622785 0.5198933015532592 -1.09375
-2.8356831784859984 0.7798399523298888 -1.09375
-2.4812227811752483 0.8664211388372716 -1.09375
-2.1267623838644987 0.9349952566305921 -1.09375
-1.772301986553749 0.9893138892903407 -1.09375
-1.4178415892429992 1.0316312881486756 -1.09375
-1.0633811919322493 1.0633811919322493 -1.09375
-0.7089207946214996 1.0854912738233544 -1.09375
-0.3544603973107498 1.0985437420792523 -1.09375
0.0 1.1028602370653164 -1.09375
0.3544603973107498 1.0985437420792523 -1.09375
0.7089207946214996 1.0854912738233544 -1.09375
1.0633811919322493 1.0633811919322493 -1.09375
1.4178415892429992 1.0316312881486756 -1.09375
1.772301986553749 0.9893138892903407 -1.09375
2.1267623838644987 0.9349952566305921 -1.09375
2.4812227811752483 0.8664211388372716 -1.09375
2.8356831784859984 0.7798399523298888 -1.09375
-2.7510167683964677 1.0397866031065184 -1.09375
-2.4071396723469096 1.155228185116362 -1.09375
-2.063262576297351 1.246660342174123 -1.09375
-1.7193854802477926 1.3190851857204544 -1.09375
-1.3755083841982338 1.3755083841982338 -1.09375
-1.0316312881486756 1.4178415892429992 -1.09375
-0.6877541920991169 1.4473216984311392 -1.09375
-0.34387709604955846 1.464724989439003 -1.09375
0.0 1.4704803160870887 -1.09375
0.34387709604955846 1.464724989439003 -1.09375
0.6877541920991169 1.4473216984311392 -1.09375
1.0316312881486756 1.4178415892429992 -1.09375
1.3755083841982338 1.3755083841982338 -1.09375
1.7193854802477926 1.3190851857204544 -1.09375
2.063262576297351 1.246660342174123 -1.09375
2.4071396723469096 1.155228185116362 -1.09375
2.7510167683964677 1.0397866031065184 -1.09375
-2.638170371440909 1.2997332538831479 -1.09375
-2.308399075010795 1.4440352313954525 -1.09375
-1.9786277785806814 1.5583254277176537 -1.09375
-1.6488564821505678 1.6488564821505678 -1.09375
-1.3190851857204544 1.7193854802477926 -1.09375
-0.9893138892903407 1.772301986553749 -1.09375
-0.6595425928602272 1.8091521230389238 -1.09375
-0.3297712964301136 1.8309062367987539 -1.09375
0.0 1.838100395108861 -1.09375
0.3297712964301136 1.8309062367987539 -1.09375
0.6595425928602272 1.8091521230389238 -1.09375
0.9893138892903407 1.772301986553749 -1.09375
1.3190851857204544 1.7193854802477926 -1.09375
1.6488564821505678 1.6488564821505678 -1.09375
1.9786277785806814 1.5583254277176537 -1.09375
2.308399075010795 1.4440352313954525 -1.09375
2.638170371440909 1.2997332538831479 -1.09375
-2.493320684348246 1.5596799046597776 -1.09375
-2.1816555988047153 1.7328422776745431 -1.09375
-1.8699905132611843 1.8699905132611843 -1.09375
-1.5583254277176537 1.9786277785806814 -1.09375
-1.246660342174123 2.063262576297351 -1.09375
-0.9349952566305921 2.1267623838644987 -1.09375
-0.6233301710870615 2.170982547646709 -1.09375
-0.31166508554353073 2.1970874841585046 -1.09375
0.0 2.205720474130633 -1.09375
0.31166508554353073 2.1970874841585046 -1.09375
0.6233301710870615 2.170982547646709 -1.09375
0.9349952566305921 2.1267623838644987 -1.09375
1.246660342174123 2.063262576297351 -1.09375
1.5583254277176537 1.9786277785806814 -1.09375
1.8699905132611843 1.8699905132611843 -1.09375
2.1816555988047153 1.7328422776745431 -1.09375
2.493320684348246 1.5596799046597776 -1.09375
-2.310456370232724 1.819626555436407 -1.09375
-2.0216493239536333 2.0216493239536333 -1.09375
-1.7328422776745431 2.1816555988047153 -1.09375
-1.4440352313954525 2.308399075010795 -1.09375
-1.155228185116362 2.4071396723469096 -1.09375
-0.8664211388372716 2.4812227811752483 -1.09375
-0.577614092558181 2.5328129722544936 -1.09375
-0.2888070462790905 2.563268731518255 -1.09375
0.0 2.573340553152405 -1.09375
0.2888070462790905 2.563268731518255 -1.09375
0.577614092558181 2.5328129722544936 -1.09375
0.8664211388372716 2.4812227811752483 -1.09375
1.155228185116362 2.4071396723469096 -1.09375
1.4440352313954525 2.308399075010795 -1.09375
1.7328422776745431 2.1816555988047153 -1.09375
2.0216493239536333 2.0216493239536333 -1.09375
2.310456370232724 1.819626555436407 -1.09375
-2.0795732062130368 2.0795732062130368 -1.09375
-1.819626555436407 2.310456370232724 -1.09375
-1.5596799046597776 2.493320684348246 -1.09375
-1.2997332538831479 2.638170371440909 -1.09375
-1.0397866031065184 2.7510167683964677 -1.09375
-0.7798399523298888 2.8356831784859984 -1.09375
-0.5198933015532592 2.8946433968622785 -1.09375
-0.2599466507766296 2.929449978878006 -1.09375
0.0 2.9409606321741775 -1.09375
0.2599466507766296 2.929449978878006 -1.09375
0.5198933015532592 2.8946433968622785 -1.09375
0.7798399523298888 2.8356831784859984 -1.09375
1.0397866031065184 2.7510167683964677 -1.09375
1.2997332538831479 2.638170371440909 -1.09375
1.5596799046597776 2.493320684348246 -1.09375
1.819626555436407 2.310456370232724 -1.09375
2.0795732062130368 2.0795732062130368 -1.09375
-2.0944076941854632 -2.0944076941854632 -0.875
-1.8326067324122801 -2.326937846880256 -0.875
-1.5708057706390974 -2.5111066106108373 -0.875
-1.3090048088659145 -2.6569895726728863 -0.875
-1.0472038470927316 -2.7706409513974775 -0.875
-0.7854028853195487 -2.8559113233184017 -0.875
-0.5236019235463658 -2.915292130230705 -0.875
-0.2618009617731829 -2.950347002530579 -0.875
0.0 -2.9619397662556435 -0.875
0.2618009617731829 -2.950347002530579 -0.875
0.5236019235463658 -2.915292130230705 -0.875
0.7854028853195487 -2.8559113233184017 -0.875
1.0472038470927316 -2.7706409513974775 -0.875
1.3090048088659145 -2.6569895726728863 -0.875
1.5708057706390974 -2.5111066106108373 -0.875
1.8326067324122801 -2.326937846880256 -0.875
2.0944076941854632 -2.0944076941854632 -0.875
-2.326937846880256 -1.8326067324122801 -0.875
-2.0360706160202238 -2.0360706160202238 -0.875
-1.745203385160192 -2.197218284284483 -0.875
-1.45433615430016 -2.3248658760887753 -0.875
-1.163468923440128 -2.4243108324727927 -0.875
-0.872601692580096 -2.498922407903601 -0.875
-0.581734461720064 -2.550880613951867 -0.875
-0.290867230860032 -2.5815536272142565 -0.875
0.0 -2.591697295473688 -0.875
0.290867230860032 -2.5815536272142565 -0.875
0.581734461720064 -2.550880613951867 -0.875
0.872601692580096 -2.498922407903601 -0.875
1.163468923440128 -2.4243108324727927 -0.875
1.45433615430016 -2.3248658760887753 -0.875
1.745203385160192 -2.197218284284483 -0.875
2.0360706160202238 -2.0360706160202238 -0.875
2.326937846880256 -1.8326067324122801 -0.875
-2.5111066106108373 -1.5708057706390974 -0.875
-2.197218284284483 -1.745203385160192 -0.875
-1.883329957958128 -1.883329957958128 -0.875
-1.5694416316317734 -1.9927421795046645 -0.875
-1.2555533053054186 -2.0779807135481083 -0.875
-0.941664978979064 -2.141933492488801 -0.875
-0.6277766526527093 -2.186469097673029 -0.875
-0.31388832632635466 -2.2127602518979343 -0.875
0.0 -2.2214548246917327 -0.875
0.31388832632635466 -2.2127602518979343 -0.875
0.6277766526527093 -2.186469097673029 -0.875
0.941664978979064 -2.141933492488801 -0.875
1.2555533053054186 -2.0779807135481083 -0.875
1.5694416316317734 -1.9927421795046645 -0.875
1.883329957958128 -1.883329957958128 -0.875
2.197218284284483 -1.745203385160192 -0.875
2.5111066106108373 -1.5708057706390974 -0.875
-2.6569895726728863 -1.3090048088659145 -0.875
-2.3248658760887753 -1.45433615430016 -0.875
-1.9927421795046645 -1.5694416316317734 -0.875
-1.6606184829205537 -1.6606184829205537 -0.875
-1.3284947863364431 -1.7316505946234235 -0.875
-0.9963710897523322 -1.7849445770740011 -0.875
-0.6642473931682216 -1.8220575813941906 -0.875
-0.3321236965841108 -1.843966876581612 -0.875
0.0 -1.8512123539097771 -0.875
0.3321236965841108 -1.843966876581612 -0.875
0.6642473931682216 -1.8220575813941906 -0.875
0.9963710897523322 -1.7849445770740011 -0.875
1.3284947863364431 -1.7316505946234235 -0.875
1.6606184829205537 -1.6606184829205537 -0.875
1.9927421795046645 -1.5694416316317734 -0.875
2.3248658760887753 -1.45433615430016 -0.875
2.6569895726728863 -1.3090048088659145 -0.875
-2.7706409513974775 -1.0472038470927316 -0.875
-2.4243108324727927 -1.163468923440128 -0.875
-2.0779807135481083 -1.2555533053054186 -0.875
-1.7316505946234235 -1.3284947863364431 -0.875
-1.3853204756987387 -1.3853204756987387 -0.875
-1.0389903567740542 -1.4279556616592008 -0.875
-0.6926602378493694 -1.4576460651153524 -0.875
-0.3463301189246847 -1.4751735012652896 -0.875
0.0 -1.4809698831278217 -0.875
0.3463301189246847 -1.4751735012652896 -0.875
0.6926602378493694 -1.4576460651153524 -0.875
1.0389903567740542 -1.4279556616592008 -0.875
1.3853204756987387 -1.3853204756987387 -0.875
1.7316505946234235 -1.3284947863364431 -0.875
2.0779807135481083 -1.2555533053054186 -0.875
2.4243108324727927 -1.163468923440128 -0.875
2.7706409513974775 -1.0472038470927316 -0.875
-2.8559113233184017 -0.7854028853195487 -0.875
-2.498922407903601 -0.872601692580096 -0.875
-2.141933492488801 -0.941664978979064 -0.875
-1.7849445770740011 -0.9963710897523322 -0.875
-1.4279556616592008 -1.0389903567740542 -0.875
-1.0709667462444006 -1.0709667462444006 -0.875
-0.7139778308296004 -1.0932345488365145 -0.875
-0.3569889154148002 -1.1063801259489672 -0.875
0.0 -1.1107274123458664 -0.875
0.3569889154148002 -1.1063801259489672 -0.875
0.7139778308296004 -1.0932345488365145 -0.875
1.0709667462444006 -1.0709667462444006 -0.875
1.4279556616592008 -1.0389903567740542 -0.875
1.7849445770740011 -0.9963710897523322 -0.875
2.141933492488801 -0.941664978979064 -0.875
2.498922407903601 -0.872601692580096 -0.875
2.8559113233184017 -0.7854028853195487 -0.875
-2.915292130230705 -0.5236019235463658 -0.875
-2.550880613951867 -0.581734461720064 -0.875
-2.186469097673029 -0.6277766526527093 -0.875
-1.8220575813941906 -0.6642473931682216 -0.875
-1.4576460651153524 -0.6926602378493694 -0.875
-1.0932345488365145 -0.7139778308296004 -0.875
-0.7288230325576762 -0.7288230325576762 -0.875
-0.3644115162788381 -0.7375867506326448 -0.875
0.0 -0.7404849415639109 -0.875
0.3644115162788381 -0.7375867506326448 -0.875
0.7288230325576762 -0.7288230325576762 -0.875
1.0932345488365145 -0.7139778308296004 -0.875
1.4576460651153524 -0.6926602378493694 -0.875
1.8220575813941906 -0.6642473931682216 -0.875
2.186469097673029 -0.6277766526527093 -0.875
2.550880613951867 -0.581734461720064 -0.875
2.915292130230705 -0.5236019235463658 -0.875
-2.950347002530579 -0.2618009617731829 -0.875
-2.5815536272142565 -0.290867230860032 -0.875
-2.2127602518979343 -0.31388832632635466 -0.875
-1.843966876581612 -0.3321236965841108 -0.875
-1.4751735012652896 -0.3463301189246847 -0.875
-1.1063801259489672 -0.3569889154148002 -0.875
-0.7375867506326448 -0.3644115162788381 -0.875
-0.3687933753163224 -0.3687933753163224 -0.875
0.0 -0.37024247078195544 -0.875
0.3687933753163224 -0.3687933753163224 -0.875
0.7375867506326448 -0.3644115162788381 -0.875
1.1063801259489672 -0.3569889154148002 -0.875
1.4751735012652896 -0.3463301189246847 -0.875
1.843966876581612 -0.3321236965841108 -0.875
2.2127602518979343 -0.31388832632635466 -0.875
2.5815536272142565 -0.290867230860032 -0.875
2.950347002530579 -0.2618009617731829 -0.875
-2.9619397662556435 0.0 -0.875
-2.591697295473688 0.0 -0.875
-2.2214548246917327 0.0 -0.875
-1.8512123539097771 0.0 -0.875
-1.4809698831278217 0.0 -0.875
-1.1107274123458664 0.0 -0.875
-0.7404849415639109 0.0 -0.875
-0.37024247078195544 0.0 -0.875
0.0 0.0 -0.875
0.37024247078195544 0.0 -0.875
0.7404849415639109 0.0 -0.875
1.1107274123458664 0.0 -0.875
1.4809698831278217 0.0 -0.875
1.8512123539097771 0.0 -0.875
2.2214548246917327 0.0 -0.875
2.591697295473688 0.0 -0.875
2.9619397662556435 0.0 -0.875
-2.950347002530579 0.2618009617731829 -0.875
-2.5815536272142565 0.290867230860032 -0.875
-2.2127602518979343 0.31388832632635466 -0.875
-1.843966876581612 0.3321236965841108 -0.875
-1.4751735012652896 0.3463301189246847 -0.875
-1.1063801259489672 0.3569889154148002 -0.875
-0.7375867506326448 0.3644115162788381 -0.875
-0.3687933753163224 0.3687933753163224 -0.875
0.0 0.37024247078195544 -0.875
0.3687933753163224 0.3687933753163224 -0.875
0.7375867506326448 0.3644115162788381 -0.875
1.1063801259489672 0.3569889154148002 -0.875
1.4751735012652896 0.3463301189246847 -0.875
1.843966876581612 0.3321236965841108 -0.875
2.2127602518979343 0.31388832632635466 -0.875
2.5815536272142565 0.290867230860032 -0.875
2.950347002530579 0.2618009617731829 -0.875
-2.915292130230705 0.5236019235463658 -0.875
-2.550880613951867 0.581734461720064 -0.875
-2.186469097673029 0.6277766526527093 -0.875
-1.8220575813941906 0.6642473931682216 -0.875
-1.4576460651153524 0.6926602378493694 -0.875
-1.0932345488365145 0.7139778308296004 -0.875
-0.7288230325576762 0.7288230325576762 -0.875
-0.3644115162788381 0.7375867506326448 -0.875
0.0 0.7404849415639109 -0.875
0.3644115162788381 0.7375867506326448 -0.875
0.7288230325576762 0.7288230325576762 -0.875
1.0932345488365145 0.7139778308296004 -0.875
1.4576460651153524 0.6926602378493694 -0.875
1.8220575813941906 0.6642473931682216 -0.875
2.186469097673029 0.6277766526527093 -0.875
2.550880613951867 0.581734461720064 -0.875
2.915292130230705 0.5236019235463658 -0.875
-2.8559113233184017 0.7854028853195487 -0.875
-2.498922407903601 0.872601692580096 -0.875
-2.141933492488801 0.941664978979064 -0.875
-1.7849445770740011 0.9963710897523322 -0.875
-1.4279556616592008 1.0389903567740542 -0.875
-1.0709667462444006 1.0709667462444006 -0.875
-0.7139778308296004 1.0932345488365145 -0.875
-0.3569889154148002 1.1063801259489672 -0.875
0.0 1.1107274123458664 -0.875
0.3569889154148002 1.1063801259489672 -0.875
0.7139778308296004 1.0932345488365145 -0.875
1.0709667462444006 1.0709667462444006 -0.875
1.4279556616592008 1.0389903567740542 -0.875
1.7849445770740011 0.9963710897523322 -0.875
2.141933492488801 0.941664978979064 -0.875
2.498922407903601 0.872601692580096 -0.875
2.8559113233184017 0.7854028853195487 -0.875
-2.7706409513974775 1.0472038470927316 -0.875
-2.4243108324727927 1.163468923440128 -0.875
-2.0779807135481083 1.2555533053054186 -0.875
-1.7316505946234235 1.3284947863364431 -0.875
-1.3853204756987387 1.3853204756987387 -0.875
-1.0389903567740542 1.4279556616592008 -0.875
-0.6926602378493694 1.4576460651153524 -0.875
-0.3463301189246847 1.4751735012652896 -0.875
0.0 1.4809698831278217 -0.875
0.3463301189246847 1.4751735012652896 -0.875
0.6926602378493694 1.4576460651153524 -0.875
1.0389903567740542 1.4279556616592008 -0.875
1.3853204756987387 1.3853204756987387 -0.875
1.7316505946234235 1.3284947863364431 -0.875
2.0779807135481083 1.2555533053054186 -0.875
2.4243108324727927 1.163468923440128 -0.875
2.7706409513974775 1.0472038470927316 -0.875
-2.6569895726728863 1.3090048088659145 -0.875
-2.3248658760887753 1.45433615430016 -0.875
-1.9927421795046645 1.5694416316317734 -0.875
-1.6606184829205537 1.6606184829205537 -0.875
-1.3284947863364431 1.7316505946234235 -0.875
-0.9963710897523322 1.7849445770740011 -0.875
-0.6642473931682216 1.8220575813941906 -0.875
-0.3321236965841108 1.843966876581612 -0.875
0.0 1.8512123539097771 -0.875
0.3321236965841108 1.843966876581612 -0.875
0.6642473931682216 1.8220575813941906 -0.875
0.9963710897523322 1.7849445770740011 -0.875
1.3284947863364431 1.7316505946234235 -0.875
1.6606184829205537 1.6606184829205537 -0.875
1.9927421795046645 1.5694416316317734 -0.875
2.3248658760887753 1.45433615430016 -0.875
2.6569895726728863 1.3090048088659145 -0.875
-2.5111066106108373 1.5708057706390974 -0.875
-2.197218284284483 1.745203385160192 -0.875
-1.883329957958128 1.883329957958128 -0.875
-1.5694416316317734 1.9927421795046645 -0.875
-1.2555533053054186 2.0779807135481083 -0.875
-0.941664978979064 2.141933492488801 -0.875
-0.6277766526527093 2.186469097673029 -0.875
-0.31388832632635466 2.2127602518979343 -0.875
0.0 2.2214548246917327 -0.875
0.31388832632635466 2.2127602518979343 -0.875
0.6277766526527093 2.186469097673029 -0.875
0.941664978979064 2.141933492488801 -0.875
1.2555533053054186 2.0779807135481083 -0.875
1.5694416316317734 1.9927421795046645 -0.875
1.883329957958128 1.883329957958128 -0.875
2.197218284284483 1.745203385160192 -0.875
2.5111066106108373 1.5708057706390974 -0.875
-2.326937846880256 1.8326067324122801 -0.875
-2.0360706160202238 2.0360706160202238 -0.875
-1.745203385160192 2.197218284284483 -0.875
-1.45433615430016 2.3248658760887753 -0.875
-1.163468923440128 2.4243108324727927 -0.875
-0.872601692580096 2.498922407903601 -0.875
-0.581734461720064 2.550880613951867 -0.875
-0.290867230860032 2.5815536272142565 -0.875
0.0 2.591697295473688 -0.875
0.290867230860032 2.5815536272142565 -0.875
0.581734461720064 2.550880613951867 -0.875
0.872601692580096 2.498922407903601 -0.875
1.163468923440128 2.4243108324727927 -0.875
1.45433615430016 2.3248658760887753 -0.875
1.745203385160192 2.197218284284483 -0.875
2.0360706160202238 2.0360706160202238 -0.875
2.326937846880256 1.8326067324122801 -0.875
-2.0944076941854632 2.0944076941854632 -0.875
-1.8326067324122801 2.326937846880256 -0.875
-1.5708057706390974 2.5111066106108373 -0.875
-1.3090048088659145 2.6569895726728863 -0.875
-1.0472038470927316 2.7706409513974775 -0.875
-0.7854028853195487 2.8559113233184017 -0.875
-0.5236019235463658 2.915292130230705 -0.875
-0.2618009617731829 2.950347002530579 -0.875
0.0 2.9619397662556435 -0.875
0.2618009617731829 2.950347002530579 -0.875
0.5236019235463658 2.915292130230705 -0.875
0.7854028853195487 2.8559113233184017 -0.875
1.0472038470927316 2.7706409513974775 -0.875
1.3090048088659145 2.6569895726728863 -0.875
1.5708057706390974 2.5111066106108373 -0.875
1.8326067324122801 2.326937846880256 -0.875
2.0944076941854632 2.0944076941854632 -0.875
-2.106096453259957 -2.106096453259957 -0.65625
-1.8428343966024623 -2.339924342274164 -0.65625
-1.579572339944968 -2.5251209404203037 -0.65625
-1.3163102832874731 -2.671818066220077 -0.65625
-1.0530482266299785 -2.7861037262205075 -0.65625
-0.789786169972484 -2.871849986783525 -0.65625
-0.5265241133149893 -2.931562194285873 -0.65625
-0.26326205665749464 -2.9668127056477305 -0.65625
0.0 -2.9784701678661043 -0.65625
0.26326205665749464 -2.9668127056477305 -0.65625
0.5265241133149893 -2.931562194285873 -0.65625
0.789786169972484 -2.871849986783525 -0.65625
1.0530482266299785 -2.7861037262205075 -0.65625
1.3163102832874731 -2.671818066220077 -0.65625
1.579572339944968 -2.5251209404203037 -0.65625
1.8428343966024623 -2.339924342274164 -0.65625
2.106096453259957 -2.106096453259957 -0.65625
-2.339924342274164 -1.8428343966024623 -0.65625
-2.0474337994898932 -2.0474337994898932 -0.65625
-1.7549432567056231 -2.209480822867766 -0.65625
-1.4624527139213523 -2.3378408079425674 -0.65625
-1.169962171137082 -2.437840760442944 -0.65625
-0.8774716283528116 -2.5128687384355843 -0.65625
-0.584981085568541 -2.5651169200001394 -0.65625
-0.2924905427842705 -2.595961117441764 -0.65625
0.0 -2.6061613968828414 -0.65625
0.2924905427842705 -2.595961117441764 -0.65625
0.584981085568541 -2.5651169200001394 -0.65625
0.8774716283528116 -2.5128687384355843 -0.65625
1.169962171137082 -2.437840760442944 -0.65625
1.4624527139213523 -2.3378408079425674 -0.65625
1.7549432567056231 -2.209480822867766 -0.65625
2.0474337994898932 -2.0474337994898932 -0.65625
2.339924342274164 -1.8428343966024623 -0.65625
-2.5251209404203037 -1.579572339944968 -0.65625
-2.209480822867766 -1.7549432567056231 -0.65625
-1.8938407053152277 -1.8938407053152277 -0.65625
-1.57820058776269 -2.0038635496650574 -0.65625
-1.2625604702101518 -2.089577794665381 -0.65625
-0.9469203526576139 -2.153887490087644 -0.65625
-0.6312802351050759 -2.198671645714405 -0.65625
-0.31564011755253796 -2.2251095292357976 -0.65625
0.0 -2.233852625899578 -0.65625
0.31564011755253796 -2.2251095292357976 -0.65625
0.6312802351050759 -2.198671645714405 -0.65625
0.9469203526576139 -2.153887490087644 -0.65625
1.2625604702101518 -2.089577794665381 -0.65625
1.57820058776269 -2.0038635496650574 -0.65625
1.8938407053152277 -1.8938407053152277 -0.65625
2.209480822867766 -1.7549432567056231 -0.65625
2.5251209404203037 -1.579572339944968 -0.65625
-2.671818066220077 -1.3163102832874731 -0.65625
-2.3378408079425674 -1.4624527139213523 -0.65625
-2.0038635496650574 -1.57820058776269 -0.65625
-1.669886291387548 -1.669886291387548 -0.65625
-1.3359090331100385 -1.7413148288878173 -0.65625
-1.0019317748325287 -1.7949062417397035 -0.65625
-0.6679545165550193 -1.8322263714286706 -0.65625
-0.3339772582775096 -1.8542579410298314 -0.65625
0.0 -1.8615438549163152 -0.65625
0.3339772582775096 -1.8542579410298314 -0.65625
0.6679545165550193 -1.8322263714286706 -0.65625
1.0019317748325287 -1.7949062417397035 -0.65625
1.3359090331100385 -1.7413148288878173 -0.65625
1.669886291387548 -1.669886291387548 -0.65625
2.0038635496650574 -1.57820058776269 -0.65625
2.3378408079425674 -1.4624527139213523 -0.65625
2.671818066220077 -1.3163102832874731 -0.65625
-2.7861037262205075 -1.0530482266299785 -0.65625
-2.437840760442944 -1.169962171137082 -0.65625
-2.089577794665381 -1.2625604702101518 -0.65625
-1.7413148288878173 -1.3359090331100385 -0.65625
-1.3930518631102538 -1.3930518631102538 -0.65625
-1.0447888973326904 -1.4359249933917626 -0.65625
-0.6965259315551269 -1.4657810971429366 -0.65625
-0.34826296577756344 -1.4834063528238652 -0.65625
0.0 -1.4892350839330522 -0.65625
0.34826296577756344 -1.4834063528238652 -0.65625
0.6965259315551269 -1.4657810971429366 -0.65625
1.0447888973326904 -1.4359249933917626 -0.65625
1.3930518631102538 -1.3930518631102538 -0.65625
1.7413148288878173 -1.3359090331100385 -0.65625
2.089577794665381 -1.2625604702101518 -0.65625
2.437840760442944 -1.169962171137082 -0.65625
2.7861037262205075 -1.0530482266299785 -0.65625
-2.871849986783525 -0.789786169972484 -0.65625
-2.5128687384355843 -0.8774716283528116 -0.65625
-2.153887490087644 -0.9469203526576139 -0.65625
-1.7949062417397035 -1.0019317748325287 -0.65625
-1.4359249933917626 -1.0447888973326904 -0.65625
-1.076943745043822 -1.076943745043822 -0.65625
-0.7179624966958813 -1.0993358228572025 -0.65625
-0.35898124834794065 -1.1125547646178988 -0.65625
0.0 -1.116926312949789 -0.65625
0.35898124834794065 -1.1125547646178988 -0.65625
0.7179624966958813 -1.0993358228572025 -0.65625
1.076943745043822 -1.076943745043822 -0.65625
1.4359249933917626 -1.0447888973326904 -0.65625
1.7949062417397035 -1.0019317748325287 -0.65625
2.153887490087644 -0.9469203526576139 -0.65625
2.5128687384355843 -0.8774716283528116 -0.65625
2.871849986783525 -0.789786169972484 -0.65625
-2.931562194285873 -0.5265241133149893 -0.65625
-2.5651169200001394 -0.584981085568541 -0.65625
-2.198671645714405 -0.6312802351050759 -0.65625
-1.8322263714286706 -0.6679545165550193 -0.65625
-1.4657810971429366 -0.6965259315551269 -0.65625
-1.0993358228572025 -0.7179624966958813 -0.65625
-0.7328905485714683 -0.7328905485714683 -0.65625
-0.36644527428573415 -0.7417031764119326 -0.65625
0.0 -0.7446175419665261 -0.65625
0.36644527428573415 -0.7417031764119326 -0.65625
0.7328905485714683 -0.7328905485714683 -0.65625
1.0993358228572025 -0.7179624966958813 -0.65625
1.4657810971429366 -0.6965259315551269 -0.65625
1.8322263714286706 -0.6679545165550193 -0.65625
2.198671645714405 -0.6312802351050759 -0.65625
2.5651169200001394 -0.584981085568541 -0.65625
2.931562194285873 -0.5265241133149893 -0.65625
-2.9668127056477305 -0.26326205665749464 -0.65625
-2.595961117441764 -0.2924905427842705 -0.65625
-2.2251095292357976 -0.31564011755253796 -0.65625
-1.8542579410298314 -0.3339772582775096 -0.65625
-1.4834063528238652 -0.34826296577756344 -0.65625
-1.1125547646178988 -0.35898124834794065 -0.65625
-0.7417031764119326 -0.36644527428573415 -0.65625
-0.3708515882059663 -0.3708515882059663 -0.65625
0.0 -0.37230877098326304 -0.65625
0.3708515882059663 -0.3708515882059663 -0.65625
0.7417031764119326 -0.36644527428573415 -0.65625
1.1125547646178988 -0.35898124834794065 -0.65625
1.4834063528238652 -0.34826296577756344 -0.65625
1.8542579410298314 -0.3339772582775096 -0.65625
2.2251095292357976 -0.31564011755253796 -0.65625
2.595961117441764 -0.2924905427842705 -0.65625
2.9668127056477305 -0.26326205665749464 -0.65625
-2.9784701678661043 0.0 -0.65625
-2.6061613968828414 0.0 -0.65625
-2.233852625899578 0.0 -0.65625
-1.8615438549163152 0.0 -0.65625
-1.4892350839330522 0.0 -0.65625
-1.116926312949789 0.0 -0.65625
-0.7446175419665261 0.0 -0.65625
-0.37230877098326304 0.0 -0.65625
0.0 0.0 -0.65625
0.37230877098326304 0.0 -0.65625
0.7446175419665261 0.0 -0.65625
1.116926312949789 0.0 -0.65625
1.4892350839330522 0.0 -0.65625
1.8615438549163152 0.0 -0.65625
2.233852625899578 0.0 -0.65625
2.6061613968828414 0.0 -0.65625
2.9784701678661043 0.0 -0.65625
-2.9668127056477305 0.26326205665749464 -0.65625
-2.595961117441764 0.2924905427842705 -0.65625
-2.2251095292357976 0.31564011755253796 -0.65625
-1.8542579410298314 0.3339772582775096 -0.65625
-1.4834063528238652 0.34826296577756344 -0.65625
-1.1125547646178988 0.35898124834794065 -0.65625
-0.7417031764119326 0.36644527428573415 -0.65625
-0.3708515882059663 0.3708515882059663 -0.65625
0.0 0.37230877098326304 -0.65625
0.3708515882059663 0.3708515882059663 -0.65625
0.7417031764119326 0.36644527428573415 -0.65625
1.1125547646178988 0.35898124834794065 -0.65625
1.4834063528238652 0.34826296577756344 -0.65625
1.8542579410298314 0.3339772582775096 -0.65625
2.2251095292357976 0.31564011755253796 -0.65625
2.595961117441764 0.2924905427842705 -0.65625
2.9668127056477305 0.26326205665749464 -0.65625
-2.931562194285873 0.5265241133149893 -0.65625
-2.5651169200001394 0.584981085568541 -0.65625
-2.198671645714405 0.6312802351050759 -0.65625
-1.8322263714286706 0.6679545165550193 -0.65625
-1.4657810971429366 0.6965259315551269 -0.65625
-1.0993358228572025 0.7179624966958813 -0.65625
-0.7328905485714683 0.7328905485714683 -0.65625
-0.36644527428573415 0.7417031764119326 -0.65625
0.0 0.7446175419665261 -0.65625
0.36644527428573415 0.7417031764119326 -0.65625
0.7328905485714683 0.7328905485714683 -0.65625
1.0993358228572025 0.7179624966958813 -0.65625
1.4657810971429366 0.6965259315551269 -0.65625
1.8322263714286706 0.6679545165550193 -0.65625
2.198671645714405 0.6312802351050759 -0.65625
2.5651169200001394 0.584981085568541 -0.65625
2.931562194285873 0.5265241133149893 -0.65625
-2.871849986783525 0.789786169972484 -0.65625
-2.5128687384355843 0.8774716283528116 -0.65625
-2.153887490087644 0.9469203526576139 -0.65625
-1.7949062417397035 1.0019317748325287 -0.65625
-1.4359249933917626 1.0447888973326904 -0.65625
-1.076943745043822 1.076943745043822 -0.65625
-0.7179624966958813 1.0993358228572025 -0.65625
-0.35898124834794065 1.1125547646178988 -0.65625
0.0 1.116926312949789 -0.65625
0.35898124834794065 1.1125547646178988 -0.65625
0.7179624966958813 1.0993358228572025 -0.65625
1.076943745043822 1.076943745043822 -0.65625
1.4359249933917626 1.0447888973326904 -0.65625
1.7949062417397035 1.0019317748325287 -0.65625
2.153887490087644 0.9469203526576139 -0.65625
2.5128687384355843 0.8774716283528116 -0.65625
2.871849986783525 0.789786169972484 -0.65625
-2.7861037262205075 1.0530482266299785 -0.65625
-2.437840760442944 1.169962171137082 -0.65625
-2.089577794665381 1.2625604702101518 -0.65625
-1.7413148288878173 1.3359090331100385 -0.65625
-1.3930518631102538 1.3930518631102538 -0.65625
-1.0447888973326904 1.4359249933917626 -0.65625
-0.6965259315551269 1.4657810971429366 -0.65625
-0.34826296577756344 1.4834063528238652 -0.65625
0.0 1.4892350839330522 -0.65625
0.34826296577756344 1.4834063528238652 -0.65625
0.6965259315551269 1.4657810971429366 -0.65625
1.0447888973326904 1.4359249933917626 -0.65625
1.3930518631102538 1.3930518631102538 -0.65625
1.7413148288878173 1.3359090331100385 -0.65625
2.089577794665381 1.2625604702101518 -0.65625
2.437840760442944 1.169962171137082 -0.65625
2.7861037262205075 1.0530482266299785 -0.65625
-2.671818066220077 1.3163102832874731 -0.65625
-2.3378408079425674 1.4624527139213523 -0.65625
-2.0038635496650574 1.57820058776269 -0.65625
-1.669886291387548 1.669886291387548 -0.65625
-1.3359090331100385 1.7413148288878173 -0.65625
-1.0019317748325287 1.7949062417397035 -0.65625
-0.6679545165550193 1.8322263714286706 -0.65625
-0.3339772582775096 1.8542579410298314 -0.65625
0.0 1.8615438549163152 -0.65625
0.3339772582775096 1.8542579410298314 -0.65625
0.6679545165550193 1.8322263714286706 -0.65625
1.0019317748325287 1.7949062417397035 -0.65625
1.3359090331100385 1.7413148288878173 -0.65625
1.669886291387548 1.669886291387548 -0.65625
2.0038635496650574 1.57820058776269 -0.65625
2.3378408079425674 1.4624527139213523 -0.65625
2.671818066220077 1.3163102832874731 -0.65625
-2.5251209404203037 1.579572339944968 -0.65625
-2.209480822867766 1.7549432567056231 -0.65625
-1.8938407053152277 1.8938407053152277 -0.65625
-1.57820058776269 2.0038635496650574 -0.65625
-1.2625604702101518 2.089577794665381 -0.65625
-0.9469203526576139 2.153887490087644 -0.65625
-0.6312802351050759 2.198671645714405 -0.65625
-0.31564011755253796 2.2251095292357976 -0.65625
0.0 2.233852625899578 -0.65625
0.31564011755253796 2.2251095292357976 -0.65625
0.6312802351050759 2.198671645714405 -0.65625
0.9469203526576139 2.153887490087644 -0.65625
1.2625604702101518 2.089577794665381 -0.65625
1.57820058776269 2.0038635496650574 -0.65625
1.8938407053152277 1.8938407053152277 -0.65625
2.209480822867766 1.7549432567056231 -0.65625
2.5251209404203037 1.579572339944968 -0.65625
-2.339924342274164 1.8428343966024623 -0.65625
-2.0474337994898932 2.0474337994898932 -0.65625
-1.7549432567056231 2.209480822867766 -0.65625
-1.4624527139213523 2.3378408079425674 -0.65625
-1.169962171137082 2.437840760442944 -0.65625
-0.8774716283528116 2.5128687384355843 -0.65625
-0.584981085568541 2.5651169200001394 -0.65625
-0.2924905427842705 2.595961117441764 -0.65625
0.0 2.6061613968828414 -0.65625
0.2924905427842705 2.595961117441764 -0.65625
0.584981085568541 2.5651169200001394 -0.65625
0.8774716283528116 2.5128687384355843 -0.65625
1.169962171137082 2.437840760442944 -0.65625
1.4624527139213523 2.3378408079425674 -0.65625
1.7549432567056231 2.209480822867766 -0.65625
2.0474337994898932 2.0474337994898932 -0.65625
2.339924342274164 1.8428343966024623 -0.65625
-2.106096453259957 2.106096453259957 -0.65625
-1.8428343966024623 2.339924342274164 -0.65625
-1.579572339944968 2.5251209404203037 -0.65625
-1.3163102832874731 2.671818066220077 -0.65625
-1.0530482266299785 2.7861037262205075 -0.65625
-0.789786169972484 2.871849986783525 -0.65625
-0.5265241133149893 2.931562194285873 -0.65625
-0.26326205665749464 2.9668127056477305 -0.65625
0.0 2.9784701678661043 -0.65625
0.26326205665749464 2.9668127056477305 -0.65625
0.5265241133149893 2.931562194285873 -0.65625
0.789786169972484 2.871849986783525 -0.65625
1.0530482266299785 2.7861037262205075 -0.65625
1.3163102832874731 2.671818066220077 -0.65625
1.579572339944968 2.5251209404203037 -0.65625
1.8428343966024623 2.339924342274164 -0.65625
2.106096453259957 2.106096453259957 -0.65625
-2.114526914296906 -2.114526914296906 -0.4375
-1.8502110500097924 -2.3492907893646646 -0.4375
-1.5858951857226795 -2.5352287081195684 -0.4375
-1.321579321435566 -2.682513045583543 -0.4375
-1.057263457148453 -2.797256177891201 -0.4375
-0.7929475928613398 -2.8833456708392413 -0.4375
-0.5286317285742265 -2.943296899416811 -0.4375
-0.26431586428711323 -2.9786885145073736 -0.4375
0.0 -2.990392640201615 -0.4375
0.26431586428711323 -2.9786885145073736 -0.4375
0.5286317285742265 -2.943296899416811 -0.4375
0.7929475928613398 -2.8833456708392413 -0.4375
1.057263457148453 -2.797256177891201 -0.4375
1.321579321435566 -2.682513045583543 -0.4375
1.5858951857226795 -2.5352287081195684 -0.4375
1.8502110500097924 -2.3492907893646646 -0.4375
2.114526914296906 -2.114526914296906 -0.4375
-2.3492907893646646 -1.8502110500097924 -0.4375
-2.0556294406940814 -2.0556294406940814 -0.4375
-1.7619680920234986 -2.2183251196046223 -0.4375
-1.4683067433529153 -2.3471989148856 -0.4375
-1.1746453946823323 -2.4475991556548005 -0.4375
-0.8809840460117493 -2.522927461984336 -0.4375
-0.5873226973411662 -2.5753847869897095 -0.4375
-0.2936613486705831 -2.6063524501939517 -0.4375
0.0 -2.616593560176413 -0.4375
0.2936613486705831 -2.6063524501939517 -0.4375
0.5873226973411662 -2.5753847869897095 -0.4375
0.8809840460117493 -2.522927461984336 -0.4375
1.1746453946823323 -2.4475991556548005 -0.4375
1.4683067433529153 -2.3471989148856 -0.4375
1.7619680920234986 -2.2183251196046223 -0.4375
2.0556294406940814 -2.0556294406940814 -0.4375
2.3492907893646646 -1.8502110500097924 -0.4375
-2.5352287081195684 -1.5858951857226795 -0.4375
-2.2183251196046223 -1.7619680920234986 -0.4375
-1.9014215310896763 -1.9014215310896763 -0.4375
-1.5845179425747302 -2.0118847841876573 -0.4375
-1.2676143540597842 -2.0979421334184005 -0.4375
-0.9507107655448381 -2.1625092531294308 -0.4375
-0.6338071770298921 -2.2074726745626085 -0.4375
-0.31690358851494604 -2.23401638588053 -0.4375
0.0 -2.242794480151211 -0.4375
0.31690358851494604 -2.23401638588053 -0.4375
0.6338071770298921 -2.2074726745626085 -0.4375
0.9507107655448381 -2.1625092531294308 -0.4375
1.2676143540597842 -2.0979421334184005 -0.4375
1.5845179425747302 -2.0118847841876573 -0.4375
1.9014215310896763 -1.9014215310896763 -0.4375
2.2183251196046223 -1.7619680920234986 -0.4375
2.5352287081195684 -1.5858951857226795 -0.4375
-2.682513045583543 -1.321579321435566 -0.4375
-2.3471989148856 -1.4683067433529153 -0.4375
-2.0118847841876573 -1.5845179425747302 -0.4375
-1.6765706534897142 -1.6765706534897142 -0.4375
-1.3412565227917714 -1.7482851111820006 -0.4375
-1.0059423920938286 -1.802091044274526 -0.4375
-0.6706282613958857 -1.8395605621355067 -0.4375
-0.33531413069794286 -1.8616803215671085 -0.4375
0.0 -1.8689954001260096 -0.4375
0.33531413069794286 -1.8616803215671085 -0.4375
0.6706282613958857 -1.8395605621355067 -0.4375
1.0059423920938286 -1.802091044274526 -0.4375
1.3412565227917714 -1.7482851111820006 -0.4375
1.6765706534897142 -1.6765706534897142 -0.4375
2.0118847841876573 -1.5845179425747302 -0.4375
2.3471989148856 -1.4683067433529153 -0.4375
2.682513045583543 -1.321579321435566 -0.4375
-2.797256177891201 -1.057263457148453 -0.4375
-2.4475991556548005 -1.1746453946823323 -0.4375
-2.0979421334184005 -1.2676143540597842 -0.4375
-1.7482851111820006 -1.3412565227917714 -0.4375
-1.3986280889456004 -1.3986280889456004 -0.4375
-1.0489710667092003 -1.4416728354196207 -0.4375
-0.6993140444728002 -1.4716484497084055 -0.4375
-0.3496570222364001 -1.4893442572536868 -0.4375
0.0 -1.4951963201008076 -0.4375
0.3496570222364001 -1.4893442572536868 -0.4375
0.6993140444728002 -1.4716484497084055 -0.4375
1.0489710667092003 -1.4416728354196207 -0.4375
1.3986280889456004 -1.3986280889456004 -0.4375
1.7482851111820006 -1.3412565227917714 -0.4375
2.0979421334184005 -1.2676143540597842 -0.4375
2.4475991556548005 -1.1746453946823323 -0.4375
2.797256177891201 -1.057263457148453 -0.4375
-2.8833456708392413 -0.7929475928613398 -0.4375
-2.522927461984336 -0.8809840460117493 -0.4375
-2.1625092531294308 -0.9507107655448381 -0.4375
-1.802091044274526 -1.0059423920938286 -0.4375
-1.4416728354196207 -1.0489710667092003 -0.4375
-1.0812546265647154 -1.0812546265647154 -0.4375
-0.7208364177098103 -1.1037363372813043 -0.4375
-0.36041820885490516 -1.117008192940265 -0.4375
0.0 -1.1213972400756056 -0.4375
0.36041820885490516 -1.117008192940265 -0.4375
0.7208364177098103 -1.1037363372813043 -0.4375
1.0812546265647154 -1.0812546265647154 -0.4375
1.4416728354196207 -1.0489710667092003 -0.4375
1.802091044274526 -1.0059423920938286 -0.4375
2.1625092531294308 -0.9507107655448381 -0.4375
2.522927461984336 -0.8809840460117493 -0.4375
2.8833456708392413 -0.7929475928613398 -0.4375
-2.943296899416811 -0.5286317285742265 -0.4375
-2.5753847869897095 -0.5873226973411662 -0.4375
-2.2074726745626085 -0.6338071770298921 -0.4375
-1.8395605621355067 -0.6706282613958857 -0.4375
-1.4716484497084055 -0.6993140444728002 -0.4375
-1.1037363372813043 -0.7208364177098103 -0.4375
-0.7358242248542027 -0.7358242248542027 -0.4375
-0.36791211242710137 -0.7446721286268434 -0.4375
0.0 -0.7475981600504038 -0.4375
0.36791211242710137 -0.7446721286268434 -0.4375
0.7358242248542027 -0.7358242248542027 -0.4375
1.1037363372813043 -0.7208364177098103 -0.4375
1.4716484497084055 -0.6993140444728002 -0.4375
1.8395605621355067 -0.6706282613958857 -0.4375
2.2074726745626085 -0.6338071770298921 -0.4375
2.5753847869897095 -0.5873226973411662 -0.4375
2.943296899416811 -0.5286317285742265 -0.4375
-2.9786885145073736 -0.26431586428711323 -0.4375
-2.6063524501939517 -0.2936613486705831 -0.4375
-2.23401638588053 -0.31690358851494604 -0.4375
-1.8616803215671085 -0.33531413069794286 -0.4375
-1.4893442572536868 -0.3496570222364001 -0.4375
-1.117008192940265 -0.36041820885490516 -0.4375
-0.7446721286268434 -0.36791211242710137 -0.4375
-0.3723360643134217 -0.3723360643134217 -0.4375
0.0 -0.3737990800252019 -0.4375
0.3723360643134217 -0.3723360643134217 -0.4375
0.7446721286268434 -0.36791211242710137 -0.4375
1.117008192940265 -0.36041820885490516 -0.4375
1.4893442572536868 -0.3496570222364001 -0.4375
1.8616803215671085 -0.33531413069794286 -0.4375
2.23401638588053 -0.31690358851494604 -0.4375
2.6063524501939517 -0.2936613486705831 -0.4375
2.9786885145073736 -0.26431586428711323 -0.4375
-2.990392640201615 0.0 -0.4375
-2.616593560176413 0.0 -0.4375
-2.242794480151211 0.0 -0.4375
-1.8689954001260096 0.0 -0.4375
-1.4951963201008076 0.0 -0.4375
-1.1213972400756056 0.0 -0.4375
-0.7475981600504038 0.0 -0.4375
-0.3737990800252019 0.0 -0.4375
0.0 0.0 -0.4375
0.3737990800252019 0.0 -0.4375
0.7475981600504038 0.0 -0.4375
1.1213972400756056 0.0 -0.4375
1.4951963201008076 0.0 -0.4375
1.8689954001260096 0.0 -0.4375
2.242794480151211 0.0 -0.4375
2.616593560176413 0.0 -0.4375
2.990392640201615 0.0 -0.4375
-2.9786885145073736 0.26431586428711323 -0.4375
-2.6063524501939517 0.2936613486705831 -0.4375
-2.23401638588053 0.31690358851494604 -0.4375
-1.8616803215671085 0.33531413069794286 -0.4375
-1.4893442572536868 0.3496570222364001 -0.4375
-1.117008192940265 0.36041820885490516 -0.4375
-0.7446721286268434 0.36791211242710137 -0.4375
-0.3723360643134217 0.3723360643134217 -0.4375
0.0 0.3737990800252019 -0.4375
0.3723360643134217 0.3723360643134217 -0.4375
0.7446721286268434 0.36791211242710137 -0.4375
1.117008192940265 0.36041820885490516 -0.4375
1.4893442572536868 0.3496570222364001 -0.4375
1.8616803215671085 0.33531413069794286 -0.4375
2.23401638588053 0.31690358851494604 -0.4375
2.6063524501939517 0.2936613486705831 -0.4375
2.9786885145073736 0.26431586428711323 -0.4375
-2.943296899416811 0.5286317285742265 -0.4375
-2.5753847869897095 0.5873226973411662 -0.4375
-2.2074726745626085 0.6338071770298921 -0.4375
-1.8395605621355067 0.6706282613958857 -0.4375
-1.4716484497084055 0.6993140444728002 -0.4375
-1.1037363372813043 0.7208364177098103 -0.4375
-0.7358242248542027 0.7358242248542027 -0.4375
-0.36791211242710137 0.7446721286268434 -0.4375
0.0 0.7475981600504038 -0.4375
0.36791211242710137 0.7446721286268434 -0.4375
0.7358242248542027 0.7358242248542027 -0.4375
1.1037363372813043 0.7208364177098103 -0.4375
1.4716484497084055 0.6993140444728002 -0.4375
1.8395605621355067 0.6706282613958857 -0.4375
2.2074726745626085 0.6338071770298921 -0.4375
2.5753847869897095 0.5873226973411662 -0.4375
2.943296899416811 0.5286317285742265 -0.4375
-2.8833456708392413 0.7929475928613398 -0.4375
-2.522927461984336 0.8809840460117493 -0.4375
-2.1625092531294308 0.9507107655448381 -0.4375
-1.802091044274526 1.0059423920938286 -0.4375
-1.4416728354196207 1.0489710667092003 -0.4375
-1.0812546265647154 1.0812546265647154 -0.4375
-0.7208364177098103 1.1037363372813043 -0.4375
-0.36041820885490516 1.117008192940265 -0.4375
0.0 1.1213972400756056 -0.4375
0.36041820885490516 1.117008192940265 -0.4375
0.7208364177098103 1.1037363372813043 -0.4375
1.0812546265647154 1.0812546265647154 -0.4375
1.4416728354196207 1.0489710667092003 -0.4375
1.802091044274526 1.0059423920938286 -0.4375
2.1625092531294308 0.9507107655448381 -0.4375
2.522927461984336 0.8809840460117493 -0.4375
2.8833456708392413 0.7929475928613398 -0.4375
-2.797256177891201 1.057263457148453 -0.4375
-2.4475991556548005 1.1746453946823323 -0.4375
-2.0979421334184005 1.2676143540597842 -0.4375
-1.7482851111820006 1.3412565227917714 -0.4375
-1.3986280889456004 1.3986280889456004 -0.4375
-1.0489710667092003 1.4416728354196207 -0.4375
-0.6993140444728002 1.4716484497084055 -0.4375
-0.3496570222364001 1.4893442572536868 -0.4375
0.0 1.4951963201008076 -0.4375
0.3496570222364001 1.4893442572536868 -0.4375
0.6993140444728002 1.4716484497084055 -0.4375
1.0489710667092003 1.4416728354196207 -0.4375
1.3986280889456004 1.3986280889456004 -0.4375
1.7482851111820006 1.3412565227917714 -0.4375
2.0979421334184005 1.2676143540597842 -0.4375
2.4475991556548005 1.1746453946823323 -0.4375
2.797256177891201 1.057263457148453 -0.4375
-2.682513045583543 1.321579321435566 -0.4375
-2.3471989148856 1.4683067433529153 -0.4375
-2.0118847841876573 1.5845179425747302 -0.4375
-1.6765706534897142 1.6765706534897142 -0.4375
-1.3412565227917714 1.7482851111820006 -0.4375
-1.0059423920938286 1.802091044274526 -0.4375
-0.6706282613958857 1.8395605621355067 -0.4375
-0.33531413069794286 1.8616803215671085 -0.4375
0.0 1.8689954001260096 -0.4375
0.33531413069794286 1.8616803215671085 -0.4375
0.6706282613958857 1.8395605621355067 -0.4375
1.0059423920938286 1.802091044274526 -0.4375
1.3412565227917714 1.7482851111820006 -0.4375
1.6765706534897142 1.6765706534897142 -0.4375
2.0118847841876573 1.5845179425747302 -0.4375
2.3471989148856 1.4683067433529153 -0.4375
2.682513045583543 1.321579321435566 -0.4375
-2.5352287081195684 1.5858951857226795 -0.4375
-2.2183251196046223 1.7619680920234986 -0.4375
-1.9014215310896763 1.9014215310896763 -0.4375
-1.5845179425747302 2.0118847841876573 -0.4375
-1.2676143540597842 2.0979421334184005 -0.4375
-0.9507107655448381 2.1625092531294308 -0.4375
-0.6338071770298921 2.2074726745626085 -0.4375
-0.31690358851494604 2.23401638588053 -0.4375
0.0 2.242794480151211 -0.4375
0.31690358851494604 2.23401638588053 -0.4375
0.6338071770298921 2.2074726745626085 -0.4375
0.9507107655448381 2.1625092531294308 -0.4375
1.2676143540597842 2.0979421334184005 -0.4375
1.5845179425747302 2.0118847841876573 -0.4375
1.9014215310896763 1.9014215310896763 -0.4375
2.2183251196046223 1.7619680920234986 -0.4375
2.5352287081195684 1.5858951857226795 -0.4375
-2.3492907893646646 1.8502110500097924 -0.4375
-2.0556294406940814 2.0556294406940814 -0.4375
-1.7619680920234986 2.2183251196046223 -0.4375
-1.4683067433529153 2.3471989148856 -0.4375
-1.1746453946823323 2.4475991556548005 -0.4375
-0.8809840460117493 2.522927461984336 -0.4375
-0.5873226973411662 2.5753847869897095 -0.4375
-0.2936613486705831 2.6063524501939517 -0.4375
0.0 2.616593560176413 -0.4375
0.2936613486705831 2.6063524501939517 -0.4375
0.5873226973411662 2.5753847869897095 -0.4375
0.8809840460117493 2.522927461984336 -0.4375
1.1746453946823323 2.4475991556548005 -0.4375
1.4683067433529153 2.3471989148856 -0.4375
1.7619680920234986 2.2183251196046223 -0.4375
2.0556294406940814 2.0556294406940814 -0.4375
2.3492907893646646 1.8502110500097924 -0.4375
-2.114526914296906 2.114526914296906 -0.4375
-1.8502110500097924 2.3492907893646646 -0.4375
-1.5858951857226795 2.5352287081195684 -0.4375
-1.321579321435566 2.682513045583543 -0.4375
-1.057263457148453 2.797256177891201 -0.4375
-0.7929475928613398 2.8833456708392413 -0.4375
-0.5286317285742265 2.943296899416811 -0.4375
-0.26431586428711323 2.9786885145073736 -0.4375
0.0 2.990392640201615 -0.4375
0.26431586428711323 2.9786885145073736 -0.4375
0.5286317285742265 2.943296899416811 -0.4375
0.7929475928613398 2.8833456708392413 -0.4375
1.057263457148453 2.797256177891201 -0.4375
1.321579321435566 2.682513045583543 -0.4375
1.5858951857226795 2.5352287081195684 -0.4375
1.8502110500097924 2.3492907893646646 -0.4375
2.114526914296906 2.114526914296906 -0.4375
-2.1196178873479647 -2.1196178873479647 -0.21875
-1.854665651429469 -2.3549469841460553 -0.21875
-1.5897134155109736 -2.541332570380219 -0.21875
-1.3247611795924779 -2.6889715122655433 -0.21875
-1.0598089436739824 -2.8039909022034175 -0.21875
-0.7948567077554868 -2.8902876657639123 -0.21875
-0.5299044718369912 -2.9503832339982643 -0.21875
-0.2649522359184956 -2.9858600585782127 -0.21875
0.0 -2.9975923633360986 -0.21875
0.2649522359184956 -2.9858600585782127 -0.21875
0.5299044718369912 -2.9503832339982643 -0.21875
0.7948567077554868 -2.8902876657639123 -0.21875
1.0598089436739824 -2.8039909022034175 -0.21875
1.3247611795924779 -2.6889715122655433 -0.21875
1.5897134155109736 -2.541332570380219 -0.21875
1.854665651429469 -2.3549469841460553 -0.21875
2.1196178873479647 -2.1196178873479647 -0.21875
-2.3549469841460553 -1.854665651429469 -0.21875
-2.060578611127798 -2.060578611127798 -0.21875
-1.7662102381095415 -2.223665999082692 -0.21875
-1.4718418650912846 -2.3528500732323505 -0.21875
-1.1774734920730276 -2.4534920394279904 -0.21875
-0.8831051190547707 -2.529001707543423 -0.21875
-0.5887367460365138 -2.5815853297484814 -0.21875
-0.2943683730182569 -2.612627551255936 -0.21875
0.0 -2.622893317919086 -0.21875
0.2943683730182569 -2.612627551255936 -0.21875
0.5887367460365138 -2.5815853297484814 -0.21875
0.8831051190547707 -2.529001707543423 -0.21875
1.1774734920730276 -2.4534920394279904 -0.21875
1.4718418650912846 -2.3528500732323505 -0.21875
1.7662102381095415 -2.223665999082692 -0.21875
2.060578611127798 -2.060578611127798 -0.21875
2.3549469841460553 -1.854665651429469 -0.21875
-2.541332570380219 -1.5897134155109736 -0.21875
-2.223665999082692 -1.7662102381095415 -0.21875
-1.9059994277851644 -1.9059994277851644 -0.21875
-1.5883328564876371 -2.0167286341991573 -0.21875
-1.2706662851901096 -2.102993176652563 -0.21875
-0.9529997138925822 -2.167715749322934 -0.21875
-0.6353331425950548 -2.2127874254986986 -0.21875
-0.3176665712975274 -2.2393950439336594 -0.21875
0.0 -2.248194272502074 -0.21875
0.3176665712975274 -2.2393950439336594 -0.21875
0.6353331425950548 -2.2127874254986986 -0.21875
0.9529997138925822 -2.167715749322934 -0.21875
1.2706662851901096 -2.102993176652563 -0.21875
1.5883328564876371 -2.0167286341991573 -0.21875
1.9059994277851644 -1.9059994277851644 -0.21875
2.223665999082692 -1.7662102381095415 -0.21875
2.541332570380219 -1.5897134155109736 -0.21875
-2.6889715122655433 -1.3247611795924779 -0.21875
-2.3528500732323505 -1.4718418650912846 -0.21875
-2.0167286341991573 -1.5883328564876371 -0.21875
-1.6806071951659645 -1.6806071951659645 -0.21875
-1.3444857561327717 -1.752494313877136 -0.21875
-1.0083643170995786 -1.8064297911024454 -0.21875
-0.6722428780663858 -1.843989521248915 -0.21875
-0.3361214390331929 -1.866162536611383 -0.21875
0.0 -1.8734952270850616 -0.21875
0.3361214390331929 -1.866162536611383 -0.21875
0.6722428780663858 -1.843989521248915 -0.21875
1.0083643170995786 -1.8064297911024454 -0.21875
1.3444857561327717 -1.752494313877136 -0.21875
1.6806071951659645 -1.6806071951659645 -0.21875
2.0167286341991573 -1.5883328564876371 -0.21875
2.3528500732323505 -1.4718418650912846 -0.21875
2.6889715122655433 -1.3247611795924779 -0.21875
-2.8039909022034175 -1.0598089436739824 -0.21875
-2.4534920394279904 -1.1774734920730276 -0.21875
-2.102993176652563 -1.2706662851901096 -0.21875
-1.752494313877136 -1.3444857561327717 -0.21875
-1.4019954511017088 -1.4019954511017088 -0.21875
-1.0514965883262815 -1.4451438328819561 -0.21875
-0.7009977255508544 -1.4751916169991321 -0.21875
-0.3504988627754272 -1.4929300292891063 -0.21875
0.0 -1.4987961816680493 -0.21875
0.3504988627754272 -1.4929300292891063 -0.21875
0.7009977255508544 -1.4751916169991321 -0.21875
1.0514965883262815 -1.4451438328819561 -0.21875
1.4019954511017088 -1.4019954511017088 -0.21875
1.752494313877136 -1.3444857561327717 -0.21875
2.102993176652563 -1.2706662851901096 -0.21875
2.4534920394279904 -1.1774734920730276 -0.21875
2.8039909022034175 -1.0598089436739824 -0.21875
-2.8902876657639123 -0.7948567077554868 -0.21875
-2.529001707543423 -0.8831051190547707 -0.21875
-2.167715749322934 -0.9529997138925822 -0.21875
-1.8064297911024454 -1.0083643170995786 -0.21875
-1.4451438328819561 -1.0514965883262815 -0.21875
-1.083857874661467 -1.083857874661467 -0.21875
-0.7225719164409781 -1.1063937127493493 -0.21875
-0.36128595822048903 -1.1196975219668297 -0.21875
0.0 -1.124097136251037 -0.21875
0.36128595822048903 -1.1196975219668297 -0.21875
0.7225719164409781 -1.1063937127493493 -0.21875
1.083857874661467 -1.083857874661467 -0.21875
1.4451438328819561 -1.0514965883262815 -0.21875
1.8064297911024454 -1.0083643170995786 -0.21875
2.167715749322934 -0.9529997138925822 -0.21875
2.529001707543423 -0.8831051190547707 -0.21875
2.8902876657639123 -0.7948567077554868 -0.21875
-2.9503832339982643 -0.5299044718369912 -0.21875
-2.5815853297484814 -0.5887367460365138 -0.21875
-2.2127874254986986 -0.6353331425950548 -0.21875
-1.843989521248915 -0.6722428780663858 -0.21875
-1.4751916169991321 -0.7009977255508544 -0.21875
-1.1063937127493493 -0.7225719164409781 -0.21875
-0.7375958084995661 -0.7375958084995661 -0.21875
-0.36879790424978304 -0.7464650146445532 -0.21875
0.0 -0.7493980908340246 -0.21875
0.36879790424978304 -0.7464650146445532 -0.21875
0.7375958084995661 -0.7375958084995661 -0.21875
1.1063937127493493 -0.7225719164409781 -0.21875
1.4751916169991321 -0.7009977255508544 -0.21875
1.843989521248915 -0.6722428780663858 -0.21875
2.2127874254986986 -0.6353331425950548 -0.21875
2.5815853297484814 -0.5887367460365138 -0.21875
2.9503832339982643 -0.5299044718369912 -0.21875
-2.9858600585782127 -0.2649522359184956 -0.21875
-2.612627551255936 -0.2943683730182569 -0.21875
-2.2393950439336594 -0.3176665712975274 -0.21875
-1.866162536611383 -0.3361214390331929 -0.21875
-1.4929300292891063 -0.3504988627754272 -0.21875
-1.1196975219668297 -0.36128595822048903 -0.21875
-0.7464650146445532 -0.36879790424978304 -0.21875
-0.3732325073222766 -0.3732325073222766 -0.21875
0.0 -0.3746990454170123 -0.21875
0.3732325073222766 -0.3732325073222766 -0.21875
0.7464650146445532 -0.36879790424978304 -0.21875
1.1196975219668297 -0.36128595822048903 -0.21875
1.4929300292891063 -0.3504988627754272 -0.21875
1.866162536611383 -0.3361214390331929 -0.21875
2.2393950439336594 -0.3176665712975274 -0.21875
2.612627551255936 -0.2943683730182569 -0.21875
2.9858600585782127 -0.2649522359184956 -0.21875
-2.9975923633360986 0.0 -0.21875
-2.622893317919086 0.0 -0.21875
-2.248194272502074 0.0 -0.21875
-1.8734952270850616 0.0 -0.21875
-1.4987961816680493 0.0 -0.21875
-1.124097136251037 0.0 -0.21875
-0.7493980908340246 0.0 -0.21875
-0.3746990454170123 0.0 -0.21875
0.0 0.0 -0.21875
0.3746990454170123 0.0 -0.21875
0.7493980908340246 0.0 -0.21875
1.124097136251037 0.0 -0.21875
1.4987961816680493 0.0 -0.21875
1.8734952270850616 0.0 -0.21875
2.248194272502074 0.0 -0.21875
2.622893317919086 0.0 -0.21875
2.9975923633360986 0.0 -0.21875
-2.9858600585782127 0.2649522359184956 -0.21875
-2.612627551255936 0.2943683730182569 -0.21875
-2.2393950439336594 0.3176665712975274 -0.21875
-1.866162536611383 0.3361214390331929 -0.21875
-1.4929300292891063 0.3504988627754272 -0.21875
-1.1196975219668297 0.36128595822048903 -0.21875
-0.7464650146445532 0.36879790424978304 -0.21875
-0.3732325073222766 0.3732325073222766 -0.21875
0.0 0.3746990454170123 -0.21875
0.3732325073222766 0.3732325073222766 -0.21875
0.7464650146445532 0.36879790424978304 -0.21875
1.1196975219668297 0.36128595822048903 -0.21875
1.4929300292891063 0.3504988627754272 -0.21875
1.866162536611383 0.3361214390331929 -0.21875
2.2393950439336594 0.3176665712975274 -0.21875
2.612627551255936 0.2943683730182569 -0.21875
2.9858600585782127 0.2649522359184956 -0.21875
-2.9503832339982643 0.5299044718369912 -0.21875
-2.5815853297484814 0.5887367460365138 -0.21875
-2.2127874254986986 0.6353331425950548 -0.21875
-1.843989521248915 0.6722428780663858 -0.21875
-1.4751916169991321 0.7009977255508544 -0.21875
-1.1063937127493493 0.7225719164409781 -0.21875
-0.7375958084995661 0.7375958084995661 -0.21875
-0.36879790424978304 0.7464650146445532 -0.21875
0.0 0.7493980908340246 -0.21875
0.36879790424978304 0.7464650146445532 -0.21875
0.7375958084995661 0.7375958084995661 -0.21875
1.1063937127493493 0.7225719164409781 -0.21875
1.4751916169991321 0.7009977255508544 -0.21875
1.843989521248915 0.6722428780663858 -0.21875
2.2127874254986986 0.6353331425950548 -0.21875
2.5815853297484814 0.5887367460365138 -0.21875
2.9503832339982643 0.5299044718369912 -0.21875
-2.8902876657639123 0.7948567077554868 -0.21875
-2.529001707543423 0.8831051190547707 -0.21875
-2.167715749322934 0.9529997138925822 -0.21875
-1.8064297911024454 1.0083643170995786 -0.21875
-1.4451438328819561 1.0514965883262815 -0.21875
-1.083857874661467 1.083857874661467 -0.21875
-0.7225719164409781 1.1063937127493493 -0.21875
-0.36128595822048903 1.1196975219668297 -0.21875
0.0 1.124097136251037 -0.21875
0.36128595822048903 1.1196975219668297 -0.21875
0.7225719164409781 1.1063937127493493 -0.21875
1.083857874661467 1.083857874661467 -0.21875
1.4451438328819561 1.0514965883262815 -0.21875
1.8064297911024454 1.0083643170995786 -0.21875
2.167715749322934 0.9529997138925822 -0.21875
2.529001707543423 0.8831051190547707 -0.21875
2.8902876657639123 0.7948567077554868 -0.21875
-2.8039909022034175 1.0598089436739824 -0.21875
-2.4534920394279904 1.1774734920730276 -0.21875
-2.102993176652563 1.2706662851901096 -0.21875
-1.752494313877136 1.3444857561327717 -0.21875
-1.4019954511017088 1.4019954511017088 -0.21875
-1.0514965883262815 1.4451438328819561 -0.21875
-0.7009977255508544 1.4751916169991321 -0.21875
-0.3504988627754272 1.4929300292891063 -0.21875
0.0 1.4987961816680493 -0.21875
0.3504988627754272 1.4929300292891063 -0.21875
0.7009977255508544 1.4751916169991321 -0.21875
1.0514965883262815 1.4451438328819561 -0.21875
1.4019954511017088 1.4019954511017088 -0.21875
1.752494313877136 1.3444857561327717 -0.21875
2.102993176652563 1.2706662851901096 -0.21875
2.4534920394279904 1.1774734920730276 -0.21875
2.8039909022034175 1.0598089436739824 -0.21875
-2.6889715122655433 1.3247611795924779 -0.21875
-2.3528500732323505 1.4718418650912846 -0.21875
-2.0167286341991573 1.5883328564876371 -0.21875
-1.6806071951659645 1.6806071951659645 -0.21875
-1.3444857561327717 1.752494313877136 -0.21875
-1.0083643170995786 1.8064297911024454 -0.21875
-0.6722428780663858 1.843989521248915 -0.21875
-0.3361214390331929 1.866162536611383 -0.21875
0.0 1.8734952270850616 -0.21875
0.3361214390331929 1.866162536611383 -0.21875
0.6722428780663858 1.843989521248915 -0.21875
1.0083643170995786 1.8064297911024454 -0.21875
1.3444857561327717 1.752494313877136 -0.21875
1.6806071951659645 1.6806071951659645 -0.21875
2.0167286341991573 1.5883328564876371 -0.21875
2.3528500732323505 1.4718418650912846 -0.21875
2.6889715122655433 1.3247611795924779 -0.21875
-2.541332570380219 1.5897134155109736 -0.21875
-2.223665999082692 1.7662102381095415 -0.21875
-1.9059994277851644 1.9059994277851644 -0.21875
-1.5883328564876371 2.0167286341991573 -0.21875
-1.2706662851901096 2.102993176652563 -0.21875
-0.9529997138925822 2.167715749322934 -0.21875
-0.6353331425950548 2.2127874254986986 -0.21875
-0.3176665712975274 2.2393950439336594 -0.21875
0.0 2.248194272502074 -0.21875
0.3176665712975274 2.2393950439336594 -0.21875
0.6353331425950548 2.2127874254986986 -0.21875
0.9529997138925822 2.167715749322934 -0.21875
1.2706662851901096 2.102993176652563 -0.21875
1.5883328564876371 2.0167286341991573 -0.21875
1.9059994277851644 1.9059994277851644 -0.21875
2.223665999082692 1.7662102381095415 -0.21875
2.541332570380219 1.5897134155109736 -0.21875
-2.3549469841460553 1.854665651429469 -0.21875
-2.060578611127798 2.060578611127798 -0.21875
-1.7662102381095415 2.223665999082692 -0.21875
-1.4718418650912846 2.3528500732323505 -0.21875
-1.1774734920730276 2.4534920394279904 -0.21875
-0.8831051190547707 2.529001707543423 -0.21875
-0.5887367460365138 2.5815853297484814 -0.21875
-0.2943683730182569 2.612627551255936 -0.21875
0.0 2.622893317919086 -0.21875
0.2943683730182569 2.612627551255936 -0.21875
0.5887367460365138 2.5815853297484814 -0.21875
0.8831051190547707 2.529001707543423 -0.21875
1.1774734920730276 2.4534920394279904 -0.21875
1.4718418650912846 2.3528500732323505 -0.21875
1.7662102381095415 2.223665999082692 -0.21875
2.060578611127798 2.060578611127798 -0.21875
2.3549469841460553 1.854665651429469 -0.21875
-2.1196178873479647 2.1196178873479647 -0.21875
-1.854665651429469 2.3549469841460553 -0.21875
-1.5897134155109736 2.541332570380219 -0.21875
-1.3247611795924779 2.6889715122655433 -0.21875
-1.0598089436739824 2.8039909022034175 -0.21875
-0.7948567077554868 2.8902876657639123 -0.21875
-0.5299044718369912 2.9503832339982643 -0.21875
-0.2649522359184956 2.9858600585782127 -0.21875
0.0 2.9975923633360986 -0.21875
0.2649522359184956 2.9858600585782127 -0.21875
0.5299044718369912 2.9503832339982643 -0.21875
0.7948567077554868 2.8902876657639123 -0.21875
1.0598089436739824 2.8039909022034175 -0.21875
1.3247611795924779 2.6889715122655433 -0.21875
1.5897134155109736 2.541332570380219 -0.21875
1.854665651429469 2.3549469841460553 -0.21875
2.1196178873479647 2.1196178873479647 -0.21875
-2.121320343559643 -2.121320343559643 0.0
-1.8561553006146871 -2.3568384543706005 0.0
-1.5909902576697321 -2.5433737436719754 0.0
-1.3258252147247767 -2.691131267701373 0.0
-1.0606601717798214 -2.806243040080456 0.0
-0.7954951288348661 -2.8926091163515335 0.0
-0.5303300858899107 -2.9527529527544294 0.0
-0.26516504294495535 -2.98825827197048 0.0
0.0 -3.0 0.0
0.26516504294495535 -2.98825827197048 0.0
0.5303300858899107 -2.9527529527544294 0.0
0.7954951288348661 -2.8926091163515335 0.0
1.0606601717798214 -2.806243040080456 0.0
1.3258252147247767 -2.691131267701373 0.0
1.5909902576697321 -2.5433737436719754 0.0
1.8561553006146871 -2.3568384543706005 0.0
2.121320343559643 -2.121320343559643 0.0
-2.3568384543706005 -1.8561553006146871 0.0
-2.062233647574275 -2.062233647574275 0.0
-1.7676288407779503 -2.2254520257129786 0.0
-1.4730240339816252 -2.3547398592387014 0.0
-1.1784192271853002 -2.455462660070399 0.0
-0.8838144203889752 -2.531032976807592 0.0
-0.5892096135926501 -2.5836588336601256 0.0
-0.29460480679632506 -2.61472598797417 0.0
0.0 -2.625 0.0
0.29460480679632506 -2.61472598797417 0.0
0.5892096135926501 -2.5836588336601256 0.0
0.8838144203889752 -2.531032976807592 0.0
1.1784192271853002 -2.455462660070399 0.0
1.4730240339816252 -2.3547398592387014 0.0
1.7676288407779503 -2.2254520257129786 0.0
2.062233647574275 -2.062233647574275 0.0
2.3568384543706005 -1.8561553006146871 0.0
-2.5433737436719754 -1.5909902576697321 0.0
-2.2254520257129786 -1.7676288407779503 0.0
-1.9075303077539816 -1.9075303077539816 0.0
-1.5896085897949848 -2.01834845077603 0.0
-1.2716868718359877 -2.104682280060342 0.0
-0.9537651538769908 -2.1694568372636502 0.0
-0.6358434359179939 -2.214564714565822 0.0
-0.31792171795899693 -2.24119370397786 0.0
0.0 -2.25 0.0
0.31792171795899693 -2.24119370397786 0.0
0.6358434359179939 -2.214564714565822 0.0
0.9537651538769908 -2.1694568372636502 0.0
1.2716868718359877 -2.104682280060342 0.0
1.5896085897949848 -2.01834845077603 0.0
1.9075303077539816 -1.9075303077539816 0.0
2.2254520257129786 -1.7676288407779503 0.0
2.5433737436719754 -1.5909902576697321 0.0
-2.691131267701373 -1.3258252147247767 0.0
-2.3547398592387014 -1.4730240339816252 0.0
-2.01834845077603 -1.5896085897949848 0.0
-1.681957042313358 -1.681957042313358 0.0
-1.3455656338506865 -1.7539019000502851 0.0
-1.009174225388015 -1.8078806977197086 0.0
-0.6727828169253433 -1.845470595471518 0.0
-0.3363914084626716 -1.8676614199815502 0.0
0.0 -1.875 0.0
0.3363914084626716 -1.8676614199815502 0.0
0.6727828169253433 -1.845470595471518 0.0
1.009174225388015 -1.8078806977197086 0.0
1.3455656338506865 -1.7539019000502851 0.0
1.681957042313358 -1.681957042313358 0.0
2.01834845077603 -1.5896085897949848 0.0
2.3547398592387014 -1.4730240339816252 0.0
2.691131267701373 -1.3258252147247767 0.0
-2.806243040080456 -1.0606601717798214 0.0
-2.455462660070399 -1.1784192271853002 0.0
-2.104682280060342 -1.2716868718359877 0.0
-1.7539019000502851 -1.3455656338506865 0.0
-1.403121520040228 -1.403121520040228 0.0
-1.052341140030171 -1.4463045581757668 0.0
-0.701560760020114 -1.4763764763772147 0.0
-0.350780380010057 -1.49412913598524 0.0
0.0 -1.5 0.0
0.350780380010057 -1.49412913598524 0.0
0.701560760020114 -1.4763764763772147 0.0
1.052341140030171 -1.4463045581757668 0.0
1.403121520040228 -1.403121520040228 0.0
1.7539019000502851 -1.3455656338506865 0.0
2.104682280060342 -1.2716868718359877 0.0
2.455462660070399 -1.1784192271853002 0.0
2.806243040080456 -1.0606601717798214 0.0
-2.8926091163515335 -0.7954951288348661 0.0
-2.531032976807592 -0.8838144203889752 0.0
-2.1694568372636502 -0.9537651538769908 0.0
-1.8078806977197086 -1.009174225388015 0.0
-1.4463045581757668 -1.052341140030171 0.0
-1.0847284186318251 -1.0847284186318251 0.0
-0.7231522790878834 -1.107282357282911 0.0
-0.3615761395439417 -1.12059685198893 0.0
0.0 -1.125 0.0
0.3615761395439417 -1.12059685198893 0.0
0.7231522790878834 -1.107282357282911 0.0
1.0847284186318251 -1.0847284186318251 0.0
1.4463045581757668 -1.052341140030171 0.0
1.8078806977197086 -1.009174225388015 0.0
2.1694568372636502 -0.9537651538769908 0.0
2.531032976807592 -0.8838144203889752 0.0
2.8926091163515335 -0.7954951288348661 0.0
-2.9527529527544294 -0.5303300858899107 0.0
-2.5836588336601256 -0.5892096135926501 0.0
-2.214564714565822 -0.6358434359179939 0.0
-1.845470595471518 -0.6727828169253433 0.0
-1.4763764763772147 -0.701560760020114 0.0
-1.107282357282911 -0.7231522790878834 0.0
-0.7381882381886073 -0.7381882381886073 0.0
-0.3690941190943037 -0.74706456799262 0.0
0.0 -0.75 0.0
0.3690941190943037 -0.74706456799262 0.0
0.7381882381886073 -0.7381882381886073 0.0
1.107282357282911 -0.7231522790878834 0.0
1.4763764763772147 -0.701560760020114 0.0
1.845470595471518 -0.6727828169253433 0.0
2.214564714565822 -0.6358434359179939 0.0
2.5836588336601256 -0.5892096135926501 0.0
2.9527529527544294 -0.5303300858899107 0.0
-2.98825827197048 -0.26516504294495535 0.0
-2.61472598797417 -0.29460480679632506 0.0
-2.24119370397786 -0.31792171795899693 0.0
-1.8676614199815502 -0.3363914084626716 0.0
-1.49412913598524 -0.350780380010057 0.0
-1.12059685198893 -0.3615761395439417 0.0
-0.74706456799262 -0.3690941190943037 0.0
-0.37353228399631 -0.37353228399631 0.0
0.0 -0.375 0.0
0.37353228399631 -0.37353228399631 0.0
0.74706456799262 -0.3690941190943037 0.0
1.12059685198893 -0.3615761395439417 0.0
1.49412913598524 -0.350780380010057 0.0
1.8676614199815502 -0.3363914084626716 0.0
2.24119370397786 -0.31792171795899693 0.0
2.61472598797417 -0.29460480679632506 0.0
2.98825827197048 -0.26516504294495535 0.0
-3.0 0.0 0.0
-2.625 0.0 0.0
-2.25 0.0 0.0
-1.875 0.0 0.0
-1.5 0.0 0.0
-1.125 0.0 0.0
-0.75 0.0 0.0
-0.375 0.0 0.0
0.0 0.0 0.0
0.375 0.0 0.0
0.75 0.0 0.0
1.125 0.0 0.0
1.5 0.0 0.0
1.875 0.0 0.0
2.25 0.0 0.0
2.625 0.0 0.0
3.0 0.0 0.0
-2.98825827197048 0.26516504294495535 0.0
-2.61472598797417 0.29460480679632506 0.0
-2.24119370397786 0.31792171795899693 0.0
-1.8676614199815502 0.3363914084626716 0.0
-1.49412913598524 0.350780380010057 0.0
-1.12059685198893 0.3615761395439417 0.0
-0.74706456799262 0.3690941190943037 0.0
-0.37353228399631 0.37353228399631 0.0
0.0 0.375 0.0
0.37353228399631 0.37353228399631 0.0
0.74706456799262 0.3690941190943037 0.0
1.12059685198893 0.3615761395439417 0.0
1.49412913598524 0.350780380010057 0.0
1.8676614199815502 0.3363914084626716 0.0
2.24119370397786 0.31792171795899693 0.0
2.61472598797417 0.29460480679632506 0.0
2.98825827197048 0.26516504294495535 0.0
-2.9527529527544294 0.5303300858899107 0.0
-2.5836588336601256 0.5892096135926501 0.0
-2.214564714565822 0.6358434359179939 0.0
-1.845470595471518 0.6727828169253433 0.0
-1.4763764763772147 0.701560760020114 0.0
-1.107282357282911 0.7231522790878834 0.0
-0.7381882381886073 0.7381882381886073 0.0
-0.3690941190943037 0.74706456799262 0.0
0.0 0.75 0.0
0.3690941190943037 0.74706456799262 0.0
0.7381882381886073 0.7381882381886073 0.0
1.107282357282911 0.7231522790878834 0.0
1.4763764763772147 0.701560760020114 0.0
1.845470595471518 0.6727828169253433 0.0
2.214564714565822 0.6358434359179939 0.0
2.5836588336601256 0.5892096135926501 0.0
2.9527529527544294 0.5303300858899107 0.0
-2.8926091163515335 0.7954951288348661 0.0
-2.531032976807592 0.8838144203889752 0.0
-2.1694568372636502 0.9537651538769908 0.0
-1.8078806977197086 1.009174225388015 0.0
-1.4463045581757668 1.052341140030171 0.0
-1.0847284186318251 1.0847284186318251 0.0
-0.7231522790878834 1.107282357282911 0.0
-0.3615761395439417 1.12059685198893 0.0
0.0 1.125 0.0
0.3615761395439417 1.12059685198893 0.0
0.7231522790878834 1.107282357282911 0.0
1.0847284186318251 1.0847284186318251 0.0
1.4463045581757668 1.052341140030171 0.0
1.8078806977197086 1.009174225388015 0.0
2.1694568372636502 0.9537651538769908 0.0
2.531032976807592 0.8838144203889752 0.0
2.8926091163515335 0.7954951288348661 0.0
-2.806243040080456 1.0606601717798214 0.0
-2.455462660070399 1.1784192271853002 0.0
-2.104682280060342 1.2716868718359877 0.0
-1.7539019000502851 1.3455656338506865 0.0
-1.403121520040228 1.403121520040228 0.0
-1.052341140030171 1.4463045581757668 0.0
-0.701560760020114 1.4763764763772147 0.0
-0.350780380010057 1.49412913598524 0.0
0.0 1.5 0.0
0.350780380010057 1.49412913598524 0.0
0.701560760020114 1.4763764763772147 0.0
1.052341140030171 1.4463045581757668 0.0
1.403121520040228 1.403121520040228 0.0
1.7539019000502851 1.3455656338506865 0.0
2.104682280060342 1.2716868718359877 0.0
2.455462660070399 1.1784192271853002 0.0
2.806243040080456 1.0606601717798214 0.0
-2.691131267701373 1.3258252147247767 0.0
-2.3547398592387014 1.4730240339816252 0.0
-2.01834845077603 1.5896085897949848 0.0
-1.681957042313358 1.681957042313358 0.0
-1.3455656338506865 1.7539019000502851 0.0
-1.009174225388015 1.8078806977197086 0.0
-0.6727828169253433 1.845470595471518 0.0
-0.3363914084626716 1.8676614199815502 0.0
0.0 1.875 0.0
0.3363914084626716 1.8676614199815502 0.0
0.6727828169253433 1.845470595471518 0.0
1.009174225388015 1.8078806977197086 0.0
1.3455656338506865 1.7539019000502851 0.0
1.681957042313358 1.681957042313358 0.0
2.01834845077603 1.5896085897949848 0.0
2.3547398592387014 1.4730240339816252 0.0
2.691131267701373 1.3258252147247767 0.0
-2.5433737436719754 1.5909902576697321 0.0
-2.2254520257129786 1.7676288407779503 0.0
-1.9075303077539816 1.9075303077539816 0.0
-1.5896085897949848 2.01834845077603 0.0
-1.2716868718359877 2.104682280060342 0.0
-0.9537651538769908 2.1694568372636502 0.0
-0.6358434359179939 2.214564714565822 0.0
-0.31792171795899693 2.24119370397786 0.0
0.0 2.25 0.0
0.31792171795899693 2.24119370397786 0.0
0.6358434359179939 2.214564714565822 0.0
0.9537651538769908 2.1694568372636502 0.0
1.2716868718359877 2.104682280060342 0.0
1.5896085897949848 2.01834845077603 0.0
1.9075303077539816 1.9075303077539816 0.0
2.2254520257129786 1.7676288407779503 0.0
2.5433737436719754 1.5909902576697321 0.0
-2.3568384543706005 1.8561553006146871 0.0
-2.062233647574275 2.062233647574275 0.0
-1.7676288407779503 2.2254520257129786 0.0
-1.4730240339816252 2.3547398592387014 0.0
-1.1784192271853002 2.455462660070399 0.0
-0.8838144203889752 2.531032976807592 0.0
-0.5892096135926501 2.5836588336601256 0.0
-0.29460480679632506 2.61472598797417 0.0
0.0 2.625 0.0
0.29460480679632506 2.61472598797417 0.0
0.5892096135926501 2.5836588336601256 0.0
0.8838144203889752 2.531032976807592 0.0
1.1784192271853002 2.455462660070399 0.0
1.4730240339816252 2.3547398592387014 0.0
1.7676288407779503 2.2254520257129786 0.0
2.062233647574275 2.062233647574275 0.0
2.3568384543706005 1.8561553006146871 0.0
-2.121320343559643 2.121320343559643 0.0
-1.8561553006146871 2.3568384543706005 0.0
-1.5909902576697321 2.5433737436719754 0.0
-1.3258252147247767 2.691131267701373 0.0
-1.0606601717798214 2.806243040080456 0.0
-0.7954951288348661 2.8926091163515335 0.0
-0.5303300858899107 2.9527529527544294 0.0
-0.26516504294495535 2.98825827197048 0.0
0.0 3.0 0.0
0.26516504294495535 2.98825827197048 0.0
0.5303300858899107 2.9527529527544294 0.0
0.7954951288348661 2.8926091163515335 0.0
1.0606601717798214 2.806243040080456 0.0
1.3258252147247767 2.691131267701373 0.0
1.5909902576697321 2.5433737436719754 0.0
1.8561553006146871 2.3568384543706005 0.0
2.121320343559643 2.121320343559643 0.0
-2.1196178873479647 -2.1196178873479647 0.21875
-1.854665651429469 -2.3549469841460553 0.21875
-1.5897134155109736 -2.541332570380219 0.21875
-1.3247611795924779 -2.6889715122655433 0.21875
-1.0598089436739824 -2.8039909022034175 0.21875
-0.7948567077554868 -2.8902876657639123 0.21875
-0.5299044718369912 -2.9503832339982643 0.21875
-0.2649522359184956 -2.9858600585782127 0.21875
0.0 -2.9975923633360986 0.21875
0.2649522359184956 -2.9858600585782127 0.21875
0.5299044718369912 -2.9503832339982643 0.21875
0.7948567077554868 -2.8902876657639123 0.21875
1.0598089436739824 -2.8039909022034175 0.21875
1.3247611795924779 -2.6889715122655433 0.21875
1.5897134155109736 -2.541332570380219 0.21875
1.854665651429469 -2.3549469841460553 0.21875
2.1196178873479647 -2.1196178873479647 0.21875
-2.3549469841460553 -1.854665651429469 0.21875
-2.060578611127798 -2.060578611127798 0.21875
-1.7662102381095415 -2.223665999082692 0.21875
-1.4718418650912846 -2.3528500732323505 0.21875
-1.1774734920730276 -2.4534920394279904 0.21875
-0.8831051190547707 -2.529001707543423 0.21875
-0.5887367460365138 -2.5815853297484814 0.21875
-0.2943683730182569 -2.612627551255936 0.21875
0.0 -2.622893317919086 0.21875
0.2943683730182569 -2.612627551255936 0.21875
0.5887367460365138 -2.5815853297484814 0.21875
0.8831051190547707 -2.529001707543423 0.21875
1.1774734920730276 -2.4534920394279904 0.21875
1.4718418650912846 -2.3528500732323505 0.21875
1.7662102381095415 -2.223665999082692 0.21875
2.060578611127798 -2.060578611127798 0.21875
2.3549469841460553 -1.854665651429469 0.21875
-2.541332570380219 -1.5897134155109736 0.21875
-2.223665999082692 -1.7662102381095415 0.21875
-1.9059994277851644 -1.9059994277851644 0.21875
-1.5883328564876371 -2.0167286341991573 0.21875
-1.2706662851901096 -2.102993176652563 0.21875
-0.9529997138925822 -2.167715749322934 0.21875
-0.6353331425950548 -2.2127874254986986 0.21875
-0.3176665712975274 -2.2393950439336594 0.21875
0.0 -2.248194272502074 0.21875
0.3176665712975274 -2.2393950439336594 0.21875
0.6353331425950548 -2.2127874254986986 0.21875
0.9529997138925822 -2.167715749322934 0.21875
1.2706662851901096 -2.102993176652563 0.21875
1.5883328564876371 -2.0167286341991573 0.21875
1.9059994277851644 -1.9059994277851644 0.21875
2.223665999082692 -1.7662102381095415 0.21875
2.541332570380219 -1.5897134155109736 0.21875
-2.6889715122655433 -1.3247611795924779 0.21875
-2.3528500732323505 -1.4718418650912846 0.21875
-2.0167286341991573 -1.5883328564876371 0.21875
-1.6806071951659645 -1.6806071951659645 0.21875
-1.3444857561327717 -1.752494313877136 0.21875
-1.0083643170995786 -1.8064297911024454 0.21875
-0.6722428780663858 -1.843989521248915 0.21875
-0.3361214390331929 -1.866162536611383 0.21875
0.0 -1.8734952270850616 0.21875
0.3361214390331929 -1.866162536611383 0.21875
0.6722428780663858 -1.843989521248915 0.21875
1.0083643170995786 -1.8064297911024454 0.21875
1.3444857561327717 -1.752494313877136 0.21875
1.6806071951659645 -1.6806071951659645 0.21875
2.0167286341991573 -1.5883328564876371 0.21875
2.3528500732323505 -1.4718418650912846 0.21875
2.6889715122655433 -1.3247611795924779 0.21875
-2.8039909022034175 -1.0598089436739824 0.21875
-2.4534920394279904 -1.1774734920730276 0.21875
-2.102993176652563 -1.2706662851901096 0.21875
-1.752494313877136 -1.3444857561327717 0.21875
-1.4019954511017088 -1.4019954511017088 0.21875
-1.0514965883262815 -1.4451438328819561 0.21875
-0.7009977255508544 -1.4751916169991321 0.21875
-0.3504988627754272 -1.4929300292891063 0.21875
0.0 -1.4987961816680493 0.21875
0.3504988627754272 -1.4929300292891063 0.21875
0.7009977255508544 -1.4751916169991321 0.21875
1.0514965883262815 -1.4451438328819561 0.21875
1.4019954511017088 -1.4019954511017088 0.21875
1.752494313877136 -1.3444857561327717 0.21875
2.102993176652563 -1.2706662851901096 0.21875
2.4534920394279904 -1.1774734920730276 0.21875
2.8039909022034175 -1.0598089436739824 0.21875
-2.8902876657639123 -0.7948567077554868 0.21875
-2.529001707543423 -0.8831051190547707 0.21875
-2.167715749322934 -0.9529997138925822 0.21875
-1.8064297911024454 -1.0083643170995786 0.21875
-1.4451438328819561 -1.0514965883262815 0.21875
-1.083857874661467 -1.083857874661467 0.21875
-0.7225719164409781 -1.1063937127493493 0.21875
-0.36128595822048903 -1.1196975219668297 0.21875
0.0 -1.124097136251037 0.21875
0.36128595822048903 -1.1196975219668297 0.21875
0.7225719164409781 -1.1063937127493493 0.21875
1.083857874661467 -1.083857874661467 0.21875
1.4451438328819561 -1.0514965883262815 0.21875
1.8064297911024454 -1.0083643170995786 0.21875
2.167715749322934 -0.9529997138925822 0.21875
2.529001707543423 -0.8831051190547707 0.21875
2.8902876657639123 -0.7948567077554868 0.21875
-2.9503832339982643 -0.5299044718369912 0.21875
-2.5815853297484814 -0.5887367460365138 0.21875
-2.2127874254986986 -0.6353331425950548 0.21875
-1.843989521248915 -0.6722428780663858 0.21875
-1.4751916169991321 -0.7009977255508544 0.21875
-1.1063937127493493 -0.7225719164409781 0.21875
-0.7375958084995661 -0.7375958084995661 0.21875
-0.36879790424978304 -0.7464650146445532 0.21875
0.0 -0.7493980908340246 0.21875
0.36879790424978304 -0.7464650146445532 0.21875
0.7375958084995661 -0.7375958084995661 0.21875
1.1063937127493493 -0.7225719164409781 0.21875
1.4751916169991321 -0.7009977255508544 0.21875
1.843989521248915 -0.6722428780663858 0.21875
2.2127874254986986 -0.6353331425950548 0.21875
2.5815853297484814 -0.5887367460365138 0.21875
2.9503832339982643 -0.5299044718369912 0.21875
-2.9858600585782127 -0.2649522359184956 0.21875
-2.612627551255936 -0.2943683730182569 0.21875
-2.2393950439336594 -0.3176665712975274 0.21875
-1.866162536611383 -0.3361214390331929 0.21875
-1.4929300292891063 -0.3504988627754272 0.21875
-1.1196975219668297 -0.36128595822048903 0.21875
-0.7464650146445532 -0.36879790424978304 0.21875
-0.3732325073222766 -0.3732325073222766 0.21875
0.0 -0.3746990454170123 0.21875
0.3732325073222766 -0.3732325073222766 0.21875
0.7464650146445532 -0.36879790424978304 0.21875
1.1196975219668297 -0.36128595822048903 0.21875
1.4929300292891063 -0.3504988627754272 0.21875
1.866162536611383 -0.3361214390331929 0.21875
2.2393950439336594 -0.3176665712975274 0.21875
2.612627551255936 -0.2943683730182569 0.21875
2.9858600585782127 -0.2649522359184956 0.21875
-2.9975923633360986 0.0 0.21875
-2.622893317919086 0.0 0.21875
-2.248194272502074 0.0 0.21875
-1.8734952270850616 0.0 0.21875
-1.4987961816680493 0.0 0.21875
-1.124097136251037 0.0 0.21875
-0.7493980908340246 0.0 0.21875
-0.3746990454170123 0.0 0.21875
0.0 0.0 0.21875
0.3746990454170123 0.0 0.21875
0.7493980908340246 0.0 0.21875
1.124097136251037 0.0 0.21875
1.4987961816680493 0.0 0.21875
1.8734952270850616 0.0 0.21875
2.248194272502074 0.0 0.21875
2.622893317919086 0.0 0.21875
2.9975923633360986 0.0 0.21875
-2.9858600585782127 0.2649522359184956 0.21875
-2.612627551255936 0.2943683730182569 0.21875
-2.2393950439336594 0.3176665712975274 0.21875
-1.866162536611383 0.3361214390331929 0.21875
-1.4929300292891063 0.3504988627754272 0.21875
-1.1196975219668297 0.36128595822048903 0.21875
-0.7464650146445532 0.36879790424978304 0.21875
-0.3732325073222766 0.3732325073222766 0.21875
0.0 0.3746990454170123 0.21875
0.3732325073222766 0.3732325073222766 0.21875
0.7464650146445532 0.36879790424978304 0.21875
1.1196975219668297 0.36128595822048903 0.21875
1.4929300292891063 0.3504988627754272 0.21875
1.866162536611383 0.3361214390331929 0.21875
2.2393950439336594 0.3176665712975274 0.21875
2.612627551255936 0.2943683730182569 0.21875
2.9858600585782127 0.2649522359184956 0.21875
-2.9503832339982643 0.5299044718369912 0.21875
-2.5815853297484814 0.5887367460365138 0.21875
-2.2127874254986986 0.6353331425950548 0.21875
-1.843989521248915 0.6722428780663858 0.21875
-1.4751916169991321 0.7009977255508544 0.21875
-1.1063937127493493 0.7225719164409781 0.21875
-0.7375958084995661 0.7375958084995661 0.21875
-0.36879790424978304 0.7464650146445532 0.21875
0.0 0.7493980908340246 0.21875
0.36879790424978304 0.7464650146445532 0.21875
0.7375958084995661 0.7375958084995661 0.21875
1.1063937127493493 0.7225719164409781 0.21875
1.4751916169991321 0.7009977255508544 0.21875
1.843989521248915 0.6722428780663858 0.21875
2.2127874254986986 0.6353331425950548 0.21875
2.5815853297484814 0.5887367460365138 0.21875
2.9503832339982643 0.5299044718369912 0.21875
-2.8902876657639123 0.7948567077554868 0.21875
-2.529001707543423 0.8831051190547707 0.21875
-2.167715749322934 0.9529997138925822 0.21875
-1.8064297911024454 1.0083643170995786 0.21875
-1.4451438328819561 1.0514965883262815 0.21875
-1.083857874661467 1.083857874661467 0.21875
-0.7225719164409781 1.1063937127493493 0.21875
-0.36128595822048903 1.1196975219668297 0.21875
0.0 1.124097136251037 0.21875
0.36128595822048903 1.1196975219668297 0.21875
0.7225719164409781 1.1063937127493493 0.21875
1.083857874661467 1.083857874661467 0.21875
1.4451438328819561 1.0514965883262815 0.21875
1.8064297911024454 1.0083643170995786 0.21875
2.167715749322934 0.9529997138925822 0.21875
2.529001707543423 0.8831051190547707 0.21875
2.8902876657639123 0.7948567077554868 0.21875
-2.8039909022034175 1.0598089436739824 0.21875
-2.4534920394279904 1.1774734920730276 0.21875
-2.102993176652563 1.2706662851901096 0.21875
-1.752494313877136 1.3444857561327717 0.21875
-1.4019954511017088 1.4019954511017088 0.21875
-1.0514965883262815 1.4451438328819561 0.21875
-0.7009977255508544 1.4751916169991321 0.21875
-0.3504988627754272 1.4929300292891063 0.21875
0.0 1.4987961816680493 0.21875
0.3504988627754272 1.4929300292891063 0.21875
0.7009977255508544 1.4751916169991321 0.21875
1.0514965883262815 1.4451438328819561 0.21875
1.4019954511017088 1.4019954511017088 0.21875
1.752494313877136 1.3444857561327717 0.21875
2.102993176652563 1.2706662851901096 0.21875
2.4534920394279904 1.1774734920730276 0.21875
2.8039909022034175 1.0598089436739824 0.21875
-2.6889715122655433 1.3247611795924779 0.21875
-2.3528500732323505 1.4718418650912846 0.21875
-2.0167286341991573 1.5883328564876371 0.21875
-1.6806071951659645 1.6806071951659645 0.21875
-1.3444857561327717 1.752494313877136 0.21875
-1.0083643170995786 1.8064297911024454 0.21875
-0.6722428780663858 1.843989521248915 0.21875
-0.3361214390331929 1.866162536611383 0.21875
0.0 1.8734952270850616 0.21875
0.3361214390331929 1.866162536611383 0.21875
0.6722428780663858 1.843989521248915 0.21875
1.0083643170995786 1.8064297911024454 0.21875
1.3444857561327717 1.752494313877136 0.21875
1.6806071951659645 1.6806071951659645 0.21875
2.0167286341991573 1.5883328564876371 0.21875
2.3528500732323505 1.4718418650912846 0.21875
2.6889715122655433 1.3247611795924779 0.21875
-2.541332570380219 1.5897134155109736 0.21875
-2.223665999082692 1.7662102381095415 0.21875
-1.9059994277851644 1.9059994277851644 0.21875
-1.5883328564876371 2.0167286341991573 0.21875
-1.2706662851901096 2.102993176652563 0.21875
-0.9529997138925822 2.167715749322934 0.21875
-0.6353331425950548 2.2127874254986986 0.21875
-0.3176665712975274 2.2393950439336594 0.21875
0.0 2.248194272502074 0.21875
0.3176665712975274 2.2393950439336594 0.21875
0.6353331425950548 2.2127874254986986 0.21875
0.9529997138925822 2.167715749322934 0.21875
1.2706662851901096 2.102993176652563 0.21875
1.5883328564876371 2.0167286341991573 0.21875
1.9059994277851644 1.9059994277851644 0.21875
2.223665999082692 1.7662102381095415 0.21875
2.541332570380219 1.5897134155109736 0.21875
-2.3549469841460553 1.854665651429469 0.21875
-2.060578611127798 2.060578611127798 0.21875
-1.7662102381095415 2.223665999082692 0.21875
-1.4718418650912846 2.3528500732323505 0.21875
-1.1774734920730276 2.4534920394279904 0.21875
-0.8831051190547707 2.529001707543423 0.21875
-0.5887367460365138 2.5815853297484814 0.21875
-0.2943683730182569 2.612627551255936 0.21875
0.0 2.622893317919086 0.21875
0.2943683730182569 2.612627551255936 0.21875
0.5887367460365138 2.5815853297484814 0.21875
0.8831051190547707 2.529001707543423 0.21875
1.1774734920730276 2.4534920394279904 0.21875
1.4718418650912846 2.3528500732323505 0.21875
1.7662102381095415 2.223665999082692 0.21875
2.060578611127798 2.060578611127798 0.21875
2.3549469841460553 1.854665651429469 0.21875
-2.1196178873479647 2.1196178873479647 0.21875
-1.854665651429469 2.3549469841460553 0.21875
-1.5897134155109736 2.541332570380219 0.21875
-1.3247611795924779 2.6889715122655433 0.21875
-1.0598089436739824 2.8039909022034175 0.21875
-0.7948567077554868 2.8902876657639123 0.21875
-0.5299044718369912 2.9503832339982643 0.21875
-0.2649522359184956 2.9858600585782127 0.21875
0.0 2.9975923633360986 0.21875
0.2649522359184956 2.9858600585782127 0.21875
0.5299044718369912 2.9503832339982643 0.21875
0.7948567077554868 2.8902876657639123 0.21875
1.0598089436739824 2.8039909022034175 0.21875
1.3247611795924779 2.6889715122655433 0.21875
1.5897134155109736 2.541332570380219 0.21875
1.854665651429469 2.3549469841460553 0.21875
2.1196178873479647 2.1196178873479647 0.21875
-2.114526914296906 -2.114526914296906 0.4375
-1.8502110500097924 -2.3492907893646646 0.4375
-1.5858951857226795 -2.5352287081195684 0.4375
-1.321579321435566 -2.682513045583543 0.4375
-1.057263457148453 -2.797256177891201 0.4375
-0.7929475928613398 -2.8833456708392413 0.4375
-0.5286317285742265 -2.943296899416811 0.4375
-0.26431586428711323 -2.9786885145073736 0.4375
0.0 -2.990392640201615 0.4375
0.26431586428711323 -2.9786885145073736 0.4375
0.5286317285742265 -2.943296899416811 0.4375
0.7929475928613398 -2.8833456708392413 0.4375
1.057263457148453 -2.797256177891201 0.4375
1.321579321435566 -2.682513045583543 0.4375
1.5858951857226795 -2.5352287081195684 0.4375
1.8502110500097924 -2.3492907893646646 0.4375
2.114526914296906 -2.114526914296906 0.4375
-2.3492907893646646 -1.8502110500097924 0.4375
-2.0556294406940814 -2.0556294406940814 0.4375
-1.7619680920234986 -2.2183251196046223 0.4375
-1.4683067433529153 -2.3471989148856 0.4375
-1.1746453946823323 -2.4475991556548005 0.4375
-0.8809840460117493 -2.522927461984336 0.4375
-0.5873226973411662 -2.5753847869897095 0.4375
-0.2936613486705831 -2.6063524501939517 0.4375
0.0 -2.616593560176413 0.4375
0.2936613486705831 -2.6063524501939517 0.4375
0.5873226973411662 -2.5753847869897095 0.4375
0.8809840460117493 -2.522927461984336 0.4375
1.1746453946823323 -2.4475991556548005 0.4375
1.4683067433529153 -2.3471989148856 0.4375
1.7619680920234986 -2.2183251196046223 0.4375
2.0556294406940814 -2.0556294406940814 0.4375
2.3492907893646646 -1.8502110500097924 0.4375
-2.5352287081195684 -1.5858951857226795 0.4375
-2.2183251196046223 -1.7619680920234986 0.4375
-1.9014215310896763 -1.9014215310896763 0.4375
-1.5845179425747302 -2.0118847841876573 0.4375
-1.2676143540597842 -2.0979421334184005 0.4375
-0.9507107655448381 -2.1625092531294308 0.4375
-0.6338071770298921 -2.2074726745626085 0.4375
-0.31690358851494604 -2.23401638588053 0.4375
0.0 -2.242794480151211 0.4375
0.31690358851494604 -2.23401638588053 0.4375
0.6338071770298921 -2.2074726745626085 0.4375
0.9507107655448381 -2.1625092531294308 0.4375
1.2676143540597842 -2.0979421334184005 0.4375
1.5845179425747302 -2.0118847841876573 0.4375
1.9014215310896763 -1.9014215310896763 0.4375
2.2183251196046223 -1.7619680920234986 0.4375
2.5352287081195684 -1.5858951857226795 0.4375
-2.682513045583543 -1.321579321435566 0.4375
-2.3471989148856 -1.4683067433529153 0.4375
-2.0118847841876573 -1.5845179425747302 0.4375
-1.6765706534897142 -1.6765706534897142 0.4375
-1.3412565227917714 -1.7482851111820006 0.4375
-1.0059423920938286 -1.802091044274526 0.4375
-0.6706282613958857 -1.8395605621355067 0.4375
-0.33531413069794286 -1.8616803215671085 0.4375
0.0 -1.8689954001260096 0.4375
0.33531413069794286 -1.8616803215671085 0.4375
0.6706282613958857 -1.8395605621355067 0.4375
1.0059423920938286 -1.802091044274526 0.4375
1.3412565227917714 -1.7482851111820006 0.4375
1.6765706534897142 -1.6765706534897142 0.4375
2.0118847841876573 -1.5845179425747302 0.4375
2.3471989148856 -1.4683067433529153 0.4375
2.682513045583543 -1.321579321435566 0.4375
-2.797256177891201 -1.057263457148453 0.4375
-2.4475991556548005 -1.1746453946823323 0.4375
-2.0979421334184005 -1.2676143540597842 0.4375
-1.7482851111820006 -1.3412565227917714 0.4375
-1.3986280889456004 -1.3986280889456004 0.4375
-1.0489710667092003 -1.4416728354196207 0.4375
-0.6993140444728002 -1.4716484497084055 0.4375
-0.3496570222364001 -1.4893442572536868 0.4375
0.0 -1.4951963201008076 0.4375
0.3496570222364001 -1.4893442572536868 0.4375
0.6993140444728002 -1.4716484497084055 0.4375
1.0489710667092003 -1.4416728354196207 0.4375
1.3986280889456004 -1.3986280889456004 0.4375
1.7482851111820006 -1.3412565227917714 0.4375
2.0979421334184005 -1.2676143540597842 0.4375
2.4475991556548005 -1.1746453946823323 0.4375
2.797256177891201 -1.057263457148453 0.4375
-2.8833456708392413 -0.7929475928613398 0.4375
-2.522927461984336 -0.8809840460117493 0.4375
-2.1625092531294308 -0.9507107655448381 0.4375
-1.802091044274526 -1.0059423920938286 0.4375
-1.4416728354196207 -1.0489710667092003 0.4375
-1.0812546265647154 -1.0812546265647154 0.4375
-0.7208364177098103 -1.1037363372813043 0.4375
-0.36041820885490516 -1.117008192940265 0.4375
0.0 -1.1213972400756056 0.4375
0.36041820885490516 -1.117008192940265 0.4375
0.7208364177098103 -1.1037363372813043 0.4375
1.0812546265647154 -1.0812546265647154 0.4375
1.4416728354196207 -1.0489710667092003 0.4375
1.802091044274526 -1.0059423920938286 0.4375
2.1625092531294308 -0.9507107655448381 0.4375
2.522927461984336 -0.8809840460117493 0.4375
2.8833456708392413 -0.7929475928613398 0.4375
-2.943296899416811 -0.5286317285742265 0.4375
-2.5753847869897095 -0.5873226973411662 0.4375
-2.2074726745626085 -0.6338071770298921 0.4375
-1.8395605621355067 -0.6706282613958857 0.4375
-1.4716484497084055 -0.6993140444728002 0.4375
-1.1037363372813043 -0.7208364177098103 0.4375
-0.7358242248542027 -0.7358242248542027 0.4375
-0.36791211242710137 -0.7446721286268434 0.4375
0.0 -0.7475981600504038 0.4375
0.36791211242710137 -0.7446721286268434 0.4375
0.7358242248542027 -0.7358242248542027 0.4375
1.1037363372813043 -0.7208364177098103 0.4375
1.4716484497084055 -0.6993140444728002 0.4375
1.8395605621355067 -0.6706282613958857 0.4375
2.2074726745626085 -0.6338071770298921 0.4375
2.5753847869897095 -0.5873226973411662 0.4375
2.943296899416811 -0.5286317285742265 0.4375
-2.9786885145073736 -0.26431586428711323 0.4375
-2.6063524501939517 -0.2936613486705831 0.4375
-2.23401638588053 -0.31690358851494604 0.4375
-1.8616803215671085 -0.33531413069794286 0.4375
-1.4893442572536868 -0.3496570222364001 0.4375
-1.117008192940265 -0.36041820885490516 0.4375
-0.7446721286268434 -0.36791211242710137 0.4375
-0.3723360643134217 -0.3723360643134217 0.4375
0.0 -0.3737990800252019 0.4375
0.3723360643134217 -0.3723360643134217 0.4375
0.7446721286268434 -0.36791211242710137 0.4375
1.117008192940265 -0.36041820885490516 0.4375
1.4893442572536868 -0.3496570222364001 0.4375
1.8616803215671085 -0.33531413069794286 0.4375
2.23401638588053 -0.31690358851494604 0.4375
2.6063524501939517 -0.2936613486705831 0.4375
2.9786885145073736 -0.26431586428711323 0.4375
-2.990392640201615 0.0 0.4375
-2.616593560176413 0.0 0.4375
-2.242794480151211 0.0 0.4375
-1.8689954001260096 0.0 0.4375
-1.4951963201008076 0.0 0.4375
-1.1213972400756056 0.0 0.4375
-0.7475981600504038 0.0 0.4375
-0.3737990800252019 0.0 0.4375
0.0 0.0 0.4375
0.3737990800252019 0.0 0.4375
0.7475981600504038 0.0 0.4375
1.1213972400756056 0.0 0.4375
1.4951963201008076 0.0 0.4375
1.8689954001260096 0.0 0.4375
2.242794480151211 0.0 0.4375
2.616593560176413 0.0 0.4375
2.990392640201615 0.0 0.4375
-2.9786885145073736 0.26431586428711323 0.4375
-2.6063524501939517 0.2936613486705831 0.4375
-2.23401638588053 0.31690358851494604 0.4375
-1.8616803215671085 0.33531413069794286 0.4375
-1.4893442572536868 0.3496570222364001 0.4375
-1.117008192940265 0.36041820885490516 0.4375
-0.7446721286268434 0.36791211242710137 0.4375
-0.3723360643134217 0.3723360643134217 0.4375
0.0 0.3737990800252019 0.4375
0.3723360643134217 0.3723360643134217 0.4375
0.7446721286268434 0.36791211242710137 0.4375
1.117008192940265 0.36041820885490516 0.4375
1.4893442572536868 0.3496570222364001 0.4375
1.8616803215671085 0.33531413069794286 0.4375
2.23401638588053 0.31690358851494604 0.4375
2.6063524501939517 0.2936613486705831 0.4375
2.9786885145073736 0.26431586428711323 0.4375
-2.943296899416811 0.5286317285742265 0.4375
-2.5753847869897095 0.5873226973411662 0.4375
-2.2074726745626085 0.6338071770298921 0.4375
-1.8395605621355067 0.6706282613958857 0.4375
-1.4716484497084055 0.6993140444728002 0.4375
-1.1037363372813043 0.7208364177098103 0.4375
-0.7358242248542027 0.7358242248542027 0.4375
-0.36791211242710137 0.7446721286268434 0.4375
0.0 0.7475981600504038 0.4375
0.36791211242710137 0.7446721286268434 0.4375
0.7358242248542027 0.7358242248542027 0.4375
1.1037363372813043 0.7208364177098103 0.4375
1.4716484497084055 0.6993140444728002 0.4375
1.8395605621355067 0.6706282613958857 0.4375
2.2074726745626085 0.6338071770298921 0.4375
2.5753847869897095 0.5873226973411662 0.4375
2.943296899416811 0.5286317285742265 0.4375
-2.8833456708392413 0.7929475928613398 0.4375
-2.522927461984336 0.8809840460117493 0.4375
-2.1625092531294308 0.9507107655448381 0.4375
-1.802091044274526 1.0059423920938286 0.4375
-1.4416728354196207 1.0489710667092003 0.4375
-1.0812546265647154 1.0812546265647154 0.4375
-0.7208364177098103 1.1037363372813043 0.4375
-0.36041820885490516 1.117008192940265 0.4375
0.0 1.1213972400756056 0.4375
0.36041820885490516 1.117008192940265 0.4375
0.7208364177098103 1.1037363372813043 0.4375
1.0812546265647154 1.0812546265647154 0.4375
1.4416728354196207 1.0489710667092003 0.4375
1.802091044274526 1.0059423920938286 0.4375
2.1625092531294308 0.9507107655448381 0.4375
2.522927461984336 0.8809840460117493 0.4375
2.8833456708392413 0.7929475928613398 0.4375
-2.797256177891201 1.057263457148453 0.4375
-2.4475991556548005 1.1746453946823323 0.4375
-2.0979421334184005 1.2676143540597842 0.4375
-1.7482851111820006 1.3412565227917714 0.4375
-1.3986280889456004 1.3986280889456004 0.4375
-1.0489710667092003 1.4416728354196207 0.4375
-0.6993140444728002 1.4716484497084055 0.4375
-0.3496570222364001 1.4893442572536868 0.4375
0.0 1.4951963201008076 0.4375
0.3496570222364001 1.4893442572536868 0.4375
0.6993140444728002 1.4716484497084055 0.4375
1.0489710667092003 1.4416728354196207 0.4375
1.3986280889456004 1.3986280889456004 0.4375
1.7482851111820006 1.3412565227917714 0.4375
2.0979421334184005 1.2676143540597842 0.4375
2.4475991556548005 1.1746453946823323 0.4375
2.797256177891201 1.057263457148453 0.4375
-2.682513045583543 1.321579321435566 0.4375
-2.3471989148856 1.4683067433529153 0.4375
-2.0118847841876573 1.5845179425747302 0.4375
-1.6765706534897142 1.6765706534897142 0.4375
-1.3412565227917714 1.7482851111820006 0.4375
-1.0059423920938286 1.802091044274526 0.4375
-0.6706282613958857 1.8395605621355067 0.4375
-0.33531413069794286 1.8616803215671085 0.4375
0.0 1.8689954001260096 0.4375
0.33531413069794286 1.8616803215671085 0.4375
0.6706282613958857 1.8395605621355067 0.4375
1.0059423920938286 1.802091044274526 0.4375
1.3412565227917714 1.7482851111820006 0.4375
1.6765706534897142 1.6765706534897142 0.4375
2.0118847841876573 1.5845179425747302 0.4375
2.3471989148856 1.4683067433529153 0.4375
2.682513045583543 1.321579321435566 0.4375
-2.5352287081195684 1.5858951857226795 0.4375
-2.2183251196046223 1.7619680920234986 0.4375
-1.9014215310896763 1.9014215310896763 0.4375
-1.5845179425747302 2.0118847841876573 0.4375
-1.2676143540597842 2.0979421334184005 0.4375
-0.9507107655448381 2.1625092531294308 0.4375
-0.6338071770298921 2.2074726745626085 0.4375
-0.31690358851494604 2.23401638588053 0.4375
0.0 2.242794480151211 0.4375
0.31690358851494604 2.23401638588053 0.4375
0.6338071770298921 2.2074726745626085 0.4375
0.9507107655448381 2.1625092531294308 0.4375
1.2676143540597842 2.0979421334184005 0.4375
1.5845179425747302 2.0118847841876573 0.4375
1.9014215310896763 1.9014215310896763 0.4375
2.2183251196046223 1.7619680920234986 0.4375
2.5352287081195684 1.5858951857226795 0.4375
-2.3492907893646646 1.8502110500097924 0.4375
-2.0556294406940814 2.0556294406940814 0.4375
-1.7619680920234986 2.2183251196046223 0.4375
-1.4683067433529153 2.3471989148856 0.4375
-1.1746453946823323 2.4475991556548005 0.4375
-0.8809840460117493 2.522927461984336 0.4375
-0.5873226973411662 2.5753847869897095 0.4375
-0.2936613486705831 2.6063524501939517 0.4375
0.0 2.616593560176413 0.4375
0.2936613486705831 2.6063524501939517 0.4375
0.5873226973411662 2.5753847869897095 0.4375
0.8809840460117493 2.522927461984336 0.4375
1.1746453946823323 2.4475991556548005 0.4375
1.4683067433529153 2.3471989148856 0.4375
1.7619680920234986 2.2183251196046223 0.4375
2.0556294406940814 2.0556294406940814 0.4375
2.3492907893646646 1.8502110500097924 0.4375
-2.114526914296906 2.114526914296906 0.4375
-1.8502110500097924 2.3492907893646646 0.4375
-1.5858951857226795 2.5352287081195684 0.4375
-1.321579321435566 2.682513045583543 0.4375
-1.057263457148453 2.797256177891201 0.4375
-0.7929475928613398 2.8833456708392413 0.4375
-0.5286317285742265 2.943296899416811 0.4375
-0.26431586428711323 2.9786885145073736 0.4375
0.0 2.990392640201615 0.4375
0.26431586428711323 2.9786885145073736 0.4375
0.5286317285742265 2.943296899416811 0.4375
0.7929475928613398 2.8833456708392413 0.4375
1.057263457148453 2.797256177891201 0.4375
1.321579321435566 2.682513045583543 0.4375
1.5858951857226795 2.5352287081195684 0.4375
1.8502110500097924 2.3492907893646646 0.4375
2.114526914296906 2.114526914296906 0.4375
-2.106096453259957 -2.106096453259957 0.65625
-1.8428343966024623 -2.339924342274164 0.65625
-1.579572339944968 -2.5251209404203037 0.65625
-1.3163102832874731 -2.671818066220077 0.65625
-1.0530482266299785 -2.7861037262205075 0.65625
-0.789786169972484 -2.871849986783525 0.65625
-0.5265241133149893 -2.931562194285873 0.65625
-0.26326205665749464 -2.9668127056477305 0.65625
0.0 -2.9784701678661043 0.65625
0.26326205665749464 -2.9668127056477305 0.65625
0.5265241133149893 -2.931562194285873 0.65625
0.789786169972484 -2.871849986783525 0.65625
1.0530482266299785 -2.7861037262205075 0.65625
1.3163102832874731 -2.671818066220077 0.65625
1.579572339944968 -2.5251209404203037 0.65625
1.8428343966024623 -2.339924342274164 0.65625
2.106096453259957 -2.106096453259957 0.65625
-2.339924342274164 -1.8428343966024623 0.65625
-2.0474337994898932 -2.0474337994898932 0.65625
-1.7549432567056231 -2.209480822867766 0.65625
-1.4624527139213523 -2.3378408079425674 0.65625
-1.169962171137082 -2.437840760442944 0.65625
-0.8774716283528116 -2.5128687384355843 0.65625
-0.584981085568541 -2.5651169200001394 0.65625
-0.2924905427842705 -2.595961117441764 0.65625
0.0 -2.6061613968828414 0.65625
0.2924905427842705 -2.595961117441764 0.65625
0.584981085568541 -2.5651169200001394 0.65625
0.8774716283528116 -2.5128687384355843 0.65625
1.169962171137082 -2.437840760442944 0.65625
1.4624527139213523 -2.3378408079425674 0.65625
1.7549432567056231 -2.209480822867766 0.65625
2.0474337994898932 -2.0474337994898932 0.65625
2.339924342274164 -1.8428343966024623 0.65625
-2.5251209404203037 -1.579572339944968 0.65625
-2.209480822867766 -1.7549432567056231 0.65625
-1.8938407053152277 -1.8938407053152277 0.65625
-1.57820058776269 -2.0038635496650574 0.65625
-1.2625604702101518 -2.089577794665381 0.65625
-0.9469203526576139 -2.153887490087644 0.65625
-0.6312802351050759 -2.198671645714405 0.65625
-0.31564011755253796 -2.2251095292357976 0.65625
0.0 -2.233852625899578 0.65625
0.31564011755253796 -2.2251095292357976 0.65625
0.6312802351050759 -2.198671645714405 0.65625
0.9469203526576139 -2.153887490087644 0.65625
1.2625604702101518 -2.089577794665381 0.65625
1.57820058776269 -2.0038635496650574 0.65625
1.8938407053152277 -1.8938407053152277 0.65625
2.209480822867766 -1.7549432567056231 0.65625
2.5251209404203037 -1.579572339944968 0.65625
-2.671818066220077 -1.3163102832874731 0.65625
-2.3378408079425674 -1.4624527139213523 0.65625
-2.0038635496650574 -1.57820058776269 0.65625
-1.669886291387548 -1.669886291387548 0.65625
-1.3359090331100385 -1.7413148288878173 0.65625
-1.0019317748325287 -1.7949062417397035 0.65625
-0.6679545165550193 -1.8322263714286706 0.65625
-0.3339772582775096 -1.8542579410298314 0.65625
0.0 -1.8615438549163152 0.65625
0.3339772582775096 -1.8542579410298314 0.65625
0.6679545165550193 -1.8322263714286706 0.65625
1.0019317748325287 -1.7949062417397035 0.65625
1.3359090331100385 -1.7413148288878173 0.65625
1.669886291387548 -1.669886291387548 0.65625
2.0038635496650574 -1.57820058776269 0.65625
2.3378408079425674 -1.4624527139213523 0.65625
2.671818066220077 -1.3163102832874731 0.65625
-2.7861037262205075 -1.0530482266299785 0.65625
-2.437840760442944 -1.169962171137082 0.65625
-2.089577794665381 -1.2625604702101518 0.65625
-1.7413148288878173 -1.3359090331100385 0.65625
-1.3930518631102538 -1.3930518631102538 0.65625
-1.0447888973326904 -1.4359249933917626 0.65625
-0.6965259315551269 -1.4657810971429366 0.65625
-0.34826296577756344 -1.4834063528238652 0.65625
0.0 -1.4892350839330522 0.65625
0.34826296577756344 -1.4834063528238652 0.65625
0.6965259315551269 -1.4657810971429366 0.65625
1.0447888973326904 -1.4359249933917626 0.65625
1.3930518631102538 -1.3930518631102538 0.65625
1.7413148288878173 -1.3359090331100385 0.65625
2.089577794665381 -1.2625604702101518 0.65625
2.437840760442944 -1.169962171137082 0.65625
2.7861037262205075 -1.0530482266299785 0.65625
-2.871849986783525 -0.789786169972484 0.65625
-2.5128687384355843 -0.8774716283528116 0.65625
-2.153887490087644 -0.9469203526576139 0.65625
-1.7949062417397035 -1.0019317748325287 0.65625
-1.4359249933917626 -1.0447888973326904 0.65625
-1.076943745043822 -1.076943745043822 0.65625
-0.7179624966958813 -1.0993358228572025 0.65625
-0.35898124834794065 -1.1125547646178988 0.65625
0.0 -1.116926312949789 0.65625
0.35898124834794065 -1.1125547646178988 0.65625
0.7179624966958813 -1.0993358228572025 0.65625
1.076943745043822 -1.076943745043822 0.65625
1.4359249933917626 -1.0447888973326904 0.65625
1.7949062417397035 -1.0019317748325287 0.65625
2.153887490087644 -0.9469203526576139 0.65625
2.5128687384355843 -0.8774716283528116 0.65625
2.871849986783525 -0.789786169972484 0.65625
-2.931562194285873 -0.5265241133149893 0.65625
-2.5651169200001394 -0.584981085568541 0.65625
-2.198671645714405 -0.6312802351050759 0.65625
-1.8322263714286706 -0.6679545165550193 0.65625
-1.4657810971429366 -0.6965259315551269 0.65625
-1.0993358228572025 -0.7179624966958813 0.65625
-0.7328905485714683 -0.7328905485714683 0.65625
-0.36644527428573415 -0.7417031764119326 0.65625
0.0 -0.7446175419665261 0.65625
0.36644527428573415 -0.7417031764119326 0.65625
0.7328905485714683 -0.7328905485714683 0.65625
1.0993358228572025 -0.7179624966958813 0.65625
1.4657810971429366 -0.6965259315551269 0.65625
1.8322263714286706 -0.6679545165550193 0.65625
2.198671645714405 -0.6312802351050759 0.65625
2.5651169200001394 -0.584981085568541 0.65625
2.931562194285873 -0.5265241133149893 0.65625
-2.9668127056477305 -0.26326205665749464 0.65625
-2.595961117441764 -0.2924905427842705 0.65625
-2.2251095292357976 -0.31564011755253796 0.65625
-1.8542579410298314 -0.3339772582775096 0.65625
-1.4834063528238652 -0.34826296577756344 0.65625
-1.1125547646178988 -0.35898124834794065 0.65625
-0.7417031764119326 -0.36644527428573415 0.65625
-0.3708515882059663 -0.3708515882059663 0.65625
0.0 -0.37230877098326304 0.65625
0.3708515882059663 -0.3708515882059663 0.65625
0.7417031764119326 -0.36644527428573415 0.65625
1.1125547646178988 -0.35898124834794065 0.65625
1.4834063528238652 -0.34826296577756344 0.65625
1.8542579410298314 -0.3339772582775096 0.65625
2.2251095292357976 -0.31564011755253796 0.65625
2.595961117441764 -0.2924905427842705 0.65625
2.9668127056477305 -0.26326205665749464 0.65625
-2.9784701678661043 0.0 0.65625
-2.6061613968828414 0.0 0.65625
-2.233852625899578 0.0 0.65625
-1.8615438549163152 0.0 0.65625
-1.4892350839330522 0.0 0.65625
-1.116926312949789 0.0 0.65625
-0.7446175419665261 0.0 0.65625
-0.37230877098326304 0.0 0.65625
0.0 0.0 0.65625
0.37230877098326304 0.0 0.65625
0.7446175419665261 0.0 0.65625
1.116926312949789 0.0 0.65625
1.4892350839330522 0.0 0.65625
1.8615438549163152 0.0 0.65625
2.233852625899578 0.0 0.65625
2.6061613968828414 0.0 0.65625
2.9784701678661043 0.0 0.65625
-2.9668127056477305 0.26326205665749464 0.65625
-2.595961117441764 0.2924905427842705 0.65625
-2.2251095292357976 0.31564011755253796 0.65625
-1.8542579410298314 0.3339772582775096 0.65625
-1.4834063528238652 0.34826296577756344 0.65625
-1.1125547646178988 0.35898124834794065 0.65625
-0.7417031764119326 0.36644527428573415 0.65625
-0.3708515882059663 0.3708515882059663 0.65625
0.0 0.37230877098326304 0.65625
0.3708515882059663 0.3708515882059663 0.65625
0.7417031764119326 0.36644527428573415 0.65625
1.1125547646178988 0.35898124834794065 0.65625
1.4834063528238652 0.34826296577756344 0.65625
1.8542579410298314 0.3339772582775096 0.65625
2.2251095292357976 0.31564011755253796 0.65625
2.595961117441764 0.2924905427842705 0.65625
2.9668127056477305 0.26326205665749464 0.65625
-2.931562194285873 0.5265241133149893 0.65625
-2.5651169200001394 0.584981085568541 0.65625
-2.198671645714405 0.6312802351050759 0.65625
-1.8322263714286706 0.6679545165550193 0.65625
-1.4657810971429366 0.6965259315551269 0.65625
-1.0993358228572025 0.7179624966958813 0.65625
-0.7328905485714683 0.7328905485714683 0.65625
-0.36644527428573415 0.7417031764119326 0.65625
0.0 0.7446175419665261 0.65625
0.36644527428573415 0.7417031764119326 0.65625
0.7328905485714683 0.7328905485714683 0.65625
1.0993358228572025 0.7179624966958813 0.65625
1.4657810971429366 0.6965259315551269 0.65625
1.8322263714286706 0.6679545165550193 0.65625
2.198671645714405 0.6312802351050759 0.65625
2.5651169200001394 0.584981085568541 0.65625
2.931562194285873 0.5265241133149893 0.65625
-2.871849986783525 0.789786169972484 0.65625
-2.5128687384355843 0.8774716283528116 0.65625
-2.153887490087644 0.9469203526576139 0.65625
-1.7949062417397035 1.0019317748325287 0.65625
-1.4359249933917626 1.0447888973326904 0.65625
-1.076943745043822 1.076943745043822 0.65625
-0.7179624966958813 1.0993358228572025 0.65625
-0.35898124834794065 1.1125547646178988 0.65625
0.0 1.116926312949789 0.65625
0.35898124834794065 1.1125547646178988 0.65625
0.7179624966958813 1.0993358228572025 0.65625
1.076943745043822 1.076943745043822 0.65625
1.4359249933917626 1.0447888973326904 0.65625
1.7949062417397035 1.0019317748325287 0.65625
2.153887490087644 0.9469203526576139 0.65625
2.5128687384355843 0.8774716283528116 0.65625
2.871849986783525 0.789786169972484 0.65625
-2.7861037262205075 1.0530482266299785 0.65625
-2.437840760442944 1.169962171137082 0.65625
-2.089577794665381 1.2625604702101518 0.65625
-1.7413148288878173 1.3359090331100385 0.65625
-1.3930518631102538 1.3930518631102538 0.65625
-1.0447888973326904 1.4359249933917626 0.65625
-0.6965259315551269 1.4657810971429366 0.65625
-0.34826296577756344 1.4834063528238652 0.65625
0.0 1.4892350839330522 0.65625
0.34826296577756344 1.4834063528238652 0.65625
0.6965259315551269 1.4657810971429366 0.65625
1.0447888973326904 1.4359249933917626 0.65625
1.3930518631102538 1.3930518631102538 0.65625
1.7413148288878173 1.3359090331100385 0.65625
2.089577794665381 1.2625604702101518 0.65625
2.437840760442944 1.169962171137082 0.65625
2.7861037262205075 1.0530482266299785 0.65625
-2.671818066220077 1.3163102832874731 0.65625
-2.3378408079425674 1.4624527139213523 0.65625
-2.0038635496650574 1.57820058776269 0.65625
-1.669886291387548 1.669886291387548 0.65625
-1.3359090331100385 1.7413148288878173 0.65625
-1.0019317748325287 1.7949062417397035 0.65625
-0.6679545165550193 1.8322263714286706 0.65625
-0.3339772582775096 1.8542579410298314 0.65625
0.0 1.8615438549163152 0.65625
0.3339772582775096 1.8542579410298314 0.65625
0.6679545165550193 1.8322263714286706 0.65625
1.0019317748325287 1.7949062417397035 0.65625
1.3359090331100385 1.7413148288878173 0.65625
1.669886291387548 1.669886291387548 0.65625
2.0038635496650574 1.57820058776269 0.65625
2.3378408079425674 1.4624527139213523 0.65625
2.671818066220077 1.3163102832874731 0.65625
-2.5251209404203037 1.579572339944968 0.65625
-2.209480822867766 1.7549432567056231 0.65625
-1.8938407053152277 1.8938407053152277 0.65625
-1.57820058776269 2.0038635496650574 0.65625
-1.2625604702101518 2.089577794665381 0.65625
-0.9469203526576139 2.153887490087644 0.65625
-0.6312802351050759 2.198671645714405 0.65625
-0.31564011755253796 2.2251095292357976 0.65625
0.0 2.233852625899578 0.65625
0.31564011755253796 2.2251095292357976 0.65625
0.6312802351050759 2.198671645714405 0.65625
0.9469203526576139 2.153887490087644 0.65625
1.2625604702101518 2.089577794665381 0.65625
1.57820058776269 2.0038635496650574 0.65625
1.8938407053152277 1.8938407053152277 0.65625
2.209480822867766 1.7549432567056231 0.65625
2.5251209404203037 1.579572339944968 0.65625
-2.339924342274164 1.8428343966024623 0.65625
-2.0474337994898932 2.0474337994898932 0.65625
-1.7549432567056231 2.209480822867766 0.65625
-1.4624527139213523 2.3378408079425674 0.65625
-1.169962171137082 2.437840760442944 0.65625
-0.8774716283528116 2.5128687384355843 0.65625
-0.584981085568541 2.5651169200001394 0.65625
-0.2924905427842705 2.595961117441764 0.65625
0.0 2.6061613968828414 0.65625
0.2924905427842705 2.595961117441764 0.65625
0.584981085568541 2.5651169200001394 0.65625
0.8774716283528116 2.5128687384355843 0.65625
1.169962171137082 2.437840760442944 0.65625
1.4624527139213523 2.3378408079425674 0.65625
1.7549432567056231 2.209480822867766 0.65625
2.0474337994898932 2.0474337994898932 0.65625
2.339924342274164 1.8428343966024623 0.65625
-2.106096453259957 2.106096453259957 0.65625
-1.8428343966024623 2.339924342274164 0.65625
-1.579572339944968 2.5251209404203037 0.65625
-1.3163102832874731 2.671818066220077 0.65625
-1.0530482266299785 2.7861037262205075 0.65625
-0.789786169972484 2.871849986783525 0.65625
-0.5265241133149893 2.931562194285873 0.65625
-0.26326205665749464 2.9668127056477305 0.65625
0.0 2.9784701678661043 0.65625
0.26326205665749464 2.9668127056477305 0.65625
0.5265241133149893 2.931562194285873 0.65625
0.789786169972484 2.871849986783525 0.65625
1.0530482266299785 2.7861037262205075 0.65625
1.3163102832874731 2.671818066220077 0.65625
1.579572339944968 2.5251209404203037 0.65625
1.8428343966024623 2.339924342274164 0.65625
2.106096453259957 2.106096453259957 0.65625
-2.0944076941854632 -2.0944076941854632 0.875
-1.8326067324122801 -2.326937846880256 0.875
-1.5708057706390974 -2.5111066106108373 0.875
-1.3090048088659145 -2.6569895726728863 0.875
-1.0472038470927316 -2.7706409513974775 0.875
-0.7854028853195487 -2.8559113233184017 0.875
-0.5236019235463658 -2.915292130230705 0.875
-0.2618009617731829 -2.950347002530579 0.875
0.0 -2.9619397662556435 0.875
0.2618009617731829 -2.950347002530579 0.875
0.5236019235463658 -2.915292130230705 0.875
0.7854028853195487 -2.8559113233184017 0.875
1.0472038470927316 -2.7706409513974775 0.875
1.3090048088659145 -2.6569895726728863 0.875
1.5708057706390974 -2.5111066106108373 0.875
1.8326067324122801 -2.326937846880256 0.875
2.0944076941854632 -2.0944076941854632 0.875
-2.326937846880256 -1.8326067324122801 0.875
-2.0360706160202238 -2.0360706160202238 0.875
-1.745203385160192 -2.197218284284483 0.875
-1.45433615430016 -2.3248658760887753 0.875
-1.163468923440128 -2.4243108324727927 0.875
-0.872601692580096 -2.498922407903601 0.875
-0.581734461720064 -2.550880613951867 0.875
-0.290867230860032 -2.5815536272142565 0.875
0.0 -2.591697295473688 0.875
0.290867230860032 -2.5815536272142565 0.875
0.581734461720064 -2.550880613951867 0.875
0.872601692580096 -2.498922407903601 0.875
1.163468923440128 -2.4243108324727927 0.875
1.45433615430016 -2.3248658760887753 0.875
1.745203385160192 -2.197218284284483 0.875
2.0360706160202238 -2.0360706160202238 0.875
2.326937846880256 -1.8326067324122801 0.875
-2.5111066106108373 -1.5708057706390974 0.875
-2.197218284284483 -1.745203385160192 0.875
-1.883329957958128 -1.883329957958128 0.875
-1.5694416316317734 -1.9927421795046645 0.875
-1.2555533053054186 -2.0779807135481083 0.875
-0.941664978979064 -2.141933492488801 0.875
-0.6277766526527093 -2.186469097673029 0.875
-0.31388832632635466 -2.2127602518979343 0.875
0.0 -2.2214548246917327 0.875
0.31388832632635466 -2.2127602518979343 0.875
0.6277766526527093 -2.186469097673029 0.875
0.941664978979064 -2.141933492488801 0.875
1.2555533053054186 -2.0779807135481083 0.875
1.5694416316317734 -1.9927421795046645 0.875
1.883329957958128 -1.883329957958128 0.875
2.197218284284483 -1.745203385160192 0.875
2.5111066106108373 -1.5708057706390974 0.875
-2.6569895726728863 -1.3090048088659145 0.875
-2.3248658760887753 -1.45433615430016 0.875
-1.9927421795046645 -1.5694416316317734 0.875
-1.6606184829205537 -1.6606184829205537 0.875
-1.3284947863364431 -1.7316505946234235 0.875
-0.9963710897523322 -1.7849445770740011 0.875
-0.6642473931682216 -1.8220575813941906 0.875
-0.3321236965841108 -1.843966876581612 0.875
0.0 -1.8512123539097771 0.875
0.3321236965841108 -1.843966876581612 0.875
0.6642473931682216 -1.8220575813941906 0.875
0.9963710897523322 -1.7849445770740011 0.875
1.3284947863364431 -1.7316505946234235 0.875
1.6606184829205537 -1.6606184829205537 0.875
1.9927421795046645 -1.5694416316317734 0.875
2.3248658760887753 -1.45433615430016 0.875
2.6569895726728863 -1.3090048088659145 0.875
-2.7706409513974775 -1.0472038470927316 0.875
-2.4243108324727927 -1.163468923440128 0.875
-2.0779807135481083 -1.2555533053054186 0.875
-1.7316505946234235 -1.3284947863364431 0.875
-1.3853204756987387 -1.3853204756987387 0.875
-1.0389903567740542 -1.4279556616592008 0.875
-0.6926602378493694 -1.4576460651153524 0.875
-0.3463301189246847 -1.4751735012652896 0.875
0.0 -1.4809698831278217 0.875
0.3463301189246847 -1.4751735012652896 0.875
0.6926602378493694 -1.4576460651153524 0.875
1.0389903567740542 -1.4279556616592008 0.875
1.3853204756987387 -1.3853204756987387 0.875
1.7316505946234235 -1.3284947863364431 0.875
2.0779807135481083 -1.2555533053054186 0.875
2.4243108324727927 -1.163468923440128 0.875
2.7706409513974775 -1.0472038470927316 0.875
-2.8559113233184017 -0.7854028853195487 0.875
-2.498922407903601 -0.872601692580096 0.875
-2.141933492488801 -0.941664978979064 0.875
-1.7849445770740011 -0.9963710897523322 0.875
-1.4279556616592008 -1.0389903567740542 0.875
-1.0709667462444006 -1.0709667462444006 0.875
-0.7139778308296004 -1.0932345488365145 0.875
-0.3569889154148002 -1.1063801259489672 0.875
0.0 -1.1107274123458664 0.875
0.3569889154148002 -1.1063801259489672 0.875
0.7139778308296004 -1.0932345488365145 0.875
1.0709667462444006 -1.0709667462444006 0.875
1.4279556616592008 -1.0389903567740542 0.875
1.7849445770740011 -0.9963710897523322 0.875
2.141933492488801 -0.941664978979064 0.875
2.498922407903601 -0.872601692580096 0.875
2.8559113233184017 -0.7854028853195487 0.875
-2.915292130230705 -0.5236019235463658 0.875
-2.550880613951867 -0.581734461720064 0.875
-2.186469097673029 -0.6277766526527093 0.875
-1.8220575813941906 -0.6642473931682216 0.875
-1.4576460651153524 -0.6926602378493694 0.875
-1.0932345488365145 -0.7139778308296004 0.875
-0.7288230325576762 -0.7288230325576762 0.875
-0.3644115162788381 -0.7375867506326448 0.875
0.0 -0.7404849415639109 0.875
0.3644115162788381 -0.7375867506326448 0.875
0.7288230325576762 -0.7288230325576762 0.875
1.0932345488365145 -0.7139778308296004 0.875
1.4576460651153524 -0.6926602378493694 0.875
1.8220575813941906 -0.6642473931682216 0.875
2.186469097673029 -0.6277766526527093 0.875
2.550880613951867 -0.581734461720064 0.875
2.915292130230705 -0.5236019235463658 0.875
-2.950347002530579 -0.2618009617731829 0.875
-2.5815536272142565 -0.290867230860032 0.875
-2.2127602518979343 -0.31388832632635466 0.875
-1.843966876581612 -0.3321236965841108 0.875
-1.4751735012652896 -0.3463301189246847 0.875
-1.1063801259489672 -0.3569889154148002 0.875
-0.7375867506326448 -0.3644115162788381 0.875
-0.3687933753163224 -0.3687933753163224 0.875
0.0 -0.37024247078195544 0.875
0.3687933753163224 -0.3687933753163224 0.875
0.7375867506326448 -0.3644115162788381 0.875
1.1063801259489672 -0.3569889154148002 0.875
1.4751735012652896 -0.3463301189246847 0.875
1.843966876581612 -0.3321236965841108 0.875
2.2127602518979343 -0.31388832632635466 0.875
2.5815536272142565 -0.290867230860032 0.875
2.950347002530579 -0.2618009617731829 0.875
-2.9619397662556435 0.0 0.875
-2.591697295473688 0.0 0.875
-2.2214548246917327 0.0 0.875
-1.8512123539097771 0.0 0.875
-1.4809698831278217 0.0 0.875
-1.1107274123458664 0.0 0.875
-0.7404849415639109 0.0 0.875
-0.37024247078195544 0.0 0.875
0.0 0.0 0.875
0.37024247078195544 0.0 0.875
0.7404849415639109 0.0 0.875
1.1107274123458664 0.0 0.875
1.4809698831278217 0.0 0.875
1.8512123539097771 0.0 0.875
2.2214548246917327 0.0 0.875
2.591697295473688 0.0 0.875
2.9619397662556435 0.0 0.875
-2.950347002530579 0.2618009617731829 0.875
-2.5815536272142565 0.290867230860032 0.875
-2.2127602518979343 0.31388832632635466 0.875
-1.843966876581612 0.3321236965841108 0.875
-1.4751735012652896 0.3463301189246847 0.875
-1.1063801259489672 0.3569889154148002 0.875
-0.7375867506326448 0.3644115162788381 0.875
-0.3687933753163224 0.3687933753163224 0.875
0.0 0.37024247078195544 0.875
0.3687933753163224 0.3687933753163224 0.875
0.7375867506326448 0.3644115162788381 0.875
1.1063801259489672 0.3569889154148002 0.875
1.4751735012652896 0.3463301189246847 0.875
1.843966876581612 0.3321236965841108 0.875
2.2127602518979343 0.31388832632635466 0.875
2.5815536272142565 0.290867230860032 0.875
2.950347002530579 0.2618009617731829 0.875
-2.915292130230705 0.5236019235463658 0.875
-2.550880613951867 0.581734461720064 0.875
-2.186469097673029 0.6277766526527093 0.875
-1.8220575813941906 0.6642473931682216 0.875
-1.4576460651153524 0.6926602378493694 0.875
-1.0932345488365145 0.7139778308296004 0.875
-0.7288230325576762 0.7288230325576762 0.875
-0.3644115162788381 0.7375867506326448 0.875
0.0 0.7404849415639109 0.875
0.3644115162788381 0.7375867506326448 0.875
0.7288230325576762 0.7288230325576762 0.875
1.0932345488365145 0.7139778308296004 0.875
1.4576460651153524 0.6926602378493694 0.875
1.8220575813941906 0.6642473931682216 0.875
2.186469097673029 0.6277766526527093 0.875
2.550880613951867 0.581734461720064 0.875
2.915292130230705 0.5236019235463658 0.875
-2.8559113233184017 0.7854028853195487 0.875
-2.498922407903601 0.872601692580096 0.875
-2.141933492488801 0.941664978979064 0.875
-1.7849445770740011 0.9963710897523322 0.875
-1.4279556616592008 1.0389903567740542 0.875
-1.0709667462444006 1.0709667462444006 0.875
-0.7139778308296004 1.0932345488365145 0.875
-0.3569889154148002 1.1063801259489672 0.875
0.0 1.1107274123458664 0.875
0.3569889154148002 1.1063801259489672 0.875
0.7139778308296004 1.0932345488365145 0.875
1.0709667462444006 1.0709667462444006 0.875
1.4279556616592008 1.0389903567740542 0.875
1.7849445770740011 0.9963710897523322 0.875
2.141933492488801 0.941664978979064 0.875
2.498922407903601 0.872601692580096 0.875
2.8559113233184017 0.7854028853195487 0.875
-2.7706409513974775 1.0472038470927316 0.875
-2.4243108324727927 1.163468923440128 0.875
-2.0779807135481083 1.2555533053054186 0.875
-1.7316505946234235 1.3284947863364431 0.875
-1.3853204756987387 1.3853204756987387 0.875
-1.0389903567740542 1.4279556616592008 0.875
-0.6926602378493694 1.4576460651153524 0.875
-0.3463301189246847 1.4751735012652896 0.875
0.0 1.4809698831278217 0.875
0.3463301189246847 1.4751735012652896 0.875
0.6926602378493694 1.4576460651153524 0.875
1.0389903567740542 1.4279556616592008 0.875
1.3853204756987387 1.3853204756987387 0.875
1.7316505946234235 1.3284947863364431 0.875
2.0779807135481083 1.2555533053054186 0.875
2.4243108324727927 1.163468923440128 0.875
2.7706409513974775 1.0472038470927316 0.875
-2.6569895726728863 1.3090048088659145 0.875
-2.3248658760887753 1.45433615430016 0.875
-1.9927421795046645 1.5694416316317734 0.875
-1.6606184829205537 1.6606184829205537 0.875
-1.3284947863364431 1.7316505946234235 0.875
-0.9963710897523322 1.7849445770740011 0.875
-0.6642473931682216 1.8220575813941906 0.875
-0.3321236965841108 1.843966876581612 0.875
0.0 1.8512123539097771 0.875
0.3321236965841108 1.843966876581612 0.875
0.6642473931682216 1.8220575813941906 0.875
0.9963710897523322 1.7849445770740011 0.875
1.3284947863364431 1.7316505946234235 0.875
1.6606184829205537 1.6606184829205537 0.875
1.9927421795046645 1.5694416316317734 0.875
2.3248658760887753 1.45433615430016 0.875
2.6569895726728863 1.3090048088659145 0.875
-2.5111066106108373 1.5708057706390974 0.875
-2.197218284284483 1.745203385160192 0.875
-1.883329957958128 1.883329957958128 0.875
-1.5694416316317734 1.9927421795046645 0.875
-1.2555533053054186 2.0779807135481083 0.875
-0.941664978979064 2.141933492488801 0.875
-0.6277766526527093 2.186469097673029 0.875
-0.31388832632635466 2.2127602518979343 0.875
0.0 2.2214548246917327 0.875
0.31388832632635466 2.2127602518979343 0.875
0.6277766526527093 2.186469097673029 0.875
0.941664978979064 2.141933492488801 0.875
1.2555533053054186 2.0779807135481083 0.875
1.5694416316317734 1.9927421795046645 0.875
1.883329957958128 1.883329957958128 0.875
2.197218284284483 1.745203385160192 0.875
2.5111066106108373 1.5708057706390974 0.875
-2.326937846880256 1.8326067324122801 0.875
-2.0360706160202238 2.0360706160202238 0.875
-1.745203385160192 2.197218284284483 0.875
-1.45433615430016 2.3248658760887753 0.875
-1.163468923440128 2.4243108324727927 0.875
-0.872601692580096 2.498922407903601 0.875
-0.581734461720064 2.550880613951867 0.875
-0.290867230860032 2.5815536272142565 0.875
0.0 2.591697295473688 0.875
0.290867230860032 2.5815536272142565 0.875
0.581734461720064 2.550880613951867 0.875
0.872601692580096 2.498922407903601 0.875
1.163468923440128 2.4243108324727927 0.875
1.45433615430016 2.3248658760887753 0.875
1.745203385160192 2.197218284284483 0.875
2.0360706160202238 2.0360706160202238 0.875
2.326937846880256 1.8326067324122801 0.875
-2.0944076941854632 2.0944076941854632 0.875
-1.8326067324122801 2.326937846880256 0.875
-1.5708057706390974 2.5111066106108373 0.875
-1.3090048088659145 2.6569895726728863 0.875
-1.0472038470927316 2.7706409513974775 0.875
-0.7854028853195487 2.8559113233184017 0.875
-0.5236019235463658 2.915292130230705 0.875
-0.2618009617731829 2.950347002530579 0.875
0.0 2.9619397662556435 0.875
0.2618009617731829 2.950347002530579 0.875
0.5236019235463658 2.915292130230705 0.875
0.7854028853195487 2.8559113233184017 0.875
1.0472038470927316 2.7706409513974775 0.875
1.3090048088659145 2.6569895726728863 0.875
1.5708057706390974 2.5111066106108373 0.875
1.8326067324122801 2.326937846880256 0.875
2.0944076941854632 2.0944076941854632 0.875
-2.0795732062130368 -2.0795732062130368 1.09375
-1.819626555436407 -2.310456370232724 1.09375
-1.5596799046597776 -2.493320684348246 1.09375
-1.2997332538831479 -2.638170371440909 1.09375
-1.0397866031065184 -2.7510167683964677 1.09375
-0.7798399523298888 -2.8356831784859984 1.09375
-0.5198933015532592 -2.8946433968622785 1.09375
-0.2599466507766296 -2.929449978878006 1.09375
0.0 -2.9409606321741775 1.09375
0.2599466507766296 -2.929449978878006 1.09375
0.5198933015532592 -2.8946433968622785 1.09375
0.7798399523298888 -2.8356831784859984 1.09375
1.0397866031065184 -2.7510167683964677 1.09375
1.2997332538831479 -2.638170371440909 1.09375
1.5596799046597776 -2.493320684348246 1.09375
1.819626555436407 -2.310456370232724 1.09375
2.0795732062130368 -2.0795732062130368 1.09375
-2.310456370232724 -1.819626555436407 1.09375
-2.0216493239536333 -2.0216493239536333 1.09375
-1.7328422776745431 -2.1816555988047153 1.09375
-1.4440352313954525 -2.308399075010795 1.09375
-1.155228185116362 -2.4071396723469096 1.09375
-0.8664211388372716 -2.4812227811752483 1.09375
-0.577614092558181 -2.5328129722544936 1.09375
-0.2888070462790905 -2.563268731518255 1.09375
0.0 -2.573340553152405 1.09375
0.2888070462790905 -2.563268731518255 1.09375
0.577614092558181 -2.5328129722544936 1.09375
0.8664211388372716 -2.4812227811752483 1.09375
1.155228185116362 -2.4071396723469096 1.09375
1.4440352313954525 -2.308399075010795 1.09375
1.7328422776745431 -2.1816555988047153 1.09375
2.0216493239536333 -2.0216493239536333 1.09375
2.310456370232724 -1.819626555436407 1.09375
-2.493320684348246 -1.5596799046597776 1.09375
-2.1816555988047153 -1.7328422776745431 1.09375
-1.8699905132611843 -1.8699905132611843 1.09375
-1.5583254277176537 -1.9786277785806814 1.09375
-1.246660342174123 -2.063262576297351 1.09375
-0.9349952566305921 -2.1267623838644987 1.09375
-0.6233301710870615 -2.170982547646709 1.09375
-0.31166508554353073 -2.1970874841585046 1.09375
0.0 -2.205720474130633 1.09375
0.31166508554353073 -2.1970874841585046 1.09375
0.6233301710870615 -2.170982547646709 1.09375
0.9349952566305921 -2.1267623838644987 1.09375
1.246660342174123 -2.063262576297351 1.09375
1.5583254277176537 -1.9786277785806814 1.09375
1.8699905132611843 -1.8699905132611843 1.09375
2.1816555988047153 -1.7328422776745431 1.09375
2.493320684348246 -1.5596799046597776 1.09375
-2.638170371440909 -1.2997332538831479 1.09375
-2.308399075010795 -1.4440352313954525 1.09375
-1.9786277785806814 -1.5583254277176537 1.09375
-1.6488564821505678 -1.6488564821505678 1.09375
-1.3190851857204544 -1.7193854802477926 1.09375
-0.9893138892903407 -1.772301986553749 1.09375
-0.6595425928602272 -1.8091521230389238 1.09375
-0.3297712964301136 -1.8309062367987539 1.09375
0.0 -1.838100395108861 1.09375
0.3297712964301136 -1.8309062367987539 1.09375
0.6595425928602272 -1.8091521230389238 1.09375
0.9893138892903407 -1.772301986553749 1.09375
1.3190851857204544 -1.7193854802477926 1.09375
1.6488564821505678 -1.6488564821505678 1.09375
1.9786277785806814 -1.5583254277176537 1.09375
2.308399075010795 -1.4440352313954525 1.09375
2.638170371440909 -1.2997332538831479 1.09375
-2.7510167683964677 -1.0397866031065184 1.09375
-2.4071396723469096 -1.155228185116362 1.09375
-2.063262576297351 -1.246660342174123 1.09375
-1.7193854802477926 -1.3190851857204544 1.09375
-1.3755083841982338 -1.3755083841982338 1.09375
-1.0316312881486756 -1.4178415892429992 1.09375
-0.6877541920991169 -1.4473216984311392 1.09375
-0.34387709604955846 -1.464724989439003 1.09375
0.0 -1.4704803160870887 1.09375
0.34387709604955846 -1.464724989439003 1.09375
0.6877541920991169 -1.4473216984311392 1.09375
1.0316312881486756 -1.4178415892429992 1.09375
1.3755083841982338 -1.3755083841982338 1.09375
1.7193854802477926 -1.3190851857204544 1.09375
2.063262576297351 -1.246660342174123 1.09375
2.4071396723469096 -1.155228185116362 1.09375
2.7510167683964677 -1.0397866031065184 1.09375
-2.8356831784859984 -0.7798399523298888 1.09375
-2.4812227811752483 -0.8664211388372716 1.09375
-2.1267623838644987 -0.9349952566305921 1.09375
-1.772301986553749 -0.9893138892903407 1.09375
-1.4178415892429992 -1.0316312881486756 1.09375
-1.0633811919322493 -1.0633811919322493 1.09375
-0.7089207946214996 -1.0854912738233544 1.09375
-0.3544603973107498 -1.0985437420792523 1.09375
0.0 -1.1028602370653164 1.09375
0.3544603973107498 -1.0985437420792523 1.09375
0.7089207946214996 -1.0854912738233544 1.09375
1.0633811919322493 -1.0633811919322493 1.09375
1.4178415892429992 -1.0316312881486756 1.09375
1.772301986553749 -0.9893138892903407 1.09375
2.1267623838644987 -0.9349952566305921 1.09375
2.4812227811752483 -0.8664211388372716 1.09375
2.8356831784859984 -0.7798399523298888 1.09375
-2.8946433968622785 -0.5198933015532592 1.09375
-2.5328129722544936 -0.577614092558181 1.09375
-2.170982547646709 -0.6233301710870615 1.09375
-1.8091521230389238 -0.6595425928602272 1.09375
-1.4473216984311392 -0.6877541920991169 1.09375
-1.0854912738233544 -0.7089207946214996 1.09375
-0.7236608492155696 -0.7236608492155696 1.09375
-0.3618304246077848 -0.7323624947195015 1.09375
0.0 -0.7352401580435444 1.09375
0.3618304246077848 -0.7323624947195015 1.09375
0.7236608492155696 -0.7236608492155696 1.09375
1.0854912738233544 -0.7089207946214996 1.09375
1.4473216984311392 -0.6877541920991169 1.09375
1.8091521230389238 -0.6595425928602272 1.09375
2.170982547646709 -0.6233301710870615 1.09375
2.5328129722544936 -0.577614092558181 1.09375
2.8946433968622785 -0.5198933015532592 1.09375
-2.929449978878006 -0.2599466507766296 1.09375
-2.563268731518255 -0.2888070462790905 1.09375
-2.1970874841585046 -0.31166508554353073 1.09375
-1.8309062367987539 -0.3297712964301136 1.09375
-1.464724989439003 -0.34387709604955846 1.09375
-1.0985437420792523 -0.3544603973107498 1.09375
-0.7323624947195015 -0.3618304246077848 1.09375
-0.36618124735975077 -0.36618124735975077 1.09375
0.0 -0.3676200790217722 1.09375
0.36618124735975077 -0.36618124735975077 1.09375
0.7323624947195015 -0.3618304246077848 1.09375
1.0985437420792523 -0.3544603973107498 1.09375
1.464724989439003 -0.34387709604955846 1.09375
1.8309062367987539 -0.3297712964301136 1.09375
2.1970874841585046 -0.31166508554353073 1.09375
2.563268731518255 -0.2888070462790905 1.09375
2.929449978878006 -0.2599466507766296 1.09375
-2.9409606321741775 0.0 1.09375
-2.573340553152405 0.0 1.09375
-2.205720474130633 0.0 1.09375
-1.838100395108861 0.0 1.09375
-1.4704803160870887 0.0 1.09375
-1.1028602370653164 0.0 1.09375
-0.7352401580435444 0.0 1.09375
-0.3676200790217722 0.0 1.09375
0.0 0.0 1.09375
0.3676200790217722 0.0 1.09375
0.7352401580435444 0.0 1.09375
1.1028602370653164 0.0 1.09375
1.4704803160870887 0.0 1.09375
1.838100395108861 0.0 1.09375
2.205720474130633 0.0 1.09375
2.573340553152405 0.0 1.09375
2.9409606321741775 0.0 1.09375
-2.929449978878006 0.2599466507766296 1.09375
-2.563268731518255 0.2888070462790905 1.09375
-2.1970874841585046 0.31166508554353073 1.09375
-1.8309062367987539 0.3297712964301136 1.09375
-1.464724989439003 0.34387709604955846 1.09375
-1.0985437420792523 0.3544603973107498 1.09375
-0.7323624947195015 0.3618304246077848 1.09375
-0.36618124735975077 0.36618124735975077 1.09375
0.0 0.3676200790217722 1.09375
0.36618124735975077 0.36618124735975077 1.09375
0.7323624947195015 0.3618304246077848 1.09375
1.0985437420792523 0.3544603973107498 1.09375
1.464724989439003 0.34387709604955846 1.09375
1.8309062367987539 0.3297712964301136 1.09375
2.1970874841585046 0.31166508554353073 1.09375
2.563268731518255 0.2888070462790905 1.09375
2.929449978878006 0.2599466507766296 1.09375
-2.8946433968622785 0.5198933015532592 1.09375
-2.5328129722544936 0.577614092558181 1.09375
-2.170982547646709 0.6233301710870615 1.09375
-1.8091521230389238 0.6595425928602272 1.09375
-1.4473216984311392 0.6877541920991169 1.09375
-1.0854912738233544 0.7089207946214996 1.09375
-0.7236608492155696 0.7236608492155696 1.09375
-0.3618304246077848 0.7323624947195015 1.09375
0.0 0.7352401580435444 1.09375
0.3618304246077848 0.7323624947195015 1.09375
0.7236608492155696 0.7236608492155696 1.09375
1.0854912738233544 0.7089207946214996 1.09375
1.4473216984311392 0.6877541920991169 1.09375
1.8091521230389238 0.6595425928602272 1.09375
2.170982547646709 0.6233301710870615 1.09375
2.5328129722544936 0.577614092558181 1.09375
2.8946433968622785 0.5198933015532592 1.09375
-2.8356831784859984 0.7798399523298888 1.09375
-2.4812227811752483 0.8664211388372716 1.09375
-2.1267623838644987 0.9349952566305921 1.09375
-1.772301986553749 0.9893138892903407 1.09375
-1.4178415892429992 1.0316312881486756 1.09375
-1.0633811919322493 1.0633811919322493 1.09375
-0.7089207946214996 1.0854912738233544 1.09375
-0.3544603973107498 1.0985437420792523 1.09375
0.0 1.1028602370653164 1.09375
0.3544603973107498 1.0985437420792523 1.09375
0.7089207946214996 1.0854912738233544 1.09375
1.0633811919322493 1.0633811919322493 1.09375
1.4178415892429992 1.0316312881486756 1.09375
1.772301986553749 0.9893138892903407 1.09375
2.1267623838644987 0.9349952566305921 1.09375
2.4812227811752483 0.8664211388372716 1.09375
2.8356831784859984 0.7798399523298888 1.09375
-2.7510167683964677 1.0397866031065184 1.09375
-2.4071396723469096 1.155228185116362 1.09375
-2.063262576297351 1.246660342174123 1.09375
-1.7193854802477926 1.3190851857204544 1.09375
-1.3755083841982338 1.3755083841982338 1.09375
-1.0316312881486756 1.4178415892429992 1.09375
-0.6877541920991169 1.4473216984311392 1.09375
-0.34387709604955846 1.464724989439003 1.09375
0.0 1.4704803160870887 1.09375
0.34387709604955846 1.464724989439003 1.09375
0.6877541920991169 1.4473216984311392 1.09375
1.0316312881486756 1.4178415892429992 1.09375
1.3755083841982338 1.3755083841982338 1.09375
1.7193854802477926 1.3190851857204544 1.09375
2.063262576297351 1.246660342174123 1.09375
2.4071396723469096 1.155228185116362 1.09375
2.7510167683964677 1.0397866031065184 1.09375
-2.638170371440909 1.2997332538831479 1.09375
-2.308399075010795 1.4440352313954525 1.09375
-1.9786277785806814 1.5583254277176537 1.09375
-1.6488564821505678 1.6488564821505678 1.09375
-1.3190851857204544 1.7193854802477926 1.09375
-0.9893138892903407 1.772301986553749 1.09375
-0.6595425928602272 1.8091521230389238 1.09375
-0.3297712964301136 1.8309062367987539 1.09375
0.0 1.838100395108861 1.09375
0.3297712964301136 1.8309062367987539 1.09375
0.6595425928602272 1.8091521230389238 1.09375
0.9893138892903407 1.772301986553749 1.09375
1.3190851857204544 1.7193854802477926 1.09375
1.6488564821505678 1.6488564821505678 1.09375
1.9786277785806814 1.5583254277176537 1.09375
2.308399075010795 1.4440352313954525 1.09375
2.638170371440909 1.2997332538831479 1.09375
-2.493320684348246 1.5596799046597776 1.09375
-2.1816555988047153 1.7328422776745431 1.09375
-1.8699905132611843 1.8699905132611843 1.09375
-1.5583254277176537 1.9786277785806814 1.09375
-1.246660342174123 2.063262576297351 1.09375
-0.9349952566305921 2.1267623838644987 1.09375
-0.6233301710870615 2.170982547646709 1.09375
-0.31166508554353073 2.1970874841585046 1.09375
0.0 2.205720474130633 1.09375
0.31166508554353073 2.1970874841585046 1.09375
0.6233301710870615 2.170982547646709 1.09375
0.9349952566305921 2.1267623838644987 1.09375
1.246660342174123 2.063262576297351 1.09375
1.5583254277176537 1.9786277785806814 1.09375
1.8699905132611843 1.8699905132611843 1.09375
2.1816555988047153 1.7328422776745431 1.09375
2.493320684348246 1.5596799046597776 1.09375
-2.310456370232724 1.819626555436407 1.09375
-2.0216493239536333 2.0216493239536333 1.09375
-1.7328422776745431 2.1816555988047153 1.09375
-1.4440352313954525 2.308399075010795 1.09375
-1.155228185116362 2.4071396723469096 1.09375
-0.8664211388372716 2.4812227811752483 1.09375
-0.577614092558181 2.5328129722544936 1.09375
-0.2888070462790905 2.563268731518255 1.09375
0.0 2.573340553152405 1.09375
0.2888070462790905 2.563268731518255 1.09375
0.577614092558181 2.5328129722544936 1.09375
0.8664211388372716 2.4812227811752483 1.09375
1.155228185116362 2.4071396723469096 1.09375
1.4440352313954525 2.308399075010795 1.09375
1.7328422776745431 2.1816555988047153 1.09375
2.0216493239536333 2.0216493239536333 1.09375
2.310456370232724 1.819626555436407 1.09375
-2.0795732062130368 2.0795732062130368 1.09375
-1.819626555436407 2.310456370232724 1.09375
-1.5596799046597776 2.493320684348246 1.09375
-1.2997332538831479 2.638170371440909 1.09375
-1.0397866031065184 2.7510167683964677 1.09375
-0.7798399523298888 2.8356831784859984 1.09375
-0.5198933015532592 2.8946433968622785 1.09375
-0.2599466507766296 2.929449978878006 1.09375
0.0 2.9409606321741775 1.09375
0.2599466507766296 2.929449978878006 1.09375
0.5198933015532592 2.8946433968622785 1.09375
0.7798399523298888 2.8356831784859984 1.09375
1.0397866031065184 2.7510167683964677 1.09375
1.2997332538831479 2.638170371440909 1.09375
1.5596799046597776 2.493320684348246 1.09375
1.819626555436407 2.310456370232724 1.09375
2.0795732062130368 2.0795732062130368 1.09375
-2.0617358535712085 -2.0617358535712085 1.3125
-1.8040188718748074 -2.2906386379613757 1.3125
-1.5463018901784065 -2.4719344498252145 1.3125
-1.2885849084820054 -2.6155417017196303 1.3125
-1.0308679267856042 -2.7274201688274484 1.3125
-0.7731509450892032 -2.8113603603788806 1.3125
-0.5154339633928021 -2.8698148527706775 1.3125
-0.25771698169640106 -2.9043228844512616 1.3125
0.0 -2.9157348061512725 1.3125
0.25771698169640106 -2.9043228844512616 1.3125
0.5154339633928021 -2.8698148527706775 1.3125
0.7731509450892032 -2.8113603603788806 1.3125
1.0308679267856042 -2.7274201688274484 1.3125
1.2885849084820054 -2.6155417017196303 1.3125
1.5463018901784065 -2.4719344498252145 1.3125
1.8040188718748074 -2.2906386379613757 1.3125
2.0617358535712085 -2.0617358535712085 1.3125
-2.2906386379613757 -1.8040188718748074 1.3125
-2.0043088082162037 -2.0043088082162037 1.3125
-1.7179789784710318 -2.162942643597063 1.3125
-1.4316491487258598 -2.2885989890046767 1.3125
-1.1453193189806878 -2.3864926477240176 1.3125
-0.8589894892355159 -2.4599403153315205 1.3125
-0.5726596594903439 -2.511087996174343 1.3125
-0.28632982974517196 -2.5412825238948535 1.3125
0.0 -2.5512679553823636 1.3125
0.28632982974517196 -2.5412825238948535 1.3125
0.5726596594903439 -2.511087996174343 1.3125
0.8589894892355159 -2.4599403153315205 1.3125
1.1453193189806878 -2.3864926477240176 1.3125
1.4316491487258598 -2.2885989890046767 1.3125
1.7179789784710318 -2.162942643597063 1.3125
2.0043088082162037 -2.0043088082162037 1.3125
2.2906386379613757 -1.8040188718748074 1.3125
-2.4719344498252145 -1.5463018901784065 1.3125
-2.162942643597063 -1.7179789784710318 1.3125
-1.8539508373689109 -1.8539508373689109 1.3125
-1.544959031140759 -1.9616562762897227 1.3125
-1.2359672249126072 -2.0455651266205868 1.3125
-0.9269754186844554 -2.1085202702841603 1.3125
-0.6179836124563036 -2.1523611395780082 1.3125
-0.3089918062281518 -2.178242163338446 1.3125
0.0 -2.1868011046134543 1.3125
0.3089918062281518 -2.178242163338446 1.3125
0.6179836124563036 -2.1523611395780082 1.3125
0.9269754186844554 -2.1085202702841603 1.3125
1.2359672249126072 -2.0455651266205868 1.3125
1.544959031140759 -1.9616562762897227 1.3125
1.8539508373689109 -1.8539508373689109 1.3125
2.162942643597063 -1.7179789784710318 1.3125
2.4719344498252145 -1.5463018901784065 1.3125
-2.6155417017196303 -1.2885849084820054 1.3125
-2.2885989890046767 -1.4316491487258598 1.3125
-1.9616562762897227 -1.544959031140759 1.3125
-1.634713563574769 -1.634713563574769 1.3125
-1.3077708508598151 -1.7046376055171555 1.3125
-0.9808281381448614 -1.7571002252368007 1.3125
-0.6538854254299076 -1.7936342829816734 1.3125
-0.3269427127149538 -1.8152018027820385 1.3125
0.0 -1.8223342538445453 1.3125
0.3269427127149538 -1.8152018027820385 1.3125
0.6538854254299076 -1.7936342829816734 1.3125
0.9808281381448614 -1.7571002252368007 1.3125
1.3077708508598151 -1.7046376055171555 1.3125
1.634713563574769 -1.634713563574769 1.3125
1.9616562762897227 -1.544959031140759 1.3125
2.2885989890046767 -1.4316491487258598 1.3125
2.6155417017196303 -1.2885849084820054 1.3125
-2.7274201688274484 -1.0308679267856042 1.3125
-2.3864926477240176 -1.1453193189806878 1.3125
-2.0455651266205868 -1.2359672249126072 1.3125
-1.7046376055171555 -1.3077708508598151 1.3125
-1.3637100844137242 -1.3637100844137242 1.3125
-1.0227825633102934 -1.4056801801894403 1.3125
-0.6818550422068621 -1.4349074263853387 1.3125
-0.34092752110343105 -1.4521614422256308 1.3125
0.0 -1.4578674030756362 1.3125
0.34092752110343105 -1.4521614422256308 1.3125
0.6818550422068621 -1.4349074263853387 1.3125
1.0227825633102934 -1.4056801801894403 1.3125
1.3637100844137242 -1.3637100844137242 1.3125
1.7046376055171555 -1.3077708508598151 1.3125
2.0455651266205868 -1.2359672249126072 1.3125
2.3864926477240176 -1.1453193189806878 1.3125
2.7274201688274484 -1.0308679267856042 1.3125
-2.8113603603788806 -0.7731509450892032 1.3125
-2.4599403153315205 -0.8589894892355159 1.3125
-2.1085202702841603 -0.9269754186844554 1.3125
-1.7571002252368007 -0.9808281381448614 1.3125
-1.4056801801894403 -1.0227825633102934 1.3125
-1.0542601351420802 -1.0542601351420802 1.3125
-0.7028400900947201 -1.0761805697890041 1.3125
-0.3514200450473601 -1.089121081669223 1.3125
0.0 -1.0934005523067272 1.3125
0.3514200450473601 -1.089121081669223 1.3125
0.7028400900947201 -1.0761805697890041 1.3125
1.0542601351420802 -1.0542601351420802 1.3125
1.4056801801894403 -1.0227825633102934 1.3125
1.7571002252368007 -0.9808281381448614 1.3125
2.1085202702841603 -0.9269754186844554 1.3125
2.4599403153315205 -0.8589894892355159 1.3125
2.8113603603788806 -0.7731509450892032 1.3125
-2.8698148527706775 -0.5154339633928021 1.3125
-2.511087996174343 -0.5726596594903439 1.3125
-2.1523611395780082 -0.6179836124563036 1.3125
-1.7936342829816734 -0.6538854254299076 1.3125
-1.4349074263853387 -0.6818550422068621 1.3125
-1.0761805697890041 -0.7028400900947201 1.3125
-0.7174537131926694 -0.7174537131926694 1.3125
-0.3587268565963347 -0.7260807211128154 1.3125
0.0 -0.7289337015378181 1.3125
0.3587268565963347 -0.7260807211128154 1.3125
0.7174537131926694 -0.7174537131926694 1.3125
1.0761805697890041 -0.7028400900947201 1.3125
1.4349074263853387 -0.6818550422068621 1.3125
1.7936342829816734 -0.6538854254299076 1.3125
2.1523611395780082 -0.6179836124563036 1.3125
2.511087996174343 -0.5726596594903439 1.3125
2.8698148527706775 -0.5154339633928021 1.3125
-2.9043228844512616 -0.25771698169640106 1.3125
-2.5412825238948535 -0.28632982974517196 1.3125
-2.178242163338446 -0.3089918062281518 1.3125
-1.8152018027820385 -0.3269427127149538 1.3125
-1.4521614422256308 -0.34092752110343105 1.3125
-1.089121081669223 -0.3514200450473601 1.3125
-0.7260807211128154 -0.3587268565963347 1.3125
-0.3630403605564077 -0.3630403605564077 1.3125
0.0 -0.36446685076890906 1.3125
0.3630403605564077 -0.3630403605564077 1.3125
0.7260807211128154 -0.3587268565963347 1.3125
1.089121081669223 -0.3514200450473601 1.3125
1.4521614422256308 -0.34092752110343105 1.3125
1.8152018027820385 -0.3269427127149538 1.3125
2.178242163338446 -0.3089918062281518 1.3125
2.5412825238948535 -0.28632982974517196 1.3125
2.9043228844512616 -0.25771698169640106 1.3125
-2.9157348061512725 0.0 1.3125
-2.5512679553823636 0.0 1.3125
-2.1868011046134543 0.0 1.3125
-1.8223342538445453 0.0 1.3125
-1.4578674030756362 0.0 1.3125
-1.0934005523067272 0.0 1.3125
-0.7289337015378181 0.0 1.3125
-0.36446685076890906 0.0 1.3125
0.0 0.0 1.3125
0.36446685076890906 0.0 1.3125
0.7289337015378181 0.0 1.3125
1.0934005523067272 0.0 1.3125
1.4578674030756362 0.0 1.3125
1.8223342538445453 0.0 1.3125
2.1868011046134543 0.0 1.3125
2.5512679553823636 0.0 1.3125
2.9157348061512725 0.0 1.3125
-2.9043228844512616 0.25771698169640106 1.3125
-2.5412825238948535 0.28632982974517196 1.3125
-2.178242163338446 0.3089918062281518 1.3125
-1.8152018027820385 0.3269427127149538 1.3125
-1.4521614422256308 0.34092752110343105 1.3125
-1.089121081669223 0.3514200450473601 1.3125
-0.7260807211128154 0.3587268565963347 1.3125
-0.3630403605564077 0.3630403605564077 1.3125
0.0 0.36446685076890906 1.3125
0.3630403605564077 0.3630403605564077 1.3125
0.7260807211128154 0.3587268565963347 1.3125
1.089121081669223 0.3514200450473601 1.3125
1.4521614422256308 0.34092752110343105 1.3125
1.8152018027820385 0.3269427127149538 1.3125
2.178242163338446 0.3089918062281518 1.3125
2.5412825238948535 0.28632982974517196 1.3125
2.9043228844512616 0.25771698169640106 1.3125
-2.8698148527706775 0.5154339633928021 1.3125
-2.511087996174343 0.5726596594903439 1.3125
-2.1523611395780082 0.6179836124563036 1.3125
-1.7936342829816734 0.6538854254299076 1.3125
-1.4349074263853387 0.6818550422068621 1.3125
-1.0761805697890041 0.7028400900947201 1.3125
-0.7174537131926694 0.7174537131926694 1.3125
-0.3587268565963347 0.7260807211128154 1.3125
0.0 0.7289337015378181 1.3125
0.3587268565963347 0.7260807211128154 1.3125
0.7174537131926694 0.7174537131926694 1.3125
1.0761805697890041 0.7028400900947201 1.3125
1.4349074263853387 0.6818550422068621 1.3125
1.7936342829816734 0.6538854254299076 1.3125
2.1523611395780082 0.6179836124563036 1.3125
2.511087996174343 0.5726596594903439 1.3125
2.8698148527706775 0.5154339633928021 1.3125
-2.8113603603788806 0.7731509450892032 1.3125
-2.4599403153315205 0.8589894892355159 1.3125
-2.1085202702841603 0.9269754186844554 1.3125
-1.7571002252368007 0.9808281381448614 1.3125
-1.4056801801894403 1.0227825633102934 1.3125
-1.0542601351420802 1.0542601351420802 1.3125
-0.7028400900947201 1.0761805697890041 1.3125
-0.3514200450473601 1.089121081669223 1.3125
0.0 1.0934005523067272 1.3125
0.3514200450473601 1.089121081669223 1.3125
0.7028400900947201 1.0761805697890041 1.3125
1.0542601351420802 1.0542601351420802 1.3125
1.4056801801894403 1.0227825633102934 1.3125
1.7571002252368007 0.9808281381448614 1.3125
2.1085202702841603 0.9269754186844554 1.3125
2.4599403153315205 0.8589894892355159 1.3125
2.8113603603788806 0.7731509450892032 1.3125
-2.7274201688274484 1.0308679267856042 1.3125
-2.3864926477240176 1.1453193189806878 1.3125
-2.0455651266205868 1.2359672249126072 1.3125
-1.7046376055171555 1.3077708508598151 1.3125
-1.3637100844137242 1.3637100844137242 1.3125
-1.0227825633102934 1.4056801801894403 1.3125
-0.6818550422068621 1.4349074263853387 1.3125
-0.34092752110343105 1.4521614422256308 1.3125
0.0 1.4578674030756362 1.3125
0.34092752110343105 1.4521614422256308 1.3125
0.6818550422068621 1.4349074263853387 1.3125
1.0227825633102934 1.4056801801894403 1.3125
1.3637100844137242 1.3637100844137242 1.3125
1.7046376055171555 1.3077708508598151 1.3125
2.0455651266205868 1.2359672249126072 1.3125
2.3864926477240176 1.1453193189806878 1.3125
2.7274201688274484 1.0308679267856042 1.3125
-2.6155417017196303 1.2885849084820054 1.3125
-2.2885989890046767 1.4316491487258598 1.3125
-1.9616562762897227 1.544959031140759 1.3125
-1.634713563574769 1.634713563574769 1.3125
-1.3077708508598151 1.7046376055171555 1.3125
-0.9808281381448614 1.7571002252368007 1.3125
-0.6538854254299076 1.7936342829816734 1.3125
-0.3269427127149538 1.8152018027820385 1.3125
0.0 1.8223342538445453 1.3125
0.3269427127149538 1.8152018027820385 1.3125
0.6538854254299076 1.7936342829816734 1.3125
0.9808281381448614 1.7571002252368007 1.3125
1.3077708508598151 1.7046376055171555 1.3125
1.634713563574769 1.634713563574769 1.3125
1.9616562762897227 1.544959031140759 1.3125
2.2885989890046767 1.4316491487258598 1.3125
2.6155417017196303 1.2885849084820054 1.3125
-2.4719344498252145 1.5463018901784065 1.3125
-2.162942643597063 1.7179789784710318 1.3125
-1.8539508373689109 1.8539508373689109 1.3125
-1.544959031140759 1.9616562762897227 1.3125
-1.2359672249126072 2.0455651266205868 1.3125
-0.9269754186844554 2.1085202702841603 1.3125
-0.6179836124563036 2.1523611395780082 1.3125
-0.3089918062281518 2.178242163338446 1.3125
0.0 2.1868011046134543 1.3125
0.3089918062281518 2.178242163338446 1.3125
0.6179836124563036 2.1523611395780082 1.3125
0.9269754186844554 2.1085202702841603 1.3125
1.2359672249126072 2.0455651266205868 1.3125
1.544959031140759 1.9616562762897227 1.3125
1.8539508373689109 1.8539508373689109 1.3125
2.162942643597063 1.7179789784710318 1.3125
2.4719344498252145 1.5463018901784065 1.3125
-2.2906386379613757 1.8040188718748074 1.3125
-2.0043088082162037 2.0043088082162037 1.3125
-1.7179789784710318 2.162942643597063 1.3125
-1.4316491487258598 2.2885989890046767 1.3125
-1.1453193189806878 2.3864926477240176 1.3125
-0.8589894892355159 2.4599403153315205 1.3125
-0.5726596594903439 2.511087996174343 1.3125
-0.28632982974517196 2.5412825238948535 1.3125
0.0 2.5512679553823636 1.3125
0.28632982974517196 2.5412825238948535 1.3125
0.5726596594903439 2.511087996174343 1.3125
0.8589894892355159 2.4599403153315205 1.3125
1.1453193189806878 2.3864926477240176 1.3125
1.4316491487258598 2.2885989890046767 1.3125
1.7179789784710318 2.162942643597063 1.3125
2.0043088082162037 2.0043088082162037 1.3125
2.2906386379613757 1.8040188718748074 1.3125
-2.0617358535712085 2.0617358535712085 1.3125
-1.8040188718748074 2.2906386379613757 1.3125
-1.5463018901784065 2.4719344498252145 1.3125
-1.2885849084820054 2.6155417017196303 1.3125
-1.0308679267856042 2.7274201688274484 1.3125
-0.7731509450892032 2.8113603603788806 1.3125
-0.5154339633928021 2.8698148527706775 1.3125
-0.25771698169640106 2.9043228844512616 1.3125
0.0 2.9157348061512725 1.3125
0.25771698169640106 2.9043228844512616 1.3125
0.5154339633928021 2.8698148527706775 1.3125
0.7731509450892032 2.8113603603788806 1.3125
1.0308679267856042 2.7274201688274484 1.3125
1.2885849084820054 2.6155417017196303 1.3125
1.5463018901784065 2.4719344498252145 1.3125
1.8040188718748074 2.2906386379613757 1.3125
2.0617358535712085 2.0617358535712085 1.3125
-2.0410674197168084 -2.0410674197168084 1.53125
-1.785933992252207 -2.2676755056614586 1.53125
-1.5308005647876064 -2.4471538681711054 1.53125
-1.275667137323005 -2.589321489968557 1.53125
-1.0205337098584042 -2.700078400843483 1.53125
-0.7654002823938032 -2.7831771110316255 1.53125
-0.5102668549292021 -2.841045610408168 1.53125
-0.25513342746460105 -2.8752077069055417 1.53125
0.0 -2.8865052266813684 1.53125
0.25513342746460105 -2.8752077069055417 1.53125
0.5102668549292021 -2.841045610408168 1.53125
0.7654002823938032 -2.7831771110316255 1.53125
1.0205337098584042 -2.700078400843483 1.53125
1.275667137323005 -2.589321489968557 1.53125
1.5308005647876064 -2.4471538681711054 1.53125
1.785933992252207 -2.2676755056614586 1.53125
2.0410674197168084 -2.0410674197168084 1.53125
-2.2676755056614586 -1.785933992252207 1.53125
-1.984216067453776 -1.984216067453776 1.53125
-1.700756629246094 -2.1412596346497175 1.53125
-1.4172971910384116 -2.265656303722487 1.53125
-1.1338377528307293 -2.3625686007380478 1.53125
-0.850378314623047 -2.435279972152672 1.53125
-0.5669188764153646 -2.485914909107147 1.53125
-0.2834594382076823 -2.515806743542349 1.53125
0.0 -2.5256920733461974 1.53125
0.2834594382076823 -2.515806743542349 1.53125
0.5669188764153646 -2.485914909107147 1.53125
0.850378314623047 -2.435279972152672 1.53125
1.1338377528307293 -2.3625686007380478 1.53125
1.4172971910384116 -2.265656303722487 1.53125
1.700756629246094 -2.1412596346497175 1.53125
1.984216067453776 -1.984216067453776 1.53125
2.2676755056614586 -1.785933992252207 1.53125
-2.4471538681711054 -1.5308005647876064 1.53125
-2.1412596346497175 -1.700756629246094 1.53125
-1.8353654011283291 -1.8353654011283291 1.53125
-1.529471167606941 -1.9419911174764175 1.53125
-1.2235769340855527 -2.0250588006326122 1.53125
-0.9176827005641646 -2.087382833273719 1.53125
-0.6117884670427763 -2.130784207806126 1.53125
-0.30589423352138817 -2.1564057801791563 1.53125
0.0 -2.1648789200110263 1.53125
0.30589423352138817 -2.1564057801791563 1.53125
0.6117884670427763 -2.130784207806126 1.53125
0.9176827005641646 -2.087382833273719 1.53125
1.2235769340855527 -2.0250588006326122 1.53125
1.529471167606941 -1.9419911174764175 1.53125
1.8353654011283291 -1.8353654011283291 1.53125
2.1412596346497175 -1.700756629246094 1.53125
2.4471538681711054 -1.5308005647876064 1.53125
-2.589321489968557 -1.275667137323005 1.53125
-2.265656303722487 -1.4172971910384116 1.53125
-1.9419911174764175 -1.529471167606941 1.53125
-1.618325931230348 -1.618325931230348 1.53125
-1.2946607449842784 -1.687549000527177 1.53125
-0.9709955587382088 -1.739485694394766 1.53125
-0.6473303724921392 -1.775653506505105 1.53125
-0.3236651862460696 -1.7970048168159638 1.53125
0.0 -1.8040657666758553 1.53125
0.3236651862460696 -1.7970048168159638 1.53125
0.6473303724921392 -1.775653506505105 1.53125
0.9709955587382088 -1.739485694394766 1.53125
1.2946607449842784 -1.687549000527177 1.53125
1.618325931230348 -1.618325931230348 1.53125
1.9419911174764175 -1.529471167606941 1.53125
2.265656303722487 -1.4172971910384116 1.53125
2.589321489968557 -1.275667137323005 1.53125
-2.700078400843483 -1.0205337098584042 1.53125
-2.3625686007380478 -1.1338377528307293 1.53125
-2.0250588006326122 -1.2235769340855527 1.53125
-1.687549000527177 -1.2946607449842784 1.53125
-1.3500392004217414 -1.3500392004217414 1.53125
-1.0125294003163061 -1.3915885555158127 1.53125
-0.6750196002108707 -1.420522805204084 1.53125
-0.33750980010543535 -1.4376038534527709 1.53125
0.0 -1.4432526133406842 1.53125
0.33750980010543535 -1.4376038534527709 1.53125
0.6750196002108707 -1.420522805204084 1.53125
1.0125294003163061 -1.3915885555158127 1.53125
1.3500392004217414 -1.3500392004217414 1.53125
1.687549000527177 -1.2946607449842784 1.53125
2.0250588006326122 -1.2235769340855527 1.53125
2.3625686007380478 -1.1338377528307293 1.53125
2.700078400843483 -1.0205337098584042 1.53125
-2.7831771110316255 -0.7654002823938032 1.53125
-2.435279972152672 -0.850378314623047 1.53125
-2.087382833273719 -0.9176827005641646 1.53125
-1.739485694394766 -0.9709955587382088 1.53125
-1.3915885555158127 -1.0125294003163061 1.53125
-1.0436914166368596 -1.0436914166368596 1.53125
-0.6957942777579064 -1.065392103903063 1.53125
-0.3478971388789532 -1.0782028900895781 1.53125
0.0 -1.0824394600055132 1.53125
0.3478971388789532 -1.0782028900895781 1.53125
0.6957942777579064 -1.065392103903063 1.53125
1.0436914166368596 -1.0436914166368596 1.53125
1.3915885555158127 -1.0125294003163061 1.53125
1.739485694394766 -0.9709955587382088 1.53125
2.087382833273719 -0.9176827005641646 1.53125
2.435279972152672 -0.850378314623047 1.53125
2.7831771110316255 -0.7654002823938032 1.53125
-2.841045610408168 -0.5102668549292021 1.53125
-2.485914909107147 -0.5669188764153646 1.53125
-2.130784207806126 -0.6117884670427763 1.53125
-1.775653506505105 -0.6473303724921392 1.53125
-1.420522805204084 -0.6750196002108707 1.53125
-1.065392103903063 -0.6957942777579064 1.53125
-0.710261402602042 -0.710261402602042 1.53125
-0.355130701301021 -0.7188019267263854 1.53125
0.0 -0.7216263066703421 1.53125
0.355130701301021 -0.7188019267263854 1.53125
0.710261402602042 -0.710261402602042 1.53125
1.065392103903063 -0.6957942777579064 1.53125
1.420522805204084 -0.6750196002108707 1.53125
1.775653506505105 -0.6473303724921392 1.53125
2.130784207806126 -0.6117884670427763 1.53125
2.485914909107147 -0.5669188764153646 1.53125
2.841045610408168 -0.5102668549292021 1.53125
-2.8752077069055417 -0.25513342746460105 1.53125
-2.515806743542349 -0.2834594382076823 1.53125
-2.1564057801791563 -0.30589423352138817 1.53125
-1.7970048168159638 -0.3236651862460696 1.53125
-1.4376038534527709 -0.33750980010543535 1.53125
-1.0782028900895781 -0.3478971388789532 1.53125
-0.7188019267263854 -0.355130701301021 1.53125
-0.3594009633631927 -0.3594009633631927 1.53125
0.0 -0.36081315333517106 1.53125
0.3594009633631927 -0.3594009633631927 1.53125
0.7188019267263854 -0.355130701301021 1.53125
1.0782028900895781 -0.3478971388789532 1.53125
1.4376038534527709 -0.33750980010543535 1.53125
1.7970048168159638 -0.3236651862460696 1.53125
2.1564057801791563 -0.30589423352138817 1.53125
2.515806743542349 -0.2834594382076823 1.53125
2.8752077069055417 -0.25513342746460105 1.53125
-2.8865052266813684 0.0 1.53125
-2.5256920733461974 0.0 1.53125
-2.1648789200110263 0.0 1.53125
-1.8040657666758553 0.0 1.53125
-1.4432526133406842 0.0 1.53125
-1.0824394600055132 0.0 1.53125
-0.7216263066703421 0.0 1.53125
-0.36081315333517106 0.0 1.53125
0.0 0.0 1.53125
0.36081315333517106 0.0 1.53125
0.7216263066703421 0.0 1.53125
1.0824394600055132 0.0 1.53125
1.4432526133406842 0.0 1.53125
1.8040657666758553 0.0 1.53125
2.1648789200110263 0.0 1.53125
2.5256920733461974 0.0 1.53125
2.8865052266813684 0.0 1.53125
-2.8752077069055417 0.25513342746460105 1.53125
-2.515806743542349 0.2834594382076823 1.53125
-2.1564057801791563 0.30589423352138817 1.53125
-1.7970048168159638 0.3236651862460696 1.53125
-1.4376038534527709 0.33750980010543535 1.53125
-1.0782028900895781 0.3478971388789532 1.53125
-0.7188019267263854 0.355130701301021 1.53125
-0.3594009633631927 0.3594009633631927 1.53125
0.0 0.36081315333517106 1.53125
0.3594009633631927 0.3594009633631927 1.53125
0.7188019267263854 0.355130701301021 1.53125
1.0782028900895781 0.3478971388789532 1.53125
1.4376038534527709 0.33750980010543535 1.53125
1.7970048168159638 0.3236651862460696 1.53125
2.1564057801791563 0.30589423352138817 1.53125
2.515806743542349 0.2834594382076823 1.53125
2.8752077069055417 0.25513342746460105 1.53125
-2.841045610408168 0.5102668549292021 1.53125
-2.485914909107147 0.5669188764153646 1.53125
-2.130784207806126 0.6117884670427763 1.53125
-1.775653506505105 0.6473303724921392 1.53125
-1.420522805204084 0.6750196002108707 1.53125
-1.065392103903063 0.6957942777579064 1.53125
-0.710261402602042 0.710261402602042 1.53125
-0.355130701301021 0.7188019267263854 1.53125
0.0 0.7216263066703421 1.53125
0.355130701301021 0.7188019267263854 1.53125
0.710261402602042 0.710261402602042 1.53125
1.065392103903063 0.6957942777579064 1.53125
1.420522805204084 0.6750196002108707 1.53125
1.775653506505105 0.6473303724921392 1.53125
2.130784207806126 0.6117884670427763 1.53125
2.485914909107147 0.5669188764153646 1.53125
2.841045610408168 0.5102668549292021 1.53125
-2.7831771110316255 0.7654002823938032 1.53125
-2.435279972152672 0.850378314623047 1.53125
-2.087382833273719 0.9176827005641646 1.53125
-1.739485694394766 0.9709955587382088 1.53125
-1.3915885555158127 1.0125294003163061 1.53125
-1.0436914166368596 1.0436914166368596 1.53125
-0.6957942777579064 1.065392103903063 1.53125
-0.3478971388789532 1.0782028900895781 1.53125
0.0 1.0824394600055132 1.53125
0.3478971388789532 1.0782028900895781 1.53125
0.6957942777579064 1.065392103903063 1.53125
1.0436914166368596 1.0436914166368596 1.53125
1.3915885555158127 1.0125294003163061 1.53125
1.739485694394766 0.9709955587382088 1.53125
2.087382833273719 0.9176827005641646 1.53125
2.435279972152672 0.850378314623047 1.53125
2.7831771110316255 0.7654002823938032 1.53125
-2.700078400843483 1.0205337098584042 1.53125
-2.3625686007380478 1.1338377528307293 1.53125
-2.0250588006326122 1.2235769340855527 1.53125
-1.687549000527177 1.2946607449842784 1.53125
-1.3500392004217414 1.3500392004217414 1.53125
-1.0125294003163061 1.3915885555158127 1.53125
-0.6750196002108707 1.420522805204084 1.53125
-0.33750980010543535 1.4376038534527709 1.53125
0.0 1.4432526133406842 1.53125
0.33750980010543535 1.4376038534527709 1.53125
0.6750196002108707 1.420522805204084 1.53125
1.0125294003163061 1.3915885555158127 1.53125
1.3500392004217414 1.3500392004217414 1.53125
1.687549000527177 1.2946607449842784 1.53125
2.0250588006326122 1.2235769340855527 1.53125
2.3625686007380478 1.1338377528307293 1.53125
2.700078400843483 1.0205337098584042 1.53125
-2.589321489968557 1.275667137323005 1.53125
-2.265656303722487 1.4172971910384116 1.53125
-1.9419911174764175 1.529471167606941 1.53125
-1.618325931230348 1.618325931230348 1.53125
-1.2946607449842784 1.687549000527177 1.53125
-0.9709955587382088 1.739485694394766 1.53125
-0.6473303724921392 1.775653506505105 1.53125
-0.3236651862460696 1.7970048168159638 1.53125
0.0 1.8040657666758553 1.53125
0.3236651862460696 1.7970048168159638 1.53125
0.6473303724921392 1.775653506505105 1.53125
0.9709955587382088 1.739485694394766 1.53125
1.2946607449842784 1.687549000527177 1.53125
1.618325931230348 1.618325931230348 1.53125
1.9419911174764175 1.529471167606941 1.53125
2.265656303722487 1.4172971910384116 1.53125
2.589321489968557 1.275667137323005 1.53125
-2.4471538681711054 1.5308005647876064 1.53125
-2.1412596346497175 1.700756629246094 1.53125
-1.8353654011283291 1.8353654011283291 1.53125
-1.529471167606941 1.9419911174764175 1.53125
-1.2235769340855527 2.0250588006326122 1.53125
-0.9176827005641646 2.087382833273719 1.53125
-0.6117884670427763 2.130784207806126 1.53125
-0.30589423352138817 2.1564057801791563 1.53125
0.0 2.1648789200110263 1.53125
0.30589423352138817 2.1564057801791563 1.53125
0.6117884670427763 2.130784207806126 1.53125
0.9176827005641646 2.087382833273719 1.53125
1.2235769340855527 2.0250588006326122 1.53125
1.529471167606941 1.9419911174764175 1.53125
1.8353654011283291 1.8353654011283291 1.53125
2.1412596346497175 1.700756629246094 1.53125
2.4471538681711054 1.5308005647876064 1.53125
-2.2676755056614586 1.785933992252207 1.53125
-1.984216067453776 1.984216067453776 1.53125
-1.700756629246094 2.1412596346497175 1.53125
-1.4172971910384116 2.265656303722487 1.53125
-1.1338377528307293 2.3625686007380478 1.53125
-0.850378314623047 2.435279972152672 1.53125
-0.5669188764153646 2.485914909107147 1.53125
-0.2834594382076823 2.515806743542349 1.53125
0.0 2.5256920733461974 1.53125
0.2834594382076823 2.515806743542349 1.53125
0.5669188764153646 2.485914909107147 1.53125
0.850378314623047 2.435279972152672 1.53125
1.1338377528307293 2.3625686007380478 1.53125
1.4172971910384116 2.265656303722487 1.53125
1.700756629246094 2.1412596346497175 1.53125
1.984216067453776 1.984216067453776 1.53125
2.2676755056614586 1.785933992252207 1.53125
-2.0410674197168084 2.0410674197168084 1.53125
-1.785933992252207 2.2676755056614586 1.53125
-1.5308005647876064 2.4471538681711054 1.53125
-1.275667137323005 2.589321489968557 1.53125
-1.0205337098584042 2.700078400843483 1.53125
-0.7654002823938032 2.7831771110316255 1.53125
-0.5102668549292021 2.841045610408168 1.53125
-0.25513342746460105 2.8752077069055417 1.53125
0.0 2.8865052266813684 1.53125
0.25513342746460105 2.8752077069055417 1.53125
0.5102668549292021 2.841045610408168 1.53125
0.7654002823938032 2.7831771110316255 1.53125
1.0205337098584042 2.700078400843483 1.53125
1.275667137323005 2.589321489968557 1.53125
1.5308005647876064 2.4471538681711054 1.53125
1.785933992252207 2.2676755056614586 1.53125
2.0410674197168084 2.0410674197168084 1.53125
-2.017766952966369 -2.017766952966369 1.75
-1.7655460838455728 -2.2417881208499457 1.75
-1.5133252147247769 -2.4192175899336914 1.75
-1.2611043456039805 -2.5597622511602762 1.75
-1.0088834764831844 -2.6692547806167872 1.75
-0.7566626073623884 -2.7514048505419777 1.75
-0.5044417382415922 -2.8086127333055675 1.75
-0.2522208691207961 -2.842384841316587 1.75
0.0 -2.853553390593274 1.75
0.2522208691207961 -2.842384841316587 1.75
0.5044417382415922 -2.8086127333055675 1.75
0.7566626073623884 -2.7514048505419777 1.75
1.0088834764831844 -2.6692547806167872 1.75
1.2611043456039805 -2.5597622511602762 1.75
1.5133252147247769 -2.4192175899336914 1.75
1.7655460838455728 -2.2417881208499457 1.75
2.017766952966369 -2.017766952966369 1.75
-2.2417881208499457 -1.7655460838455728 1.75
-1.9615646057437026 -1.9615646057437026 1.75
-1.6813410906374595 -2.11681539119198 1.75
-1.4011175755312162 -2.2397919697652418 1.75
-1.1208940604249729 -2.335597933039689 1.75
-0.8406705453187298 -2.40747924422423 1.75
-0.5604470302124864 -2.4575361416423718 1.75
-0.2802235151062432 -2.4870867361520137 1.75
0.0 -2.496859216769115 1.75
0.2802235151062432 -2.4870867361520137 1.75
0.5604470302124864 -2.4575361416423718 1.75
0.8406705453187298 -2.40747924422423 1.75
1.1208940604249729 -2.335597933039689 1.75
1.4011175755312162 -2.2397919697652418 1.75
1.6813410906374595 -2.11681539119198 1.75
1.9615646057437026 -1.9615646057437026 1.75
2.2417881208499457 -1.7655460838455728 1.75
-2.4192175899336914 -1.5133252147247769 1.75
-2.11681539119198 -1.6813410906374595 1.75
-1.8144131924502684 -1.8144131924502684 1.75
-1.512010993708557 -1.919821688370207 1.75
-1.2096087949668457 -2.0019410854625908 1.75
-0.9072065962251342 -2.063553637906483 1.75
-0.6048043974834229 -2.1064595499791756 1.75
-0.3024021987417114 -2.1317886309874403 1.75
0.0 -2.1401650429449557 1.75
0.3024021987417114 -2.1317886309874403 1.75
0.6048043974834229 -2.1064595499791756 1.75
0.9072065962251342 -2.063553637906483 1.75
1.2096087949668457 -2.0019410854625908 1.75
1.512010993708557 -1.919821688370207 1.75
1.8144131924502684 -1.8144131924502684 1.75
2.11681539119198 -1.6813410906374595 1.75
2.4192175899336914 -1.5133252147247769 1.75
-2.5597622511602762 -1.2611043456039805 1.75
-2.2397919697652418 -1.4011175755312162 1.75
-1.919821688370207 -1.512010993708557 1.75
-1.5998514069751726 -1.5998514069751726 1.75
-1.2798811255801381 -1.6682842378854923 1.75
-0.9599108441851035 -1.719628031588736 1.75
-0.6399405627900691 -1.7553829583159797 1.75
-0.31997028139503453 -1.7764905258228672 1.75
0.0 -1.783470869120796 1.75
0.31997028139503453 -1.7764905258228672 1.75
0.6399405627900691 -1.7553829583159797 1.75
0.9599108441851035 -1.719628031588736 1.75
1.2798811255801381 -1.6682842378854923 1.75
1.5998514069751726 -1.5998514069751726 1.75
1.919821688370207 -1.512010993708557 1.75
2.2397919697652418 -1.4011175755312162 1.75
2.5597622511602762 -1.2611043456039805 1.75
-2.6692547806167872 -1.0088834764831844 1.75
-2.335597933039689 -1.1208940604249729 1.75
-2.0019410854625908 -1.2096087949668457 1.75
-1.6682842378854923 -1.2798811255801381 1.75
-1.3346273903083936 -1.3346273903083936 1.75
-1.0009705427312954 -1.3757024252709888 1.75
-0.6673136951541968 -1.4043063666527837 1.75
-0.3336568475770984 -1.4211924206582935 1.75
0.0 -1.426776695296637 1.75
0.3336568475770984 -1.4211924206582935 1.75
0.6673136951541968 -1.4043063666527837 1.75
1.0009705427312954 -1.3757024252709888 1.75
1.3346273903083936 -1.3346273903083936 1.75
1.6682842378854923 -1.2798811255801381 1.75
2.0019410854625908 -1.2096087949668457 1.75
2.335597933039689 -1.1208940604249729 1.75
2.6692547806167872 -1.0088834764831844 1.75
-2.7514048505419777 -0.7566626073623884 1.75
-2.40747924422423 -0.8406705453187298 1.75
-2.063553637906483 -0.9072065962251342 1.75
-1.719628031588736 -0.9599108441851035 1.75
-1.3757024252709888 -1.0009705427312954 1.75
-1.0317768189532415 -1.0317768189532415 1.75
-0.6878512126354944 -1.0532297749895878 1.75
-0.3439256063177472 -1.0658943154937202 1.75
0.0 -1.0700825214724778 1.75
0.3439256063177472 -1.0658943154937202 1.75
0.6878512126354944 -1.0532297749895878 1.75
1.0317768189532415 -1.0317768189532415 1.75
1.3757024252709888 -1.0009705427312954 1.75
1.719628031588736 -0.9599108441851035 1.75
2.063553637906483 -0.9072065962251342 1.75
2.40747924422423 -0.8406705453187298 1.75
2.7514048505419777 -0.7566626073623884 1.75
-2.8086127333055675 -0.5044417382415922 1.75
-2.4575361416423718 -0.5604470302124864 1.75
-2.1064595499791756 -0.6048043974834229 1.75
-1.7553829583159797 -0.6399405627900691 1.75
-1.4043063666527837 -0.6673136951541968 1.75
-1.0532297749895878 -0.6878512126354944 1.75
-0.7021531833263919 -0.7021531833263919 1.75
-0.35107659166319594 -0.7105962103291468 1.75
0.0 -0.7133883476483185 1.75
0.35107659166319594 -0.7105962103291468 1.75
0.7021531833263919 -0.7021531833263919 1.75
1.0532297749895878 -0.6878512126354944 1.75
1.4043063666527837 -0.6673136951541968 1.75
1.7553829583159797 -0.6399405627900691 1.75
2.1064595499791756 -0.6048043974834229 1.75
2.4575361416423718 -0.5604470302124864 1.75
2.8086127333055675 -0.5044417382415922 1.75
-2.842384841316587 -0.2522208691207961 1.75
-2.4870867361520137 -0.2802235151062432 1.75
-2.1317886309874403 -0.3024021987417114 1.75
-1.7764905258228672 -0.31997028139503453 1.75
-1.4211924206582935 -0.3336568475770984 1.75
-1.0658943154937202 -0.3439256063177472 1.75
-0.7105962103291468 -0.35107659166319594 1.75
-0.3552981051645734 -0.3552981051645734 1.75
0.0 -0.35669417382415924 1.75
0.3552981051645734 -0.3552981051645734 1.75
0.7105962103291468 -0.35107659166319594 1.75
1.0658943154937202 -0.3439256063177472 1.75
1.4211924206582935 -0.3336568475770984 1.75
1.7764905258228672 -0.31997028139503453 1.75
2.1317886309874403 -0.3024021987417114 1.75
2.4870867361520137 -0.2802235151062432 1.75
2.842384841316587 -0.2522208691207961 1.75
-2.853553390593274 0.0 1.75
-2.496859216769115 0.0 1.75
-2.1401650429449557 0.0 1.75
-1.783470869120796 0.0 1.75
-1.426776695296637 0.0 1.75
-1.0700825214724778 0.0 1.75
-0.7133883476483185 0.0 1.75
-0.35669417382415924 0.0 1.75
0.0 0.0 1.75
0.35669417382415924 0.0 1.75
0.7133883476483185 0.0 1.75
1.0700825214724778 0.0 1.75
1.426776695296637 0.0 1.75
1.783470869120796 0.0 1.75
2.1401650429449557 0.0 1.75
2.496859216769115 0.0 1.75
2.853553390593274 0.0 1.75
-2.842384841316587 0.2522208691207961 1.75
-2.4870867361520137 0.2802235151062432 1.75
-2.1317886309874403 0.3024021987417114 1.75
-1.7764905258228672 0.31997028139503453 1.75
-1.4211924206582935 0.3336568475770984 1.75
-1.0658943154937202 0.3439256063177472 1.75
-0.7105962103291468 0.35107659166319594 1.75
-0.3552981051645734 0.3552981051645734 1.75
0.0 0.35669417382415924 1.75
0.3552981051645734 0.3552981051645734 1.75
0.7105962103291468 0.35107659166319594 1.75
1.0658943154937202 0.3439256063177472 1.75
1.4211924206582935 0.3336568475770984 1.75
1.7764905258228672 0.31997028139503453 1.75
2.1317886309874403 0.3024021987417114 1.75
2.4870867361520137 0.2802235151062432 1.75
2.842384841316587 0.2522208691207961 1.75
-2.8086127333055675 0.5044417382415922 1.75
-2.4575361416423718 0.5604470302124864 1.75
-2.1064595499791756 0.6048043974834229 1.75
-1.7553829583159797 0.6399405627900691 1.75
-1.4043063666527837 0.6673136951541968 1.75
-1.0532297749895878 0.6878512126354944 1.75
-0.7021531833263919 0.7021531833263919 1.75
-0.35107659166319594 0.7105962103291468 1.75
0.0 0.7133883476483185 1.75
0.35107659166319594 0.7105962103291468 1.75
0.7021531833263919 0.7021531833263919 1.75
1.0532297749895878 0.6878512126354944 1.75
1.4043063666527837 0.6673136951541968 1.75
1.7553829583159797 0.6399405627900691 1.75
2.1064595499791756 0.6048043974834229 1.75
2.4575361416423718 0.5604470302124864 1.75
2.8086127333055675 0.5044417382415922 1.75
-2.7514048505419777 0.7566626073623884 1.75
-2.40747924422423 0.8406705453187298 1.75
-2.063553637906483 0.9072065962251342 1.75
-1.719628031588736 0.9599108441851035 1.75
-1.3757024252709888 1.0009705427312954 1.75
-1.0317768189532415 1.0317768189532415 1.75
-0.6878512126354944 1.0532297749895878 1.75
-0.3439256063177472 1.0658943154937202 1.75
0.0 1.0700825214724778 1.75
0.3439256063177472 1.0658943154937202 1.75
0.6878512126354944 1.0532297749895878 1.75
1.0317768189532415 1.0317768189532415 1.75
1.3757024252709888 1.0009705427312954 1.75
1.719628031588736 0.9599108441851035 1.75
2.063553637906483 0.9072065962251342 1.75
2.40747924422423 0.8406705453187298 1.75
2.7514048505419777 0.7566626073623884 1.75
-2.6692547806167872 1.0088834764831844 1.75
-2.335597933039689 1.1208940604249729 1.75
-2.0019410854625908 1.2096087949668457 1.75
-1.6682842378854923 1.2798811255801381 1.75
-1.3346273903083936 1.3346273903083936 1.75
-1.0009705427312954 1.3757024252709888 1.75
-0.6673136951541968 1.4043063666527837 1.75
-0.3336568475770984 1.4211924206582935 1.75
0.0 1.426776695296637 1.75
0.3336568475770984 1.4211924206582935 1.75
0.6673136951541968 1.4043063666527837 1.75
1.0009705427312954 1.3757024252709888 1.75
1.3346273903083936 1.3346273903083936 1.75
1.6682842378854923 1.2798811255801381 1.75
2.0019410854625908 1.2096087949668457 1.75
2.335597933039689 1.1208940604249729 1.75
2.6692547806167872 1.0088834764831844 1.75
-2.5597622511602762 1.2611043456039805 1.75
-2.2397919697652418 1.4011175755312162 1.75
-1.919821688370207 1.512010993708557 1.75
-1.5998514069751726 1.5998514069751726 1.75
-1.2798811255801381 1.6682842378854923 1.75
-0.9599108441851035 1.719628031588736 1.75
-0.6399405627900691 1.7553829583159797 1.75
-0.31997028139503453 1.7764905258228672 1.75
0.0 1.783470869120796 1.75
0.31997028139503453 1.7764905258228672 1.75
0.6399405627900691 1.7553829583159797 1.75
0.9599108441851035 1.719628031588736 1.75
1.2798811255801381 1.6682842378854923 1.75
1.5998514069751726 1.5998514069751726 1.75
1.919821688370207 1.512010993708557 1.75
2.2397919697652418 1.4011175755312162 1.75
2.5597622511602762 1.2611043456039805 1.75
-2.4192175899336914 1.5133252147247769 1.75
-2.11681539119198 1.6813410906374595 1.75
-1.8144131924502684 1.8144131924502684 1.75
-1.512010993708557 1.919821688370207 1.75
-1.2096087949668457 2.0019410854625908 1.75
-0.9072065962251342 2.063553637906483 1.75
-0.6048043974834229 2.1064595499791756 1.75
-0.3024021987417114 2.1317886309874403 1.75
0.0 2.1401650429449557 1.75
0.3024021987417114 2.1317886309874403 1.75
0.6048043974834229 2.1064595499791756 1.75
0.9072065962251342 2.063553637906483 1.75
1.2096087949668457 2.0019410854625908 1.75
1.512010993708557 1.919821688370207 1.75
1.8144131924502684 1.8144131924502684 1.75
2.11681539119198 1.6813410906374595 1.75
2.4192175899336914 1.5133252147247769 1.75
-2.2417881208499457 1.7655460838455728 1.75
-1.9615646057437026 1.9615646057437026 1.75
-1.6813410906374595 2.11681539119198 1.75
-1.4011175755312162 2.2397919697652418 1.75
-1.1208940604249729 2.335597933039689 1.75
-0.8406705453187298 2.40747924422423 1.75
-0.5604470302124864 2.4575361416423718 1.75
-0.2802235151062432 2.4870867361520137 1.75
0.0 2.496859216769115 1.75
0.2802235151062432 2.4870867361520137 1.75
0.5604470302124864 2.4575361416423718 1.75
0.8406705453187298 2.40747924422423 1.75
1.1208940604249729 2.335597933039689 1.75
1.4011175755312162 2.2397919697652418 1.75
1.6813410906374595 2.11681539119198 1.75
1.9615646057437026 1.9615646057437026 1.75
2.2417881208499457 1.7655460838455728 1.75
-2.017766952966369 2.017766952966369 1.75
-1.7655460838455728 2.2417881208499457 1.75
-1.5133252147247769 2.4192175899336914 1.75
-1.2611043456039805 2.5597622511602762 1.75
-1.0088834764831844 2.6692547806167872 1.75
-0.7566626073623884 2.7514048505419777 1.75
-0.5044417382415922 2.8086127333055675 1.75
-0.2522208691207961 2.842384841316587 1.75
0.0 2.853553390593274 1.75
0.2522208691207961 2.842384841316587 1.75
0.5044417382415922 2.8086127333055675 1.75
0.7566626073623884 2.7514048505419777 1.75
1.0088834764831844 2.6692547806167872 1.75
1.2611043456039805 2.5597622511602762 1.75
1.5133252147247769 2.4192175899336914 1.75
1.7655460838455728 2.2417881208499457 1.75
2.017766952966369 2.017766952966369 1.75
-1.9920588495520282 -1.9920588495520282 1.96875
-1.7430514933580246 -2.213225793194056 1.96875
-1.4940441371640212 -2.3883946567439214 1.96875
-1.2450367809700176 -2.5271486569232358 1.96875
-0.9960294247760141 -2.635246156460049 1.96875
-0.7470220685820106 -2.7163495631469363 1.96875
-0.49801471238800704 -2.7728285677989883 1.96875
-0.24900735619400352 -2.8061703898228223 1.96875
0.0 -2.817196642081823 1.96875
0.24900735619400352 -2.8061703898228223 1.96875
0.49801471238800704 -2.7728285677989883 1.96875
0.7470220685820106 -2.7163495631469363 1.96875
0.9960294247760141 -2.635246156460049 1.96875
1.2450367809700176 -2.5271486569232358 1.96875
1.4940441371640212 -2.3883946567439214 1.96875
1.7430514933580246 -2.213225793194056 1.96875
1.9920588495520282 -1.9920588495520282 1.96875
-2.213225793194056 -1.7430514933580246 1.96875
-1.936572569044799 -1.936572569044799 1.96875
-1.6599193448955423 -2.0898453246509314 1.96875
-1.383266120746285 -2.2112550748078315 1.96875
-1.106612896597028 -2.305840386902543 1.96875
-0.8299596724477711 -2.376805867753569 1.96875
-0.553306448298514 -2.4262249968241147 1.96875
-0.276653224149257 -2.4553990910949697 1.96875
0.0 -2.465047061821595 1.96875
0.276653224149257 -2.4553990910949697 1.96875
0.553306448298514 -2.4262249968241147 1.96875
0.8299596724477711 -2.376805867753569 1.96875
1.106612896597028 -2.305840386902543 1.96875
1.383266120746285 -2.2112550748078315 1.96875
1.6599193448955423 -2.0898453246509314 1.96875
1.936572569044799 -1.936572569044799 1.96875
2.213225793194056 -1.7430514933580246 1.96875
-2.3883946567439214 -1.4940441371640212 1.96875
-2.0898453246509314 -1.6599193448955423 1.96875
-1.791295992557941 -1.791295992557941 1.96875
-1.4927466604649509 -1.8953614926924267 1.96875
-1.1941973283719607 -1.976434617345037 1.96875
-0.8956479962789705 -2.0372621723602022 1.96875
-0.5970986641859803 -2.0796214258492416 1.96875
-0.29854933209299017 -2.1046277923671166 1.96875
0.0 -2.112897481561367 1.96875
0.29854933209299017 -2.1046277923671166 1.96875
0.5970986641859803 -2.0796214258492416 1.96875
0.8956479962789705 -2.0372621723602022 1.96875
1.1941973283719607 -1.976434617345037 1.96875
1.4927466604649509 -1.8953614926924267 1.96875
1.791295992557941 -1.791295992557941 1.96875
2.0898453246509314 -1.6599193448955423 1.96875
2.3883946567439214 -1.4940441371640212 1.96875
-2.5271486569232358 -1.2450367809700176 1.96875
-2.2112550748078315 -1.383266120746285 1.96875
-1.8953614926924267 -1.4927466604649509 1.96875
-1.5794679105770222 -1.5794679105770222 1.96875
-1.2635743284616179 -1.6470288477875308 1.96875
-0.9476807463462134 -1.6977184769668354 1.96875
-0.6317871642308089 -1.7330178548743678 1.96875
-0.31589358211540447 -1.7538564936392642 1.96875
0.0 -1.7607479013011393 1.96875
0.31589358211540447 -1.7538564936392642 1.96875
0.6317871642308089 -1.7330178548743678 1.96875
0.9476807463462134 -1.6977184769668354 1.96875
1.2635743284616179 -1.6470288477875308 1.96875
1.5794679105770222 -1.5794679105770222 1.96875
1.8953614926924267 -1.4927466604649509 1.96875
2.2112550748078315 -1.383266120746285 1.96875
2.5271486569232358 -1.2450367809700176 1.96875
-2.635246156460049 -0.9960294247760141 1.96875
-2.305840386902543 -1.106612896597028 1.96875
-1.976434617345037 -1.1941973283719607 1.96875
-1.6470288477875308 -1.2635743284616179 1.96875
-1.3176230782300244 -1.3176230782300244 1.96875
-0.9882173086725184 -1.3581747815734682 1.96875
-0.6588115391150122 -1.3864142838994942 1.96875
-0.3294057695575061 -1.4030851949114111 1.96875
0.0 -1.4085983210409114 1.96875
0.3294057695575061 -1.4030851949114111 1.96875
0.6588115391150122 -1.3864142838994942 1.96875
0.9882173086725184 -1.3581747815734682 1.96875
1.3176230782300244 -1.3176230782300244 1.96875
1.6470288477875308 -1.2635743284616179 1.96875
1.976434617345037 -1.1941973283719607 1.96875
2.305840386902543 -1.106612896597028 1.96875
2.635246156460049 -0.9960294247760141 1.96875
-2.7163495631469363 -0.7470220685820106 1.96875
-2.376805867753569 -0.8299596724477711 1.96875
-2.0372621723602022 -0.8956479962789705 1.96875
-1.6977184769668354 -0.9476807463462134 1.96875
-1.3581747815734682 -0.9882173086725184 1.96875
-1.0186310861801011 -1.0186310861801011 1.96875
-0.6790873907867341 -1.0398107129246208 1.96875
-0.33954369539336704 -1.0523138961835583 1.96875
0.0 -1.0564487407806835 1.96875
0.33954369539336704 -1.0523138961835583 1.96875
0.6790873907867341 -1.0398107129246208 1.96875
1.0186310861801011 -1.0186310861801011 1.96875
1.3581747815734682 -0.9882173086725184 1.96875
1.6977184769668354 -0.9476807463462134 1.96875
2.0372621723602022 -0.8956479962789705 1.96875
2.376805867753569 -0.8299596724477711 1.96875
2.7163495631469363 -0.7470220685820106 1.96875
-2.7728285677989883 -0.49801471238800704 1.96875
-2.4262249968241147 -0.553306448298514 1.96875
-2.0796214258492416 -0.5970986641859803 1.96875
-1.7330178548743678 -0.6317871642308089 1.96875
-1.3864142838994942 -0.6588115391150122 1.96875
-1.0398107129246208 -0.6790873907867341 1.96875
-0.6932071419497471 -0.6932071419497471 1.96875
-0.34660357097487354 -0.7015425974557056 1.96875
0.0 -0.7042991605204557 1.96875
0.34660357097487354 -0.7015425974557056 1.96875
0.6932071419497471 -0.6932071419497471 1.96875
1.0398107129246208 -0.6790873907867341 1.96875
1.3864142838994942 -0.6588115391150122 1.96875
1.7330178548743678 -0.6317871642308089 1.96875
2.0796214258492416 -0.5970986641859803 1.96875
2.4262249968241147 -0.553306448298514 1.96875
2.7728285677989883 -0.49801471238800704 1.96875
-2.8061703898228223 -0.24900735619400352 1.96875
-2.4553990910949697 -0.276653224149257 1.96875
-2.1046277923671166 -0.29854933209299017 1.96875
-1.7538564936392642 -0.31589358211540447 1.96875
-1.4030851949114111 -0.3294057695575061 1.96875
-1.0523138961835583 -0.33954369539336704 1.96875
-0.7015425974557056 -0.34660357097487354 1.96875
-0.3507712987278528 -0.3507712987278528 1.96875
0.0 -0.35214958026022786 1.96875
0.3507712987278528 -0.3507712987278528 1.96875
0.7015425974557056 -0.34660357097487354 1.96875
1.0523138961835583 -0.33954369539336704 1.96875
1.4030851949114111 -0.3294057695575061 1.96875
1.7538564936392642 -0.31589358211540447 1.96875
2.1046277923671166 -0.29854933209299017 1.96875
2.4553990910949697 -0.276653224149257 1.96875
2.8061703898228223 -0.24900735619400352 1.96875
-2.817196642081823 0.0 1.96875
-2.465047061821595 0.0 1.96875
-2.112897481561367 0.0 1.96875
-1.7607479013011393 0.0 1.96875
-1.4085983210409114 0.0 1.96875
-1.0564487407806835 0.0 1.96875
-0.7042991605204557 0.0 1.96875
-0.35214958026022786 0.0 1.96875
0.0 0.0 1.96875
0.35214958026022786 0.0 1.96875
0.7042991605204557 0.0 1.96875
1.0564487407806835 0.0 1.96875
1.4085983210409114 0.0 1.96875
1.7607479013011393 0.0 1.96875
2.112897481561367 0.0 1.96875
2.465047061821595 0.0 1.96875
2.817196642081823 0.0 1.96875
-2.8061703898228223 0.24900735619400352 1.96875
-2.4553990910949697 0.276653224149257 1.96875
-2.1046277923671166 0.29854933209299017 1.96875
-1.7538564936392642 0.31589358211540447 1.96875
-1.4030851949114111 0.3294057695575061 1.96875
-1.0523138961835583 0.33954369539336704 1.96875
-0.7015425974557056 0.34660357097487354 1.96875
-0.3507712987278528 0.3507712987278528 1.96875
0.0 0.35214958026022786 1.96875
0.3507712987278528 0.3507712987278528 1.96875
0.7015425974557056 0.34660357097487354 1.96875
1.0523138961835583 0.33954369539336704 1.96875
1.4030851949114111 0.3294057695575061 1.96875
1.7538564936392642 0.31589358211540447 1.96875
2.1046277923671166 0.29854933209299017 1.96875
2.4553990910949697 0.276653224149257 1.96875
2.8061703898228223 0.24900735619400352 1.96875
-2.7728285677989883 0.49801471238800704 1.96875
-2.4262249968241147 0.553306448298514 1.96875
-2.0796214258492416 0.5970986641859803 1.96875
-1.7330178548743678 0.6317871642308089 1.96875
-1.3864142838994942 0.6588115391150122 1.96875
-1.0398107129246208 0.6790873907867341 1.96875
-0.6932071419497471 0.6932071419497471 1.96875
-0.34660357097487354 0.7015425974557056 1.96875
0.0 0.7042991605204557 1.96875
0.34660357097487354 0.7015425974557056 1.96875
0.6932071419497471 0.6932071419497471 1.96875
1.0398107129246208 0.6790873907867341 1.96875
1.3864142838994942 0.6588115391150122 1.96875
1.7330178548743678 0.6317871642308089 1.96875
2.0796214258492416 0.5970986641859803 1.96875
2.4262249968241147 0.553306448298514 1.96875
2.7728285677989883 0.49801471238800704 1.96875
-2.7163495631469363 0.7470220685820106 1.96875
-2.376805867753569 0.8299596724477711 1.96875
-2.0372621723602022 0.8956479962789705 1.96875
-1.6977184769668354 0.9476807463462134 1.96875
-1.3581747815734682 0.9882173086725184 1.96875
-1.0186310861801011 1.0186310861801011 1.96875
-0.6790873907867341 1.0398107129246208 1.96875
-0.33954369539336704 1.0523138961835583 1.96875
0.0 1.0564487407806835 1.96875
0.33954369539336704 1.0523138961835583 1.96875
0.6790873907867341 1.0398107129246208 1.96875
1.0186310861801011 1.0186310861801011 1.96875
1.3581747815734682 0.9882173086725184 1.96875
1.6977184769668354 0.9476807463462134 1.96875
2.0372621723602022 0.8956479962789705 1.96875
2.376805867753569 0.8299596724477711 1.96875
2.7163495631469363 0.7470220685820106 1.96875
-2.635246156460049 0.9960294247760141 1.96875
-2.305840386902543 1.106612896597028 1.96875
-1.976434617345037 1.1941973283719607 1.96875
-1.6470288477875308 1.2635743284616179 1.96875
-1.3176230782300244 1.3176230782300244 1.96875
-0.9882173086725184 1.3581747815734682 1.96875
-0.6588115391150122 1.3864142838994942 1.96875
-0.3294057695575061 1.4030851949114111 1.96875
0.0 1.4085983210409114 1.96875
0.3294057695575061 1.4030851949114111 1.96875
0.6588115391150122 1.3864142838994942 1.96875
0.9882173086725184 1.3581747815734682 1.96875
1.3176230782300244 1.3176230782300244 1.96875
1.6470288477875308 1.2635743284616179 1.96875
1.976434617345037 1.1941973283719607 1.96875
2.305840386902543 1.106612896597028 1.96875
2.635246156460049 0.9960294247760141 1.96875
-2.5271486569232358 1.2450367809700176 1.96875
-2.2112550748078315 1.383266120746285 1.96875
-1.8953614926924267 1.4927466604649509 1.96875
-1.5794679105770222 1.5794679105770222 1.96875
-1.2635743284616179 1.6470288477875308 1.96875
-0.9476807463462134 1.6977184769668354 1.96875
-0.6317871642308089 1.7330178548743678 1.96875
-0.31589358211540447 1.7538564936392642 1.96875
0.0 1.7607479013011393 1.96875
0.31589358211540447 1.7538564936392642 1.96875
0.6317871642308089 1.7330178548743678 1.96875
0.9476807463462134 1.6977184769668354 1.96875
1.2635743284616179 1.6470288477875308 1.96875
1.5794679105770222 1.5794679105770222 1.96875
1.8953614926924267 1.4927466604649509 1.96875
2.2112550748078315 1.383266120746285 1.96875
2.5271486569232358 1.2450367809700176 1.96875
-2.3883946567439214 1.4940441371640212 1.96875
-2.0898453246509314 1.6599193448955423 1.96875
-1.791295992557941 1.791295992557941 1.96875
-1.4927466604649509 1.8953614926924267 1.96875
-1.1941973283719607 1.976434617345037 1.96875
-0.8956479962789705 2.0372621723602022 1.96875
-0.5970986641859803 2.0796214258492416 1.96875
-0.29854933209299017 2.1046277923671166 1.96875
0.0 2.112897481561367 1.96875
0.29854933209299017 2.1046277923671166 1.96875
0.5970986641859803 2.0796214258492416 1.96875
0.8956479962789705 2.0372621723602022 1.96875
1.1941973283719607 1.976434617345037 1.96875
1.4927466604649509 1.8953614926924267 1.96875
1.791295992557941 1.791295992557941 1.96875
2.0898453246509314 1.6599193448955423 1.96875
2.3883946567439214 1.4940441371640212 1.96875
-2.213225793194056 1.7430514933580246 1.96875
-1.936572569044799 1.936572569044799 1.96875
-1.6599193448955423 2.0898453246509314 1.96875
-1.383266120746285 2.2112550748078315 1.96875
-1.106612896597028 2.305840386902543 1.96875
-0.8299596724477711 2.376805867753569 1.96875
-0.553306448298514 2.4262249968241147 1.96875
-0.276653224149257 2.4553990910949697 1.96875
0.0 2.465047061821595 1.96875
0.276653224149257 2.4553990910949697 1.96875
0.553306448298514 2.4262249968241147 1.96875
0.8299596724477711 2.376805867753569 1.96875
1.106612896597028 2.305840386902543 1.96875
1.383266120746285 2.2112550748078315 1.96875
1.6599193448955423 2.0898453246509314 1.96875
1.936572569044799 1.936572569044799 1.96875
2.213225793194056 1.7430514933580246 1.96875
-1.9920588495520282 1.9920588495520282 1.96875
-1.7430514933580246 2.213225793194056 1.96875
-1.4940441371640212 2.3883946567439214 1.96875
-1.2450367809700176 2.5271486569232358 1.96875
-0.9960294247760141 2.635246156460049 1.96875
-0.7470220685820106 2.7163495631469363 1.96875
-0.49801471238800704 2.7728285677989883 1.96875
-0.24900735619400352 2.8061703898228223 1.96875
0.0 2.817196642081823 1.96875
0.24900735619400352 2.8061703898228223 1.96875
0.49801471238800704 2.7728285677989883 1.96875
0.7470220685820106 2.7163495631469363 1.96875
0.9960294247760141 2.635246156460049 1.96875
1.2450367809700176 2.5271486569232358 1.96875
1.4940441371640212 2.3883946567439214 1.96875
1.7430514933580246 2.213225793194056 1.96875
1.9920588495520282 1.9920588495520282 1.96875
-1.9641906925631445 -1.9641906925631445 2.1875
-1.7186668559927514 -2.1822635935228725 2.1875
-1.4731430194223585 -2.3549819102979423 2.1875
-1.2276191828519654 -2.4917947939983427 2.1875
-0.9820953462815722 -2.5983800500149026 2.1875
-0.7365715097111792 -2.6783488504272857 2.1875
-0.4910476731407861 -2.7340377349638736 2.1875
-0.24552383657039306 -2.766913117388966 2.1875
0.0 -2.777785116509801 2.1875
0.24552383657039306 -2.766913117388966 2.1875
0.4910476731407861 -2.7340377349638736 2.1875
0.7365715097111792 -2.6783488504272857 2.1875
0.9820953462815722 -2.5983800500149026 2.1875
1.2276191828519654 -2.4917947939983427 2.1875
1.4731430194223585 -2.3549819102979423 2.1875
1.7186668559927514 -2.1822635935228725 2.1875
1.9641906925631445 -1.9641906925631445 2.1875
-2.1822635935228725 -1.7186668559927514 2.1875
-1.9094806443325134 -1.9094806443325134 2.1875
-1.6366976951421546 -2.0606091715106998 2.1875
-1.3639147459517953 -2.1803204447485496 2.1875
-1.0911317967614362 -2.2735825437630397 2.1875
-0.8183488475710773 -2.3435552441238747 2.1875
-0.5455658983807181 -2.3922830180933894 2.1875
-0.27278294919035906 -2.421048977715345 2.1875
0.0 -2.430561976946076 2.1875
0.27278294919035906 -2.421048977715345 2.1875
0.5455658983807181 -2.3922830180933894 2.1875
0.8183488475710773 -2.3435552441238747 2.1875
1.0911317967614362 -2.2735825437630397 2.1875
1.3639147459517953 -2.1803204447485496 2.1875
1.6366976951421546 -2.0606091715106998 2.1875
1.9094806443325134 -1.9094806443325134 2.1875
2.1822635935228725 -1.7186668559927514 2.1875
-2.3549819102979423 -1.4731430194223585 2.1875
-2.0606091715106998 -1.6366976951421546 2.1875
-1.7662364327234568 -1.7662364327234568 2.1875
-1.4718636939362142 -1.8688460954987567 2.1875
-1.1774909551489712 -1.948785037511177 2.1875
-0.8831182163617284 -2.0087616378204642 2.1875
-0.5887454775744856 -2.0505283012229056 2.1875
-0.2943727387872428 -2.075184838041724 2.1875
0.0 -2.083338837382351 2.1875
0.2943727387872428 -2.075184838041724 2.1875
0.5887454775744856 -2.0505283012229056 2.1875
0.8831182163617284 -2.0087616378204642 2.1875
1.1774909551489712 -1.948785037511177 2.1875
1.4718636939362142 -1.8688460954987567 2.1875
1.7662364327234568 -1.7662364327234568 2.1875
2.0606091715106998 -1.6366976951421546 2.1875
2.3549819102979423 -1.4731430194223585 2.1875
-2.4917947939983427 -1.2276191828519654 2.1875
-2.1803204447485496 -1.3639147459517953 2.1875
-1.8688460954987567 -1.4718636939362142 2.1875
-1.557371746248964 -1.557371746248964 2.1875
-1.2458973969991713 -1.6239875312593142 2.1875
-0.9344230477493783 -1.6739680315170538 2.1875
-0.6229486984995857 -1.708773584352421 2.1875
-0.31147434924979284 -1.7293206983681038 2.1875
0.0 -1.7361156978186256 2.1875
0.31147434924979284 -1.7293206983681038 2.1875
0.6229486984995857 -1.708773584352421 2.1875
0.9344230477493783 -1.6739680315170538 2.1875
1.2458973969991713 -1.6239875312593142 2.1875
1.557371746248964 -1.557371746248964 2.1875
1.8688460954987567 -1.4718636939362142 2.1875
2.1803204447485496 -1.3639147459517953 2.1875
2.4917947939983427 -1.2276191828519654 2.1875
-2.5983800500149026 -0.9820953462815722 2.1875
-2.2735825437630397 -1.0911317967614362 2.1875
-1.948785037511177 -1.1774909551489712 2.1875
-1.6239875312593142 -1.2458973969991713 2.1875
-1.2991900250074513 -1.2991900250074513 2.1875
-0.9743925187555885 -1.3391744252136428 2.1875
-0.6495950125037256 -1.3670188674819368 2.1875
-0.3247975062518628 -1.383456558694483 2.1875
0.0 -1.3888925582549005 2.1875
0.3247975062518628 -1.383456558694483 2.1875
0.6495950125037256 -1.3670188674819368 2.1875
0.9743925187555885 -1.3391744252136428 2.1875
1.2991900250074513 -1.2991900250074513 2.1875
1.6239875312593142 -1.2458973969991713 2.1875
1.948785037511177 -1.1774909551489712 2.1875
2.2735825437630397 -1.0911317967614362 2.1875
2.5983800500149026 -0.9820953462815722 2.1875
-2.6783488504272857 -0.7365715097111792 2.1875
-2.3435552441238747 -0.8183488475710773 2.1875
-2.0087616378204642 -0.8831182163617284 2.1875
-1.6739680315170538 -0.9344230477493783 2.1875
-1.3391744252136428 -0.9743925187555885 2.1875
-1.0043808189102321 -1.0043808189102321 2.1875
-0.6695872126068214 -1.0252641506114528 2.1875
-0.3347936063034107 -1.037592419020862 2.1875
0.0 -1.0416694186911755 2.1875
0.3347936063034107 -1.037592419020862 2.1875
0.6695872126068214 -1.0252641506114528 2.1875
1.0043808189102321 -1.0043808189102321 2.1875
1.3391744252136428 -0.9743925187555885 2.1875
1.6739680315170538 -0.9344230477493783 2.1875
2.0087616378204642 -0.8831182163617284 2.1875
2.3435552441238747 -0.8183488475710773 2.1875
2.6783488504272857 -0.7365715097111792 2.1875
-2.7340377349638736 -0.4910476731407861 2.1875
-2.3922830180933894 -0.5455658983807181 2.1875
-2.0505283012229056 -0.5887454775744856 2.1875
-1.708773584352421 -0.6229486984995857 2.1875
-1.3670188674819368 -0.6495950125037256 2.1875
-1.0252641506114528 -0.6695872126068214 2.1875
-0.6835094337409684 -0.6835094337409684 2.1875
-0.3417547168704842 -0.6917282793472415 2.1875
0.0 -0.6944462791274503 2.1875
0.3417547168704842 -0.6917282793472415 2.1875
0.6835094337409684 -0.6835094337409684 2.1875
1.0252641506114528 -0.6695872126068214 2.1875
1.3670188674819368 -0.6495950125037256 2.1875
1.708773584352421 -0.6229486984995857 2.1875
2.0505283012229056 -0.5887454775744856 2.1875
2.3922830180933894 -0.5455658983807181 2.1875
2.7340377349638736 -0.4910476731407861 2.1875
-2.766913117388966 -0.24552383657039306 2.1875
-2.421048977715345 -0.27278294919035906 2.1875
-2.075184838041724 -0.2943727387872428 2.1875
-1.7293206983681038 -0.31147434924979284 2.1875
-1.383456558694483 -0.3247975062518628 2.1875
-1.037592419020862 -0.3347936063034107 2.1875
-0.6917282793472415 -0.3417547168704842 2.1875
-0.34586413967362073 -0.34586413967362073 2.1875
0.0 -0.34722313956372514 2.1875
0.34586413967362073 -0.34586413967362073 2.1875
0.6917282793472415 -0.3417547168704842 2.1875
1.037592419020862 -0.3347936063034107 2.1875
1.383456558694483 -0.3247975062518628 2.1875
1.7293206983681038 -0.31147434924979284 2.1875
2.075184838041724 -0.2943727387872428 2.1875
2.421048977715345 -0.27278294919035906 2.1875
2.766913117388966 -0.24552383657039306 2.1875
-2.777785116509801 0.0 2.1875
-2.430561976946076 0.0 2.1875
-2.083338837382351 0.0 2.1875
-1.7361156978186256 0.0 2.1875
-1.3888925582549005 0.0 2.1875
-1.0416694186911755 0.0 2.1875
-0.6944462791274503 0.0 2.1875
-0.34722313956372514 0.0 2.1875
0.0 0.0 2.1875
0.34722313956372514 0.0 2.1875
0.6944462791274503 0.0 2.1875
1.0416694186911755 0.0 2.1875
1.3888925582549005 0.0 2.1875
1.7361156978186256 0.0 2.1875
2.083338837382351 0.0 2.1875
2.430561976946076 0.0 2.1875
2.777785116509801 0.0 2.1875
-2.766913117388966 0.24552383657039306 2.1875
-2.421048977715345 0.27278294919035906 2.1875
-2.075184838041724 0.2943727387872428 2.1875
-1.7293206983681038 0.31147434924979284 2.1875
-1.383456558694483 0.3247975062518628 2.1875
-1.037592419020862 0.3347936063034107 2.1875
-0.6917282793472415 0.3417547168704842 2.1875
-0.34586413967362073 0.34586413967362073 2.1875
0.0 0.34722313956372514 2.1875
0.34586413967362073 0.34586413967362073 2.1875
0.6917282793472415 0.3417547168704842 2.1875
1.037592419020862 0.3347936063034107 2.1875
1.383456558694483 0.3247975062518628 2.1875
1.7293206983681038 0.31147434924979284 2.1875
2.075184838041724 0.2943727387872428 2.1875
2.421048977715345 0.27278294919035906 2.1875
2.766913117388966 0.24552383657039306 2.1875
-2.7340377349638736 0.4910476731407861 2.1875
-2.3922830180933894 0.5455658983807181 2.1875
-2.0505283012229056 0.5887454775744856 2.1875
-1.708773584352421 0.6229486984995857 2.1875
-1.3670188674819368 0.6495950125037256 2.1875
-1.0252641506114528 0.6695872126068214 2.1875
-0.6835094337409684 0.6835094337409684 2.1875
-0.3417547168704842 0.6917282793472415 2.1875
0.0 0.6944462791274503 2.1875
0.3417547168704842 0.6917282793472415 2.1875
0.6835094337409684 0.6835094337409684 2.1875
1.0252641506114528 0.6695872126068214 2.1875
1.3670188674819368 0.6495950125037256 2.1875
1.708773584352421 0.6229486984995857 2.1875
2.0505283012229056 0.5887454775744856 2.1875
2.3922830180933894 0.5455658983807181 2.1875
2.7340377349638736 0.4910476731407861 2.1875
-2.6783488504272857 0.7365715097111792 2.1875
-2.3435552441238747 0.8183488475710773 2.1875
-2.0087616378204642 0.8831182163617284 2.1875
-1.6739680315170538 0.9344230477493783 2.1875
-1.3391744252136428 0.9743925187555885 2.1875
-1.0043808189102321 1.0043808189102321 2.1875
-0.6695872126068214 1.0252641506114528 2.1875
-0.3347936063034107 1.037592419020862 2.1875
0.0 1.0416694186911755 2.1875
0.3347936063034107 1.037592419020862 2.1875
0.6695872126068214 1.0252641506114528 2.1875
1.0043808189102321 1.0043808189102321 2.1875
1.3391744252136428 0.9743925187555885 2.1875
1.6739680315170538 0.9344230477493783 2.1875
2.0087616378204642 0.8831182163617284 2.1875
2.3435552441238747 0.8183488475710773 2.1875
2.6783488504272857 0.7365715097111792 2.1875
-2.5983800500149026 0.9820953462815722 2.1875
-2.2735825437630397 1.0911317967614362 2.1875
-1.948785037511177 1.1774909551489712 2.1875
-1.6239875312593142 1.2458973969991713 2.1875
-1.2991900250074513 1.2991900250074513 2.1875
-0.9743925187555885 1.3391744252136428 2.1875
-0.6495950125037256 1.3670188674819368 2.1875
-0.3247975062518628 1.383456558694483 2.1875
0.0 1.3888925582549005 2.1875
0.3247975062518628 1.383456558694483 2.1875
0.6495950125037256 1.3670188674819368 2.1875
0.9743925187555885 1.3391744252136428 2.1875
1.2991900250074513 1.2991900250074513 2.1875
1.6239875312593142 1.2458973969991713 2.1875
1.948785037511177 1.1774909551489712 2.1875
2.2735825437630397 1.0911317967614362 2.1875
2.5983800500149026 0.9820953462815722 2.1875
-2.4917947939983427 1.2276191828519654 2.1875
-2.1803204447485496 1.3639147459517953 2.1875
-1.8688460954987567 1.4718636939362142 2.1875
-1.557371746248964 1.557371746248964 2.1875
-1.2458973969991713 1.6239875312593142 2.1875
-0.9344230477493783 1.6739680315170538 2.1875
-0.6229486984995857 1.708773584352421 2.1875
-0.31147434924979284 1.7293206983681038 2.1875
0.0 1.7361156978186256 2.1875
0.31147434924979284 1.7293206983681038 2.1875
0.6229486984995857 1.708773584352421 2.1875
0.9344230477493783 1.6739680315170538 2.1875
1.2458973969991713 1.6239875312593142 2.1875
1.557371746248964 1.557371746248964 2.1875
1.8688460954987567 1.4718636939362142 2.1875
2.1803204447485496 1.3639147459517953 2.1875
2.4917947939983427 1.2276191828519654 2.1875
-2.3549819102979423 1.4731430194223585 2.1875
-2.0606091715106998 1.6366976951421546 2.1875
-1.7662364327234568 1.7662364327234568 2.1875
-1.4718636939362142 1.8688460954987567 2.1875
-1.1774909551489712 1.948785037511177 2.1875
-0.8831182163617284 2.0087616378204642 2.1875
-0.5887454775744856 2.0505283012229056 2.1875
-0.2943727387872428 2.075184838041724 2.1875
0.0 2.083338837382351 2.1875
0.2943727387872428 2.075184838041724 2.1875
0.5887454775744856 2.0505283012229056 2.1875
0.8831182163617284 2.0087616378204642 2.1875
1.1774909551489712 1.948785037511177 2.1875
1.4718636939362142 1.8688460954987567 2.1875
1.7662364327234568 1.7662364327234568 2.1875
2.0606091715106998 1.6366976951421546 2.1875
2.3549819102979423 1.4731430194223585 2.1875
-2.1822635935228725 1.7186668559927514 2.1875
-1.9094806443325134 1.9094806443325134 2.1875
-1.6366976951421546 2.0606091715106998 2.1875
-1.3639147459517953 2.1803204447485496 2.1875
-1.0911317967614362 2.2735825437630397 2.1875
-0.8183488475710773 2.3435552441238747 2.1875
-0.5455658983807181 2.3922830180933894 2.1875
-0.27278294919035906 2.421048977715345 2.1875
0.0 2.430561976946076 2.1875
0.27278294919035906 2.421048977715345 2.1875
0.5455658983807181 2.3922830180933894 2.1875
0.8183488475710773 2.3435552441238747 2.1875
1.0911317967614362 2.2735825437630397 2.1875
1.3639147459517953 2.1803204447485496 2.1875
1.6366976951421546 2.0606091715106998 2.1875
1.9094806443325134 1.9094806443325134 2.1875
2.1822635935228725 1.7186668559927514 2.1875
-1.9641906925631445 1.9641906925631445 2.1875
-1.7186668559927514 2.1822635935228725 2.1875
-1.4731430194223585 2.3549819102979423 2.1875
-1.2276191828519654 2.4917947939983427 2.1875
-0.9820953462815722 2.5983800500149026 2.1875
-0.7365715097111792 2.6783488504272857 2.1875
-0.4910476731407861 2.7340377349638736 2.1875
-0.24552383657039306 2.766913117388966 2.1875
0.0 2.777785116509801 2.1875
0.24552383657039306 2.766913117388966 2.1875
0.4910476731407861 2.7340377349638736 2.1875
0.7365715097111792 2.6783488504272857 2.1875
0.9820953462815722 2.5983800500149026 2.1875
1.2276191828519654 2.4917947939983427 2.1875
1.4731430194223585 2.3549819102979423 2.1875
1.7186668559927514 2.1822635935228725 2.1875
1.9641906925631445 1.9641906925631445 2.1875
-1.9344308675858057 -1.9344308675858057 2.40625
-1.69262700913758 -2.1491997047448885 2.40625
-1.4508231506893543 -2.319301133609295 2.40625
-1.2090192922411285 -2.4540411394119506 2.40625
-0.9672154337929029 -2.5590115020394792 2.40625
-0.7254115753446772 -2.637768680019819 2.40625
-0.48360771689645143 -2.692613811725652 2.40625
-0.24180385844822572 -2.7249910930087635 2.40625
0.0 -2.735698368412999 2.40625
0.24180385844822572 -2.7249910930087635 2.40625
0.48360771689645143 -2.692613811725652 2.40625
0.7254115753446772 -2.637768680019819 2.40625
0.9672154337929029 -2.5590115020394792 2.40625
1.2090192922411285 -2.4540411394119506 2.40625
1.4508231506893543 -2.319301133609295 2.40625
1.69262700913758 -2.1491997047448885 2.40625
1.9344308675858057 -1.9344308675858057 2.40625
-2.1491997047448885 -1.69262700913758 2.40625
-1.8805497416517774 -1.8805497416517774 2.40625
-1.6118997785586664 -2.0293884919081333 2.40625
-1.3432498154655552 -2.147285996985457 2.40625
-1.0745998523724443 -2.2391350642845445 2.40625
-0.8059498892793332 -2.3080475950173414 2.40625
-0.5372999261862221 -2.356037085259946 2.40625
-0.26864996309311107 -2.384367206382668 2.40625
0.0 -2.3937360723613743 2.40625
0.26864996309311107 -2.384367206382668 2.40625
0.5372999261862221 -2.356037085259946 2.40625
0.8059498892793332 -2.3080475950173414 2.40625
1.0745998523724443 -2.2391350642845445 2.40625
1.3432498154655552 -2.147285996985457 2.40625
1.6118997785586664 -2.0293884919081333 2.40625
1.8805497416517774 -1.8805497416517774 2.40625
2.1491997047448885 -1.69262700913758 2.40625
-2.319301133609295 -1.4508231506893543 2.40625
-2.0293884919081333 -1.6118997785586664 2.40625
-1.7394758502069712 -1.7394758502069712 2.40625
-1.4495632085058092 -1.840530854558963 2.40625
-1.1596505668046475 -1.9192586265296094 2.40625
-0.8697379251034856 -1.9783265100148641 2.40625
-0.5798252834023238 -2.0194603587942392 2.40625
-0.2899126417011619 -2.0437433197565724 2.40625
0.0 -2.051773776309749 2.40625
0.2899126417011619 -2.0437433197565724 2.40625
0.5798252834023238 -2.0194603587942392 2.40625
0.8697379251034856 -1.9783265100148641 2.40625
1.1596505668046475 -1.9192586265296094 2.40625
1.4495632085058092 -1.840530854558963 2.40625
1.7394758502069712 -1.7394758502069712 2.40625
2.0293884919081333 -1.6118997785586664 2.40625
2.319301133609295 -1.4508231506893543 2.40625
-2.4540411394119506 -1.2090192922411285 2.40625
-2.147285996985457 -1.3432498154655552 2.40625
-1.840530854558963 -1.4495632085058092 2.40625
-1.533775712132469 -1.533775712132469 2.40625
-1.2270205697059753 -1.5993821887746746 2.40625
-0.9202654272794815 -1.648605425012387 2.40625
-0.6135102848529876 -1.6828836323285326 2.40625
-0.3067551424264938 -1.7031194331304773 2.40625
0.0 -1.7098114802581243 2.40625
0.3067551424264938 -1.7031194331304773 2.40625
0.6135102848529876 -1.6828836323285326 2.40625
0.9202654272794815 -1.648605425012387 2.40625
1.2270205697059753 -1.5993821887746746 2.40625
1.533775712132469 -1.533775712132469 2.40625
1.840530854558963 -1.4495632085058092 2.40625
2.147285996985457 -1.3432498154655552 2.40625
2.4540411394119506 -1.2090192922411285 2.40625
-2.5590115020394792 -0.9672154337929029 2.40625
-2.2391350642845445 -1.0745998523724443 2.40625
-1.9192586265296094 -1.1596505668046475 2.40625
-1.5993821887746746 -1.2270205697059753 2.40625
-1.2795057510197396 -1.2795057510197396 2.40625
-0.9596293132648047 -1.3188843400099095 2.40625
-0.6397528755098698 -1.346306905862826 2.40625
-0.3198764377549349 -1.3624955465043818 2.40625
0.0 -1.3678491842064995 2.40625
0.3198764377549349 -1.3624955465043818 2.40625
0.6397528755098698 -1.346306905862826 2.40625
0.9596293132648047 -1.3188843400099095 2.40625
1.2795057510197396 -1.2795057510197396 2.40625
1.5993821887746746 -1.2270205697059753 2.40625
1.9192586265296094 -1.1596505668046475 2.40625
2.2391350642845445 -1.0745998523724443 2.40625
2.5590115020394792 -0.9672154337929029 2.40625
-2.637768680019819 -0.7254115753446772 2.40625
-2.3080475950173414 -0.8059498892793332 2.40625
-1.9783265100148641 -0.8697379251034856 2.40625
-1.648605425012387 -0.9202654272794815 2.40625
-1.3188843400099095 -0.9596293132648047 2.40625
-0.9891632550074321 -0.9891632550074321 2.40625
-0.6594421700049548 -1.0097301793971196 2.40625
-0.3297210850024774 -1.0218716598782862 2.40625
0.0 -1.0258868881548746 2.40625
0.3297210850024774 -1.0218716598782862 2.40625
0.6594421700049548 -1.0097301793971196 2.40625
0.9891632550074321 -0.9891632550074321 2.40625
1.3188843400099095 -0.9596293132648047 2.40625
1.648605425012387 -0.9202654272794815 2.40625
1.9783265100148641 -0.8697379251034856 2.40625
2.3080475950173414 -0.8059498892793332 2.40625
2.637768680019819 -0.7254115753446772 2.40625
-2.692613811725652 -0.48360771689645143 2.40625
-2.356037085259946 -0.5372999261862221 2.40625
-2.0194603587942392 -0.5798252834023238 2.40625
-1.6828836323285326 -0.6135102848529876 2.40625
-1.346306905862826 -0.6397528755098698 2.40625
-1.0097301793971196 -0.6594421700049548 2.40625
-0.673153452931413 -0.673153452931413 2.40625
-0.3365767264657065 -0.6812477732521909 2.40625
0.0 -0.6839245921032497 2.40625
0.3365767264657065 -0.6812477732521909 2.40625
0.673153452931413 -0.673153452931413 2.40625
1.0097301793971196 -0.6594421700049548 2.40625
1.346306905862826 -0.6397528755098698 2.40625
1.6828836323285326 -0.6135102848529876 2.40625
2.0194603587942392 -0.5798252834023238 2.40625
2.356037085259946 -0.5372999261862221 2.40625
2.692613811725652 -0.48360771689645143 2.40625
-2.7249910930087635 -0.24180385844822572 2.40625
-2.384367206382668 -0.26864996309311107 2.40625
-2.0437433197565724 -0.2899126417011619 2.40625
-1.7031194331304773 -0.3067551424264938 2.40625
-1.3624955465043818 -0.3198764377549349 2.40625
-1.0218716598782862 -0.3297210850024774 2.40625
-0.6812477732521909 -0.3365767264657065 2.40625
-0.34062388662609544 -0.34062388662609544 2.40625
0.0 -0.34196229605162487 2.40625
0.34062388662609544 -0.34062388662609544 2.40625
0.6812477732521909 -0.3365767264657065 2.40625
1.0218716598782862 -0.3297210850024774 2.40625
1.3624955465043818 -0.3198764377549349 2.40625
1.7031194331304773 -0.3067551424264938 2.40625
2.0437433197565724 -0.2899126417011619 2.40625
2.384367206382668 -0.26864996309311107 2.40625
2.7249910930087635 -0.24180385844822572 2.40625
-2.735698368412999 0.0 2.40625
-2.3937360723613743 0.0 2.40625
-2.051773776309749 0.0 2.40625
-1.7098114802581243 0.0 2.40625
-1.3678491842064995 0.0 2.40625
-1.0258868881548746 0.0 2.40625
-0.6839245921032497 0.0 2.40625
-0.34196229605162487 0.0 2.40625
0.0 0.0 2.40625
0.34196229605162487 0.0 2.40625
0.6839245921032497 0.0 2.40625
1.0258868881548746 0.0 2.40625
1.3678491842064995 0.0 2.40625
1.7098114802581243 0.0 2.40625
2.051773776309749 0.0 2.40625
2.3937360723613743 0.0 2.40625
2.735698368412999 0.0 2.40625
-2.7249910930087635 0.24180385844822572 2.40625
-2.384367206382668 0.26864996309311107 2.40625
-2.0437433197565724 0.2899126417011619 2.40625
-1.7031194331304773 0.3067551424264938 2.40625
-1.3624955465043818 0.3198764377549349 2.40625
-1.0218716598782862 0.3297210850024774 2.40625
-0.6812477732521909 0.3365767264657065 2.40625
-0.34062388662609544 0.34062388662609544 2.40625
0.0 0.34196229605162487 2.40625
0.34062388662609544 0.34062388662609544 2.40625
0.6812477732521909 0.3365767264657065 2.40625
1.0218716598782862 0.3297210850024774 2.40625
1.3624955465043818 0.3198764377549349 2.40625
1.7031194331304773 0.3067551424264938 2.40625
2.0437433197565724 0.2899126417011619 2.40625
2.384367206382668 0.26864996309311107 2.40625
2.7249910930087635 0.24180385844822572 2.40625
-2.692613811725652 0.48360771689645143 2.40625
-2.356037085259946 0.5372999261862221 2.40625
-2.0194603587942392 0.5798252834023238 2.40625
-1.6828836323285326 0.6135102848529876 2.40625
-1.346306905862826 0.6397528755098698 2.40625
-1.0097301793971196 0.6594421700049548 2.40625
-0.673153452931413 0.673153452931413 2.40625
-0.3365767264657065 0.6812477732521909 2.40625
0.0 0.6839245921032497 2.40625
0.3365767264657065 0.6812477732521909 2.40625
0.673153452931413 0.673153452931413 2.40625
1.0097301793971196 0.6594421700049548 2.40625
1.346306905862826 0.6397528755098698 2.40625
1.6828836323285326 0.6135102848529876 2.40625
2.0194603587942392 0.5798252834023238 2.40625
2.356037085259946 0.5372999261862221 2.40625
2.692613811725652 0.48360771689645143 2.40625
-2.637768680019819 0.7254115753446772 2.40625
-2.3080475950173414 0.8059498892793332 2.40625
-1.9783265100148641 0.8697379251034856 2.40625
-1.648605425012387 0.9202654272794815 2.40625
-1.3188843400099095 0.9596293132648047 2.40625
-0.9891632550074321 0.9891632550074321 2.40625
-0.6594421700049548 1.0097301793971196 2.40625
-0.3297210850024774 1.0218716598782862 2.40625
0.0 1.0258868881548746 2.40625
0.3297210850024774 1.0218716598782862 2.40625
0.6594421700049548 1.0097301793971196 2.40625
0.9891632550074321 0.9891632550074321 2.40625
1.3188843400099095 0.9596293132648047 2.40625
1.648605425012387 0.9202654272794815 2.40625
1.9783265100148641 0.8697379251034856 2.40625
2.3080475950173414 0.8059498892793332 2.40625
2.637768680019819 0.7254115753446772 2.40625
-2.5590115020394792 0.9672154337929029 2.40625
-2.2391350642845445 1.0745998523724443 2.40625
-1.9192586265296094 1.1596505668046475 2.40625
-1.5993821887746746 1.2270205697059753 2.40625
-1.2795057510197396 1.2795057510197396 2.40625
-0.9596293132648047 1.3188843400099095 2.40625
-0.6397528755098698 1.346306905862826 2.40625
-0.3198764377549349 1.3624955465043818 2.40625
0.0 1.3678491842064995 2.40625
0.3198764377549349 1.3624955465043818 2.40625
0.6397528755098698 1.346306905862826 2.40625
0.9596293132648047 1.3188843400099095 2.40625
1.2795057510197396 1.2795057510197396 2.40625
1.5993821887746746 1.2270205697059753 2.40625
1.9192586265296094 1.1596505668046475 2.40625
2.2391350642845445 1.0745998523724443 2.40625
2.5590115020394792 0.9672154337929029 2.40625
-2.4540411394119506 1.2090192922411285 2.40625
-2.147285996985457 1.3432498154655552 2.40625
-1.840530854558963 1.4495632085058092 2.40625
-1.533775712132469 1.533775712132469 2.40625
-1.2270205697059753 1.5993821887746746 2.40625
-0.9202654272794815 1.648605425012387 2.40625
-0.6135102848529876 1.6828836323285326 2.40625
-0.3067551424264938 1.7031194331304773 2.40625
0.0 1.7098114802581243 2.40625
0.3067551424264938 1.7031194331304773 2.40625
0.6135102848529876 1.6828836323285326 2.40625
0.9202654272794815 1.648605425012387 2.40625
1.2270205697059753 1.5993821887746746 2.40625
1.533775712132469 1.533775712132469 2.40625
1.840530854558963 1.4495632085058092 2.40625
2.147285996985457 1.3432498154655552 2.40625
2.4540411394119506 1.2090192922411285 2.40625
-2.319301133609295 1.4508231506893543 2.40625
-2.0293884919081333 1.6118997785586664 2.40625
-1.7394758502069712 1.7394758502069712 2.40625
-1.4495632085058092 1.840530854558963 2.40625
-1.1596505668046475 1.9192586265296094 2.40625
-0.8697379251034856 1.9783265100148641 2.40625
-0.5798252834023238 2.0194603587942392 2.40625
-0.2899126417011619 2.0437433197565724 2.40625
0.0 2.051773776309749 2.40625
0.2899126417011619 2.0437433197565724 2.40625
0.5798252834023238 2.0194603587942392 2.40625
0.8697379251034856 1.9783265100148641 2.40625
1.1596505668046475 1.9192586265296094 2.40625
1.4495632085058092 1.840530854558963 2.40625
1.7394758502069712 1.7394758502069712 2.40625
2.0293884919081333 1.6118997785586664 2.40625
2.319301133609295 1.4508231506893543 2.40625
-2.1491997047448885 1.69262700913758 2.40625
-1.8805497416517774 1.8805497416517774 2.40625
-1.6118997785586664 2.0293884919081333 2.40625
-1.3432498154655552 2.147285996985457 2.40625
-1.0745998523724443 2.2391350642845445 2.40625
-0.8059498892793332 2.3080475950173414 2.40625
-0.5372999261862221 2.356037085259946 2.40625
-0.26864996309311107 2.384367206382668 2.40625
0.0 2.3937360723613743 2.40625
0.26864996309311107 2.384367206382668 2.40625
0.5372999261862221 2.356037085259946 2.40625
0.8059498892793332 2.3080475950173414 2.40625
1.0745998523724443 2.2391350642845445 2.40625
1.3432498154655552 2.147285996985457 2.40625
1.6118997785586664 2.0293884919081333 2.40625
1.8805497416517774 1.8805497416517774 2.40625
2.1491997047448885 1.69262700913758 2.40625
-1.9344308675858057 1.9344308675858057 2.40625
-1.69262700913758 2.1491997047448885 2.40625
-1.4508231506893543 2.319301133609295 2.40625
-1.2090192922411285 2.4540411394119506 2.40625
-0.9672154337929029 2.5590115020394792 2.40625
-0.7254115753446772 2.637768680019819 2.40625
-0.48360771689645143 2.692613811725652 2.40625
-0.24180385844822572 2.7249910930087635 2.40625
0.0 2.735698368412999 2.40625
0.24180385844822572 2.7249910930087635 2.40625
0.48360771689645143 2.692613811725652 2.40625
0.7254115753446772 2.637768680019819 2.40625
0.9672154337929029 2.5590115020394792 2.40625
1.2090192922411285 2.4540411394119506 2.40625
1.4508231506893543 2.319301133609295 2.40625
1.69262700913758 2.1491997047448885 2.40625
1.9344308675858057 1.9344308675858057 2.40625
-1.9030659780029182 -1.9030659780029182 2.625
-1.6651827307525533 -2.114352550183596 2.625
-1.4272994835021886 -2.281695952062586 2.625
-1.1894162362518237 -2.414251281495974 2.625
-0.9515329890014591 -2.517519653171819 2.625
-0.7136497417510943 -2.5949998611489367 2.625
-0.47576649450072955 -2.6489557331097275 2.625
-0.23788324725036478 -2.680808048693906 2.625
0.0 -2.691341716182545 2.625
0.23788324725036478 -2.680808048693906 2.625
0.47576649450072955 -2.6489557331097275 2.625
0.7136497417510943 -2.5949998611489367 2.625
0.9515329890014591 -2.517519653171819 2.625
1.1894162362518237 -2.414251281495974 2.625
1.4272994835021886 -2.281695952062586 2.625
1.6651827307525533 -2.114352550183596 2.625
1.9030659780029182 -1.9030659780029182 2.625
-2.114352550183596 -1.6651827307525533 2.625
-1.8500584814106464 -1.8500584814106464 2.625
-1.585764412637697 -1.996483958054763 2.625
-1.3214703438647475 -2.112469871308977 2.625
-1.057176275091798 -2.2028296965253413 2.625
-0.7928822063188485 -2.27062487850532 2.625
-0.528588137545899 -2.3178362664710117 2.625
-0.2642940687729495 -2.3457070426071676 2.625
0.0 -2.3549240016597266 2.625
0.2642940687729495 -2.3457070426071676 2.625
0.528588137545899 -2.3178362664710117 2.625
0.7928822063188485 -2.27062487850532 2.625
1.057176275091798 -2.2028296965253413 2.625
1.3214703438647475 -2.112469871308977 2.625
1.585764412637697 -1.996483958054763 2.625
1.8500584814106464 -1.8500584814106464 2.625
2.114352550183596 -1.6651827307525533 2.625
-2.281695952062586 -1.4272994835021886 2.625
-1.996483958054763 -1.585764412637697 2.625
-1.7112719640469396 -1.7112719640469396 2.625
-1.4260599700391163 -1.8106884611219802 2.625
-1.140847976031293 -1.8881397398788642 2.625
-0.8556359820234698 -1.9462498958617027 2.625
-0.5704239880156465 -1.9867167998322957 2.625
-0.28521199400782327 -2.0106060365204295 2.625
0.0 -2.0185062871369084 2.625
0.28521199400782327 -2.0106060365204295 2.625
0.5704239880156465 -1.9867167998322957 2.625
0.8556359820234698 -1.9462498958617027 2.625
1.140847976031293 -1.8881397398788642 2.625
1.4260599700391163 -1.8106884611219802 2.625
1.7112719640469396 -1.7112719640469396 2.625
1.996483958054763 -1.585764412637697 2.625
2.281695952062586 -1.4272994835021886 2.625
-2.414251281495974 -1.1894162362518237 2.625
-2.112469871308977 -1.3214703438647475 2.625
-1.8106884611219802 -1.4260599700391163 2.625
-1.5089070509349833 -1.5089070509349833 2.625
-1.207125640747987 -1.5734497832323868 2.625
-0.9053442305609901 -1.6218749132180856 2.625
-0.6035628203739934 -1.6555973331935796 2.625
-0.3017814101869967 -1.6755050304336914 2.625
0.0 -1.6820885726140906 2.625
0.3017814101869967 -1.6755050304336914 2.625
0.6035628203739934 -1.6555973331935796 2.625
0.9053442305609901 -1.6218749132180856 2.625
1.207125640747987 -1.5734497832323868 2.625
1.5089070509349833 -1.5089070509349833 2.625
1.8106884611219802 -1.4260599700391163 2.625
2.112469871308977 -1.3214703438647475 2.625
2.414251281495974 -1.1894162362518237 2.625
-2.517519653171819 -0.9515329890014591 2.625
-2.2028296965253413 -1.057176275091798 2.625
-1.8881397398788642 -1.140847976031293 2.625
-1.5734497832323868 -1.207125640747987 2.625
-1.2587598265859095 -1.2587598265859095 2.625
-0.9440698699394321 -1.2974999305744683 2.625
-0.6293799132929547 -1.3244778665548638 2.625
-0.31468995664647736 -1.340404024346953 2.625
0.0 -1.3456708580912724 2.625
0.31468995664647736 -1.340404024346953 2.625
0.6293799132929547 -1.3244778665548638 2.625
0.9440698699394321 -1.2974999305744683 2.625
1.2587598265859095 -1.2587598265859095 2.625
1.5734497832323868 -1.207125640747987 2.625
1.8881397398788642 -1.140847976031293 2.625
2.2028296965253413 -1.057176275091798 2.625
2.517519653171819 -0.9515329890014591 2.625
-2.5949998611489367 -0.7136497417510943 2.625
-2.27062487850532 -0.7928822063188485 2.625
-1.9462498958617027 -0.8556359820234698 2.625
-1.6218749132180856 -0.9053442305609901 2.625
-1.2974999305744683 -0.9440698699394321 2.625
-0.9731249479308514 -0.9731249479308514 2.625
-0.6487499652872342 -0.9933583999161478 2.625
-0.3243749826436171 -1.0053030182602147 2.625
0.0 -1.0092531435684542 2.625
0.3243749826436171 -1.0053030182602147 2.625
0.6487499652872342 -0.9933583999161478 2.625
0.9731249479308514 -0.9731249479308514 2.625
1.2974999305744683 -0.9440698699394321 2.625
1.6218749132180856 -0.9053442305609901 2.625
1.9462498958617027 -0.8556359820234698 2.625
2.27062487850532 -0.7928822063188485 2.625
2.5949998611489367 -0.7136497417510943 2.625
-2.6489557331097275 -0.47576649450072955 2.625
-2.3178362664710117 -0.528588137545899 2.625
-1.9867167998322957 -0.5704239880156465 2.625
-1.6555973331935796 -0.6035628203739934 2.625
-1.3244778665548638 -0.6293799132929547 2.625
-0.9933583999161478 -0.6487499652872342 2.625
-0.6622389332774319 -0.6622389332774319 2.625
-0.33111946663871594 -0.6702020121734765 2.625
0.0 -0.6728354290456362 2.625
0.33111946663871594 -0.6702020121734765 2.625
0.6622389332774319 -0.6622389332774319 2.625
0.9933583999161478 -0.6487499652872342 2.625
1.3244778665548638 -0.6293799132929547 2.625
1.6555973331935796 -0.6035628203739934 2.625
1.9867167998322957 -0.5704239880156465 2.625
2.3178362664710117 -0.528588137545899 2.625
2.6489557331097275 -0.47576649450072955 2.625
-2.680808048693906 -0.23788324725036478 2.625
-2.3457070426071676 -0.2642940687729495 2.625
-2.0106060365204295 -0.28521199400782327 2.625
-1.6755050304336914 -0.3017814101869967 2.625
-1.340404024346953 -0.31468995664647736 2.625
-1.0053030182602147 -0.3243749826436171 2.625
-0.6702020121734765 -0.33111946663871594 2.625
-0.33510100608673826 -0.33510100608673826 2.625
0.0 -0.3364177145228181 2.625
0.33510100608673826 -0.33510100608673826 2.625
0.6702020121734765 -0.33111946663871594 2.625
1.0053030182602147 -0.3243749826436171 2.625
1.340404024346953 -0.31468995664647736 2.625
1.6755050304336914 -0.3017814101869967 2.625
2.0106060365204295 -0.28521199400782327 2.625
2.3457070426071676 -0.2642940687729495 2.625
2.680808048693906 -0.23788324725036478 2.625
-2.691341716182545 0.0 2.625
-2.3549240016597266 0.0 2.625
-2.0185062871369084 0.0 2.625
-1.6820885726140906 0.0 2.625
-1.3456708580912724 0.0 2.625
-1.0092531435684542 0.0 2.625
-0.6728354290456362 0.0 2.625
-0.3364177145228181 0.0 2.625
0.0 0.0 2.625
0.3364177145228181 0.0 2.625
0.6728354290456362 0.0 2.625
1.0092531435684542 0.0 2.625
1.3456708580912724 0.0 2.625
1.6820885726140906 0.0 2.625
2.0185062871369084 0.0 2.625
2.3549240016597266 0.0 2.625
2.691341716182545 0.0 2.625
-2.680808048693906 0.23788324725036478 2.625
-2.3457070426071676 0.2642940687729495 2.625
-2.0106060365204295 0.28521199400782327 2.625
-1.6755050304336914 0.3017814101869967 2.625
-1.340404024346953 0.31468995664647736 2.625
-1.0053030182602147 0.3243749826436171 2.625
-0.6702020121734765 0.33111946663871594 2.625
-0.33510100608673826 0.33510100608673826 2.625
0.0 0.3364177145228181 2.625
0.33510100608673826 0.33510100608673826 2.625
0.6702020121734765 0.33111946663871594 2.625
1.0053030182602147 0.3243749826436171 2.625
1.340404024346953 0.31468995664647736 2.625
1.6755050304336914 0.3017814101869967 2.625
2.0106060365204295 0.28521199400782327 2.625
2.3457070426071676 0.2642940687729495 2.625
2.680808048693906 0.23788324725036478 2.625
-2.6489557331097275 0.47576649450072955 2.625
-2.3178362664710117 0.528588137545899 2.625
-1.9867167998322957 0.5704239880156465 2.625
-1.6555973331935796 0.6035628203739934 2.625
-1.3244778665548638 0.6293799132929547 2.625
-0.9933583999161478 0.6487499652872342 2.625
-0.6622389332774319 0.6622389332774319 2.625
-0.33111946663871594 0.6702020121734765 2.625
0.0 0.6728354290456362 2.625
0.33111946663871594 0.6702020121734765 2.625
0.6622389332774319 0.6622389332774319 2.625
0.9933583999161478 0.6487499652872342 2.625
1.3244778665548638 0.6293799132929547 2.625
1.6555973331935796 0.6035628203739934 2.625
1.9867167998322957 0.5704239880156465 2.625
2.3178362664710117 0.528588137545899 2.625
2.6489557331097275 0.47576649450072955 2.625
-2.5949998611489367 0.7136497417510943 2.625
-2.27062487850532 0.7928822063188485 2.625
-1.9462498958617027 0.8556359820234698 2.625
-1.6218749132180856 0.9053442305609901 2.625
-1.2974999305744683 0.9440698699394321 2.625
-0.9731249479308514 0.9731249479308514 2.625
-0.6487499652872342 0.9933583999161478 2.625
-0.3243749826436171 1.0053030182602147 2.625
0.0 1.0092531435684542 2.625
0.3243749826436171 1.0053030182602147 2.625
0.6487499652872342 0.9933583999161478 2.625
0.9731249479308514 0.9731249479308514 2.625
1.2974999305744683 0.9440698699394321 2.625
1.6218749132180856 0.9053442305609901 2.625
1.9462498958617027 0.8556359820234698 2.625
2.27062487850532 0.7928822063188485 2.625
2.5949998611489367 0.7136497417510943 2.625
-2.517519653171819 0.9515329890014591 2.625
-2.2028296965253413 1.057176275091798 2.625
-1.8881397398788642 1.140847976031293 2.625
-1.5734497832323868 1.207125640747987 2.625
-1.2587598265859095 1.2587598265859095 2.625
-0.9440698699394321 1.2974999305744683 2.625
-0.6293799132929547 1.3244778665548638 2.625
-0.31468995664647736 1.340404024346953 2.625
0.0 1.3456708580912724 2.625
0.31468995664647736 1.340404024346953 2.625
0.6293799132929547 1.3244778665548638 2.625
0.9440698699394321 1.2974999305744683 2.625
1.2587598265859095 1.2587598265859095 2.625
1.5734497832323868 1.207125640747987 2.625
1.8881397398788642 1.140847976031293 2.625
2.2028296965253413 1.057176275091798 2.625
2.517519653171819 0.9515329890014591 2.625
-2.414251281495974 1.1894162362518237 2.625
-2.112469871308977 1.3214703438647475 2.625
-1.8106884611219802 1.4260599700391163 2.625
-1.5089070509349833 1.5089070509349833 2.625
-1.207125640747987 1.5734497832323868 2.625
-0.9053442305609901 1.6218749132180856 2.625
-0.6035628203739934 1.6555973331935796 2.625
-0.3017814101869967 1.6755050304336914 2.625
0.0 1.6820885726140906 2.625
0.3017814101869967 1.6755050304336914 2.625
0.6035628203739934 1.6555973331935796 2.625
0.9053442305609901 1.6218749132180856 2.625
1.207125640747987 1.5734497832323868 2.625
1.5089070509349833 1.5089070509349833 2.625
1.8106884611219802 1.4260599700391163 2.625
2.112469871308977 1.3214703438647475 2.625
2.414251281495974 1.1894162362518237 2.625
-2.281695952062586 1.4272994835021886 2.625
-1.996483958054763 1.585764412637697 2.625
-1.7112719640469396 1.7112719640469396 2.625
-1.4260599700391163 1.8106884611219802 2.625
-1.140847976031293 1.8881397398788642 2.625
-0.8556359820234698 1.9462498958617027 2.625
-0.5704239880156465 1.9867167998322957 2.625
-0.28521199400782327 2.0106060365204295 2.625
0.0 2.0185062871369084 2.625
0.28521199400782327 2.0106060365204295 2.625
0.5704239880156465 1.9867167998322957 2.625
0.8556359820234698 1.9462498958617027 2.625
1.140847976031293 1.8881397398788642 2.625
1.4260599700391163 1.8106884611219802 2.625
1.7112719640469396 1.7112719640469396 2.625
1.996483958054763 1.585764412637697 2.625
2.281695952062586 1.4272994835021886 2.625
-2.114352550183596 1.6651827307525533 2.625
-1.8500584814106464 1.8500584814106464 2.625
-1.585764412637697 1.996483958054763 2.625
-1.3214703438647475 2.112469871308977 2.625
-1.057176275091798 2.2028296965253413 2.625
-0.7928822063188485 2.27062487850532 2.625
-0.528588137545899 2.3178362664710117 2.625
-0.2642940687729495 2.3457070426071676 2.625
0.0 2.3549240016597266 2.625
0.2642940687729495 2.3457070426071676 2.625
0.528588137545899 2.3178362664710117 2.625
0.7928822063188485 2.27062487850532 2.625
1.057176275091798 2.2028296965253413 2.625
1.3214703438647475 2.112469871308977 2.625
1.585764412637697 1.996483958054763 2.625
1.8500584814106464 1.8500584814106464 2.625
2.114352550183596 1.6651827307525533 2.625
-1.9030659780029182 1.9030659780029182 2.625
-1.6651827307525533 2.114352550183596 2.625
-1.4272994835021886 2.281695952062586 2.625
-1.1894162362518237 2.414251281495974 2.625
-0.9515329890014591 2.517519653171819 2.625
-0.7136497417510943 2.5949998611489367 2.625
-0.47576649450072955 2.6489557331097275 2.625
-0.23788324725036478 2.680808048693906 2.625
0.0 2.691341716182545 2.625
0.23788324725036478 2.680808048693906 2.625
0.47576649450072955 2.6489557331097275 2.625
0.7136497417510943 2.5949998611489367 2.625
0.9515329890014591 2.517519653171819 2.625
1.1894162362518237 2.414251281495974 2.625
1.4272994835021886 2.281695952062586 2.625
1.6651827307525533 2.114352550183596 2.625
1.9030659780029182 1.9030659780029182 2.625
-1.8703980848469581 -1.8703980848469581 2.84375
-1.6365983242410882 -2.078057726986813 2.84375
-1.4027985636352187 -2.242528524113195 2.84375
-1.1689988030293488 -2.372808418333492 2.84375
-0.9351990424234791 -2.474304092598269 2.84375
-0.7013992818176094 -2.550454280920181 2.84375
-0.46759952121173953 -2.603483950279104 2.84375
-0.23379976060586977 -2.634789491314055 2.84375
0.0 -2.645142338627231 2.84375
0.23379976060586977 -2.634789491314055 2.84375
0.46759952121173953 -2.603483950279104 2.84375
0.7013992818176094 -2.550454280920181 2.84375
0.9351990424234791 -2.474304092598269 2.84375
1.1689988030293488 -2.372808418333492 2.84375
1.4027985636352187 -2.242528524113195 2.84375
1.6365983242410882 -2.078057726986813 2.84375
1.8703980848469581 -1.8703980848469581 2.84375
-2.078057726986813 -1.6365983242410882 2.84375
-1.8183005111134611 -1.8183005111134611 2.84375
-1.5585432952401097 -1.9622124585990457 2.84375
-1.298786079366758 -2.076207366041805 2.84375
-1.0390288634934064 -2.1650160810234858 2.84375
-0.7792716476200549 -2.2316474958051584 2.84375
-0.5195144317467032 -2.2780484564942163 2.84375
-0.2597572158733516 -2.305440804899798 2.84375
0.0 -2.314499546298827 2.84375
0.2597572158733516 -2.305440804899798 2.84375
0.5195144317467032 -2.2780484564942163 2.84375
0.7792716476200549 -2.2316474958051584 2.84375
1.0390288634934064 -2.1650160810234858 2.84375
1.298786079366758 -2.076207366041805 2.84375
1.5585432952401097 -1.9622124585990457 2.84375
1.8183005111134611 -1.8183005111134611 2.84375
2.078057726986813 -1.6365983242410882 2.84375
-2.242528524113195 -1.4027985636352187 2.84375
-1.9622124585990457 -1.5585432952401097 2.84375
-1.6818963930848962 -1.6818963930848962 2.84375
-1.401580327570747 -1.7796063137501186 2.84375
-1.1212642620565976 -1.855728069448702 2.84375
-0.8409481965424481 -1.912840710690136 2.84375
-0.5606321310282988 -1.9526129627093283 2.84375
-0.2803160655141494 -1.976092118485541 2.84375
0.0 -1.9838567539704233 2.84375
0.2803160655141494 -1.976092118485541 2.84375
0.5606321310282988 -1.9526129627093283 2.84375
0.8409481965424481 -1.912840710690136 2.84375
1.1212642620565976 -1.855728069448702 2.84375
1.401580327570747 -1.7796063137501186 2.84375
1.6818963930848962 -1.6818963930848962 2.84375
1.9622124585990457 -1.5585432952401097 2.84375
2.242528524113195 -1.4027985636352187 2.84375
-2.372808418333492 -1.1689988030293488 2.84375
-2.076207366041805 -1.298786079366758 2.84375
-1.7796063137501186 -1.401580327570747 2.84375
-1.4830052614584321 -1.4830052614584321 2.84375
-1.186404209166746 -1.5464400578739184 2.84375
-0.8898031568750593 -1.5940339255751135 2.84375
-0.593202104583373 -1.62717746892444 2.84375
-0.2966010522916865 -1.6467434320712844 2.84375
0.0 -1.6532139616420194 2.84375
0.2966010522916865 -1.6467434320712844 2.84375
0.593202104583373 -1.62717746892444 2.84375
0.8898031568750593 -1.5940339255751135 2.84375
1.186404209166746 -1.5464400578739184 2.84375
1.4830052614584321 -1.4830052614584321 2.84375
1.7796063137501186 -1.401580327570747 2.84375
2.076207366041805 -1.298786079366758 2.84375
2.372808418333492 -1.1689988030293488 2.84375
-2.474304092598269 -0.9351990424234791 2.84375
-2.1650160810234858 -1.0390288634934064 2.84375
-1.855728069448702 -1.1212642620565976 2.84375
-1.5464400578739184 -1.186404209166746 2.84375
-1.2371520462991346 -1.2371520462991346 2.84375
-0.927864034724351 -1.2752271404600906 2.84375
-0.6185760231495673 -1.301741975139552 2.84375
-0.30928801157478364 -1.3173947456570274 2.84375
0.0 -1.3225711693136155 2.84375
0.30928801157478364 -1.3173947456570274 2.84375
0.6185760231495673 -1.301741975139552 2.84375
0.927864034724351 -1.2752271404600906 2.84375
1.2371520462991346 -1.2371520462991346 2.84375
1.5464400578739184 -1.186404209166746 2.84375
1.855728069448702 -1.1212642620565976 2.84375
2.1650160810234858 -1.0390288634934064 2.84375
2.474304092598269 -0.9351990424234791 2.84375
-2.550454280920181 -0.7013992818176094 2.84375
-2.2316474958051584 -0.7792716476200549 2.84375
-1.912840710690136 -0.8409481965424481 2.84375
-1.5940339255751135 -0.8898031568750593 2.84375
-1.2752271404600906 -0.927864034724351 2.84375
-0.956420355345068 -0.956420355345068 2.84375
-0.6376135702300453 -0.9763064813546641 2.84375
-0.31880678511502264 -0.9880460592427704 2.84375
0.0 -0.9919283769852116 2.84375
0.31880678511502264 -0.9880460592427704 2.84375
0.6376135702300453 -0.9763064813546641 2.84375
0.956420355345068 -0.956420355345068 2.84375
1.2752271404600906 -0.927864034724351 2.84375
1.5940339255751135 -0.8898031568750593 2.84375
1.912840710690136 -0.8409481965424481 2.84375
2.2316474958051584 -0.7792716476200549 2.84375
2.550454280920181 -0.7013992818176094 2.84375
-2.603483950279104 -0.46759952121173953 2.84375
-2.2780484564942163 -0.5195144317467032 2.84375
-1.9526129627093283 -0.5606321310282988 2.84375
-1.62717746892444 -0.593202104583373 2.84375
-1.301741975139552 -0.6185760231495673 2.84375
-0.9763064813546641 -0.6376135702300453 2.84375
-0.650870987569776 -0.650870987569776 2.84375
-0.325435493784888 -0.6586973728285137 2.84375
0.0 -0.6612855846568078 2.84375
0.325435493784888 -0.6586973728285137 2.84375
0.650870987569776 -0.650870987569776 2.84375
0.9763064813546641 -0.6376135702300453 2.84375
1.301741975139552 -0.6185760231495673 2.84375
1.62717746892444 -0.593202104583373 2.84375
1.9526129627093283 -0.5606321310282988 2.84375
2.2780484564942163 -0.5195144317467032 2.84375
2.603483950279104 -0.46759952121173953 2.84375
-2.634789491314055 -0.23379976060586977 2.84375
-2.305440804899798 -0.2597572158733516 2.84375
-1.976092118485541 -0.2803160655141494 2.84375
-1.6467434320712844 -0.2966010522916865 2.84375
-1.3173947456570274 -0.30928801157478364 2.84375
-0.9880460592427704 -0.31880678511502264 2.84375
-0.6586973728285137 -0.325435493784888 2.84375
-0.32934868641425685 -0.32934868641425685 2.84375
0.0 -0.3306427923284039 2.84375
0.32934868641425685 -0.32934868641425685 2.84375
0.6586973728285137 -0.325435493784888 2.84375
0.9880460592427704 -0.31880678511502264 2.84375
1.3173947456570274 -0.30928801157478364 2.84375
1.6467434320712844 -0.2966010522916865 2.84375
1.976092118485541 -0.2803160655141494 2.84375
2.305440804899798 -0.2597572158733516 2.84375
2.634789491314055 -0.23379976060586977 2.84375
-2.645142338627231 0.0 2.84375
-2.314499546298827 0.0 2.84375
-1.9838567539704233 0.0 2.84375
-1.6532139616420194 0.0 2.84375
-1.3225711693136155 0.0 2.84375
-0.9919283769852116 0.0 2.84375
-0.6612855846568078 0.0 2.84375
-0.3306427923284039 0.0 2.84375
0.0 0.0 2.84375
0.3306427923284039 0.0 2.84375
0.6612855846568078 0.0 2.84375
0.9919283769852116 0.0 2.84375
1.3225711693136155 0.0 2.84375
1.6532139616420194 0.0 2.84375
1.9838567539704233 0.0 2.84375
2.314499546298827 0.0 2.84375
2.645142338627231 0.0 2.84375
-2.634789491314055 0.23379976060586977 2.84375
-2.305440804899798 0.2597572158733516 2.84375
-1.976092118485541 0.2803160655141494 2.84375
-1.6467434320712844 0.2966010522916865 2.84375
-1.3173947456570274 0.30928801157478364 2.84375
-0.9880460592427704 0.31880678511502264 2.84375
-0.6586973728285137 0.325435493784888 2.84375
-0.32934868641425685 0.32934868641425685 2.84375
0.0 0.3306427923284039 2.84375
0.32934868641425685 0.32934868641425685 2.84375
0.6586973728285137 0.325435493784888 2.84375
0.9880460592427704 0.31880678511502264 2.84375
1.3173947456570274 0.30928801157478364 2.84375
1.6467434320712844 0.2966010522916865 2.84375
1.976092118485541 0.2803160655141494 2.84375
2.305440804899798 0.2597572158733516 2.84375
2.634789491314055 0.23379976060586977 2.84375
-2.603483950279104 0.46759952121173953 2.84375
-2.2780484564942163 0.5195144317467032 2.84375
-1.9526129627093283 0.5606321310282988 2.84375
-1.62717746892444 0.593202104583373 2.84375
-1.301741975139552 0.6185760231495673 2.84375
-0.9763064813546641 0.6376135702300453 2.84375
-0.650870987569776 0.650870987569776 2.84375
-0.325435493784888 0.6586973728285137 2.84375
0.0 0.6612855846568078 2.84375
0.325435493784888 0.6586973728285137 2.84375
0.650870987569776 0.650870987569776 2.84375
0.9763064813546641 0.6376135702300453 2.84375
1.301741975139552 0.6185760231495673 2.84375
1.62717746892444 0.593202104583373 2.84375
1.9526129627093283 0.5606321310282988 2.84375
2.2780484564942163 0.5195144317467032 2.84375
2.603483950279104 0.46759952121173953 2.84375
-2.550454280920181 0.7013992818176094 2.84375
-2.2316474958051584 0.7792716476200549 2.84375
-1.912840710690136 0.8409481965424481 2.84375
-1.5940339255751135 0.8898031568750593 2.84375
-1.2752271404600906 0.927864034724351 2.84375
-0.956420355345068 0.956420355345068 2.84375
-0.6376135702300453 0.9763064813546641 2.84375
-0.31880678511502264 0.9880460592427704 2.84375
0.0 0.9919283769852116 2.84375
0.31880678511502264 0.9880460592427704 2.84375
0.6376135702300453 0.9763064813546641 2.84375
0.956420355345068 0.956420355345068 2.84375
1.2752271404600906 0.927864034724351 2.84375
1.5940339255751135 0.8898031568750593 2.84375
1.912840710690136 0.8409481965424481 2.84375
2.2316474958051584 0.7792716476200549 2.84375
2.550454280920181 0.7013992818176094 2.84375
-2.474304092598269 0.9351990424234791 2.84375
-2.1650160810234858 1.0390288634934064 2.84375
-1.855728069448702 1.1212642620565976 2.84375
-1.5464400578739184 1.186404209166746 2.84375
-1.2371520462991346 1.2371520462991346 2.84375
-0.927864034724351 1.2752271404600906 2.84375
-0.6185760231495673 1.301741975139552 2.84375
-0.30928801157478364 1.3173947456570274 2.84375
0.0 1.3225711693136155 2.84375
0.30928801157478364 1.3173947456570274 2.84375
0.6185760231495673 1.301741975139552 2.84375
0.927864034724351 1.2752271404600906 2.84375
1.2371520462991346 1.2371520462991346 2.84375
1.5464400578739184 1.186404209166746 2.84375
1.855728069448702 1.1212642620565976 2.84375
2.1650160810234858 1.0390288634934064 2.84375
2.474304092598269 0.9351990424234791 2.84375
-2.372808418333492 1.1689988030293488 2.84375
-2.076207366041805 1.298786079366758 2.84375
-1.7796063137501186 1.401580327570747 2.84375
-1.4830052614584321 1.4830052614584321 2.84375
-1.186404209166746 1.5464400578739184 2.84375
-0.8898031568750593 1.5940339255751135 2.84375
-0.593202104583373 1.62717746892444 2.84375
-0.2966010522916865 1.6467434320712844 2.84375
0.0 1.6532139616420194 2.84375
0.2966010522916865 1.6467434320712844 2.84375
0.593202104583373 1.62717746892444 2.84375
0.8898031568750593 1.5940339255751135 2.84375
1.186404209166746 1.5464400578739184 2.84375
1.4830052614584321 1.4830052614584321 2.84375
1.7796063137501186 1.401580327570747 2.84375
2.076207366041805 1.298786079366758 2.84375
2.372808418333492 1.1689988030293488 2.84375
-2.242528524113195 1.4027985636352187 2.84375
-1.9622124585990457 1.5585432952401097 2.84375
-1.6818963930848962 1.6818963930848962 2.84375
-1.401580327570747 1.7796063137501186 2.84375
-1.1212642620565976 1.855728069448702 2.84375
-0.8409481965424481 1.912840710690136 2.84375
-0.5606321310282988 1.9526129627093283 2.84375
-0.2803160655141494 1.976092118485541 2.84375
0.0 1.9838567539704233 2.84375
0.2803160655141494 1.976092118485541 2.84375
0.5606321310282988 1.9526129627093283 2.84375
0.8409481965424481 1.912840710690136 2.84375
1.1212642620565976 1.855728069448702 2.84375
1.401580327570747 1.7796063137501186 2.84375
1.6818963930848962 1.6818963930848962 2.84375
1.9622124585990457 1.5585432952401097 2.84375
2.242528524113195 1.4027985636352187 2.84375
-2.078057726986813 1.6365983242410882 2.84375
-1.8183005111134611 1.8183005111134611 2.84375
-1.5585432952401097 1.9622124585990457 2.84375
-1.298786079366758 2.076207366041805 2.84375
-1.0390288634934064 2.1650160810234858 2.84375
-0.7792716476200549 2.2316474958051584 2.84375
-0.5195144317467032 2.2780484564942163 2.84375
-0.2597572158733516 2.305440804899798 2.84375
0.0 2.314499546298827 2.84375
0.2597572158733516 2.305440804899798 2.84375
0.5195144317467032 2.2780484564942163 2.84375
0.7792716476200549 2.2316474958051584 2.84375
1.0390288634934064 2.1650160810234858 2.84375
1.298786079366758 2.076207366041805 2.84375
1.5585432952401097 1.9622124585990457 2.84375
1.8183005111134611 1.8183005111134611 2.84375
2.078057726986813 1.6365983242410882 2.84375
-1.8703980848469581 1.8703980848469581 2.84375
-1.6365983242410882 2.078057726986813 2.84375
-1.4027985636352187 2.242528524113195 2.84375
-1.1689988030293488 2.372808418333492 2.84375
-0.9351990424234791 2.474304092598269 2.84375
-0.7013992818176094 2.550454280920181 2.84375
-0.46759952121173953 2.603483950279104 2.84375
-0.23379976060586977 2.634789491314055 2.84375
0.0 2.645142338627231 2.84375
0.23379976060586977 2.634789491314055 2.84375
0.46759952121173953 2.603483950279104 2.84375
0.7013992818176094 2.550454280920181 2.84375
0.9351990424234791 2.474304092598269 2.84375
1.1689988030293488 2.372808418333492 2.84375
1.4027985636352187 2.242528524113195 2.84375
1.6365983242410882 2.078057726986813 2.84375
1.8703980848469581 1.8703980848469581 2.84375
-1.8367417977871046 -1.8367417977871046 3.0625
-1.6071490730637163 -2.0406647741426927 3.0625
-1.3775563483403286 -2.202176053503368 3.0625
-1.1479636236169404 -2.330111667351733 3.0625
-0.9183708988935523 -2.4297810097911823 3.0625
-0.6887781741701643 -2.5045609376222457 3.0625
-0.45918544944677614 -2.5566363813598465 3.0625
-0.22959272472338807 -2.5873786047330802 3.0625
0.0 -2.597545161008064 3.0625
0.22959272472338807 -2.5873786047330802 3.0625
0.45918544944677614 -2.5566363813598465 3.0625
0.6887781741701643 -2.5045609376222457 3.0625
0.9183708988935523 -2.4297810097911823 3.0625
1.1479636236169404 -2.330111667351733 3.0625
1.3775563483403286 -2.202176053503368 3.0625
1.6071490730637163 -2.0406647741426927 3.0625
1.8367417977871046 -1.8367417977871046 3.0625
-2.0406647741426927 -1.6071490730637163 3.0625
-1.7855816773748558 -1.7855816773748558 3.0625
-1.5304985806070195 -1.9269040468154472 3.0625
-1.275415483839183 -2.0388477089327663 3.0625
-1.0203323870713463 -2.1260583835672846 3.0625
-0.7652492903035097 -2.191490820419465 3.0625
-0.5101661935356732 -2.237056833689866 3.0625
-0.2550830967678366 -2.263956279141445 3.0625
0.0 -2.272852015882056 3.0625
0.2550830967678366 -2.263956279141445 3.0625
0.5101661935356732 -2.237056833689866 3.0625
0.7652492903035097 -2.191490820419465 3.0625
1.0203323870713463 -2.1260583835672846 3.0625
1.275415483839183 -2.0388477089327663 3.0625
1.5304985806070195 -1.9269040468154472 3.0625
1.7855816773748558 -1.7855816773748558 3.0625
2.0406647741426927 -1.6071490730637163 3.0625
-2.202176053503368 -1.3775563483403286 3.0625
-1.9269040468154472 -1.5304985806070195 3.0625
-1.651632040127526 -1.651632040127526 3.0625
-1.3763600334396051 -1.7475837505137997 3.0625
-1.101088026751684 -1.822335757343387 3.0625
-0.825816020063763 -1.8784207032166844 3.0625
-0.550544013375842 -1.9174772860198852 3.0625
-0.275272006687921 -1.9405339535498098 3.0625
0.0 -1.948158870756048 3.0625
0.275272006687921 -1.9405339535498098 3.0625
0.550544013375842 -1.9174772860198852 3.0625
0.825816020063763 -1.8784207032166844 3.0625
1.101088026751684 -1.822335757343387 3.0625
1.3763600334396051 -1.7475837505137997 3.0625
1.651632040127526 -1.651632040127526 3.0625
1.9269040468154472 -1.5304985806070195 3.0625
2.202176053503368 -1.3775563483403286 3.0625
-2.330111667351733 -1.1479636236169404 3.0625
-2.0388477089327663 -1.275415483839183 3.0625
-1.7475837505137997 -1.3763600334396051 3.0625
-1.456319792094833 -1.456319792094833 3.0625
-1.1650558336758665 -1.518613131119489 3.0625
-0.8737918752568998 -1.5653505860139039 3.0625
-0.5825279168379333 -1.597897738349904 3.0625
-0.29126395841896663 -1.6171116279581752 3.0625
0.0 -1.62346572563004 3.0625
0.29126395841896663 -1.6171116279581752 3.0625
0.5825279168379333 -1.597897738349904 3.0625
0.8737918752568998 -1.5653505860139039 3.0625
1.1650558336758665 -1.518613131119489 3.0625
1.456319792094833 -1.456319792094833 3.0625
1.7475837505137997 -1.3763600334396051 3.0625
2.0388477089327663 -1.275415483839183 3.0625
2.330111667351733 -1.1479636236169404 3.0625
-2.4297810097911823 -0.9183708988935523 3.0625
-2.1260583835672846 -1.0203323870713463 3.0625
-1.822335757343387 -1.101088026751684 3.0625
-1.518613131119489 -1.1650558336758665 3.0625
-1.2148905048955911 -1.2148905048955911 3.0625
-0.9111678786716935 -1.2522804688111229 3.0625
-0.6074452524477956 -1.2783181906799232 3.0625
-0.3037226262238978 -1.2936893023665401 3.0625
0.0 -1.298772580504032 3.0625
0.3037226262238978 -1.2936893023665401 3.0625
0.6074452524477956 -1.2783181906799232 3.0625
0.9111678786716935 -1.2522804688111229 3.0625
1.2148905048955911 -1.2148905048955911 3.0625
1.518613131119489 -1.1650558336758665 3.0625
1.822335757343387 -1.101088026751684 3.0625
2.1260583835672846 -1.0203323870713463 3.0625
2.4297810097911823 -0.9183708988935523 3.0625
-2.5045609376222457 -0.6887781741701643 3.0625
-2.191490820419465 -0.7652492903035097 3.0625
-1.8784207032166844 -0.825816020063763 3.0625
-1.5653505860139039 -0.8737918752568998 3.0625
-1.2522804688111229 -0.9111678786716935 3.0625
-0.9392103516083422 -0.9392103516083422 3.0625
-0.6261402344055614 -0.9587386430099426 3.0625
-0.3130701172027807 -0.9702669767749049 3.0625
0.0 -0.974079435378024 3.0625
0.3130701172027807 -0.9702669767749049 3.0625
0.6261402344055614 -0.9587386430099426 3.0625
0.9392103516083422 -0.9392103516083422 3.0625
1.2522804688111229 -0.9111678786716935 3.0625
1.5653505860139039 -0.8737918752568998 3.0625
1.8784207032166844 -0.825816020063763 3.0625
2.191490820419465 -0.7652492903035097 3.0625
2.5045609376222457 -0.6887781741701643 3.0625
-2.5566363813598465 -0.45918544944677614 3.0625
-2.237056833689866 -0.5101661935356732 3.0625
-1.9174772860198852 -0.550544013375842 3.0625
-1.597897738349904 -0.5825279168379333 3.0625
-1.2783181906799232 -0.6074452524477956 3.0625
-0.9587386430099426 -0.6261402344055614 3.0625
-0.6391590953399616 -0.6391590953399616 3.0625
-0.3195795476699808 -0.6468446511832701 3.0625
0.0 -0.649386290252016 3.0625
0.3195795476699808 -0.6468446511832701 3.0625
0.6391590953399616 -0.6391590953399616 3.0625
0.9587386430099426 -0.6261402344055614 3.0625
1.2783181906799232 -0.6074452524477956 3.0625
1.597897738349904 -0.5825279168379333 3.0625
1.9174772860198852 -0.550544013375842 3.0625
2.237056833689866 -0.5101661935356732 3.0625
2.5566363813598465 -0.45918544944677614 3.0625
-2.5873786047330802 -0.22959272472338807 3.0625
-2.263956279141445 -0.2550830967678366 3.0625
-1.9405339535498098 -0.275272006687921 3.0625
-1.6171116279581752 -0.29126395841896663 3.0625
-1.2936893023665401 -0.3037226262238978 3.0625
-0.9702669767749049 -0.3130701172027807 3.0625
-0.6468446511832701 -0.3195795476699808 3.0625
-0.32342232559163503 -0.32342232559163503 3.0625
0.0 -0.324693145126008 3.0625
0.32342232559163503 -0.32342232559163503 3.0625
0.6468446511832701 -0.3195795476699808 3.0625
0.9702669767749049 -0.3130701172027807 3.0625
1.2936893023665401 -0.3037226262238978 3.0625
1.6171116279581752 -0.29126395841896663 3.0625
1.9405339535498098 -0.275272006687921 3.0625
2.263956279141445 -0.2550830967678366 3.0625
2.5873786047330802 -0.22959272472338807 3.0625
-2.597545161008064 0.0 3.0625
-2.272852015882056 0.0 3.0625
-1.948158870756048 0.0 3.0625
-1.62346572563004 0.0 3.0625
-1.298772580504032 0.0 3.0625
-0.974079435378024 0.0 3.0625
-0.649386290252016 0.0 3.0625
-0.324693145126008 0.0 3.0625
0.0 0.0 3.0625
0.324693145126008 0.0 3.0625
0.649386290252016 0.0 3.0625
0.974079435378024 0.0 3.0625
1.298772580504032 0.0 3.0625
1.62346572563004 0.0 3.0625
1.948158870756048 0.0 3.0625
2.272852015882056 0.0 3.0625
2.597545161008064 0.0 3.0625
-2.5873786047330802 0.22959272472338807 3.0625
-2.263956279141445 0.2550830967678366 3.0625
-1.9405339535498098 0.275272006687921 3.0625
-1.6171116279581752 0.29126395841896663 3.0625
-1.2936893023665401 0.3037226262238978 3.0625
-0.9702669767749049 0.3130701172027807 3.0625
-0.6468446511832701 0.3195795476699808 3.0625
-0.32342232559163503 0.32342232559163503 3.0625
0.0 0.324693145126008 3.0625
0.32342232559163503 0.32342232559163503 3.0625
0.6468446511832701 0.3195795476699808 3.0625
0.9702669767749049 0.3130701172027807 3.0625
1.2936893023665401 0.3037226262238978 3.0625
1.6171116279581752 0.29126395841896663 3.0625
1.9405339535498098 0.275272006687921 3.0625
2.263956279141445 0.2550830967678366 3.0625
2.5873786047330802 0.22959272472338807 3.0625
-2.5566363813598465 0.45918544944677614 3.0625
-2.237056833689866 0.5101661935356732 3.0625
-1.9174772860198852 0.550544013375842 3.0625
-1.597897738349904 0.5825279168379333 3.0625
-1.2783181906799232 0.6074452524477956 3.0625
-0.9587386430099426 0.6261402344055614 3.0625
-0.6391590953399616 0.6391590953399616 3.0625
-0.3195795476699808 0.6468446511832701 3.0625
0.0 0.649386290252016 3.0625
0.3195795476699808 0.6468446511832701 3.0625
0.6391590953399616 0.6391590953399616 3.0625
0.9587386430099426 0.6261402344055614 3.0625
1.2783181906799232 0.6074452524477956 3.0625
1.597897738349904 0.5825279168379333 3.0625
1.9174772860198852 0.550544013375842 3.0625
2.237056833689866 0.5101661935356732 3.0625
2.5566363813598465 0.45918544944677614 3.0625
-2.5045609376222457 0.6887781741701643 3.0625
-2.191490820419465 0.7652492903035097 3.0625
-1.8784207032166844 0.825816020063763 3.0625
-1.5653505860139039 0.8737918752568998 3.0625
-1.2522804688111229 0.9111678786716935 3.0625
-0.9392103516083422 0.9392103516083422 3.0625
-0.6261402344055614 0.9587386430099426 3.0625
-0.3130701172027807 0.9702669767749049 3.0625
0.0 0.974079435378024 3.0625
0.3130701172027807 0.9702669767749049 3.0625
0.6261402344055614 0.9587386430099426 3.0625
0.9392103516083422 0.9392103516083422 3.0625
1.2522804688111229 0.9111678786716935 3.0625
1.5653505860139039 0.8737918752568998 3.0625
1.8784207032166844 0.825816020063763 3.0625
2.191490820419465 0.7652492903035097 3.0625
2.5045609376222457 0.6887781741701643 3.0625
-2.4297810097911823 0.9183708988935523 3.0625
-2.1260583835672846 1.0203323870713463 3.0625
-1.822335757343387 1.101088026751684 3.0625
-1.518613131119489 1.1650558336758665 3.0625
-1.2148905048955911 1.2148905048955911 3.0625
-0.9111678786716935 1.2522804688111229 3.0625
-0.6074452524477956 1.2783181906799232 3.0625
-0.3037226262238978 1.2936893023665401 3.0625
0.0 1.298772580504032 3.0625
0.3037226262238978 1.2936893023665401 3.0625
0.6074452524477956 1.2783181906799232 3.0625
0.9111678786716935 1.2522804688111229 3.0625
1.2148905048955911 1.2148905048955911 3.0625
1.518613131119489 1.1650558336758665 3.0625
1.822335757343387 1.101088026751684 3.0625
2.1260583835672846 1.0203323870713463 3.0625
2.4297810097911823 0.9183708988935523 3.0625
-2.330111667351733 1.1479636236169404 3.0625
-2.0388477089327663 1.275415483839183 3.0625
-1.7475837505137997 1.3763600334396051 3.0625
-1.456319792094833 1.456319792094833 3.0625
-1.1650558336758665 1.518613131119489 3.0625
-0.8737918752568998 1.5653505860139039 3.0625
-0.5825279168379333 1.597897738349904 3.0625
-0.29126395841896663 1.6171116279581752 3.0625
0.0 1.62346572563004 3.0625
0.29126395841896663 1.6171116279581752 3.0625
0.5825279168379333 1.597897738349904 3.0625
0.8737918752568998 1.5653505860139039 3.0625
1.1650558336758665 1.518613131119489 3.0625
1.456319792094833 1.456319792094833 3.0625
1.7475837505137997 1.3763600334396051 3.0625
2.0388477089327663 1.275415483839183 3.0625
2.330111667351733 1.1479636236169404 3.0625
-2.202176053503368 1.3775563483403286 3.0625
-1.9269040468154472 1.5304985806070195 3.0625
-1.651632040127526 1.651632040127526 3.0625
-1.3763600334396051 1.7475837505137997 3.0625
-1.101088026751684 1.822335757343387 3.0625
-0.825816020063763 1.8784207032166844 3.0625
-0.550544013375842 1.9174772860198852 3.0625
-0.275272006687921 1.9405339535498098 3.0625
0.0 1.948158870756048 3.0625
0.275272006687921 1.9405339535498098 3.0625
0.550544013375842 1.9174772860198852 3.0625
0.825816020063763 1.8784207032166844 3.0625
1.101088026751684 1.822335757343387 3.0625
1.3763600334396051 1.7475837505137997 3.0625
1.651632040127526 1.651632040127526 3.0625
1.9269040468154472 1.5304985806070195 3.0625
2.202176053503368 1.3775563483403286 3.0625
-2.0406647741426927 1.6071490730637163 3.0625
-1.7855816773748558 1.7855816773748558 3.0625
-1.5304985806070195 1.9269040468154472 3.0625
-1.275415483839183 2.0388477089327663 3.0625
-1.0203323870713463 2.1260583835672846 3.0625
-0.7652492903035097 2.191490820419465 3.0625
-0.5101661935356732 2.237056833689866 3.0625
-0.2550830967678366 2.263956279141445 3.0625
0.0 2.272852015882056 3.0625
0.2550830967678366 2.263956279141445 3.0625
0.5101661935356732 2.237056833689866 3.0625
0.7652492903035097 2.191490820419465 3.0625
1.0203323870713463 2.1260583835672846 3.0625
1.275415483839183 2.0388477089327663 3.0625
1.5304985806070195 1.9269040468154472 3.0625
1.7855816773748558 1.7855816773748558 3.0625
2.0406647741426927 1.6071490730637163 3.0625
-1.8367417977871046 1.8367417977871046 3.0625
-1.6071490730637163 2.0406647741426927 3.0625
-1.3775563483403286 2.202176053503368 3.0625
-1.1479636236169404 2.330111667351733 3.0625
-0.9183708988935523 2.4297810097911823 3.0625
-0.6887781741701643 2.5045609376222457 3.0625
-0.45918544944677614 2.5566363813598465 3.0625
-0.22959272472338807 2.5873786047330802 3.0625
0.0 2.597545161008064 3.0625
0.22959272472338807 2.5873786047330802 3.0625
0.45918544944677614 2.5566363813598465 3.0625
0.6887781741701643 2.5045609376222457 3.0625
0.9183708988935523 2.4297810097911823 3.0625
1.1479636236169404 2.330111667351733 3.0625
1.3775563483403286 2.202176053503368 3.0625
1.6071490730637163 2.0406647741426927 3.0625
1.8367417977871046 1.8367417977871046 3.0625
-1.8024212452661417 -1.8024212452661417 3.28125
-1.5771185896078739 -2.0025338062281914 3.28125
-1.3518159339496063 -2.161027156583982 3.28125
-1.1265132782913385 -2.2865722216030697 3.28125
-0.9012106226330708 -2.384379186376783 3.28125
-0.6759079669748032 -2.4577618092389435 3.28125
-0.4506053113165354 -2.5088641940501333 3.28125
-0.2253026556582677 -2.5390319817061835 3.28125
0.0 -2.54900857016478 3.28125
0.2253026556582677 -2.5390319817061835 3.28125
0.4506053113165354 -2.5088641940501333 3.28125
0.6759079669748032 -2.4577618092389435 3.28125
0.9012106226330708 -2.384379186376783 3.28125
1.1265132782913385 -2.2865722216030697 3.28125
1.3518159339496063 -2.161027156583982 3.28125
1.5771185896078739 -2.0025338062281914 3.28125
1.8024212452661417 -1.8024212452661417 3.28125
-2.0025338062281914 -1.5771185896078739 3.28125
-1.7522170804496673 -1.7522170804496673 3.28125
-1.5019003546711436 -1.8908987620109843 3.28125
-1.2515836288926196 -2.000750693902686 3.28125
-1.0012669031140957 -2.086331788079685 3.28125
-0.7509501773355718 -2.1505415830840753 3.28125
-0.5006334515570479 -2.1952561697938666 3.28125
-0.25031672577852393 -2.2216529839929104 3.28125
0.0 -2.2303824988941825 3.28125
0.25031672577852393 -2.2216529839929104 3.28125
0.5006334515570479 -2.1952561697938666 3.28125
0.7509501773355718 -2.1505415830840753 3.28125
1.0012669031140957 -2.086331788079685 3.28125
1.2515836288926196 -2.000750693902686 3.28125
1.5019003546711436 -1.8908987620109843 3.28125
1.7522170804496673 -1.7522170804496673 3.28125
2.0025338062281914 -1.5771185896078739 3.28125
-2.161027156583982 -1.3518159339496063 3.28125
-1.8908987620109843 -1.5019003546711436 3.28125
-1.6207703674379865 -1.6207703674379865 3.28125
-1.3506419728649888 -1.714929166202302 3.28125
-1.080513578291991 -1.7882843897825873 3.28125
-0.8103851837189933 -1.8433213569292075 3.28125
-0.5402567891459955 -1.8816481455376 3.28125
-0.27012839457299775 -1.9042739862796374 3.28125
0.0 -1.911756427623585 3.28125
0.27012839457299775 -1.9042739862796374 3.28125
0.5402567891459955 -1.8816481455376 3.28125
0.8103851837189933 -1.8433213569292075 3.28125
1.080513578291991 -1.7882843897825873 3.28125
1.3506419728649888 -1.714929166202302 3.28125
1.6207703674379865 -1.6207703674379865 3.28125
1.8908987620109843 -1.5019003546711436 3.28125
2.161027156583982 -1.3518159339496063 3.28125
-2.2865722216030697 -1.1265132782913385 3.28125
-2.000750693902686 -1.2515836288926196 3.28125
-1.714929166202302 -1.3506419728649888 3.28125
-1.4291076385019184 -1.4291076385019184 3.28125
-1.1432861108015349 -1.4902369914854894 3.28125
-0.857464583101151 -1.5361011307743397 3.28125
-0.5716430554007674 -1.5680401212813333 3.28125
-0.2858215277003837 -1.5868949885663646 3.28125
0.0 -1.5931303563529875 3.28125
0.2858215277003837 -1.5868949885663646 3.28125
0.5716430554007674 -1.5680401212813333 3.28125
0.857464583101151 -1.5361011307743397 3.28125
1.1432861108015349 -1.4902369914854894 3.28125
1.4291076385019184 -1.4291076385019184 3.28125
1.714929166202302 -1.3506419728649888 3.28125
2.000750693902686 -1.2515836288926196 3.28125
2.2865722216030697 -1.1265132782913385 3.28125
-2.384379186376783 -0.9012106226330708 3.28125
-2.086331788079685 -1.0012669031140957 3.28125
-1.7882843897825873 -1.080513578291991 3.28125
-1.4902369914854894 -1.1432861108015349 3.28125
-1.1921895931883915 -1.1921895931883915 3.28125
-0.8941421948912937 -1.2288809046194717 3.28125
-0.5960947965941957 -1.2544320970250666 3.28125
-0.29804739829709787 -1.2695159908530917 3.28125
0.0 -1.27450428508239 3.28125
0.29804739829709787 -1.2695159908530917 3.28125
0.5960947965941957 -1.2544320970250666 3.28125
0.8941421948912937 -1.2288809046194717 3.28125
1.1921895931883915 -1.1921895931883915 3.28125
1.4902369914854894 -1.1432861108015349 3.28125
1.7882843897825873 -1.080513578291991 3.28125
2.086331788079685 -1.0012669031140957 3.28125
2.384379186376783 -0.9012106226330708 3.28125
-2.4577618092389435 -0.6759079669748032 3.28125
-2.1505415830840753 -0.7509501773355718 3.28125
-1.8433213569292075 -0.8103851837189933 3.28125
-1.5361011307743397 -0.857464583101151 3.28125
-1.2288809046194717 -0.8941421948912937 3.28125
-0.9216606784646038 -0.9216606784646038 3.28125
-0.6144404523097359 -0.9408240727688 3.28125
-0.30722022615486794 -0.9521369931398187 3.28125
0.0 -0.9558782138117925 3.28125
0.30722022615486794 -0.9521369931398187 3.28125
0.6144404523097359 -0.9408240727688 3.28125
0.9216606784646038 -0.9216606784646038 3.28125
1.2288809046194717 -0.8941421948912937 3.28125
1.5361011307743397 -0.857464583101151 3.28125
1.8433213569292075 -0.8103851837189933 3.28125
2.1505415830840753 -0.7509501773355718 3.28125
2.4577618092389435 -0.6759079669748032 3.28125
-2.5088641940501333 -0.4506053113165354 3.28125
-2.1952561697938666 -0.5006334515570479 3.28125
-1.8816481455376 -0.5402567891459955 3.28125
-1.5680401212813333 -0.5716430554007674 3.28125
-1.2544320970250666 -0.5960947965941957 3.28125
-0.9408240727688 -0.6144404523097359 3.28125
-0.6272160485125333 -0.6272160485125333 3.28125
-0.31360802425626666 -0.6347579954265459 3.28125
0.0 -0.637252142541195 3.28125
0.31360802425626666 -0.6347579954265459 3.28125
0.6272160485125333 -0.6272160485125333 3.28125
0.9408240727688 -0.6144404523097359 3.28125
1.2544320970250666 -0.5960947965941957 3.28125
1.5680401212813333 -0.5716430554007674 3.28125
1.8816481455376 -0.5402567891459955 3.28125
2.1952561697938666 -0.5006334515570479 3.28125
2.5088641940501333 -0.4506053113165354 3.28125
-2.5390319817061835 -0.2253026556582677 3.28125
-2.2216529839929104 -0.25031672577852393 3.28125
-1.9042739862796374 -0.27012839457299775 3.28125
-1.5868949885663646 -0.2858215277003837 3.28125
-1.2695159908530917 -0.29804739829709787 3.28125
-0.9521369931398187 -0.30722022615486794 3.28125
-0.6347579954265459 -0.31360802425626666 3.28125
-0.31737899771327294 -0.31737899771327294 3.28125
0.0 -0.3186260712705975 3.28125
0.31737899771327294 -0.31737899771327294 3.28125
0.6347579954265459 -0.31360802425626666 3.28125
0.9521369931398187 -0.30722022615486794 3.28125
1.2695159908530917 -0.29804739829709787 3.28125
1.5868949885663646 -0.2858215277003837 3.28125
1.9042739862796374 -0.27012839457299775 3.28125
2.2216529839929104 -0.25031672577852393 3.28125
2.5390319817061835 -0.2253026556582677 3.28125
-2.54900857016478 0.0 3.28125
-2.2303824988941825 0.0 3.28125
-1.911756427623585 0.0 3.28125
-1.5931303563529875 0.0 3.28125
-1.27450428508239 0.0 3.28125
-0.9558782138117925 0.0 3.28125
-0.637252142541195 0.0 3.28125
-0.3186260712705975 0.0 3.28125
0.0 0.0 3.28125
0.3186260712705975 0.0 3.28125
0.637252142541195 0.0 3.28125
0.9558782138117925 0.0 3.28125
1.27450428508239 0.0 3.28125
1.5931303563529875 0.0 3.28125
1.911756427623585 0.0 3.28125
2.2303824988941825 0.0 3.28125
2.54900857016478 0.0 3.28125
-2.5390319817061835 0.2253026556582677 3.28125
-2.2216529839929104 0.25031672577852393 3.28125
-1.9042739862796374 0.27012839457299775 3.28125
-1.5868949885663646 0.2858215277003837 3.28125
-1.2695159908530917 0.29804739829709787 3.28125
-0.9521369931398187 0.30722022615486794 3.28125
-0.6347579954265459 0.31360802425626666 3.28125
-0.31737899771327294 0.31737899771327294 3.28125
0.0 0.3186260712705975 3.28125
0.31737899771327294 0.31737899771327294 3.28125
0.6347579954265459 0.31360802425626666 3.28125
0.9521369931398187 0.30722022615486794 3.28125
1.2695159908530917 0.29804739829709787 3.28125
1.5868949885663646 0.2858215277003837 3.28125
1.9042739862796374 0.27012839457299775 3.28125
2.2216529839929104 0.25031672577852393 3.28125
2.5390319817061835 0.2253026556582677 3.28125
-2.5088641940501333 0.4506053113165354 3.28125
-2.1952561697938666 0.5006334515570479 3.28125
-1.8816481455376 0.5402567891459955 3.28125
-1.5680401212813333 0.5716430554007674 3.28125
-1.2544320970250666 0.5960947965941957 3.28125
-0.9408240727688 0.6144404523097359 3.28125
-0.6272160485125333 0.6272160485125333 3.28125
-0.31360802425626666 0.6347579954265459 3.28125
0.0 0.637252142541195 3.28125
0.31360802425626666 0.6347579954265459 3.28125
0.6272160485125333 0.6272160485125333 3.28125
0.9408240727688 0.6144404523097359 3.28125
1.2544320970250666 0.5960947965941957 3.28125
1.5680401212813333 0.5716430554007674 3.28125
1.8816481455376 0.5402567891459955 3.28125
2.1952561697938666 0.5006334515570479 3.28125
2.5088641940501333 0.4506053113165354 3.28125
-2.4577618092389435 0.6759079669748032 3.28125
-2.1505415830840753 0.7509501773355718 3.28125
-1.8433213569292075 0.8103851837189933 3.28125
-1.5361011307743397 0.857464583101151 3.28125
-1.2288809046194717 0.8941421948912937 3.28125
-0.9216606784646038 0.9216606784646038 3.28125
-0.6144404523097359 0.9408240727688 3.28125
-0.30722022615486794 0.9521369931398187 3.28125
0.0 0.9558782138117925 3.28125
0.30722022615486794 0.9521369931398187 3.28125
0.6144404523097359 0.9408240727688 3.28125
0.9216606784646038 0.9216606784646038 3.28125
1.2288809046194717 0.8941421948912937 3.28125
1.5361011307743397 0.857464583101151 3.28125
1.8433213569292075 0.8103851837189933 3.28125
2.1505415830840753 0.7509501773355718 3.28125
2.4577618092389435 0.6759079669748032 3.28125
-2.384379186376783 0.9012106226330708 3.28125
-2.086331788079685 1.0012669031140957 3.28125
-1.7882843897825873 1.080513578291991 3.28125
-1.4902369914854894 1.1432861108015349 3.28125
-1.1921895931883915 1.1921895931883915 3.28125
-0.8941421948912937 1.2288809046194717 3.28125
-0.5960947965941957 1.2544320970250666 3.28125
-0.29804739829709787 1.2695159908530917 3.28125
0.0 1.27450428508239 3.28125
0.29804739829709787 1.2695159908530917 3.28125
0.5960947965941957 1.2544320970250666 3.28125
0.8941421948912937 1.2288809046194717 3.28125
1.1921895931883915 1.1921895931883915 3.28125
1.4902369914854894 1.1432861108015349 3.28125
1.7882843897825873 1.080513578291991 3.28125
2.086331788079685 1.0012669031140957 3.28125
2.384379186376783 0.9012106226330708 3.28125
-2.2865722216030697 1.1265132782913385 3.28125
-2.000750693902686 1.2515836288926196 3.28125
-1.714929166202302 1.3506419728649888 3.28125
-1.4291076385019184 1.4291076385019184 3.28125
-1.1432861108015349 1.4902369914854894 3.28125
-0.857464583101151 1.5361011307743397 3.28125
-0.5716430554007674 1.5680401212813333 3.28125
-0.2858215277003837 1.5868949885663646 3.28125
0.0 1.5931303563529875 3.28125
0.2858215277003837 1.5868949885663646 3.28125
0.5716430554007674 1.5680401212813333 3.28125
0.857464583101151 1.5361011307743397 3.28125
1.1432861108015349 1.4902369914854894 3.28125
1.4291076385019184 1.4291076385019184 3.28125
1.714929166202302 1.3506419728649888 3.28125
2.000750693902686 1.2515836288926196 3.28125
2.2865722216030697 1.1265132782913385 3.28125
-2.161027156583982 1.3518159339496063 3.28125
-1.8908987620109843 1.5019003546711436 3.28125
-1.6207703674379865 1.6207703674379865 3.28125
-1.3506419728649888 1.714929166202302 3.28125
-1.080513578291991 1.7882843897825873 3.28125
-0.8103851837189933 1.8433213569292075 3.28125
-0.5402567891459955 1.8816481455376 3.28125
-0.27012839457299775 1.9042739862796374 3.28125
0.0 1.911756427623585 3.28125
0.27012839457299775 1.9042739862796374 3.28125
0.5402567891459955 1.8816481455376 3.28125
0.8103851837189933 1.8433213569292075 3.28125
1.080513578291991 1.7882843897825873 3.28125
1.3506419728649888 1.714929166202302 3.28125
1.6207703674379865 1.6207703674379865 3.28125
1.8908987620109843 1.5019003546711436 3.28125
2.161027156583982 1.3518159339496063 3.28125
-2.0025338062281914 1.5771185896078739 3.28125
-1.7522170804496673 1.7522170804496673 3.28125
-1.5019003546711436 1.8908987620109843 3.28125
-1.2515836288926196 2.000750693902686 3.28125
-1.0012669031140957 2.086331788079685 3.28125
-0.7509501773355718 2.1505415830840753 3.28125
-0.5006334515570479 2.1952561697938666 3.28125
-0.25031672577852393 2.2216529839929104 3.28125
0.0 2.2303824988941825 3.28125
0.25031672577852393 2.2216529839929104 3.28125
0.5006334515570479 2.1952561697938666 3.28125
0.7509501773355718 2.1505415830840753 3.28125
1.0012669031140957 2.086331788079685 3.28125
1.2515836288926196 2.000750693902686 3.28125
1.5019003546711436 1.8908987620109843 3.28125
1.7522170804496673 1.7522170804496673 3.28125
2.0025338062281914 1.5771185896078739 3.28125
-1.8024212452661417 1.8024212452661417 3.28125
-1.5771185896078739 2.0025338062281914 3.28125
-1.3518159339496063 2.161027156583982 3.28125
-1.1265132782913385 2.2865722216030697 3.28125
-0.9012106226330708 2.384379186376783 3.28125
-0.6759079669748032 2.4577618092389435 3.28125
-0.4506053113165354 2.5088641940501333 3.28125
-0.2253026556582677 2.5390319817061835 3.28125
0.0 2.54900857016478 3.28125
0.2253026556582677 2.5390319817061835 3.28125
0.4506053113165354 2.5088641940501333 3.28125
0.6759079669748032 2.4577618092389435 3.28125
0.9012106226330708 2.384379186376783 3.28125
1.1265132782913385 2.2865722216030697 3.28125
1.3518159339496063 2.161027156583982 3.28125
1.5771185896078739 2.0025338062281914 3.28125
1.8024212452661417 1.8024212452661417 3.28125
-1.7677669529663689 -1.7677669529663689 3.5
-1.5467960838455728 -1.9640320453088336 3.5
-1.3258252147247767 -2.1194781197266463 3.5
-1.1048543456039805 -2.242609389751144 3.5
-0.8838834764831844 -2.3385358667337135 3.5
-0.6629126073623883 -2.4105075969596115 3.5
-0.4419417382415922 -2.460627460628691 3.5
-0.2209708691207961 -2.490215226642067 3.5
0.0 -2.5 3.5
0.2209708691207961 -2.490215226642067 3.5
0.4419417382415922 -2.460627460628691 3.5
0.6629126073623883 -2.4105075969596115 3.5
0.8838834764831844 -2.3385358667337135 3.5
1.1048543456039805 -2.242609389751144 3.5
1.3258252147247767 -2.1194781197266463 3.5
1.5467960838455728 -1.9640320453088336 3.5
1.7677669529663689 -1.7677669529663689 3.5
-1.9640320453088336 -1.5467960838455728 3.5
-1.7185280396452294 -1.7185280396452294 3.5
-1.4730240339816252 -1.8545433547608157 3.5
-1.227520028318021 -1.9622832160322512 3.5
-0.9820160226544168 -2.046218883391999 3.5
-0.7365120169908126 -2.1091941473396596 3.5
-0.4910080113272084 -2.1530490280501047 3.5
-0.2455040056636042 -2.1789383233118085 3.5
0.0 -2.1875 3.5
0.2455040056636042 -2.1789383233118085 3.5
0.4910080113272084 -2.1530490280501047 3.5
0.7365120169908126 -2.1091941473396596 3.5
0.9820160226544168 -2.046218883391999 3.5
1.227520028318021 -1.9622832160322512 3.5
1.4730240339816252 -1.8545433547608157 3.5
1.7185280396452294 -1.7185280396452294 3.5
1.9640320453088336 -1.5467960838455728 3.5
-2.1194781197266463 -1.3258252147247767 3.5
-1.8545433547608157 -1.4730240339816252 3.5
-1.5896085897949845 -1.5896085897949845 3.5
-1.324673824829154 -1.681957042313358 3.5
-1.0597390598633232 -1.7539019000502851 3.5
-0.7948042948974923 -1.8078806977197084 3.5
-0.5298695299316616 -1.8454705954715185 3.5
-0.2649347649658308 -1.86766141998155 3.5
0.0 -1.875 3.5
0.2649347649658308 -1.86766141998155 3.5
0.5298695299316616 -1.8454705954715185 3.5
0.7948042948974923 -1.8078806977197084 3.5
1.0597390598633232 -1.7539019000502851 3.5
1.324673824829154 -1.681957042313358 3.5
1.5896085897949845 -1.5896085897949845 3.5
1.8545433547608157 -1.4730240339816252 3.5
2.1194781197266463 -1.3258252147247767 3.5
-2.242609389751144 -1.1048543456039805 3.5
-1.9622832160322512 -1.227520028318021 3.5
-1.681957042313358 -1.324673824829154 3.5
-1.4016308685944652 -1.4016308685944652 3.5
-1.121304694875572 -1.461584916708571 3.5
-0.840978521156679 -1.5065672480997572 3.5
-0.560652347437786 -1.5378921628929318 3.5
-0.280326173718893 -1.556384516651292 3.5
0.0 -1.5625 3.5
0.280326173718893 -1.556384516651292 3.5
0.560652347437786 -1.5378921628929318 3.5
0.840978521156679 -1.5065672480997572 3.5
1.121304694875572 -1.461584916708571 3.5
1.4016308685944652 -1.4016308685944652 3.5
1.681957042313358 -1.324673824829154 3.5
1.9622832160322512 -1.227520028318021 3.5
2.242609389751144 -1.1048543456039805 3.5
-2.3385358667337135 -0.8838834764831844 3.5
-2.046218883391999 -0.9820160226544168 3.5
-1.7539019000502851 -1.0597390598633232 3.5
-1.461584916708571 -1.121304694875572 3.5
-1.1692679333668567 -1.1692679333668567 3.5
-0.8769509500251426 -1.2052537984798057 3.5
-0.5846339666834284 -1.2303137303143454 3.5
-0.2923169833417142 -1.2451076133210335 3.5
0.0 -1.25 3.5
0.2923169833417142 -1.2451076133210335 3.5
0.5846339666834284 -1.2303137303143454 3.5
0.8769509500251426 -1.2052537984798057 3.5
1.1692679333668567 -1.1692679333668567 3.5
1.461584916708571 -1.121304694875572 3.5
1.7539019000502851 -1.0597390598633232 3.5
2.046218883391999 -0.9820160226544168 3.5
2.3385358667337135 -0.8838834764831844 3.5
-2.4105075969596115 -0.6629126073623883 3.5
-2.1091941473396596 -0.7365120169908126 3.5
-1.8078806977197084 -0.7948042948974923 3.5
-1.5065672480997572 -0.840978521156679 3.5
-1.2052537984798057 -0.8769509500251426 3.5
-0.9039403488598542 -0.9039403488598542 3.5
-0.6026268992399029 -0.9227352977357592 3.5
-0.30131344961995143 -0.933830709990775 3.5
0.0 -0.9375 3.5
0.30131344961995143 -0.933830709990775 3.5
0.6026268992399029 -0.9227352977357592 3.5
0.9039403488598542 -0.9039403488598542 3.5
1.2052537984798057 -0.8769509500251426 3.5
1.5065672480997572 -0.840978521156679 3.5
1.8078806977197084 -0.7948042948974923 3.5
2.1091941473396596 -0.7365120169908126 3.5
2.4105075969596115 -0.6629126073623883 3.5
-2.460627460628691 -0.4419417382415922 3.5
-2.1530490280501047 -0.4910080113272084 3.5
-1.8454705954715185 -0.5298695299316616 3.5
-1.5378921628929318 -0.560652347437786 3.5
-1.2303137303143454 -0.5846339666834284 3.5
-0.9227352977357592 -0.6026268992399029 3.5
-0.6151568651571727 -0.6151568651571727 3.5
-0.30757843257858636 -0.6225538066605167 3.5
0.0 -0.625 3.5
0.30757843257858636 -0.6225538066605167 3.5
0.6151568651571727 -0.6151568651571727 3.5
0.9227352977357592 -0.6026268992399029 3.5
1.2303137303143454 -0.5846339666834284 3.5
1.5378921628929318 -0.560652347437786 3.5
1.8454705954715185 -0.5298695299316616 3.5
2.1530490280501047 -0.4910080113272084 3.5
2.460627460628691 -0.4419417382415922 3.5
-2.490215226642067 -0.2209708691207961 3.5
-2.1789383233118085 -0.2455040056636042 3.5
-1.86766141998155 -0.2649347649658308 3.5
-1.556384516651292 -0.280326173718893 3.5
-1.2451076133210335 -0.2923169833417142 3.5
-0.933830709990775 -0.30131344961995143 3.5
-0.6225538066605167 -0.30757843257858636 3.5
-0.31127690333025837 -0.31127690333025837 3.5
0.0 -0.3125 3.5
0.31127690333025837 -0.31127690333025837 3.5
0.6225538066605167 -0.30757843257858636 3.5
0.933830709990775 -0.30131344961995143 3.5
1.2451076133210335 -0.2923169833417142 3.5
1.556384516651292 -0.280326173718893 3.5
1.86766141998155 -0.2649347649658308 3.5
2.1789383233118085 -0.2455040056636042 3.5
2.490215226642067 -0.2209708691207961 3.5
-2.5 0.0 3.5
-2.1875 0.0 3.5
-1.875 0.0 3.5
-1.5625 0.0 3.5
-1.25 0.0 3.5
-0.9375 0.0 3.5
-0.625 0.0 3.5
-0.3125 0.0 3.5
0.0 0.0 3.5
0.3125 0.0 3.5
0.625 0.0 3.5
0.9375 0.0 3.5
1.25 0.0 3.5
1.5625 0.0 3.5
1.875 0.0 3.5
2.1875 0.0 3.5
2.5 0.0 3.5
-2.490215226642067 0.2209708691207961 3.5
-2.1789383233118085 0.2455040056636042 3.5
-1.86766141998155 0.2649347649658308 3.5
-1.556384516651292 0.280326173718893 3.5
-1.2451076133210335 0.2923169833417142 3.5
-0.933830709990775 0.30131344961995143 3.5
-0.6225538066605167 0.30757843257858636 3.5
-0.31127690333025837 0.31127690333025837 3.5
0.0 0.3125 3.5
0.31127690333025837 0.31127690333025837 3.5
0.6225538066605167 0.30757843257858636 3.5
0.933830709990775 0.30131344961995143 3.5
1.2451076133210335 0.2923169833417142 3.5
1.556384516651292 0.280326173718893 3.5
1.86766141998155 0.2649347649658308 3.5
2.1789383233118085 0.2455040056636042 3.5
2.490215226642067 0.2209708691207961 3.5
-2.460627460628691 0.4419417382415922 3.5
-2.1530490280501047 0.4910080113272084 3.5
-1.8454705954715185 0.5298695299316616 3.5
-1.5378921628929318 0.560652347437786 3.5
-1.2303137303143454 0.5846339666834284 3.5
-0.9227352977357592 0.6026268992399029 3.5
-0.6151568651571727 0.6151568651571727 3.5
-0.30757843257858636 0.6225538066605167 3.5
0.0 0.625 3.5
0.30757843257858636 0.6225538066605167 3.5
0.6151568651571727 0.6151568651571727 3.5
0.9227352977357592 0.6026268992399029 3.5
1.2303137303143454 0.5846339666834284 3.5
1.5378921628929318 0.560652347437786 3.5
1.8454705954715185 0.5298695299316616 3.5
2.1530490280501047 0.4910080113272084 3.5
2.460627460628691 0.4419417382415922 3.5
-2.4105075969596115 0.6629126073623883 3.5
-2.1091941473396596 0.7365120169908126 3.5
-1.8078806977197084 0.7948042948974923 3.5
-1.5065672480997572 0.840978521156679 3.5
-1.2052537984798057 0.8769509500251426 3.5
-0.9039403488598542 0.9039403488598542 3.5
-0.6026268992399029 0.9227352977357592 3.5
-0.30131344961995143 0.933830709990775 3.5
0.0 0.9375 3.5
0.30131344961995143 0.933830709990775 3.5
0.6026268992399029 0.9227352977357592 3.5
0.9039403488598542 0.9039403488598542 3.5
1.2052537984798057 0.8769509500251426 3.5
1.5065672480997572 0.840978521156679 3.5
1.8078806977197084 0.7948042948974923 3.5
2.1091941473396596 0.7365120169908126 3.5
2.4105075969596115 0.6629126073623883 3.5
-2.3385358667337135 0.8838834764831844 3.5
-2.046218883391999 0.9820160226544168 3.5
-1.7539019000502851 1.0597390598633232 3.5
-1.461584916708571 1.121304694875572 3.5
-1.1692679333668567 1.1692679333668567 3.5
-0.8769509500251426 1.2052537984798057 3.5
-0.5846339666834284 1.2303137303143454 3.5
-0.2923169833417142 1.2451076133210335 3.5
0.0 1.25 3.5
0.2923169833417142 1.2451076133210335 3.5
0.5846339666834284 1.2303137303143454 3.5
0.8769509500251426 1.2052537984798057 3.5
1.1692679333668567 1.1692679333668567 3.5
1.461584916708571 1.121304694875572 3.5
1.7539019000502851 1.0597390598633232 3.5
2.046218883391999 0.9820160226544168 3.5
2.3385358667337135 0.8838834764831844 3.5
-2.242609389751144 1.1048543456039805 3.5
-1.9622832160322512 1.227520028318021 3.5
-1.681957042313358 1.324673824829154 3.5
-1.4016308685944652 1.4016308685944652 3.5
-1.121304694875572 1.461584916708571 3.5
-0.840978521156679 1.5065672480997572 3.5
-0.560652347437786 1.5378921628929318 3.5
-0.280326173718893 1.556384516651292 3.5
0.0 1.5625 3.5
0.280326173718893 1.556384516651292 3.5
0.560652347437786 1.5378921628929318 3.5
0.840978521156679 1.5065672480997572 3.5
1.121304694875572 1.461584916708571 3.5
1.4016308685944652 1.4016308685944652 3.5
1.681957042313358 1.324673824829154 3.5
1.9622832160322512 1.227520028318021 3.5
2.242609389751144 1.1048543456039805 3.5
-2.1194781197266463 1.3258252147247767 3.5
-1.8545433547608157 1.4730240339816252 3.5
-1.5896085897949845 1.5896085897949845 3.5
-1.324673824829154 1.681957042313358 3.5
-1.0597390598633232 1.7539019000502851 3.5
-0.7948042948974923 1.8078806977197084 3.5
-0.5298695299316616 1.8454705954715185 3.5
-0.2649347649658308 1.86766141998155 3.5
0.0 1.875 3.5
0.2649347649658308 1.86766141998155 3.5
0.5298695299316616 1.8454705954715185 3.5
0.7948042948974923 1.8078806977197084 3.5
1.0597390598633232 1.7539019000502851 3.5
1.324673824829154 1.681957042313358 3.5
1.5896085897949845 1.5896085897949845 3.5
1.8545433547608157 1.4730240339816252 3.5
2.1194781197266463 1.3258252147247767 3.5
-1.9640320453088336 1.5467960838455728 3.5
-1.7185280396452294 1.7185280396452294 3.5
-1.4730240339816252 1.8545433547608157 3.5
-1.227520028318021 1.9622832160322512 3.5
-0.9820160226544168 2.046218883391999 3.5
-0.7365120169908126 2.1091941473396596 3.5
-0.4910080113272084 2.1530490280501047 3.5
-0.2455040056636042 2.1789383233118085 3.5
0.0 2.1875 3.5
0.2455040056636042 2.1789383233118085 3.5
0.4910080113272084 2.1530490280501047 3.5
0.7365120169908126 2.1091941473396596 3.5
0.9820160226544168 2.046218883391999 3.5
1.227520028318021 1.9622832160322512 3.5
1.4730240339816252 1.8545433547608157 3.5
1.7185280396452294 1.7185280396452294 3.5
1.9640320453088336 1.5467960838455728 3.5
-1.7677669529663689 1.7677669529663689 3.5
-1.5467960838455728 1.9640320453088336 3.5
-1.3258252147247767 2.1194781197266463 3.5
-1.1048543456039805 2.242609389751144 3.5
-0.8838834764831844 2.3385358667337135 3.5
-0.6629126073623883 2.4105075969596115 3.5
-0.4419417382415922 2.460627460628691 3.5
-0.2209708691207961 2.490215226642067 3.5
0.0 2.5 3.5
0.2209708691207961 2.490215226642067 3.5
0.4419417382415922 2.460627460628691 3.5
0.6629126073623883 2.4105075969596115 3.5
0.8838834764831844 2.3385358667337135 3.5
1.1048543456039805 2.242609389751144 3.5
1.3258252147247767 2.1194781197266463 3.5
1.5467960838455728 1.9640320453088336 3.5
1.7677669529663689 1.7677669529663689 3.5
-1.7331126606665963 -1.7331126606665963 3.71875
-1.5164735780832717 -1.925530284389476 3.71875
-1.2998344954999472 -2.0779290828693107 3.71875
-1.0831954129166226 -2.198646557899219 3.71875
-0.8665563303332982 -2.2926925470906436 3.71875
-0.6499172477499736 -2.363253384680279 3.71875
-0.4332781651666491 -2.412390727207249 3.71875
-0.21663908258332454 -2.4413984715779504 3.71875
0.0 -2.45099142983522 3.71875
0.21663908258332454 -2.4413984715779504 3.71875
0.4332781651666491 -2.412390727207249 3.71875
0.6499172477499736 -2.363253384680279 3.71875
0.8665563303332982 -2.2926925470906436 3.71875
1.0831954129166226 -2.198646557899219 3.71875
1.2998344954999472 -2.0779290828693107 3.71875
1.5164735780832717 -1.925530284389476 3.71875
1.7331126606665963 -1.7331126606665963 3.71875
-1.925530284389476 -1.5164735780832717 3.71875
-1.6848389988407912 -1.6848389988407912 3.71875
-1.444147713292107 -1.8181879475106468 3.71875
-1.2034564277434223 -1.9238157381618166 3.71875
-0.962765142194738 -2.0061059787043134 3.71875
-0.7220738566460535 -2.067846711595244 3.71875
-0.481382571097369 -2.1108418863063427 3.71875
-0.2406912855486845 -2.1362236626307065 3.71875
0.0 -2.1446175011058175 3.71875
0.2406912855486845 -2.1362236626307065 3.71875
0.481382571097369 -2.1108418863063427 3.71875
0.7220738566460535 -2.067846711595244 3.71875
0.962765142194738 -2.0061059787043134 3.71875
1.2034564277434223 -1.9238157381618166 3.71875
1.444147713292107 -1.8181879475106468 3.71875
1.6848389988407912 -1.6848389988407912 3.71875
1.925530284389476 -1.5164735780832717 3.71875
-2.0779290828693107 -1.2998344954999472 3.71875
-1.8181879475106468 -1.444147713292107 3.71875
-1.5584468121519828 -1.5584468121519828 3.71875
-1.2987056767933192 -1.648984918424414 3.71875
-1.0389645414346553 -1.719519410317983 3.71875
-0.7792234060759914 -1.7724400385102093 3.71875
-0.5194822707173277 -1.8092930454054368 3.71875
-0.25974113535866383 -1.8310488536834626 3.71875
0.0 -1.838243572376415 3.71875
0.25974113535866383 -1.8310488536834626 3.71875
0.5194822707173277 -1.8092930454054368 3.71875
0.7792234060759914 -1.7724400385102093 3.71875
1.0389645414346553 -1.719519410317983 3.71875
1.2987056767933192 -1.648984918424414 3.71875
1.5584468121519828 -1.5584468121519828 3.71875
1.8181879475106468 -1.444147713292107 3.71875
2.0779290828693107 -1.2998344954999472 3.71875
-2.198646557899219 -1.0831954129166226 3.71875
-1.9238157381618166 -1.2034564277434223 3.71875
-1.648984918424414 -1.2987056767933192 3.71875
-1.3741540986870118 -1.3741540986870118 3.71875
-1.0993232789496095 -1.4329328419316525 3.71875
-0.824492459212207 -1.4770333654251746 3.71875
-0.5496616394748047 -1.5077442045045304 3.71875
-0.27483081973740237 -1.5258740447362191 3.71875
0.0 -1.5318696436470125 3.71875
0.27483081973740237 -1.5258740447362191 3.71875
0.5496616394748047 -1.5077442045045304 3.71875
0.824492459212207 -1.4770333654251746 3.71875
1.0993232789496095 -1.4329328419316525 3.71875
1.3741540986870118 -1.3741540986870118 3.71875
1.648984918424414 -1.2987056767933192 3.71875
1.9238157381618166 -1.2034564277434223 3.71875
2.198646557899219 -1.0831954129166226 3.71875
-2.2926925470906436 -0.8665563303332982 3.71875
-2.0061059787043134 -0.962765142194738 3.71875
-1.719519410317983 -1.0389645414346553 3.71875
-1.4329328419316525 -1.0993232789496095 3.71875
-1.1463462735453218 -1.1463462735453218 3.71875
-0.8597597051589915 -1.1816266923401395 3.71875
-0.5731731367726609 -1.2061953636036244 3.71875
-0.28658656838633045 -1.2206992357889752 3.71875
0.0 -1.22549571491761 3.71875
0.28658656838633045 -1.2206992357889752 3.71875
0.5731731367726609 -1.2061953636036244 3.71875
0.8597597051589915 -1.1816266923401395 3.71875
1.1463462735453218 -1.1463462735453218 3.71875
1.4329328419316525 -1.0993232789496095 3.71875
1.719519410317983 -1.0389645414346553 3.71875
2.0061059787043134 -0.962765142194738 3.71875
2.2926925470906436 -0.8665563303332982 3.71875
-2.363253384680279 -0.6499172477499736 3.71875
-2.067846711595244 -0.7220738566460535 3.71875
-1.7724400385102093 -0.7792234060759914 3.71875
-1.4770333654251746 -0.824492459212207 3.71875
-1.1816266923401395 -0.8597597051589915 3.71875
-0.8862200192551046 -0.8862200192551046 3.71875
-0.5908133461700698 -0.9046465227027184 3.71875
-0.2954066730850349 -0.9155244268417313 3.71875
0.0 -0.9191217861882075 3.71875
0.2954066730850349 -0.9155244268417313 3.71875
0.5908133461700698 -0.9046465227027184 3.71875
0.8862200192551046 -0.8862200192551046 3.71875
1.1816266923401395 -0.8597597051589915 3.71875
1.4770333654251746 -0.824492459212207 3.71875
1.7724400385102093 -0.7792234060759914 3.71875
2.067846711595244 -0.7220738566460535 3.71875
2.363253384680279 -0.6499172477499736 3.71875
-2.412390727207249 -0.4332781651666491 3.71875
-2.1108418863063427 -0.481382571097369 3.71875
-1.8092930454054368 -0.5194822707173277 3.71875
-1.5077442045045304 -0.5496616394748047 3.71875
-1.2061953636036244 -0.5731731367726609 3.71875
-0.9046465227027184 -0.5908133461700698 3.71875
-0.6030976818018122 -0.6030976818018122 3.71875
-0.3015488409009061 -0.6103496178944876 3.71875
0.0 -0.612747857458805 3.71875
0.3015488409009061 -0.6103496178944876 3.71875
0.6030976818018122 -0.6030976818018122 3.71875
0.9046465227027184 -0.5908133461700698 3.71875
1.2061953636036244 -0.5731731367726609 3.71875
1.5077442045045304 -0.5496616394748047 3.71875
1.8092930454054368 -0.5194822707173277 3.71875
2.1108418863063427 -0.481382571097369 3.71875
2.412390727207249 -0.4332781651666491 3.71875
-2.4413984715779504 -0.21663908258332454 3.71875
-2.1362236626307065 -0.2406912855486845 3.71875
-1.8310488536834626 -0.25974113535866383 3.71875
-1.5258740447362191 -0.27483081973740237 3.71875
-1.2206992357889752 -0.28658656838633045 3.71875
-0.9155244268417313 -0.2954066730850349 3.71875
-0.6103496178944876 -0.3015488409009061 3.71875
-0.3051748089472438 -0.3051748089472438 3.71875
0.0 -0.3063739287294025 3.71875
0.3051748089472438 -0.3051748089472438 3.71875
0.6103496178944876 -0.3015488409009061 3.71875
0.9155244268417313 -0.2954066730850349 3.71875
1.2206992357889752 -0.28658656838633045 3.71875
1.5258740447362191 -0.27483081973740237 3.71875
1.8310488536834626 -0.25974113535866383 3.71875
2.1362236626307065 -0.2406912855486845 3.71875
2.4413984715779504 -0.21663908258332454 3.71875
-2.45099142983522 0.0 3.71875
-2.1446175011058175 0.0 3.71875
-1.838243572376415 0.0 3.71875
-1.5318696436470125 0.0 3.71875
-1.22549571491761 0.0 3.71875
-0.9191217861882075 0.0 3.71875
-0.612747857458805 0.0 3.71875
-0.3063739287294025 0.0 3.71875
0.0 0.0 3.71875
0.3063739287294025 0.0 3.71875
0.612747857458805 0.0 3.71875
0.9191217861882075 0.0 3.71875
1.22549571491761 0.0 3.71875
1.5318696436470125 0.0 3.71875
1.838243572376415 0.0 3.71875
2.1446175011058175 0.0 3.71875
2.45099142983522 0.0 3.71875
-2.4413984715779504 0.21663908258332454 3.71875
-2.1362236626307065 0.2406912855486845 3.71875
-1.8310488536834626 0.25974113535866383 3.71875
-1.5258740447362191 0.27483081973740237 3.71875
-1.2206992357889752 0.28658656838633045 3.71875
-0.9155244268417313 0.2954066730850349 3.71875
-0.6103496178944876 0.3015488409009061 3.71875
-0.3051748089472438 0.3051748089472438 3.71875
0.0 0.3063739287294025 3.71875
0.3051748089472438 0.3051748089472438 3.71875
0.6103496178944876 0.3015488409009061 3.71875
0.9155244268417313 0.2954066730850349 3.71875
1.2206992357889752 0.28658656838633045 3.71875
1.5258740447362191 0.27483081973740237 3.71875
1.8310488536834626 0.25974113535866383 3.71875
2.1362236626307065 0.2406912855486845 3.71875
2.4413984715779504 0.21663908258332454 3.71875
-2.412390727207249 0.4332781651666491 3.71875
-2.1108418863063427 0.481382571097369 3.71875
-1.8092930454054368 0.5194822707173277 3.71875
-1.5077442045045304 0.5496616394748047 3.71875
-1.2061953636036244 0.5731731367726609 3.71875
-0.9046465227027184 0.5908133461700698 3.71875
-0.6030976818018122 0.6030976818018122 3.71875
-0.3015488409009061 0.6103496178944876 3.71875
0.0 0.612747857458805 3.71875
0.3015488409009061 0.6103496178944876 3.71875
0.6030976818018122 0.6030976818018122 3.71875
0.9046465227027184 0.5908133461700698 3.71875
1.2061953636036244 0.5731731367726609 3.71875
1.5077442045045304 0.5496616394748047 3.71875
1.8092930454054368 0.5194822707173277 3.71875
2.1108418863063427 0.481382571097369 3.71875
2.412390727207249 0.4332781651666491 3.71875
-2.363253384680279 0.6499172477499736 3.71875
-2.067846711595244 0.7220738566460535 3.71875
-1.7724400385102093 0.7792234060759914 3.71875
-1.4770333654251746 0.824492459212207 3.71875
-1.1816266923401395 0.8597597051589915 3.71875
-0.8862200192551046 0.8862200192551046 3.71875
-0.5908133461700698 0.9046465227027184 3.71875
-0.2954066730850349 0.9155244268417313 3.71875
0.0 0.9191217861882075 3.71875
0.2954066730850349 0.9155244268417313 3.71875
0.5908133461700698 0.9046465227027184 3.71875
0.8862200192551046 0.8862200192551046 3.71875
1.1816266923401395 0.8597597051589915 3.71875
1.4770333654251746 0.824492459212207 3.71875
1.7724400385102093 0.7792234060759914 3.71875
2.067846711595244 0.7220738566460535 3.71875
2.363253384680279 0.6499172477499736 3.71875
-2.2926925470906436 0.8665563303332982 3.71875
-2.0061059787043134 0.962765142194738 3.71875
-1.719519410317983 1.0389645414346553 3.71875
-1.4329328419316525 1.0993232789496095 3.71875
-1.1463462735453218 1.1463462735453218 3.71875
-0.8597597051589915 1.1816266923401395 3.71875
-0.5731731367726609 1.2061953636036244 3.71875
-0.28658656838633045 1.2206992357889752 3.71875
0.0 1.22549571491761 3.71875
0.28658656838633045 1.2206992357889752 3.71875
0.5731731367726609 1.2061953636036244 3.71875
0.8597597051589915 1.1816266923401395 3.71875
1.1463462735453218 1.1463462735453218 3.71875
1.4329328419316525 1.0993232789496095 3.71875
1.719519410317983 1.0389645414346553 3.71875
2.0061059787043134 0.962765142194738 3.71875
2.2926925470906436 0.8665563303332982 3.71875
-2.198646557899219 1.0831954129166226 3.71875
-1.9238157381618166 1.2034564277434223 3.71875
-1.648984918424414 1.2987056767933192 3.71875
-1.3741540986870118 1.3741540986870118 3.71875
-1.0993232789496095 1.4329328419316525 3.71875
-0.824492459212207 1.4770333654251746 3.71875
-0.5496616394748047 1.5077442045045304 3.71875
-0.27483081973740237 1.5258740447362191 3.71875
0.0 1.5318696436470125 3.71875
0.27483081973740237 1.5258740447362191 3.71875
0.5496616394748047 1.5077442045045304 3.71875
0.824492459212207 1.4770333654251746 3.71875
1.0993232789496095 1.4329328419316525 3.71875
1.3741540986870118 1.3741540986870118 3.71875
1.648984918424414 1.2987056767933192 3.71875
1.9238157381618166 1.2034564277434223 3.71875
2.198646557899219 1.0831954129166226 3.71875
-2.0779290828693107 1.2998344954999472 3.71875
-1.8181879475106468 1.444147713292107 3.71875
-1.5584468121519828 1.5584468121519828 3.71875
-1.2987056767933192 1.648984918424414 3.71875
-1.0389645414346553 1.719519410317983 3.71875
-0.7792234060759914 1.7724400385102093 3.71875
-0.5194822707173277 1.8092930454054368 3.71875
-0.25974113535866383 1.8310488536834626 3.71875
0.0 1.838243572376415 3.71875
0.25974113535866383 1.8310488536834626 3.71875
0.5194822707173277 1.8092930454054368 3.71875
0.7792234060759914 1.7724400385102093 3.71875
1.0389645414346553 1.719519410317983 3.71875
1.2987056767933192 1.648984918424414 3.71875
1.5584468121519828 1.5584468121519828 3.71875
1.8181879475106468 1.444147713292107 3.71875
2.0779290828693107 1.2998344954999472 3.71875
-1.925530284389476 1.5164735780832717 3.71875
-1.6848389988407912 1.6848389988407912 3.71875
-1.444147713292107 1.8181879475106468 3.71875
-1.2034564277434223 1.9238157381618166 3.71875
-0.962765142194738 2.0061059787043134 3.71875
-0.7220738566460535 2.067846711595244 3.71875
-0.481382571097369 2.1108418863063427 3.71875
-0.2406912855486845 2.1362236626307065 3.71875
0.0 2.1446175011058175 3.71875
0.2406912855486845 2.1362236626307065 3.71875
0.481382571097369 2.1108418863063427 3.71875
0.7220738566460535 2.067846711595244 3.71875
0.962765142194738 2.0061059787043134 3.71875
1.2034564277434223 1.9238157381618166 3.71875
1.444147713292107 1.8181879475106468 3.71875
1.6848389988407912 1.6848389988407912 3.71875
1.925530284389476 1.5164735780832717 3.71875
-1.7331126606665963 1.7331126606665963 3.71875
-1.5164735780832717 1.925530284389476 3.71875
-1.2998344954999472 2.0779290828693107 3.71875
-1.0831954129166226 2.198646557899219 3.71875
-0.8665563303332982 2.2926925470906436 3.71875
-0.6499172477499736 2.363253384680279 3.71875
-0.4332781651666491 2.412390727207249 3.71875
-0.21663908258332454 2.4413984715779504 3.71875
0.0 2.45099142983522 3.71875
0.21663908258332454 2.4413984715779504 3.71875
0.4332781651666491 2.412390727207249 3.71875
0.6499172477499736 2.363253384680279 3.71875
0.8665563303332982 2.2926925470906436 3.71875
1.0831954129166226 2.198646557899219 3.71875
1.2998344954999472 2.0779290828693107 3.71875
1.5164735780832717 1.925530284389476 3.71875
1.7331126606665963 1.7331126606665963 3.71875
-1.6987921081456332 -1.6987921081456332 3.9375
-1.486443094627429 -1.8873993164749747 3.9375
-1.274094081109225 -2.0367801859499246 3.9375
-1.0617450675910207 -2.1551071121505556 3.9375
-0.8493960540728166 -2.2472907236762443 3.9375
-0.6370470405546125 -2.3164542562969768 3.9375
-0.4246980270364083 -2.3646185398975352 3.9375
-0.21234901351820415 -2.3930518485510537 3.9375
0.0 -2.402454838991936 3.9375
0.21234901351820415 -2.3930518485510537 3.9375
0.4246980270364083 -2.3646185398975352 3.9375
0.6370470405546125 -2.3164542562969768 3.9375
0.8493960540728166 -2.2472907236762443 3.9375
1.0617450675910207 -2.1551071121505556 3.9375
1.274094081109225 -2.0367801859499246 3.9375
1.486443094627429 -1.8873993164749747 3.9375
1.6987921081456332 -1.6987921081456332 3.9375
-1.8873993164749747 -1.486443094627429 3.9375
-1.6514744019156027 -1.6514744019156027 3.9375
-1.415549487356231 -1.782182662706184 3.9375
-1.179624572796859 -1.8857187231317363 3.9375
-0.9436996582374874 -1.9663793832167138 3.9375
-0.7077747436781155 -2.0268974742598544 3.9375
-0.4718498291187437 -2.0690412224103434 3.9375
-0.23592491455937184 -2.093920367482172 3.9375
0.0 -2.102147984117944 3.9375
0.23592491455937184 -2.093920367482172 3.9375
0.4718498291187437 -2.0690412224103434 3.9375
0.7077747436781155 -2.0268974742598544 3.9375
0.9436996582374874 -1.9663793832167138 3.9375
1.179624572796859 -1.8857187231317363 3.9375
1.415549487356231 -1.782182662706184 3.9375
1.6514744019156027 -1.6514744019156027 3.9375
1.8873993164749747 -1.486443094627429 3.9375
-2.0367801859499246 -1.274094081109225 3.9375
-1.782182662706184 -1.415549487356231 3.9375
-1.5275851394624433 -1.5275851394624433 3.9375
-1.2729876162187028 -1.6163303341129167 3.9375
-1.0183900929749623 -1.6854680427571833 3.9375
-0.7637925697312217 -1.7373406922227324 3.9375
-0.5091950464874812 -1.7734639049231515 3.9375
-0.2545975232437406 -1.7947888864132902 3.9375
0.0 -1.801841129243952 3.9375
0.2545975232437406 -1.7947888864132902 3.9375
0.5091950464874812 -1.7734639049231515 3.9375
0.7637925697312217 -1.7373406922227324 3.9375
1.0183900929749623 -1.6854680427571833 3.9375
1.2729876162187028 -1.6163303341129167 3.9375
1.5275851394624433 -1.5275851394624433 3.9375
1.782182662706184 -1.415549487356231 3.9375
2.0367801859499246 -1.274094081109225 3.9375
-2.1551071121505556 -1.0617450675910207 3.9375
-1.8857187231317363 -1.179624572796859 3.9375
-1.6163303341129167 -1.2729876162187028 3.9375
-1.3469419450940971 -1.3469419450940971 3.9375
-1.0775535560752778 -1.4045567022976528 3.9375
-0.8081651670564584 -1.4477839101856105 3.9375
-0.5387767780376389 -1.4778865874359595 3.9375
-0.26938838901881945 -1.4956574053444085 3.9375
0.0 -1.50153427436996 3.9375
0.26938838901881945 -1.4956574053444085 3.9375
0.5387767780376389 -1.4778865874359595 3.9375
0.8081651670564584 -1.4477839101856105 3.9375
1.0775535560752778 -1.4045567022976528 3.9375
1.3469419450940971 -1.3469419450940971 3.9375
1.6163303341129167 -1.2729876162187028 3.9375
1.8857187231317363 -1.179624572796859 3.9375
2.1551071121505556 -1.0617450675910207 3.9375
-2.2472907236762443 -0.8493960540728166 3.9375
-1.9663793832167138 -0.9436996582374874 3.9375
-1.6854680427571833 -1.0183900929749623 3.9375
-1.4045567022976528 -1.0775535560752778 3.9375
-1.1236453618381221 -1.1236453618381221 3.9375
-0.8427340213785917 -1.1582271281484884 3.9375
-0.5618226809190611 -1.1823092699487676 3.9375
-0.28091134045953053 -1.1965259242755268 3.9375
0.0 -1.201227419495968 3.9375
0.28091134045953053 -1.1965259242755268 3.9375
0.5618226809190611 -1.1823092699487676 3.9375
0.8427340213785917 -1.1582271281484884 3.9375
1.1236453618381221 -1.1236453618381221 3.9375
1.4045567022976528 -1.0775535560752778 3.9375
1.6854680427571833 -1.0183900929749623 3.9375
1.9663793832167138 -0.9436996582374874 3.9375
2.2472907236762443 -0.8493960540728166 3.9375
-2.3164542562969768 -0.6370470405546125 3.9375
-2.0268974742598544 -0.7077747436781155 3.9375
-1.7373406922227324 -0.7637925697312217 3.9375
-1.4477839101856105 -0.8081651670564584 3.9375
-1.1582271281484884 -0.8427340213785917 3.9375
-0.8686703461113662 -0.8686703461113662 3.9375
-0.5791135640742442 -0.8867319524615758 3.9375
-0.2895567820371221 -0.8973944432066451 3.9375
0.0 -0.900920564621976 3.9375
0.2895567820371221 -0.8973944432066451 3.9375
0.5791135640742442 -0.8867319524615758 3.9375
0.8686703461113662 -0.8686703461113662 3.9375
1.1582271281484884 -0.8427340213785917 3.9375
1.4477839101856105 -0.8081651670564584 3.9375
1.7373406922227324 -0.7637925697312217 3.9375
2.0268974742598544 -0.7077747436781155 3.9375
2.3164542562969768 -0.6370470405546125 3.9375
-2.3646185398975352 -0.4246980270364083 3.9375
-2.0690412224103434 -0.4718498291187437 3.9375
-1.7734639049231515 -0.5091950464874812 3.9375
-1.4778865874359595 -0.5387767780376389 3.9375
-1.1823092699487676 -0.5618226809190611 3.9375
-0.8867319524615758 -0.5791135640742442 3.9375
-0.5911546349743838 -0.5911546349743838 3.9375
-0.2955773174871919 -0.5982629621377634 3.9375
0.0 -0.600613709747984 3.9375
0.2955773174871919 -0.5982629621377634 3.9375
0.5911546349743838 -0.5911546349743838 3.9375
0.8867319524615758 -0.5791135640742442 3.9375
1.1823092699487676 -0.5618226809190611 3.9375
1.4778865874359595 -0.5387767780376389 3.9375
1.7734639049231515 -0.5091950464874812 3.9375
2.0690412224103434 -0.4718498291187437 3.9375
2.3646185398975352 -0.4246980270364083 3.9375
-2.3930518485510537 -0.21234901351820415 3.9375
-2.093920367482172 -0.23592491455937184 3.9375
-1.7947888864132902 -0.2545975232437406 3.9375
-1.4956574053444085 -0.26938838901881945 3.9375
-1.1965259242755268 -0.28091134045953053 3.9375
-0.8973944432066451 -0.2895567820371221 3.9375
-0.5982629621377634 -0.2955773174871919 3.9375
-0.2991314810688817 -0.2991314810688817 3.9375
0.0 -0.300306854873992 3.9375
0.2991314810688817 -0.2991314810688817 3.9375
0.5982629621377634 -0.2955773174871919 3.9375
0.8973944432066451 -0.2895567820371221 3.9375
1.1965259242755268 -0.28091134045953053 3.9375
1.4956574053444085 -0.26938838901881945 3.9375
1.7947888864132902 -0.2545975232437406 3.9375
2.093920367482172 -0.23592491455937184 3.9375
2.3930518485510537 -0.21234901351820415 3.9375
-2.402454838991936 0.0 3.9375
-2.102147984117944 0.0 3.9375
-1.801841129243952 0.0 3.9375
-1.50153427436996 0.0 3.9375
-1.201227419495968 0.0 3.9375
-0.900920564621976 0.0 3.9375
-0.600613709747984 0.0 3.9375
-0.300306854873992 0.0 3.9375
0.0 0.0 3.9375
0.300306854873992 0.0 3.9375
0.600613709747984 0.0 3.9375
0.900920564621976 0.0 3.9375
1.201227419495968 0.0 3.9375
1.50153427436996 0.0 3.9375
1.801841129243952 0.0 3.9375
2.102147984117944 0.0 3.9375
2.402454838991936 0.0 3.9375
-2.3930518485510537 0.21234901351820415 3.9375
-2.093920367482172 0.23592491455937184 3.9375
-1.7947888864132902 0.2545975232437406 3.9375
-1.4956574053444085 0.26938838901881945 3.9375
-1.1965259242755268 0.28091134045953053 3.9375
-0.8973944432066451 0.2895567820371221 3.9375
-0.5982629621377634 0.2955773174871919 3.9375
-0.2991314810688817 0.2991314810688817 3.9375
0.0 0.300306854873992 3.9375
0.2991314810688817 0.2991314810688817 3.9375
0.5982629621377634 0.2955773174871919 3.9375
0.8973944432066451 0.2895567820371221 3.9375
1.1965259242755268 0.28091134045953053 3.9375
1.4956574053444085 0.26938838901881945 3.9375
1.7947888864132902 0.2545975232437406 3.9375
2.093920367482172 0.23592491455937184 3.9375
2.3930518485510537 0.21234901351820415 3.9375
-2.3646185398975352 0.4246980270364083 3.9375
-2.0690412224103434 0.4718498291187437 3.9375
-1.7734639049231515 0.5091950464874812 3.9375
-1.4778865874359595 0.5387767780376389 3.9375
-1.1823092699487676 0.5618226809190611 3.9375
-0.8867319524615758 0.5791135640742442 3.9375
-0.5911546349743838 0.5911546349743838 3.9375
-0.2955773174871919 0.5982629621377634 3.9375
0.0 0.600613709747984 3.9375
0.2955773174871919 0.5982629621377634 3.9375
0.5911546349743838 0.5911546349743838 3.9375
0.8867319524615758 0.5791135640742442 3.9375
1.1823092699487676 0.5618226809190611 3.9375
1.4778865874359595 0.5387767780376389 3.9375
1.7734639049231515 0.5091950464874812 3.9375
2.0690412224103434 0.4718498291187437 3.9375
2.3646185398975352 0.4246980270364083 3.9375
-2.3164542562969768 0.6370470405546125 3.9375
-2.0268974742598544 0.7077747436781155 3.9375
-1.7373406922227324 0.7637925697312217 3.9375
-1.4477839101856105 0.8081651670564584 3.9375
-1.1582271281484884 0.8427340213785917 3.9375
-0.8686703461113662 0.8686703461113662 3.9375
-0.5791135640742442 0.8867319524615758 3.9375
-0.2895567820371221 0.8973944432066451 3.9375
0.0 0.900920564621976 3.9375
0.2895567820371221 0.8973944432066451 3.9375
0.5791135640742442 0.8867319524615758 3.9375
0.8686703461113662 0.8686703461113662 3.9375
1.1582271281484884 0.8427340213785917 3.9375
1.4477839101856105 0.8081651670564584 3.9375
1.7373406922227324 0.7637925697312217 3.9375
2.0268974742598544 0.7077747436781155 3.9375
2.3164542562969768 0.6370470405546125 3.9375
-2.2472907236762443 0.8493960540728166 3.9375
-1.9663793832167138 0.9436996582374874 3.9375
-1.6854680427571833 1.0183900929749623 3.9375
-1.4045567022976528 1.0775535560752778 3.9375
-1.1236453618381221 1.1236453618381221 3.9375
-0.8427340213785917 1.1582271281484884 3.9375
-0.5618226809190611 1.1823092699487676 3.9375
-0.28091134045953053 1.1965259242755268 3.9375
0.0 1.201227419495968 3.9375
0.28091134045953053 1.1965259242755268 3.9375
0.5618226809190611 1.1823092699487676 3.9375
0.8427340213785917 1.1582271281484884 3.9375
1.1236453618381221 1.1236453618381221 3.9375
1.4045567022976528 1.0775535560752778 3.9375
1.6854680427571833 1.0183900929749623 3.9375
1.9663793832167138 0.9436996582374874 3.9375
2.2472907236762443 0.8493960540728166 3.9375
-2.1551071121505556 1.0617450675910207 3.9375
-1.8857187231317363 1.179624572796859 3.9375
-1.6163303341129167 1.2729876162187028 3.9375
-1.3469419450940971 1.3469419450940971 3.9375
-1.0775535560752778 1.4045567022976528 3.9375
-0.8081651670564584 1.4477839101856105 3.9375
-0.5387767780376389 1.4778865874359595 3.9375
-0.26938838901881945 1.4956574053444085 3.9375
0.0 1.50153427436996 3.9375
0.26938838901881945 1.4956574053444085 3.9375
0.5387767780376389 1.4778865874359595 3.9375
0.8081651670564584 1.4477839101856105 3.9375
1.0775535560752778 1.4045567022976528 3.9375
1.3469419450940971 1.3469419450940971 3.9375
1.6163303341129167 1.2729876162187028 3.9375
1.8857187231317363 1.179624572796859 3.9375
2.1551071121505556 1.0617450675910207 3.9375
-2.0367801859499246 1.274094081109225 3.9375
-1.782182662706184 1.415549487356231 3.9375
-1.5275851394624433 1.5275851394624433 3.9375
-1.2729876162187028 1.6163303341129167 3.9375
-1.0183900929749623 1.6854680427571833 3.9375
-0.7637925697312217 1.7373406922227324 3.9375
-0.5091950464874812 1.7734639049231515 3.9375
-0.2545975232437406 1.7947888864132902 3.9375
0.0 1.801841129243952 3.9375
0.2545975232437406 1.7947888864132902 3.9375
0.5091950464874812 1.7734639049231515 3.9375
0.7637925697312217 1.7373406922227324 3.9375
1.0183900929749623 1.6854680427571833 3.9375
1.2729876162187028 1.6163303341129167 3.9375
1.5275851394624433 1.5275851394624433 3.9375
1.782182662706184 1.415549487356231 3.9375
2.0367801859499246 1.274094081109225 3.9375
-1.8873993164749747 1.486443094627429 3.9375
-1.6514744019156027 1.6514744019156027 3.9375
-1.415549487356231 1.782182662706184 3.9375
-1.179624572796859 1.8857187231317363 3.9375
-0.9436996582374874 1.9663793832167138 3.9375
-0.7077747436781155 2.0268974742598544 3.9375
-0.4718498291187437 2.0690412224103434 3.9375
-0.23592491455937184 2.093920367482172 3.9375
0.0 2.102147984117944 3.9375
0.23592491455937184 2.093920367482172 3.9375
0.4718498291187437 2.0690412224103434 3.9375
0.7077747436781155 2.0268974742598544 3.9375
0.9436996582374874 1.9663793832167138 3.9375
1.179624572796859 1.8857187231317363 3.9375
1.415549487356231 1.782182662706184 3.9375
1.6514744019156027 1.6514744019156027 3.9375
1.8873993164749747 1.486443094627429 3.9375
-1.6987921081456332 1.6987921081456332 3.9375
-1.486443094627429 1.8873993164749747 3.9375
-1.274094081109225 2.0367801859499246 3.9375
-1.0617450675910207 2.1551071121505556 3.9375
-0.8493960540728166 2.2472907236762443 3.9375
-0.6370470405546125 2.3164542562969768 3.9375
-0.4246980270364083 2.3646185398975352 3.9375
-0.21234901351820415 2.3930518485510537 3.9375
0.0 2.402454838991936 3.9375
0.21234901351820415 2.3930518485510537 3.9375
0.4246980270364083 2.3646185398975352 3.9375
0.6370470405546125 2.3164542562969768 3.9375
0.8493960540728166 2.2472907236762443 3.9375
1.0617450675910207 2.1551071121505556 3.9375
1.274094081109225 2.0367801859499246 3.9375
1.486443094627429 1.8873993164749747 3.9375
1.6987921081456332 1.6987921081456332 3.9375
-1.6651358210857796 -1.6651358210857796 4.15625
-1.4569938434500571 -1.8500063636308546 4.15625
-1.2488518658143348 -1.9964277153400976 4.15625
-1.0407098881786123 -2.1124103611687968 4.15625
-0.8325679105428898 -2.2027676408691574 4.15625
-0.6244259329071674 -2.2705609129990414 4.15625
-0.4162839552714449 -2.3177709709782777 4.15625
-0.20814197763572245 -2.345640961970079 4.15625
0.0 -2.354857661372769 4.15625
0.20814197763572245 -2.345640961970079 4.15625
0.4162839552714449 -2.3177709709782777 4.15625
0.6244259329071674 -2.2705609129990414 4.15625
0.8325679105428898 -2.2027676408691574 4.15625
1.0407098881786123 -2.1124103611687968 4.15625
1.2488518658143348 -1.9964277153400976 4.15625
1.4569938434500571 -1.8500063636308546 4.15625
1.6651358210857796 -1.6651358210857796 4.15625
-1.8500063636308546 -1.4569938434500571 4.15625
-1.6187555681769976 -1.6187555681769976 4.15625
-1.3875047727231409 -1.7468742509225854 4.15625
-1.156253977269284 -1.8483590660226972 4.15625
-0.9250031818154273 -1.9274216857605126 4.15625
-0.6937523863615704 -1.986740798874161 4.15625
-0.46250159090771364 -2.028049599605993 4.15625
-0.23125079545385682 -2.052435841723819 4.15625
0.0 -2.060500453701173 4.15625
0.23125079545385682 -2.052435841723819 4.15625
0.46250159090771364 -2.028049599605993 4.15625
0.6937523863615704 -1.986740798874161 4.15625
0.9250031818154273 -1.9274216857605126 4.15625
1.156253977269284 -1.8483590660226972 4.15625
1.3875047727231409 -1.7468742509225854 4.15625
1.6187555681769976 -1.6187555681769976 4.15625
1.8500063636308546 -1.4569938434500571 4.15625
-1.9964277153400976 -1.2488518658143348 4.15625
-1.7468742509225854 -1.3875047727231409 4.15625
-1.497320786505073 -1.497320786505073 4.15625
-1.247767322087561 -1.5843077708765976 4.15625
-0.9982138576700488 -1.652075730651868 4.15625
-0.7486603932525365 -1.702920684749281 4.15625
-0.4991069288350244 -1.7383282282337085 4.15625
-0.2495534644175122 -1.759230721477559 4.15625
0.0 -1.7661432460295767 4.15625
0.2495534644175122 -1.759230721477559 4.15625
0.4991069288350244 -1.7383282282337085 4.15625
0.7486603932525365 -1.702920684749281 4.15625
0.9982138576700488 -1.652075730651868 4.15625
1.247767322087561 -1.5843077708765976 4.15625
1.497320786505073 -1.497320786505073 4.15625
1.7468742509225854 -1.3875047727231409 4.15625
1.9964277153400976 -1.2488518658143348 4.15625
-2.1124103611687968 -1.0407098881786123 4.15625
-1.8483590660226972 -1.156253977269284 4.15625
-1.5843077708765976 -1.247767322087561 4.15625
-1.320256475730498 -1.320256475730498 4.15625
-1.0562051805843984 -1.3767297755432235 4.15625
-0.7921538854382988 -1.4191005706244009 4.15625
-0.5281025902921992 -1.4486068568614234 4.15625
-0.2640512951460996 -1.4660256012312993 4.15625
0.0 -1.4717860383579806 4.15625
0.2640512951460996 -1.4660256012312993 4.15625
0.5281025902921992 -1.4486068568614234 4.15625
0.7921538854382988 -1.4191005706244009 4.15625
1.0562051805843984 -1.3767297755432235 4.15625
1.320256475730498 -1.320256475730498 4.15625
1.5843077708765976 -1.247767322087561 4.15625
1.8483590660226972 -1.156253977269284 4.15625
2.1124103611687968 -1.0407098881786123 4.15625
-2.2027676408691574 -0.8325679105428898 4.15625
-1.9274216857605126 -0.9250031818154273 4.15625
-1.652075730651868 -0.9982138576700488 4.15625
-1.3767297755432235 -1.0562051805843984 4.15625
-1.1013838204345787 -1.1013838204345787 4.15625
-0.826037865325934 -1.1352804564995207 4.15625
-0.5506919102172894 -1.1588854854891388 4.15625
-0.2753459551086447 -1.1728204809850395 4.15625
0.0 -1.1774288306863845 4.15625
0.2753459551086447 -1.1728204809850395 4.15625
0.5506919102172894 -1.1588854854891388 4.15625
0.826037865325934 -1.1352804564995207 4.15625
1.1013838204345787 -1.1013838204345787 4.15625
1.3767297755432235 -1.0562051805843984 4.15625
1.652075730651868 -0.9982138576700488 4.15625
1.9274216857605126 -0.9250031818154273 4.15625
2.2027676408691574 -0.8325679105428898 4.15625
-2.2705609129990414 -0.6244259329071674 4.15625
-1.986740798874161 -0.6937523863615704 4.15625
-1.702920684749281 -0.7486603932525365 4.15625
-1.4191005706244009 -0.7921538854382988 4.15625
-1.1352804564995207 -0.826037865325934 4.15625
-0.8514603423746405 -0.8514603423746405 4.15625
-0.5676402282497603 -0.8691641141168542 4.15625
-0.2838201141248802 -0.8796153607387796 4.15625
0.0 -0.8830716230147884 4.15625
0.2838201141248802 -0.8796153607387796 4.15625
0.5676402282497603 -0.8691641141168542 4.15625
0.8514603423746405 -0.8514603423746405 4.15625
1.1352804564995207 -0.826037865325934 4.15625
1.4191005706244009 -0.7921538854382988 4.15625
1.702920684749281 -0.7486603932525365 4.15625
1.986740798874161 -0.6937523863615704 4.15625
2.2705609129990414 -0.6244259329071674 4.15625
-2.3177709709782777 -0.4162839552714449 4.15625
-2.028049599605993 -0.46250159090771364 4.15625
-1.7383282282337085 -0.4991069288350244 4.15625
-1.4486068568614234 -0.5281025902921992 4.15625
-1.1588854854891388 -0.5506919102172894 4.15625
-0.8691641141168542 -0.5676402282497603 4.15625
-0.5794427427445694 -0.5794427427445694 4.15625
-0.2897213713722847 -0.5864102404925198 4.15625
0.0 -0.5887144153431922 4.15625
0.2897213713722847 -0.5864102404925198 4.15625
0.5794427427445694 -0.5794427427445694 4.15625
0.8691641141168542 -0.5676402282497603 4.15625
1.1588854854891388 -0.5506919102172894 4.15625
1.4486068568614234 -0.5281025902921992 4.15625
1.7383282282337085 -0.4991069288350244 4.15625
2.028049599605993 -0.46250159090771364 4.15625
2.3177709709782777 -0.4162839552714449 4.15625
-2.345640961970079 -0.20814197763572245 4.15625
-2.052435841723819 -0.23125079545385682 4.15625
-1.759230721477559 -0.2495534644175122 4.15625
-1.4660256012312993 -0.2640512951460996 4.15625
-1.1728204809850395 -0.2753459551086447 4.15625
-0.8796153607387796 -0.2838201141248802 4.15625
-0.5864102404925198 -0.2897213713722847 4.15625
-0.2932051202462599 -0.2932051202462599 4.15625
0.0 -0.2943572076715961 4.15625
0.2932051202462599 -0.2932051202462599 4.15625
0.5864102404925198 -0.2897213713722847 4.15625
0.8796153607387796 -0.2838201141248802 4.15625
1.1728204809850395 -0.2753459551086447 4.15625
1.4660256012312993 -0.2640512951460996 4.15625
1.759230721477559 -0.2495534644175122 4.15625
2.052435841723819 -0.23125079545385682 4.15625
2.345640961970079 -0.20814197763572245 4.15625
-2.354857661372769 0.0 4.15625
-2.060500453701173 0.0 4.15625
-1.7661432460295767 0.0 4.15625
-1.4717860383579806 0.0 4.15625
-1.1774288306863845 0.0 4.15625
-0.8830716230147884 0.0 4.15625
-0.5887144153431922 0.0 4.15625
-0.2943572076715961 0.0 4.15625
0.0 0.0 4.15625
0.2943572076715961 0.0 4.15625
0.5887144153431922 0.0 4.15625
0.8830716230147884 0.0 4.15625
1.1774288306863845 0.0 4.15625
1.4717860383579806 0.0 4.15625
1.7661432460295767 0.0 4.15625
2.060500453701173 0.0 4.15625
2.354857661372769 0.0 4.15625
-2.345640961970079 0.20814197763572245 4.15625
-2.052435841723819 0.23125079545385682 4.15625
-1.759230721477559 0.2495534644175122 4.15625
-1.4660256012312993 0.2640512951460996 4.15625
-1.1728204809850395 0.2753459551086447 4.15625
-0.8796153607387796 0.2838201141248802 4.15625
-0.5864102404925198 0.2897213713722847 4.15625
-0.2932051202462599 0.2932051202462599 4.15625
0.0 0.2943572076715961 4.15625
0.2932051202462599 0.2932051202462599 4.15625
0.5864102404925198 0.2897213713722847 4.15625
0.8796153607387796 0.2838201141248802 4.15625
1.1728204809850395 0.2753459551086447 4.15625
1.4660256012312993 0.2640512951460996 4.15625
1.759230721477559 0.2495534644175122 4.15625
2.052435841723819 0.23125079545385682 4.15625
2.345640961970079 0.20814197763572245 4.15625
-2.3177709709782777 0.4162839552714449 4.15625
-2.028049599605993 0.46250159090771364 4.15625
-1.7383282282337085 0.4991069288350244 4.15625
-1.4486068568614234 0.5281025902921992 4.15625
-1.1588854854891388 0.5506919102172894 4.15625
-0.8691641141168542 0.5676402282497603 4.15625
-0.5794427427445694 0.5794427427445694 4.15625
-0.2897213713722847 0.5864102404925198 4.15625
0.0 0.5887144153431922 4.15625
0.2897213713722847 0.5864102404925198 4.15625
0.5794427427445694 0.5794427427445694 4.15625
0.8691641141168542 0.5676402282497603 4.15625
1.1588854854891388 0.5506919102172894 4.15625
1.4486068568614234 0.5281025902921992 4.15625
1.7383282282337085 0.4991069288350244 4.15625
2.028049599605993 0.46250159090771364 4.15625
2.3177709709782777 0.4162839552714449 4.15625
-2.2705609129990414 0.6244259329071674 4.15625
-1.986740798874161 0.6937523863615704 4.15625
-1.702920684749281 0.7486603932525365 4.15625
-1.4191005706244009 0.7921538854382988 4.15625
-1.1352804564995207 0.826037865325934 4.15625
-0.8514603423746405 0.8514603423746405 4.15625
-0.5676402282497603 0.8691641141168542 4.15625
-0.2838201141248802 0.8796153607387796 4.15625
0.0 0.8830716230147884 4.15625
0.2838201141248802 0.8796153607387796 4.15625
0.5676402282497603 0.8691641141168542 4.15625
0.8514603423746405 0.8514603423746405 4.15625
1.1352804564995207 0.826037865325934 4.15625
1.4191005706244009 0.7921538854382988 4.15625
1.702920684749281 0.7486603932525365 4.15625
1.986740798874161 0.6937523863615704 4.15625
2.2705609129990414 0.6244259329071674 4.15625
-2.2027676408691574 0.8325679105428898 4.15625
-1.9274216857605126 0.9250031818154273 4.15625
-1.652075730651868 0.9982138576700488 4.15625
-1.3767297755432235 1.0562051805843984 4.15625
-1.1013838204345787 1.1013838204345787 4.15625
-0.826037865325934 1.1352804564995207 4.15625
-0.5506919102172894 1.1588854854891388 4.15625
-0.2753459551086447 1.1728204809850395 4.15625
0.0 1.1774288306863845 4.15625
0.2753459551086447 1.1728204809850395 4.15625
0.5506919102172894 1.1588854854891388 4.15625
0.826037865325934 1.1352804564995207 4.15625
1.1013838204345787 1.1013838204345787 4.15625
1.3767297755432235 1.0562051805843984 4.15625
1.652075730651868 0.9982138576700488 4.15625
1.9274216857605126 0.9250031818154273 4.15625
2.2027676408691574 0.8325679105428898 4.15625
-2.1124103611687968 1.0407098881786123 4.15625
-1.8483590660226972 1.156253977269284 4.15625
-1.5843077708765976 1.247767322087561 4.15625
-1.320256475730498 1.320256475730498 4.15625
-1.0562051805843984 1.3767297755432235 4.15625
-0.7921538854382988 1.4191005706244009 4.15625
-0.5281025902921992 1.4486068568614234 4.15625
-0.2640512951460996 1.4660256012312993 4.15625
0.0 1.4717860383579806 4.15625
0.2640512951460996 1.4660256012312993 4.15625
0.5281025902921992 1.4486068568614234 4.15625
0.7921538854382988 1.4191005706244009 4.15625
1.0562051805843984 1.3767297755432235 4.15625
1.320256475730498 1.320256475730498 4.15625
1.5843077708765976 1.247767322087561 4.15625
1.8483590660226972 1.156253977269284 4.15625
2.1124103611687968 1.0407098881786123 4.15625
-1.9964277153400976 1.2488518658143348 4.15625
-1.7468742509225854 1.3875047727231409 4.15625
-1.497320786505073 1.497320786505073 4.15625
-1.247767322087561 1.5843077708765976 4.15625
-0.9982138576700488 1.652075730651868 4.15625
-0.7486603932525365 1.702920684749281 4.15625
-0.4991069288350244 1.7383282282337085 4.15625
-0.2495534644175122 1.759230721477559 4.15625
0.0 1.7661432460295767 4.15625
0.2495534644175122 1.759230721477559 4.15625
0.4991069288350244 1.7383282282337085 4.15625
0.7486603932525365 1.702920684749281 4.15625
0.9982138576700488 1.652075730651868 4.15625
1.247767322087561 1.5843077708765976 4.15625
1.497320786505073 1.497320786505073 4.15625
1.7468742509225854 1.3875047727231409 4.15625
1.9964277153400976 1.2488518658143348 4.15625
-1.8500063636308546 1.4569938434500571 4.15625
-1.6187555681769976 1.6187555681769976 4.15625
-1.3875047727231409 1.7468742509225854 4.15625
-1.156253977269284 1.8483590660226972 4.15625
-0.9250031818154273 1.9274216857605126 4.15625
-0.6937523863615704 1.986740798874161 4.15625
-0.46250159090771364 2.028049599605993 4.15625
-0.23125079545385682 2.052435841723819 4.15625
0.0 2.060500453701173 4.15625
0.23125079545385682 2.052435841723819 4.15625
0.46250159090771364 2.028049599605993 4.15625
0.6937523863615704 1.986740798874161 4.15625
0.9250031818154273 1.9274216857605126 4.15625
1.156253977269284 1.8483590660226972 4.15625
1.3875047727231409 1.7468742509225854 4.15625
1.6187555681769976 1.6187555681769976 4.15625
1.8500063636308546 1.4569938434500571 4.15625
-1.6651358210857796 1.6651358210857796 4.15625
-1.4569938434500571 1.8500063636308546 4.15625
-1.2488518658143348 1.9964277153400976 4.15625
-1.0407098881786123 2.1124103611687968 4.15625
-0.8325679105428898 2.2027676408691574 4.15625
-0.6244259329071674 2.2705609129990414 4.15625
-0.4162839552714449 2.3177709709782777 4.15625
-0.20814197763572245 2.345640961970079 4.15625
0.0 2.354857661372769 4.15625
0.20814197763572245 2.345640961970079 4.15625
0.4162839552714449 2.3177709709782777 4.15625
0.6244259329071674 2.2705609129990414 4.15625
0.8325679105428898 2.2027676408691574 4.15625
1.0407098881786123 2.1124103611687968 4.15625
1.2488518658143348 1.9964277153400976 4.15625
1.4569938434500571 1.8500063636308546 4.15625
1.6651358210857796 1.6651358210857796 4.15625
-1.6324679279298198 -1.6324679279298198 4.375
-1.4284094369385922 -1.8137115404340713 4.375
-1.224350945947365 -1.9572602873907063 4.375
-1.0202924549561374 -2.070967498006315 4.375
-0.8162339639649099 -2.159552080295608 4.375
-0.6121754729736825 -2.226015332770286 4.375
-0.40811698198245494 -2.2722991881476546 4.375
-0.20405849099122747 -2.299622404590228 4.375
0.0 -2.308658283817455 4.375
0.20405849099122747 -2.299622404590228 4.375
0.40811698198245494 -2.2722991881476546 4.375
0.6121754729736825 -2.226015332770286 4.375
0.8162339639649099 -2.159552080295608 4.375
1.0202924549561374 -2.070967498006315 4.375
1.224350945947365 -1.9572602873907063 4.375
1.4284094369385922 -1.8137115404340713 4.375
1.6324679279298198 -1.6324679279298198 4.375
-1.8137115404340713 -1.4284094369385922 4.375
-1.5869975978798123 -1.5869975978798123 4.375
-1.3602836553255535 -1.7126027514668682 4.375
-1.1335697127712945 -1.8120965607555255 4.375
-0.9068557702170357 -1.8896080702586568 4.375
-0.6801418276627768 -1.9477634161739998 4.375
-0.45342788510851784 -1.9882617896291979 4.375
-0.22671394255425892 -2.0121696040164494 4.375
0.0 -2.0200759983402734 4.375
0.22671394255425892 -2.0121696040164494 4.375
0.45342788510851784 -1.9882617896291979 4.375
0.6801418276627768 -1.9477634161739998 4.375
0.9068557702170357 -1.8896080702586568 4.375
1.1335697127712945 -1.8120965607555255 4.375
1.3602836553255535 -1.7126027514668682 4.375
1.5869975978798123 -1.5869975978798123 4.375
1.8137115404340713 -1.4284094369385922 4.375
-1.9572602873907063 -1.224350945947365 4.375
-1.7126027514668682 -1.3602836553255535 4.375
-1.4679452155430297 -1.4679452155430297 4.375
-1.2232876796191916 -1.5532256235047361 4.375
-0.9786301436953532 -1.619664060221706 4.375
-0.7339726077715149 -1.6695114995777143 4.375
-0.4893150718476766 -1.704224391110741 4.375
-0.2446575359238383 -1.7247168034426708 4.375
0.0 -1.7314937128630914 4.375
0.2446575359238383 -1.7247168034426708 4.375
0.4893150718476766 -1.704224391110741 4.375
0.7339726077715149 -1.6695114995777143 4.375
0.9786301436953532 -1.619664060221706 4.375
1.2232876796191916 -1.5532256235047361 4.375
1.4679452155430297 -1.4679452155430297 4.375
1.7126027514668682 -1.3602836553255535 4.375
1.9572602873907063 -1.224350945947365 4.375
-2.070967498006315 -1.0202924549561374 4.375
-1.8120965607555255 -1.1335697127712945 4.375
-1.5532256235047361 -1.2232876796191916 4.375
-1.2943546862539468 -1.2943546862539468 4.375
-1.0354837490031574 -1.349720050184755 4.375
-0.7766128117523681 -1.3912595829814287 4.375
-0.5177418745015787 -1.420186992592284 4.375
-0.25887093725078936 -1.4372640028688923 4.375
0.0 -1.4429114273859094 4.375
0.25887093725078936 -1.4372640028688923 4.375
0.5177418745015787 -1.420186992592284 4.375
0.7766128117523681 -1.3912595829814287 4.375
1.0354837490031574 -1.349720050184755 4.375
1.2943546862539468 -1.2943546862539468 4.375
1.5532256235047361 -1.2232876796191916 4.375
1.8120965607555255 -1.1335697127712945 4.375
2.070967498006315 -1.0202924549561374 4.375
-2.159552080295608 -0.8162339639649099 4.375
-1.8896080702586568 -0.9068557702170357 4.375
-1.619664060221706 -0.9786301436953532 4.375
-1.349720050184755 -1.0354837490031574 4.375
-1.079776040147804 -1.079776040147804 4.375
-0.809832030110853 -1.113007666385143 4.375
-0.539888020073902 -1.1361495940738273 4.375
-0.269944010036951 -1.149811202295114 4.375
0.0 -1.1543291419087276 4.375
0.269944010036951 -1.149811202295114 4.375
0.539888020073902 -1.1361495940738273 4.375
0.809832030110853 -1.113007666385143 4.375
1.079776040147804 -1.079776040147804 4.375
1.349720050184755 -1.0354837490031574 4.375
1.619664060221706 -0.9786301436953532 4.375
1.8896080702586568 -0.9068557702170357 4.375
2.159552080295608 -0.8162339639649099 4.375
-2.226015332770286 -0.6121754729736825 4.375
-1.9477634161739998 -0.6801418276627768 4.375
-1.6695114995777143 -0.7339726077715149 4.375
-1.3912595829814287 -0.7766128117523681 4.375
-1.113007666385143 -0.809832030110853 4.375
-0.8347557497888571 -0.8347557497888571 4.375
-0.5565038331925715 -0.8521121955553705 4.375
-0.27825191659628573 -0.8623584017213354 4.375
0.0 -0.8657468564315457 4.375
0.27825191659628573 -0.8623584017213354 4.375
0.5565038331925715 -0.8521121955553705 4.375
0.8347557497888571 -0.8347557497888571 4.375
1.113007666385143 -0.809832030110853 4.375
1.3912595829814287 -0.7766128117523681 4.375
1.6695114995777143 -0.7339726077715149 4.375
1.9477634161739998 -0.6801418276627768 4.375
2.226015332770286 -0.6121754729736825 4.375
-2.2722991881476546 -0.40811698198245494 4.375
-1.9882617896291979 -0.45342788510851784 4.375
-1.704224391110741 -0.4893150718476766 4.375
-1.420186992592284 -0.5177418745015787 4.375
-1.1361495940738273 -0.539888020073902 4.375
-0.8521121955553705 -0.5565038331925715 4.375
-0.5680747970369137 -0.5680747970369137 4.375
-0.28403739851845683 -0.574905601147557 4.375
0.0 -0.5771645709543638 4.375
0.28403739851845683 -0.574905601147557 4.375
0.5680747970369137 -0.5680747970369137 4.375
0.8521121955553705 -0.5565038331925715 4.375
1.1361495940738273 -0.539888020073902 4.375
1.420186992592284 -0.5177418745015787 4.375
1.704224391110741 -0.4893150718476766 4.375
1.9882617896291979 -0.45342788510851784 4.375
2.2722991881476546 -0.40811698198245494 4.375
-2.299622404590228 -0.20405849099122747 4.375
-2.0121696040164494 -0.22671394255425892 4.375
-1.7247168034426708 -0.2446575359238383 4.375
-1.4372640028688923 -0.25887093725078936 4.375
-1.149811202295114 -0.269944010036951 4.375
-0.8623584017213354 -0.27825191659628573 4.375
-0.574905601147557 -0.28403739851845683 4.375
-0.2874528005737785 -0.2874528005737785 4.375
0.0 -0.2885822854771819 4.375
0.2874528005737785 -0.2874528005737785 4.375
0.574905601147557 -0.28403739851845683 4.375
0.8623584017213354 -0.27825191659628573 4.375
1.149811202295114 -0.269944010036951 4.375
1.4372640028688923 -0.25887093725078936 4.375
1.7247168034426708 -0.2446575359238383 4.375
2.0121696040164494 -0.22671394255425892 4.375
2.299622404590228 -0.20405849099122747 4.375
-2.308658283817455 0.0 4.375
-2.0200759983402734 0.0 4.375
-1.7314937128630914 0.0 4.375
-1.4429114273859094 0.0 4.375
-1.1543291419087276 0.0 4.375
-0.8657468564315457 0.0 4.375
-0.5771645709543638 0.0 4.375
-0.2885822854771819 0.0 4.375
0.0 0.0 4.375
0.2885822854771819 0.0 4.375
0.5771645709543638 0.0 4.375
0.8657468564315457 0.0 4.375
1.1543291419087276 0.0 4.375
1.4429114273859094 0.0 4.375
1.7314937128630914 0.0 4.375
2.0200759983402734 0.0 4.375
2.308658283817455 0.0 4.375
-2.299622404590228 0.20405849099122747 4.375
-2.0121696040164494 0.22671394255425892 4.375
-1.7247168034426708 0.2446575359238383 4.375
-1.4372640028688923 0.25887093725078936 4.375
-1.149811202295114 0.269944010036951 4.375
-0.8623584017213354 0.27825191659628573 4.375
-0.574905601147557 0.28403739851845683 4.375
-0.2874528005737785 0.2874528005737785 4.375
0.0 0.2885822854771819 4.375
0.2874528005737785 0.2874528005737785 4.375
0.574905601147557 0.28403739851845683 4.375
0.8623584017213354 0.27825191659628573 4.375
1.149811202295114 0.269944010036951 4.375
1.4372640028688923 0.25887093725078936 4.375
1.7247168034426708 0.2446575359238383 4.375
2.0121696040164494 0.22671394255425892 4.375
2.299622404590228 0.20405849099122747 4.375
-2.2722991881476546 0.40811698198245494 4.375
-1.9882617896291979 0.45342788510851784 4.375
-1.704224391110741 0.4893150718476766 4.375
-1.420186992592284 0.5177418745015787 4.375
-1.1361495940738273 0.539888020073902 4.375
-0.8521121955553705 0.5565038331925715 4.375
-0.5680747970369137 0.5680747970369137 4.375
-0.28403739851845683 0.574905601147557 4.375
0.0 0.5771645709543638 4.375
0.28403739851845683 0.574905601147557 4.375
0.5680747970369137 0.5680747970369137 4.375
0.8521121955553705 0.5565038331925715 4.375
1.1361495940738273 0.539888020073902 4.375
1.420186992592284 0.5177418745015787 4.375
1.704224391110741 0.4893150718476766 4.375
1.9882617896291979 0.45342788510851784 4.375
2.2722991881476546 0.40811698198245494 4.375
-2.226015332770286 0.6121754729736825 4.375
-1.9477634161739998 0.6801418276627768 4.375
-1.6695114995777143 0.7339726077715149 4.375
-1.3912595829814287 0.7766128117523681 4.375
-1.113007666385143 0.809832030110853 4.375
-0.8347557497888571 0.8347557497888571 4.375
-0.5565038331925715 0.8521121955553705 4.375
-0.27825191659628573 0.8623584017213354 4.375
0.0 0.8657468564315457 4.375
0.27825191659628573 0.8623584017213354 4.375
0.5565038331925715 0.8521121955553705 4.375
0.8347557497888571 0.8347557497888571 4.375
1.113007666385143 0.809832030110853 4.375
1.3912595829814287 0.7766128117523681 4.375
1.6695114995777143 0.7339726077715149 4.375
1.9477634161739998 0.6801418276627768 4.375
2.226015332770286 0.6121754729736825 4.375
-2.159552080295608 0.8162339639649099 4.375
-1.8896080702586568 0.9068557702170357 4.375
-1.619664060221706 0.9786301436953532 4.375
-1.349720050184755 1.0354837490031574 4.375
-1.079776040147804 1.079776040147804 4.375
-0.809832030110853 1.113007666385143 4.375
-0.539888020073902 1.1361495940738273 4.375
-0.269944010036951 1.149811202295114 4.375
0.0 1.1543291419087276 4.375
0.269944010036951 1.149811202295114 4.375
0.539888020073902 1.1361495940738273 4.375
0.809832030110853 1.113007666385143 4.375
1.079776040147804 1.079776040147804 4.375
1.349720050184755 1.0354837490031574 4.375
1.619664060221706 0.9786301436953532 4.375
1.8896080702586568 0.9068557702170357 4.375
2.159552080295608 0.8162339639649099 4.375
-2.070967498006315 1.0202924549561374 4.375
-1.8120965607555255 1.1335697127712945 4.375
-1.5532256235047361 1.2232876796191916 4.375
-1.2943546862539468 1.2943546862539468 4.375
-1.0354837490031574 1.349720050184755 4.375
-0.7766128117523681 1.3912595829814287 4.375
-0.5177418745015787 1.420186992592284 4.375
-0.25887093725078936 1.4372640028688923 4.375
0.0 1.4429114273859094 4.375
0.25887093725078936 1.4372640028688923 4.375
0.5177418745015787 1.420186992592284 4.375
0.7766128117523681 1.3912595829814287 4.375
1.0354837490031574 1.349720050184755 4.375
1.2943546862539468 1.2943546862539468 4.375
1.5532256235047361 1.2232876796191916 4.375
1.8120965607555255 1.1335697127712945 4.375
2.070967498006315 1.0202924549561374 4.375
-1.9572602873907063 1.224350945947365 4.375
-1.7126027514668682 1.3602836553255535 4.375
-1.4679452155430297 1.4679452155430297 4.375
-1.2232876796191916 1.5532256235047361 4.375
-0.9786301436953532 1.619664060221706 4.375
-0.7339726077715149 1.6695114995777143 4.375
-0.4893150718476766 1.704224391110741 4.375
-0.2446575359238383 1.7247168034426708 4.375
0.0 1.7314937128630914 4.375
0.2446575359238383 1.7247168034426708 4.375
0.4893150718476766 1.704224391110741 4.375
0.7339726077715149 1.6695114995777143 4.375
0.9786301436953532 1.619664060221706 4.375
1.2232876796191916 1.5532256235047361 4.375
1.4679452155430297 1.4679452155430297 4.375
1.7126027514668682 1.3602836553255535 4.375
1.9572602873907063 1.224350945947365 4.375
-1.8137115404340713 1.4284094369385922 4.375
-1.5869975978798123 1.5869975978798123 4.375
-1.3602836553255535 1.7126027514668682 4.375
-1.1335697127712945 1.8120965607555255 4.375
-0.9068557702170357 1.8896080702586568 4.375
-0.6801418276627768 1.9477634161739998 4.375
-0.45342788510851784 1.9882617896291979 4.375
-0.22671394255425892 2.0121696040164494 4.375
0.0 2.0200759983402734 4.375
0.22671394255425892 2.0121696040164494 4.375
0.45342788510851784 1.9882617896291979 4.375
0.6801418276627768 1.9477634161739998 4.375
0.9068557702170357 1.8896080702586568 4.375
1.1335697127712945 1.8120965607555255 4.375
1.3602836553255535 1.7126027514668682 4.375
1.5869975978798123 1.5869975978798123 4.375
1.8137115404340713 1.4284094369385922 4.375
-1.6324679279298198 1.6324679279298198 4.375
-1.4284094369385922 1.8137115404340713 4.375
-1.224350945947365 1.9572602873907063 4.375
-1.0202924549561374 2.070967498006315 4.375
-0.8162339639649099 2.159552080295608 4.375
-0.6121754729736825 2.226015332770286 4.375
-0.40811698198245494 2.2722991881476546 4.375
-0.20405849099122747 2.299622404590228 4.375
0.0 2.308658283817455 4.375
0.20405849099122747 2.299622404590228 4.375
0.40811698198245494 2.2722991881476546 4.375
0.6121754729736825 2.226015332770286 4.375
0.8162339639649099 2.159552080295608 4.375
1.0202924549561374 2.070967498006315 4.375
1.224350945947365 1.9572602873907063 4.375
1.4284094369385922 1.8137115404340713 4.375
1.6324679279298198 1.6324679279298198 4.375
-1.6011030383469322 -1.6011030383469322 4.59375
-1.4009651585535656 -1.7788643858727786 4.59375
-1.2008272787601992 -1.9196551058439977 4.59375
-1.0006893989668326 -2.031177640090338 4.59375
-0.8005515191734661 -2.1180602314279473 4.59375
-0.6004136393800996 -2.1832465138994035 4.59375
-0.40027575958673306 -2.2286411095317296 4.59375
-0.20013787979336653 -2.2554393602753704 4.59375
0.0 -2.264301631587001 4.59375
0.20013787979336653 -2.2554393602753704 4.59375
0.40027575958673306 -2.2286411095317296 4.59375
0.6004136393800996 -2.1832465138994035 4.59375
0.8005515191734661 -2.1180602314279473 4.59375
1.0006893989668326 -2.031177640090338 4.59375
1.2008272787601992 -1.9196551058439977 4.59375
1.4009651585535656 -1.7788643858727786 4.59375
1.6011030383469322 -1.6011030383469322 4.59375
-1.7788643858727786 -1.4009651585535656 4.59375
-1.5565063376386812 -1.5565063376386812 4.59375
-1.3341482894045842 -1.679698217613498 4.59375
-1.1117902411704867 -1.7772804350790457 4.59375
-0.8894321929363893 -1.8533027024994542 4.59375
-0.6670741447022921 -1.910340699661978 4.59375
-0.44471609646819465 -1.9500609708402634 4.59375
-0.22235804823409733 -1.973509440240949 4.59375
0.0 -1.981263927638626 4.59375
0.22235804823409733 -1.973509440240949 4.59375
0.44471609646819465 -1.9500609708402634 4.59375
0.6670741447022921 -1.910340699661978 4.59375
0.8894321929363893 -1.8533027024994542 4.59375
1.1117902411704867 -1.7772804350790457 4.59375
1.3341482894045842 -1.679698217613498 4.59375
1.5565063376386812 -1.5565063376386812 4.59375
1.7788643858727786 -1.4009651585535656 4.59375
-1.9196551058439977 -1.2008272787601992 4.59375
-1.679698217613498 -1.3341482894045842 4.59375
-1.4397413293829981 -1.4397413293829981 4.59375
-1.1997844411524987 -1.5233832300677534 4.59375
-0.9598275529219988 -1.5885451735709606 4.59375
-0.7198706646914991 -1.6374348854245526 4.59375
-0.4799137764609994 -1.6714808321487973 4.59375
-0.2399568882304997 -1.6915795202065276 4.59375
0.0 -1.6982262236902508 4.59375
0.2399568882304997 -1.6915795202065276 4.59375
0.4799137764609994 -1.6714808321487973 4.59375
0.7198706646914991 -1.6374348854245526 4.59375
0.9598275529219988 -1.5885451735709606 4.59375
1.1997844411524987 -1.5233832300677534 4.59375
1.4397413293829981 -1.4397413293829981 4.59375
1.679698217613498 -1.3341482894045842 4.59375
1.9196551058439977 -1.2008272787601992 4.59375
-2.031177640090338 -1.0006893989668326 4.59375
-1.7772804350790457 -1.1117902411704867 4.59375
-1.5233832300677534 -1.1997844411524987 4.59375
-1.269486025056461 -1.269486025056461 4.59375
-1.015588820045169 -1.3237876446424672 4.59375
-0.7616916150338767 -1.3645290711871274 4.59375
-0.5077944100225845 -1.392900693457331 4.59375
-0.25389720501129226 -1.4096496001721064 4.59375
0.0 -1.4151885197418757 4.59375
0.25389720501129226 -1.4096496001721064 4.59375
0.5077944100225845 -1.392900693457331 4.59375
0.7616916150338767 -1.3645290711871274 4.59375
1.015588820045169 -1.3237876446424672 4.59375
1.269486025056461 -1.269486025056461 4.59375
1.5233832300677534 -1.1997844411524987 4.59375
1.7772804350790457 -1.1117902411704867 4.59375
2.031177640090338 -1.0006893989668326 4.59375
-2.1180602314279473 -0.8005515191734661 4.59375
-1.8533027024994542 -0.8894321929363893 4.59375
-1.5885451735709606 -0.9598275529219988 4.59375
-1.3237876446424672 -1.015588820045169 4.59375
-1.0590301157139737 -1.0590301157139737 4.59375
-0.7942725867854803 -1.0916232569497017 4.59375
-0.5295150578569868 -1.1143205547658648 4.59375
-0.2647575289284934 -1.1277196801376852 4.59375
0.0 -1.1321508157935005 4.59375
0.2647575289284934 -1.1277196801376852 4.59375
0.5295150578569868 -1.1143205547658648 4.59375
0.7942725867854803 -1.0916232569497017 4.59375
1.0590301157139737 -1.0590301157139737 4.59375
1.3237876446424672 -1.015588820045169 4.59375
1.5885451735709606 -0.9598275529219988 4.59375
1.8533027024994542 -0.8894321929363893 4.59375
2.1180602314279473 -0.8005515191734661 4.59375
-2.1832465138994035 -0.6004136393800996 4.59375
-1.910340699661978 -0.6670741447022921 4.59375
-1.6374348854245526 -0.7198706646914991 4.59375
-1.3645290711871274 -0.7616916150338767 4.59375
-1.0916232569497017 -0.7942725867854803 4.59375
-0.8187174427122763 -0.8187174427122763 4.59375
-0.5458116284748509 -0.8357404160743986 4.59375
-0.27290581423742544 -0.8457897601032638 4.59375
0.0 -0.8491131118451254 4.59375
0.27290581423742544 -0.8457897601032638 4.59375
0.5458116284748509 -0.8357404160743986 4.59375
0.8187174427122763 -0.8187174427122763 4.59375
1.0916232569497017 -0.7942725867854803 4.59375
1.3645290711871274 -0.7616916150338767 4.59375
1.6374348854245526 -0.7198706646914991 4.59375
1.910340699661978 -0.6670741447022921 4.59375
2.1832465138994035 -0.6004136393800996 4.59375
-2.2286411095317296 -0.40027575958673306 4.59375
-1.9500609708402634 -0.44471609646819465 4.59375
-1.6714808321487973 -0.4799137764609994 4.59375
-1.392900693457331 -0.5077944100225845 4.59375
-1.1143205547658648 -0.5295150578569868 4.59375
-0.8357404160743986 -0.5458116284748509 4.59375
-0.5571602773829324 -0.5571602773829324 4.59375
-0.2785801386914662 -0.5638598400688426 4.59375
0.0 -0.5660754078967503 4.59375
0.2785801386914662 -0.5638598400688426 4.59375
0.5571602773829324 -0.5571602773829324 4.59375
0.8357404160743986 -0.5458116284748509 4.59375
1.1143205547658648 -0.5295150578569868 4.59375
1.392900693457331 -0.5077944100225845 4.59375
1.6714808321487973 -0.4799137764609994 4.59375
1.9500609708402634 -0.44471609646819465 4.59375
2.2286411095317296 -0.40027575958673306 4.59375
-2.2554393602753704 -0.20013787979336653 4.59375
-1.973509440240949 -0.22235804823409733 4.59375
-1.6915795202065276 -0.2399568882304997 4.59375
-1.4096496001721064 -0.25389720501129226 4.59375
-1.1277196801376852 -0.2647575289284934 4.59375
-0.8457897601032638 -0.27290581423742544 4.59375
-0.5638598400688426 -0.2785801386914662 4.59375
-0.2819299200344213 -0.2819299200344213 4.59375
0.0 -0.28303770394837513 4.59375
0.2819299200344213 -0.2819299200344213 4.59375
0.5638598400688426 -0.2785801386914662 4.59375
0.8457897601032638 -0.27290581423742544 4.59375
1.1277196801376852 -0.2647575289284934 4.59375
1.4096496001721064 -0.25389720501129226 4.59375
1.6915795202065276 -0.2399568882304997 4.59375
1.973509440240949 -0.22235804823409733 4.59375
2.2554393602753704 -0.20013787979336653 4.59375
-2.264301631587001 0.0 4.59375
-1.981263927638626 0.0 4.59375
-1.6982262236902508 0.0 4.59375
-1.4151885197418757 0.0 4.59375
-1.1321508157935005 0.0 4.59375
-0.8491131118451254 0.0 4.59375
-0.5660754078967503 0.0 4.59375
-0.28303770394837513 0.0 4.59375
0.0 0.0 4.59375
0.28303770394837513 0.0 4.59375
0.5660754078967503 0.0 4.59375
0.8491131118451254 0.0 4.59375
1.1321508157935005 0.0 4.59375
1.4151885197418757 0.0 4.59375
1.6982262236902508 0.0 4.59375
1.981263927638626 0.0 4.59375
2.264301631587001 0.0 4.59375
-2.2554393602753704 0.20013787979336653 4.59375
-1.973509440240949 0.22235804823409733 4.59375
-1.6915795202065276 0.2399568882304997 4.59375
-1.4096496001721064 0.25389720501129226 4.59375
-1.1277196801376852 0.2647575289284934 4.59375
-0.8457897601032638 0.27290581423742544 4.59375
-0.5638598400688426 0.2785801386914662 4.59375
-0.2819299200344213 0.2819299200344213 4.59375
0.0 0.28303770394837513 4.59375
0.2819299200344213 0.2819299200344213 4.59375
0.5638598400688426 0.2785801386914662 4.59375
0.8457897601032638 0.27290581423742544 4.59375
1.1277196801376852 0.2647575289284934 4.59375
1.4096496001721064 0.25389720501129226 4.59375
1.6915795202065276 0.2399568882304997 4.59375
1.973509440240949 0.22235804823409733 4.59375
2.2554393602753704 0.20013787979336653 4.59375
-2.2286411095317296 0.40027575958673306 4.59375
-1.9500609708402634 0.44471609646819465 4.59375
-1.6714808321487973 0.4799137764609994 4.59375
-1.392900693457331 0.5077944100225845 4.59375
-1.1143205547658648 0.5295150578569868 4.59375
-0.8357404160743986 0.5458116284748509 4.59375
-0.5571602773829324 0.5571602773829324 4.59375
-0.2785801386914662 0.5638598400688426 4.59375
0.0 0.5660754078967503 4.59375
0.2785801386914662 0.5638598400688426 4.59375
0.5571602773829324 0.5571602773829324 4.59375
0.8357404160743986 0.5458116284748509 4.59375
1.1143205547658648 0.5295150578569868 4.59375
1.392900693457331 0.5077944100225845 4.59375
1.6714808321487973 0.4799137764609994 4.59375
1.9500609708402634 0.44471609646819465 4.59375
2.2286411095317296 0.40027575958673306 4.59375
-2.1832465138994035 0.6004136393800996 4.59375
-1.910340699661978 0.6670741447022921 4.59375
-1.6374348854245526 0.7198706646914991 4.59375
-1.3645290711871274 0.7616916150338767 4.59375
-1.0916232569497017 0.7942725867854803 4.59375
-0.8187174427122763 0.8187174427122763 4.59375
-0.5458116284748509 0.8357404160743986 4.59375
-0.27290581423742544 0.8457897601032638 4.59375
0.0 0.8491131118451254 4.59375
0.27290581423742544 0.8457897601032638 4.59375
0.5458116284748509 0.8357404160743986 4.59375
0.8187174427122763 0.8187174427122763 4.59375
1.0916232569497017 0.7942725867854803 4.59375
1.3645290711871274 0.7616916150338767 4.59375
1.6374348854245526 0.7198706646914991 4.59375
1.910340699661978 0.6670741447022921 4.59375
2.1832465138994035 0.6004136393800996 4.59375
-2.1180602314279473 0.8005515191734661 4.59375
-1.8533027024994542 0.8894321929363893 4.59375
-1.5885451735709606 0.9598275529219988 4.59375
-1.3237876446424672 1.015588820045169 4.59375
-1.0590301157139737 1.0590301157139737 4.59375
-0.7942725867854803 1.0916232569497017 4.59375
-0.5295150578569868 1.1143205547658648 4.59375
-0.2647575289284934 1.1277196801376852 4.59375
0.0 1.1321508157935005 4.59375
0.2647575289284934 1.1277196801376852 4.59375
0.5295150578569868 1.1143205547658648 4.59375
0.7942725867854803 1.0916232569497017 4.59375
1.0590301157139737 1.0590301157139737 4.59375
1.3237876446424672 1.015588820045169 4.59375
1.5885451735709606 0.9598275529219988 4.59375
1.8533027024994542 0.8894321929363893 4.59375
2.1180602314279473 0.8005515191734661 4.59375
-2.031177640090338 1.0006893989668326 4.59375
-1.7772804350790457 1.1117902411704867 4.59375
-1.5233832300677534 1.1997844411524987 4.59375
-1.269486025056461 1.269486025056461 4.59375
-1.015588820045169 1.3237876446424672 4.59375
-0.7616916150338767 1.3645290711871274 4.59375
-0.5077944100225845 1.392900693457331 4.59375
-0.25389720501129226 1.4096496001721064 4.59375
0.0 1.4151885197418757 4.59375
0.25389720501129226 1.4096496001721064 4.59375
0.5077944100225845 1.392900693457331 4.59375
0.7616916150338767 1.3645290711871274 4.59375
1.015588820045169 1.3237876446424672 4.59375
1.269486025056461 1.269486025056461 4.59375
1.5233832300677534 1.1997844411524987 4.59375
1.7772804350790457 1.1117902411704867 4.59375
2.031177640090338 1.0006893989668326 4.59375
-1.9196551058439977 1.2008272787601992 4.59375
-1.679698217613498 1.3341482894045842 4.59375
-1.4397413293829981 1.4397413293829981 4.59375
-1.1997844411524987 1.5233832300677534 4.59375
-0.9598275529219988 1.5885451735709606 4.59375
-0.7198706646914991 1.6374348854245526 4.59375
-0.4799137764609994 1.6714808321487973 4.59375
-0.2399568882304997 1.6915795202065276 4.59375
0.0 1.6982262236902508 4.59375
0.2399568882304997 1.6915795202065276 4.59375
0.4799137764609994 1.6714808321487973 4.59375
0.7198706646914991 1.6374348854245526 4.59375
0.9598275529219988 1.5885451735709606 4.59375
1.1997844411524987 1.5233832300677534 4.59375
1.4397413293829981 1.4397413293829981 4.59375
1.679698217613498 1.3341482894045842 4.59375
1.9196551058439977 1.2008272787601992 4.59375
-1.7788643858727786 1.4009651585535656 4.59375
-1.5565063376386812 1.5565063376386812 4.59375
-1.3341482894045842 1.679698217613498 4.59375
-1.1117902411704867 1.7772804350790457 4.59375
-0.8894321929363893 1.8533027024994542 4.59375
-0.6670741447022921 1.910340699661978 4.59375
-0.44471609646819465 1.9500609708402634 4.59375
-0.22235804823409733 1.973509440240949 4.59375
0.0 1.981263927638626 4.59375
0.22235804823409733 1.973509440240949 4.59375
0.44471609646819465 1.9500609708402634 4.59375
0.6670741447022921 1.910340699661978 4.59375
0.8894321929363893 1.8533027024994542 4.59375
1.1117902411704867 1.7772804350790457 4.59375
1.3341482894045842 1.679698217613498 4.59375
1.5565063376386812 1.5565063376386812 4.59375
1.7788643858727786 1.4009651585535656 4.59375
-1.6011030383469322 1.6011030383469322 4.59375
-1.4009651585535656 1.7788643858727786 4.59375
-1.2008272787601992 1.9196551058439977 4.59375
-1.0006893989668326 2.031177640090338 4.59375
-0.8005515191734661 2.1180602314279473 4.59375
-0.6004136393800996 2.1832465138994035 4.59375
-0.40027575958673306 2.2286411095317296 4.59375
-0.20013787979336653 2.2554393602753704 4.59375
0.0 2.264301631587001 4.59375
0.20013787979336653 2.2554393602753704 4.59375
0.40027575958673306 2.2286411095317296 4.59375
0.6004136393800996 2.1832465138994035 4.59375
0.8005515191734661 2.1180602314279473 4.59375
1.0006893989668326 2.031177640090338 4.59375
1.2008272787601992 1.9196551058439977 4.59375
1.4009651585535656 1.7788643858727786 4.59375
1.6011030383469322 1.6011030383469322 4.59375
-1.5713432133695935 -1.5713432133695935 4.8125
-1.3749253116983942 -1.7458004970947947 4.8125
-1.178507410027195 -1.8839743291553501 4.8125
-0.9820895083559958 -1.993423985503946 4.8125
-0.7856716066847967 -2.078691683452524 4.8125
-0.5892537050135975 -2.142666343491937 4.8125
-0.39283580334239837 -2.187217186293508 4.8125
-0.19641790167119919 -2.213517335895168 4.8125
0.0 -2.222214883490199 4.8125
0.19641790167119919 -2.213517335895168 4.8125
0.39283580334239837 -2.187217186293508 4.8125
0.5892537050135975 -2.142666343491937 4.8125
0.7856716066847967 -2.078691683452524 4.8125
0.9820895083559958 -1.993423985503946 4.8125
1.178507410027195 -1.8839743291553501 4.8125
1.3749253116983942 -1.7458004970947947 4.8125
1.5713432133695935 -1.5713432133695935 4.8125
-1.7458004970947947 -1.3749253116983942 4.8125
-1.5275754349579453 -1.5275754349579453 4.8125
-1.309350372821096 -1.6484775380109313 4.8125
-1.0911253106842467 -1.7442459873159528 4.8125
-0.8729002485473973 -1.8188552230209585 4.8125
-0.654675186410548 -1.8748330505554445 4.8125
-0.43645012427369867 -1.9138150380068197 4.8125
-0.21822506213684933 -1.936827668908272 4.8125
0.0 -1.944438023053924 4.8125
0.21822506213684933 -1.936827668908272 4.8125
0.43645012427369867 -1.9138150380068197 4.8125
0.654675186410548 -1.8748330505554445 4.8125
0.8729002485473973 -1.8188552230209585 4.8125
1.0911253106842467 -1.7442459873159528 4.8125
1.309350372821096 -1.6484775380109313 4.8125
1.5275754349579453 -1.5275754349579453 4.8125
1.7458004970947947 -1.3749253116983942 4.8125
-1.8839743291553501 -1.178507410027195 4.8125
-1.6484775380109313 -1.309350372821096 4.8125
-1.4129807468665125 -1.4129807468665125 4.8125
-1.1774839557220937 -1.4950679891279595 4.8125
-0.9419871645776751 -1.559018762589393 4.8125
-0.7064903734332563 -1.6069997576189525 4.8125
-0.47099358228883753 -1.6404128897201313 4.8125
-0.23549679114441877 -1.6601380019213758 4.8125
0.0 -1.666661162617649 4.8125
0.23549679114441877 -1.6601380019213758 4.8125
0.47099358228883753 -1.6404128897201313 4.8125
0.7064903734332563 -1.6069997576189525 4.8125
0.9419871645776751 -1.559018762589393 4.8125
1.1774839557220937 -1.4950679891279595 4.8125
1.4129807468665125 -1.4129807468665125 4.8125
1.6484775380109313 -1.309350372821096 4.8125
1.8839743291553501 -1.178507410027195 4.8125
-1.993423985503946 -0.9820895083559958 4.8125
-1.7442459873159528 -1.0911253106842467 4.8125
-1.4950679891279595 -1.1774839557220937 4.8125
-1.245889990939966 -1.245889990939966 4.8125
-0.996711992751973 -1.2991823021578277 4.8125
-0.7475339945639797 -1.3391664646824606 4.8125
-0.4983559963759865 -1.3670107414334425 4.8125
-0.24917799818799324 -1.38344833493448 4.8125
0.0 -1.3888843021813744 4.8125
0.24917799818799324 -1.38344833493448 4.8125
0.4983559963759865 -1.3670107414334425 4.8125
0.7475339945639797 -1.3391664646824606 4.8125
0.996711992751973 -1.2991823021578277 4.8125
1.245889990939966 -1.245889990939966 4.8125
1.4950679891279595 -1.1774839557220937 4.8125
1.7442459873159528 -1.0911253106842467 4.8125
1.993423985503946 -0.9820895083559958 4.8125
-2.078691683452524 -0.7856716066847967 4.8125
-1.8188552230209585 -0.8729002485473973 4.8125
-1.559018762589393 -0.9419871645776751 4.8125
-1.2991823021578277 -0.996711992751973 4.8125
-1.039345841726262 -1.039345841726262 4.8125
-0.7795093812946965 -1.0713331717459684 4.8125
-0.519672920863131 -1.093608593146754 4.8125
-0.2598364604315655 -1.106758667947584 4.8125
0.0 -1.1111074417450995 4.8125
0.2598364604315655 -1.106758667947584 4.8125
0.519672920863131 -1.093608593146754 4.8125
0.7795093812946965 -1.0713331717459684 4.8125
1.039345841726262 -1.039345841726262 4.8125
1.2991823021578277 -0.996711992751973 4.8125
1.559018762589393 -0.9419871645776751 4.8125
1.8188552230209585 -0.8729002485473973 4.8125
2.078691683452524 -0.7856716066847967 4.8125
-2.142666343491937 -0.5892537050135975 4.8125
-1.8748330505554445 -0.654675186410548 4.8125
-1.6069997576189525 -0.7064903734332563 4.8125
-1.3391664646824606 -0.7475339945639797 4.8125
-1.0713331717459684 -0.7795093812946965 4.8125
-0.8034998788094763 -0.8034998788094763 4.8125
-0.5356665858729842 -0.8202064448600657 4.8125
-0.2678332929364921 -0.8300690009606879 4.8125
0.0 -0.8333305813088245 4.8125
0.2678332929364921 -0.8300690009606879 4.8125
0.5356665858729842 -0.8202064448600657 4.8125
0.8034998788094763 -0.8034998788094763 4.8125
1.0713331717459684 -0.7795093812946965 4.8125
1.3391664646824606 -0.7475339945639797 4.8125
1.6069997576189525 -0.7064903734332563 4.8125
1.8748330505554445 -0.654675186410548 4.8125
2.142666343491937 -0.5892537050135975 4.8125
-2.187217186293508 -0.39283580334239837 4.8125
-1.9138150380068197 -0.43645012427369867 4.8125
-1.6404128897201313 -0.47099358228883753 4.8125
-1.3670107414334425 -0.4983559963759865 4.8125
-1.093608593146754 -0.519672920863131 4.8125
-0.8202064448600657 -0.5356665858729842 4.8125
-0.546804296573377 -0.546804296573377 4.8125
-0.2734021482866885 -0.553379333973792 4.8125
0.0 -0.5555537208725497 4.8125
0.2734021482866885 -0.553379333973792 4.8125
0.546804296573377 -0.546804296573377 4.8125
0.8202064448600657 -0.5356665858729842 4.8125
1.093608593146754 -0.519672920863131 4.8125
1.3670107414334425 -0.4983559963759865 4.8125
1.6404128897201313 -0.47099358228883753 4.8125
1.9138150380068197 -0.43645012427369867 4.8125
2.187217186293508 -0.39283580334239837 4.8125
-2.213517335895168 -0.19641790167119919 4.8125
-1.936827668908272 -0.21822506213684933 4.8125
-1.6601380019213758 -0.23549679114441877 4.8125
-1.38344833493448 -0.24917799818799324 4.8125
-1.106758667947584 -0.2598364604315655 4.8125
-0.8300690009606879 -0.2678332929364921 4.8125
-0.553379333973792 -0.2734021482866885 4.8125
-0.276689666986896 -0.276689666986896 4.8125
0.0 -0.27777686043627486 4.8125
0.276689666986896 -0.276689666986896 4.8125
0.553379333973792 -0.2734021482866885 4.8125
0.8300690009606879 -0.2678332929364921 4.8125
1.106758667947584 -0.2598364604315655 4.8125
1.38344833493448 -0.24917799818799324 4.8125
1.6601380019213758 -0.23549679114441877 4.8125
1.936827668908272 -0.21822506213684933 4.8125
2.213517335895168 -0.19641790167119919 4.8125
-2.222214883490199 0.0 4.8125
-1.944438023053924 0.0 4.8125
-1.666661162617649 0.0 4.8125
-1.3888843021813744 0.0 4.8125
-1.1111074417450995 0.0 4.8125
-0.8333305813088245 0.0 4.8125
-0.5555537208725497 0.0 4.8125
-0.27777686043627486 0.0 4.8125
0.0 0.0 4.8125
0.27777686043627486 0.0 4.8125
0.5555537208725497 0.0 4.8125
0.8333305813088245 0.0 4.8125
1.1111074417450995 0.0 4.8125
1.3888843021813744 0.0 4.8125
1.666661162617649 0.0 4.8125
1.944438023053924 0.0 4.8125
2.222214883490199 0.0 4.8125
-2.213517335895168 0.19641790167119919 4.8125
-1.936827668908272 0.21822506213684933 4.8125
-1.6601380019213758 0.23549679114441877 4.8125
-1.38344833493448 0.24917799818799324 4.8125
-1.106758667947584 0.2598364604315655 4.8125
-0.8300690009606879 0.2678332929364921 4.8125
-0.553379333973792 0.2734021482866885 4.8125
-0.276689666986896 0.276689666986896 4.8125
0.0 0.27777686043627486 4.8125
0.276689666986896 0.276689666986896 4.8125
0.553379333973792 0.2734021482866885 4.8125
0.8300690009606879 0.2678332929364921 4.8125
1.106758667947584 0.2598364604315655 4.8125
1.38344833493448 0.24917799818799324 4.8125
1.6601380019213758 0.23549679114441877 4.8125
1.936827668908272 0.21822506213684933 4.8125
2.213517335895168 0.19641790167119919 4.8125
-2.187217186293508 0.39283580334239837 4.8125
-1.9138150380068197 0.43645012427369867 4.8125
-1.6404128897201313 0.47099358228883753 4.8125
-1.3670107414334425 0.4983559963759865 4.8125
-1.093608593146754 0.519672920863131 4.8125
-0.8202064448600657 0.5356665858729842 4.8125
-0.546804296573377 0.546804296573377 4.8125
-0.2734021482866885 0.553379333973792 4.8125
0.0 0.5555537208725497 4.8125
0.2734021482866885 0.553379333973792 4.8125
0.546804296573377 0.546804296573377 4.8125
0.8202064448600657 0.5356665858729842 4.8125
1.093608593146754 0.519672920863131 4.8125
1.3670107414334425 0.4983559963759865 4.8125
1.6404128897201313 0.47099358228883753 4.8125
1.9138150380068197 0.43645012427369867 4.8125
2.187217186293508 0.39283580334239837 4.8125
-2.142666343491937 0.5892537050135975 4.8125
-1.8748330505554445 0.654675186410548 4.8125
-1.6069997576189525 0.7064903734332563 4.8125
-1.3391664646824606 0.7475339945639797 4.8125
-1.0713331717459684 0.7795093812946965 4.8125
-0.8034998788094763 0.8034998788094763 4.8125
-0.5356665858729842 0.8202064448600657 4.8125
-0.2678332929364921 0.8300690009606879 4.8125
0.0 0.8333305813088245 4.8125
0.2678332929364921 0.8300690009606879 4.8125
0.5356665858729842 0.8202064448600657 4.8125
0.8034998788094763 0.8034998788094763 4.8125
1.0713331717459684 0.7795093812946965 4.8125
1.3391664646824606 0.7475339945639797 4.8125
1.6069997576189525 0.7064903734332563 4.8125
1.8748330505554445 0.654675186410548 4.8125
2.142666343491937 0.5892537050135975 4.8125
-2.078691683452524 0.7856716066847967 4.8125
-1.8188552230209585 0.8729002485473973 4.8125
-1.559018762589393 0.9419871645776751 4.8125
-1.2991823021578277 0.996711992751973 4.8125
-1.039345841726262 1.039345841726262 4.8125
-0.7795093812946965 1.0713331717459684 4.8125
-0.519672920863131 1.093608593146754 4.8125
-0.2598364604315655 1.106758667947584 4.8125
0.0 1.1111074417450995 4.8125
0.2598364604315655 1.106758667947584 4.8125
0.519672920863131 1.093608593146754 4.8125
0.7795093812946965 1.0713331717459684 4.8125
1.039345841726262 1.039345841726262 4.8125
1.2991823021578277 0.996711992751973 4.8125
1.559018762589393 0.9419871645776751 4.8125
1.8188552230209585 0.8729002485473973 4.8125
2.078691683452524 0.7856716066847967 4.8125
-1.993423985503946 0.9820895083559958 4.8125
-1.7442459873159528 1.0911253106842467 4.8125
-1.4950679891279595 1.1774839557220937 4.8125
-1.245889990939966 1.245889990939966 4.8125
-0.996711992751973 1.2991823021578277 4.8125
-0.7475339945639797 1.3391664646824606 4.8125
-0.4983559963759865 1.3670107414334425 4.8125
-0.24917799818799324 1.38344833493448 4.8125
0.0 1.3888843021813744 4.8125
0.24917799818799324 1.38344833493448 4.8125
0.4983559963759865 1.3670107414334425 4.8125
0.7475339945639797 1.3391664646824606 4.8125
0.996711992751973 1.2991823021578277 4.8125
1.245889990939966 1.245889990939966 4.8125
1.4950679891279595 1.1774839557220937 4.8125
1.7442459873159528 1.0911253106842467 4.8125
1.993423985503946 0.9820895083559958 4.8125
-1.8839743291553501 1.178507410027195 4.8125
-1.6484775380109313 1.309350372821096 4.8125
-1.4129807468665125 1.4129807468665125 4.8125
-1.1774839557220937 1.4950679891279595 4.8125
-0.9419871645776751 1.559018762589393 4.8125
-0.7064903734332563 1.6069997576189525 4.8125
-0.47099358228883753 1.6404128897201313 4.8125
-0.23549679114441877 1.6601380019213758 4.8125
0.0 1.666661162617649 4.8125
0.23549679114441877 1.6601380019213758 4.8125
0.47099358228883753 1.6404128897201313 4.8125
0.7064903734332563 1.6069997576189525 4.8125
0.9419871645776751 1.559018762589393 4.8125
1.1774839557220937 1.4950679891279595 4.8125
1.4129807468665125 1.4129807468665125 4.8125
1.6484775380109313 1.309350372821096 4.8125
1.8839743291553501 1.178507410027195 4.8125
-1.7458004970947947 1.3749253116983942 4.8125
-1.5275754349579453 1.5275754349579453 4.8125
-1.309350372821096 1.6484775380109313 4.8125
-1.0911253106842467 1.7442459873159528 4.8125
-0.8729002485473973 1.8188552230209585 4.8125
-0.654675186410548 1.8748330505554445 4.8125
-0.43645012427369867 1.9138150380068197 4.8125
-0.21822506213684933 1.936827668908272 4.8125
0.0 1.944438023053924 4.8125
0.21822506213684933 1.936827668908272 4.8125
0.43645012427369867 1.9138150380068197 4.8125
0.654675186410548 1.8748330505554445 4.8125
0.8729002485473973 1.8188552230209585 4.8125
1.0911253106842467 1.7442459873159528 4.8125
1.309350372821096 1.6484775380109313 4.8125
1.5275754349579453 1.5275754349579453 4.8125
1.7458004970947947 1.3749253116983942 4.8125
-1.5713432133695935 1.5713432133695935 4.8125
-1.3749253116983942 1.7458004970947947 4.8125
-1.178507410027195 1.8839743291553501 4.8125
-0.9820895083559958 1.993423985503946 4.8125
-0.7856716066847967 2.078691683452524 4.8125
-0.5892537050135975 2.142666343491937 4.8125
-0.39283580334239837 2.187217186293508 4.8125
-0.19641790167119919 2.213517335895168 4.8125
0.0 2.222214883490199 4.8125
0.19641790167119919 2.213517335895168 4.8125
0.39283580334239837 2.187217186293508 4.8125
0.5892537050135975 2.142666343491937 4.8125
0.7856716066847967 2.078691683452524 4.8125
0.9820895083559958 1.993423985503946 4.8125
1.178507410027195 1.8839743291553501 4.8125
1.3749253116983942 1.7458004970947947 4.8125
1.5713432133695935 1.5713432133695935 4.8125
-1.5434750563807098 -1.5434750563807098 5.03125
-1.350540674333121 -1.714838297423611 5.03125
-1.1576062922855324 -1.850561582709371 5.03125
-0.9646719102379436 -1.9580701225790527 5.03125
-0.7717375281903549 -2.0418255770073777 5.03125
-0.5788031461427662 -2.104665630772286 5.03125
-0.38586876409517745 -2.1484263534583934 5.03125
-0.19293438204758873 -2.174260063461311 5.03125
0.0 -2.182803357918177 5.03125
0.19293438204758873 -2.174260063461311 5.03125
0.38586876409517745 -2.1484263534583934 5.03125
0.5788031461427662 -2.104665630772286 5.03125
0.7717375281903549 -2.0418255770073777 5.03125
0.9646719102379436 -1.9580701225790527 5.03125
1.1576062922855324 -1.850561582709371 5.03125
1.350540674333121 -1.714838297423611 5.03125
1.5434750563807098 -1.5434750563807098 5.03125
-1.714838297423611 -1.350540674333121 5.03125
-1.5004835102456595 -1.5004835102456595 5.03125
-1.2861287230677083 -1.6192413848707 5.03125
-1.071773935889757 -1.7133113572566712 5.03125
-0.8574191487118055 -1.7865973798814556 5.03125
-0.6430643615338542 -1.8415824269257504 5.03125
-0.42870957435590273 -1.8798730592760944 5.03125
-0.21435478717795137 -1.9024775555286473 5.03125
0.0 -1.909952938178405 5.03125
0.21435478717795137 -1.9024775555286473 5.03125
0.42870957435590273 -1.8798730592760944 5.03125
0.6430643615338542 -1.8415824269257504 5.03125
0.8574191487118055 -1.7865973798814556 5.03125
1.071773935889757 -1.7133113572566712 5.03125
1.2861287230677083 -1.6192413848707 5.03125
1.5004835102456595 -1.5004835102456595 5.03125
1.714838297423611 -1.350540674333121 5.03125
-1.850561582709371 -1.1576062922855324 5.03125
-1.6192413848707 -1.2861287230677083 5.03125
-1.3879211870320283 -1.3879211870320283 5.03125
-1.156600989193357 -1.4685525919342894 5.03125
-0.9252807913546856 -1.5313691827555334 5.03125
-0.6939605935160141 -1.5784992230792145 5.03125
-0.4626403956773428 -1.6113197650937954 5.03125
-0.2313201978386714 -1.6306950475959834 5.03125
0.0 -1.637102518438633 5.03125
0.2313201978386714 -1.6306950475959834 5.03125
0.4626403956773428 -1.6113197650937954 5.03125
0.6939605935160141 -1.5784992230792145 5.03125
0.9252807913546856 -1.5313691827555334 5.03125
1.156600989193357 -1.4685525919342894 5.03125
1.3879211870320283 -1.3879211870320283 5.03125
1.6192413848707 -1.2861287230677083 5.03125
1.850561582709371 -1.1576062922855324 5.03125
-1.9580701225790527 -0.9646719102379436 5.03125
-1.7133113572566712 -1.071773935889757 5.03125
-1.4685525919342894 -1.156600989193357 5.03125
-1.223793826611908 -1.223793826611908 5.03125
-0.9790350612895263 -1.276140985629611 5.03125
-0.7342762959671447 -1.315416019232679 5.03125
-0.48951753064476317 -1.342766470911496 5.03125
-0.24475876532238158 -1.3589125396633195 5.03125
0.0 -1.3642520986988607 5.03125
0.24475876532238158 -1.3589125396633195 5.03125
0.48951753064476317 -1.342766470911496 5.03125
0.7342762959671447 -1.315416019232679 5.03125
0.9790350612895263 -1.276140985629611 5.03125
1.223793826611908 -1.223793826611908 5.03125
1.4685525919342894 -1.156600989193357 5.03125
1.7133113572566712 -1.071773935889757 5.03125
1.9580701225790527 -0.9646719102379436 5.03125
-2.0418255770073777 -0.7717375281903549 5.03125
-1.7865973798814556 -0.8574191487118055 5.03125
-1.5313691827555334 -0.9252807913546856 5.03125
-1.276140985629611 -0.9790350612895263 5.03125
-1.0209127885036888 -1.0209127885036888 5.03125
-0.7656845913777667 -1.052332815386143 5.03125
-0.5104563942518444 -1.0742131767291967 5.03125
-0.2552281971259222 -1.0871300317306556 5.03125
0.0 -1.0914016789590886 5.03125
0.2552281971259222 -1.0871300317306556 5.03125
0.5104563942518444 -1.0742131767291967 5.03125
0.7656845913777667 -1.052332815386143 5.03125
1.0209127885036888 -1.0209127885036888 5.03125
1.276140985629611 -0.9790350612895263 5.03125
1.5313691827555334 -0.9252807913546856 5.03125
1.7865973798814556 -0.8574191487118055 5.03125
2.0418255770073777 -0.7717375281903549 5.03125
-2.104665630772286 -0.5788031461427662 5.03125
-1.8415824269257504 -0.6430643615338542 5.03125
-1.5784992230792145 -0.6939605935160141 5.03125
-1.315416019232679 -0.7342762959671447 5.03125
-1.052332815386143 -0.7656845913777667 5.03125
-0.7892496115396073 -0.7892496115396073 5.03125
-0.5261664076930715 -0.8056598825468977 5.03125
-0.2630832038465358 -0.8153475237979917 5.03125
0.0 -0.8185512592193165 5.03125
0.2630832038465358 -0.8153475237979917 5.03125
0.5261664076930715 -0.8056598825468977 5.03125
0.7892496115396073 -0.7892496115396073 5.03125
1.052332815386143 -0.7656845913777667 5.03125
1.315416019232679 -0.7342762959671447 5.03125
1.5784992230792145 -0.6939605935160141 5.03125
1.8415824269257504 -0.6430643615338542 5.03125
2.104665630772286 -0.5788031461427662 5.03125
-2.1484263534583934 -0.38586876409517745 5.03125
-1.8798730592760944 -0.42870957435590273 5.03125
-1.6113197650937954 -0.4626403956773428 5.03125
-1.342766470911496 -0.48951753064476317 5.03125
-1.0742131767291967 -0.5104563942518444 5.03125
-0.8056598825468977 -0.5261664076930715 5.03125
-0.5371065883645983 -0.5371065883645983 5.03125
-0.2685532941822992 -0.5435650158653278 5.03125
0.0 -0.5457008394795443 5.03125
0.2685532941822992 -0.5435650158653278 5.03125
0.5371065883645983 -0.5371065883645983 5.03125
0.8056598825468977 -0.5261664076930715 5.03125
1.0742131767291967 -0.5104563942518444 5.03125
1.342766470911496 -0.48951753064476317 5.03125
1.6113197650937954 -0.4626403956773428 5.03125
1.8798730592760944 -0.42870957435590273 5.03125
2.1484263534583934 -0.38586876409517745 5.03125
-2.174260063461311 -0.19293438204758873 5.03125
-1.9024775555286473 -0.21435478717795137 5.03125
-1.6306950475959834 -0.2313201978386714 5.03125
-1.3589125396633195 -0.24475876532238158 5.03125
-1.0871300317306556 -0.2552281971259222 5.03125
-0.8153475237979917 -0.2630832038465358 5.03125
-0.5435650158653278 -0.2685532941822992 5.03125
-0.2717825079326639 -0.2717825079326639 5.03125
0.0 -0.27285041973977214 5.03125
0.2717825079326639 -0.2717825079326639 5.03125
0.5435650158653278 -0.2685532941822992 5.03125
0.8153475237979917 -0.2630832038465358 5.03125
1.0871300317306556 -0.2552281971259222 5.03125
1.3589125396633195 -0.24475876532238158 5.03125
1.6306950475959834 -0.2313201978386714 5.03125
1.9024775555286473 -0.21435478717795137 5.03125
2.174260063461311 -0.19293438204758873 5.03125
-2.182803357918177 0.0 5.03125
-1.909952938178405 0.0 5.03125
-1.637102518438633 0.0 5.03125
-1.3642520986988607 0.0 5.03125
-1.0914016789590886 0.0 5.03125
-0.8185512592193165 0.0 5.03125
-0.5457008394795443 0.0 5.03125
-0.27285041973977214 0.0 5.03125
0.0 0.0 5.03125
0.27285041973977214 0.0 5.03125
0.5457008394795443 0.0 5.03125
0.8185512592193165 0.0 5.03125
1.0914016789590886 0.0 5.03125
1.3642520986988607 0.0 5.03125
1.637102518438633 0.0 5.03125
1.909952938178405 0.0 5.03125
2.182803357918177 0.0 5.03125
-2.174260063461311 0.19293438204758873 5.03125
-1.9024775555286473 0.21435478717795137 5.03125
-1.6306950475959834 0.2313201978386714 5.03125
-1.3589125396633195 0.24475876532238158 5.03125
-1.0871300317306556 0.2552281971259222 5.03125
-0.8153475237979917 0.2630832038465358 5.03125
-0.5435650158653278 0.2685532941822992 5.03125
-0.2717825079326639 0.2717825079326639 5.03125
0.0 0.27285041973977214 5.03125
0.2717825079326639 0.2717825079326639 5.03125
0.5435650158653278 0.2685532941822992 5.03125
0.8153475237979917 0.2630832038465358 5.03125
1.0871300317306556 0.2552281971259222 5.03125
1.3589125396633195 0.24475876532238158 5.03125
1.6306950475959834 0.2313201978386714 5.03125
1.9024775555286473 0.21435478717795137 5.03125
2.174260063461311 0.19293438204758873 5.03125
-2.1484263534583934 0.38586876409517745 5.03125
-1.8798730592760944 0.42870957435590273 5.03125
-1.6113197650937954 0.4626403956773428 5.03125
-1.342766470911496 0.48951753064476317 5.03125
-1.0742131767291967 0.5104563942518444 5.03125
-0.8056598825468977 0.5261664076930715 5.03125
-0.5371065883645983 0.5371065883645983 5.03125
-0.2685532941822992 0.5435650158653278 5.03125
0.0 0.5457008394795443 5.03125
0.2685532941822992 0.5435650158653278 5.03125
0.5371065883645983 0.5371065883645983 5.03125
0.8056598825468977 0.5261664076930715 5.03125
1.0742131767291967 0.5104563942518444 5.03125
1.342766470911496 0.48951753064476317 5.03125
1.6113197650937954 0.4626403956773428 5.03125
1.8798730592760944 0.42870957435590273 5.03125
2.1484263534583934 0.38586876409517745 5.03125
-2.104665630772286 0.5788031461427662 5.03125
-1.8415824269257504 0.6430643615338542 5.03125
-1.5784992230792145 0.6939605935160141 5.03125
-1.315416019232679 0.7342762959671447 5.03125
-1.052332815386143 0.7656845913777667 5.03125
-0.7892496115396073 0.7892496115396073 5.03125
-0.5261664076930715 0.8056598825468977 5.03125
-0.2630832038465358 0.8153475237979917 5.03125
0.0 0.8185512592193165 5.03125
0.2630832038465358 0.8153475237979917 5.03125
0.5261664076930715 0.8056598825468977 5.03125
0.7892496115396073 0.7892496115396073 5.03125
1.052332815386143 0.7656845913777667 5.03125
1.315416019232679 0.7342762959671447 5.03125
1.5784992230792145 0.6939605935160141 5.03125
1.8415824269257504 0.6430643615338542 5.03125
2.104665630772286 0.5788031461427662 5.03125
-2.0418255770073777 0.7717375281903549 5.03125
-1.7865973798814556 0.8574191487118055 5.03125
-1.5313691827555334 0.9252807913546856 5.03125
-1.276140985629611 0.9790350612895263 5.03125
-1.0209127885036888 1.0209127885036888 5.03125
-0.7656845913777667 1.052332815386143 5.03125
-0.5104563942518444 1.0742131767291967 5.03125
-0.2552281971259222 1.0871300317306556 5.03125
0.0 1.0914016789590886 5.03125
0.2552281971259222 1.0871300317306556 5.03125
0.5104563942518444 1.0742131767291967 5.03125
0.7656845913777667 1.052332815386143 5.03125
1.0209127885036888 1.0209127885036888 5.03125
1.276140985629611 0.9790350612895263 5.03125
1.5313691827555334 0.9252807913546856 5.03125
1.7865973798814556 0.8574191487118055 5.03125
2.0418255770073777 0.7717375281903549 5.03125
-1.9580701225790527 0.9646719102379436 5.03125
-1.7133113572566712 1.071773935889757 5.03125
-1.4685525919342894 1.156600989193357 5.03125
-1.223793826611908 1.223793826611908 5.03125
-0.9790350612895263 1.276140985629611 5.03125
-0.7342762959671447 1.315416019232679 5.03125
-0.48951753064476317 1.342766470911496 5.03125
-0.24475876532238158 1.3589125396633195 5.03125
0.0 1.3642520986988607 5.03125
0.24475876532238158 1.3589125396633195 5.03125
0.48951753064476317 1.342766470911496 5.03125
0.7342762959671447 1.315416019232679 5.03125
0.9790350612895263 1.276140985629611 5.03125
1.223793826611908 1.223793826611908 5.03125
1.4685525919342894 1.156600989193357 5.03125
1.7133113572566712 1.071773935889757 5.03125
1.9580701225790527 0.9646719102379436 5.03125
-1.850561582709371 1.1576062922855324 5.03125
-1.6192413848707 1.2861287230677083 5.03125
-1.3879211870320283 1.3879211870320283 5.03125
-1.156600989193357 1.4685525919342894 5.03125
-0.9252807913546856 1.5313691827555334 5.03125
-0.6939605935160141 1.5784992230792145 5.03125
-0.4626403956773428 1.6113197650937954 5.03125
-0.2313201978386714 1.6306950475959834 5.03125
0.0 1.637102518438633 5.03125
0.2313201978386714 1.6306950475959834 5.03125
0.4626403956773428 1.6113197650937954 5.03125
0.6939605935160141 1.5784992230792145 5.03125
0.9252807913546856 1.5313691827555334 5.03125
1.156600989193357 1.4685525919342894 5.03125
1.3879211870320283 1.3879211870320283 5.03125
1.6192413848707 1.2861287230677083 5.03125
1.850561582709371 1.1576062922855324 5.03125
-1.714838297423611 1.350540674333121 5.03125
-1.5004835102456595 1.5004835102456595 5.03125
-1.2861287230677083 1.6192413848707 5.03125
-1.071773935889757 1.7133113572566712 5.03125
-0.8574191487118055 1.7865973798814556 5.03125
-0.6430643615338542 1.8415824269257504 5.03125
-0.42870957435590273 1.8798730592760944 5.03125
-0.21435478717795137 1.9024775555286473 5.03125
0.0 1.909952938178405 5.03125
0.21435478717795137 1.9024775555286473 5.03125
0.42870957435590273 1.8798730592760944 5.03125
0.6430643615338542 1.8415824269257504 5.03125
0.8574191487118055 1.7865973798814556 5.03125
1.071773935889757 1.7133113572566712 5.03125
1.2861287230677083 1.6192413848707 5.03125
1.5004835102456595 1.5004835102456595 5.03125
1.714838297423611 1.350540674333121 5.03125
-1.5434750563807098 1.5434750563807098 5.03125
-1.350540674333121 1.714838297423611 5.03125
-1.1576062922855324 1.850561582709371 5.03125
-0.9646719102379436 1.9580701225790527 5.03125
-0.7717375281903549 2.0418255770073777 5.03125
-0.5788031461427662 2.104665630772286 5.03125
-0.38586876409517745 2.1484263534583934 5.03125
-0.19293438204758873 2.174260063461311 5.03125
0.0 2.182803357918177 5.03125
0.19293438204758873 2.174260063461311 5.03125
0.38586876409517745 2.1484263534583934 5.03125
0.5788031461427662 2.104665630772286 5.03125
0.7717375281903549 2.0418255770073777 5.03125
0.9646719102379436 1.9580701225790527 5.03125
1.1576062922855324 1.850561582709371 5.03125
1.350540674333121 1.714838297423611 5.03125
1.5434750563807098 1.5434750563807098 5.03125
-1.5177669529663689 -1.5177669529663689 5.25
-1.3280460838455725 -1.6862759697677214 5.25
-1.1383252147247767 -1.819738649519601 5.25
-0.9486043456039804 -1.9254565283420122 5.25
-0.7588834764831844 -2.0078169528506393 5.25
-0.5691626073623883 -2.069610343377245 5.25
-0.3794417382415922 -2.1126421879518142 5.25
-0.1897208691207961 -2.1380456119675464 5.25
0.0 -2.146446609406726 5.25
0.1897208691207961 -2.1380456119675464 5.25
0.3794417382415922 -2.1126421879518142 5.25
0.5691626073623883 -2.069610343377245 5.25
0.7588834764831844 -2.0078169528506393 5.25
0.9486043456039804 -1.9254565283420122 5.25
1.1383252147247767 -1.819738649519601 5.25
1.3280460838455725 -1.6862759697677214 5.25
1.5177669529663689 -1.5177669529663689 5.25
-1.6862759697677214 -1.3280460838455725 5.25
-1.4754914735467561 -1.4754914735467561 5.25
-1.264706977325791 -1.592271318329651 5.25
-1.0539224811048258 -1.6847744622992606 5.25
-0.8431379848838607 -1.7568398337443094 5.25
-0.6323534886628955 -1.8109090504550893 5.25
-0.42156899244193036 -1.8485619144578376 5.25
-0.21078449622096518 -1.870789910471603 5.25
0.0 -1.8781407832308852 5.25
0.21078449622096518 -1.870789910471603 5.25
0.42156899244193036 -1.8485619144578376 5.25
0.6323534886628955 -1.8109090504550893 5.25
0.8431379848838607 -1.7568398337443094 5.25
1.0539224811048258 -1.6847744622992606 5.25
1.264706977325791 -1.592271318329651 5.25
1.4754914735467561 -1.4754914735467561 5.25
1.6862759697677214 -1.3280460838455725 5.25
-1.819738649519601 -1.1383252147247767 5.25
-1.592271318329651 -1.264706977325791 5.25
-1.3648039871397009 -1.3648039871397009 5.25
-1.1373366559497509 -1.444092396256509 5.25
-0.9098693247598005 -1.5058627146379795 5.25
-0.6824019935698504 -1.5522077575329338 5.25
-0.45493466237990027 -1.584481640963861 5.25
-0.22746733118995013 -1.6035342089756597 5.25
0.0 -1.6098349570550445 5.25
0.22746733118995013 -1.6035342089756597 5.25
0.45493466237990027 -1.584481640963861 5.25
0.6824019935698504 -1.5522077575329338 5.25
0.9098693247598005 -1.5058627146379795 5.25
1.1373366559497509 -1.444092396256509 5.25
1.3648039871397009 -1.3648039871397009 5.25
1.592271318329651 -1.264706977325791 5.25
1.819738649519601 -1.1383252147247767 5.25
-1.9254565283420122 -0.9486043456039804 5.25
-1.6847744622992606 -1.0539224811048258 5.25
-1.444092396256509 -1.1373366559497509 5.25
-1.2034103302137575 -1.2034103302137575 5.25
-0.9627282641710061 -1.2548855955316496 5.25
-0.7220461981282545 -1.2935064646107783 5.25
-0.48136413208550305 -1.320401367469884 5.25
-0.24068206604275152 -1.3362785074797165 5.25
0.0 -1.341529130879204 5.25
0.24068206604275152 -1.3362785074797165 5.25
0.48136413208550305 -1.320401367469884 5.25
0.7220461981282545 -1.2935064646107783 5.25
0.9627282641710061 -1.2548855955316496 5.25
1.2034103302137575 -1.2034103302137575 5.25
1.444092396256509 -1.1373366559497509 5.25
1.6847744622992606 -1.0539224811048258 5.25
1.9254565283420122 -0.9486043456039804 5.25
-2.0078169528506393 -0.7588834764831844 5.25
-1.7568398337443094 -0.8431379848838607 5.25
-1.5058627146379795 -0.9098693247598005 5.25
-1.2548855955316496 -0.9627282641710061 5.25
-1.0039084764253197 -1.0039084764253197 5.25
-0.7529313573189897 -1.0348051716886224 5.25
-0.5019542382126598 -1.0563210939759071 5.25
-0.2509771191063299 -1.0690228059837732 5.25
0.0 -1.073223304703363 5.25
0.2509771191063299 -1.0690228059837732 5.25
0.5019542382126598 -1.0563210939759071 5.25
0.7529313573189897 -1.0348051716886224 5.25
1.0039084764253197 -1.0039084764253197 5.25
1.2548855955316496 -0.9627282641710061 5.25
1.5058627146379795 -0.9098693247598005 5.25
1.7568398337443094 -0.8431379848838607 5.25
2.0078169528506393 -0.7588834764831844 5.25
-2.069610343377245 -0.5691626073623883 5.25
-1.8109090504550893 -0.6323534886628955 5.25
-1.5522077575329338 -0.6824019935698504 5.25
-1.2935064646107783 -0.7220461981282545 5.25
-1.0348051716886224 -0.7529313573189897 5.25
-0.7761038787664669 -0.7761038787664669 5.25
-0.5174025858443112 -0.7922408204819305 5.25
-0.2587012929221556 -0.8017671044878298 5.25
0.0 -0.8049174785275223 5.25
0.2587012929221556 -0.8017671044878298 5.25
0.5174025858443112 -0.7922408204819305 5.25
0.7761038787664669 -0.7761038787664669 5.25
1.0348051716886224 -0.7529313573189897 5.25
1.2935064646107783 -0.7220461981282545 5.25
1.5522077575329338 -0.6824019935698504 5.25
1.8109090504550893 -0.6323534886628955 5.25
2.069610343377245 -0.5691626073623883 5.25
-2.1126421879518142 -0.3794417382415922 5.25
-1.8485619144578376 -0.42156899244193036 5.25
-1.584481640963861 -0.45493466237990027 5.25
-1.320401367469884 -0.48136413208550305 5.25
-1.0563210939759071 -0.5019542382126598 5.25
-0.7922408204819305 -0.5174025858443112 5.25
-0.5281605469879536 -0.5281605469879536 5.25
-0.2640802734939768 -0.5345114029918866 5.25
0.0 -0.5366116523516815 5.25
0.2640802734939768 -0.5345114029918866 5.25
0.5281605469879536 -0.5281605469879536 5.25
0.7922408204819305 -0.5174025858443112 5.25
1.0563210939759071 -0.5019542382126598 5.25
1.320401367469884 -0.48136413208550305 5.25
1.584481640963861 -0.45493466237990027 5.25
1.8485619144578376 -0.42156899244193036 5.25
2.1126421879518142 -0.3794417382415922 5.25
-2.1380456119675464 -0.1897208691207961 5.25
-1.870789910471603 -0.21078449622096518 5.25
-1.6035342089756597 -0.22746733118995013 5.25
-1.3362785074797165 -0.24068206604275152 5.25
-1.0690228059837732 -0.2509771191063299 5.25
-0.8017671044878298 -0.2587012929221556 5.25
-0.5345114029918866 -0.2640802734939768 5.25
-0.2672557014959433 -0.2672557014959433 5.25
0.0 -0.26830582617584076 5.25
0.2672557014959433 -0.2672557014959433 5.25
0.5345114029918866 -0.2640802734939768 5.25
0.8017671044878298 -0.2587012929221556 5.25
1.0690228059837732 -0.2509771191063299 5.25
1.3362785074797165 -0.24068206604275152 5.25
1.6035342089756597 -0.22746733118995013 5.25
1.870789910471603 -0.21078449622096518 5.25
2.1380456119675464 -0.1897208691207961 5.25
-2.146446609406726 0.0 5.25
-1.8781407832308852 0.0 5.25
-1.6098349570550445 0.0 5.25
-1.341529130879204 0.0 5.25
-1.073223304703363 0.0 5.25
-0.8049174785275223 0.0 5.25
-0.5366116523516815 0.0 5.25
-0.26830582617584076 0.0 5.25
0.0 0.0 5.25
0.26830582617584076 0.0 5.25
0.5366116523516815 0.0 5.25
0.8049174785275223 0.0 5.25
1.073223304703363 0.0 5.25
1.341529130879204 0.0 5.25
1.6098349570550445 0.0 5.25
1.8781407832308852 0.0 5.25
2.146446609406726 0.0 5.25
-2.1380456119675464 0.1897208691207961 5.25
-1.870789910471603 0.21078449622096518 5.25
-1.6035342089756597 0.22746733118995013 5.25
-1.3362785074797165 0.24068206604275152 5.25
-1.0690228059837732 0.2509771191063299 5.25
-0.8017671044878298 0.2587012929221556 5.25
-0.5345114029918866 0.2640802734939768 5.25
-0.2672557014959433 0.2672557014959433 5.25
0.0 0.26830582617584076 5.25
0.2672557014959433 0.2672557014959433 5.25
0.5345114029918866 0.2640802734939768 5.25
0.8017671044878298 0.2587012929221556 5.25
1.0690228059837732 0.2509771191063299 5.25
1.3362785074797165 0.24068206604275152 5.25
1.6035342089756597 0.22746733118995013 5.25
1.870789910471603 0.21078449622096518 5.25
2.1380456119675464 0.1897208691207961 5.25
-2.1126421879518142 0.3794417382415922 5.25
-1.8485619144578376 0.42156899244193036 5.25
-1.584481640963861 0.45493466237990027 5.25
-1.320401367469884 0.48136413208550305 5.25
-1.0563210939759071 0.5019542382126598 5.25
-0.7922408204819305 0.5174025858443112 5.25
-0.5281605469879536 0.5281605469879536 5.25
-0.2640802734939768 0.5345114029918866 5.25
0.0 0.5366116523516815 5.25
0.2640802734939768 0.5345114029918866 5.25
0.5281605469879536 0.5281605469879536 5.25
0.7922408204819305 0.5174025858443112 5.25
1.0563210939759071 0.5019542382126598 5.25
1.320401367469884 0.48136413208550305 5.25
1.584481640963861 0.45493466237990027 5.25
1.8485619144578376 0.42156899244193036 5.25
2.1126421879518142 0.3794417382415922 5.25
-2.069610343377245 0.5691626073623883 5.25
-1.8109090504550893 0.6323534886628955 5.25
-1.5522077575329338 0.6824019935698504 5.25
-1.2935064646107783 0.7220461981282545 5.25
-1.0348051716886224 0.7529313573189897 5.25
-0.7761038787664669 0.7761038787664669 5.25
-0.5174025858443112 0.7922408204819305 5.25
-0.2587012929221556 0.8017671044878298 5.25
0.0 0.8049174785275223 5.25
0.2587012929221556 0.8017671044878298 5.25
0.5174025858443112 0.7922408204819305 5.25
0.7761038787664669 0.7761038787664669 5.25
1.0348051716886224 0.7529313573189897 5.25
1.2935064646107783 0.7220461981282545 5.25
1.5522077575329338 0.6824019935698504 5.25
1.8109090504550893 0.6323534886628955 5.25
2.069610343377245 0.5691626073623883 5.25
-2.0078169528506393 0.7588834764831844 5.25
-1.7568398337443094 0.8431379848838607 5.25
-1.5058627146379795 0.9098693247598005 5.25
-1.2548855955316496 0.9627282641710061 5.25
-1.0039084764253197 1.0039084764253197 5.25
-0.7529313573189897 1.0348051716886224 5.25
-0.5019542382126598 1.0563210939759071 5.25
-0.2509771191063299 1.0690228059837732 5.25
0.0 1.073223304703363 5.25
0.2509771191063299 1.0690228059837732 5.25
0.5019542382126598 1.0563210939759071 5.25
0.7529313573189897 1.0348051716886224 5.25
1.0039084764253197 1.0039084764253197 5.25
1.2548855955316496 0.9627282641710061 5.25
1.5058627146379795 0.9098693247598005 5.25
1.7568398337443094 0.8431379848838607 5.25
2.0078169528506393 0.7588834764831844 5.25
-1.9254565283420122 0.9486043456039804 5.25
-1.6847744622992606 1.0539224811048258 5.25
-1.444092396256509 1.1373366559497509 5.25
-1.2034103302137575 1.2034103302137575 5.25
-0.9627282641710061 1.2548855955316496 5.25
-0.7220461981282545 1.2935064646107783 5.25
-0.48136413208550305 1.320401367469884 5.25
-0.24068206604275152 1.3362785074797165 5.25
0.0 1.341529130879204 5.25
0.24068206604275152 1.3362785074797165 5.25
0.48136413208550305 1.320401367469884 5.25
0.7220461981282545 1.2935064646107783 5.25
0.9627282641710061 1.2548855955316496 5.25
1.2034103302137575 1.2034103302137575 5.25
1.444092396256509 1.1373366559497509 5.25
1.6847744622992606 1.0539224811048258 5.25
1.9254565283420122 0.9486043456039804 5.25
-1.819738649519601 1.1383252147247767 5.25
-1.592271318329651 1.264706977325791 5.25
-1.3648039871397009 1.3648039871397009 5.25
-1.1373366559497509 1.444092396256509 5.25
-0.9098693247598005 1.5058627146379795 5.25
-0.6824019935698504 1.5522077575329338 5.25
-0.45493466237990027 1.584481640963861 5.25
-0.22746733118995013 1.6035342089756597 5.25
0.0 1.6098349570550445 5.25
0.22746733118995013 1.6035342089756597 5.25
0.45493466237990027 1.584481640963861 5.25
0.6824019935698504 1.5522077575329338 5.25
0.9098693247598005 1.5058627146379795 5.25
1.1373366559497509 1.444092396256509 5.25
1.3648039871397009 1.3648039871397009 5.25
1.592271318329651 1.264706977325791 5.25
1.819738649519601 1.1383252147247767 5.25
-1.6862759697677214 1.3280460838455725 5.25
-1.4754914735467561 1.4754914735467561 5.25
-1.264706977325791 1.592271318329651 5.25
-1.0539224811048258 1.6847744622992606 5.25
-0.8431379848838607 1.7568398337443094 5.25
-0.6323534886628955 1.8109090504550893 5.25
-0.42156899244193036 1.8485619144578376 5.25
-0.21078449622096518 1.870789910471603 5.25
0.0 1.8781407832308852 5.25
0.21078449622096518 1.870789910471603 5.25
0.42156899244193036 1.8485619144578376 5.25
0.6323534886628955 1.8109090504550893 5.25
0.8431379848838607 1.7568398337443094 5.25
1.0539224811048258 1.6847744622992606 5.25
1.264706977325791 1.592271318329651 5.25
1.4754914735467561 1.4754914735467561 5.25
1.6862759697677214 1.3280460838455725 5.25
-1.5177669529663689 1.5177669529663689 5.25
-1.3280460838455725 1.6862759697677214 5.25
-1.1383252147247767 1.819738649519601 5.25
-0.9486043456039804 1.9254565283420122 5.25
-0.7588834764831844 2.0078169528506393 5.25
-0.5691626073623883 2.069610343377245 5.25
-0.3794417382415922 2.1126421879518142 5.25
-0.1897208691207961 2.1380456119675464 5.25
0.0 2.146446609406726 5.25
0.1897208691207961 2.1380456119675464 5.25
0.3794417382415922 2.1126421879518142 5.25
0.5691626073623883 2.069610343377245 5.25
0.7588834764831844 2.0078169528506393 5.25
0.9486043456039804 1.9254565283420122 5.25
1.1383252147247767 1.819738649519601 5.25
1.3280460838455725 1.6862759697677214 5.25
1.5177669529663689 1.5177669529663689 5.25
-1.4944664862159296 -1.4944664862159296 5.46875
-1.3076581754389383 -1.6603885849562086 5.46875
-1.1208498646619471 -1.7918023712821871 5.46875
-0.9340415538849559 -1.8958972895337318 5.46875
-0.7472332431079648 -1.9769933326239437 5.46875
-0.5604249323309736 -2.037838082887597 5.46875
-0.3736166215539824 -2.080209310849214 5.46875
-0.1868083107769912 -2.1052227463785917 5.46875
0.0 -2.1134947733186316 5.46875
0.1868083107769912 -2.1052227463785917 5.46875
0.3736166215539824 -2.080209310849214 5.46875
0.5604249323309736 -2.037838082887597 5.46875
0.7472332431079648 -1.9769933326239437 5.46875
0.9340415538849559 -1.8958972895337318 5.46875
1.1208498646619471 -1.7918023712821871 5.46875
1.3076581754389383 -1.6603885849562086 5.46875
1.4944664862159296 -1.4944664862159296 5.46875
-1.6603885849562086 -1.3076581754389383 5.46875
-1.4528400118366824 -1.4528400118366824 5.46875
-1.2452914387171565 -1.5678270748719139 5.46875
-1.0377428655976304 -1.6589101283420151 5.46875
-0.8301942924781043 -1.7298691660459506 5.46875
-0.6226457193585783 -1.7831083225266473 5.46875
-0.41509714623905214 -1.8201831469930625 5.46875
-0.20754857311952607 -1.842069903081268 5.46875
0.0 -1.8493079266538026 5.46875
0.20754857311952607 -1.842069903081268 5.46875
0.41509714623905214 -1.8201831469930625 5.46875
0.6226457193585783 -1.7831083225266473 5.46875
0.8301942924781043 -1.7298691660459506 5.46875
1.0377428655976304 -1.6589101283420151 5.46875
1.2452914387171565 -1.5678270748719139 5.46875
1.4528400118366824 -1.4528400118366824 5.46875
1.6603885849562086 -1.3076581754389383 5.46875
-1.7918023712821871 -1.1208498646619471 5.46875
-1.5678270748719139 -1.2452914387171565 5.46875
-1.3438517784616402 -1.3438517784616402 5.46875
-1.119876482051367 -1.4219229671502986 5.46875
-0.8959011856410936 -1.4827449994679578 5.46875
-0.6719258892308201 -1.5283785621656978 5.46875
-0.4479505928205468 -1.5601569831369106 5.46875
-0.2239752964102734 -1.578917059783944 5.46875
0.0 -1.5851210799889737 5.46875
0.2239752964102734 -1.578917059783944 5.46875
0.4479505928205468 -1.5601569831369106 5.46875
0.6719258892308201 -1.5283785621656978 5.46875
0.8959011856410936 -1.4827449994679578 5.46875
1.119876482051367 -1.4219229671502986 5.46875
1.3438517784616402 -1.3438517784616402 5.46875
1.5678270748719139 -1.2452914387171565 5.46875
1.7918023712821871 -1.1208498646619471 5.46875
-1.8958972895337318 -0.9340415538849559 5.46875
-1.6589101283420151 -1.0377428655976304 5.46875
-1.4219229671502986 -1.119876482051367 5.46875
-1.1849358059585822 -1.1849358059585822 5.46875
-0.9479486447668659 -1.235620832889965 5.46875
-0.7109614835751493 -1.2736488018047483 5.46875
-0.47397432238343296 -1.3001308192807588 5.46875
-0.23698716119171648 -1.31576421648662 5.46875
0.0 -1.3209342333241447 5.46875
0.23698716119171648 -1.31576421648662 5.46875
0.47397432238343296 -1.3001308192807588 5.46875
0.7109614835751493 -1.2736488018047483 5.46875
0.9479486447668659 -1.235620832889965 5.46875
1.1849358059585822 -1.1849358059585822 5.46875
1.4219229671502986 -1.119876482051367 5.46875
1.6589101283420151 -1.0377428655976304 5.46875
1.8958972895337318 -0.9340415538849559 5.46875
-1.9769933326239437 -0.7472332431079648 5.46875
-1.7298691660459506 -0.8301942924781043 5.46875
-1.4827449994679578 -0.8959011856410936 5.46875
-1.235620832889965 -0.9479486447668659 5.46875
-0.9884966663119719 -0.9884966663119719 5.46875
-0.7413724997339789 -1.0189190414437985 5.46875
-0.49424833315598593 -1.040104655424607 5.46875
-0.24712416657799297 -1.0526113731892959 5.46875
0.0 -1.0567473866593158 5.46875
0.24712416657799297 -1.0526113731892959 5.46875
0.49424833315598593 -1.040104655424607 5.46875
0.7413724997339789 -1.0189190414437985 5.46875
0.9884966663119719 -0.9884966663119719 5.46875
1.235620832889965 -0.9479486447668659 5.46875
1.4827449994679578 -0.8959011856410936 5.46875
1.7298691660459506 -0.8301942924781043 5.46875
1.9769933326239437 -0.7472332431079648 5.46875
-2.037838082887597 -0.5604249323309736 5.46875
-1.7831083225266473 -0.6226457193585783 5.46875
-1.5283785621656978 -0.6719258892308201 5.46875
-1.2736488018047483 -0.7109614835751493 5.46875
-1.0189190414437985 -0.7413724997339789 5.46875
-0.7641892810828489 -0.7641892810828489 5.46875
-0.5094595207218993 -0.7800784915684553 5.46875
-0.25472976036094963 -0.789458529891972 5.46875
0.0 -0.7925605399944868 5.46875
0.25472976036094963 -0.789458529891972 5.46875
0.5094595207218993 -0.7800784915684553 5.46875
0.7641892810828489 -0.7641892810828489 5.46875
1.0189190414437985 -0.7413724997339789 5.46875
1.2736488018047483 -0.7109614835751493 5.46875
1.5283785621656978 -0.6719258892308201 5.46875
1.7831083225266473 -0.6226457193585783 5.46875
2.037838082887597 -0.5604249323309736 5.46875
-2.080209310849214 -0.3736166215539824 5.46875
-1.8201831469930625 -0.41509714623905214 5.46875
-1.5601569831369106 -0.4479505928205468 5.46875
-1.3001308192807588 -0.47397432238343296 5.46875
-1.040104655424607 -0.49424833315598593 5.46875
-0.7800784915684553 -0.5094595207218993 5.46875
-0.5200523277123035 -0.5200523277123035 5.46875
-0.26002616385615174 -0.5263056865946479 5.46875
0.0 -0.5283736933296579 5.46875
0.26002616385615174 -0.5263056865946479 5.46875
0.5200523277123035 -0.5200523277123035 5.46875
0.7800784915684553 -0.5094595207218993 5.46875
1.040104655424607 -0.49424833315598593 5.46875
1.3001308192807588 -0.47397432238343296 5.46875
1.5601569831369106 -0.4479505928205468 5.46875
1.8201831469930625 -0.41509714623905214 5.46875
2.080209310849214 -0.3736166215539824 5.46875
-2.1052227463785917 -0.1868083107769912 5.46875
-1.842069903081268 -0.20754857311952607 5.46875
-1.578917059783944 -0.2239752964102734 5.46875
-1.31576421648662 -0.23698716119171648 5.46875
-1.0526113731892959 -0.24712416657799297 5.46875
-0.789458529891972 -0.25472976036094963 5.46875
-0.5263056865946479 -0.26002616385615174 5.46875
-0.26315284329732397 -0.26315284329732397 5.46875
0.0 -0.26418684666482894 5.46875
0.26315284329732397 -0.26315284329732397 5.46875
0.5263056865946479 -0.26002616385615174 5.46875
0.789458529891972 -0.25472976036094963 5.46875
1.0526113731892959 -0.24712416657799297 5.46875
1.31576421648662 -0.23698716119171648 5.46875
1.578917059783944 -0.2239752964102734 5.46875
1.842069903081268 -0.20754857311952607 5.46875
2.1052227463785917 -0.1868083107769912 5.46875
-2.1134947733186316 0.0 5.46875
-1.8493079266538026 0.0 5.46875
-1.5851210799889737 0.0 5.46875
-1.3209342333241447 0.0 5.46875
-1.0567473866593158 0.0 5.46875
-0.7925605399944868 0.0 5.46875
-0.5283736933296579 0.0 5.46875
-0.26418684666482894 0.0 5.46875
0.0 0.0 5.46875
0.26418684666482894 0.0 5.46875
0.5283736933296579 0.0 5.46875
0.7925605399944868 0.0 5.46875
1.0567473866593158 0.0 5.46875
1.3209342333241447 0.0 5.46875
1.5851210799889737 0.0 5.46875
1.8493079266538026 0.0 5.46875
2.1134947733186316 0.0 5.46875
-2.1052227463785917 0.1868083107769912 5.46875
-1.842069903081268 0.20754857311952607 5.46875
-1.578917059783944 0.2239752964102734 5.46875
-1.31576421648662 0.23698716119171648 5.46875
-1.0526113731892959 0.24712416657799297 5.46875
-0.789458529891972 0.25472976036094963 5.46875
-0.5263056865946479 0.26002616385615174 5.46875
-0.26315284329732397 0.26315284329732397 5.46875
0.0 0.26418684666482894 5.46875
0.26315284329732397 0.26315284329732397 5.46875
0.5263056865946479 0.26002616385615174 5.46875
0.789458529891972 0.25472976036094963 5.46875
1.0526113731892959 0.24712416657799297 5.46875
1.31576421648662 0.23698716119171648 5.46875
1.578917059783944 0.2239752964102734 5.46875
1.842069903081268 0.20754857311952607 5.46875
2.1052227463785917 0.1868083107769912 5.46875
-2.080209310849214 0.3736166215539824 5.46875
-1.8201831469930625 0.41509714623905214 5.46875
-1.5601569831369106 0.4479505928205468 5.46875
-1.3001308192807588 0.47397432238343296 5.46875
-1.040104655424607 0.49424833315598593 5.46875
-0.7800784915684553 0.5094595207218993 5.46875
-0.5200523277123035 0.5200523277123035 5.46875
-0.26002616385615174 0.5263056865946479 5.46875
0.0 0.5283736933296579 5.46875
0.26002616385615174 0.5263056865946479 5.46875
0.5200523277123035 0.5200523277123035 5.46875
0.7800784915684553 0.5094595207218993 5.46875
1.040104655424607 0.49424833315598593 5.46875
1.3001308192807588 0.47397432238343296 5.46875
1.5601569831369106 0.4479505928205468 5.46875
1.8201831469930625 0.41509714623905214 5.46875
2.080209310849214 0.3736166215539824 5.46875
-2.037838082887597 0.5604249323309736 5.46875
-1.7831083225266473 0.6226457193585783 5.46875
-1.5283785621656978 0.6719258892308201 5.46875
-1.2736488018047483 0.7109614835751493 5.46875
-1.0189190414437985 0.7413724997339789 5.46875
-0.7641892810828489 0.7641892810828489 5.46875
-0.5094595207218993 0.7800784915684553 5.46875
-0.25472976036094963 0.789458529891972 5.46875
0.0 0.7925605399944868 5.46875
0.25472976036094963 0.789458529891972 5.46875
0.5094595207218993 0.7800784915684553 5.46875
0.7641892810828489 0.7641892810828489 5.46875
1.0189190414437985 0.7413724997339789 5.46875
1.2736488018047483 0.7109614835751493 5.46875
1.5283785621656978 0.6719258892308201 5.46875
1.7831083225266473 0.6226457193585783 5.46875
2.037838082887597 0.5604249323309736 5.46875
-1.9769933326239437 0.7472332431079648 5.46875
-1.7298691660459506 0.8301942924781043 5.46875
-1.4827449994679578 0.8959011856410936 5.46875
-1.235620832889965 0.9479486447668659 5.46875
-0.9884966663119719 0.9884966663119719 5.46875
-0.7413724997339789 1.0189190414437985 5.46875
-0.49424833315598593 1.040104655424607 5.46875
-0.24712416657799297 1.0526113731892959 5.46875
0.0 1.0567473866593158 5.46875
0.24712416657799297 1.0526113731892959 5.46875
0.49424833315598593 1.040104655424607 5.46875
0.7413724997339789 1.0189190414437985 5.46875
0.9884966663119719 0.9884966663119719 5.46875
1.235620832889965 0.9479486447668659 5.46875
1.4827449994679578 0.8959011856410936 5.46875
1.7298691660459506 0.8301942924781043 5.46875
1.9769933326239437 0.7472332431079648 5.46875
-1.8958972895337318 0.9340415538849559 5.46875
-1.6589101283420151 1.0377428655976304 5.46875
-1.4219229671502986 1.119876482051367 5.46875
-1.1849358059585822 1.1849358059585822 5.46875
-0.9479486447668659 1.235620832889965 5.46875
-0.7109614835751493 1.2736488018047483 5.46875
-0.47397432238343296 1.3001308192807588 5.46875
-0.23698716119171648 1.31576421648662 5.46875
0.0 1.3209342333241447 5.46875
0.23698716119171648 1.31576421648662 5.46875
0.47397432238343296 1.3001308192807588 5.46875
0.7109614835751493 1.2736488018047483 5.46875
0.9479486447668659 1.235620832889965 5.46875
1.1849358059585822 1.1849358059585822 5.46875
1.4219229671502986 1.119876482051367 5.46875
1.6589101283420151 1.0377428655976304 5.46875
1.8958972895337318 0.9340415538849559 5.46875
-1.7918023712821871 1.1208498646619471 5.46875
-1.5678270748719139 1.2452914387171565 5.46875
-1.3438517784616402 1.3438517784616402 5.46875
-1.119876482051367 1.4219229671502986 5.46875
-0.8959011856410936 1.4827449994679578 5.46875
-0.6719258892308201 1.5283785621656978 5.46875
-0.4479505928205468 1.5601569831369106 5.46875
-0.2239752964102734 1.578917059783944 5.46875
0.0 1.5851210799889737 5.46875
0.2239752964102734 1.578917059783944 5.46875
0.4479505928205468 1.5601569831369106 5.46875
0.6719258892308201 1.5283785621656978 5.46875
0.8959011856410936 1.4827449994679578 5.46875
1.119876482051367 1.4219229671502986 5.46875
1.3438517784616402 1.3438517784616402 5.46875
1.5678270748719139 1.2452914387171565 5.46875
1.7918023712821871 1.1208498646619471 5.46875
-1.6603885849562086 1.3076581754389383 5.46875
-1.4528400118366824 1.4528400118366824 5.46875
-1.2452914387171565 1.5678270748719139 5.46875
-1.0377428655976304 1.6589101283420151 5.46875
-0.8301942924781043 1.7298691660459506 5.46875
-0.6226457193585783 1.7831083225266473 5.46875
-0.41509714623905214 1.8201831469930625 5.46875
-0.20754857311952607 1.842069903081268 5.46875
0.0 1.8493079266538026 5.46875
0.20754857311952607 1.842069903081268 5.46875
0.41509714623905214 1.8201831469930625 5.46875
0.6226457193585783 1.7831083225266473 5.46875
0.8301942924781043 1.7298691660459506 5.46875
1.0377428655976304 1.6589101283420151 5.46875
1.2452914387171565 1.5678270748719139 5.46875
1.4528400118366824 1.4528400118366824 5.46875
1.6603885849562086 1.3076581754389383 5.46875
-1.4944664862159296 1.4944664862159296 5.46875
-1.3076581754389383 1.6603885849562086 5.46875
-1.1208498646619471 1.7918023712821871 5.46875
-0.9340415538849559 1.8958972895337318 5.46875
-0.7472332431079648 1.9769933326239437 5.46875
-0.5604249323309736 2.037838082887597 5.46875
-0.3736166215539824 2.080209310849214 5.46875
-0.1868083107769912 2.1052227463785917 5.46875
0.0 2.1134947733186316 5.46875
0.1868083107769912 2.1052227463785917 5.46875
0.3736166215539824 2.080209310849214 5.46875
0.5604249323309736 2.037838082887597 5.46875
0.7472332431079648 1.9769933326239437 5.46875
0.9340415538849559 1.8958972895337318 5.46875
1.1208498646619471 1.7918023712821871 5.46875
1.3076581754389383 1.6603885849562086 5.46875
1.4944664862159296 1.4944664862159296 5.46875
-1.4737980523615293 -1.4737980523615293 5.6875
-1.2895732958163382 -1.6374254526562917 5.6875
-1.105348539271147 -1.767021789628078 5.6875
-0.9211237827259559 -1.8696770777826581 5.6875
-0.7368990261807646 -1.9496515646399781 5.6875
-0.5526742696355735 -2.009654833540342 5.6875
-0.3684495130903823 -2.0514400684867042 5.6875
-0.18422475654519116 -2.0761075688328723 5.6875
0.0 -2.0842651938487275 5.6875
0.18422475654519116 -2.0761075688328723 5.6875
0.3684495130903823 -2.0514400684867042 5.6875
0.5526742696355735 -2.009654833540342 5.6875
0.7368990261807646 -1.9496515646399781 5.6875
0.9211237827259559 -1.8696770777826581 5.6875
1.105348539271147 -1.767021789628078 5.6875
1.2895732958163382 -1.6374254526562917 5.6875
1.4737980523615293 -1.4737980523615293 5.6875
-1.6374254526562917 -1.2895732958163382 5.6875
-1.432747271074255 -1.432747271074255 5.6875
-1.2280690894922188 -1.5461440659245684 5.6875
-1.0233909079101822 -1.6359674430598259 5.6875
-0.8187127263281458 -1.7059451190599808 5.6875
-0.6140345447461094 -1.758447979347799 5.6875
-0.4093563631640729 -1.7950100599258663 5.6875
-0.20467818158203646 -1.8165941227287632 5.6875
0.0 -1.8237320446176366 5.6875
0.20467818158203646 -1.8165941227287632 5.6875
0.4093563631640729 -1.7950100599258663 5.6875
0.6140345447461094 -1.758447979347799 5.6875
0.8187127263281458 -1.7059451190599808 5.6875
1.0233909079101822 -1.6359674430598259 5.6875
1.2280690894922188 -1.5461440659245684 5.6875
1.432747271074255 -1.432747271074255 5.6875
1.6374254526562917 -1.2895732958163382 5.6875
-1.767021789628078 -1.105348539271147 5.6875
-1.5461440659245684 -1.2280690894922188 5.6875
-1.3252663422210584 -1.3252663422210584 5.6875
-1.1043886185175489 -1.4022578083369934 5.6875
-0.883510894814039 -1.4622386734799835 5.6875
-0.6626331711105292 -1.5072411251552564 5.6875
-0.4417554474070195 -1.5385800513650283 5.6875
-0.22087772370350975 -1.557080676624654 5.6875
0.0 -1.5631988953865457 5.6875
0.22087772370350975 -1.557080676624654 5.6875
0.4417554474070195 -1.5385800513650283 5.6875
0.6626331711105292 -1.5072411251552564 5.6875
0.883510894814039 -1.4622386734799835 5.6875
1.1043886185175489 -1.4022578083369934 5.6875
1.3252663422210584 -1.3252663422210584 5.6875
1.5461440659245684 -1.2280690894922188 5.6875
1.767021789628078 -1.105348539271147 5.6875
-1.8696770777826581 -0.9211237827259559 5.6875
-1.6359674430598259 -1.0233909079101822 5.6875
-1.4022578083369934 -1.1043886185175489 5.6875
-1.1685481736141612 -1.1685481736141612 5.6875
-0.9348385388913291 -1.2185322278999864 5.6875
-0.7011289041684967 -1.2560342709627137 5.6875
-0.46741926944566453 -1.28215004280419 5.6875
-0.23370963472283227 -1.2975672305205452 5.6875
0.0 -1.3026657461554547 5.6875
0.23370963472283227 -1.2975672305205452 5.6875
0.46741926944566453 -1.28215004280419 5.6875
0.7011289041684967 -1.2560342709627137 5.6875
0.9348385388913291 -1.2185322278999864 5.6875
1.1685481736141612 -1.1685481736141612 5.6875
1.4022578083369934 -1.1043886185175489 5.6875
1.6359674430598259 -1.0233909079101822 5.6875
1.8696770777826581 -0.9211237827259559 5.6875
-1.9496515646399781 -0.7368990261807646 5.6875
-1.7059451190599808 -0.8187127263281458 5.6875
-1.4622386734799835 -0.883510894814039 5.6875
-1.2185322278999864 -0.9348385388913291 5.6875
-0.9748257823199891 -0.9748257823199891 5.6875
-0.7311193367399917 -1.004827416770171 5.6875
-0.48741289115999453 -1.0257200342433521 5.6875
-0.24370644557999727 -1.0380537844164361 5.6875
0.0 -1.0421325969243638 5.6875
0.24370644557999727 -1.0380537844164361 5.6875
0.48741289115999453 -1.0257200342433521 5.6875
0.7311193367399917 -1.004827416770171 5.6875
0.9748257823199891 -0.9748257823199891 5.6875
1.2185322278999864 -0.9348385388913291 5.6875
1.4622386734799835 -0.883510894814039 5.6875
1.7059451190599808 -0.8187127263281458 5.6875
1.9496515646399781 -0.7368990261807646 5.6875
-2.009654833540342 -0.5526742696355735 5.6875
-1.758447979347799 -0.6140345447461094 5.6875
-1.5072411251552564 -0.6626331711105292 5.6875
-1.2560342709627137 -0.7011289041684967 5.6875
-1.004827416770171 -0.7311193367399917 5.6875
-0.7536205625776282 -0.7536205625776282 5.6875
-0.5024137083850855 -0.7692900256825141 5.6875
-0.25120685419254274 -0.778540338312327 5.6875
0.0 -0.7815994476932728 5.6875
0.25120685419254274 -0.778540338312327 5.6875
0.5024137083850855 -0.7692900256825141 5.6875
0.7536205625776282 -0.7536205625776282 5.6875
1.004827416770171 -0.7311193367399917 5.6875
1.2560342709627137 -0.7011289041684967 5.6875
1.5072411251552564 -0.6626331711105292 5.6875
1.758447979347799 -0.6140345447461094 5.6875
2.009654833540342 -0.5526742696355735 5.6875
-2.0514400684867042 -0.3684495130903823 5.6875
-1.7950100599258663 -0.4093563631640729 5.6875
-1.5385800513650283 -0.4417554474070195 5.6875
-1.28215004280419 -0.46741926944566453 5.6875
-1.0257200342433521 -0.48741289115999453 5.6875
-0.7692900256825141 -0.5024137083850855 5.6875
-0.5128600171216761 -0.5128600171216761 5.6875
-0.25643000856083803 -0.5190268922082181 5.6875
0.0 -0.5210662984621819 5.6875
0.25643000856083803 -0.5190268922082181 5.6875
0.5128600171216761 -0.5128600171216761 5.6875
0.7692900256825141 -0.5024137083850855 5.6875
1.0257200342433521 -0.48741289115999453 5.6875
1.28215004280419 -0.46741926944566453 5.6875
1.5385800513650283 -0.4417554474070195 5.6875
1.7950100599258663 -0.4093563631640729 5.6875
2.0514400684867042 -0.3684495130903823 5.6875
-2.0761075688328723 -0.18422475654519116 5.6875
-1.8165941227287632 -0.20467818158203646 5.6875
-1.557080676624654 -0.22087772370350975 5.6875
-1.2975672305205452 -0.23370963472283227 5.6875
-1.0380537844164361 -0.24370644557999727 5.6875
-0.778540338312327 -0.25120685419254274 5.6875
-0.5190268922082181 -0.25643000856083803 5.6875
-0.25951344610410904 -0.25951344610410904 5.6875
0.0 -0.26053314923109094 5.6875
0.25951344610410904 -0.25951344610410904 5.6875
0.5190268922082181 -0.25643000856083803 5.6875
0.778540338312327 -0.25120685419254274 5.6875
1.0380537844164361 -0.24370644557999727 5.6875
1.2975672305205452 -0.23370963472283227 5.6875
1.557080676624654 -0.22087772370350975 5.6875
1.8165941227287632 -0.20467818158203646 5.6875
2.0761075688328723 -0.18422475654519116 5.6875
-2.0842651938487275 0.0 5.6875
-1.8237320446176366 0.0 5.6875
-1.5631988953865457 0.0 5.6875
-1.3026657461554547 0.0 5.6875
-1.0421325969243638 0.0 5.6875
-0.7815994476932728 0.0 5.6875
-0.5210662984621819 0.0 5.6875
-0.26053314923109094 0.0 5.6875
0.0 0.0 5.6875
0.26053314923109094 0.0 5.6875
0.5210662984621819 0.0 5.6875
0.7815994476932728 0.0 5.6875
1.0421325969243638 0.0 5.6875
1.3026657461554547 0.0 5.6875
1.5631988953865457 0.0 5.6875
1.8237320446176366 0.0 5.6875
2.0842651938487275 0.0 5.6875
-2.0761075688328723 0.18422475654519116 5.6875
-1.8165941227287632 0.20467818158203646 5.6875
-1.557080676624654 0.22087772370350975 5.6875
-1.2975672305205452 0.23370963472283227 5.6875
-1.0380537844164361 0.24370644557999727 5.6875
-0.778540338312327 0.25120685419254274 5.6875
-0.5190268922082181 0.25643000856083803 5.6875
-0.25951344610410904 0.25951344610410904 5.6875
0.0 0.26053314923109094 5.6875
0.25951344610410904 0.25951344610410904 5.6875
0.5190268922082181 0.25643000856083803 5.6875
0.778540338312327 0.25120685419254274 5.6875
1.0380537844164361 0.24370644557999727 5.6875
1.2975672305205452 0.23370963472283227 5.6875
1.557080676624654 0.22087772370350975 5.6875
1.8165941227287632 0.20467818158203646 5.6875
2.0761075688328723 0.18422475654519116 5.6875
-2.0514400684867042 0.3684495130903823 5.6875
-1.7950100599258663 0.4093563631640729 5.6875
-1.5385800513650283 0.4417554474070195 5.6875
-1.28215004280419 0.46741926944566453 5.6875
-1.0257200342433521 0.48741289115999453 5.6875
-0.7692900256825141 0.5024137083850855 5.6875
-0.5128600171216761 0.5128600171216761 5.6875
-0.25643000856083803 0.5190268922082181 5.6875
0.0 0.5210662984621819 5.6875
0.25643000856083803 0.5190268922082181 5.6875
0.5128600171216761 0.5128600171216761 5.6875
0.7692900256825141 0.5024137083850855 5.6875
1.0257200342433521 0.48741289115999453 5.6875
1.28215004280419 0.46741926944566453 5.6875
1.5385800513650283 0.4417554474070195 5.6875
1.7950100599258663 0.4093563631640729 5.6875
2.0514400684867042 0.3684495130903823 5.6875
-2.009654833540342 0.5526742696355735 5.6875
-1.758447979347799 0.6140345447461094 5.6875
-1.5072411251552564 0.6626331711105292 5.6875
-1.2560342709627137 0.7011289041684967 5.6875
-1.004827416770171 0.7311193367399917 5.6875
-0.7536205625776282 0.7536205625776282 5.6875
-0.5024137083850855 0.7692900256825141 5.6875
-0.25120685419254274 0.778540338312327 5.6875
0.0 0.7815994476932728 5.6875
0.25120685419254274 0.778540338312327 5.6875
0.5024137083850855 0.7692900256825141 5.6875
0.7536205625776282 0.7536205625776282 5.6875
1.004827416770171 0.7311193367399917 5.6875
1.2560342709627137 0.7011289041684967 5.6875
1.5072411251552564 0.6626331711105292 5.6875
1.758447979347799 0.6140345447461094 5.6875
2.009654833540342 0.5526742696355735 5.6875
-1.9496515646399781 0.7368990261807646 5.6875
-1.7059451190599808 0.8187127263281458 5.6875
-1.4622386734799835 0.883510894814039 5.6875
-1.2185322278999864 0.9348385388913291 5.6875
-0.9748257823199891 0.9748257823199891 5.6875
-0.7311193367399917 1.004827416770171 5.6875
-0.48741289115999453 1.0257200342433521 5.6875
-0.24370644557999727 1.0380537844164361 5.6875
0.0 1.0421325969243638 5.6875
0.24370644557999727 1.0380537844164361 5.6875
0.48741289115999453 1.0257200342433521 5.6875
0.7311193367399917 1.004827416770171 5.6875
0.9748257823199891 0.9748257823199891 5.6875
1.2185322278999864 0.9348385388913291 5.6875
1.4622386734799835 0.883510894814039 5.6875
1.7059451190599808 0.8187127263281458 5.6875
1.9496515646399781 0.7368990261807646 5.6875
-1.8696770777826581 0.9211237827259559 5.6875
-1.6359674430598259 1.0233909079101822 5.6875
-1.4022578083369934 1.1043886185175489 5.6875
-1.1685481736141612 1.1685481736141612 5.6875
-0.9348385388913291 1.2185322278999864 5.6875
-0.7011289041684967 1.2560342709627137 5.6875
-0.46741926944566453 1.28215004280419 5.6875
-0.23370963472283227 1.2975672305205452 5.6875
0.0 1.3026657461554547 5.6875
0.23370963472283227 1.2975672305205452 5.6875
0.46741926944566453 1.28215004280419 5.6875
0.7011289041684967 1.2560342709627137 5.6875
0.9348385388913291 1.2185322278999864 5.6875
1.1685481736141612 1.1685481736141612 5.6875
1.4022578083369934 1.1043886185175489 5.6875
1.6359674430598259 1.0233909079101822 5.6875
1.8696770777826581 0.9211237827259559 5.6875
-1.767021789628078 1.105348539271147 5.6875
-1.5461440659245684 1.2280690894922188 5.6875
-1.3252663422210584 1.3252663422210584 5.6875
-1.1043886185175489 1.4022578083369934 5.6875
-0.883510894814039 1.4622386734799835 5.6875
-0.6626331711105292 1.5072411251552564 5.6875
-0.4417554474070195 1.5385800513650283 5.6875
-0.22087772370350975 1.557080676624654 5.6875
0.0 1.5631988953865457 5.6875
0.22087772370350975 1.557080676624654 5.6875
0.4417554474070195 1.5385800513650283 5.6875
0.6626331711105292 1.5072411251552564 5.6875
0.883510894814039 1.4622386734799835 5.6875
1.1043886185175489 1.4022578083369934 5.6875
1.3252663422210584 1.3252663422210584 5.6875
1.5461440659245684 1.2280690894922188 5.6875
1.767021789628078 1.105348539271147 5.6875
-1.6374254526562917 1.2895732958163382 5.6875
-1.432747271074255 1.432747271074255 5.6875
-1.2280690894922188 1.5461440659245684 5.6875
-1.0233909079101822 1.6359674430598259 5.6875
-0.8187127263281458 1.7059451190599808 5.6875
-0.6140345447461094 1.758447979347799 5.6875
-0.4093563631640729 1.7950100599258663 5.6875
-0.20467818158203646 1.8165941227287632 5.6875
0.0 1.8237320446176366 5.6875
0.20467818158203646 1.8165941227287632 5.6875
0.4093563631640729 1.7950100599258663 5.6875
0.6140345447461094 1.758447979347799 5.6875
0.8187127263281458 1.7059451190599808 5.6875
1.0233909079101822 1.6359674430598259 5.6875
1.2280690894922188 1.5461440659245684 5.6875
1.432747271074255 1.432747271074255 5.6875
1.6374254526562917 1.2895732958163382 5.6875
-1.4737980523615293 1.4737980523615293 5.6875
-1.2895732958163382 1.6374254526562917 5.6875
-1.105348539271147 1.767021789628078 5.6875
-0.9211237827259559 1.8696770777826581 5.6875
-0.7368990261807646 1.9496515646399781 5.6875
-0.5526742696355735 2.009654833540342 5.6875
-0.3684495130903823 2.0514400684867042 5.6875
-0.18422475654519116 2.0761075688328723 5.6875
0.0 2.0842651938487275 5.6875
0.18422475654519116 2.0761075688328723 5.6875
0.3684495130903823 2.0514400684867042 5.6875
0.5526742696355735 2.009654833540342 5.6875
0.7368990261807646 1.9496515646399781 5.6875
0.9211237827259559 1.8696770777826581 5.6875
1.105348539271147 1.767021789628078 5.6875
1.2895732958163382 1.6374254526562917 5.6875
1.4737980523615293 1.4737980523615293 5.6875
-1.4559606997197012 -1.4559606997197012 5.90625
-1.2739656122547385 -1.6176077203849433 5.90625
-1.091970524789776 -1.7456355551050466 5.90625
-0.9099754373248132 -1.8470484080613798 5.90625
-0.7279803498598506 -1.9260549650709589 5.90625
-0.545985262394888 -1.9853320154332241 5.90625
-0.3639901749299253 -2.0266115243951037 5.90625
-0.18199508746496265 -2.0509804744061273 5.90625
0.0 -2.0590393678258225 5.90625
0.18199508746496265 -2.0509804744061273 5.90625
0.3639901749299253 -2.0266115243951037 5.90625
0.545985262394888 -1.9853320154332241 5.90625
0.7279803498598506 -1.9260549650709589 5.90625
0.9099754373248132 -1.8470484080613798 5.90625
1.091970524789776 -1.7456355551050466 5.90625
1.2739656122547385 -1.6176077203849433 5.90625
1.4559606997197012 -1.4559606997197012 5.90625
-1.6176077203849433 -1.2739656122547385 5.90625
-1.4154067553368253 -1.4154067553368253 5.90625
-1.2132057902887075 -1.527431110716916 5.90625
-1.0110048252405894 -1.6161673570537074 5.90625
-0.8088038601924716 -1.685298094437089 5.90625
-0.6066028951443537 -1.7371655135040711 5.90625
-0.4044019300962358 -1.7732850838457157 5.90625
-0.2022009650481179 -1.7946079151053616 5.90625
0.0 -1.8016594468475948 5.90625
0.2022009650481179 -1.7946079151053616 5.90625
0.4044019300962358 -1.7732850838457157 5.90625
0.6066028951443537 -1.7371655135040711 5.90625
0.8088038601924716 -1.685298094437089 5.90625
1.0110048252405894 -1.6161673570537074 5.90625
1.2132057902887075 -1.527431110716916 5.90625
1.4154067553368253 -1.4154067553368253 5.90625
1.6176077203849433 -1.2739656122547385 5.90625
-1.7456355551050466 -1.091970524789776 5.90625
-1.527431110716916 -1.2132057902887075 5.90625
-1.309226666328785 -1.309226666328785 5.90625
-1.0910222219406542 -1.3852863060460348 5.90625
-0.8728177775525233 -1.4445412238032191 5.90625
-0.6546133331643925 -1.488999011574918 5.90625
-0.43640888877626166 -1.5199586432963277 5.90625
-0.21820444438813083 -1.5382353558045956 5.90625
0.0 -1.544279525869367 5.90625
0.21820444438813083 -1.5382353558045956 5.90625
0.43640888877626166 -1.5199586432963277 5.90625
0.6546133331643925 -1.488999011574918 5.90625
0.8728177775525233 -1.4445412238032191 5.90625
1.0910222219406542 -1.3852863060460348 5.90625
1.309226666328785 -1.309226666328785 5.90625
1.527431110716916 -1.2132057902887075 5.90625
1.7456355551050466 -1.091970524789776 5.90625
-1.8470484080613798 -0.9099754373248132 5.90625
-1.6161673570537074 -1.0110048252405894 5.90625
-1.3852863060460348 -1.0910222219406542 5.90625
-1.1544052550383623 -1.1544052550383623 5.90625
-0.9235242040306899 -1.2037843531693493 5.90625
-0.6926431530230174 -1.2408325096457653 5.90625
-0.46176210201534496 -1.2666322027469397 5.90625
-0.23088105100767248 -1.2818627965038298 5.90625
0.0 -1.286899604891139 5.90625
0.23088105100767248 -1.2818627965038298 5.90625
0.46176210201534496 -1.2666322027469397 5.90625
0.6926431530230174 -1.2408325096457653 5.90625
0.9235242040306899 -1.2037843531693493 5.90625
1.1544052550383623 -1.1544052550383623 5.90625
1.3852863060460348 -1.0910222219406542 5.90625
1.6161673570537074 -1.0110048252405894 5.90625
1.8470484080613798 -0.9099754373248132 5.90625
-1.9260549650709589 -0.7279803498598506 5.90625
-1.685298094437089 -0.8088038601924716 5.90625
-1.4445412238032191 -0.8728177775525233 5.90625
-1.2037843531693493 -0.9235242040306899 5.90625
-0.9630274825354794 -0.9630274825354794 5.90625
-0.7222706119016096 -0.9926660077166121 5.90625
-0.4815137412677397 -1.0133057621975519 5.90625
-0.24075687063386986 -1.0254902372030636 5.90625
0.0 -1.0295196839129113 5.90625
0.24075687063386986 -1.0254902372030636 5.90625
0.4815137412677397 -1.0133057621975519 5.90625
0.7222706119016096 -0.9926660077166121 5.90625
0.9630274825354794 -0.9630274825354794 5.90625
1.2037843531693493 -0.9235242040306899 5.90625
1.4445412238032191 -0.8728177775525233 5.90625
1.685298094437089 -0.8088038601924716 5.90625
1.9260549650709589 -0.7279803498598506 5.90625
-1.9853320154332241 -0.545985262394888 5.90625
-1.7371655135040711 -0.6066028951443537 5.90625
-1.488999011574918 -0.6546133331643925 5.90625
-1.2408325096457653 -0.6926431530230174 5.90625
-0.9926660077166121 -0.7222706119016096 5.90625
-0.744499505787459 -0.744499505787459 5.90625
-0.49633300385830603 -0.7599793216481638 5.90625
-0.24816650192915302 -0.7691176779022978 5.90625
0.0 -0.7721397629346834 5.90625
0.24816650192915302 -0.7691176779022978 5.90625
0.49633300385830603 -0.7599793216481638 5.90625
0.744499505787459 -0.744499505787459 5.90625
0.9926660077166121 -0.7222706119016096 5.90625
1.2408325096457653 -0.6926431530230174 5.90625
1.488999011574918 -0.6546133331643925 5.90625
1.7371655135040711 -0.6066028951443537 5.90625
1.9853320154332241 -0.545985262394888 5.90625
-2.0266115243951037 -0.3639901749299253 5.90625
-1.7732850838457157 -0.4044019300962358 5.90625
-1.5199586432963277 -0.43640888877626166 5.90625
-1.2666322027469397 -0.46176210201534496 5.90625
-1.0133057621975519 -0.4815137412677397 5.90625
-0.7599793216481638 -0.49633300385830603 5.90625
-0.5066528810987759 -0.5066528810987759 5.90625
-0.25332644054938797 -0.5127451186015318 5.90625
0.0 -0.5147598419564556 5.90625
0.25332644054938797 -0.5127451186015318 5.90625
0.5066528810987759 -0.5066528810987759 5.90625
0.7599793216481638 -0.49633300385830603 5.90625
1.0133057621975519 -0.4815137412677397 5.90625
1.2666322027469397 -0.46176210201534496 5.90625
1.5199586432963277 -0.43640888877626166 5.90625
1.7732850838457157 -0.4044019300962358 5.90625
2.0266115243951037 -0.3639901749299253 5.90625
-2.0509804744061273 -0.18199508746496265 5.90625
-1.7946079151053616 -0.2022009650481179 5.90625
-1.5382353558045956 -0.21820444438813083 5.90625
-1.2818627965038298 -0.23088105100767248 5.90625
-1.0254902372030636 -0.24075687063386986 5.90625
-0.7691176779022978 -0.24816650192915302 5.90625
-0.5127451186015318 -0.25332644054938797 5.90625
-0.2563725593007659 -0.2563725593007659 5.90625
0.0 -0.2573799209782278 5.90625
0.2563725593007659 -0.2563725593007659 5.90625
0.5127451186015318 -0.25332644054938797 5.90625
0.7691176779022978 -0.24816650192915302 5.90625
1.0254902372030636 -0.24075687063386986 5.90625
1.2818627965038298 -0.23088105100767248 5.90625
1.5382353558045956 -0.21820444438813083 5.90625
1.7946079151053616 -0.2022009650481179 5.90625
2.0509804744061273 -0.18199508746496265 5.90625
-2.0590393678258225 0.0 5.90625
-1.8016594468475948 0.0 5.90625
-1.544279525869367 0.0 5.90625
-1.286899604891139 0.0 5.90625
-1.0295196839129113 0.0 5.90625
-0.7721397629346834 0.0 5.90625
-0.5147598419564556 0.0 5.90625
-0.2573799209782278 0.0 5.90625
0.0 0.0 5.90625
0.2573799209782278 0.0 5.90625
0.5147598419564556 0.0 5.90625
0.7721397629346834 0.0 5.90625
1.0295196839129113 0.0 5.90625
1.286899604891139 0.0 5.90625
1.544279525869367 0.0 5.90625
1.8016594468475948 0.0 5.90625
2.0590393678258225 0.0 5.90625
-2.0509804744061273 0.18199508746496265 5.90625
-1.7946079151053616 0.2022009650481179 5.90625
-1.5382353558045956 0.21820444438813083 5.90625
-1.2818627965038298 0.23088105100767248 5.90625
-1.0254902372030636 0.24075687063386986 5.90625
-0.7691176779022978 0.24816650192915302 5.90625
-0.5127451186015318 0.25332644054938797 5.90625
-0.2563725593007659 0.2563725593007659 5.90625
0.0 0.2573799209782278 5.90625
0.2563725593007659 0.2563725593007659 5.90625
0.5127451186015318 0.25332644054938797 5.90625
0.7691176779022978 0.24816650192915302 5.90625
1.0254902372030636 0.24075687063386986 5.90625
1.2818627965038298 0.23088105100767248 5.90625
1.5382353558045956 0.21820444438813083 5.90625
1.7946079151053616 0.2022009650481179 5.90625
2.0509804744061273 0.18199508746496265 5.90625
-2.0266115243951037 0.3639901749299253 5.90625
-1.7732850838457157 0.4044019300962358 5.90625
-1.5199586432963277 0.43640888877626166 5.90625
-1.2666322027469397 0.46176210201534496 5.90625
-1.0133057621975519 0.4815137412677397 5.90625
-0.7599793216481638 0.49633300385830603 5.90625
-0.5066528810987759 0.5066528810987759 5.90625
-0.25332644054938797 0.5127451186015318 5.90625
0.0 0.5147598419564556 5.90625
0.25332644054938797 0.5127451186015318 5.90625
0.5066528810987759 0.5066528810987759 5.90625
0.7599793216481638 0.49633300385830603 5.90625
1.0133057621975519 0.4815137412677397 5.90625
1.2666322027469397 0.46176210201534496 5.90625
1.5199586432963277 0.43640888877626166 5.90625
1.7732850838457157 0.4044019300962358 5.90625
2.0266115243951037 0.3639901749299253 5.90625
-1.9853320154332241 0.545985262394888 5.90625
-1.7371655135040711 0.6066028951443537 5.90625
-1.488999011574918 0.6546133331643925 5.90625
-1.2408325096457653 0.6926431530230174 5.90625
-0.9926660077166121 0.7222706119016096 5.90625
-0.744499505787459 0.744499505787459 5.90625
-0.49633300385830603 0.7599793216481638 5.90625
-0.24816650192915302 0.7691176779022978 5.90625
0.0 0.7721397629346834 5.90625
0.24816650192915302 0.7691176779022978 5.90625
0.49633300385830603 0.7599793216481638 5.90625
0.744499505787459 0.744499505787459 5.90625
0.9926660077166121 0.7222706119016096 5.90625
1.2408325096457653 0.6926431530230174 5.90625
1.488999011574918 0.6546133331643925 5.90625
1.7371655135040711 0.6066028951443537 5.90625
1.9853320154332241 0.545985262394888 5.90625
-1.9260549650709589 0.7279803498598506 5.90625
-1.685298094437089 0.8088038601924716 5.90625
-1.4445412238032191 0.8728177775525233 5.90625
-1.2037843531693493 0.9235242040306899 5.90625
-0.9630274825354794 0.9630274825354794 5.90625
-0.7222706119016096 0.9926660077166121 5.90625
-0.4815137412677397 1.0133057621975519 5.90625
-0.24075687063386986 1.0254902372030636 5.90625
0.0 1.0295196839129113 5.90625
0.24075687063386986 1.0254902372030636 5.90625
0.4815137412677397 1.0133057621975519 5.90625
0.7222706119016096 0.9926660077166121 5.90625
0.9630274825354794 0.9630274825354794 5.90625
1.2037843531693493 0.9235242040306899 5.90625
1.4445412238032191 0.8728177775525233 5.90625
1.685298094437089 0.8088038601924716 5.90625
1.9260549650709589 0.7279803498598506 5.90625
-1.8470484080613798 0.9099754373248132 5.90625
-1.6161673570537074 1.0110048252405894 5.90625
-1.3852863060460348 1.0910222219406542 5.90625
-1.1544052550383623 1.1544052550383623 5.90625
-0.9235242040306899 1.2037843531693493 5.90625
-0.6926431530230174 1.2408325096457653 5.90625
-0.46176210201534496 1.2666322027469397 5.90625
-0.23088105100767248 1.2818627965038298 5.90625
0.0 1.286899604891139 5.90625
0.23088105100767248 1.2818627965038298 5.90625
0.46176210201534496 1.2666322027469397 5.90625
0.6926431530230174 1.2408325096457653 5.90625
0.9235242040306899 1.2037843531693493 5.90625
1.1544052550383623 1.1544052550383623 5.90625
1.3852863060460348 1.0910222219406542 5.90625
1.6161673570537074 1.0110048252405894 5.90625
1.8470484080613798 0.9099754373248132 5.90625
-1.7456355551050466 1.091970524789776 5.90625
-1.527431110716916 1.2132057902887075 5.90625
-1.309226666328785 1.309226666328785 5.90625
-1.0910222219406542 1.3852863060460348 5.90625
-0.8728177775525233 1.4445412238032191 5.90625
-0.6546133331643925 1.488999011574918 5.90625
-0.43640888877626166 1.5199586432963277 5.90625
-0.21820444438813083 1.5382353558045956 5.90625
0.0 1.544279525869367 5.90625
0.21820444438813083 1.5382353558045956 5.90625
0.43640888877626166 1.5199586432963277 5.90625
0.6546133331643925 1.488999011574918 5.90625
0.8728177775525233 1.4445412238032191 5.90625
1.0910222219406542 1.3852863060460348 5.90625
1.309226666328785 1.309226666328785 5.90625
1.527431110716916 1.2132057902887075 5.90625
1.7456355551050466 1.091970524789776 5.90625
-1.6176077203849433 1.2739656122547385 5.90625
-1.4154067553368253 1.4154067553368253 5.90625
-1.2132057902887075 1.527431110716916 5.90625
-1.0110048252405894 1.6161673570537074 5.90625
-0.8088038601924716 1.685298094437089 5.90625
-0.6066028951443537 1.7371655135040711 5.90625
-0.4044019300962358 1.7732850838457157 5.90625
-0.2022009650481179 1.7946079151053616 5.90625
0.0 1.8016594468475948 5.90625
0.2022009650481179 1.7946079151053616 5.90625
0.4044019300962358 1.7732850838457157 5.90625
0.6066028951443537 1.7371655135040711 5.90625
0.8088038601924716 1.685298094437089 5.90625
1.0110048252405894 1.6161673570537074 5.90625
1.2132057902887075 1.527431110716916 5.90625
1.4154067553368253 1.4154067553368253 5.90625
1.6176077203849433 1.2739656122547385 5.90625
-1.4559606997197012 1.4559606997197012 5.90625
-1.2739656122547385 1.6176077203849433 5.90625
-1.091970524789776 1.7456355551050466 5.90625
-0.9099754373248132 1.8470484080613798 5.90625
-0.7279803498598506 1.9260549650709589 5.90625
-0.545985262394888 1.9853320154332241 5.90625
-0.3639901749299253 2.0266115243951037 5.90625
-0.18199508746496265 2.0509804744061273 5.90625
0.0 2.0590393678258225 5.90625
0.18199508746496265 2.0509804744061273 5.90625
0.3639901749299253 2.0266115243951037 5.90625
0.545985262394888 1.9853320154332241 5.90625
0.7279803498598506 1.9260549650709589 5.90625
0.9099754373248132 1.8470484080613798 5.90625
1.091970524789776 1.7456355551050466 5.90625
1.2739656122547385 1.6176077203849433 5.90625
1.4559606997197012 1.4559606997197012 5.90625
-1.4411262117472747 -1.4411262117472747 6.125
-1.2609854352788652 -1.6011262437374112 6.125
-1.080844658810456 -1.7278496288424552 6.125
-0.9007038823420467 -1.8282292068294024 6.125
-0.7205631058736374 -1.9064307820699493 6.125
-0.540422329405228 -1.965103870600821 6.125
-0.3602815529368187 -2.005962791026677 6.125
-0.18014077646840934 -2.030083450753555 6.125
0.0 -2.0380602337443565 6.125
0.18014077646840934 -2.030083450753555 6.125
0.3602815529368187 -2.005962791026677 6.125
0.540422329405228 -1.965103870600821 6.125
0.7205631058736374 -1.9064307820699493 6.125
0.9007038823420467 -1.8282292068294024 6.125
1.080844658810456 -1.7278496288424552 6.125
1.2609854352788652 -1.6011262437374112 6.125
1.4411262117472747 -1.4411262117472747 6.125
-1.6011262437374112 -1.2609854352788652 6.125
-1.4009854632702348 -1.4009854632702348 6.125
-1.2008446828030586 -1.5118684252371484 6.125
-1.000703902335882 -1.599700555975727 6.125
-0.8005631218687056 -1.6681269343112057 6.125
-0.6004223414015293 -1.7194658867757182 6.125
-0.4002815609343528 -1.7552174421483424 6.125
-0.2001407804671764 -1.7763230194093602 6.125
0.0 -1.783302704526312 6.125
0.2001407804671764 -1.7763230194093602 6.125
0.4002815609343528 -1.7552174421483424 6.125
0.6004223414015293 -1.7194658867757182 6.125
0.8005631218687056 -1.6681269343112057 6.125
1.000703902335882 -1.599700555975727 6.125
1.2008446828030586 -1.5118684252371484 6.125
1.4009854632702348 -1.4009854632702348 6.125
1.6011262437374112 -1.2609854352788652 6.125
-1.7278496288424552 -1.080844658810456 6.125
-1.5118684252371484 -1.2008446828030586 6.125
-1.2958872216318413 -1.2958872216318413 6.125
-1.0799060180265345 -1.3711719051220517 6.125
-0.8639248144212276 -1.429823086552462 6.125
-0.6479436108159207 -1.4738279029506158 6.125
-0.4319624072106138 -1.5044720932700077 6.125
-0.2159812036053069 -1.5225625880651659 6.125
0.0 -1.5285451753082673 6.125
0.2159812036053069 -1.5225625880651659 6.125
0.4319624072106138 -1.5044720932700077 6.125
0.6479436108159207 -1.4738279029506158 6.125
0.8639248144212276 -1.429823086552462 6.125
1.0799060180265345 -1.3711719051220517 6.125
1.2958872216318413 -1.2958872216318413 6.125
1.5118684252371484 -1.2008446828030586 6.125
1.7278496288424552 -1.080844658810456 6.125
-1.8282292068294024 -0.9007038823420467 6.125
-1.599700555975727 -1.000703902335882 6.125
-1.3711719051220517 -1.0799060180265345 6.125
-1.1426432542683764 -1.1426432542683764 6.125
-0.9141146034147012 -1.1915192387937183 6.125
-0.6855859525610258 -1.2281899191255132 6.125
-0.4570573017073506 -1.253726744391673 6.125
-0.2285286508536753 -1.2688021567209717 6.125
0.0 -1.2737876460902229 6.125
0.2285286508536753 -1.2688021567209717 6.125
0.4570573017073506 -1.253726744391673 6.125
0.6855859525610258 -1.2281899191255132 6.125
0.9141146034147012 -1.1915192387937183 6.125
1.1426432542683764 -1.1426432542683764 6.125
1.3711719051220517 -1.0799060180265345 6.125
1.599700555975727 -1.000703902335882 6.125
1.8282292068294024 -0.9007038823420467 6.125
-1.9064307820699493 -0.7205631058736374 6.125
-1.6681269343112057 -0.8005631218687056 6.125
-1.429823086552462 -0.8639248144212276 6.125
-1.1915192387937183 -0.9141146034147012 6.125
-0.9532153910349747 -0.9532153910349747 6.125
-0.714911543276231 -0.9825519353004105 6.125
-0.47660769551748733 -1.0029813955133384 6.125
-0.23830384775874366 -1.0150417253767774 6.125
0.0 -1.0190301168721783 6.125
0.23830384775874366 -1.0150417253767774 6.125
0.47660769551748733 -1.0029813955133384 6.125
0.714911543276231 -0.9825519353004105 6.125
0.9532153910349747 -0.9532153910349747 6.125
1.1915192387937183 -0.9141146034147012 6.125
1.429823086552462 -0.8639248144212276 6.125
1.6681269343112057 -0.8005631218687056 6.125
1.9064307820699493 -0.7205631058736374 6.125
-1.965103870600821 -0.540422329405228 6.125
-1.7194658867757182 -0.6004223414015293 6.125
-1.4738279029506158 -0.6479436108159207 6.125
-1.2281899191255132 -0.6855859525610258 6.125
-0.9825519353004105 -0.714911543276231 6.125
-0.7369139514753079 -0.7369139514753079 6.125
-0.49127596765020526 -0.7522360466350039 6.125
-0.24563798382510263 -0.7612812940325829 6.125
0.0 -0.7642725876541336 6.125
0.24563798382510263 -0.7612812940325829 6.125
0.49127596765020526 -0.7522360466350039 6.125
0.7369139514753079 -0.7369139514753079 6.125
0.9825519353004105 -0.714911543276231 6.125
1.2281899191255132 -0.6855859525610258 6.125
1.4738279029506158 -0.6479436108159207 6.125
1.7194658867757182 -0.6004223414015293 6.125
1.965103870600821 -0.540422329405228 6.125
-2.005962791026677 -0.3602815529368187 6.125
-1.7552174421483424 -0.4002815609343528 6.125
-1.5044720932700077 -0.4319624072106138 6.125
-1.253726744391673 -0.4570573017073506 6.125
-1.0029813955133384 -0.47660769551748733 6.125
-0.7522360466350039 -0.49127596765020526 6.125
-0.5014906977566692 -0.5014906977566692 6.125
-0.2507453488783346 -0.5075208626883887 6.125
0.0 -0.5095150584360891 6.125
0.2507453488783346 -0.5075208626883887 6.125
0.5014906977566692 -0.5014906977566692 6.125
0.7522360466350039 -0.49127596765020526 6.125
1.0029813955133384 -0.47660769551748733 6.125
1.253726744391673 -0.4570573017073506 6.125
1.5044720932700077 -0.4319624072106138 6.125
1.7552174421483424 -0.4002815609343528 6.125
2.005962791026677 -0.3602815529368187 6.125
-2.030083450753555 -0.18014077646840934 6.125
-1.7763230194093602 -0.2001407804671764 6.125
-1.5225625880651659 -0.2159812036053069 6.125
-1.2688021567209717 -0.2285286508536753 6.125
-1.0150417253767774 -0.23830384775874366 6.125
-0.7612812940325829 -0.24563798382510263 6.125
-0.5075208626883887 -0.2507453488783346 6.125
-0.25376043134419435 -0.25376043134419435 6.125
0.0 -0.25475752921804456 6.125
0.25376043134419435 -0.25376043134419435 6.125
0.5075208626883887 -0.2507453488783346 6.125
0.7612812940325829 -0.24563798382510263 6.125
1.0150417253767774 -0.23830384775874366 6.125
1.2688021567209717 -0.2285286508536753 6.125
1.5225625880651659 -0.2159812036053069 6.125
1.7763230194093602 -0.2001407804671764 6.125
2.030083450753555 -0.18014077646840934 6.125
-2.0380602337443565 0.0 6.125
-1.783302704526312 0.0 6.125
-1.5285451753082673 0.0 6.125
-1.2737876460902229 0.0 6.125
-1.0190301168721783 0.0 6.125
-0.7642725876541336 0.0 6.125
-0.5095150584360891 0.0 6.125
-0.25475752921804456 0.0 6.125
0.0 0.0 6.125
0.25475752921804456 0.0 6.125
0.5095150584360891 0.0 6.125
0.7642725876541336 0.0 6.125
1.0190301168721783 0.0 6.125
1.2737876460902229 0.0 6.125
1.5285451753082673 0.0 6.125
1.783302704526312 0.0 6.125
2.0380602337443565 0.0 6.125
-2.030083450753555 0.18014077646840934 6.125
-1.7763230194093602 0.2001407804671764 6.125
-1.5225625880651659 0.2159812036053069 6.125
-1.2688021567209717 0.2285286508536753 6.125
-1.0150417253767774 0.23830384775874366 6.125
-0.7612812940325829 0.24563798382510263 6.125
-0.5075208626883887 0.2507453488783346 6.125
-0.25376043134419435 0.25376043134419435 6.125
0.0 0.25475752921804456 6.125
0.25376043134419435 0.25376043134419435 6.125
0.5075208626883887 0.2507453488783346 6.125
0.7612812940325829 0.24563798382510263 6.125
1.0150417253767774 0.23830384775874366 6.125
1.2688021567209717 0.2285286508536753 6.125
1.5225625880651659 0.2159812036053069 6.125
1.7763230194093602 0.2001407804671764 6.125
2.030083450753555 0.18014077646840934 6.125
-2.005962791026677 0.3602815529368187 6.125
-1.7552174421483424 0.4002815609343528 6.125
-1.5044720932700077 0.4319624072106138 6.125
-1.253726744391673 0.4570573017073506 6.125
-1.0029813955133384 0.47660769551748733 6.125
-0.7522360466350039 0.49127596765020526 6.125
-0.5014906977566692 0.5014906977566692 6.125
-0.2507453488783346 0.5075208626883887 6.125
0.0 0.5095150584360891 6.125
0.2507453488783346 0.5075208626883887 6.125
0.5014906977566692 0.5014906977566692 6.125
0.7522360466350039 0.49127596765020526 6.125
1.0029813955133384 0.47660769551748733 6.125
1.253726744391673 0.4570573017073506 6.125
1.5044720932700077 0.4319624072106138 6.125
1.7552174421483424 0.4002815609343528 6.125
2.005962791026677 0.3602815529368187 6.125
-1.965103870600821 0.540422329405228 6.125
-1.7194658867757182 0.6004223414015293 6.125
-1.4738279029506158 0.6479436108159207 6.125
-1.2281899191255132 0.6855859525610258 6.125
-0.9825519353004105 0.714911543276231 6.125
-0.7369139514753079 0.7369139514753079 6.125
-0.49127596765020526 0.7522360466350039 6.125
-0.24563798382510263 0.7612812940325829 6.125
0.0 0.7642725876541336 6.125
0.24563798382510263 0.7612812940325829 6.125
0.49127596765020526 0.7522360466350039 6.125
0.7369139514753079 0.7369139514753079 6.125
0.9825519353004105 0.714911543276231 6.125
1.2281899191255132 0.6855859525610258 6.125
1.4738279029506158 0.6479436108159207 6.125
1.7194658867757182 0.6004223414015293 6.125
1.965103870600821 0.540422329405228 6.125
-1.9064307820699493 0.7205631058736374 6.125
-1.6681269343112057 0.8005631218687056 6.125
-1.429823086552462 0.8639248144212276 6.125
-1.1915192387937183 0.9141146034147012 6.125
-0.9532153910349747 0.9532153910349747 6.125
-0.714911543276231 0.9825519353004105 6.125
-0.47660769551748733 1.0029813955133384 6.125
-0.23830384775874366 1.0150417253767774 6.125
0.0 1.0190301168721783 6.125
0.23830384775874366 1.0150417253767774 6.125
0.47660769551748733 1.0029813955133384 6.125
0.714911543276231 0.9825519353004105 6.125
0.9532153910349747 0.9532153910349747 6.125
1.1915192387937183 0.9141146034147012 6.125
1.429823086552462 0.8639248144212276 6.125
1.6681269343112057 0.8005631218687056 6.125
1.9064307820699493 0.7205631058736374 6.125
-1.8282292068294024 0.9007038823420467 6.125
-1.599700555975727 1.000703902335882 6.125
-1.3711719051220517 1.0799060180265345 6.125
-1.1426432542683764 1.1426432542683764 6.125
-0.9141146034147012 1.1915192387937183 6.125
-0.6855859525610258 1.2281899191255132 6.125
-0.4570573017073506 1.253726744391673 6.125
-0.2285286508536753 1.2688021567209717 6.125
0.0 1.2737876460902229 6.125
0.2285286508536753 1.2688021567209717 6.125
0.4570573017073506 1.253726744391673 6.125
0.6855859525610258 1.2281899191255132 6.125
0.9141146034147012 1.1915192387937183 6.125
1.1426432542683764 1.1426432542683764 6.125
1.3711719051220517 1.0799060180265345 6.125
1.599700555975727 1.000703902335882 6.125
1.8282292068294024 0.9007038823420467 6.125
-1.7278496288424552 1.080844658810456 6.125
-1.5118684252371484 1.2008446828030586 6.125
-1.2958872216318413 1.2958872216318413 6.125
-1.0799060180265345 1.3711719051220517 6.125
-0.8639248144212276 1.429823086552462 6.125
-0.6479436108159207 1.4738279029506158 6.125
-0.4319624072106138 1.5044720932700077 6.125
-0.2159812036053069 1.5225625880651659 6.125
0.0 1.5285451753082673 6.125
0.2159812036053069 1.5225625880651659 6.125
0.4319624072106138 1.5044720932700077 6.125
0.6479436108159207 1.4738279029506158 6.125
0.8639248144212276 1.429823086552462 6.125
1.0799060180265345 1.3711719051220517 6.125
1.2958872216318413 1.2958872216318413 6.125
1.5118684252371484 1.2008446828030586 6.125
1.7278496288424552 1.080844658810456 6.125
-1.6011262437374112 1.2609854352788652 6.125
-1.4009854632702348 1.4009854632702348 6.125
-1.2008446828030586 1.5118684252371484 6.125
-1.000703902335882 1.599700555975727 6.125
-0.8005631218687056 1.6681269343112057 6.125
-0.6004223414015293 1.7194658867757182 6.125
-0.4002815609343528 1.7552174421483424 6.125
-0.2001407804671764 1.7763230194093602 6.125
0.0 1.783302704526312 6.125
0.2001407804671764 1.7763230194093602 6.125
0.4002815609343528 1.7552174421483424 6.125
0.6004223414015293 1.7194658867757182 6.125
0.8005631218687056 1.6681269343112057 6.125
1.000703902335882 1.599700555975727 6.125
1.2008446828030586 1.5118684252371484 6.125
1.4009854632702348 1.4009854632702348 6.125
1.6011262437374112 1.2609854352788652 6.125
-1.4411262117472747 1.4411262117472747 6.125
-1.2609854352788652 1.6011262437374112 6.125
-1.080844658810456 1.7278496288424552 6.125
-0.9007038823420467 1.8282292068294024 6.125
-0.7205631058736374 1.9064307820699493 6.125
-0.540422329405228 1.965103870600821 6.125
-0.3602815529368187 2.005962791026677 6.125
-0.18014077646840934 2.030083450753555 6.125
0.0 2.0380602337443565 6.125
0.18014077646840934 2.030083450753555 6.125
0.3602815529368187 2.005962791026677 6.125
0.540422329405228 1.965103870600821 6.125
0.7205631058736374 1.9064307820699493 6.125
0.9007038823420467 1.8282292068294024 6.125
1.080844658810456 1.7278496288424552 6.125
1.2609854352788652 1.6011262437374112 6.125
1.4411262117472747 1.4411262117472747 6.125
-1.4294374526727809 -1.4294374526727809 6.34375
-1.2507577710886832 -1.5881397483435034 6.34375
-1.0720780895045856 -1.7138352990329888 6.34375
-0.893398407920488 -1.8134007132822116 6.34375
-0.7147187263363904 -1.890968007246919 6.34375
-0.5360390447522928 -1.9491652071356973 6.34375
-0.3573593631681952 -1.9896927269715088 6.34375
-0.1786796815840976 -2.0136177476364034 6.34375
0.0 -2.0215298321338957 6.34375
0.1786796815840976 -2.0136177476364034 6.34375
0.3573593631681952 -1.9896927269715088 6.34375
0.5360390447522928 -1.9491652071356973 6.34375
0.7147187263363904 -1.890968007246919 6.34375
0.893398407920488 -1.8134007132822116 6.34375
1.0720780895045856 -1.7138352990329888 6.34375
1.2507577710886832 -1.5881397483435034 6.34375
1.4294374526727809 -1.4294374526727809 6.34375
-1.5881397483435034 -1.2507577710886832 6.34375
-1.3896222798005653 -1.3896222798005653 6.34375
-1.1911048112576275 -1.4996058866538653 6.34375
-0.9925873427146895 -1.5867256241219352 6.34375
-0.7940698741717517 -1.6545970063410542 6.34375
-0.5955524056288137 -1.705519556243735 6.34375
-0.39703493708587584 -1.7409811361000702 6.34375
-0.19851746854293792 -1.761915529181853 6.34375
0.0 -1.7688386031171588 6.34375
0.19851746854293792 -1.761915529181853 6.34375
0.39703493708587584 -1.7409811361000702 6.34375
0.5955524056288137 -1.705519556243735 6.34375
0.7940698741717517 -1.6545970063410542 6.34375
0.9925873427146895 -1.5867256241219352 6.34375
1.1911048112576275 -1.4996058866538653 6.34375
1.3896222798005653 -1.3896222798005653 6.34375
1.5881397483435034 -1.2507577710886832 6.34375
-1.7138352990329888 -1.0720780895045856 6.34375
-1.4996058866538653 -1.1911048112576275 6.34375
-1.2853764742747416 -1.2853764742747416 6.34375
-1.071147061895618 -1.3600505349616587 6.34375
-0.8569176495164944 -1.4182260054351894 6.34375
-0.6426882371373708 -1.461873905351773 6.34375
-0.4284588247582472 -1.4922695452286316 6.34375
-0.2142294123791236 -1.5102133107273024 6.34375
0.0 -1.5161473741004219 6.34375
0.2142294123791236 -1.5102133107273024 6.34375
0.4284588247582472 -1.4922695452286316 6.34375
0.6426882371373708 -1.461873905351773 6.34375
0.8569176495164944 -1.4182260054351894 6.34375
1.071147061895618 -1.3600505349616587 6.34375
1.2853764742747416 -1.2853764742747416 6.34375
1.4996058866538653 -1.1911048112576275 6.34375
1.7138352990329888 -1.0720780895045856 6.34375
-1.8134007132822116 -0.893398407920488 6.34375
-1.5867256241219352 -0.9925873427146895 6.34375
-1.3600505349616587 -1.071147061895618 6.34375
-1.133375445801382 -1.133375445801382 6.34375
-0.9067003566411058 -1.1818550045293246 6.34375
-0.6800252674808294 -1.2182282544598109 6.34375
-0.4533501783205529 -1.2435579543571929 6.34375
-0.22667508916027646 -1.2585110922727523 6.34375
0.0 -1.2634561450836848 6.34375
0.22667508916027646 -1.2585110922727523 6.34375
0.4533501783205529 -1.2435579543571929 6.34375
0.6800252674808294 -1.2182282544598109 6.34375
0.9067003566411058 -1.1818550045293246 6.34375
1.133375445801382 -1.133375445801382 6.34375
1.3600505349616587 -1.071147061895618 6.34375
1.5867256241219352 -0.9925873427146895 6.34375
1.8134007132822116 -0.893398407920488 6.34375
-1.890968007246919 -0.7147187263363904 6.34375
-1.6545970063410542 -0.7940698741717517 6.34375
-1.4182260054351894 -0.8569176495164944 6.34375
-1.1818550045293246 -0.9067003566411058 6.34375
-0.9454840036234595 -0.9454840036234595 6.34375
-0.7091130027175947 -0.9745826035678486 6.34375
-0.47274200181172976 -0.9948463634857544 6.34375
-0.23637100090586488 -1.0068088738182017 6.34375
0.0 -1.0107649160669478 6.34375
0.23637100090586488 -1.0068088738182017 6.34375
0.47274200181172976 -0.9948463634857544 6.34375
0.7091130027175947 -0.9745826035678486 6.34375
0.9454840036234595 -0.9454840036234595 6.34375
1.1818550045293246 -0.9067003566411058 6.34375
1.4182260054351894 -0.8569176495164944 6.34375
1.6545970063410542 -0.7940698741717517 6.34375
1.890968007246919 -0.7147187263363904 6.34375
-1.9491652071356973 -0.5360390447522928 6.34375
-1.705519556243735 -0.5955524056288137 6.34375
-1.461873905351773 -0.6426882371373708 6.34375
-1.2182282544598109 -0.6800252674808294 6.34375
-0.9745826035678486 -0.7091130027175947 6.34375
-0.7309369526758865 -0.7309369526758865 6.34375
-0.4872913017839243 -0.7461347726143158 6.34375
-0.24364565089196216 -0.7551066553636512 6.34375
0.0 -0.7580736870502109 6.34375
0.24364565089196216 -0.7551066553636512 6.34375
0.4872913017839243 -0.7461347726143158 6.34375
0.7309369526758865 -0.7309369526758865 6.34375
0.9745826035678486 -0.7091130027175947 6.34375
1.2182282544598109 -0.6800252674808294 6.34375
1.461873905351773 -0.6426882371373708 6.34375
1.705519556243735 -0.5955524056288137 6.34375
1.9491652071356973 -0.5360390447522928 6.34375
-1.9896927269715088 -0.3573593631681952 6.34375
-1.7409811361000702 -0.39703493708587584 6.34375
-1.4922695452286316 -0.4284588247582472 6.34375
-1.2435579543571929 -0.4533501783205529 6.34375
-0.9948463634857544 -0.47274200181172976 6.34375
-0.7461347726143158 -0.4872913017839243 6.34375
-0.4974231817428772 -0.4974231817428772 6.34375
-0.2487115908714386 -0.5034044369091009 6.34375
0.0 -0.5053824580334739 6.34375
0.2487115908714386 -0.5034044369091009 6.34375
0.4974231817428772 -0.4974231817428772 6.34375
0.7461347726143158 -0.4872913017839243 6.34375
0.9948463634857544 -0.47274200181172976 6.34375
1.2435579543571929 -0.4533501783205529 6.34375
1.4922695452286316 -0.4284588247582472 6.34375
1.7409811361000702 -0.39703493708587584 6.34375
1.9896927269715088 -0.3573593631681952 6.34375
-2.0136177476364034 -0.1786796815840976 6.34375
-1.761915529181853 -0.19851746854293792 6.34375
-1.5102133107273024 -0.2142294123791236 6.34375
-1.2585110922727523 -0.22667508916027646 6.34375
-1.0068088738182017 -0.23637100090586488 6.34375
-0.7551066553636512 -0.24364565089196216 6.34375
-0.5034044369091009 -0.2487115908714386 6.34375
-0.25170221845455043 -0.25170221845455043 6.34375
0.0 -0.25269122901673696 6.34375
0.25170221845455043 -0.25170221845455043 6.34375
0.5034044369091009 -0.2487115908714386 6.34375
0.7551066553636512 -0.24364565089196216 6.34375
1.0068088738182017 -0.23637100090586488 6.34375
1.2585110922727523 -0.22667508916027646 6.34375
1.5102133107273024 -0.2142294123791236 6.34375
1.761915529181853 -0.19851746854293792 6.34375
2.0136177476364034 -0.1786796815840976 6.34375
-2.0215298321338957 0.0 6.34375
-1.7688386031171588 0.0 6.34375
-1.5161473741004219 0.0 6.34375
-1.2634561450836848 0.0 6.34375
-1.0107649160669478 0.0 6.34375
-0.7580736870502109 0.0 6.34375
-0.5053824580334739 0.0 6.34375
-0.25269122901673696 0.0 6.34375
0.0 0.0 6.34375
0.25269122901673696 0.0 6.34375
0.5053824580334739 0.0 6.34375
0.7580736870502109 0.0 6.34375
1.0107649160669478 0.0 6.34375
1.2634561450836848 0.0 6.34375
1.5161473741004219 0.0 6.34375
1.7688386031171588 0.0 6.34375
2.0215298321338957 0.0 6.34375
-2.0136177476364034 0.1786796815840976 6.34375
-1.761915529181853 0.19851746854293792 6.34375
-1.5102133107273024 0.2142294123791236 6.34375
-1.2585110922727523 0.22667508916027646 6.34375
-1.0068088738182017 0.23637100090586488 6.34375
-0.7551066553636512 0.24364565089196216 6.34375
-0.5034044369091009 0.2487115908714386 6.34375
-0.25170221845455043 0.25170221845455043 6.34375
0.0 0.25269122901673696 6.34375
0.25170221845455043 0.25170221845455043 6.34375
0.5034044369091009 0.2487115908714386 6.34375
0.7551066553636512 0.24364565089196216 6.34375
1.0068088738182017 0.23637100090586488 6.34375
1.2585110922727523 0.22667508916027646 6.34375
1.5102133107273024 0.2142294123791236 6.34375
1.761915529181853 0.19851746854293792 6.34375
2.0136177476364034 0.1786796815840976 6.34375
-1.9896927269715088 0.3573593631681952 6.34375
-1.7409811361000702 0.39703493708587584 6.34375
-1.4922695452286316 0.4284588247582472 6.34375
-1.2435579543571929 0.4533501783205529 6.34375
-0.9948463634857544 0.47274200181172976 6.34375
-0.7461347726143158 0.4872913017839243 6.34375
-0.4974231817428772 0.4974231817428772 6.34375
-0.2487115908714386 0.5034044369091009 6.34375
0.0 0.5053824580334739 6.34375
0.2487115908714386 0.5034044369091009 6.34375
0.4974231817428772 0.4974231817428772 6.34375
0.7461347726143158 0.4872913017839243 6.34375
0.9948463634857544 0.47274200181172976 6.34375
1.2435579543571929 0.4533501783205529 6.34375
1.4922695452286316 0.4284588247582472 6.34375
1.7409811361000702 0.39703493708587584 6.34375
1.9896927269715088 0.3573593631681952 6.34375
-1.9491652071356973 0.5360390447522928 6.34375
-1.705519556243735 0.5955524056288137 6.34375
-1.461873905351773 0.6426882371373708 6.34375
-1.2182282544598109 0.6800252674808294 6.34375
-0.9745826035678486 0.7091130027175947 6.34375
-0.7309369526758865 0.7309369526758865 6.34375
-0.4872913017839243 0.7461347726143158 6.34375
-0.24364565089196216 0.7551066553636512 6.34375
0.0 0.7580736870502109 6.34375
0.24364565089196216 0.7551066553636512 6.34375
0.4872913017839243 0.7461347726143158 6.34375
0.7309369526758865 0.7309369526758865 6.34375
0.9745826035678486 0.7091130027175947 6.34375
1.2182282544598109 0.6800252674808294 6.34375
1.461873905351773 0.6426882371373708 6.34375
1.705519556243735 0.5955524056288137 6.34375
1.9491652071356973 0.5360390447522928 6.34375
-1.890968007246919 0.7147187263363904 6.34375
-1.6545970063410542 0.7940698741717517 6.34375
-1.4182260054351894 0.8569176495164944 6.34375
-1.1818550045293246 0.9067003566411058 6.34375
-0.9454840036234595 0.9454840036234595 6.34375
-0.7091130027175947 0.9745826035678486 6.34375
-0.47274200181172976 0.9948463634857544 6.34375
-0.23637100090586488 1.0068088738182017 6.34375
0.0 1.0107649160669478 6.34375
0.23637100090586488 1.0068088738182017 6.34375
0.47274200181172976 0.9948463634857544 6.34375
0.7091130027175947 0.9745826035678486 6.34375
0.9454840036234595 0.9454840036234595 6.34375
1.1818550045293246 0.9067003566411058 6.34375
1.4182260054351894 0.8569176495164944 6.34375
1.6545970063410542 0.7940698741717517 6.34375
1.890968007246919 0.7147187263363904 6.34375
-1.8134007132822116 0.893398407920488 6.34375
-1.5867256241219352 0.9925873427146895 6.34375
-1.3600505349616587 1.071147061895618 6.34375
-1.133375445801382 1.133375445801382 6.34375
-0.9067003566411058 1.1818550045293246 6.34375
-0.6800252674808294 1.2182282544598109 6.34375
-0.4533501783205529 1.2435579543571929 6.34375
-0.22667508916027646 1.2585110922727523 6.34375
0.0 1.2634561450836848 6.34375
0.22667508916027646 1.2585110922727523 6.34375
0.4533501783205529 1.2435579543571929 6.34375
0.6800252674808294 1.2182282544598109 6.34375
0.9067003566411058 1.1818550045293246 6.34375
1.133375445801382 1.133375445801382 6.34375
1.3600505349616587 1.071147061895618 6.34375
1.5867256241219352 0.9925873427146895 6.34375
1.8134007132822116 0.893398407920488 6.34375
-1.7138352990329888 1.0720780895045856 6.34375
-1.4996058866538653 1.1911048112576275 6.34375
-1.2853764742747416 1.2853764742747416 6.34375
-1.071147061895618 1.3600505349616587 6.34375
-0.8569176495164944 1.4182260054351894 6.34375
-0.6426882371373708 1.461873905351773 6.34375
-0.4284588247582472 1.4922695452286316 6.34375
-0.2142294123791236 1.5102133107273024 6.34375
0.0 1.5161473741004219 6.34375
0.2142294123791236 1.5102133107273024 6.34375
0.4284588247582472 1.4922695452286316 6.34375
0.6426882371373708 1.461873905351773 6.34375
0.8569176495164944 1.4182260054351894 6.34375
1.071147061895618 1.3600505349616587 6.34375
1.2853764742747416 1.2853764742747416 6.34375
1.4996058866538653 1.1911048112576275 6.34375
1.7138352990329888 1.0720780895045856 6.34375
-1.5881397483435034 1.2507577710886832 6.34375
-1.3896222798005653 1.3896222798005653 6.34375
-1.1911048112576275 1.4996058866538653 6.34375
-0.9925873427146895 1.5867256241219352 6.34375
-0.7940698741717517 1.6545970063410542 6.34375
-0.5955524056288137 1.705519556243735 6.34375
-0.39703493708587584 1.7409811361000702 6.34375
-0.19851746854293792 1.761915529181853 6.34375
0.0 1.7688386031171588 6.34375
0.19851746854293792 1.761915529181853 6.34375
0.39703493708587584 1.7409811361000702 6.34375
0.5955524056288137 1.705519556243735 6.34375
0.7940698741717517 1.6545970063410542 6.34375
0.9925873427146895 1.5867256241219352 6.34375
1.1911048112576275 1.4996058866538653 6.34375
1.3896222798005653 1.3896222798005653 6.34375
1.5881397483435034 1.2507577710886832 6.34375
-1.4294374526727809 1.4294374526727809 6.34375
-1.2507577710886832 1.5881397483435034 6.34375
-1.0720780895045856 1.7138352990329888 6.34375
-0.893398407920488 1.8134007132822116 6.34375
-0.7147187263363904 1.890968007246919 6.34375
-0.5360390447522928 1.9491652071356973 6.34375
-0.3573593631681952 1.9896927269715088 6.34375
-0.1786796815840976 2.0136177476364034 6.34375
0.0 2.0215298321338957 6.34375
0.1786796815840976 2.0136177476364034 6.34375
0.3573593631681952 1.9896927269715088 6.34375
0.5360390447522928 1.9491652071356973 6.34375
0.7147187263363904 1.890968007246919 6.34375
0.893398407920488 1.8134007132822116 6.34375
1.0720780895045856 1.7138352990329888 6.34375
1.2507577710886832 1.5881397483435034 6.34375
1.4294374526727809 1.4294374526727809 6.34375
-1.421006991635832 -1.421006991635832 6.5625
-1.243381117681353 -1.5787733012530027 6.5625
-1.065755243726874 -1.7037275313337241 6.5625
-0.888129369772395 -1.8027057339187456 6.5625
-0.710503495817916 -1.879815555576226 6.5625
-0.532877621863437 -1.9376695230799814 6.5625
-0.355251747908958 -1.977958021840571 6.5625
-0.177625873954479 -2.0017419387767603 6.5625
0.0 -2.009607359798385 6.5625
0.177625873954479 -2.0017419387767603 6.5625
0.355251747908958 -1.977958021840571 6.5625
0.532877621863437 -1.9376695230799814 6.5625
0.710503495817916 -1.879815555576226 6.5625
0.888129369772395 -1.8027057339187456 6.5625
1.065755243726874 -1.7037275313337241 6.5625
1.243381117681353 -1.5787733012530027 6.5625
1.421006991635832 -1.421006991635832 6.5625
-1.5787733012530027 -1.243381117681353 6.5625
-1.3814266385963774 -1.3814266385963774 6.5625
-1.184079975939752 -1.4907615899170088 6.5625
-0.9867333132831266 -1.5773675171789023 6.5625
-0.7893866506265014 -1.6448386111291977 6.5625
-0.592039987969876 -1.6954608326949836 6.5625
-0.3946933253132507 -1.7307132691104998 6.5625
-0.19734666265662534 -1.751524196429665 6.5625
0.0 -1.7584064398235868 6.5625
0.19734666265662534 -1.751524196429665 6.5625
0.3946933253132507 -1.7307132691104998 6.5625
0.592039987969876 -1.6954608326949836 6.5625
0.7893866506265014 -1.6448386111291977 6.5625
0.9867333132831266 -1.5773675171789023 6.5625
1.184079975939752 -1.4907615899170088 6.5625
1.3814266385963774 -1.3814266385963774 6.5625
1.5787733012530027 -1.243381117681353 6.5625
-1.7037275313337241 -1.065755243726874 6.5625
-1.4907615899170088 -1.184079975939752 6.5625
-1.277795648500293 -1.277795648500293 6.5625
-1.0648297070835777 -1.3520293004390591 6.5625
-0.8518637656668621 -1.4098616666821695 6.5625
-0.6388978242501465 -1.453252142309986 6.5625
-0.42593188283343103 -1.4834685163804284 6.5625
-0.21296594141671552 -1.50130645408257 6.5625
0.0 -1.5072055198487886 6.5625
0.21296594141671552 -1.50130645408257 6.5625
0.42593188283343103 -1.4834685163804284 6.5625
0.6388978242501465 -1.453252142309986 6.5625
0.8518637656668621 -1.4098616666821695 6.5625
1.0648297070835777 -1.3520293004390591 6.5625
1.277795648500293 -1.277795648500293 6.5625
1.4907615899170088 -1.184079975939752 6.5625
1.7037275313337241 -1.065755243726874 6.5625
-1.8027057339187456 -0.888129369772395 6.5625
-1.5773675171789023 -0.9867333132831266 6.5625
-1.3520293004390591 -1.0648297070835777 6.5625
-1.126691083699216 -1.126691083699216 6.5625
-0.9013528669593728 -1.1748847222351413 6.5625
-0.6760146502195296 -1.2110434519249884 6.5625
-0.4506764334796864 -1.2362237636503568 6.5625
-0.2253382167398432 -1.2510887117354752 6.5625
0.0 -1.2560045998739904 6.5625
0.2253382167398432 -1.2510887117354752 6.5625
0.4506764334796864 -1.2362237636503568 6.5625
0.6760146502195296 -1.2110434519249884 6.5625
0.9013528669593728 -1.1748847222351413 6.5625
1.126691083699216 -1.126691083699216 6.5625
1.3520293004390591 -1.0648297070835777 6.5625
1.5773675171789023 -0.9867333132831266 6.5625
1.8027057339187456 -0.888129369772395 6.5625
-1.879815555576226 -0.710503495817916 6.5625
-1.6448386111291977 -0.7893866506265014 6.5625
-1.4098616666821695 -0.8518637656668621 6.5625
-1.1748847222351413 -0.9013528669593728 6.5625
-0.939907777788113 -0.939907777788113 6.5625
-0.7049308333410848 -0.9688347615399907 6.5625
-0.4699538888940565 -0.9889790109202855 6.5625
-0.23497694444702824 -1.0008709693883802 6.5625
0.0 -1.0048036798991924 6.5625
0.23497694444702824 -1.0008709693883802 6.5625
0.4699538888940565 -0.9889790109202855 6.5625
0.7049308333410848 -0.9688347615399907 6.5625
0.939907777788113 -0.939907777788113 6.5625
1.1748847222351413 -0.9013528669593728 6.5625
1.4098616666821695 -0.8518637656668621 6.5625
1.6448386111291977 -0.7893866506265014 6.5625
1.879815555576226 -0.710503495817916 6.5625
-1.9376695230799814 -0.532877621863437 6.5625
-1.6954608326949836 -0.592039987969876 6.5625
-1.453252142309986 -0.6388978242501465 6.5625
-1.2110434519249884 -0.6760146502195296 6.5625
-0.9688347615399907 -0.7049308333410848 6.5625
-0.726626071154993 -0.726626071154993 6.5625
-0.48441738076999535 -0.7417342581902142 6.5625
-0.24220869038499768 -0.750653227041285 6.5625
0.0 -0.7536027599243943 6.5625
0.24220869038499768 -0.750653227041285 6.5625
0.48441738076999535 -0.7417342581902142 6.5625
0.726626071154993 -0.726626071154993 6.5625
0.9688347615399907 -0.7049308333410848 6.5625
1.2110434519249884 -0.6760146502195296 6.5625
1.453252142309986 -0.6388978242501465 6.5625
1.6954608326949836 -0.592039987969876 6.5625
1.9376695230799814 -0.532877621863437 6.5625
-1.977958021840571 -0.355251747908958 6.5625
-1.7307132691104998 -0.3946933253132507 6.5625
-1.4834685163804284 -0.42593188283343103 6.5625
-1.2362237636503568 -0.4506764334796864 6.5625
-0.9889790109202855 -0.4699538888940565 6.5625
-0.7417342581902142 -0.48441738076999535 6.5625
-0.49448950546014275 -0.49448950546014275 6.5625
-0.24724475273007138 -0.5004354846941901 6.5625
0.0 -0.5024018399495962 6.5625
0.24724475273007138 -0.5004354846941901 6.5625
0.49448950546014275 -0.49448950546014275 6.5625
0.7417342581902142 -0.48441738076999535 6.5625
0.9889790109202855 -0.4699538888940565 6.5625
1.2362237636503568 -0.4506764334796864 6.5625
1.4834685163804284 -0.42593188283343103 6.5625
1.7307132691104998 -0.3946933253132507 6.5625
1.977958021840571 -0.355251747908958 6.5625
-2.0017419387767603 -0.177625873954479 6.5625
-1.751524196429665 -0.19734666265662534 6.5625
-1.50130645408257 -0.21296594141671552 6.5625
-1.2510887117354752 -0.2253382167398432 6.5625
-1.0008709693883802 -0.23497694444702824 6.5625
-0.750653227041285 -0.24220869038499768 6.5625
-0.5004354846941901 -0.24724475273007138 6.5625
-0.25021774234709504 -0.25021774234709504 6.5625
0.0 -0.2512009199747981 6.5625
0.25021774234709504 -0.25021774234709504 6.5625
0.5004354846941901 -0.24724475273007138 6.5625
0.750653227041285 -0.24220869038499768 6.5625
1.0008709693883802 -0.23497694444702824 6.5625
1.2510887117354752 -0.2253382167398432 6.5625
1.50130645408257 -0.21296594141671552 6.5625
1.751524196429665 -0.19734666265662534 6.5625
2.0017419387767603 -0.177625873954479 6.5625
-2.009607359798385 0.0 6.5625
-1.7584064398235868 0.0 6.5625
-1.5072055198487886 0.0 6.5625
-1.2560045998739904 0.0 6.5625
-1.0048036798991924 0.0 6.5625
-0.7536027599243943 0.0 6.5625
-0.5024018399495962 0.0 6.5625
-0.2512009199747981 0.0 6.5625
0.0 0.0 6.5625
0.2512009199747981 0.0 6.5625
0.5024018399495962 0.0 6.5625
0.7536027599243943 0.0 6.5625
1.0048036798991924 0.0 6.5625
1.2560045998739904 0.0 6.5625
1.5072055198487886 0.0 6.5625
1.7584064398235868 0.0 6.5625
2.009607359798385 0.0 6.5625
-2.0017419387767603 0.177625873954479 6.5625
-1.751524196429665 0.19734666265662534 6.5625
-1.50130645408257 0.21296594141671552 6.5625
-1.2510887117354752 0.2253382167398432 6.5625
-1.0008709693883802 0.23497694444702824 6.5625
-0.750653227041285 0.24220869038499768 6.5625
-0.5004354846941901 0.24724475273007138 6.5625
-0.25021774234709504 0.25021774234709504 6.5625
0.0 0.2512009199747981 6.5625
0.25021774234709504 0.25021774234709504 6.5625
0.5004354846941901 0.24724475273007138 6.5625
0.750653227041285 0.24220869038499768 6.5625
1.0008709693883802 0.23497694444702824 6.5625
1.2510887117354752 0.2253382167398432 6.5625
1.50130645408257 0.21296594141671552 6.5625
1.751524196429665 0.19734666265662534 6.5625
2.0017419387767603 0.177625873954479 6.5625
-1.977958021840571 0.355251747908958 6.5625
-1.7307132691104998 0.3946933253132507 6.5625
-1.4834685163804284 0.42593188283343103 6.5625
-1.2362237636503568 0.4506764334796864 6.5625
-0.9889790109202855 0.4699538888940565 6.5625
-0.7417342581902142 0.48441738076999535 6.5625
-0.49448950546014275 0.49448950546014275 6.5625
-0.24724475273007138 0.5004354846941901 6.5625
0.0 0.5024018399495962 6.5625
0.24724475273007138 0.5004354846941901 6.5625
0.49448950546014275 0.49448950546014275 6.5625
0.7417342581902142 0.48441738076999535 6.5625
0.9889790109202855 0.4699538888940565 6.5625
1.2362237636503568 0.4506764334796864 6.5625
1.4834685163804284 0.42593188283343103 6.5625
1.7307132691104998 0.3946933253132507 6.5625
1.977958021840571 0.355251747908958 6.5625
-1.9376695230799814 0.532877621863437 6.5625
-1.6954608326949836 0.592039987969876 6.5625
-1.453252142309986 0.6388978242501465 6.5625
-1.2110434519249884 0.6760146502195296 6.5625
-0.9688347615399907 0.7049308333410848 6.5625
-0.726626071154993 0.726626071154993 6.5625
-0.48441738076999535 0.7417342581902142 6.5625
-0.24220869038499768 0.750653227041285 6.5625
0.0 0.7536027599243943 6.5625
0.24220869038499768 0.750653227041285 6.5625
0.48441738076999535 0.7417342581902142 6.5625
0.726626071154993 0.726626071154993 6.5625
0.9688347615399907 0.7049308333410848 6.5625
1.2110434519249884 0.6760146502195296 6.5625
1.453252142309986 0.6388978242501465 6.5625
1.6954608326949836 0.592039987969876 6.5625
1.9376695230799814 0.532877621863437 6.5625
-1.879815555576226 0.710503495817916 6.5625
-1.6448386111291977 0.7893866506265014 6.5625
-1.4098616666821695 0.8518637656668621 6.5625
-1.1748847222351413 0.9013528669593728 6.5625
-0.939907777788113 0.939907777788113 6.5625
-0.7049308333410848 0.9688347615399907 6.5625
-0.4699538888940565 0.9889790109202855 6.5625
-0.23497694444702824 1.0008709693883802 6.5625
0.0 1.0048036798991924 6.5625
0.23497694444702824 1.0008709693883802 6.5625
0.4699538888940565 0.9889790109202855 6.5625
0.7049308333410848 0.9688347615399907 6.5625
0.939907777788113 0.939907777788113 6.5625
1.1748847222351413 0.9013528669593728 6.5625
1.4098616666821695 0.8518637656668621 6.5625
1.6448386111291977 0.7893866506265014 6.5625
1.879815555576226 0.710503495817916 6.5625
-1.8027057339187456 0.888129369772395 6.5625
-1.5773675171789023 0.9867333132831266 6.5625
-1.3520293004390591 1.0648297070835777 6.5625
-1.126691083699216 1.126691083699216 6.5625
-0.9013528669593728 1.1748847222351413 6.5625
-0.6760146502195296 1.2110434519249884 6.5625
-0.4506764334796864 1.2362237636503568 6.5625
-0.2253382167398432 1.2510887117354752 6.5625
0.0 1.2560045998739904 6.5625
0.2253382167398432 1.2510887117354752 6.5625
0.4506764334796864 1.2362237636503568 6.5625
0.6760146502195296 1.2110434519249884 6.5625
0.9013528669593728 1.1748847222351413 6.5625
1.126691083699216 1.126691083699216 6.5625
1.3520293004390591 1.0648297070835777 6.5625
1.5773675171789023 0.9867333132831266 6.5625
1.8027057339187456 0.888129369772395 6.5625
-1.7037275313337241 1.065755243726874 6.5625
-1.4907615899170088 1.184079975939752 6.5625
-1.277795648500293 1.277795648500293 6.5625
-1.0648297070835777 1.3520293004390591 6.5625
-0.8518637656668621 1.4098616666821695 6.5625
-0.6388978242501465 1.453252142309986 6.5625
-0.42593188283343103 1.4834685163804284 6.5625
-0.21296594141671552 1.50130645408257 6.5625
0.0 1.5072055198487886 6.5625
0.21296594141671552 1.50130645408257 6.5625
0.42593188283343103 1.4834685163804284 6.5625
0.6388978242501465 1.453252142309986 6.5625
0.8518637656668621 1.4098616666821695 6.5625
1.0648297070835777 1.3520293004390591 6.5625
1.277795648500293 1.277795648500293 6.5625
1.4907615899170088 1.184079975939752 6.5625
1.7037275313337241 1.065755243726874 6.5625
-1.5787733012530027 1.243381117681353 6.5625
-1.3814266385963774 1.3814266385963774 6.5625
-1.184079975939752 1.4907615899170088 6.5625
-0.9867333132831266 1.5773675171789023 6.5625
-0.7893866506265014 1.6448386111291977 6.5625
-0.592039987969876 1.6954608326949836 6.5625
-0.3946933253132507 1.7307132691104998 6.5625
-0.19734666265662534 1.751524196429665 6.5625
0.0 1.7584064398235868 6.5625
0.19734666265662534 1.751524196429665 6.5625
0.3946933253132507 1.7307132691104998 6.5625
0.592039987969876 1.6954608326949836 6.5625
0.7893866506265014 1.6448386111291977 6.5625
0.9867333132831266 1.5773675171789023 6.5625
1.184079975939752 1.4907615899170088 6.5625
1.3814266385963774 1.3814266385963774 6.5625
1.5787733012530027 1.243381117681353 6.5625
-1.421006991635832 1.421006991635832 6.5625
-1.243381117681353 1.5787733012530027 6.5625
-1.065755243726874 1.7037275313337241 6.5625
-0.888129369772395 1.8027057339187456 6.5625
-0.710503495817916 1.879815555576226 6.5625
-0.532877621863437 1.9376695230799814 6.5625
-0.355251747908958 1.977958021840571 6.5625
-0.177625873954479 2.0017419387767603 6.5625
0.0 2.009607359798385 6.5625
0.177625873954479 2.0017419387767603 6.5625
0.355251747908958 1.977958021840571 6.5625
0.532877621863437 1.9376695230799814 6.5625
0.710503495817916 1.879815555576226 6.5625
0.888129369772395 1.8027057339187456 6.5625
1.065755243726874 1.7037275313337241 6.5625
1.243381117681353 1.5787733012530027 6.5625
1.421006991635832 1.421006991635832 6.5625
-1.4159160185847732 -1.4159160185847732 6.78125
-1.2389265162616765 -1.573117106471612 6.78125
-1.06193701393858 -1.6976236690730733 6.78125
-0.8849475116154832 -1.796247267236745 6.78125
-0.7079580092923866 -1.8730808312640093 6.78125
-0.53096850696929 -1.9307275281553102 6.78125
-0.3539790046461933 -1.9708716872591177 6.78125
-0.17698950232309665 -1.994570394705921 6.78125
0.0 -2.0024076366639014 6.78125
0.17698950232309665 -1.994570394705921 6.78125
0.3539790046461933 -1.9708716872591177 6.78125
0.53096850696929 -1.9307275281553102 6.78125
0.7079580092923866 -1.8730808312640093 6.78125
0.8849475116154832 -1.796247267236745 6.78125
1.06193701393858 -1.6976236690730733 6.78125
1.2389265162616765 -1.573117106471612 6.78125
1.4159160185847732 -1.4159160185847732 6.78125
-1.573117106471612 -1.2389265162616765 6.78125
-1.3764774681626604 -1.3764774681626604 6.78125
-1.179837829853709 -1.4854207104389392 6.78125
-0.9831981915447575 -1.571716358832152 6.78125
-0.786558553235806 -1.6389457273560082 6.78125
-0.5899189149268546 -1.6893865871358962 6.78125
-0.393279276617903 -1.7245127263517281 6.78125
-0.1966396383089515 -1.745249095367681 6.78125
0.0 -1.7521066820809137 6.78125
0.1966396383089515 -1.745249095367681 6.78125
0.393279276617903 -1.7245127263517281 6.78125
0.5899189149268546 -1.6893865871358962 6.78125
0.786558553235806 -1.6389457273560082 6.78125
0.9831981915447575 -1.571716358832152 6.78125
1.179837829853709 -1.4854207104389392 6.78125
1.3764774681626604 -1.3764774681626604 6.78125
1.573117106471612 -1.2389265162616765 6.78125
-1.6976236690730733 -1.06193701393858 6.78125
-1.4854207104389392 -1.179837829853709 6.78125
-1.273217751804805 -1.273217751804805 6.78125
-1.0610147931706708 -1.3471854504275589 6.78125
-0.8488118345365366 -1.4048106234480071 6.78125
-0.6366088759024024 -1.4480456461164826 6.78125
-0.4244059172682683 -1.4781537654443384 6.78125
-0.21220295863413416 -1.4959277960294408 6.78125
0.0 -1.501805727497926 6.78125
0.21220295863413416 -1.4959277960294408 6.78125
0.4244059172682683 -1.4781537654443384 6.78125
0.6366088759024024 -1.4480456461164826 6.78125
0.8488118345365366 -1.4048106234480071 6.78125
1.0610147931706708 -1.3471854504275589 6.78125
1.273217751804805 -1.273217751804805 6.78125
1.4854207104389392 -1.179837829853709 6.78125
1.6976236690730733 -1.06193701393858 6.78125
-1.796247267236745 -0.8849475116154832 6.78125
-1.571716358832152 -0.9831981915447575 6.78125
-1.3471854504275589 -1.0610147931706708 6.78125
-1.1226545420229657 -1.1226545420229657 6.78125
-0.8981236336183726 -1.1706755195400058 6.78125
-0.6735927252137794 -1.206704705097069 6.78125
-0.4490618168091863 -1.2317948045369485 6.78125
-0.22453090840459314 -1.2466064966912007 6.78125
0.0 -1.2515047729149384 6.78125
0.22453090840459314 -1.2466064966912007 6.78125
0.4490618168091863 -1.2317948045369485 6.78125
0.6735927252137794 -1.206704705097069 6.78125
0.8981236336183726 -1.1706755195400058 6.78125
1.1226545420229657 -1.1226545420229657 6.78125
1.3471854504275589 -1.0610147931706708 6.78125
1.571716358832152 -0.9831981915447575 6.78125
1.796247267236745 -0.8849475116154832 6.78125
-1.8730808312640093 -0.7079580092923866 6.78125
-1.6389457273560082 -0.786558553235806 6.78125
-1.4048106234480071 -0.8488118345365366 6.78125
-1.1706755195400058 -0.8981236336183726 6.78125
-0.9365404156320046 -0.9365404156320046 6.78125
-0.7024053117240036 -0.9653637640776551 6.78125
-0.4682702078160023 -0.9854358436295588 6.78125
-0.23413510390800116 -0.9972851973529605 6.78125
0.0 -1.0012038183319507 6.78125
0.23413510390800116 -0.9972851973529605 6.78125
0.4682702078160023 -0.9854358436295588 6.78125
0.7024053117240036 -0.9653637640776551 6.78125
0.9365404156320046 -0.9365404156320046 6.78125
1.1706755195400058 -0.8981236336183726 6.78125
1.4048106234480071 -0.8488118345365366 6.78125
1.6389457273560082 -0.786558553235806 6.78125
1.8730808312640093 -0.7079580092923866 6.78125
-1.9307275281553102 -0.53096850696929 6.78125
-1.6893865871358962 -0.5899189149268546 6.78125
-1.4480456461164826 -0.6366088759024024 6.78125
-1.206704705097069 -0.6735927252137794 6.78125
-0.9653637640776551 -0.7024053117240036 6.78125
-0.7240228230582413 -0.7240228230582413 6.78125
-0.48268188203882756 -0.7390768827221692 6.78125
-0.24134094101941378 -0.7479638980147204 6.78125
0.0 -0.750902863748963 6.78125
0.24134094101941378 -0.7479638980147204 6.78125
0.48268188203882756 -0.7390768827221692 6.78125
0.7240228230582413 -0.7240228230582413 6.78125
0.9653637640776551 -0.7024053117240036 6.78125
1.206704705097069 -0.6735927252137794 6.78125
1.4480456461164826 -0.6366088759024024 6.78125
1.6893865871358962 -0.5899189149268546 6.78125
1.9307275281553102 -0.53096850696929 6.78125
-1.9708716872591177 -0.3539790046461933 6.78125
-1.7245127263517281 -0.393279276617903 6.78125
-1.4781537654443384 -0.4244059172682683 6.78125
-1.2317948045369485 -0.4490618168091863 6.78125
-0.9854358436295588 -0.4682702078160023 6.78125
-0.7390768827221692 -0.48268188203882756 6.78125
-0.4927179218147794 -0.4927179218147794 6.78125
-0.2463589609073897 -0.49864259867648025 6.78125
0.0 -0.5006019091659754 6.78125
0.2463589609073897 -0.49864259867648025 6.78125
0.4927179218147794 -0.4927179218147794 6.78125
0.7390768827221692 -0.48268188203882756 6.78125
0.9854358436295588 -0.4682702078160023 6.78125
1.2317948045369485 -0.4490618168091863 6.78125
1.4781537654443384 -0.4244059172682683 6.78125
1.7245127263517281 -0.393279276617903 6.78125
1.9708716872591177 -0.3539790046461933 6.78125
-1.994570394705921 -0.17698950232309665 6.78125
-1.745249095367681 -0.1966396383089515 6.78125
-1.4959277960294408 -0.21220295863413416 6.78125
-1.2466064966912007 -0.22453090840459314 6.78125
-0.9972851973529605 -0.23413510390800116 6.78125
-0.7479638980147204 -0.24134094101941378 6.78125
-0.49864259867648025 -0.2463589609073897 6.78125
-0.24932129933824013 -0.24932129933824013 6.78125
0.0 -0.2503009545829877 6.78125
0.24932129933824013 -0.24932129933824013 6.78125
0.49864259867648025 -0.2463589609073897 6.78125
0.7479638980147204 -0.24134094101941378 6.78125
0.9972851973529605 -0.23413510390800116 6.78125
1.2466064966912007 -0.22453090840459314 6.78125
1.4959277960294408 -0.21220295863413416 6.78125
1.745249095367681 -0.1966396383089515 6.78125
1.994570394705921 -0.17698950232309665 6.78125
-2.0024076366639014 0.0 6.78125
-1.7521066820809137 0.0 6.78125
-1.501805727497926 0.0 6.78125
-1.2515047729149384 0.0 6.78125
-1.0012038183319507 0.0 6.78125
-0.750902863748963 0.0 6.78125
-0.5006019091659754 0.0 6.78125
-0.2503009545829877 0.0 6.78125
0.0 0.0 6.78125
0.2503009545829877 0.0 6.78125
0.5006019091659754 0.0 6.78125
0.750902863748963 0.0 6.78125
1.0012038183319507 0.0 6.78125
1.2515047729149384 0.0 6.78125
1.501805727497926 0.0 6.78125
1.7521066820809137 0.0 6.78125
2.0024076366639014 0.0 6.78125
-1.994570394705921 0.17698950232309665 6.78125
-1.745249095367681 0.1966396383089515 6.78125
-1.4959277960294408 0.21220295863413416 6.78125
-1.2466064966912007 0.22453090840459314 6.78125
-0.9972851973529605 0.23413510390800116 6.78125
-0.7479638980147204 0.24134094101941378 6.78125
-0.49864259867648025 0.2463589609073897 6.78125
-0.24932129933824013 0.24932129933824013 6.78125
0.0 0.2503009545829877 6.78125
0.24932129933824013 0.24932129933824013 6.78125
0.49864259867648025 0.2463589609073897 6.78125
0.7479638980147204 0.24134094101941378 6.78125
0.9972851973529605 0.23413510390800116 6.78125
1.2466064966912007 0.22453090840459314 6.78125
1.4959277960294408 0.21220295863413416 6.78125
1.745249095367681 0.1966396383089515 6.78125
1.994570394705921 0.17698950232309665 6.78125
-1.9708716872591177 0.3539790046461933 6.78125
-1.7245127263517281 0.393279276617903 6.78125
-1.4781537654443384 0.4244059172682683 6.78125
-1.2317948045369485 0.4490618168091863 6.78125
-0.9854358436295588 0.4682702078160023 6.78125
-0.7390768827221692 0.48268188203882756 6.78125
-0.4927179218147794 0.4927179218147794 6.78125
-0.2463589609073897 0.49864259867648025 6.78125
0.0 0.5006019091659754 6.78125
0.2463589609073897 0.49864259867648025 6.78125
0.4927179218147794 0.4927179218147794 6.78125
0.7390768827221692 0.48268188203882756 6.78125
0.9854358436295588 0.4682702078160023 6.78125
1.2317948045369485 0.4490618168091863 6.78125
1.4781537654443384 0.4244059172682683 6.78125
1.7245127263517281 0.393279276617903 6.78125
1.9708716872591177 0.3539790046461933 6.78125
-1.9307275281553102 0.53096850696929 6.78125
-1.6893865871358962 0.5899189149268546 6.78125
-1.4480456461164826 0.6366088759024024 6.78125
-1.206704705097069 0.6735927252137794 6.78125
-0.9653637640776551 0.7024053117240036 6.78125
-0.7240228230582413 0.7240228230582413 6.78125
-0.48268188203882756 0.7390768827221692 6.78125
-0.24134094101941378 0.7479638980147204 6.78125
0.0 0.750902863748963 6.78125
0.24134094101941378 0.7479638980147204 6.78125
0.48268188203882756 0.7390768827221692 6.78125
0.7240228230582413 0.7240228230582413 6.78125
0.9653637640776551 0.7024053117240036 6.78125
1.206704705097069 0.6735927252137794 6.78125
1.4480456461164826 0.6366088759024024 6.78125
1.6893865871358962 0.5899189149268546 6.78125
1.9307275281553102 0.53096850696929 6.78125
-1.8730808312640093 0.7079580092923866 6.78125
-1.6389457273560082 0.786558553235806 6.78125
-1.4048106234480071 0.8488118345365366 6.78125
-1.1706755195400058 0.8981236336183726 6.78125
-0.9365404156320046 0.9365404156320046 6.78125
-0.7024053117240036 0.9653637640776551 6.78125
-0.4682702078160023 0.9854358436295588 6.78125
-0.23413510390800116 0.9972851973529605 6.78125
0.0 1.0012038183319507 6.78125
0.23413510390800116 0.9972851973529605 6.78125
0.4682702078160023 0.9854358436295588 6.78125
0.7024053117240036 0.9653637640776551 6.78125
0.9365404156320046 0.9365404156320046 6.78125
1.1706755195400058 0.8981236336183726 6.78125
1.4048106234480071 0.8488118345365366 6.78125
1.6389457273560082 0.786558553235806 6.78125
1.8730808312640093 0.7079580092923866 6.78125
-1.796247267236745 0.8849475116154832 6.78125
-1.571716358832152 0.9831981915447575 6.78125
-1.3471854504275589 1.0610147931706708 6.78125
-1.1226545420229657 1.1226545420229657 6.78125
-0.8981236336183726 1.1706755195400058 6.78125
-0.6735927252137794 1.206704705097069 6.78125
-0.4490618168091863 1.2317948045369485 6.78125
-0.22453090840459314 1.2466064966912007 6.78125
0.0 1.2515047729149384 6.78125
0.22453090840459314 1.2466064966912007 6.78125
0.4490618168091863 1.2317948045369485 6.78125
0.6735927252137794 1.206704705097069 6.78125
0.8981236336183726 1.1706755195400058 6.78125
1.1226545420229657 1.1226545420229657 6.78125
1.3471854504275589 1.0610147931706708 6.78125
1.571716358832152 0.9831981915447575 6.78125
1.796247267236745 0.8849475116154832 6.78125
-1.6976236690730733 1.06193701393858 6.78125
-1.4854207104389392 1.179837829853709 6.78125
-1.273217751804805 1.273217751804805 6.78125
-1.0610147931706708 1.3471854504275589 6.78125
-0.8488118345365366 1.4048106234480071 6.78125
-0.6366088759024024 1.4480456461164826 6.78125
-0.4244059172682683 1.4781537654443384 6.78125
-0.21220295863413416 1.4959277960294408 6.78125
0.0 1.501805727497926 6.78125
0.21220295863413416 1.4959277960294408 6.78125
0.4244059172682683 1.4781537654443384 6.78125
0.6366088759024024 1.4480456461164826 6.78125
0.8488118345365366 1.4048106234480071 6.78125
1.0610147931706708 1.3471854504275589 6.78125
1.273217751804805 1.273217751804805 6.78125
1.4854207104389392 1.179837829853709 6.78125
1.6976236690730733 1.06193701393858 6.78125
-1.573117106471612 1.2389265162616765 6.78125
-1.3764774681626604 1.3764774681626604 6.78125
-1.179837829853709 1.4854207104389392 6.78125
-0.9831981915447575 1.571716358832152 6.78125
-0.786558553235806 1.6389457273560082 6.78125
-0.5899189149268546 1.6893865871358962 6.78125
-0.393279276617903 1.7245127263517281 6.78125
-0.1966396383089515 1.745249095367681 6.78125
0.0 1.7521066820809137 6.78125
0.1966396383089515 1.745249095367681 6.78125
0.393279276617903 1.7245127263517281 6.78125
0.5899189149268546 1.6893865871358962 6.78125
0.786558553235806 1.6389457273560082 6.78125
0.9831981915447575 1.571716358832152 6.78125
1.179837829853709 1.4854207104389392 6.78125
1.3764774681626604 1.3764774681626604 6.78125
1.573117106471612 1.2389265162616765 6.78125
-1.4159160185847732 1.4159160185847732 6.78125
-1.2389265162616765 1.573117106471612 6.78125
-1.06193701393858 1.6976236690730733 6.78125
-0.8849475116154832 1.796247267236745 6.78125
-0.7079580092923866 1.8730808312640093 6.78125
-0.53096850696929 1.9307275281553102 6.78125
-0.3539790046461933 1.9708716872591177 6.78125
-0.17698950232309665 1.994570394705921 6.78125
0.0 2.0024076366639014 6.78125
0.17698950232309665 1.994570394705921 6.78125
0.3539790046461933 1.9708716872591177 6.78125
0.53096850696929 1.9307275281553102 6.78125
0.7079580092923866 1.8730808312640093 6.78125
0.8849475116154832 1.796247267236745 6.78125
1.06193701393858 1.6976236690730733 6.78125
1.2389265162616765 1.573117106471612 6.78125
1.4159160185847732 1.4159160185847732 6.78125
-1.4142135623730951 -1.4142135623730951 7.0
-1.2374368670764582 -1.571225636247067 7.0
-1.0606601717798214 -1.695582495781317 7.0
-0.8838834764831844 -1.7940875118009154 7.0
-0.7071067811865476 -1.8708286933869707 7.0
-0.5303300858899107 -1.928406077567689 7.0
-0.3535533905932738 -1.9685019685029528 7.0
-0.1767766952966369 -1.9921721813136535 7.0
0.0 -2.0 7.0
0.1767766952966369 -1.9921721813136535 7.0
0.3535533905932738 -1.9685019685029528 7.0
0.5303300858899107 -1.928406077567689 7.0
0.7071067811865476 -1.8708286933869707 7.0
0.8838834764831844 -1.7940875118009154 7.0
1.0606601717798214 -1.695582495781317 7.0
1.2374368670764582 -1.571225636247067 7.0
1.4142135623730951 -1.4142135623730951 7.0
-1.571225636247067 -1.2374368670764582 7.0
-1.3748224317161835 -1.3748224317161835 7.0
-1.1784192271853002 -1.4836346838086525 7.0
-0.9820160226544168 -1.569826572825801 7.0
-0.7856128181235335 -1.6369751067135994 7.0
-0.5892096135926501 -1.6873553178717278 7.0
-0.3928064090617667 -1.7224392224400837 7.0
-0.19640320453088336 -1.7431506586494467 7.0
0.0 -1.75 7.0
0.19640320453088336 -1.7431506586494467 7.0
0.3928064090617667 -1.7224392224400837 7.0
0.5892096135926501 -1.6873553178717278 7.0
0.7856128181235335 -1.6369751067135994 7.0
0.9820160226544168 -1.569826572825801 7.0
1.1784192271853002 -1.4836346838086525 7.0
1.3748224317161835 -1.3748224317161835 7.0
1.571225636247067 -1.2374368670764582 7.0
-1.695582495781317 -1.0606601717798214 7.0
-1.4836346838086525 -1.1784192271853002 7.0
-1.2716868718359877 -1.2716868718359877 7.0
-1.0597390598633232 -1.3455656338506865 7.0
-0.8477912478906585 -1.403121520040228 7.0
-0.6358434359179939 -1.4463045581757668 7.0
-0.42389562394532926 -1.4763764763772147 7.0
-0.21194781197266463 -1.49412913598524 7.0
0.0 -1.5 7.0
0.21194781197266463 -1.49412913598524 7.0
0.42389562394532926 -1.4763764763772147 7.0
0.6358434359179939 -1.4463045581757668 7.0
0.8477912478906585 -1.403121520040228 7.0
1.0597390598633232 -1.3455656338506865 7.0
1.2716868718359877 -1.2716868718359877 7.0
1.4836346838086525 -1.1784192271853002 7.0
1.695582495781317 -1.0606601717798214 7.0
-1.7940875118009154 -0.8838834764831844 7.0
-1.569826572825801 -0.9820160226544168 7.0
-1.3455656338506865 -1.0597390598633232 7.0
-1.121304694875572 -1.121304694875572 7.0
-0.8970437559004577 -1.1692679333668567 7.0
-0.6727828169253433 -1.2052537984798057 7.0
-0.44852187795022885 -1.2303137303143454 7.0
-0.22426093897511443 -1.2451076133210335 7.0
0.0 -1.25 7.0
0.22426093897511443 -1.2451076133210335 7.0
0.44852187795022885 -1.2303137303143454 7.0
0.6727828169253433 -1.2052537984798057 7.0
0.8970437559004577 -1.1692679333668567 7.0
1.121304694875572 -1.121304694875572 7.0
1.3455656338506865 -1.0597390598633232 7.0
1.569826572825801 -0.9820160226544168 7.0
1.7940875118009154 -0.8838834764831844 7.0
-1.8708286933869707 -0.7071067811865476 7.0
-1.6369751067135994 -0.7856128181235335 7.0
-1.403121520040228 -0.8477912478906585 7.0
-1.1692679333668567 -0.8970437559004577 7.0
-0.9354143466934853 -0.9354143466934853 7.0
-0.701560760020114 -0.9642030387838445 7.0
-0.46770717334674267 -0.9842509842514764 7.0
-0.23385358667337133 -0.9960860906568267 7.0
0.0 -1.0 7.0
0.23385358667337133 -0.9960860906568267 7.0
0.46770717334674267 -0.9842509842514764 7.0
0.701560760020114 -0.9642030387838445 7.0
0.9354143466934853 -0.9354143466934853 7.0
1.1692679333668567 -0.8970437559004577 7.0
1.403121520040228 -0.8477912478906585 7.0
1.6369751067135994 -0.7856128181235335 7.0
1.8708286933869707 -0.7071067811865476 7.0
-1.928406077567689 -0.5303300858899107 7.0
-1.6873553178717278 -0.5892096135926501 7.0
-1.4463045581757668 -0.6358434359179939 7.0
-1.2052537984798057 -0.6727828169253433 7.0
-0.9642030387838445 -0.701560760020114 7.0
-0.7231522790878834 -0.7231522790878834 7.0
-0.48210151939192225 -0.7381882381886073 7.0
-0.24105075969596113 -0.74706456799262 7.0
0.0 -0.75 7.0
0.24105075969596113 -0.74706456799262 7.0
0.48210151939192225 -0.7381882381886073 7.0
0.7231522790878834 -0.7231522790878834 7.0
0.9642030387838445 -0.701560760020114 7.0
1.2052537984798057 -0.6727828169253433 7.0
1.4463045581757668 -0.6358434359179939 7.0
1.6873553178717278 -0.5892096135926501 7.0
1.928406077567689 -0.5303300858899107 7.0
-1.9685019685029528 -0.3535533905932738 7.0
-1.7224392224400837 -0.3928064090617667 7.0
-1.4763764763772147 -0.42389562394532926 7.0
-1.2303137303143454 -0.44852187795022885 7.0
-0.9842509842514764 -0.46770717334674267 7.0
-0.7381882381886073 -0.48210151939192225 7.0
-0.4921254921257382 -0.4921254921257382 7.0
-0.2460627460628691 -0.49804304532841337 7.0
0.0 -0.5 7.0
0.2460627460628691 -0.49804304532841337 7.0
0.4921254921257382 -0.4921254921257382 7.0
0.7381882381886073 -0.48210151939192225 7.0
0.9842509842514764 -0.46770717334674267 7.0
1.2303137303143454 -0.44852187795022885 7.0
1.4763764763772147 -0.42389562394532926 7.0
1.7224392224400837 -0.3928064090617667 7.0
1.9685019685029528 -0.3535533905932738 7.0
-1.9921721813136535 -0.1767766952966369 7.0
-1.7431506586494467 -0.19640320453088336 7.0
-1.49412913598524 -0.21194781197266463 7.0
-1.2451076133210335 -0.22426093897511443 7.0
-0.9960860906568267 -0.23385358667337133 7.0
-0.74706456799262 -0.24105075969596113 7.0
-0.49804304532841337 -0.2460627460628691 7.0
-0.24902152266420668 -0.24902152266420668 7.0
0.0 -0.25 7.0
0.24902152266420668 -0.24902152266420668 7.0
0.49804304532841337 -0.2460627460628691 7.0
0.74706456799262 -0.24105075969596113 7.0
0.9960860906568267 -0.23385358667337133 7.0
1.2451076133210335 -0.22426093897511443 7.0
1.49412913598524 -0.21194781197266463 7.0
1.7431506586494467 -0.19640320453088336 7.0
1.9921721813136535 -0.1767766952966369 7.0
-2.0 0.0 7.0
-1.75 0.0 7.0
-1.5 0.0 7.0
-1.25 0.0 7.0
-1.0 0.0 7.0
-0.75 0.0 7.0
-0.5 0.0 7.0
-0.25 0.0 7.0
0.0 0.0 7.0
0.25 0.0 7.0
0.5 0.0 7.0
0.75 0.0 7.0
1.0 0.0 7.0
1.25 0.0 7.0
1.5 0.0 7.0
1.75 0.0 7.0
2.0 0.0 7.0
-1.9921721813136535 0.1767766952966369 7.0
-1.7431506586494467 0.19640320453088336 7.0
-1.49412913598524 0.21194781197266463 7.0
-1.2451076133210335 0.22426093897511443 7.0
-0.9960860906568267 0.23385358667337133 7.0
-0.74706456799262 0.24105075969596113 7.0
-0.49804304532841337 0.2460627460628691 7.0
-0.24902152266420668 0.24902152266420668 7.0
0.0 0.25 7.0
0.24902152266420668 0.24902152266420668 7.0
0.49804304532841337 0.2460627460628691 7.0
0.74706456799262 0.24105075969596113 7.0
0.9960860906568267 0.23385358667337133 7.0
1.2451076133210335 0.22426093897511443 7.0
1.49412913598524 0.21194781197266463 7.0
1.7431506586494467 0.19640320453088336 7.0
1.9921721813136535 0.1767766952966369 7.0
-1.9685019685029528 0.3535533905932738 7.0
-1.7224392224400837 0.3928064090617667 7.0
-1.4763764763772147 0.42389562394532926 7.0
-1.2303137303143454 0.44852187795022885 7.0
-0.9842509842514764 0.46770717334674267 7.0
-0.7381882381886073 0.48210151939192225 7.0
-0.4921254921257382 0.4921254921257382 7.0
-0.2460627460628691 0.49804304532841337 7.0
0.0 0.5 7.0
0.2460627460628691 0.49804304532841337 7.0
0.4921254921257382 0.4921254921257382 7.0
0.7381882381886073 0.48210151939192225 7.0
0.9842509842514764 0.46770717334674267 7.0
1.2303137303143454 0.44852187795022885 7.0
1.4763764763772147 0.42389562394532926 7.0
1.7224392224400837 0.3928064090617667 7.0
1.9685019685029528 0.3535533905932738 7.0
-1.928406077567689 0.5303300858899107 7.0
-1.6873553178717278 0.5892096135926501 7.0
-1.4463045581757668 0.6358434359179939 7.0
-1.2052537984798057 0.6727828169253433 7.0
-0.9642030387838445 0.701560760020114 7.0
-0.7231522790878834 0.7231522790878834 7.0
-0.48210151939192225 0.7381882381886073 7.0
-0.24105075969596113 0.74706456799262 7.0
0.0 0.75 7.0
0.24105075969596113 0.74706456799262 7.0
0.48210151939192225 0.7381882381886073 7.0
0.7231522790878834 0.7231522790878834 7.0
0.9642030387838445 0.701560760020114 7.0
1.2052537984798057 0.6727828169253433 7.0
1.4463045581757668 0.6358434359179939 7.0
1.6873553178717278 0.5892096135926501 7.0
1.928406077567689 0.5303300858899107 7.0
-1.8708286933869707 0.7071067811865476 7.0
-1.6369751067135994 0.7856128181235335 7.0
-1.403121520040228 0.8477912478906585 7.0
-1.1692679333668567 0.8970437559004577 7.0
-0.9354143466934853 0.9354143466934853 7.0
-0.701560760020114 0.9642030387838445 7.0
-0.46770717334674267 0.9842509842514764 7.0
-0.23385358667337133 0.9960860906568267 7.0
0.0 1.0 7.0
0.23385358667337133 0.9960860906568267 7.0
0.46770717334674267 0.9842509842514764 7.0
0.701560760020114 0.9642030387838445 7.0
0.9354143466934853 0.9354143466934853 7.0
1.1692679333668567 0.8970437559004577 7.0
1.403121520040228 0.8477912478906585 7.0
1.6369751067135994 0.7856128181235335 7.0
1.8708286933869707 0.7071067811865476 7.0
-1.7940875118009154 0.8838834764831844 7.0
-1.569826572825801 0.9820160226544168 7.0
-1.3455656338506865 1.0597390598633232 7.0
-1.121304694875572 1.121304694875572 7.0
-0.8970437559004577 1.1692679333668567 7.0
-0.6727828169253433 1.2052537984798057 7.0
-0.44852187795022885 1.2303137303143454 7.0
-0.22426093897511443 1.2451076133210335 7.0
0.0 1.25 7.0
0.22426093897511443 1.2451076133210335 7.0
0.44852187795022885 1.2303137303143454 7.0
0.6727828169253433 1.2052537984798057 7.0
0.8970437559004577 1.1692679333668567 7.0
1.121304694875572 1.121304694875572 7.0
1.3455656338506865 1.0597390598633232 7.0
1.569826572825801 0.9820160226544168 7.0
1.7940875118009154 0.8838834764831844 7.0
-1.695582495781317 1.0606601717798214 7.0
-1.4836346838086525 1.1784192271853002 7.0
-1.2716868718359877 1.2716868718359877 7.0
-1.0597390598633232 1.3455656338506865 7.0
-0.8477912478906585 1.403121520040228 7.0
-0.6358434359179939 1.4463045581757668 7.0
-0.42389562394532926 1.4763764763772147 7.0
-0.21194781197266463 1.49412913598524 7.0
0.0 1.5 7.0
0.21194781197266463 1.49412913598524 7.0
0.42389562394532926 1.4763764763772147 7.0
0.6358434359179939 1.4463045581757668 7.0
0.8477912478906585 1.403121520040228 7.0
1.0597390598633232 1.3455656338506865 7.0
1.2716868718359877 1.2716868718359877 7.0
1.4836346838086525 1.1784192271853002 7.0
1.695582495781317 1.0606601717798214 7.0
-1.571225636247067 1.2374368670764582 7.0
-1.3748224317161835 1.3748224317161835 7.0
-1.1784192271853002 1.4836346838086525 7.0
-0.9820160226544168 1.569826572825801 7.0
-0.7856128181235335 1.6369751067135994 7.0
-0.5892096135926501 1.6873553178717278 7.0
-0.3928064090617667 1.7224392224400837 7.0
-0.19640320453088336 1.7431506586494467 7.0
0.0 1.75 7.0
0.19640320453088336 1.7431506586494467 7.0
0.3928064090617667 1.7224392224400837 7.0
0.5892096135926501 1.6873553178717278 7.0
0.7856128181235335 1.6369751067135994 7.0
0.9820160226544168 1.569826572825801 7.0
1.1784192271853002 1.4836346838086525 7.0
1.3748224317161835 1.3748224317161835 7.0
1.571225636247067 1.2374368670764582 7.0
-1.4142135623730951 1.4142135623730951 7.0
-1.2374368670764582 1.571225636247067 7.0
-1.0606601717798214 1.695582495781317 7.0
-0.8838834764831844 1.7940875118009154 7.0
-0.7071067811865476 1.8708286933869707 7.0
-0.5303300858899107 1.928406077567689 7.0
-0.3535533905932738 1.9685019685029528 7.0
-0.1767766952966369 1.9921721813136535 7.0
0.0 2.0 7.0
0.1767766952966369 1.9921721813136535 7.0
0.3535533905932738 1.9685019685029528 7.0
0.5303300858899107 1.928406077567689 7.0
0.7071067811865476 1.8708286933869707 7.0
0.8838834764831844 1.7940875118009154 7.0
1.0606601717798214 1.695582495781317 7.0
1.2374368670764582 1.571225636247067 7.0
1.4142135623730951 1.4142135623730951 7.0
