node_idx,feb_id,A_static_dx,A_static_dy,A_static_dz,A_static_mag,B_static_dx,B_static_dy,B_static_dz,B_static_mag,diff_dx,diff_dy,diff_dz,diff_mag
0,1,-0.0375836,-0.0371247,0.439773,0.44293457,1.16043e-14,-4.31254e-15,2.51331e-14,2.8016613e-14,-0.0375836,-0.0371247,0.439773,0.44293457
1,2,-0.0353404,-0.0391293,0.448579,0.45166713,1.19813e-14,-2.78758e-15,2.8034e-14,3.061417e-14,-0.0353404,-0.0391293,0.448579,0.45166713
2,3,-0.0356344,-0.040019,0.439414,0.44266915,1.34415e-14,-2.76564e-15,2.90926e-14,3.2166784e-14,-0.0356344,-0.040019,0.439414,0.44266915
3,4,-0.0358881,-0.0408365,0.43,0.43342307,1.31418e-14,1.04859e-15,2.44509e-14,2.7778644e-14,-0.0358881,-0.0408365,0.43,0.43342307
4,5,-0.0378445,-0.0379092,0.43039,0.43371058,1.35939e-14,-1.82688e-15,2.64286e-14,2.977587e-14,-0.0378445,-0.0379092,0.43039,0.43371058
5,6,-0.0380892,-0.0387314,0.420885,0.42437613,1.35518e-14,-1.34866e-16,2.22751e-14,2.6073926e-14,-0.0380892,-0.0387314,0.420885,0.42437613
6,7,-0.035994,-0.0415791,0.420462,0.42404327,1.37679e-14,5.03354e-16,2.13881e-14,2.544129e-14,-0.035994,-0.0415791,0.420462,0.42404327
7,8,-0.0381426,-0.0395408,0.411232,0.41488564,1.1364e-14,-3.88831e-16,2.17946e-14,2.4582438e-14,-0.0381426,-0.0395408,0.411232,0.41488564
8,9,-0.0360182,-0.0423753,0.410836,0.41458318,1.1763e-14,3.20377e-16,1.92481e-14,2.2560145e-14,-0.0360182,-0.0423753,0.410836,0.41458318
9,10,-0.0401689,-0.0367702,0.41159,0.415177,1.12093e-14,-1.61957e-16,2.19173e-14,2.4617933e-14,-0.0401689,-0.0367702,0.41159,0.415177
10,11,-0.0381982,-0.0403463,0.401581,0.40540624,1.20488e-14,7.28056e-16,2.03419e-14,2.3653678e-14,-0.0381982,-0.0403463,0.401581,0.40540624
11,12,-0.0359929,-0.0431315,0.4012,0.40511388,1.22882e-14,-3.37436e-16,2.02814e-14,2.3716004e-14,-0.0359929,-0.0431315,0.4012,0.40511388
12,13,-0.0403121,-0.0375499,0.401912,0.4056702,1.15134e-14,-3.63926e-16,2.06376e-14,2.363475e-14,-0.0403121,-0.0375499,0.401912,0.4056702
13,14,-0.0382509,-0.0411526,0.391972,0.39597818,1.29767e-14,-2.8117e-16,2.01347e-14,2.3955791e-14,-0.0382509,-0.0411526,0.391972,0.39597818
14,15,-0.0360283,-0.0439208,0.391597,0.39569595,1.18275e-14,-8.13353e-16,2.15839e-14,2.4625516e-14,-0.0360283,-0.0439208,0.391597,0.39569595
15,16,-0.0404429,-0.0384079,0.39232,0.3962648,1.20161e-14,-4.09646e-16,2.20814e-14,2.5142448e-14,-0.0404429,-0.0384079,0.39232,0.3962648
16,17,-0.0383555,-0.041974,0.382407,0.386611,1.31249e-14,-1.27756e-16,1.89021e-14,2.3012359e-14,-0.0383555,-0.041974,0.382407,0.386611
17,18,-0.0361131,-0.0447207,0.382033,0.38633314,1.4019e-14,-1.02536e-15,2.09587e-14,2.5235903e-14,-0.0361131,-0.0447207,0.382033,0.38633314
18,19,-0.040569,-0.0392498,0.382763,0.38690296,1.15434e-14,-2.1012e-15,2.02555e-14,2.340834e-14,-0.040569,-0.0392498,0.382763,0.38690296
19,20,-0.0359901,-0.0453127,0.372468,0.37693626,1.42224e-14,1.33016e-15,1.68789e-14,2.2112061e-14,-0.0359901,-0.0453127,0.372468,0.37693626
20,21,-0.0382327,-0.0425785,0.372835,0.37720102,1.43437e-14,-2.67569e-16,1.91728e-14,2.3945974e-14,-0.0382327,-0.0425785,0.372835,0.37720102
21,22,-0.0405198,-0.0399233,0.373195,0.37750527,1.24549e-14,5.16028e-16,1.80517e-14,2.1937518e-14,-0.0405198,-0.0399233,0.373195,0.37750527
22,23,-0.035852,-0.0458702,0.362884,0.3675245,1.34116e-14,1.52637e-15,1.66494e-14,2.1433696e-14,-0.035852,-0.0458702,0.362884,0.3675245
23,24,-0.0381546,-0.0431993,0.363248,0.36779213,1.33556e-14,-2.79709e-16,1.5012e-14,2.0095035e-14,-0.0381546,-0.0431993,0.363248,0.36779213
24,25,-0.0356969,-0.0479289,0.334159,0.33946088,8.51853e-15,-3.15588e-15,1.63392e-14,1.8694768e-14,-0.0356969,-0.0479289,0.334159,0.33946088
25,26,-0.0332417,-0.0508903,0.324195,0.32984424,9.95679e-15,-4.24051e-16,1.43194e-14,1.7445994e-14,-0.0332417,-0.0508903,0.324195,0.32984424
26,27,-0.0355317,-0.048439,0.324535,0.3300482,9.5162e-15,-9.81633e-16,1.39844e-14,1.6943586e-14,-0.0355317,-0.048439,0.324535,0.3300482
27,28,-0.0357363,-0.0464664,0.35329,0.35812014,1.21893e-14,2.58762e-15,1.75804e-14,2.1548672e-14,-0.0357363,-0.0464664,0.35329,0.35812014
28,29,-0.03807,-0.0438239,0.353644,0.35837683,1.15123e-14,1.19966e-15,1.79366e-14,2.1346989e-14,-0.03807,-0.0438239,0.353644,0.35837683
29,30,-0.0404394,-0.040551,0.363607,0.36808935,1.23795e-14,-2.11254e-15,1.9752e-14,2.340633e-14,-0.0404394,-0.040551,0.363607,0.36808935
30,31,-0.0380388,-0.0445245,0.344063,0.3490111,1.00986e-14,-3.48429e-16,1.69063e-14,1.969584e-14,-0.0380388,-0.0445245,0.344063,0.3490111
31,32,-0.0356716,-0.0471572,0.343729,0.3487777,1.04336e-14,-3.98114e-16,1.88799e-14,2.1574734e-14,-0.0356716,-0.0471572,0.343729,0.3487777
32,33,-0.0403877,-0.0419211,0.34442,0.34930456,9.64129e-15,-8.01299e-16,1.79359e-14,2.037874e-14,-0.0403877,-0.0419211,0.34442,0.34930456
33,34,-0.038044,-0.0452636,0.334504,0.33968967,1.05141e-14,-9.37623e-16,1.49147e-14,1.8272212e-14,-0.038044,-0.0452636,0.334504,0.33968967
34,35,-0.0403707,-0.0426288,0.334873,0.33998078,1.12519e-14,-1.27551e-15,1.92477e-14,2.233173e-14,-0.0403707,-0.0426288,0.334873,0.33998078
35,36,-0.0378643,-0.0457859,0.324941,0.3303282,9.78206e-15,5.7894e-16,1.09154e-14,1.4668668e-14,-0.0378643,-0.0457859,0.324941,0.3303282
36,37,-0.0401599,-0.0431416,0.325343,0.33063892,1.10362e-14,2.24346e-16,1.81418e-14,2.1236124e-14,-0.0401599,-0.0431416,0.325343,0.33063892
37,38,-0.0352762,-0.0487981,0.315026,0.32072893,1.14403e-14,-5.81348e-16,1.46281e-14,1.857955e-14,-0.0352762,-0.0487981,0.315026,0.32072893
38,39,-0.0375637,-0.0461546,0.31542,0.3209845,9.40178e-15,-1.05926e-15,1.46309e-14,1.7423512e-14,-0.0375637,-0.0461546,0.31542,0.3209845
39,40,-0.0349487,-0.0491173,0.305494,0.31138483,1.02768e-14,-1.60528e-15,1.34725e-14,1.7020512e-14,-0.0349487,-0.0491173,0.305494,0.31138483
40,41,-0.0372139,-0.0464828,0.305886,0.31162763,1.05496e-14,-5.95271e-16,1.12267e-14,1.5417108e-14,-0.0372139,-0.0464828,0.305886,0.31162763
41,42,-0.0398369,-0.0435272,0.315823,0.32128766,9.12683e-15,-8.87078e-16,1.45345e-14,1.7185389e-14,-0.0398369,-0.0435272,0.315823,0.32128766
42,43,-0.0345773,-0.0494218,0.29594,0.30202416,9.44782e-15,-8.54176e-16,1.21863e-14,1.5443344e-14,-0.0345773,-0.0494218,0.29594,0.30202416
43,44,-0.0368198,-0.0467743,0.296339,0.30225873,8.881e-15,-1.27646e-15,1.54892e-14,1.7900191e-14,-0.0368198,-0.0467743,0.296339,0.30225873
44,45,-0.0394483,-0.0438453,0.306289,0.31191587,9.79713e-15,-1.159e-15,1.26303e-14,1.6026588e-14,-0.0394483,-0.0438453,0.306289,0.31191587
45,46,-0.0341695,-0.0497004,0.286383,0.29266518,9.69081e-15,-9.49384e-16,1.45141e-14,1.7477763e-14,-0.0341695,-0.0497004,0.286383,0.29266518
46,47,-0.0363962,-0.0470273,0.286789,0.29288936,9.15272e-15,-8.87734e-16,1.47551e-14,1.738601e-14,-0.0363962,-0.0470273,0.286789,0.29288936
47,48,-0.0390431,-0.0441341,0.296742,0.30253592,8.41418e-15,-1.88811e-15,1.42584e-14,1.6663295e-14,-0.0390431,-0.0441341,0.296742,0.30253592
48,49,-0.0336875,-0.0499015,0.276836,0.28330758,8.88356e-15,6.09977e-16,1.3071e-14,1.5815838e-14,-0.0336875,-0.0499015,0.276836,0.28330758
49,50,-0.0359173,-0.0472051,0.277238,0.2835124,9.47244e-15,1.83513e-15,1.43081e-14,1.7257361e-14,-0.0359173,-0.0472051,0.277238,0.2835124
50,51,-0.0386011,-0.0443616,0.287205,0.2931633,8.59658e-15,-1.18035e-15,1.13806e-14,1.431127e-14,-0.0386011,-0.0443616,0.287205,0.2931633
51,52,-0.0331706,-0.0500564,0.26728,0.2739426,9.61876e-15,1.62084e-15,1.14382e-14,1.5032634e-14,-0.0331706,-0.0500564,0.26728,0.2739426
52,53,-0.0354249,-0.0473788,0.267627,0.27408737,6.79813e-15,2.00291e-16,1.051e-14,1.2518578e-14,-0.0354249,-0.0473788,0.267627,0.27408737
53,54,-0.038115,-0.0445236,0.277684,0.28380188,7.50015e-15,-2.50595e-16,1.29448e-14,1.4962717e-14,-0.038115,-0.0445236,0.277684,0.28380188
54,55,-0.0324419,-0.0500644,0.257813,0.26462513,8.18846e-15,3.83982e-16,1.41965e-14,1.6393259e-14,-0.0324419,-0.0500644,0.257813,0.26462513
55,56,-0.0346938,-0.0474551,0.258072,0.26468244,7.75635e-15,-5.05276e-16,9.24279e-15,1.2076648e-14,-0.0346938,-0.0474551,0.258072,0.26468244
56,57,-0.0368253,-0.0448216,0.258373,0.264805,6.53755e-15,4.7682e-16,1.27957e-14,1.4376956e-14,-0.0368253,-0.0448216,0.258373,0.264805
57,58,-0.0316293,-0.050074,0.248407,0.25537005,7.65709e-15,5.55951e-16,1.23386e-14,1.4532073e-14,-0.0316293,-0.050074,0.248407,0.25537005
58,59,-0.0339732,-0.047585,0.248618,0.2554005,7.18954e-15,-8.65432e-16,1.17983e-14,1.384335e-14,-0.0339732,-0.047585,0.248618,0.2554005
59,60,-0.0466857,-0.0177409,0.441558,0.44437346,1.16302e-14,1.88292e-15,2.04119e-14,2.3568043e-14,-0.0466857,-0.0177409,0.441558,0.44437346
60,61,-0.0453843,-0.0204545,0.447582,0.45034185,1.11887e-14,-1.25146e-15,2.85e-14,3.064316e-14,-0.0453843,-0.0204545,0.447582,0.45034185
61,62,-0.0457973,-0.0214316,0.440968,0.44385752,1.22771e-14,-1.21521e-15,2.62172e-14,2.897491e-14,-0.0457973,-0.0214316,0.440968,0.44385752
62,63,-0.0451704,-0.0129048,0.455902,0.45831597,1.31299e-14,7.47181e-18,2.43233e-14,2.7640862e-14,-0.0451704,-0.0129048,0.455902,0.45831597
63,64,-0.0458897,-0.0172745,0.449072,0.451741,1.21421e-14,7.8613e-16,2.30791e-14,2.6090102e-14,-0.0458897,-0.0172745,0.449072,0.451741
64,65,-0.0461345,-0.0131641,0.449774,0.45232546,1.19704e-14,1.83117e-15,2.11707e-14,2.4389387e-14,-0.0461345,-0.0131641,0.449774,0.45232546
65,66,-0.0470875,-0.0134667,0.442147,0.44485113,1.18947e-14,3.0348e-15,2.18682e-14,2.507812e-14,-0.0470875,-0.0134667,0.442147,0.44485113
66,67,-0.0448419,-0.00837118,0.455275,0.45755458,1.3873e-14,-7.24244e-16,2.37917e-14,2.7550494e-14,-0.0448419,-0.00837118,0.455275,0.45755458
67,68,-0.0459138,-0.00913028,0.449453,0.4518843,1.28026e-14,6.231e-16,1.67258e-14,2.1072428e-14,-0.0459138,-0.00913028,0.449453,0.4518843
68,69,-0.0469115,-0.00924534,0.442495,0.44507074,1.0551e-14,1.99011e-15,1.75231e-14,2.055099e-14,-0.0469115,-0.00924534,0.442495,0.44507074
69,70,-0.0450095,-0.00632086,0.447955,0.45025492,1.15254e-14,1.04733e-15,2.11997e-14,2.4152826e-14,-0.0450095,-0.00632086,0.447955,0.45025492
70,71,-0.0455521,-0.00595907,0.442138,0.4445183,1.08127e-14,1.80581e-15,2.14642e-14,2.4101604e-14,-0.0455521,-0.00595907,0.442138,0.4445183
71,72,-0.0426612,-0.0267499,0.449918,0.45272702,1.307e-14,-1.32297e-15,2.51028e-14,2.8332415e-14,-0.0426612,-0.0267499,0.449918,0.45272702
72,73,-0.0406428,-0.0292962,0.45537,0.45811784,1.09104e-14,5.584e-17,3.02833e-14,3.2188794e-14,-0.0406428,-0.0292962,0.45537,0.45811784
73,74,-0.0408516,-0.0300374,0.44906,0.45191368,1.2528e-14,1.5817e-15,2.29577e-14,2.6201307e-14,-0.0408516,-0.0300374,0.44906,0.45191368
74,75,-0.0430188,-0.027741,0.440968,0.443929,1.51921e-14,-1.02413e-15,2.41477e-14,2.8547507e-14,-0.0430188,-0.027741,0.440968,0.443929
75,76,-0.0411142,-0.0309801,0.440438,0.44343632,1.2469e-14,-8.29074e-16,2.17293e-14,2.5066427e-14,-0.0411142,-0.0309801,0.440438,0.44343632
76,77,-0.0414878,-0.0218824,0.46585,0.4682054,1.17585e-14,-8.54522e-16,2.43667e-14,2.706896e-14,-0.0414878,-0.0218824,0.46585,0.4682054
77,78,-0.0420698,-0.0264174,0.457482,0.46017122,1.18749e-14,-5.9839e-16,2.74739e-14,2.9936374e-14,-0.0420698,-0.0264174,0.457482,0.46017122
78,79,-0.0435193,-0.0220862,0.459439,0.46202374,1.30126e-14,-1.84506e-16,2.45849e-14,2.7816886e-14,-0.0435193,-0.0220862,0.459439,0.46202374
79,80,-0.044376,-0.0222734,0.450859,0.45358482,1.30119e-14,-1.17074e-15,2.12766e-14,2.4967458e-14,-0.044376,-0.0222734,0.450859,0.45358482
80,81,-0.0445025,-0.0242965,0.441299,0.44420218,1.35393e-14,-2.19482e-17,2.5098e-14,2.8517058e-14,-0.0445025,-0.0242965,0.441299,0.44420218
81,82,-0.0422032,-0.016996,0.467283,0.4694927,1.02868e-14,-1.90939e-15,2.63122e-14,2.8316e-14,-0.0422032,-0.016996,0.467283,0.4694927
82,83,-0.0446151,-0.017277,0.461786,0.4642578,1.11238e-14,-4.59276e-16,2.58778e-14,2.8171091e-14,-0.0446151,-0.017277,0.461786,0.4642578
83,84,-0.0452732,-0.0174594,0.45495,0.45753032,1.02137e-14,1.15638e-15,2.51915e-14,2.7207876e-14,-0.0452732,-0.0174594,0.45495,0.45753032
84,85,-0.0443726,-0.0123963,0.462422,0.46471143,1.18375e-14,1.01279e-16,2.21968e-14,2.5156204e-14,-0.0443726,-0.0123963,0.462422,0.46471143
85,86,-0.0428149,-0.00793297,0.46067,0.46272334,1.39533e-14,1.2283e-15,2.37546e-14,2.757688e-14,-0.0428149,-0.00793297,0.46067,0.46272334
86,87,-0.042031,-0.012167,0.467674,0.46971652,9.76646e-15,3.58714e-16,2.37257e-14,2.565972e-14,-0.042031,-0.012167,0.467674,0.46971652
87,88,-0.040453,-0.004209,0.456796,0.45860302,1.39379e-14,1.13862e-15,2.45808e-14,2.8280333e-14,-0.040453,-0.004209,0.456796,0.45860302
88,89,-0.0432764,-0.00451299,0.450942,0.4530363,1.315e-14,1.90541e-15,2.16874e-14,2.5434158e-14,-0.0432764,-0.00451299,0.450942,0.4530363
89,90,-0.0441483,-0.0031168,0.443236,0.44544014,1.33909e-14,3.60287e-15,2.11423e-14,2.5284259e-14,-0.0441483,-0.0031168,0.443236,0.44544014
90,91,-0.0410279,-0.00192894,0.449127,0.45100117,1.42365e-14,2.00325e-15,2.39893e-14,2.7967435e-14,-0.0410279,-0.00192894,0.449127,0.45100117
91,92,-0.0411768,-0.00120933,0.44306,0.44497097,1.60387e-14,2.96988e-15,1.93124e-14,2.527902e-14,-0.0411768,-0.00120933,0.44306,0.44497097
92,93,-0.0392638,-0.0312283,0.458516,0.4612524,1.01348e-14,2.81513e-16,2.74959e-14,2.9305595e-14,-0.0392638,-0.0312283,0.458516,0.4612524
93,94,-0.0367185,-0.0346377,0.464042,0.4667794,1.30309e-14,-4.93741e-15,2.83808e-14,3.1617277e-14,-0.0367185,-0.0346377,0.464042,0.4667794
94,95,-0.0371561,-0.035201,0.457456,0.4603104,1.17121e-14,-2.07736e-15,2.68659e-14,2.9381377e-14,-0.0371561,-0.035201,0.457456,0.4603104
95,96,-0.0391565,-0.0328484,0.449259,0.45215696,1.12353e-14,-1.99154e-15,2.57106e-14,2.8128866e-14,-0.0391565,-0.0328484,0.449259,0.45215696
96,97,-0.0372951,-0.0362216,0.448861,0.45186183,1.11369e-14,-3.62822e-15,2.78164e-14,3.018189e-14,-0.0372951,-0.0362216,0.448861,0.45186183
97,98,-0.039361,-0.0339786,0.440126,0.443187,1.12878e-14,-2.9611e-15,2.3706e-14,2.642266e-14,-0.039361,-0.0339786,0.440126,0.443187
98,99,-0.0409863,-0.0268341,0.463747,0.46632737,1.28826e-14,-1.88746e-16,2.6883e-14,2.981095e-14,-0.0409863,-0.0268341,0.463747,0.46632737
99,100,-0.0374165,-0.0312345,0.466238,0.4687787,9.98281e-15,-2.39656e-15,2.80713e-14,2.9889763e-14,-0.0374165,-0.0312345,0.466238,0.4687787
100,101,-0.0380073,-0.0266992,0.469256,0.47154915,1.11269e-14,-2.28446e-15,2.55094e-14,2.7924115e-14,-0.0380073,-0.0266992,0.469256,0.47154915
101,102,-0.0391775,-0.0166422,0.471475,0.47339255,1.17633e-14,-3.78874e-16,2.46443e-14,2.7310443e-14,-0.0391775,-0.0166422,0.471475,0.47339255
102,103,-0.0364209,-0.0189782,0.473766,0.47554272,1.19874e-14,-1.24705e-15,2.56155e-14,2.8309127e-14,-0.0364209,-0.0189782,0.473766,0.47554272
103,104,-0.0380457,-0.0213663,0.471189,0.4732051,1.05188e-14,-1.93514e-15,2.63214e-14,2.841137e-14,-0.0380457,-0.0213663,0.471189,0.4732051
104,105,-0.0391512,-0.0121641,0.471839,0.47361675,1.19858e-14,1.86836e-15,2.79848e-14,3.0500806e-14,-0.0391512,-0.0121641,0.471839,0.47361675
105,106,-0.036776,-0.0159755,0.474458,0.47614923,1.07644e-14,1.00396e-15,2.64878e-14,2.8609154e-14,-0.036776,-0.0159755,0.474458,0.47614923
106,107,-0.0363972,-0.00950244,0.474833,0.47632074,1.11263e-14,1.66854e-15,2.35492e-14,2.6098725e-14,-0.0363972,-0.00950244,0.474833,0.47632074
107,108,-0.0378587,-0.0077187,0.472086,0.47366452,1.09538e-14,1.09533e-15,2.50432e-14,2.7355937e-14,-0.0378587,-0.0077187,0.472086,0.47366452
108,109,-0.0407833,-0.00745874,0.466785,0.46862262,1.30822e-14,-7.20039e-16,2.6623e-14,2.967232e-14,-0.0407833,-0.00745874,0.466785,0.46862262
109,110,-0.0368689,-0.0045936,0.469067,0.47053614,1.07272e-14,-1.02479e-15,3.01223e-14,3.199181e-14,-0.0368689,-0.0045936,0.469067,0.47053614
110,111,-0.0378642,-0.00371489,0.463252,0.4648117,1.32382e-14,-5.28544e-16,2.6784e-14,2.9881632e-14,-0.0378642,-0.00371489,0.463252,0.4648117
111,112,-0.036554,-0.00150061,0.458566,0.46002308,1.45317e-14,-7.98085e-16,2.42929e-14,2.8318761e-14,-0.036554,-0.00150061,0.458566,0.46002308
112,113,-0.0380178,-0.00100274,0.452671,0.45426574,1.45395e-14,9.82351e-16,2.08213e-14,2.541434e-14,-0.0380178,-0.00100274,0.452671,0.45426574
113,114,-0.0376687,0.000431944,0.444804,0.44639638,1.50134e-14,3.46132e-15,1.63657e-14,2.2477078e-14,-0.0376687,0.000431944,0.444804,0.44639638
114,115,-0.0555666,-0.0160327,0.376338,0.3807558,8.0005e-15,3.27518e-16,1.63186e-14,1.8177237e-14,-0.0555666,-0.0160327,0.376338,0.3807558
115,116,-0.0537164,-0.0185248,0.385414,0.38957998,1.00993e-14,4.52436e-16,1.52137e-14,1.8266286e-14,-0.0537164,-0.0185248,0.385414,0.38957998
116,117,-0.0540307,-0.0196635,0.375843,0.38021564,9.66274e-15,1.67565e-15,1.75844e-14,2.0134237e-14,-0.0540307,-0.0196635,0.375843,0.38021564
117,118,-0.05616,-0.0166537,0.367071,0.37171552,8.88594e-15,6.90601e-16,1.64558e-14,1.8714439e-14,-0.05616,-0.0166537,0.367071,0.37171552
118,119,-0.0544359,-0.0206308,0.366331,0.37092763,9.74961e-15,-1.10151e-16,1.89728e-14,2.133153e-14,-0.0544359,-0.0206308,0.366331,0.37092763
119,120,-0.0545657,-0.0105669,0.393771,0.39767408,8.93466e-15,2.03413e-15,1.99048e-14,2.191271e-14,-0.0545657,-0.0105669,0.393771,0.39767408
120,121,-0.0537557,-0.0132101,0.399495,0.40331185,1.05628e-14,1.24277e-15,1.74223e-14,2.0412098e-14,-0.0537557,-0.0132101,0.399495,0.40331185
121,122,-0.0543046,-0.0141706,0.393845,0.39782366,9.57709e-15,-2.32405e-16,1.72577e-14,1.973836e-14,-0.0543046,-0.0141706,0.393845,0.39782366
122,123,-0.0557643,-0.0111677,0.38586,0.3900286,1.10504e-14,1.47936e-15,2.11509e-14,2.3909421e-14,-0.0557643,-0.0111677,0.38586,0.3900286
123,124,-0.0550317,-0.0152338,0.385586,0.3897911,1.05236e-14,1.90409e-15,1.65997e-14,1.9746437e-14,-0.0550317,-0.0152338,0.385586,0.3897911
124,125,-0.0565389,-0.0117261,0.377113,0.38150802,1.00162e-14,5.14349e-16,1.86296e-14,2.115776e-14,-0.0565389,-0.0117261,0.377113,0.38150802
125,126,-0.0572935,-0.0121661,0.36888,0.37350103,8.61823e-15,3.23549e-17,2.06626e-14,2.2387897e-14,-0.0572935,-0.0121661,0.36888,0.37350103
126,127,-0.0537494,-0.00601082,0.400099,0.40373796,8.42421e-15,3.64923e-15,2.09855e-14,2.2905794e-14,-0.0537494,-0.00601082,0.400099,0.40373796
127,128,-0.0548711,-0.00621754,0.393643,0.39749753,9.49473e-15,2.36361e-15,2.37954e-14,2.5728538e-14,-0.0548711,-0.00621754,0.393643,0.39749753
128,129,-0.0562456,-0.00659583,0.386142,0.39027262,8.61341e-15,2.11848e-15,2.15255e-14,2.3281451e-14,-0.0562456,-0.00659583,0.386142,0.39027262
129,130,-0.0571469,-0.00708224,0.377892,0.3822542,1.18045e-14,2.82497e-17,2.40888e-14,2.6825684e-14,-0.0571469,-0.00708224,0.377892,0.3822542
130,131,-0.0579744,-0.00745929,0.370219,0.37480497,9.99591e-15,2.80118e-15,1.82312e-14,2.097955e-14,-0.0579744,-0.00745929,0.370219,0.37480497
131,132,-0.0585619,-0.00776811,0.363377,0.36814764,8.99276e-15,3.94725e-15,1.87741e-14,2.118767e-14,-0.0585619,-0.00776811,0.363377,0.36814764
132,133,-0.0579511,-0.0124624,0.361438,0.3662664,1.05113e-14,1.64344e-15,1.7681e-14,2.063507e-14,-0.0579511,-0.0124624,0.361438,0.3662664
133,134,-0.053749,-0.0018675,0.392102,0.3957732,1.12091e-14,2.63297e-16,2.16398e-14,2.4371996e-14,-0.053749,-0.0018675,0.392102,0.3957732
134,135,-0.0550518,-0.0021179,0.384838,0.3887615,9.99767e-15,2.36368e-15,1.79435e-14,2.0676305e-14,-0.0550518,-0.0021179,0.384838,0.3887615
135,136,-0.0563923,-0.00249782,0.377388,0.38158622,9.77294e-15,2.89997e-15,1.35984e-14,1.6995196e-14,-0.0563923,-0.00249782,0.377388,0.38158622
136,137,-0.0571942,-0.00288092,0.369863,0.3742701,9.30783e-15,3.61872e-15,1.58976e-14,1.8774038e-14,-0.0571942,-0.00288092,0.369863,0.3742701
137,138,-0.0577969,-0.00319953,0.362849,0.3674372,9.99555e-15,5.09773e-15,1.49963e-14,1.8729306e-14,-0.0577969,-0.00319953,0.362849,0.3674372
138,139,-0.0510981,-0.0260234,0.375119,0.3794766,8.11324e-15,1.01713e-15,1.90736e-14,2.0752383e-14,-0.0510981,-0.0260234,0.375119,0.3794766
139,140,-0.0489019,-0.0280712,0.384287,0.38840172,9.70238e-15,-2.50624e-15,1.8349e-14,2.0907014e-14,-0.0489019,-0.0280712,0.384287,0.38840172
140,141,-0.0492398,-0.0290441,0.374716,0.37905174,1.16056e-14,-2.02687e-15,1.798e-14,2.1496012e-14,-0.0492398,-0.0290441,0.374716,0.37905174
141,142,-0.0513469,-0.0268427,0.365586,0.37014884,7.04387e-15,5.35475e-16,1.79166e-14,1.9258956e-14,-0.0513469,-0.0268427,0.365586,0.37014884
142,143,-0.0493326,-0.0297898,0.365135,0.36965486,9.31498e-15,1.85391e-15,1.53429e-14,1.804468e-14,-0.0493326,-0.0297898,0.365135,0.36965486
143,144,-0.0512855,-0.0194618,0.403227,0.406941,1.15523e-14,1.58906e-15,1.88486e-14,2.2164172e-14,-0.0512855,-0.0194618,0.403227,0.406941
144,145,-0.0493993,-0.0220225,0.409401,0.41295817,1.15988e-14,1.34837e-15,2.16896e-14,2.4633089e-14,-0.0493993,-0.0220225,0.409401,0.41295817
145,146,-0.0497151,-0.0228954,0.402679,0.4063818,1.12994e-14,6.94541e-16,2.18237e-14,2.4585214e-14,-0.0497151,-0.0228954,0.402679,0.4063818
146,147,-0.0518539,-0.0205495,0.394334,0.39825922,1.02448e-14,4.4747e-16,1.7479e-14,2.0265033e-14,-0.0518539,-0.0205495,0.394334,0.39825922
147,148,-0.0501257,-0.0239459,0.393928,0.39782566,1.23216e-14,7.2925e-16,1.98851e-14,2.3404505e-14,-0.0501257,-0.0239459,0.393928,0.39782566
148,149,-0.0524211,-0.021743,0.385088,0.38924736,1.06327e-14,-7.16408e-16,1.83243e-14,2.119782e-14,-0.0524211,-0.021743,0.385088,0.38924736
149,150,-0.0507344,-0.0250728,0.384674,0.3888145,1.09868e-14,2.8126e-16,2.06201e-14,2.3366161e-14,-0.0507344,-0.0250728,0.384674,0.3888145
150,151,-0.0527438,-0.0228573,0.375524,0.37989822,8.62674e-15,2.27043e-15,1.96586e-14,2.1587868e-14,-0.0527438,-0.0228573,0.375524,0.37989822
151,152,-0.052976,-0.023828,0.365984,0.37056515,8.95354e-15,2.08803e-15,1.9638e-14,2.168356e-14,-0.052976,-0.023828,0.365984,0.37056515
152,153,-0.0515265,-0.0146828,0.412818,0.41628027,1.24318e-14,2.2596e-15,2.16736e-14,2.5087852e-14,-0.0515265,-0.0146828,0.412818,0.41628027
153,154,-0.0495104,-0.019152,0.417998,0.42135543,1.35848e-14,1.21305e-15,2.0022e-14,2.4225994e-14,-0.0495104,-0.019152,0.417998,0.42135543
154,155,-0.0504756,-0.0189884,0.4113,0.4148205,1.17436e-14,1.78288e-15,1.57489e-14,1.9726091e-14,-0.0504756,-0.0189884,0.4113,0.4148205
155,156,-0.052711,-0.0149817,0.4034,0.40710497,1.09063e-14,1.92443e-15,2.12149e-14,2.3931628e-14,-0.052711,-0.0149817,0.4034,0.40710497
156,157,-0.0531179,-0.0170207,0.394365,0.39829007,1.01551e-14,-1.37017e-16,1.76995e-14,2.0406303e-14,-0.0531179,-0.0170207,0.394365,0.39829007
157,158,-0.0506829,-0.00981939,0.421673,0.4248215,1.10149e-14,2.62285e-15,1.93151e-14,2.2389293e-14,-0.0506829,-0.00981939,0.421673,0.4248215
158,159,-0.0493689,-0.014132,0.427294,0.4303686,1.0845e-14,2.01544e-15,2.39663e-14,2.638294e-14,-0.0493689,-0.014132,0.427294,0.4303686
159,160,-0.0503885,-0.0144395,0.420648,0.42390123,1.16389e-14,2.10405e-15,2.17429e-14,2.4751661e-14,-0.0503885,-0.0144395,0.420648,0.42390123
160,161,-0.0518087,-0.0101402,0.414024,0.41737613,1.06263e-14,8.15543e-16,2.01989e-14,2.2838102e-14,-0.0518087,-0.0101402,0.414024,0.41737613
161,162,-0.0529072,-0.0103379,0.406015,0.4095781,9.60708e-15,3.15547e-15,1.65445e-14,1.9390034e-14,-0.0529072,-0.0103379,0.406015,0.4095781
162,163,-0.0537958,-0.0101761,0.400031,0.40376025,1.03365e-14,1.78137e-15,1.92063e-14,2.1883748e-14,-0.0537958,-0.0101761,0.400031,0.40376025
163,164,-0.0502374,-0.00570218,0.421332,0.42435476,9.18265e-15,2.16806e-15,1.82601e-14,2.0553658e-14,-0.0502374,-0.00570218,0.421332,0.42435476
164,165,-0.0513706,-0.00591524,0.414329,0.41754335,1.01989e-14,2.02653e-15,1.74188e-14,2.0286424e-14,-0.0513706,-0.00591524,0.414329,0.41754335
165,166,-0.0526004,-0.00596268,0.406762,0.41019225,9.03503e-15,3.16305e-15,1.60908e-14,1.8722994e-14,-0.0526004,-0.00596268,0.406762,0.41019225
166,167,-0.0491443,-0.00289104,0.420329,0.42320207,1.08399e-14,1.00714e-15,1.99451e-14,2.272278e-14,-0.0491443,-0.00289104,0.420329,0.42320207
167,168,-0.0498999,-0.00262194,0.414149,0.41715255,1.01177e-14,1.21537e-15,1.82251e-14,2.0880595e-14,-0.0498999,-0.00262194,0.414149,0.41715255
168,169,-0.0513469,-0.00206283,0.406694,0.40992773,8.6145e-15,2.45635e-15,1.59654e-14,1.8306755e-14,-0.0513469,-0.00206283,0.406694,0.40992773
169,170,-0.0527239,-0.0017951,0.399295,0.40276486,8.63864e-15,1.74167e-15,1.86907e-14,2.0664021e-14,-0.0527239,-0.0017951,0.399295,0.40276486
170,171,-0.0465893,-0.0299288,0.393381,0.39725924,1.10671e-14,-1.45676e-15,1.95777e-14,2.2536397e-14,-0.0465893,-0.0299288,0.393381,0.39725924
171,172,-0.0442209,-0.0318588,0.402488,0.40616137,1.24544e-14,1.66017e-15,2.22444e-14,2.5547633e-14,-0.0442209,-0.0318588,0.402488,0.40616137
172,173,-0.044645,-0.0328501,0.392999,0.39688855,1.28627e-14,-1.57479e-16,2.72322e-14,3.0117547e-14,-0.044645,-0.0328501,0.392999,0.39688855
173,174,-0.0471627,-0.0309875,0.383936,0.38806108,1.13668e-14,-4.11009e-15,1.79413e-14,2.1633011e-14,-0.0471627,-0.0309875,0.383936,0.38806108
174,175,-0.0450259,-0.0338056,0.383513,0.387624,1.14535e-14,-3.51862e-15,2.65807e-14,2.9156422e-14,-0.0450259,-0.0338056,0.383513,0.387624
175,176,-0.0472417,-0.0318231,0.374331,0.3786399,1.18402e-14,-2.57735e-15,1.81385e-14,2.1813719e-14,-0.0472417,-0.0318231,0.374331,0.3786399
176,177,-0.0450241,-0.0345684,0.373926,0.37821,1.12544e-14,-1.84619e-15,2.22441e-14,2.49974e-14,-0.0450241,-0.0345684,0.373926,0.37821
177,178,-0.0472736,-0.0325917,0.364737,0.36922905,8.92985e-15,8.58869e-16,1.5512e-14,1.791932e-14,-0.0472736,-0.0325917,0.364737,0.36922905
178,179,-0.0450347,-0.0353142,0.364341,0.3688083,9.20981e-15,-3.97619e-16,1.69196e-14,1.926789e-14,-0.0450347,-0.0353142,0.364341,0.3688083
179,180,-0.0471093,-0.0230809,0.423153,0.42639244,1.07267e-14,-8.23692e-17,2.27373e-14,2.5140678e-14,-0.0471093,-0.0230809,0.423153,0.42639244
180,181,-0.0448491,-0.0256307,0.431915,0.43499303,1.1972e-14,-5.64526e-16,2.0217e-14,2.3502649e-14,-0.0448491,-0.0256307,0.431915,0.43499303
181,182,-0.0453397,-0.026725,0.422351,0.42561755,1.14896e-14,5.80393e-16,1.96552e-14,2.2774429e-14,-0.0453397,-0.026725,0.422351,0.42561755
182,183,-0.0457499,-0.0276732,0.412618,0.41606787,1.21373e-14,-4.52642e-16,2.10133e-14,2.4270924e-14,-0.0457499,-0.0276732,0.412618,0.41606787
183,184,-0.0480003,-0.0236232,0.413275,0.4167233,1.22019e-14,-5.9924e-17,2.32058e-14,2.6218297e-14,-0.0480003,-0.0236232,0.413275,0.4167233
184,185,-0.048,-0.0255899,0.403156,0.40680906,1.20165e-14,-1.48645e-15,2.59448e-14,2.8631076e-14,-0.048,-0.0255899,0.403156,0.40680906
185,186,-0.0460767,-0.0288826,0.402869,0.4065227,1.31725e-14,-9.7855e-17,1.85812e-14,2.277686e-14,-0.0460767,-0.0288826,0.402869,0.4065227
186,187,-0.0483687,-0.0268889,0.39369,0.3975605,1.16119e-14,9.08375e-16,1.94896e-14,2.2704754e-14,-0.0483687,-0.0268889,0.39369,0.3975605
187,188,-0.0476393,-0.0183121,0.433183,0.43617928,1.14472e-14,1.96704e-16,1.93264e-14,2.246301e-14,-0.0476393,-0.0183121,0.433183,0.43617928
188,189,-0.0463158,-0.0223522,0.43223,0.4352787,1.12419e-14,-2.70512e-16,2.54859e-14,2.78565e-14,-0.0463158,-0.0223522,0.43223,0.4352787
189,190,-0.048607,-0.0187911,0.42535,0.42853048,1.25273e-14,3.11917e-15,2.02938e-14,2.4052043e-14,-0.048607,-0.0187911,0.42535,0.42853048
190,191,-0.0484107,-0.0137949,0.434354,0.43726113,1.17684e-14,2.29764e-15,2.21566e-14,2.519304e-14,-0.0484107,-0.0137949,0.434354,0.43726113
191,192,-0.048102,-0.00931416,0.434945,0.4376959,1.15176e-14,1.43357e-15,2.28496e-14,2.5628391e-14,-0.048102,-0.00931416,0.434945,0.4376959
192,193,-0.0496517,-0.00943177,0.428311,0.43128246,1.40582e-14,1.79272e-15,2.57065e-14,2.9354232e-14,-0.0496517,-0.00943177,0.428311,0.43128246
193,194,-0.0469121,-0.00543576,0.434906,0.4374626,1.10062e-14,4.37718e-16,1.81855e-14,2.1261242e-14,-0.0469121,-0.00543576,0.434906,0.4374626
194,195,-0.0486425,-0.00515191,0.427541,0.43033,1.16946e-14,1.57554e-15,1.83102e-14,2.1783238e-14,-0.0486425,-0.00515191,0.427541,0.43033
195,196,-0.0452456,-0.00200519,0.435198,0.43754828,1.27045e-14,1.32961e-15,2.12591e-14,2.4801643e-14,-0.0452456,-0.00200519,0.435198,0.43754828
196,197,-0.0464972,-0.00100263,0.424849,0.42738703,9.93956e-15,2.08863e-15,1.87871e-14,2.1356785e-14,-0.0464972,-0.00100263,0.424849,0.42738703
197,198,-0.0475953,-0.000214113,0.414854,0.4175754,8.97492e-15,5.56738e-16,1.83614e-14,2.0445051e-14,-0.0475953,-0.000214113,0.414854,0.4175754
198,199,-0.0489639,0.000881123,0.406394,0.409334,9.68462e-15,1.16637e-15,1.87948e-14,2.1175383e-14,-0.0489639,0.000881123,0.406394,0.409334
199,200,-0.0416674,-0.0329409,0.421558,0.42489108,1.25523e-14,-3.12806e-16,2.26982e-14,2.5939667e-14,-0.0416674,-0.0329409,0.421558,0.42489108
200,201,-0.0420419,-0.0338191,0.411882,0.41540107,1.16468e-14,-5.60048e-16,2.24228e-14,2.5273376e-14,-0.0420419,-0.0338191,0.411882,0.41540107
201,202,-0.0423821,-0.0346996,0.402219,0.40593156,1.15885e-14,7.80339e-16,2.09915e-14,2.3990528e-14,-0.0423821,-0.0346996,0.402219,0.40593156
202,203,-0.0425959,-0.0356045,0.392656,0.39656126,1.21055e-14,-5.96161e-17,2.07183e-14,2.3995722e-14,-0.0425959,-0.0356045,0.392656,0.39656126
203,204,-0.0429129,-0.0365887,0.383143,0.387271,1.2053e-14,-2.32881e-15,2.17493e-14,2.4974592e-14,-0.0429129,-0.0365887,0.383143,0.387271
204,205,-0.0428801,-0.0373067,0.373567,0.3778661,1.13363e-14,-1.53744e-15,2.02338e-14,2.3243968e-14,-0.0428801,-0.0373067,0.373567,0.3778661
205,206,-0.0428147,-0.0379739,0.363977,0.3684486,9.29722e-15,-5.34359e-16,1.92037e-14,2.1342586e-14,-0.0428147,-0.0379739,0.363977,0.3684486
206,207,-0.0433174,-0.0287692,0.431561,0.4346826,1.2224e-14,-1.94728e-15,2.12951e-14,2.4631267e-14,-0.0433174,-0.0287692,0.431561,0.4346826
207,208,-0.0414195,-0.0319761,0.431128,0.43429184,1.28429e-14,-2.18129e-15,2.26535e-14,2.6131956e-14,-0.0414195,-0.0319761,0.431128,0.43429184
208,209,-0.0435675,-0.0298171,0.421927,0.4252171,1.21085e-14,-3.28416e-16,2.35416e-14,2.6475092e-14,-0.0435675,-0.0298171,0.421927,0.4252171
209,210,-0.0439257,-0.030833,0.412221,0.41569978,1.14996e-14,-1.17944e-15,1.91673e-14,2.2383415e-14,-0.0439257,-0.030833,0.412221,0.41569978
210,211,-0.0416791,2.72755e-05,0.436357,0.438343,1.34466e-14,4.19654e-15,1.85087e-14,2.3259277e-14,-0.0416791,2.72755e-05,0.436357,0.438343
211,212,-0.0421384,0.00149782,0.4294,0.43146524,1.05731e-14,2.78778e-15,2.4236e-14,2.6588454e-14,-0.0421384,0.00149782,0.4294,0.43146524
212,213,-0.0396487,-0.0349629,0.430755,0.4339865,1.28652e-14,-1.58831e-15,2.54463e-14,2.855784e-14,-0.0396487,-0.0349629,0.430755,0.4339865
213,214,-0.0398875,-0.0358882,0.421252,0.42465544,1.28889e-14,-3.56988e-16,2.40095e-14,2.7252657e-14,-0.0398875,-0.0358882,0.421252,0.42465544
214,215,-0.0376526,0.00158076,0.438216,0.43983346,1.17697e-14,4.04169e-15,1.63696e-14,2.0562706e-14,-0.0376526,0.00158076,0.438216,0.43983346
215,216,-0.061947,-0.00477938,0.31081,0.3169592,9.64012e-15,2.18538e-15,2.00505e-14,2.235465e-14,-0.061947,-0.00477938,0.31081,0.3169592
216,217,-0.0615153,-0.00847194,0.301467,0.30779582,8.63115e-15,1.62219e-16,1.71579e-14,1.92072e-14,-0.0615153,-0.00847194,0.301467,0.30779582
217,218,-0.0621324,-0.00536892,0.301681,0.30805957,6.58117e-15,1.05627e-15,1.42394e-14,1.5722214e-14,-0.0621324,-0.00536892,0.301681,0.30805957
218,219,-0.0611948,-0.00888738,0.291877,0.29835543,6.39159e-15,1.13309e-16,1.42812e-14,1.564666e-14,-0.0611948,-0.00888738,0.291877,0.29835543
219,220,-0.0620217,-0.00575279,0.29221,0.29877496,7.08324e-15,1.75733e-15,1.39265e-14,1.5722846e-14,-0.0620217,-0.00575279,0.29221,0.29877496
220,221,-0.0588999,-0.0126451,0.347326,0.35251164,9.83511e-15,1.11625e-15,1.53722e-14,1.8283323e-14,-0.0588999,-0.0126451,0.347326,0.35251164
221,222,-0.057798,-0.015258,0.35329,0.35831162,8.38302e-15,6.63465e-16,1.5784e-14,1.7884347e-14,-0.057798,-0.015258,0.35329,0.35831162
222,223,-0.0579633,-0.0160122,0.346741,0.35191682,8.67176e-15,1.43995e-15,1.68213e-14,1.89797e-14,-0.0579633,-0.0160122,0.346741,0.35191682
223,224,-0.0593665,-0.013192,0.338468,0.34388804,9.29438e-15,2.97481e-15,1.76123e-14,2.0135245e-14,-0.0593665,-0.013192,0.338468,0.34388804
224,225,-0.058203,-0.0168098,0.338058,0.3434434,9.48766e-15,3.21081e-15,1.55167e-14,1.8468703e-14,-0.058203,-0.0168098,0.338058,0.3434434
225,226,-0.0582288,-0.0174572,0.32873,0.33430338,8.88194e-15,4.29273e-15,1.57077e-14,1.8548538e-14,-0.0582288,-0.0174572,0.32873,0.33430338
226,227,-0.0596096,-0.0137368,0.329112,0.33474872,9.19012e-15,2.13129e-15,1.97156e-14,2.1856477e-14,-0.0596096,-0.0137368,0.329112,0.33474872
227,228,-0.0582284,-0.0180429,0.319261,0.32502875,8.10256e-15,2.07094e-15,1.53378e-14,1.7469641e-14,-0.0582284,-0.0180429,0.319261,0.32502875
228,229,-0.0596794,-0.0143185,0.3197,0.32553762,8.50879e-15,1.97283e-15,1.10292e-14,1.4068931e-14,-0.0596794,-0.0143185,0.3197,0.32553762
229,230,-0.0580039,-0.0184905,0.309759,0.31568494,9.43431e-15,2.14754e-15,1.46918e-14,1.7591677e-14,-0.0580039,-0.0184905,0.309759,0.31568494
230,231,-0.0594391,-0.0148075,0.310243,0.3162325,9.90335e-15,1.04109e-15,1.3158e-14,1.6501308e-14,-0.0594391,-0.0148075,0.310243,0.3162325
231,232,-0.057708,-0.0188798,0.300216,0.30629447,7.70518e-15,2.7095e-15,1.50895e-14,1.7158211e-14,-0.057708,-0.0188798,0.300216,0.30629447
232,233,-0.0591834,-0.0153036,0.300662,0.3068135,9.7296e-15,2.28649e-15,1.33384e-14,1.6667515e-14,-0.0591834,-0.0153036,0.300662,0.3068135
233,234,-0.0573229,-0.0191691,0.290657,0.29687518,7.30881e-15,4.96232e-16,1.33972e-14,1.5269248e-14,-0.0573229,-0.0191691,0.290657,0.29687518
234,235,-0.0588009,-0.0157129,0.291081,0.2973762,7.86683e-15,1.49818e-15,1.19323e-14,1.4370503e-14,-0.0588009,-0.0157129,0.291081,0.2973762
235,236,-0.0585003,-0.0122618,0.355049,0.36004505,8.20256e-15,4.8961e-16,1.68169e-14,1.87171e-14,-0.0585003,-0.0122618,0.355049,0.36004505
236,237,-0.0591805,-0.00801813,0.356298,0.36126843,8.16732e-15,-2.60192e-16,1.91779e-14,2.0846214e-14,-0.0591805,-0.00801813,0.356298,0.36126843
237,238,-0.0600177,-0.00844899,0.34812,0.35335684,8.93802e-15,-3.02242e-16,1.90246e-14,2.1021774e-14,-0.0600177,-0.00844899,0.34812,0.35335684
238,239,-0.0608181,-0.00894484,0.339056,0.34458354,9.1753e-15,2.19141e-15,1.81723e-14,2.0474885e-14,-0.0608181,-0.00894484,0.339056,0.34458354
239,240,-0.0611076,-0.00946326,0.329424,0.33517736,9.64081e-15,1.61605e-15,1.96578e-14,2.1954178e-14,-0.0611076,-0.00946326,0.329424,0.33517736
240,241,-0.0611002,-0.0103279,0.320078,0.3260212,8.53495e-15,1.1383e-15,1.80249e-14,1.9975937e-14,-0.0611002,-0.0103279,0.320078,0.3260212
241,242,-0.0608328,-0.0110232,0.310711,0.31680194,9.77879e-15,1.40827e-15,1.57896e-14,1.8625773e-14,-0.0608328,-0.0110232,0.310711,0.31680194
242,243,-0.0605553,-0.0116036,0.301119,0.3073666,9.02307e-15,3.42697e-16,1.53329e-14,1.779413e-14,-0.0605553,-0.0116036,0.301119,0.3073666
243,244,-0.060196,-0.012051,0.291522,0.29791588,7.09317e-15,3.47797e-16,1.20466e-14,1.3984084e-14,-0.060196,-0.012051,0.291522,0.29791588
244,245,-0.0589841,-0.00342052,0.356048,0.36091688,9.12851e-15,1.60747e-15,1.66091e-14,1.9020406e-14,-0.0589841,-0.00342052,0.356048,0.36091688
245,246,-0.0598642,-0.00390974,0.348118,0.35324943,8.24588e-15,1.11298e-16,1.70643e-14,1.8952501e-14,-0.0598642,-0.00390974,0.348118,0.35324943
246,247,-0.0608286,-0.00432229,0.339142,0.34458104,9.92508e-15,1.09548e-15,2.01267e-14,2.2467562e-14,-0.0608286,-0.00432229,0.339142,0.34458104
247,248,-0.0613172,-0.00469663,0.328752,0.3344544,9.31023e-15,-1.7453e-15,1.50599e-14,1.7791207e-14,-0.0613172,-0.00469663,0.328752,0.3344544
248,249,-0.0617431,-0.00664472,0.319861,0.3258334,8.69162e-15,4.87686e-16,1.52219e-14,1.7535346e-14,-0.0617431,-0.00664472,0.319861,0.3258334
249,250,-0.06181,-0.00301177,0.324124,0.32997867,7.9151e-15,-1.90515e-15,1.35538e-14,1.581088e-14,-0.06181,-0.00301177,0.324124,0.32997867
250,251,-0.0615214,-0.00773858,0.310996,0.31711712,8.76289e-15,2.39667e-15,1.56712e-14,1.811405e-14,-0.0615214,-0.00773858,0.310996,0.31711712
251,252,-0.061963,-0.00392997,0.318734,0.32472482,9.00668e-15,9.16541e-17,2.13575e-14,2.3179118e-14,-0.061963,-0.00392997,0.318734,0.32472482
252,253,-0.0549228,-0.0223368,0.347092,0.3521197,8.57835e-15,2.76726e-16,1.57941e-14,1.7975491e-14,-0.0549228,-0.0223368,0.347092,0.3521197
253,254,-0.0531484,-0.0246991,0.356435,0.36122113,1.13882e-14,-1.30669e-15,1.36299e-14,1.7809342e-14,-0.0531484,-0.0246991,0.356435,0.36122113
254,255,-0.0532426,-0.0255043,0.346777,0.3517663,8.83256e-15,-1.34098e-15,1.53872e-14,1.7792647e-14,-0.0532426,-0.0255043,0.346777,0.3517663
255,256,-0.0550814,-0.0231469,0.337559,0.3428058,7.90065e-15,2.23499e-15,1.43389e-14,1.6523302e-14,-0.0550814,-0.0231469,0.337559,0.3428058
256,257,-0.053348,-0.0262469,0.337202,0.3424034,8.00751e-15,1.38013e-15,1.10381e-14,1.3706371e-14,-0.053348,-0.0262469,0.337202,0.3424034
257,258,-0.0530954,-0.0267121,0.327673,0.33301988,6.82218e-15,2.12681e-15,1.13848e-14,1.3441694e-14,-0.0530954,-0.0267121,0.327673,0.33301988
258,259,-0.0549237,-0.0237197,0.328038,0.33344892,8.47085e-15,1.57593e-15,1.17713e-14,1.4587747e-14,-0.0549237,-0.0237197,0.328038,0.33344892
259,260,-0.0528158,-0.0271193,0.318185,0.3236768,7.50163e-15,1.86535e-15,9.52191e-15,1.2264614e-14,-0.0528158,-0.0271193,0.318185,0.3236768
260,261,-0.0546934,-0.0242238,0.318537,0.3241049,8.8822e-15,4.58395e-17,1.40546e-14,1.6626105e-14,-0.0546934,-0.0242238,0.318537,0.3241049
261,262,-0.0523661,-0.0273937,0.308776,0.31438074,7.52868e-15,1.09706e-15,1.37726e-14,1.5734328e-14,-0.0523661,-0.0273937,0.308776,0.31438074
262,263,-0.0542848,-0.0246083,0.309082,0.31477627,7.89813e-15,2.39566e-15,1.13078e-14,1.3999499e-14,-0.0542848,-0.0246083,0.309082,0.31477627
263,264,-0.0519188,-0.0276615,0.299341,0.3050668,8.33878e-15,-5.58964e-16,1.47252e-14,1.6931604e-14,-0.0519188,-0.0276615,0.299341,0.3050668
264,265,-0.0538319,-0.0248897,0.299611,0.3054245,6.49885e-15,8.31516e-16,1.52236e-14,1.6573607e-14,-0.0538319,-0.0248897,0.299611,0.3054245
265,266,-0.0547119,-0.0213737,0.356736,0.3615395,1.04901e-14,-1.07274e-15,1.5732e-14,1.893908e-14,-0.0547119,-0.0213737,0.356736,0.3615395
266,267,-0.0567503,-0.0170179,0.357175,0.3620555,9.37475e-15,9.68202e-16,1.97015e-14,2.18397e-14,-0.0567503,-0.0170179,0.357175,0.3620555
267,268,-0.056604,-0.0187974,0.347263,0.35234776,7.18457e-15,1.95717e-15,1.37194e-14,1.5609948e-14,-0.056604,-0.0187974,0.347263,0.35234776
268,269,-0.056705,-0.0198451,0.337855,0.3431549,6.26615e-15,3.45865e-15,1.44798e-14,1.6152136e-14,-0.056705,-0.0198451,0.337855,0.3431549
269,270,-0.0565091,-0.0204832,0.328386,0.3338416,8.0023e-15,3.81683e-15,1.9151e-14,2.110369e-14,-0.0565091,-0.0204832,0.328386,0.3338416
270,271,-0.0564781,-0.0211041,0.318896,0.32454556,8.26261e-15,1.66876e-15,1.4348e-14,1.664093e-14,-0.0564781,-0.0211041,0.318896,0.32454556
271,272,-0.0562357,-0.0215651,0.309398,0.3152057,8.00568e-15,1.15113e-15,1.59552e-14,1.788811e-14,-0.0562357,-0.0215651,0.309398,0.3152057
272,273,-0.0557948,-0.0218468,0.299898,0.30582538,7.0376e-15,1.13771e-15,1.48624e-14,1.6483722e-14,-0.0557948,-0.0218468,0.299898,0.30582538
273,274,-0.053338,-0.025007,0.290036,0.29595804,9.39399e-15,1.10861e-15,1.19254e-14,1.5221407e-14,-0.053338,-0.025007,0.290036,0.29595804
274,275,-0.0554067,-0.0220613,0.290341,0.29640257,8.14892e-15,-4.17208e-16,1.26994e-14,1.5094823e-14,-0.0554067,-0.0220613,0.290341,0.29640257
275,276,-0.0514071,-0.0275616,0.35603,0.3607765,1.04614e-14,-1.19626e-15,1.66729e-14,1.971947e-14,-0.0514071,-0.0275616,0.35603,0.3607765
276,277,-0.0494034,-0.0305219,0.355575,0.36028582,1.00298e-14,-9.59874e-16,1.39497e-14,1.7207916e-14,-0.0494034,-0.0305219,0.355575,0.36028582
277,278,-0.0514261,-0.0283508,0.3464,0.35134223,8.44446e-15,4.7239e-16,1.54402e-14,1.760488e-14,-0.0514261,-0.0283508,0.3464,0.35134223
278,279,-0.0493962,-0.0312879,0.345972,0.35087824,9.25435e-15,1.46741e-16,1.40756e-14,1.684598e-14,-0.0493962,-0.0312879,0.345972,0.35087824
279,280,-0.0513748,-0.0290406,0.336827,0.34195784,9.75543e-15,-7.40677e-17,1.29833e-14,1.6240073e-14,-0.0513748,-0.0290406,0.336827,0.34195784
280,281,-0.0494136,-0.0320291,0.336418,0.3415328,9.18526e-15,-1.01498e-15,1.72376e-14,1.9558477e-14,-0.0494136,-0.0320291,0.336418,0.3415328
281,282,-0.0491725,-0.0325042,0.326899,0.33217075,8.7693e-15,-7.52779e-16,1.51948e-14,1.7559876e-14,-0.0491725,-0.0325042,0.326899,0.33217075
282,283,-0.0511066,-0.0294991,0.32731,0.3325867,6.83374e-15,-1.77723e-16,1.43445e-14,1.5890131e-14,-0.0511066,-0.0294991,0.32731,0.3325867
283,284,-0.0488271,-0.0328292,0.317395,0.32280245,6.17156e-15,9.98859e-16,1.33927e-14,1.4780064e-14,-0.0488271,-0.0328292,0.317395,0.32280245
284,285,-0.0507699,-0.0298367,0.317829,0.32323846,7.00537e-15,2.17638e-15,1.40674e-14,1.586517e-14,-0.0507699,-0.0298367,0.317829,0.32323846
285,286,-0.0483406,-0.0329943,0.307931,0.3134437,8.50103e-15,3.59492e-16,1.34154e-14,1.5886149e-14,-0.0483406,-0.0329943,0.307931,0.3134437
286,287,-0.0503382,-0.0300672,0.3084,0.3139244,7.64478e-15,1.25044e-15,1.60051e-14,1.7781154e-14,-0.0503382,-0.0300672,0.3084,0.3139244
287,288,-0.0478647,-0.0331816,0.298485,0.30411404,7.78416e-15,5.34273e-16,1.19589e-14,1.427914e-14,-0.0478647,-0.0331816,0.298485,0.30411404
288,289,-0.0498704,-0.0303337,0.298955,0.30460018,8.22557e-15,7.01267e-16,1.248e-14,1.496336e-14,-0.0498704,-0.0303337,0.298955,0.30460018
289,290,-0.0493353,-0.0306723,0.289411,0.29518384,7.02821e-15,7.60987e-19,1.24743e-14,1.4317957e-14,-0.0493353,-0.0306723,0.289411,0.29518384
290,291,-0.047248,-0.0333698,0.289072,0.29480255,7.80504e-15,1.8751e-15,1.1962e-14,1.4405698e-14,-0.047248,-0.0333698,0.289072,0.29480255
291,292,-0.0513692,-0.027837,0.289738,0.29557028,8.70254e-15,1.82386e-15,1.0357e-14,1.3650205e-14,-0.0513692,-0.027837,0.289738,0.29557028
292,293,-0.0472876,-0.0333258,0.355151,0.35983184,9.68328e-15,-3.16143e-16,1.66111e-14,1.9230042e-14,-0.0472876,-0.0333258,0.355151,0.35983184
293,294,-0.0449984,-0.0360032,0.354747,0.35939744,8.53249e-15,3.51793e-16,1.51986e-14,1.7433434e-14,-0.0449984,-0.0360032,0.354747,0.35939744
294,295,-0.0473033,-0.0340758,0.34557,0.3504531,9.14449e-15,3.6083e-16,1.35268e-14,1.6331756e-14,-0.0473033,-0.0340758,0.34557,0.3504531
295,296,-0.0450235,-0.0367398,0.345173,0.35003048,1.054e-14,2.5797e-16,1.17359e-14,1.5776233e-14,-0.0450235,-0.0367398,0.345173,0.35003048
296,297,-0.0473243,-0.0348028,0.336026,0.34112212,8.88978e-15,-1.13328e-15,1.38178e-14,1.646949e-14,-0.0473243,-0.0348028,0.336026,0.34112212
297,298,-0.0450272,-0.0374434,0.335636,0.3407066,1.05049e-14,-1.89864e-15,1.39273e-14,1.7547861e-14,-0.0450272,-0.0374434,0.335636,0.3407066
298,299,-0.0447741,-0.0379007,0.326128,0.33136183,1.00247e-14,-4.44414e-16,1.41383e-14,1.7337348e-14,-0.0447741,-0.0379007,0.326128,0.33136183
299,300,-0.0470756,-0.0352658,0.326509,0.33176485,1.00636e-14,3.24638e-16,1.20927e-14,1.5735782e-14,-0.0470756,-0.0352658,0.326509,0.33176485
300,301,-0.0444267,-0.0382465,0.316619,0.3220002,8.22788e-15,1.26719e-15,1.0552e-14,1.3440554e-14,-0.0444267,-0.0382465,0.316619,0.3220002
301,302,-0.0467426,-0.0356103,0.316995,0.32239538,6.79917e-15,-2.26233e-16,1.21582e-14,1.3932039e-14,-0.0467426,-0.0356103,0.316995,0.32239538
302,303,-0.0439483,-0.0384604,0.307112,0.31261548,8.50551e-15,-1.02303e-15,1.04153e-14,1.34858724e-14,-0.0439483,-0.0384604,0.307112,0.31261548
303,304,-0.0462875,-0.0358204,0.307494,0.31301472,8.70925e-15,-7.34661e-17,1.18462e-14,1.4703364e-14,-0.0462875,-0.0358204,0.307494,0.31301472
304,305,-0.043433,-0.038619,0.297616,0.30323777,7.4176e-15,8.94886e-18,1.06258e-14,1.2958722e-14,-0.043433,-0.038619,0.297616,0.30323777
305,306,-0.0457828,-0.0359749,0.298025,0.30365962,7.89729e-15,4.78717e-16,1.31968e-14,1.5386745e-14,-0.0457828,-0.0359749,0.298025,0.30365962
306,307,-0.0427638,-0.0386332,0.288238,0.29394287,7.32685e-15,-3.61176e-16,1.06796e-14,1.2956351e-14,-0.0427638,-0.0386332,0.288238,0.29394287
307,308,-0.0451986,-0.036102,0.288638,0.2943776,7.96971e-15,3.15823e-15,1.34662e-14,1.5963371e-14,-0.0451986,-0.036102,0.288638,0.2943776
308,309,-0.0404125,-0.0412272,0.354005,0.35868147,1.11299e-14,1.35283e-16,1.36231e-14,1.7592095e-14,-0.0404125,-0.0412272,0.354005,0.35868147
309,310,-0.0427837,-0.03866,0.354379,0.35903972,1.21347e-14,-1.20346e-15,1.7389e-14,2.1238563e-14,-0.0427837,-0.03866,0.354379,0.35903972
310,311,-0.0427597,-0.0393528,0.344797,0.34965983,1.02856e-14,8.57395e-16,1.5108e-14,1.8297004e-14,-0.0427597,-0.0393528,0.344797,0.34965983
311,312,-0.0427528,-0.0400537,0.335254,0.34033418,1.10309e-14,-7.947e-16,1.37368e-14,1.7635531e-14,-0.0427528,-0.0400537,0.335254,0.34033418
312,313,-0.042498,-0.0405176,0.325739,0.33098888,9.17618e-15,5.80622e-16,1.22904e-14,1.534905e-14,-0.042498,-0.0405176,0.325739,0.33098888
313,314,-0.0421322,-0.0408607,0.316228,0.32162845,7.8428e-15,2.37545e-16,1.58116e-14,1.765142e-14,-0.0421322,-0.0408607,0.316228,0.32162845
314,315,-0.0416709,-0.0411033,0.306714,0.31224898,9.27053e-15,-2.3478e-15,1.63509e-14,1.8942196e-14,-0.0416709,-0.0411033,0.306714,0.31224898
315,316,-0.0412144,-0.0413264,0.297192,0.30286893,8.65271e-15,4.98653e-16,1.34544e-14,1.600434e-14,-0.0412144,-0.0413264,0.297192,0.30286893
316,317,-0.0406294,-0.0414142,0.287742,0.2935325,7.38494e-15,-1.16992e-15,1.43677e-14,1.6196815e-14,-0.0406294,-0.0414142,0.287742,0.2935325
317,318,-0.0567854,-0.0193673,0.281105,0.28743643,5.84716e-15,-2.38339e-17,1.11848e-14,1.26209984e-14,-0.0567854,-0.0193673,0.281105,0.28743643
318,319,-0.0583486,-0.0161257,0.281504,0.2879394,6.10114e-15,8.1058e-16,1.3493e-14,1.4830442e-14,-0.0583486,-0.0161257,0.281504,0.2879394
319,320,-0.0562043,-0.0195155,0.271565,0.278006,7.33502e-15,2.11584e-15,8.77551e-15,1.1631374e-14,-0.0562043,-0.0195155,0.271565,0.278006
320,321,-0.0578535,-0.0164326,0.271938,0.2785091,6.556e-15,5.72091e-17,1.36765e-14,1.5166774e-14,-0.0578535,-0.0164326,0.271938,0.2785091
321,322,-0.0597557,-0.0124573,0.281963,0.28849447,6.69544e-15,1.30915e-15,1.16158e-14,1.34710655e-14,-0.0597557,-0.0124573,0.281963,0.28849447
322,323,-0.0593058,-0.0127773,0.272396,0.2790699,6.80672e-15,1.54272e-15,1.23696e-14,1.42027605e-14,-0.0593058,-0.0127773,0.272396,0.2790699
323,324,-0.0573425,-0.0165797,0.262405,0.2691086,7.36182e-15,1.77205e-16,8.58646e-15,1.13117235e-14,-0.0573425,-0.0165797,0.262405,0.2691086
324,325,-0.0588138,-0.0129775,0.262816,0.26962888,5.53598e-15,-1.04573e-16,7.9441e-15,9.683323e-15,-0.0588138,-0.0129775,0.262816,0.26962888
325,326,-0.0567486,-0.0166441,0.252881,0.2597041,6.34201e-15,6.5703e-16,8.31094e-15,1.04749464e-14,-0.0567486,-0.0166441,0.252881,0.2597041
326,327,-0.0582992,-0.0131689,0.253226,0.26018384,5.93074e-15,7.9104e-16,6.91196e-15,9.141915e-15,-0.0582992,-0.0131689,0.253226,0.26018384
327,328,-0.05605,-0.016661,0.2434,0.2503253,5.05389e-15,-1.04536e-15,7.76894e-15,9.326897e-15,-0.05605,-0.016661,0.2434,0.2503253
328,329,-0.0576828,-0.013404,0.243723,0.2508144,5.66357e-15,7.24787e-16,8.48531e-15,1.02275036e-14,-0.0576828,-0.013404,0.243723,0.2508144
329,330,-0.0553028,-0.016649,0.233914,0.24093847,5.70317e-15,-1.53302e-15,6.27461e-15,8.616671e-15,-0.0553028,-0.016649,0.233914,0.24093847
330,331,-0.0570042,-0.013556,0.234206,0.2414243,5.84138e-15,2.66815e-16,2.5426e-15,6.376341e-15,-0.0570042,-0.013556,0.234206,0.2414243
331,332,-0.0608652,-0.00915643,0.282341,0.28897208,7.49353e-15,1.02038e-15,1.35062e-14,1.5479393e-14,-0.0608652,-0.00915643,0.282341,0.28897208
332,333,-0.0604454,-0.00931317,0.272785,0.27955687,7.37041e-15,5.03025e-16,1.51968e-14,1.6897298e-14,-0.0604454,-0.00931317,0.272785,0.27955687
333,334,-0.061734,-0.00598026,0.282679,0.2894033,7.25196e-15,6.24413e-16,1.29195e-14,1.4828833e-14,-0.061734,-0.00598026,0.282679,0.2894033
334,335,-0.0599931,-0.00939044,0.263176,0.27009064,5.23462e-15,-8.45677e-16,1.07427e-14,1.1980068e-14,-0.0599931,-0.00939044,0.263176,0.27009064
335,336,-0.0613955,-0.00613564,0.273116,0.27999893,8.43621e-15,7.50027e-16,8.97053e-15,1.2337042e-14,-0.0613955,-0.00613564,0.273116,0.27999893
336,337,-0.0594902,-0.00947245,0.253588,0.26064473,5.10676e-15,-9.67038e-16,7.14618e-15,8.836404e-15,-0.0594902,-0.00947245,0.253588,0.26064473
337,338,-0.0609559,-0.00622287,0.263472,0.27050292,6.63197e-15,1.03732e-16,9.35519e-15,1.1467927e-14,-0.0609559,-0.00622287,0.263472,0.27050292
338,339,-0.0589056,-0.00962,0.244145,0.25133482,5.14402e-15,9.97507e-16,7.02456e-15,8.763584e-15,-0.0589056,-0.00962,0.244145,0.25133482
339,340,-0.0582746,-0.00974352,0.234661,0.24198481,2.28313e-15,-1.3494e-16,8.6865e-15,8.982548e-15,-0.0582746,-0.00974352,0.234661,0.24198481
340,341,-0.0564343,-0.0136395,0.224626,0.232008,4.35738e-15,2.35595e-16,5.7445e-15,7.213983e-15,-0.0564343,-0.0136395,0.224626,0.232008
341,342,-0.0577395,-0.00990477,0.225092,0.23259054,3.44672e-15,-1.02283e-15,5.3171e-15,6.4185366e-15,-0.0577395,-0.00990477,0.225092,0.23259054
342,343,-0.0557511,-0.0136853,0.21509,0.22261892,3.86906e-15,-1.36433e-15,6.72478e-15,7.8774166e-15,-0.0557511,-0.0136853,0.21509,0.22261892
343,344,-0.0571784,-0.0101666,0.215502,0.22319013,3.14227e-15,-9.37159e-16,5.71381e-15,6.587849e-15,-0.0571784,-0.0101666,0.215502,0.22319013
344,345,-0.0528336,-0.025075,0.280473,0.28650522,8.18229e-15,-6.76642e-16,1.30249e-14,1.5396614e-14,-0.0528336,-0.025075,0.280473,0.28650522
345,346,-0.0548856,-0.0221576,0.280799,0.28696945,7.02721e-15,-6.47729e-16,1.33895e-14,1.5135388e-14,-0.0548856,-0.0221576,0.280799,0.28696945
346,347,-0.0522565,-0.0251109,0.270936,0.27706972,7.67644e-15,1.07713e-15,1.10962e-14,1.3535642e-14,-0.0522565,-0.0251109,0.270936,0.27706972
347,348,-0.0543088,-0.0222833,0.271264,0.27754304,7.51673e-15,2.21955e-15,8.81677e-15,1.179674e-14,-0.0543088,-0.0222833,0.271264,0.27754304
348,349,-0.0516124,-0.0252299,0.261445,0.2676824,7.11564e-15,1.35332e-15,9.93875e-15,1.2298071e-14,-0.0516124,-0.0252299,0.261445,0.2676824
349,350,-0.0536263,-0.0224733,0.26177,0.2681499,7.28773e-15,-6.38917e-17,1.01607e-14,1.2504196e-14,-0.0536263,-0.0224733,0.26177,0.2681499
350,351,-0.0508744,-0.0253089,0.251937,0.25826538,5.45649e-15,2.73301e-16,6.56318e-15,8.539515e-15,-0.0508744,-0.0253089,0.251937,0.25826538
351,352,-0.0529471,-0.0225944,0.252254,0.25873923,5.53791e-15,6.01741e-16,8.08931e-15,9.821786e-15,-0.0529471,-0.0225944,0.252254,0.25873923
352,353,-0.0555733,-0.0195875,0.262078,0.26862043,8.52411e-15,8.22241e-16,8.49568e-15,1.2062882e-14,-0.0555733,-0.0195875,0.262078,0.26862043
353,354,-0.0549556,-0.0196276,0.252568,0.25922182,4.81201e-15,1.20085e-15,6.26184e-15,7.987998e-15,-0.0549556,-0.0196276,0.252568,0.25922182
354,355,-0.052329,-0.0225868,0.242666,0.24926949,4.95517e-15,-7.86339e-16,8.79413e-15,1.012466e-14,-0.052329,-0.0225868,0.242666,0.24926949
355,356,-0.0542847,-0.0195749,0.24306,0.24981625,4.23321e-15,-1.87295e-15,6.79034e-15,8.218073e-15,-0.0542847,-0.0195749,0.24306,0.24981625
356,357,-0.0516727,-0.0225409,0.233139,0.23985818,7.62135e-15,-1.2925e-15,9.37133e-15,1.2148142e-14,-0.0516727,-0.0225409,0.233139,0.23985818
357,358,-0.0535345,-0.0195445,0.233566,0.2404184,6.3002e-15,-1.33201e-15,6.35755e-15,9.049045e-15,-0.0535345,-0.0195445,0.233566,0.2404184
358,359,-0.0508449,-0.0224862,0.223708,0.2305127,3.40148e-15,-1.27295e-15,9.81252e-15,1.0463079e-14,-0.0508449,-0.0224862,0.223708,0.2305127
359,360,-0.0526805,-0.0195787,0.224072,0.2310126,3.43987e-15,-1.31271e-15,5.58501e-15,6.6894135e-15,-0.0526805,-0.0195787,0.224072,0.2310126
360,361,-0.0500358,-0.022454,0.214253,0.22116081,4.77619e-15,-7.41433e-17,1.0376e-14,1.1422735e-14,-0.0500358,-0.022454,0.214253,0.22116081
361,362,-0.0520064,-0.0196516,0.214515,0.2216022,4.4712e-15,-4.8131e-16,8.07781e-15,9.245232e-15,-0.0520064,-0.0196516,0.214515,0.2216022
362,363,-0.0545937,-0.0166318,0.22436,0.23150486,3.6159e-15,6.52736e-16,4.95639e-15,6.1698134e-15,-0.0545937,-0.0166318,0.22436,0.23150486
363,364,-0.0539713,-0.0166474,0.214801,0.22210246,4.0922e-15,-1.21448e-15,7.93192e-15,9.007575e-15,-0.0539713,-0.0166474,0.214801,0.22210246
364,365,-0.046593,-0.0335188,0.279671,0.28550008,6.88333e-15,4.95653e-16,9.58154e-15,1.1808125e-14,-0.046593,-0.0335188,0.279671,0.28550008
365,366,-0.0487058,-0.0308432,0.279891,0.28576657,7.12752e-15,-3.94859e-16,1.15117e-14,1.3545357e-14,-0.0487058,-0.0308432,0.279891,0.28576657
366,367,-0.0507793,-0.0279265,0.280173,0.28610373,8.20422e-15,1.4558e-15,1.05092e-14,1.3411631e-14,-0.0507793,-0.0279265,0.280173,0.28610373
367,368,-0.0480605,-0.030834,0.270252,0.27621853,6.25719e-15,9.26353e-16,1.14085e-14,1.3044709e-14,-0.0480605,-0.030834,0.270252,0.27621853
368,369,-0.0501972,-0.0279518,0.270591,0.2766235,6.72431e-15,1.53371e-15,1.3011e-14,1.4725988e-14,-0.0501972,-0.0279518,0.270591,0.2766235
369,370,-0.0474315,-0.0308118,0.260609,0.26667613,5.66256e-15,-3.65591e-16,1.23235e-14,1.3567126e-14,-0.0474315,-0.0308118,0.260609,0.26667613
370,371,-0.0495394,-0.027965,0.261042,0.26716873,6.06904e-15,1.28586e-15,1.17722e-14,1.33068165e-14,-0.0495394,-0.027965,0.261042,0.26716873
371,372,-0.0468247,-0.0308804,0.250916,0.25710893,5.88404e-15,-1.28123e-15,1.1842e-14,1.3285197e-14,-0.0468247,-0.0308804,0.250916,0.25710893
372,373,-0.0488038,-0.0280423,0.251444,0.25766698,5.62814e-15,6.47676e-16,8.50373e-15,1.0218066e-14,-0.0488038,-0.0280423,0.251444,0.25766698
373,374,-0.0481093,-0.0282234,0.241755,0.2481059,6.1593e-15,-1.60736e-15,6.944e-15,9.420176e-15,-0.0481093,-0.0282234,0.241755,0.2481059
374,375,-0.046118,-0.0310064,0.241225,0.24754347,6.14745e-15,-1.64481e-15,9.93244e-15,1.17961815e-14,-0.046118,-0.0310064,0.241225,0.24754347
375,376,-0.050221,-0.025377,0.242277,0.24872532,4.14772e-15,3.84892e-16,1.02069e-14,1.10241795e-14,-0.050221,-0.025377,0.242277,0.24872532
376,377,-0.0473925,-0.0281867,0.232289,0.23874405,5.37678e-15,-1.96725e-15,7.60824e-15,9.521825e-15,-0.0473925,-0.0281867,0.232289,0.23874405
377,378,-0.0495857,-0.0253604,0.232736,0.23930721,6.93768e-15,6.81965e-17,7.32508e-15,1.0089244e-14,-0.0495857,-0.0253604,0.232736,0.23930721
378,379,-0.0467246,-0.0281082,0.222832,0.22940652,3.54649e-15,4.55199e-17,8.38212e-15,9.1016265e-15,-0.0467246,-0.0281082,0.222832,0.22940652
379,380,-0.0489228,-0.0253348,0.223266,0.22996305,2.99331e-15,-2.18772e-16,9.53785e-15,9.998917e-15,-0.0489228,-0.0253348,0.223266,0.22996305
380,381,-0.0458839,-0.0279752,0.213394,0.22005668,3.76336e-15,-2.3015e-15,8.07022e-15,9.197186e-15,-0.0458839,-0.0279752,0.213394,0.22005668
381,382,-0.0480785,-0.0252802,0.213826,0.22061774,2.77713e-15,-3.8427e-16,9.04734e-15,9.471772e-15,-0.0480785,-0.0252802,0.213826,0.22061774
382,383,-0.0444952,-0.0362154,0.279301,0.2851323,6.93383e-15,-6.10437e-16,1.25386e-14,1.43411e-14,-0.0444952,-0.0362154,0.279301,0.2851323
383,384,-0.04213,-0.0387203,0.278942,0.2847505,7.64451e-15,-1.46127e-16,9.46734e-15,1.216924e-14,-0.04213,-0.0387203,0.278942,0.2847505
384,385,-0.0436655,-0.0362844,0.269742,0.27565193,5.29155e-15,3.22045e-16,1.20082e-14,1.3126351e-14,-0.0436655,-0.0362844,0.269742,0.27565193
385,386,-0.0413854,-0.0388569,0.269456,0.27537093,6.83801e-15,-1.05602e-15,1.1689e-14,1.3583309e-14,-0.0413854,-0.0388569,0.269456,0.27537093
386,387,-0.0458763,-0.0335402,0.270003,0.2759188,6.00993e-15,-1.46461e-16,1.34289e-14,1.4713125e-14,-0.0458763,-0.0335402,0.270003,0.2759188
387,388,-0.042988,-0.0363114,0.259958,0.26597866,7.14639e-15,-1.06363e-15,1.24899e-14,1.442913e-14,-0.042988,-0.0363114,0.259958,0.26597866
388,389,-0.0452538,-0.0335559,0.26027,0.26629752,6.50179e-15,-1.0488e-15,1.29889e-14,1.4563132e-14,-0.0452538,-0.0335559,0.26027,0.26629752
389,390,-0.042368,-0.0363091,0.250265,0.25640976,7.36843e-15,-6.20071e-16,9.29228e-15,1.1875383e-14,-0.042368,-0.0363091,0.250265,0.25640976
390,391,-0.0446261,-0.0335674,0.250571,0.25671792,6.44031e-15,1.50609e-17,1.06291e-14,1.24280155e-14,-0.0446261,-0.0335674,0.250571,0.25671792
391,392,-0.041735,-0.0363312,0.240637,0.24691686,7.77517e-15,-1.91221e-15,6.07898e-15,1.005305e-14,-0.041735,-0.0363312,0.240637,0.24691686
392,393,-0.0439509,-0.0336613,0.240918,0.24719676,7.54429e-15,-2.69316e-15,9.08128e-15,1.21094625e-14,-0.0439509,-0.0336613,0.240918,0.24719676
393,394,-0.0409072,-0.0363298,0.231132,0.23751895,6.31646e-15,-1.05398e-15,1.36571e-14,1.5083929e-14,-0.0409072,-0.0363298,0.231132,0.23751895
394,395,-0.0431028,-0.0336869,0.231459,0.23783594,6.67746e-15,-8.47796e-16,9.21804e-15,1.14140044e-14,-0.0431028,-0.0336869,0.231459,0.23783594
395,396,-0.0453574,-0.031,0.231806,0.23822744,6.09513e-15,-2.22696e-16,9.49085e-15,1.1281685e-14,-0.0453574,-0.031,0.231806,0.23822744
396,397,-0.0422623,-0.0335513,0.221964,0.228429,5.22437e-15,-6.10008e-16,9.95832e-15,1.1262073e-14,-0.0422623,-0.0335513,0.221964,0.228429
397,398,-0.0445236,-0.0308371,0.222371,0.22887145,4.15907e-15,3.78913e-16,8.96134e-15,9.886711e-15,-0.0445236,-0.0308371,0.222371,0.22887145
398,399,-0.0414368,-0.0333667,0.212301,0.2188654,4.91622e-15,-6.19393e-16,6.37232e-15,8.0721325e-15,-0.0414368,-0.0333667,0.212301,0.2188654
399,400,-0.0436712,-0.0306821,0.21282,0.21941039,4.31909e-15,8.52132e-17,8.83056e-15,9.830595e-15,-0.0436712,-0.0306821,0.21282,0.21941039
400,401,-0.0400681,-0.0415414,0.278326,0.28424725,7.29788e-15,-1.38112e-15,1.09914e-14,1.3265648e-14,-0.0400681,-0.0415414,0.278326,0.28424725
401,402,-0.0394411,-0.0417623,0.268752,0.27482235,7.06435e-15,1.89045e-16,1.05691e-14,1.2714034e-14,-0.0394411,-0.0417623,0.268752,0.27482235
402,403,-0.0375664,-0.0446916,0.268065,0.2743491,6.98471e-15,4.35254e-16,1.31183e-14,1.486827e-14,-0.0375664,-0.0446916,0.268065,0.2743491
403,404,-0.038699,-0.0419572,0.258982,0.26519746,7.43448e-15,-7.63201e-16,1.28455e-14,1.4861388e-14,-0.038699,-0.0419572,0.258982,0.26519746
404,405,-0.0407253,-0.0389974,0.259601,0.26565397,7.19979e-15,-1.76338e-15,1.1695e-14,1.38462816e-14,-0.0407253,-0.0389974,0.259601,0.26565397
405,406,-0.0381526,-0.0420769,0.249396,0.25578204,7.99106e-15,-1.73656e-16,1.14046e-14,1.3926668e-14,-0.0381526,-0.0420769,0.249396,0.25578204
406,407,-0.0401916,-0.0390974,0.249896,0.25610933,7.98501e-15,-3.42193e-16,7.36443e-15,1.08679486e-14,-0.0401916,-0.0390974,0.249896,0.25610933
407,408,-0.0375142,-0.0420197,0.239863,0.24638836,7.81085e-15,-2.3133e-16,1.00603e-14,1.2738623e-14,-0.0375142,-0.0420197,0.239863,0.24638836
408,409,-0.0396056,-0.0391234,0.240287,0.24665175,7.35027e-15,-9.91005e-17,9.64121e-15,1.2123911e-14,-0.0396056,-0.0391234,0.240287,0.24665175
409,410,-0.0366842,-0.0418869,0.2303,0.23693529,6.94375e-15,-1.38846e-16,1.02392e-14,1.2372395e-14,-0.0366842,-0.0418869,0.2303,0.23693529
410,411,-0.0388837,-0.0391766,0.230693,0.23720457,4.28221e-15,-1.33696e-15,1.15916e-14,1.24294004e-14,-0.0388837,-0.0391766,0.230693,0.23720457
411,412,-0.0380949,-0.0392469,0.221084,0.22774915,4.99356e-15,-1.48377e-15,9.11412e-15,1.0497829e-14,-0.0380949,-0.0392469,0.221084,0.22774915
412,413,-0.0359334,-0.0419478,0.220633,0.22744174,5.58885e-15,-1.46116e-15,1.0739e-14,1.2194112e-14,-0.0359334,-0.0419478,0.220633,0.22744174
413,414,-0.0400407,-0.0362294,0.2216,0.22808416,5.17031e-15,-7.44677e-16,1.29511e-14,1.3964871e-14,-0.0400407,-0.0362294,0.2216,0.22808416
414,415,-0.0372428,-0.0390462,0.21153,0.21830386,5.9727e-15,-6.95082e-16,8.92422e-15,1.0760947e-14,-0.0372428,-0.0390462,0.21153,0.21830386
415,416,-0.0392613,-0.0360858,0.211934,0.21853982,5.56068e-15,-2.46621e-15,7.57774e-15,9.717278e-15,-0.0392613,-0.0360858,0.211934,0.21853982
416,417,-0.0361874,-0.0449201,0.248917,0.25551325,7.37143e-15,1.2051e-15,1.02577e-14,1.2688997e-14,-0.0361874,-0.0449201,0.248917,0.25551325
417,418,-0.0331358,-0.0474248,0.239098,0.24599786,7.84269e-15,-3.95279e-16,1.03764e-14,1.3012828e-14,-0.0331358,-0.0474248,0.239098,0.24599786
418,419,-0.0353686,-0.0447594,0.239446,0.24614778,8.18407e-15,8.64865e-16,1.14245e-14,1.4079992e-14,-0.0353686,-0.0447594,0.239446,0.24614778
419,420,-0.0323181,-0.0472574,0.229401,0.23643719,6.01833e-15,2.68574e-16,9.06126e-15,1.0881124e-14,-0.0323181,-0.0472574,0.229401,0.23643719
420,421,-0.0344994,-0.0445776,0.229841,0.23665218,6.42639e-15,2.9299e-17,8.721e-15,1.083306e-14,-0.0344994,-0.0445776,0.229841,0.23665218
421,422,-0.0314547,-0.0471124,0.219757,0.22694078,6.52441e-15,-2.92722e-15,1.21078e-14,1.40618404e-14,-0.0314547,-0.0471124,0.219757,0.22694078
422,423,-0.0337321,-0.0445581,0.22017,0.22715218,4.92295e-15,-3.64907e-15,1.27858e-14,1.4178428e-14,-0.0337321,-0.0445581,0.22017,0.22715218
423,424,-0.0328195,-0.0443748,0.210756,0.21786311,4.76632e-15,-8.1307e-16,9.40331e-15,1.05736055e-14,-0.0328195,-0.0443748,0.210756,0.21786311
424,425,-0.0350582,-0.0417449,0.211142,0.21806571,6.50929e-15,1.2332e-15,9.20682e-15,1.1342715e-14,-0.0350582,-0.0417449,0.211142,0.21806571
425,426,-0.0550735,-0.0137255,0.205605,0.21329533,2.41733e-15,-2.05104e-16,7.15412e-15,7.554269e-15,-0.0550735,-0.0137255,0.205605,0.21329533
426,427,-0.0566188,-0.0104469,0.205949,0.21384531,2.47812e-15,-1.98219e-16,5.22432e-15,5.7856624e-15,-0.0566188,-0.0104469,0.205949,0.21384531
427,428,-0.0544285,-0.0137924,0.196088,0.20396861,3.97052e-15,6.29785e-16,5.70046e-15,6.97545e-15,-0.0544285,-0.0137924,0.196088,0.20396861
428,429,-0.0561357,-0.0107036,0.196381,0.20452698,2.10902e-15,-2.37853e-16,8.72817e-15,8.98251e-15,-0.0561357,-0.0107036,0.196381,0.20452698
429,430,-0.0512447,-0.0194976,0.204931,0.21213885,2.43699e-15,-1.90088e-15,8.26831e-15,8.8270735e-15,-0.0512447,-0.0194976,0.204931,0.21213885
430,431,-0.0533123,-0.0165887,0.205268,0.21272597,2.38501e-15,-1.45804e-15,9.19703e-15,9.612467e-15,-0.0533123,-0.0165887,0.205268,0.21272597
431,432,-0.0506529,-0.0194903,0.195278,0.20267975,3.23361e-15,-9.45449e-16,1.19159e-14,1.2383004e-14,-0.0506529,-0.0194903,0.195278,0.20267975
432,433,-0.052684,-0.0166488,0.19568,0.20333089,2.79589e-15,-3.37242e-16,6.94902e-15,7.497974e-15,-0.052684,-0.0166488,0.19568,0.20333089
433,434,-0.049966,-0.0195784,0.185576,0.19317962,4.03512e-15,-1.56305e-15,9.05339e-15,1.00343995e-14,-0.049966,-0.0195784,0.185576,0.19317962
434,435,-0.0520064,-0.0168567,0.18596,0.19382966,2.94997e-15,-1.16418e-15,6.79422e-15,7.497937e-15,-0.0520064,-0.0168567,0.18596,0.19382966
435,436,-0.0494007,-0.0197984,0.175869,0.18374524,3.78835e-15,3.28115e-16,7.16938e-15,8.115373e-15,-0.0494007,-0.0197984,0.175869,0.18374524
436,437,-0.0514288,-0.0171008,0.176263,0.18440717,2.9394e-15,-1.30975e-15,7.04889e-15,7.7487014e-15,-0.0514288,-0.0171008,0.176263,0.18440717
437,438,-0.0538536,-0.0139134,0.186373,0.19449599,2.5039e-15,-9.85373e-16,9.10797e-15,9.497136e-15,-0.0538536,-0.0139134,0.186373,0.19449599
438,439,-0.0533384,-0.0140909,0.176692,0.1851043,2.50598e-15,-1.56563e-16,7.8089e-15,8.202644e-15,-0.0533384,-0.0140909,0.176692,0.1851043
439,440,-0.0556894,-0.0109094,0.186691,0.19512522,1.96196e-15,-1.65488e-15,8.38078e-15,8.76501e-15,-0.0556894,-0.0109094,0.186691,0.19512522
440,441,-0.0509443,-0.0172674,0.166664,0.17512959,2.6513e-15,4.77126e-16,8.60805e-15,9.019732e-15,-0.0509443,-0.0172674,0.166664,0.17512959
441,442,-0.0528686,-0.0142609,0.16708,0.17582431,2.88817e-15,1.52463e-15,9.76085e-15,1.0292727e-14,-0.0528686,-0.0142609,0.16708,0.17582431
442,443,-0.0552215,-0.0111183,0.177038,0.18578343,2.1184e-15,-4.29484e-16,1.04421e-14,1.0663467e-14,-0.0552215,-0.0111183,0.177038,0.18578343
443,444,-0.0505089,-0.0174313,0.157094,0.16593228,2.87538e-15,1.68418e-15,6.35919e-15,7.179385e-15,-0.0505089,-0.0174313,0.157094,0.16593228
444,445,-0.0524602,-0.0144676,0.157494,0.16663055,4.00023e-15,3.80602e-15,6.90946e-15,8.844674e-15,-0.0524602,-0.0144676,0.157494,0.16663055
445,446,-0.0547673,-0.0113466,0.167431,0.17652576,3.29361e-15,1.92733e-15,9.26526e-15,1.0020354e-14,-0.0547673,-0.0113466,0.167431,0.17652576
446,447,-0.0501139,-0.0176255,0.147535,0.15680765,2.56622e-15,7.90975e-16,4.17771e-15,4.9663253e-15,-0.0501139,-0.0176255,0.147535,0.15680765
447,448,-0.0521057,-0.0147152,0.147946,0.15754224,3.66163e-15,8.09295e-16,5.39234e-15,6.5680913e-15,-0.0521057,-0.0147152,0.147946,0.15754224
448,449,-0.054336,-0.0116079,0.157843,0.16733664,4.5353e-15,2.12977e-15,8.43113e-15,9.8075895e-15,-0.054336,-0.0116079,0.157843,0.16733664
449,450,-0.0497151,-0.0178218,0.138015,0.14777467,-1.73295e-16,8.47192e-16,5.63177e-15,5.6977717e-15,-0.0497151,-0.0178218,0.138015,0.14777467
450,451,-0.0517204,-0.0149558,0.138481,0.14857882,1.12998e-15,1.08991e-15,4.66948e-15,4.9263377e-15,-0.0517204,-0.0149558,0.138481,0.14857882
451,452,-0.0539978,-0.0119297,0.148297,0.15827216,2.74253e-15,1.45785e-15,2.89057e-15,4.2428994e-15,-0.0539978,-0.0119297,0.148297,0.15827216
452,453,-0.0471226,-0.0252023,0.204243,0.21111822,2.94125e-15,-1.12678e-15,5.02027e-15,5.9265244e-15,-0.0471226,-0.0252023,0.204243,0.21111822
453,454,-0.0449374,-0.0278855,0.203836,0.2105851,4.2991e-15,-1.84028e-15,7.71272e-15,9.019697e-15,-0.0449374,-0.0278855,0.203836,0.2105851
454,455,-0.0492292,-0.0223485,0.204603,0.21162552,4.29678e-15,-1.06157e-15,1.17433e-14,1.2549676e-14,-0.0492292,-0.0223485,0.204603,0.21162552
455,456,-0.0464596,-0.0251702,0.194519,0.20156804,3.27918e-15,2.1608e-16,6.21459e-15,7.029996e-15,-0.0464596,-0.0251702,0.194519,0.20156804
456,457,-0.0485703,-0.0222937,0.194907,0.20210102,4.1777e-15,-1.24758e-15,1.56061e-14,1.6203701e-14,-0.0485703,-0.0222937,0.194907,0.20210102
457,458,-0.0458249,-0.0251389,0.184821,0.19206949,3.67397e-15,-2.61118e-15,7.59175e-15,8.828985e-15,-0.0458249,-0.0251389,0.184821,0.19206949
458,459,-0.0479324,-0.0223063,0.185208,0.19260603,4.51964e-15,-1.26832e-15,8.84375e-15,1.0012377e-14,-0.0479324,-0.0223063,0.185208,0.19260603
459,460,-0.0451523,-0.025162,0.175097,0.1825673,3.39203e-15,-3.04232e-16,8.28092e-15,8.953885e-15,-0.0451523,-0.025162,0.175097,0.1825673
460,461,-0.0473685,-0.0224968,0.175474,0.18314205,4.58419e-15,4.26889e-16,7.37629e-15,8.69521e-15,-0.0473685,-0.0224968,0.175474,0.18314205
461,462,-0.0467804,-0.0227453,0.165824,0.17379111,2.91362e-15,1.53405e-15,6.32067e-15,7.126946e-15,-0.0467804,-0.0227453,0.165824,0.17379111
462,463,-0.0444624,-0.025286,0.165412,0.17313987,1.94618e-15,-6.98313e-17,8.07368e-15,8.3052275e-15,-0.0444624,-0.025286,0.165412,0.17313987
463,464,-0.0488938,-0.0200088,0.166264,0.17445536,4.07637e-15,1.08727e-15,4.77959e-15,6.37522e-15,-0.0488938,-0.0200088,0.166264,0.17445536
464,465,-0.046224,-0.0228414,0.15632,0.16460356,3.69998e-15,4.1594e-16,5.46358e-15,6.6116237e-15,-0.046224,-0.0228414,0.15632,0.16460356
465,466,-0.0484497,-0.0201899,0.156702,0.16525894,3.33441e-15,9.70475e-16,5.26192e-15,6.3045946e-15,-0.0484497,-0.0201899,0.156702,0.16525894
466,467,-0.0457263,-0.0229682,0.146784,0.15544765,2.82918e-15,4.71167e-16,6.12693e-15,6.765022e-15,-0.0457263,-0.0229682,0.146784,0.15544765
467,468,-0.0479966,-0.0203525,0.147148,0.15611032,2.43769e-15,-4.00943e-16,5.05845e-15,5.6294763e-15,-0.0479966,-0.0203525,0.147148,0.15611032
468,469,-0.0451126,-0.0230161,0.137256,0.14630139,6.44433e-16,-1.61038e-16,2.01329e-15,2.1200386e-15,-0.0451126,-0.0230161,0.137256,0.14630139
469,470,-0.0475369,-0.020526,0.137588,0.1470086,9.45937e-16,1.39936e-15,3.65227e-15,4.0239384e-15,-0.0475369,-0.020526,0.137588,0.1470086
470,471,-0.0427527,-0.0305587,0.20323,0.20991442,4.78986e-15,-9.35229e-16,6.73511e-15,8.3173985e-15,-0.0427527,-0.0305587,0.20323,0.20991442
471,472,-0.0405594,-0.0332127,0.202624,0.20929556,4.62184e-15,-6.76017e-16,7.04139e-15,8.449827e-15,-0.0405594,-0.0332127,0.202624,0.20929556
472,473,-0.0442671,-0.0278777,0.194126,0.20105135,5.32209e-15,-1.84276e-16,7.07975e-15,8.858976e-15,-0.0442671,-0.0278777,0.194126,0.20105135
473,474,-0.0420114,-0.0305541,0.193658,0.20050418,4.58853e-15,1.10178e-16,6.07597e-15,7.614733e-15,-0.0420114,-0.0305541,0.193658,0.20050418
474,475,-0.0412593,-0.0304637,0.184075,0.19108629,5.57548e-15,-9.9894e-17,1.29425e-15,5.7245998e-15,-0.0412593,-0.0304637,0.184075,0.19108629
475,476,-0.0435193,-0.0277815,0.184469,0.19155823,4.91366e-15,-9.81649e-16,5.40283e-15,7.368736e-15,-0.0435193,-0.0277815,0.184469,0.19155823
476,477,-0.0404906,-0.0303368,0.174377,0.18156858,4.42025e-15,6.80019e-17,5.99587e-15,7.449409e-15,-0.0404906,-0.0303368,0.174377,0.18156858
477,478,-0.0428346,-0.0277693,0.174723,0.18202764,4.45397e-15,1.53317e-16,6.67645e-15,8.0272245e-15,-0.0428346,-0.0277693,0.174723,0.18202764
478,479,-0.0397567,-0.0302975,0.164683,0.17210178,3.84007e-15,1.30706e-15,3.44698e-15,5.323177e-15,-0.0397567,-0.0302975,0.164683,0.17210178
479,480,-0.0420828,-0.0277565,0.165059,0.1725858,4.08537e-15,1.87917e-15,3.91078e-15,5.959507e-15,-0.0420828,-0.0277565,0.165059,0.1725858
480,481,-0.0413736,-0.027756,0.155654,0.16343297,4.00941e-15,-6.99553e-16,2.8655e-15,4.9775328e-15,-0.0413736,-0.027756,0.155654,0.16343297
481,482,-0.0437867,-0.0252802,0.155983,0.16397274,3.86399e-15,-3.57165e-16,6.28918e-15,7.389977e-15,-0.0437867,-0.0252802,0.155983,0.16397274
482,483,-0.0407027,-0.0277692,0.146184,0.1542647,4.21158e-15,1.17455e-15,1.72246e-15,4.6993447e-15,-0.0407027,-0.0277692,0.146184,0.1542647
483,484,-0.043205,-0.0253581,0.146484,0.15481366,3.44757e-15,-1.24017e-16,1.7194e-15,3.854537e-15,-0.043205,-0.0253581,0.146484,0.15481366
484,485,-0.0399958,-0.0277779,0.136648,0.14506534,2.83359e-15,-2.15282e-16,2.39154e-15,3.714168e-15,-0.0399958,-0.0277779,0.136648,0.14506534
485,486,-0.0425528,-0.025389,0.136965,0.14565286,1.64877e-15,1.80527e-16,4.53105e-16,1.7194e-15,-0.0425528,-0.025389,0.136965,0.14565286
486,487,-0.0364324,-0.0388884,0.201807,0.20872398,6.23873e-15,1.24788e-15,1.05674e-14,1.2334865e-14,-0.0364324,-0.0388884,0.201807,0.20872398
487,488,-0.0384676,-0.0360059,0.202209,0.20896089,5.9769e-15,1.79706e-16,6.70233e-15,8.98203e-15,-0.0384676,-0.0360059,0.202209,0.20896089
488,489,-0.0354353,-0.0386954,0.192248,0.19927943,5.63252e-15,1.01566e-16,5.9077e-15,8.163119e-15,-0.0354353,-0.0386954,0.192248,0.19927943
489,490,-0.0376646,-0.0360385,0.192667,0.19959451,4.83167e-15,5.77061e-16,8.52636e-15,9.817171e-15,-0.0376646,-0.0360385,0.192667,0.19959451
490,491,-0.0397774,-0.0332085,0.193169,0.19999827,3.92641e-15,-6.67599e-17,6.67873e-15,7.7476825e-15,-0.0397774,-0.0332085,0.193169,0.19999827
491,492,-0.0367276,-0.0357762,0.183336,0.19037054,4.61566e-15,-6.22969e-16,3.65556e-15,5.9207705e-15,-0.0367276,-0.0357762,0.183336,0.19037054
492,493,-0.0390527,-0.0331389,0.183665,0.19067284,4.68784e-15,1.81013e-16,3.49742e-15,5.851543e-15,-0.0390527,-0.0331389,0.183665,0.19067284
493,494,-0.0360858,-0.0357357,0.173761,0.18103069,4.46473e-15,1.30655e-15,3.07599e-15,5.576971e-15,-0.0360858,-0.0357357,0.173761,0.18103069
494,495,-0.0383428,-0.0330502,0.174038,0.18125041,4.25551e-15,1.47023e-16,2.97654e-15,5.1952643e-15,-0.0383428,-0.0330502,0.174038,0.18125041
495,496,-0.0352547,-0.0355808,0.164285,0.17175113,4.72799e-15,-8.2206e-16,-8.32975e-16,4.8706796e-15,-0.0352547,-0.0355808,0.164285,0.17175113
496,497,-0.0375399,-0.0329692,0.16446,0.17188166,4.65304e-15,4.48217e-16,1.53693e-15,4.9207553e-15,-0.0375399,-0.0329692,0.16446,0.17188166
497,498,-0.0345105,-0.0356189,0.154806,0.1625564,2.75907e-15,-2.41918e-15,3.74254e-16,3.688491e-15,-0.0345105,-0.0356189,0.154806,0.1625564
498,499,-0.0367647,-0.0330213,0.155019,0.16270506,2.23691e-15,-2.7459e-15,3.64628e-15,5.0832162e-15,-0.0367647,-0.0330213,0.155019,0.16270506
499,500,-0.0389757,-0.0302845,0.155327,0.16298078,2.81965e-15,-3.14788e-16,2.62774e-15,3.8671094e-15,-0.0389757,-0.0302845,0.155327,0.16298078
500,501,-0.0360251,-0.032972,0.145445,0.15342493,4.03372e-15,8.83024e-16,3.41218e-15,5.3566406e-15,-0.0360251,-0.032972,0.145445,0.15342493
501,502,-0.0383181,-0.0303398,0.145803,0.15377678,3.93111e-15,6.76278e-16,3.0846e-15,5.042394e-15,-0.0383181,-0.0303398,0.145803,0.15377678
502,503,-0.0350275,-0.0326703,0.135894,0.14408834,2.92654e-15,-1.9983e-15,3.30628e-15,4.846579e-15,-0.0350275,-0.0326703,0.135894,0.14408834
503,504,-0.0375297,-0.0302796,0.136222,0.14450525,4.1415e-15,-1.34212e-15,2.91257e-15,5.237974e-15,-0.0375297,-0.0302796,0.136222,0.14450525
504,505,-0.0318794,-0.0441382,0.201087,0.20832777,4.86554e-15,3.91872e-16,1.05875e-14,1.1658568e-14,-0.0318794,-0.0441382,0.201087,0.20832777
505,506,-0.0342379,-0.0415975,0.201429,0.20850953,5.78397e-15,1.12091e-15,7.98531e-15,9.9235034e-15,-0.0342379,-0.0415975,0.201429,0.20850953
506,507,-0.0307778,-0.0437711,0.191451,0.198788,4.70933e-15,9.30232e-16,6.58391e-15,8.1480665e-15,-0.0307778,-0.0437711,0.191451,0.198788
507,508,-0.0332082,-0.0413131,0.191839,0.19902703,5.3541e-15,1.65504e-16,5.63611e-15,7.775572e-15,-0.0332082,-0.0413131,0.191839,0.19902703
508,509,-0.0321665,-0.0409674,0.182577,0.18986145,4.69578e-15,-1.06868e-15,5.78177e-15,7.524712e-15,-0.0321665,-0.0409674,0.182577,0.18986145
509,510,-0.0344173,-0.0383461,0.182984,0.19010028,4.98447e-15,-7.25422e-16,3.15138e-15,5.94158e-15,-0.0344173,-0.0383461,0.182984,0.19010028
510,511,-0.031305,-0.0408077,0.173141,0.1806186,4.78087e-15,-9.70863e-16,4.45258e-15,6.604904e-15,-0.031305,-0.0408077,0.173141,0.1806186
511,512,-0.0337052,-0.0382805,0.173485,0.1808272,4.76748e-15,-7.40212e-16,9.4006e-16,4.9153326e-15,-0.0337052,-0.0382805,0.173485,0.1808272
512,513,-0.0303865,-0.0405561,0.163793,0.17145345,4.32964e-15,3.95304e-16,5.0251e-15,6.6448235e-15,-0.0303865,-0.0405561,0.163793,0.17145345
513,514,-0.0328338,-0.0380678,0.164103,0.17163046,2.82689e-15,-9.55047e-16,9.4014e-16,3.1284637e-15,-0.0328338,-0.0380678,0.164103,0.17163046
514,515,-0.0294338,-0.0402051,0.154464,0.16230196,3.49042e-15,8.41776e-16,3.76572e-15,5.203102e-15,-0.0294338,-0.0402051,0.154464,0.16230196
515,516,-0.0320088,-0.037924,0.154655,0.16242217,2.81821e-15,-1.52641e-15,6.31214e-16,3.2665984e-15,-0.0320088,-0.037924,0.154655,0.16242217
516,517,-0.031039,-0.0377071,0.145001,0.15300502,2.80048e-15,-1.03544e-15,2.34752e-15,3.7981144e-15,-0.031039,-0.0377071,0.145001,0.15300502
517,518,-0.0336114,-0.0354287,0.145199,0.1531916,1.6909e-15,-6.0305e-16,1.40316e-15,2.2785237e-15,-0.0336114,-0.0354287,0.145199,0.1531916
518,519,-0.0299488,-0.0373269,0.135481,0.14368483,3.93522e-15,-2.85679e-15,1.70958e-15,5.154597e-15,-0.0299488,-0.0373269,0.135481,0.14368483
519,520,-0.0326191,-0.0351254,0.135628,0.14384976,3.22135e-15,-1.54784e-15,2.40827e-15,4.309602e-15,-0.0326191,-0.0351254,0.135628,0.14384976
520,521,-0.0491063,-0.0179177,0.128531,0.13875405,4.60543e-16,7.17391e-16,3.14644e-15,3.2598825e-15,-0.0491063,-0.0179177,0.128531,0.13875405
521,522,-0.0511974,-0.0151848,0.129008,0.13962384,1.89024e-15,2.17676e-15,2.46471e-15,3.792899e-15,-0.0511974,-0.0151848,0.129008,0.13962384
522,523,-0.0536123,-0.0122233,0.13887,0.14936052,2.16303e-15,1.65192e-15,3.49878e-15,4.432719e-15,-0.0536123,-0.0122233,0.13887,0.14936052
523,524,-0.0504145,-0.0152585,0.119437,0.13053598,8.75124e-16,1.54053e-15,2.02785e-15,2.6928145e-15,-0.0504145,-0.0152585,0.119437,0.13053598
524,525,-0.0482948,-0.017933,0.118989,0.1296625,1.27207e-15,5.63015e-16,5.16606e-15,5.350077e-15,-0.0482948,-0.017933,0.118989,0.1296625
525,526,-0.0444243,-0.0230197,0.127727,0.1371773,7.38489e-16,-1.59633e-15,4.18485e-15,4.53945e-15,-0.0444243,-0.0230197,0.127727,0.1371773
526,527,-0.0469076,-0.0205896,0.12805,0.13791685,3.13778e-16,9.32934e-16,4.35822e-15,4.4679866e-15,-0.0469076,-0.0205896,0.12805,0.13791685
527,528,-0.0436396,-0.0229458,0.118211,0.12808108,8.64283e-16,-8.30108e-16,3.00505e-15,3.23518e-15,-0.0436396,-0.0229458,0.118211,0.12808108
528,529,-0.0461558,-0.0205898,0.118501,0.12882851,1.01614e-15,7.38875e-16,5.30637e-15,5.453076e-15,-0.0461558,-0.0205898,0.118501,0.12882851
529,530,-0.0452801,-0.0204331,0.108981,0.11976918,2.12763e-15,-9.44034e-16,3.82839e-15,4.4804663e-15,-0.0452801,-0.0204331,0.108981,0.11976918
530,531,-0.0475768,-0.0178777,0.109406,0.120635144,1.31196e-15,2.16177e-16,5.75698e-15,5.9085355e-15,-0.0475768,-0.0178777,0.109406,0.120635144
531,532,-0.0442712,-0.0201692,0.0993997,0.11066633,7.69411e-16,1.1725e-15,2.43994e-15,2.8142596e-15,-0.0442712,-0.0201692,0.0993997,0.11066633
532,533,-0.0466827,-0.0177058,0.0998129,0.1116037,7.55732e-16,2.28157e-15,1.98346e-15,3.1162166e-15,-0.0466827,-0.0177058,0.0998129,0.1116037
533,534,-0.049749,-0.0152141,0.109869,0.12156327,2.20172e-15,6.63845e-16,7.52535e-16,2.4196218e-15,-0.049749,-0.0152141,0.109869,0.12156327
534,535,-0.0456822,-0.0174799,0.0902442,0.10264709,6.87634e-16,2.79161e-16,7.69093e-15,7.726654e-15,-0.0456822,-0.0174799,0.0902442,0.10264709
535,536,-0.0432507,-0.0199271,0.0897984,0.101643816,9.68464e-16,1.44448e-16,7.16029e-15,7.226932e-15,-0.0432507,-0.0199271,0.0897984,0.101643816
536,537,-0.0477527,-0.0147187,0.0908725,0.10370521,1.01001e-15,1.6724e-15,2.19927e-15,2.9417395e-15,-0.0477527,-0.0147187,0.0908725,0.10370521
537,538,-0.0393055,-0.0277752,0.12713,0.13593535,8.34955e-16,-1.15758e-15,-1.41743e-15,2.0115292e-15,-0.0393055,-0.0277752,0.12713,0.13593535
538,539,-0.0418718,-0.0253942,0.12745,0.1365343,1.91763e-15,-1.83067e-15,8.27737e-16,2.777374e-15,-0.0418718,-0.0253942,0.12745,0.1365343
539,540,-0.0385893,-0.0276455,0.117693,0.12690566,9.13361e-16,9.75622e-16,2.10328e-15,2.4919578e-15,-0.0385893,-0.0276455,0.117693,0.12690566
540,541,-0.0411157,-0.0252972,0.117961,0.12745684,1.48374e-15,-6.02919e-16,1.89226e-15,2.4790408e-15,-0.0411157,-0.0252972,0.117961,0.12745684
541,542,-0.0402026,-0.0251181,0.108409,0.11832024,8.00903e-16,2.15028e-15,2.37939e-15,3.3055478e-15,-0.0402026,-0.0251181,0.108409,0.11832024
542,543,-0.0427422,-0.0227774,0.10868,0.118983395,1.24493e-15,-9.70014e-17,4.86966e-15,5.027211e-15,-0.0427422,-0.0227774,0.10868,0.118983395
543,544,-0.0392064,-0.0248896,0.0988194,0.109187484,6.47565e-16,4.12082e-17,5.77244e-15,5.8087953e-15,-0.0392064,-0.0248896,0.0988194,0.109187484
544,545,-0.0417449,-0.022533,0.0990886,0.109858654,1.74003e-17,1.97269e-16,5.37198e-15,5.3756285e-15,-0.0417449,-0.022533,0.0990886,0.109858654
545,546,-0.0382123,-0.02466,0.0892266,0.1001483,1.31796e-16,-7.97981e-16,6.26255e-15,6.3145607e-15,-0.0382123,-0.02466,0.0892266,0.1001483
546,547,-0.0407329,-0.0222897,0.0895151,0.100841224,2.23716e-16,1.3823e-15,7.8791e-15,8.002563e-15,-0.0407329,-0.0222897,0.0895151,0.100841224
547,548,-0.0397394,-0.0220455,0.0801337,0.09212293,2.52054e-16,1.42714e-15,6.47743e-15,6.6375717e-15,-0.0397394,-0.0220455,0.0801337,0.09212293
548,549,-0.0421127,-0.019525,0.0805642,0.09298009,2.08004e-15,-5.96844e-16,5.35762e-15,5.778138e-15,-0.0421127,-0.019525,0.0805642,0.09298009
549,550,-0.0444214,-0.0169545,0.0810628,0.09397816,1.29565e-15,5.09118e-16,5.52531e-15,5.6979788e-15,-0.0444214,-0.0169545,0.0810628,0.09397816
550,551,-0.0408895,-0.0190574,0.0713343,0.08440212,1.85602e-15,2.71645e-15,3.08315e-15,4.5088496e-15,-0.0408895,-0.0190574,0.0713343,0.08440212
551,552,-0.0386221,-0.0216737,0.070811,0.083520144,7.01201e-16,3.80107e-15,4.29699e-15,5.779614e-15,-0.0386221,-0.0216737,0.070811,0.083520144
552,553,-0.0431447,-0.016457,0.0718698,0.085425794,9.54549e-16,2.89083e-15,3.31274e-15,4.499145e-15,-0.0431447,-0.016457,0.0718698,0.085425794
553,554,-0.0374359,-0.0212118,0.0613168,0.07490753,2.83911e-16,2.05032e-15,2.35107e-15,3.1324026e-15,-0.0374359,-0.0212118,0.0613168,0.07490753
554,555,-0.0396186,-0.0185689,0.0617325,0.07566597,6.88219e-16,1.35288e-15,2.85484e-15,3.233271e-15,-0.0396186,-0.0185689,0.0617325,0.07566597
555,556,-0.0418052,-0.0159719,0.0622641,0.076678514,-1.29888e-15,2.55788e-15,3.77791e-15,4.743674e-15,-0.0418052,-0.0159719,0.0622641,0.076678514
556,557,-0.0341948,-0.0325169,0.126277,0.13480547,2.285e-15,-2.57179e-15,6.56355e-15,7.410501e-15,-0.0341948,-0.0325169,0.126277,0.13480547
557,558,-0.0367789,-0.0301829,0.126674,0.13531443,1.92593e-15,-2.00589e-15,2.92982e-15,4.039387e-15,-0.0367789,-0.0301829,0.126674,0.13531443
558,559,-0.0360067,-0.0299654,0.117264,0.12627451,1.80878e-15,4.39239e-16,2.78296e-15,3.3480565e-15,-0.0360067,-0.0299654,0.117264,0.12627451
559,560,-0.0376632,-0.0274905,0.108089,0.11771778,-7.04415e-16,6.10925e-16,6.01541e-15,6.087248e-15,-0.0376632,-0.0274905,0.108089,0.11771778
560,561,-0.0351851,-0.0299657,0.107622,0.1171257,2.12732e-15,-1.57915e-17,7.78863e-16,2.265473e-15,-0.0351851,-0.0299657,0.107622,0.1171257
561,562,-0.036736,-0.0273415,0.0984642,0.10859231,1.03768e-15,1.14111e-15,4.0634e-15,4.346278e-15,-0.036736,-0.0273415,0.0984642,0.10859231
562,563,-0.0342443,-0.029797,0.0980468,0.10804494,-1.69908e-16,-1.90478e-15,4.23811e-15,4.6495837e-15,-0.0342443,-0.029797,0.0980468,0.10804494
563,564,-0.0357393,-0.0270821,0.0888933,0.099562824,1.80944e-16,1.0137e-15,3.58337e-15,3.728387e-15,-0.0357393,-0.0270821,0.0888933,0.099562824
564,565,-0.0332721,-0.0295028,0.0884903,0.09903525,2.41575e-17,-4.0133e-16,3.30258e-15,3.3269633e-15,-0.0332721,-0.0295028,0.0884903,0.09903525
565,566,-0.0372349,-0.0244605,0.0797578,0.09135678,-2.55586e-17,-1.08018e-15,2.8007e-15,3.0018932e-15,-0.0372349,-0.0244605,0.0797578,0.09135678
566,567,-0.0346886,-0.0268244,0.0793856,0.09069135,2.06138e-15,7.18243e-16,5.11604e-15,5.5622862e-15,-0.0346886,-0.0268244,0.0793856,0.09069135
567,568,-0.0361958,-0.0241631,0.0703592,0.08273094,-5.66326e-16,3.69077e-15,4.10844e-15,5.5517373e-15,-0.0361958,-0.0241631,0.0703592,0.08273094
568,569,-0.0335873,-0.026456,0.0700001,0.082024634,-1.08905e-17,2.00908e-15,3.66582e-15,4.180282e-15,-0.0335873,-0.026456,0.0700001,0.082024634
569,570,-0.0350995,-0.0237754,0.0609005,0.0742032,1.27352e-16,8.19856e-16,2.17972e-15,2.3322868e-15,-0.0350995,-0.0237754,0.0609005,0.0742032
570,571,-0.032567,-0.0261035,0.0606002,0.073582515,2.25036e-16,-4.20071e-16,2.00588e-15,2.0617117e-15,-0.032567,-0.0261035,0.0606002,0.073582515
571,572,-0.0290062,-0.0370279,0.125922,0.13442013,3.1715e-15,-2.36783e-15,3.56407e-15,5.3261267e-15,-0.0290062,-0.0370279,0.125922,0.13442013
572,573,-0.0316596,-0.0348097,0.126083,0.134577,2.84496e-15,-1.79664e-15,2.76038e-15,4.3521734e-15,-0.0316596,-0.0348097,0.126083,0.134577
573,574,-0.030752,-0.0346376,0.116489,0.12536003,2.17213e-15,-1.67355e-16,3.41987e-15,4.0548327e-15,-0.030752,-0.0346376,0.116489,0.12536003
574,575,-0.0333481,-0.0323167,0.116826,0.12571706,1.87078e-15,-7.0294e-16,4.30968e-15,4.7505034e-15,-0.0333481,-0.0323167,0.116826,0.12571706
575,576,-0.0324498,-0.0322168,0.107245,0.116586454,1.9986e-15,5.54679e-16,2.41859e-15,3.1861653e-15,-0.0324498,-0.0322168,0.107245,0.116586454
576,577,-0.0297643,-0.0344428,0.106872,0.11616301,4.75981e-16,7.59424e-16,6.78753e-15,6.846448e-15,-0.0297643,-0.0344428,0.106872,0.11616301
577,578,-0.031546,-0.0320206,0.0976533,0.10750179,1.51536e-16,-4.48323e-16,2.16508e-15,2.2161967e-15,-0.031546,-0.0320206,0.0976533,0.10750179
578,579,-0.0286697,-0.0339941,0.0973842,0.10705715,-5.65633e-17,3.58478e-17,3.62355e-15,3.624169e-15,-0.0286697,-0.0339941,0.0973842,0.10705715
579,580,-0.0305,-0.0316027,0.0881589,0.09849351,-4.98328e-16,-1.98364e-16,2.7166e-15,2.7690422e-15,-0.0305,-0.0316027,0.0881589,0.09849351
580,581,-0.0320368,-0.0290871,0.0789654,0.09004416,2.23291e-15,9.0894e-16,3.9788e-15,4.6521938e-15,-0.0320368,-0.0290871,0.0789654,0.09004416
581,582,-0.0293707,-0.0312925,0.0785004,0.089466035,2.06593e-15,6.39298e-16,3.89401e-15,4.4542206e-15,-0.0293707,-0.0312925,0.0785004,0.089466035
582,583,-0.0309743,-0.0287308,0.0694763,0.08131311,1.7392e-15,1.89224e-15,3.88297e-15,4.6564844e-15,-0.0309743,-0.0287308,0.0694763,0.08131311
583,584,-0.0282903,-0.0309134,0.0689254,0.08066406,5.4996e-16,4.01605e-16,2.68057e-15,2.7657184e-15,-0.0282903,-0.0309134,0.0689254,0.08066406
584,585,-0.0299901,-0.0284188,0.060033,0.07287658,-2.00137e-16,9.10262e-16,6.06903e-16,1.1121885e-15,-0.0299901,-0.0284188,0.060033,0.07287658
585,586,-0.0334979,-0.022937,0.0515604,0.06562538,1.32239e-15,5.91018e-16,1.44641e-15,2.0469781e-15,-0.0334979,-0.022937,0.0515604,0.06562538
586,587,-0.0357332,-0.0202923,0.0518121,0.06612967,-6.12119e-17,9.23201e-16,1.39835e-15,1.6767318e-15,-0.0357332,-0.0202923,0.0518121,0.06612967
587,588,-0.0315693,-0.0219268,0.0423073,0.057160415,-8.97801e-16,3.33757e-15,3.14398e-17,3.4563578e-15,-0.0315693,-0.0219268,0.0423073,0.057160415
588,589,-0.0338172,-0.019278,0.042502,0.057633884,-1.3765e-15,1.29653e-15,4.36825e-16,1.9407623e-15,-0.0338172,-0.019278,0.042502,0.057633884
589,590,-0.0310656,-0.0253794,0.0512375,0.06507278,2.15508e-15,7.98453e-16,2.09166e-15,3.1075617e-15,-0.0310656,-0.0253794,0.0512375,0.06507278
590,591,-0.0285578,-0.0277391,0.0507549,0.06450632,-6.78219e-17,-1.93923e-17,-7.65641e-16,7.688836e-16,-0.0285578,-0.0277391,0.0507549,0.06450632
591,592,-0.0293444,-0.0244456,0.0418254,0.056639608,7.01468e-16,2.27098e-15,-1.43298e-17,2.3768916e-15,-0.0293444,-0.0244456,0.0418254,0.056639608
592,593,-0.0269276,-0.0268233,0.0414325,0.05622488,1.20431e-15,2.41855e-15,1.58681e-16,2.70646e-15,-0.0269276,-0.0268233,0.0414325,0.05622488
593,594,-0.0271691,-0.0231816,0.0323131,0.04816309,-2.36144e-16,7.09784e-16,1.10885e-15,1.3375745e-15,-0.0271691,-0.0231816,0.0323131,0.04816309
594,595,-0.0293852,-0.0205384,0.0328571,0.04863029,3.54753e-16,-6.74572e-16,6.52616e-16,1.0033966e-15,-0.0293852,-0.0205384,0.0328571,0.04863029
595,596,-0.0535517,0.00207264,0.382719,0.386453,1.23637e-14,3.22674e-15,1.6592e-14,2.0942e-14,-0.0535517,0.00207264,0.382719,0.386453
596,597,-0.0549795,0.0014303,0.375975,0.3799763,9.67746e-15,2.12274e-15,1.8642e-14,2.1111215e-14,-0.0549795,0.0014303,0.375975,0.3799763
597,598,-0.0560732,0.00130234,0.369036,0.373274,9.37506e-15,4.84549e-15,1.78945e-14,2.0774591e-14,-0.0560732,0.00130234,0.369036,0.373274
598,599,-0.0532516,0.00378999,0.374207,0.377996,1.14777e-14,1.60843e-15,1.99811e-14,2.3099114e-14,-0.0532516,0.00378999,0.374207,0.377996
599,600,-0.0536452,0.00420663,0.368018,0.3719311,1.08944e-14,2.18896e-15,2.30358e-14,2.5575918e-14,-0.0536452,0.00420663,0.368018,0.3719311
600,601,-0.0507004,0.00172856,0.398358,0.40157515,8.09708e-15,1.48534e-15,2.07609e-14,2.233347e-14,-0.0507004,0.00172856,0.398358,0.40157515
601,602,-0.052003,0.00196429,0.390435,0.39388788,1.23133e-14,2.55991e-15,1.85727e-14,2.243024e-14,-0.052003,0.00196429,0.390435,0.39388788
602,603,-0.0492505,0.00466924,0.388793,0.3919278,1.17879e-14,2.25352e-15,1.61505e-14,2.0121422e-14,-0.0492505,0.00466924,0.388793,0.3919278
603,604,-0.0508558,0.00533477,0.379152,0.38258463,1.03621e-14,9.78187e-16,2.07507e-14,2.3214683e-14,-0.0508558,0.00533477,0.379152,0.38258463
604,605,-0.0504993,0.00693687,0.3693,0.37280127,1.0875e-14,1.13021e-16,2.21188e-14,2.4647915e-14,-0.0504993,0.00693687,0.3693,0.37280127
605,606,-0.0447814,0.00166672,0.421234,0.42361096,8.54462e-15,1.59019e-15,2.22587e-14,2.3895375e-14,-0.0447814,0.00166672,0.421234,0.42361096
606,607,-0.0452185,0.00238946,0.414838,0.41730204,8.96609e-15,3.69594e-15,1.98849e-14,2.2123742e-14,-0.0452185,0.00238946,0.414838,0.41730204
607,608,-0.0460706,0.0039962,0.406657,0.4092779,1.07619e-14,3.91658e-15,1.46919e-14,1.8628204e-14,-0.0460706,0.0039962,0.406657,0.4092779
608,609,-0.0479572,0.00426155,0.397511,0.4004161,9.18745e-15,2.06646e-16,1.66432e-14,1.9011787e-14,-0.0479572,0.00426155,0.397511,0.4004161
609,610,-0.0444504,0.00554691,0.402637,0.40512118,1.0804e-14,3.44099e-15,2.1588e-14,2.4384596e-14,-0.0444504,0.00554691,0.402637,0.40512118
610,611,-0.045173,0.00606612,0.39652,0.39913094,1.06695e-14,3.77842e-15,1.69623e-14,2.0392017e-14,-0.045173,0.00606612,0.39652,0.39913094
611,612,-0.0458207,0.00671332,0.388922,0.39166942,1.08637e-14,3.57102e-15,1.79142e-14,2.1253017e-14,-0.0458207,0.00671332,0.388922,0.39166942
612,613,-0.0463607,0.00762284,0.381352,0.38423532,1.12342e-14,2.85706e-15,1.84843e-14,2.1818327e-14,-0.0463607,0.00762284,0.381352,0.38423532
613,614,-0.0461774,0.00854751,0.373718,0.37665707,1.00962e-14,2.08931e-15,2.13283e-14,2.3689552e-14,-0.0461774,0.00854751,0.373718,0.37665707
614,615,-0.0486078,0.00844182,0.365177,0.36849454,1.1174e-14,1.18758e-15,2.18481e-14,2.4568438e-14,-0.0486078,0.00844182,0.365177,0.36849454
615,616,-0.0418574,0.00444769,0.417032,0.41915095,1.06742e-14,3.31597e-15,1.99041e-14,2.2827778e-14,-0.0418574,0.00444769,0.417032,0.41915095
616,617,-0.0418049,0.00535823,0.410204,0.41236353,9.96361e-15,2.22358e-15,2.05182e-14,2.2917554e-14,-0.0418049,0.00535823,0.410204,0.41236353
617,618,-0.0415692,0.00750582,0.397213,0.39945278,9.87146e-15,2.3699e-15,2.00498e-14,2.2473465e-14,-0.0415692,0.00750582,0.397213,0.39945278
618,619,-0.0418255,0.00849256,0.390532,0.39285713,1.10964e-14,2.6503e-15,1.72713e-14,2.0699083e-14,-0.0418255,0.00849256,0.390532,0.39285713
619,620,-0.0419266,0.00927908,0.383862,0.38625637,1.05061e-14,1.61649e-15,1.88959e-14,2.1680549e-14,-0.0419266,0.00927908,0.383862,0.38625637
620,621,-0.0417615,0.0100643,0.376414,0.37885725,1.14908e-14,3.43485e-15,1.66094e-14,2.0486798e-14,-0.0417615,0.0100643,0.376414,0.37885725
621,622,-0.0414281,0.0107261,0.368483,0.37095964,9.44098e-15,2.75797e-15,1.71245e-14,1.9748089e-14,-0.0414281,0.0107261,0.368483,0.37095964
622,623,-0.0456445,0.00961246,0.366972,0.3699247,1.13925e-14,2.88463e-15,1.71102e-14,2.0757386e-14,-0.0456445,0.00961246,0.366972,0.3699247
623,624,-0.0377092,0.00284853,0.43171,0.43336317,9.90538e-15,1.82798e-15,2.51388e-14,2.708168e-14,-0.0377092,0.00284853,0.43171,0.43336317
624,625,-0.0376074,0.00420655,0.424981,0.42666247,9.99941e-15,2.97268e-15,2.07612e-14,2.3234724e-14,-0.0376074,0.00420655,0.424981,0.42666247
625,626,-0.0417955,0.00314357,0.423347,0.42541677,9.51941e-15,2.11282e-15,2.37804e-14,2.5701958e-14,-0.0417955,0.00314357,0.423347,0.42541677
626,627,-0.0375299,0.00535275,0.41855,0.42026332,1.0318e-14,1.32098e-15,2.46383e-14,2.6744195e-14,-0.0375299,0.00535275,0.41855,0.42026332
627,628,-0.0374157,0.00626375,0.412067,0.4138096,9.8414e-15,2.03912e-15,2.56358e-14,2.753553e-14,-0.0374157,0.00626375,0.412067,0.4138096
628,629,-0.0372438,0.00736082,0.405184,0.40695867,1.15223e-14,2.51942e-15,2.4625e-14,2.7303873e-14,-0.0372438,0.00736082,0.405184,0.40695867
629,630,-0.0414133,0.00646338,0.404022,0.40619037,1.13518e-14,1.48264e-15,2.02132e-14,2.3230045e-14,-0.0414133,0.00646338,0.404022,0.40619037
630,631,-0.0371876,0.00847295,0.398204,0.4000264,7.32668e-15,1.82607e-15,2.54946e-14,2.6589272e-14,-0.0371876,0.00847295,0.398204,0.4000264
631,632,-0.0371599,0.00921061,0.391816,0.3936819,1.08428e-14,1.68956e-15,1.92524e-14,2.216023e-14,-0.0371599,0.00921061,0.391816,0.3936819
632,633,-0.0371142,0.00990754,0.385244,0.38715443,1.18571e-14,3.22132e-15,1.80241e-14,2.1813665e-14,-0.0371142,0.00990754,0.385244,0.38715443
633,634,-0.0369628,0.0106125,0.377441,0.379395,1.11483e-14,3.96195e-15,1.42963e-14,1.8557098e-14,-0.0369628,0.0106125,0.377441,0.379395
634,635,-0.0367413,0.0111582,0.369211,0.37120232,9.32158e-15,3.09527e-15,1.77109e-14,2.0252124e-14,-0.0367413,0.0111582,0.369211,0.37120232
635,636,-0.0622598,-0.00102974,0.317984,0.32402343,8.56062e-15,-4.68526e-16,1.41245e-14,1.652287e-14,-0.0622598,-0.00102974,0.317984,0.32402343
636,637,-0.0626128,-0.00139979,0.310738,0.31698647,9.56809e-15,4.79642e-15,1.22554e-14,1.6271105e-14,-0.0626128,-0.00139979,0.310738,0.31698647
637,638,-0.0627568,-0.00165301,0.301994,0.3084502,6.40762e-15,3.07995e-15,1.12455e-14,1.3304321e-14,-0.0627568,-0.00165301,0.301994,0.3084502
638,639,-0.0627232,-0.00189713,0.292686,0.2993374,5.65363e-15,3.45322e-15,1.18388e-14,1.3566335e-14,-0.0627232,-0.00189713,0.292686,0.2993374
639,640,-0.0616395,0.0013675,0.316742,0.32268685,7.21162e-15,2.13589e-15,7.87317e-15,1.0888356e-14,-0.0616395,0.0013675,0.316742,0.32268685
640,641,-0.0616745,0.00158476,0.310526,0.31659544,8.12767e-15,3.84425e-15,1.38152e-14,1.6483234e-14,-0.0616745,0.00158476,0.310526,0.31659544
641,642,-0.0618741,0.00178973,0.302189,0.3084636,8.31928e-15,2.77608e-15,1.50693e-14,1.7435621e-14,-0.0618741,0.00178973,0.302189,0.3084636
642,643,-0.0620508,0.00184802,0.293085,0.29958728,5.98414e-15,3.26188e-15,1.338e-14,1.5015799e-14,-0.0620508,0.00184802,0.293085,0.29958728
643,644,-0.0582209,0.00103659,0.354348,0.3591006,9.53729e-15,3.45732e-16,1.77758e-14,2.0175691e-14,-0.0582209,0.00103659,0.354348,0.3591006
644,645,-0.0594416,0.000347633,0.347588,0.35263416,8.3571e-15,4.75035e-16,1.76637e-14,1.954669e-14,-0.0594416,0.000347633,0.347588,0.35263416
645,646,-0.0605926,0.000120171,0.339754,0.34511483,9.04713e-15,2.01699e-16,1.73198e-14,1.954141e-14,-0.0605926,0.000120171,0.339754,0.34511483
646,647,-0.0614213,-0.000104453,0.331122,0.3367705,8.78139e-15,-2.56004e-15,1.27092e-14,1.5658556e-14,-0.0614213,-0.000104453,0.331122,0.3367705
647,648,-0.0618841,-0.000213638,0.323862,0.3297215,7.34501e-15,-7.6163e-16,1.01215e-14,1.2528927e-14,-0.0618841,-0.000213638,0.323862,0.3297215
648,649,-0.0581183,0.00312535,0.346054,0.35091433,9.11245e-15,2.24295e-16,1.52704e-14,1.7784041e-14,-0.0581183,0.00312535,0.346054,0.35091433
649,650,-0.0589946,0.00363963,0.339749,0.34485212,7.6043e-15,3.74309e-15,1.18429e-14,1.4563324e-14,-0.0589946,0.00363963,0.339749,0.34485212
650,651,-0.0596239,0.00364301,0.331012,0.3363588,8.75864e-15,1.31879e-15,1.28534e-14,1.5609704e-14,-0.0596239,0.00364301,0.331012,0.3363588
651,652,-0.0603992,0.00327625,0.320963,0.32661298,7.30035e-15,1.23742e-15,1.0009e-14,1.2450157e-14,-0.0603992,0.00327625,0.320963,0.32661298
652,653,-0.060638,0.00435988,0.311617,0.31749192,7.101e-15,5.30606e-15,1.14784e-14,1.4502832e-14,-0.060638,0.00435988,0.311617,0.31749192
653,654,-0.0608804,0.00473629,0.302578,0.30867833,7.76253e-15,4.07022e-15,1.35672e-14,1.6152166e-14,-0.0608804,0.00473629,0.302578,0.30867833
654,655,-0.0584546,0.00722044,0.321825,0.32717028,7.53612e-15,1.31195e-15,1.04606e-14,1.2959108e-14,-0.0584546,0.00722044,0.321825,0.32717028
655,656,-0.0589384,0.00756939,0.312123,0.31772912,5.859e-15,4.33008e-15,1.09853e-14,1.31815886e-14,-0.0589384,0.00756939,0.312123,0.31772912
656,657,-0.0593483,0.00772827,0.302821,0.30867866,7.55171e-15,4.47497e-15,1.20171e-14,1.488168e-14,-0.0593483,0.00772827,0.302821,0.30867866
657,658,-0.0613307,0.00500896,0.293425,0.29980788,7.83042e-15,3.16722e-15,1.01368e-14,1.31947515e-14,-0.0613307,0.00500896,0.293425,0.29980788
658,659,-0.0597216,0.00787616,0.293481,0.29959938,7.46424e-15,2.58058e-15,9.97531e-15,1.272325e-14,-0.0597216,0.00787616,0.293481,0.29959938
659,660,-0.0564186,0.00997829,0.312041,0.31725734,5.73269e-15,4.10667e-15,8.15686e-15,1.0782525e-14,-0.0564186,0.00997829,0.312041,0.31725734
660,661,-0.0571695,0.0104859,0.302891,0.30841735,7.25371e-15,3.41143e-15,1.30414e-14,1.5307915e-14,-0.0571695,0.0104859,0.302891,0.30841735
661,662,-0.0577907,0.0108447,0.293588,0.29941827,6.91288e-15,2.21227e-15,1.03256e-14,1.2621413e-14,-0.0577907,0.0108447,0.293588,0.29941827
662,663,-0.0571449,0.00122054,0.361724,0.36621207,1.04805e-14,3.6251e-15,1.8889e-14,2.1903803e-14,-0.0571449,0.00122054,0.361724,0.36621207
663,664,-0.0545046,0.00427052,0.359623,0.363755,1.23118e-14,2.41543e-15,1.56306e-14,2.0043214e-14,-0.0545046,0.00427052,0.359623,0.363755
664,665,-0.0558668,0.00438825,0.349977,0.35443512,1.00914e-14,-2.2605e-16,1.50322e-14,1.8106752e-14,-0.0558668,0.00438825,0.349977,0.35443512
665,666,-0.0567766,0.00612038,0.34082,0.345571,9.25561e-15,2.60876e-15,1.21616e-14,1.550408e-14,-0.0567766,0.00612038,0.34082,0.345571
666,667,-0.0575726,0.00693508,0.331672,0.33670318,8.02495e-15,2.13642e-15,1.4164e-14,1.6418983e-14,-0.0575726,0.00693508,0.331672,0.33670318
667,668,-0.0529562,0.00739457,0.350326,0.35438305,9.04281e-15,2.88384e-15,1.70182e-14,1.94861e-14,-0.0529562,0.00739457,0.350326,0.35438305
668,669,-0.0539662,0.00877352,0.341675,0.3460219,9.27137e-15,2.19795e-15,1.74479e-14,1.9880104e-14,-0.0539662,0.00877352,0.341675,0.3460219
669,670,-0.0542672,0.00981279,0.33195,0.33649966,9.06469e-15,1.61379e-15,1.47668e-14,1.7402048e-14,-0.0542672,0.00981279,0.33195,0.33649966
670,671,-0.0555874,0.00967598,0.321608,0.32651997,8.41405e-15,1.9858e-15,1.47224e-14,1.707304e-14,-0.0555874,0.00967598,0.321608,0.32651997
671,672,-0.052534,0.0115285,0.327682,0.33206657,7.04883e-15,-3.62541e-16,1.43678e-14,1.6007845e-14,-0.052534,0.0115285,0.327682,0.33206657
672,673,-0.0529783,0.0117868,0.320759,0.32531825,8.48342e-15,2.88342e-15,1.36242e-14,1.6306482e-14,-0.0529783,0.0117868,0.320759,0.32531825
673,674,-0.0537666,0.0120537,0.311912,0.3167416,6.20633e-15,2.89041e-15,1.45915e-14,1.6117843e-14,-0.0537666,0.0120537,0.311912,0.3167416
674,675,-0.0546027,0.0126708,0.302949,0.30809107,7.53083e-15,3.9939e-15,1.36581e-14,1.6099948e-14,-0.0546027,0.0126708,0.302949,0.30809107
675,676,-0.0526121,0.0153626,0.293805,0.29887357,6.58416e-15,1.23817e-15,1.24307e-14,1.4121138e-14,-0.0526121,0.0153626,0.293805,0.29887357
676,677,-0.0554437,0.0132564,0.293678,0.29915965,7.04448e-15,2.88217e-15,1.27622e-14,1.4859521e-14,-0.0554437,0.0132564,0.293678,0.29915965
677,678,-0.0519155,0.00695303,0.359507,0.36330268,1.08934e-14,1.7863e-15,1.71192e-14,2.0369684e-14,-0.0519155,0.00695303,0.359507,0.36330268
678,679,-0.0492518,0.00897676,0.358896,0.36237085,8.89597e-15,3.5213e-15,1.77336e-14,2.0149897e-14,-0.0492518,0.00897676,0.358896,0.36237085
679,680,-0.0498361,0.00969576,0.351164,0.35481516,6.84506e-15,2.47171e-15,1.51e-14,1.6762286e-14,-0.0498361,0.00969576,0.351164,0.35481516
680,681,-0.0501968,0.0107143,0.343703,0.34751442,9.82327e-15,2.39347e-15,2.02484e-14,2.2632346e-14,-0.0501968,0.0107143,0.343703,0.34751442
681,682,-0.0501801,0.0117959,0.336293,0.34022078,1.01205e-14,2.67149e-15,1.66728e-14,1.9686128e-14,-0.0501801,0.0117959,0.336293,0.34022078
682,683,-0.0494711,0.014206,0.321497,0.32559103,9.52607e-15,4.73614e-15,1.39048e-14,1.7507725e-14,-0.0494711,0.014206,0.321497,0.32559103
683,684,-0.05097,0.0142283,0.312172,0.31662554,5.50906e-15,3.84708e-15,1.39018e-14,1.5440525e-14,-0.05097,0.0142283,0.312172,0.31662554
684,685,-0.0519525,0.0148556,0.303257,0.30803335,7.62297e-15,4.01496e-15,1.0797e-14,1.3813211e-14,-0.0519525,0.0148556,0.303257,0.30803335
685,686,-0.0475358,0.0154418,0.317732,0.32163912,9.53899e-15,5.14214e-15,1.98534e-14,2.2618387e-14,-0.0475358,0.0154418,0.317732,0.32163912
686,687,-0.0481214,0.0158758,0.311531,0.31562522,7.72281e-15,5.42821e-15,1.27173e-14,1.5837834e-14,-0.0481214,0.0158758,0.311531,0.31562522
687,688,-0.0485772,0.0165958,0.303419,0.3077308,9.13964e-15,4.16652e-15,1.42023e-14,1.739535e-14,-0.0485772,0.0165958,0.303419,0.3077308
688,689,-0.0456388,0.0103749,0.359733,0.3627649,8.03581e-15,2.64443e-15,1.37561e-14,1.6149227e-14,-0.0456388,0.0103749,0.359733,0.3627649
689,690,-0.0457448,0.0110943,0.352671,0.3557984,9.73033e-15,4.46482e-15,1.51552e-14,1.8555161e-14,-0.0457448,0.0110943,0.352671,0.3557984
690,691,-0.0458018,0.0120921,0.345982,0.3492099,8.03365e-15,3.44691e-15,1.74235e-14,1.9493565e-14,-0.0458018,0.0120921,0.345982,0.3492099
691,692,-0.0456515,0.0132189,0.338901,0.34221733,9.35316e-15,1.38757e-15,1.69694e-14,1.9425948e-14,-0.0456515,0.0132189,0.338901,0.34221733
692,693,-0.0452788,0.0142495,0.33192,0.33529705,8.55538e-15,3.25099e-15,1.90306e-14,2.1116987e-14,-0.0452788,0.0142495,0.33192,0.33529705
693,694,-0.0495881,0.0130585,0.329589,0.3335542,8.01104e-15,2.79003e-15,1.53638e-14,1.755014e-14,-0.0495881,0.0130585,0.329589,0.3335542
694,695,-0.0450423,0.0153882,0.32539,0.32885295,7.68538e-15,4.18166e-15,1.49411e-14,1.7314383e-14,-0.0450423,0.0153882,0.32539,0.32885295
695,696,-0.044431,0.0172216,0.312286,0.31590068,8.45042e-15,3.08923e-15,1.70312e-14,1.9261743e-14,-0.044431,0.0172216,0.312286,0.31590068
696,697,-0.0444336,0.0180086,0.305098,0.3088421,7.49435e-15,3.68592e-15,1.62494e-14,1.827004e-14,-0.0444336,0.0180086,0.305098,0.3088421
697,698,-0.0443635,0.0189521,0.29799,0.30186975,7.32237e-15,3.08432e-15,1.65536e-14,1.8361694e-14,-0.0443635,0.0189521,0.29799,0.30186975
698,699,-0.0488372,0.0176608,0.294043,0.29859382,7.32517e-15,1.71875e-15,1.50232e-14,1.6802045e-14,-0.0488372,0.0176608,0.294043,0.29859382
699,700,-0.0469753,0.0189811,0.28991,0.29430386,7.50751e-15,2.42687e-15,1.65883e-14,1.8369107e-14,-0.0469753,0.0189811,0.28991,0.29430386
700,701,-0.0413008,0.011543,0.361149,0.36368614,1.15531e-14,8.72192e-17,2.15594e-14,2.4459955e-14,-0.0413008,0.011543,0.361149,0.36368614
701,702,-0.0412302,0.0122814,0.35456,0.3571604,1.08514e-14,1.59778e-15,1.67771e-14,2.0044372e-14,-0.0412302,0.0122814,0.35456,0.3571604
702,703,-0.0411475,0.0133052,0.34789,0.35056752,1.11337e-14,2.79036e-15,1.78214e-14,2.1197823e-14,-0.0411475,0.0133052,0.34789,0.35056752
703,704,-0.0409829,0.0144516,0.340713,0.34347314,9.43491e-15,3.04035e-15,1.70722e-14,1.974136e-14,-0.0409829,0.0144516,0.340713,0.34347314
704,705,-0.0407474,0.0153878,0.333955,0.3367834,8.56618e-15,2.2808e-15,1.47117e-14,1.7176019e-14,-0.0407474,0.0153878,0.333955,0.3367834
705,706,-0.0405129,0.016231,0.327438,0.33033374,9.13586e-15,3.96621e-15,1.44606e-14,1.755858e-14,-0.0405129,0.016231,0.327438,0.33033374
706,707,-0.0402179,0.0171877,0.32048,0.32345065,9.68979e-15,5.90978e-15,1.65941e-14,2.0104271e-14,-0.0402179,0.0171877,0.32048,0.32345065
707,708,-0.0444764,0.0163903,0.319294,0.32279322,8.95347e-15,5.21968e-15,1.681e-14,1.9748058e-14,-0.0444764,0.0163903,0.319294,0.32279322
708,709,-0.0400372,0.0182262,0.313444,0.3165159,9.61039e-15,4.82446e-15,1.64132e-14,1.9622135e-14,-0.0400372,0.0182262,0.313444,0.3165159
709,710,-0.0399355,0.0192055,0.307015,0.31019658,9.52274e-15,5.65963e-15,1.59921e-14,1.9454082e-14,-0.0399355,0.0192055,0.307015,0.31019658
710,711,-0.0398563,0.0202276,0.300364,0.3036712,8.69388e-15,2.67427e-15,1.4551e-14,1.7160037e-14,-0.0398563,0.0202276,0.300364,0.3036712
711,712,-0.0397107,0.0212997,0.293216,0.29665846,8.6518e-15,4.79901e-15,8.13127e-15,1.2806315e-14,-0.0397107,0.0212997,0.293216,0.29665846
712,713,-0.0439081,0.0200374,0.291559,0.29552677,8.17363e-15,4.73774e-15,1.41323e-14,1.6999302e-14,-0.0439081,0.0200374,0.291559,0.29552677
713,714,-0.036587,0.0119433,0.361934,0.36397454,9.85265e-15,2.82234e-15,1.95214e-14,2.2048252e-14,-0.036587,0.0119433,0.361934,0.36397454
714,715,-0.0364525,0.0126343,0.355334,0.35742226,1.20566e-14,4.56698e-15,1.64913e-14,2.0932793e-14,-0.0364525,0.0126343,0.355334,0.35742226
715,716,-0.0363178,0.013659,0.348475,0.35062855,1.16148e-14,2.03766e-15,1.32815e-14,1.7761022e-14,-0.0363178,0.013659,0.348475,0.35062855
716,717,-0.0361587,0.0147862,0.341307,0.34353536,1.01561e-14,2.63323e-15,1.61847e-14,1.9287945e-14,-0.0361587,0.0147862,0.341307,0.34353536
717,718,-0.0359907,0.0157228,0.334831,0.33712658,8.03072e-15,2.54109e-15,1.88778e-14,2.0671743e-14,-0.0359907,0.0157228,0.334831,0.33712658
718,719,-0.0358155,0.0165985,0.328368,0.33073223,1.01987e-14,4.61678e-15,1.75226e-14,2.07935e-14,-0.0358155,0.0165985,0.328368,0.33073223
719,720,-0.0356118,0.0176198,0.321202,0.3236501,9.21525e-15,2.8141e-15,1.56978e-14,1.8419038e-14,-0.0356118,0.0176198,0.321202,0.3236501
720,721,-0.0354337,0.0187097,0.314276,0.31682014,7.25758e-15,2.24299e-15,1.95422e-14,2.0966666e-14,-0.0354337,0.0187097,0.314276,0.31682014
721,722,-0.0352969,0.019763,0.308018,0.31066304,9.9872e-15,3.29646e-15,1.74737e-14,2.0394632e-14,-0.0352969,0.019763,0.308018,0.31066304
722,723,-0.03517,0.0208343,0.301322,0.30408216,9.15254e-15,1.07545e-15,1.97133e-14,2.176097e-14,-0.03517,0.0208343,0.301322,0.30408216
723,724,-0.0350325,0.0219217,0.294154,0.29704276,7.94903e-15,1.43376e-15,1.28962e-14,1.5216923e-14,-0.0350325,0.0219217,0.294154,0.29704276
724,725,-0.0625482,-0.00220634,0.283113,0.28994846,7.30619e-15,9.77088e-16,1.06927e-14,1.2987261e-14,-0.0625482,-0.00220634,0.283113,0.28994846
725,726,-0.0621857,-0.00251309,0.273507,0.2804986,7.64038e-15,1.25136e-15,1.12419e-14,1.3649968e-14,-0.0621857,-0.00251309,0.273507,0.2804986
726,727,-0.0617472,-0.00278716,0.263877,0.2710195,7.26548e-15,1.24771e-15,7.91945e-15,1.0819503e-14,-0.0617472,-0.00278716,0.263877,0.2710195
727,728,-0.0604877,-0.00624224,0.253862,0.26104337,5.38313e-15,1.56311e-16,1.13228e-14,1.2538274e-14,-0.0604877,-0.00624224,0.253862,0.26104337
728,729,-0.0612705,-0.00295373,0.254302,0.2615957,4.85241e-15,2.00581e-15,1.19334e-14,1.3037453e-14,-0.0612705,-0.00295373,0.254302,0.2615957
729,730,-0.0621749,0.00171301,0.283535,0.29027703,7.66347e-15,2.78928e-15,1.3643e-14,1.5894663e-14,-0.0621749,0.00171301,0.283535,0.29027703
730,731,-0.0620387,0.00148362,0.273949,0.28088975,8.09168e-15,6.96044e-16,9.90283e-15,1.2807257e-14,-0.0620387,0.00148362,0.273949,0.28088975
731,732,-0.0619837,0.00124786,0.264426,0.27159646,6.60993e-15,2.06373e-15,8.15523e-15,1.06985005e-14,-0.0619837,0.00124786,0.264426,0.27159646
732,733,-0.0615954,0.000985593,0.254914,0.262252,5.51881e-15,1.24771e-15,7.33909e-15,9.266946e-15,-0.0615954,0.000985593,0.254914,0.262252
733,734,-0.060729,-0.00294933,0.24487,0.25230542,5.44549e-15,9.64615e-16,1.10922e-14,1.2394383e-14,-0.060729,-0.00294933,0.24487,0.25230542
734,735,-0.0613734,0.000720729,0.24532,0.25288162,4.81814e-15,1.46886e-15,8.82225e-15,1.0158942e-14,-0.0613734,0.000720729,0.24532,0.25288162
735,736,-0.0602359,-0.00287736,0.235429,0.24302976,5.06105e-15,1.34335e-15,9.34226e-15,1.0709652e-14,-0.0602359,-0.00287736,0.235429,0.24302976
736,737,-0.0608442,0.000522155,0.235773,0.24349783,5.57135e-15,2.53179e-15,8.34001e-15,1.0344354e-14,-0.0608442,0.000522155,0.235773,0.24349783
737,738,-0.0597233,-0.00278031,0.22595,0.23372635,3.2461e-15,-4.397e-16,9.25501e-15,9.817622e-15,-0.0597233,-0.00278031,0.22595,0.23372635
738,739,-0.060396,0.000447795,0.226249,0.23417191,3.58048e-15,7.95319e-17,7.9425e-15,8.712604e-15,-0.060396,0.000447795,0.226249,0.23417191
739,740,-0.0615201,0.00512176,0.283864,0.2904991,8.5589e-15,1.05108e-15,1.24773e-14,1.5167153e-14,-0.0615201,0.00512176,0.283864,0.2904991
740,741,-0.0616787,0.0051375,0.274355,0.28124955,7.67953e-15,1.69789e-16,9.82275e-15,1.246958e-14,-0.0616787,0.0051375,0.274355,0.28124955
741,742,-0.0616266,0.00504164,0.264945,0.27206454,5.85043e-15,1.1697e-16,1.00899e-14,1.1663932e-14,-0.0616266,0.00504164,0.264945,0.27206454
742,743,-0.0615663,0.00486337,0.255529,0.26288614,6.78012e-15,6.17113e-16,6.93796e-15,9.7203985e-15,-0.0615663,0.00486337,0.255529,0.26288614
743,744,-0.0613117,0.00458924,0.245818,0.25339037,6.21817e-15,6.25762e-16,6.77196e-15,9.215024e-15,-0.0613117,0.00458924,0.245818,0.25339037
744,745,-0.0611018,0.00434302,0.236174,0.24398863,4.16161e-15,4.32744e-15,8.99372e-15,1.0813544e-14,-0.0611018,0.00434302,0.236174,0.24398863
745,746,-0.0605627,0.00415429,0.226595,0.23458557,4.00354e-15,-1.79014e-16,7.3732e-15,8.391928e-15,-0.0605627,0.00415429,0.226595,0.23458557
746,747,-0.059895,0.000541354,0.216759,0.22488256,4.49722e-15,2.29069e-15,7.00635e-15,8.634882e-15,-0.059895,0.000541354,0.216759,0.22488256
747,748,-0.0599187,0.00403279,0.21707,0.22522411,4.5629e-15,7.42798e-16,4.96931e-15,6.7871827e-15,-0.0599187,0.00403279,0.21707,0.22522411
748,749,-0.0603533,0.00789013,0.255804,0.26294574,6.00167e-15,1.33667e-15,7.25671e-15,9.511392e-15,-0.0603533,0.00789013,0.255804,0.26294574
749,750,-0.0604195,0.00787321,0.246155,0.25358388,6.39865e-15,1.97609e-15,5.70016e-15,8.7942865e-15,-0.0604195,0.00787321,0.246155,0.25358388
750,751,-0.0603262,0.00778413,0.236478,0.24417552,5.41706e-15,3.06243e-15,5.8929e-15,8.570256e-15,-0.0603262,0.00778413,0.236478,0.24417552
751,752,-0.0601458,0.00769876,0.226896,0.23485865,4.37477e-15,-6.79523e-16,7.86589e-15,9.026217e-15,-0.0601458,0.00769876,0.226896,0.23485865
752,753,-0.059659,0.00751847,0.217335,0.22549994,5.16068e-15,8.06544e-16,4.74658e-15,7.057843e-15,-0.059659,0.00751847,0.217335,0.22549994
753,754,-0.059985,-0.00618981,0.244494,0.25182104,5.84892e-15,1.03584e-15,1.0546e-14,1.2103757e-14,-0.059985,-0.00618981,0.244494,0.25182104
754,755,-0.0594814,-0.00612798,0.235058,0.24254453,5.06584e-15,1.89758e-15,9.00656e-15,1.0506268e-14,-0.0594814,-0.00612798,0.235058,0.24254453
755,756,-0.0589928,-0.0061492,0.225538,0.23320667,3.99315e-15,-1.52984e-15,8.36355e-15,9.3933286e-15,-0.0589928,-0.0061492,0.225538,0.23320667
756,757,-0.0584355,-0.00628029,0.215974,0.22382788,3.45603e-15,-1.53437e-17,7.2324e-15,8.015734e-15,-0.0584355,-0.00628029,0.215974,0.22382788
757,758,-0.0592238,-0.00268144,0.216437,0.22440949,2.93199e-15,-3.09217e-16,1.10863e-14,1.1471627e-14,-0.0592238,-0.00268144,0.216437,0.22440949
758,759,-0.0598904,0.0079924,0.28391,0.2902682,9.36269e-15,1.7298e-15,8.75987e-15,1.2937831e-14,-0.0598904,0.0079924,0.28391,0.2902682
759,760,-0.0601198,0.00802268,0.27447,0.2810917,6.87096e-15,2.46408e-15,6.0616e-15,9.488139e-15,-0.0601198,0.00802268,0.27447,0.2810917
760,761,-0.0604182,0.00802629,0.265197,0.2721107,6.45671e-15,2.13715e-15,5.36535e-15,8.662764e-15,-0.0604182,0.00802629,0.265197,0.2721107
761,762,-0.0581328,0.0109545,0.284036,0.2901308,7.74929e-15,2.04186e-15,9.01239e-15,1.2060011e-14,-0.0581328,0.0109545,0.284036,0.2901308
762,763,-0.0584879,0.010941,0.274622,0.28099427,5.97995e-15,3.31145e-15,8.94934e-15,1.1261269e-14,-0.0584879,0.010941,0.274622,0.28099427
763,764,-0.0589202,0.0109251,0.265317,0.2720001,5.72104e-15,2.92672e-15,7.49217e-15,9.870593e-15,-0.0589202,0.0109251,0.265317,0.2720001
764,765,-0.0591283,0.0108845,0.25592,0.26288718,4.61905e-15,1.43363e-15,7.3682e-15,8.813699e-15,-0.0591283,0.0108845,0.25592,0.26288718
765,766,-0.0593491,0.0109543,0.246353,0.25363776,6.62898e-15,2.60876e-15,4.81387e-15,8.5978105e-15,-0.0593491,0.0109543,0.246353,0.25363776
766,767,-0.0594628,0.0108695,0.236719,0.24431507,7.29444e-15,2.55988e-15,7.41749e-15,1.071359e-14,-0.0594628,0.0108695,0.236719,0.24431507
767,768,-0.0595652,0.0107593,0.227156,0.23508216,4.6741e-15,4.98143e-16,5.71787e-15,7.401986e-15,-0.0595652,0.0107593,0.227156,0.23508216
768,769,-0.0560443,0.0135583,0.284218,0.29000807,8.08326e-15,4.6958e-16,1.27687e-14,1.51195e-14,-0.0560443,0.0135583,0.284218,0.29000807
769,770,-0.0564966,0.0137734,0.274834,0.2809187,6.28438e-15,2.41184e-15,1.05139e-14,1.2484089e-14,-0.0564966,0.0137734,0.274834,0.2809187
770,771,-0.0569542,0.0138988,0.265461,0.2718575,6.66143e-15,3.91747e-15,1.02613e-14,1.28458366e-14,-0.0569542,0.0138988,0.265461,0.2718575
771,772,-0.0572438,0.0139428,0.256018,0.2627099,5.30762e-15,4.33741e-15,8.59053e-15,1.0990048e-14,-0.0572438,0.0139428,0.256018,0.2627099
772,773,-0.0575056,0.0139723,0.246504,0.25350806,6.61726e-15,3.29087e-15,8.15639e-15,1.1006573e-14,-0.0575056,0.0139723,0.246504,0.25350806
773,774,-0.0577119,0.0138208,0.236876,0.24419646,6.45559e-15,1.85391e-15,1.08098e-14,1.2726484e-14,-0.0577119,0.0138208,0.236876,0.24419646
774,775,-0.057996,0.0136957,0.227345,0.23502523,5.53574e-15,-1.18948e-16,4.84597e-15,7.358124e-15,-0.057996,0.0136957,0.227345,0.23502523
775,776,-0.0594299,0.0105414,0.217593,0.2258091,4.94625e-15,1.38095e-15,2.51356e-15,5.7175516e-15,-0.0594299,0.0105414,0.217593,0.2258091
776,777,-0.0579214,0.0134328,0.217762,0.2257335,4.20857e-15,3.63743e-16,8.61457e-15,9.594539e-15,-0.0579214,0.0134328,0.217762,0.2257335
777,778,-0.0553957,0.0166416,0.246601,0.25329366,6.3962e-15,2.20575e-15,8.20314e-15,1.06333535e-14,-0.0553957,0.0166416,0.246601,0.25329366
778,779,-0.0558151,0.0167726,0.237091,0.24414912,7.18235e-15,1.16657e-15,8.70352e-15,1.1344527e-14,-0.0558151,0.0167726,0.237091,0.24414912
779,780,-0.0562638,0.0168921,0.227636,0.23509383,5.26577e-15,1.629e-15,8.11969e-15,9.813835e-15,-0.0562638,0.0168921,0.227636,0.23509383
780,781,-0.0563646,0.0167909,0.218066,0.22585766,4.61168e-15,2.90168e-15,5.44201e-15,7.700832e-15,-0.0563646,0.0167909,0.218066,0.22585766
781,782,-0.0534213,0.0157452,0.284348,0.2897508,8.82724e-15,8.80318e-16,1.31828e-14,1.5889662e-14,-0.0534213,0.0157452,0.284348,0.2897508
782,783,-0.0538536,0.0159302,0.274906,0.28058386,6.74704e-15,1.27869e-15,1.27023e-14,1.4439738e-14,-0.0538536,0.0159302,0.274906,0.28058386
783,784,-0.0542827,0.0160962,0.265389,0.27136144,7.55002e-15,2.74047e-15,1.1199e-14,1.378153e-14,-0.0542827,0.0160962,0.265389,0.27136144
784,785,-0.0548804,0.0164026,0.256011,0.26234052,5.31912e-15,4.31126e-15,9.96147e-15,1.2087634e-14,-0.0548804,0.0164026,0.256011,0.26234052
785,786,-0.0515784,0.0183661,0.265532,0.27111784,6.7903e-15,3.62355e-15,1.04451e-14,1.297453e-14,-0.0515784,0.0183661,0.265532,0.27111784
786,787,-0.0523631,0.0186901,0.256022,0.26198947,5.72923e-15,3.44947e-15,7.99235e-15,1.042116e-14,-0.0523631,0.0186901,0.256022,0.26198947
787,788,-0.0530552,0.0190391,0.246617,0.25297686,6.51554e-15,2.99779e-15,7.16101e-15,1.01350414e-14,-0.0530552,0.0190391,0.246617,0.25297686
788,789,-0.053536,0.0192737,0.237156,0.24388634,6.652e-15,2.18602e-15,9.72728e-15,1.1985315e-14,-0.053536,0.0192737,0.237156,0.24388634
789,790,-0.0539826,0.0194247,0.227714,0.23482995,5.87184e-15,1.02971e-15,9.56996e-15,1.1274882e-14,-0.0539826,0.0194247,0.227714,0.23482995
790,791,-0.0503322,0.0211886,0.246628,0.25260177,6.50619e-15,4.17703e-15,9.41926e-15,1.218608e-14,-0.0503322,0.0211886,0.246628,0.25260177
791,792,-0.0508219,0.0215922,0.237197,0.24353953,5.81485e-15,9.93704e-16,8.8889e-15,1.0668293e-14,-0.0508219,0.0215922,0.237197,0.24353953
792,793,-0.0513523,0.0216482,0.227695,0.2344157,6.57402e-15,1.56983e-15,1.23065e-14,1.4040372e-14,-0.0513523,0.0216482,0.227695,0.2344157
793,794,-0.0541716,0.0193712,0.218141,0.22559987,5.12842e-15,4.23191e-15,5.32865e-15,8.5208135e-15,-0.0541716,0.0193712,0.218141,0.22559987
794,795,-0.0516259,0.021543,0.218092,0.22515206,5.728e-15,1.94727e-15,1.00207e-14,1.1705395e-14,-0.0516259,0.021543,0.218092,0.22515206
795,796,-0.0504717,0.0178263,0.28439,0.28938356,7.93425e-15,1.56933e-15,1.20067e-14,1.4476738e-14,-0.0504717,0.0178263,0.28439,0.28938356
796,797,-0.0511781,0.0181052,0.275127,0.28043154,7.29694e-15,2.05254e-15,7.07832e-15,1.0371155e-14,-0.0511781,0.0181052,0.275127,0.28043154
797,798,-0.0476376,0.0195504,0.283696,0.28833136,4.95356e-15,1.27181e-15,1.28105e-14,1.3793628e-14,-0.0476376,0.0195504,0.283696,0.28833136
798,799,-0.0481005,0.0202842,0.275633,0.28053284,7.74353e-15,3.14654e-15,1.26752e-14,1.5183006e-14,-0.0481005,0.0202842,0.275633,0.28053284
799,800,-0.0496357,0.0210012,0.256078,0.26168817,6.19127e-15,3.79885e-15,7.95197e-15,1.0770186e-14,-0.0496357,0.0210012,0.256078,0.26168817
800,801,-0.046272,0.0223087,0.261804,0.26679602,7.96538e-15,3.81569e-15,1.06938e-14,1.3869539e-14,-0.046272,0.0223087,0.261804,0.26679602
801,802,-0.046776,0.0226011,0.255286,0.26051822,5.90882e-15,3.16171e-15,9.47606e-15,1.1606304e-14,-0.046776,0.0226011,0.255286,0.26051822
802,803,-0.0471381,0.0231459,0.246962,0.2524836,7.10302e-15,4.7472e-15,1.00015e-14,1.3153661e-14,-0.0471381,0.0231459,0.246962,0.2524836
803,804,-0.0485866,0.0239875,0.227725,0.23408274,5.97147e-15,2.146e-15,7.57207e-15,9.879272e-15,-0.0485866,0.0239875,0.227725,0.23408274
804,805,-0.0491328,0.0238952,0.218214,0.22494969,4.98197e-15,1.27404e-15,5.58093e-15,7.588806e-15,-0.0491328,0.0238952,0.218214,0.22494969
805,806,-0.0453731,0.0254684,0.233316,0.23904753,4.75233e-15,-5.45627e-16,1.05275e-14,1.15633296e-14,-0.0453731,0.0254684,0.233316,0.23904753
806,807,-0.045867,0.0257912,0.226937,0.23295787,6.20771e-15,1.58517e-15,5.40964e-15,8.385263e-15,-0.045867,0.0257912,0.226937,0.23295787
807,808,-0.0463007,0.0261042,0.218313,0.22469033,6.34556e-15,2.85962e-15,3.06209e-15,7.6039435e-15,-0.0463007,0.0261042,0.218313,0.22469033
808,809,-0.0439738,0.0209347,0.284623,0.28875977,6.6692e-15,3.56869e-15,1.55718e-14,1.7311693e-14,-0.0439738,0.0209347,0.284623,0.28875977
809,810,-0.0440812,0.0218236,0.277614,0.28193784,7.86099e-15,4.18138e-15,1.1106e-14,1.4234548e-14,-0.0440812,0.0218236,0.277614,0.28193784
810,811,-0.0438704,0.0225119,0.270204,0.27466637,7.4464e-15,4.27514e-15,1.4546e-14,1.6891175e-14,-0.0438704,0.0225119,0.270204,0.27466637
811,812,-0.0481579,0.0210439,0.26602,0.2711617,7.32697e-15,3.13316e-15,1.11692e-14,1.3720503e-14,-0.0481579,0.0210439,0.26602,0.2711617
812,813,-0.0432646,0.0242171,0.256476,0.2612245,5.87312e-15,2.73844e-15,1.23935e-14,1.3985401e-14,-0.0432646,0.0242171,0.256476,0.2612245
813,814,-0.0432671,0.0248955,0.249217,0.25416717,6.97843e-15,3.81488e-15,8.30717e-15,1.1500472e-14,-0.0432671,0.0248955,0.249217,0.25416717
814,815,-0.0430908,0.0257392,0.241798,0.24695262,6.94078e-15,2.61499e-15,1.08263e-14,1.3123314e-14,-0.0430908,0.0257392,0.241798,0.24695262
815,816,-0.0472131,0.0240493,0.237442,0.24328203,5.28385e-15,1.6838e-15,1.07416e-14,1.20886814e-14,-0.0472131,0.0240493,0.237442,0.24328203
816,817,-0.0424871,0.0275659,0.227841,0.23340213,6.10762e-15,3.04744e-15,7.98244e-15,1.05028215e-14,-0.0424871,0.0275659,0.227841,0.23340213
817,818,-0.0424371,0.0283182,0.218845,0.22471306,6.01021e-15,3.07865e-15,7.68238e-15,1.0228376e-14,-0.0424371,0.0283182,0.218845,0.22471306
818,819,-0.0396651,0.0222318,0.286346,0.2899338,8.79671e-15,3.55199e-15,1.27726e-14,1.5910313e-14,-0.0396651,0.0222318,0.286346,0.2899338
819,820,-0.0395937,0.0230351,0.279804,0.28352875,7.73337e-15,2.80122e-15,1.05273e-14,1.3359487e-14,-0.0395937,0.0230351,0.279804,0.28352875
820,821,-0.0394085,0.023937,0.27271,0.27658045,7.06005e-15,1.20961e-15,1.14049e-14,1.34677095e-14,-0.0394085,0.023937,0.27271,0.27658045
821,822,-0.03914,0.024909,0.265368,0.269393,7.62729e-15,1.88225e-15,1.30403e-14,1.5223923e-14,-0.03914,0.024909,0.265368,0.269393
822,823,-0.0433157,0.0235193,0.263589,0.26815772,7.98217e-15,2.35028e-15,1.32175e-14,1.5618615e-14,-0.0433157,0.0235193,0.263589,0.26815772
823,824,-0.0390443,0.0257746,0.25857,0.2627684,7.19987e-15,1.98286e-15,1.37002e-14,1.5603375e-14,-0.0390443,0.0257746,0.25857,0.2627684
824,825,-0.0389735,0.0265956,0.251983,0.2563624,7.99757e-15,3.4315e-15,9.34325e-15,1.2768424e-14,-0.0389735,0.0265956,0.251983,0.2563624
825,826,-0.0387763,0.0274559,0.24467,0.24924053,7.76435e-15,2.01149e-15,9.08923e-15,1.21221e-14,-0.0387763,0.0274559,0.24467,0.24924053
826,827,-0.0384694,0.0282848,0.237171,0.24192975,5.90145e-15,3.59673e-15,9.99579e-15,1.2152341e-14,-0.0384694,0.0282848,0.237171,0.24192975
827,828,-0.0425305,0.026756,0.235147,0.24045548,5.98266e-15,2.34947e-15,9.16211e-15,1.1191805e-14,-0.0425305,0.026756,0.235147,0.24045548
828,829,-0.038312,0.029044,0.230171,0.23513837,5.70992e-15,2.10124e-15,8.2537e-15,1.0253875e-14,-0.038312,0.029044,0.230171,0.23513837
829,830,-0.038101,0.0298017,0.22316,0.22834231,6.27782e-15,3.24879e-15,6.66806e-15,9.717442e-15,-0.038101,0.0298017,0.22316,0.22834231
830,831,-0.0349245,0.0228662,0.287611,0.29062465,7.32098e-15,8.17277e-16,1.17402e-14,1.3859906e-14,-0.0349245,0.0228662,0.287611,0.29062465
831,832,-0.0348012,0.0237519,0.281157,0.28429654,7.50038e-15,2.76328e-15,9.88184e-15,1.2709925e-14,-0.0348012,0.0237519,0.281157,0.28429654
832,833,-0.0346127,0.0246811,0.273838,0.27711812,7.45314e-15,1.53683e-15,8.16128e-15,1.1158748e-14,-0.0346127,0.0246811,0.273838,0.27711812
833,834,-0.0344147,0.0256358,0.266559,0.26999125,7.34133e-15,1.71481e-15,1.3204e-14,1.5204648e-14,-0.0344147,0.0256358,0.266559,0.26999125
834,835,-0.0342846,0.0264745,0.260142,0.2637237,7.7191e-15,1.36738e-15,1.38213e-14,1.5889701e-14,-0.0342846,0.0264745,0.260142,0.2637237
835,836,-0.0341477,0.0272279,0.253462,0.2571972,6.46986e-15,2.28573e-15,1.2193e-14,1.39911725e-14,-0.0341477,0.0272279,0.253462,0.2571972
836,837,-0.0339753,0.028163,0.245916,0.24984425,7.10938e-15,4.26768e-16,1.0021e-14,1.22941394e-14,-0.0339753,0.028163,0.245916,0.24984425
837,838,-0.0338011,0.0291306,0.238639,0.24277496,7.02587e-15,1.82984e-15,1.08074e-14,1.3019641e-14,-0.0338011,0.0291306,0.238639,0.24277496
838,839,-0.0336652,0.0299962,0.232158,0.23649621,7.2391e-15,1.36163e-15,9.0754e-15,1.168852e-14,-0.0336652,0.0299962,0.232158,0.23649621
839,840,-0.0594063,0.000634238,0.207372,0.21571429,3.0893e-15,-8.57184e-16,6.41193e-15,7.168779e-15,-0.0594063,0.000634238,0.207372,0.21571429
840,841,-0.0595984,0.00388405,0.207611,0.21603097,1.9265e-15,-3.6138e-16,6.32958e-15,6.6261287e-15,-0.0595984,0.00388405,0.207611,0.21603097
841,842,-0.0590275,0.000674511,0.197933,0.20654823,2.72518e-15,1.65579e-15,6.20318e-15,6.9747895e-15,-0.0590275,0.000674511,0.197933,0.20654823
842,843,-0.0592936,0.0037869,0.198118,0.20683523,2.8369e-15,9.15613e-16,8.12867e-15,8.658039e-15,-0.0592936,0.0037869,0.198118,0.20683523
843,844,-0.0596029,0.00729014,0.207827,0.2163278,2.40654e-15,1.04214e-15,3.54746e-15,4.4115716e-15,-0.0596029,0.00729014,0.207827,0.2163278
844,845,-0.0594532,0.00702888,0.198286,0.20712659,3.011e-15,-1.86697e-16,6.30951e-15,6.993632e-15,-0.0594532,0.00702888,0.198286,0.20712659
845,846,-0.0589647,0.00369716,0.18842,0.19746543,2.01292e-15,-1.65973e-16,8.31532e-15,8.557099e-15,-0.0589647,0.00369716,0.18842,0.19746543
846,847,-0.0591808,0.00676346,0.188664,0.19784392,1.74425e-15,1.24827e-15,4.58727e-15,5.063954e-15,-0.0591808,0.00676346,0.188664,0.19784392
847,848,-0.0587784,0.00338607,0.178742,0.18818893,2.55254e-15,1.44843e-15,5.08195e-15,5.8685284e-15,-0.0587784,0.00338607,0.178742,0.18818893
848,849,-0.0590331,0.0064271,0.179054,0.18864398,2.25531e-15,1.96128e-15,4.5516e-15,5.445191e-15,-0.0590331,0.0064271,0.179054,0.18864398
849,850,-0.0586441,0.00293474,0.169114,0.17901756,1.53228e-15,2.79735e-15,8.09374e-15,8.699522e-15,-0.0586441,0.00293474,0.169114,0.17901756
850,851,-0.0588567,0.00602173,0.169458,0.17948924,1.66825e-15,2.02462e-15,9.28284e-15,9.646412e-15,-0.0588567,0.00602173,0.169458,0.17948924
851,852,-0.0584528,0.00247391,0.159526,0.16991585,2.96474e-16,1.37147e-15,6.16054e-15,6.318313e-15,-0.0584528,0.00247391,0.159526,0.16991585
852,853,-0.0586395,0.00558527,0.159879,0.17038509,2.73117e-15,3.29569e-15,5.69521e-15,7.124344e-15,-0.0586395,0.00558527,0.159879,0.17038509
853,854,-0.0582695,0.00211808,0.15002,0.16095285,1.54499e-15,1.98845e-15,7.64435e-15,8.048417e-15,-0.0582695,0.00211808,0.15002,0.16095285
854,855,-0.058427,0.00516802,0.150372,0.16140682,9.09267e-16,1.29241e-15,1.08928e-14,1.1006824e-14,-0.058427,0.00516802,0.150372,0.16140682
855,856,-0.0580379,0.00201322,0.140749,0.15225877,1.57427e-15,1.89548e-15,1.16593e-14,1.1916813e-14,-0.0580379,0.00201322,0.140749,0.15225877
856,857,-0.0581868,0.00486048,0.141201,0.15279742,2.6723e-15,2.83251e-15,7.24553e-15,8.225691e-15,-0.0581868,0.00486048,0.141201,0.15279742
857,858,-0.0593076,0.0103156,0.208056,0.2165897,3.01778e-15,1.79225e-15,4.8605e-15,5.9952996e-15,-0.0593076,0.0103156,0.208056,0.2165897
858,859,-0.0590743,0.0100055,0.198485,0.20733109,2.71817e-15,1.77105e-15,3.71336e-15,4.9309337e-15,-0.0590743,0.0100055,0.198485,0.20733109
859,860,-0.0590322,0.00974064,0.18892,0.19816773,2.64612e-15,9.15081e-16,4.17778e-15,5.0292314e-15,-0.0590322,0.00974064,0.18892,0.19816773
860,861,-0.058824,0.00942366,0.179338,0.18897404,1.70855e-15,1.35379e-15,5.48372e-15,5.901108e-15,-0.058824,0.00942366,0.179338,0.18897404
861,862,-0.0586921,0.00909228,0.16977,0.17985907,1.41104e-15,3.04163e-15,6.89612e-15,7.668052e-15,-0.0586921,0.00909228,0.16977,0.17985907
862,863,-0.0584534,0.00869127,0.160204,0.17075613,1.35108e-15,7.39949e-16,1.03329e-14,1.04470935e-14,-0.0584534,0.00869127,0.160204,0.17075613
863,864,-0.0582845,0.00821672,0.150688,0.16177599,1.68449e-15,2.69229e-15,7.26728e-15,7.9309076e-15,-0.0582845,0.00821672,0.150688,0.16177599
864,865,-0.0580409,0.00764257,0.141462,0.15309687,5.27953e-16,5.54021e-15,5.58978e-15,7.887858e-15,-0.0580409,0.00764257,0.141462,0.15309687
865,866,-0.0578821,-0.00646362,0.20644,0.21449846,2.13166e-15,-1.12015e-15,9.72492e-15,1.0018622e-14,-0.0578821,-0.00646362,0.20644,0.21449846
866,867,-0.0574228,-0.00671542,0.196882,0.20519502,3.13123e-15,2.364e-16,1.08243e-14,1.127058e-14,-0.0574228,-0.00671542,0.196882,0.20519502
867,868,-0.0570288,-0.00705022,0.187165,0.19578746,3.0907e-15,1.04243e-15,7.16147e-15,7.869291e-15,-0.0570288,-0.00705022,0.187165,0.19578746
868,869,-0.0566904,-0.00743317,0.177484,0.18646614,1.8034e-15,-2.32307e-16,6.23244e-15,6.4922666e-15,-0.0566904,-0.00743317,0.177484,0.18646614
869,870,-0.0563888,-0.00784881,0.167848,0.17724065,2.20022e-15,8.35598e-16,6.48176e-15,6.895825e-15,-0.0563888,-0.00784881,0.167848,0.17724065
870,871,-0.0560027,-0.00824941,0.158247,0.16806684,3.19537e-15,3.73289e-17,8.12154e-15,8.727611e-15,-0.0560027,-0.00824941,0.158247,0.16806684
871,872,-0.0556155,-0.00865491,0.148693,0.1589893,3.27777e-15,1.8568e-15,6.77929e-15,7.75566e-15,-0.0556155,-0.00865491,0.148693,0.1589893
872,873,-0.0553311,-0.00908853,0.139208,0.15007664,3.00628e-15,2.52639e-15,3.04946e-15,4.971878e-15,-0.0553311,-0.00908853,0.139208,0.15007664
873,874,-0.0587144,-0.00262918,0.206984,0.21516661,4.08572e-15,-4.73688e-16,5.58376e-15,6.9351183e-15,-0.0587144,-0.00262918,0.206984,0.21516661
874,875,-0.0583183,-0.00272137,0.197465,0.20591468,2.47584e-15,1.83158e-16,8.9672e-15,9.3045155e-15,-0.0583183,-0.00272137,0.197465,0.20591468
875,876,-0.0579687,-0.00297616,0.187706,0.19647586,2.34904e-15,2.39946e-15,4.88896e-15,5.9310475e-15,-0.0579687,-0.00297616,0.187706,0.19647586
876,877,-0.0577206,-0.0033782,0.177984,0.18714,9.50462e-16,9.68946e-17,1.02317e-14,1.0276208e-14,-0.0577206,-0.0033782,0.177984,0.18714
877,878,-0.0575473,-0.00385874,0.16833,0.17793699,1.6507e-15,1.92251e-16,7.86975e-15,8.043304e-15,-0.0575473,-0.00385874,0.16833,0.17793699
878,879,-0.0572539,-0.00431843,0.158725,0.16879065,2.69252e-15,-8.81931e-17,4.94753e-15,5.6334264e-15,-0.0572539,-0.00431843,0.158725,0.16879065
879,880,-0.056985,-0.00475545,0.149167,0.15975198,2.83351e-15,1.8497e-15,6.35296e-15,7.197935e-15,-0.056985,-0.00475545,0.149167,0.15975198
880,881,-0.0567548,-0.00514588,0.139684,0.15086156,2.55964e-15,2.60229e-15,5.89983e-15,6.9376987e-15,-0.0567548,-0.00514588,0.139684,0.15086156
881,882,-0.0587079,0.000549477,0.188143,0.1970906,2.2748e-15,1.7956e-15,2.9498e-15,4.1352407e-15,-0.0587079,0.000549477,0.188143,0.1970906
882,883,-0.0585134,0.000212609,0.17841,0.18776046,1.7634e-15,9.67445e-16,8.05392e-15,8.301274e-15,-0.0585134,0.000212609,0.17841,0.18776046
883,884,-0.0583779,-0.000251386,0.168756,0.17856827,1.98618e-15,2.57167e-15,8.14237e-15,8.766789e-15,-0.0583779,-0.000251386,0.168756,0.17856827
884,885,-0.0582599,-0.000729166,0.159156,0.16948563,1.60472e-15,1.37331e-16,6.81831e-15,7.00595e-15,-0.0582599,-0.000729166,0.159156,0.16948563
885,886,-0.0580809,-0.00110777,0.149629,0.16050997,2.28079e-15,1.98756e-15,6.48988e-15,7.160373e-15,-0.0580809,-0.00110777,0.149629,0.16050997
886,887,-0.0578582,-0.00132251,0.140231,0.15170383,2.50616e-15,3.47664e-15,4.63938e-15,6.3159884e-15,-0.0578582,-0.00132251,0.140231,0.15170383
887,888,-0.0579734,0.0132957,0.208237,0.21656486,4.33056e-15,2.93362e-15,5.42938e-15,7.5391015e-15,-0.0579734,0.0132957,0.208237,0.21656486
888,889,-0.0578144,0.0129509,0.19865,0.20729701,2.00812e-15,2.143e-15,1.06051e-14,1.1004233e-14,-0.0578144,0.0129509,0.19865,0.20729701
889,890,-0.0580606,0.0127531,0.189145,0.19826625,2.93328e-15,4.72412e-16,8.1727e-15,8.695995e-15,-0.0580606,0.0127531,0.189145,0.19826625
890,891,-0.0580466,0.0124635,0.179585,0.18914416,1.85964e-15,1.16023e-15,5.72911e-15,6.134093e-15,-0.0580466,0.0124635,0.179585,0.18914416
891,892,-0.0580716,0.0121799,0.170031,0.18008664,1.25116e-15,1.70806e-15,1.34231e-14,1.3589057e-14,-0.0580716,0.0121799,0.170031,0.18008664
892,893,-0.0579159,0.0117751,0.160488,0.17102428,1.27564e-15,1.90155e-15,8.55067e-15,8.851955e-15,-0.0579159,0.0117751,0.160488,0.17102428
893,894,-0.0578825,0.0113041,0.150978,0.162088,1.23673e-15,3.50426e-15,5.63694e-15,6.7516242e-15,-0.0578825,0.0113041,0.150978,0.162088
894,895,-0.0564476,0.0166647,0.208501,0.21664882,5.09037e-15,3.12661e-15,8.30181e-15,1.0227786e-14,-0.0564476,0.0166647,0.208501,0.21664882
895,896,-0.0565824,0.0164216,0.198966,0.20750591,2.53266e-15,2.07456e-15,7.68195e-15,8.35048e-15,-0.0565824,0.0164216,0.198966,0.20750591
896,897,-0.056829,0.0162201,0.189452,0.19845577,1.70955e-15,2.70446e-15,5.85288e-15,6.6702972e-15,-0.056829,0.0162201,0.189452,0.19845577
897,898,-0.0570414,0.0160377,0.179892,0.18939921,1.17273e-15,2.14053e-15,2.20738e-15,3.2908496e-15,-0.0570414,0.0160377,0.179892,0.18939921
898,899,-0.0571396,0.0157972,0.170297,0.1803207,8.4396e-16,2.1224e-15,4.96441e-15,5.4646335e-15,-0.0571396,0.0157972,0.170297,0.1803207
899,900,-0.0572627,0.0154485,0.160834,0.17142126,1.89491e-15,8.33913e-16,6.99247e-15,7.292512e-15,-0.0572627,0.0154485,0.160834,0.17142126
900,901,-0.0571947,0.0149707,0.151329,0.16246791,2.62675e-15,4.7682e-15,6.37617e-15,8.383979e-15,-0.0571947,0.0149707,0.151329,0.16246791
901,902,-0.0570847,0.0144254,0.141841,0.15357612,3.61542e-15,3.81373e-15,3.30934e-15,6.2102757e-15,-0.0570847,0.0144254,0.141841,0.15357612
902,903,-0.0576409,0.0106374,0.141573,0.15322709,1.06852e-15,5.17618e-15,4.27788e-15,6.79962e-15,-0.0576409,0.0106374,0.141573,0.15322709
903,904,-0.0543906,0.0193551,0.208588,0.21642992,5.06156e-15,2.17553e-15,7.67311e-15,9.446107e-15,-0.0543906,0.0193551,0.208588,0.21642992
904,905,-0.0546843,0.0193587,0.199124,0.20740178,4.73338e-15,2.68139e-15,5.50993e-15,7.743001e-15,-0.0546843,0.0193587,0.199124,0.20740178
905,906,-0.0549419,0.019325,0.189621,0.19836378,4.14227e-15,6.38372e-16,7.05191e-15,8.203374e-15,-0.0549419,0.019325,0.189621,0.19836378
906,907,-0.055229,0.0193581,0.18003,0.18930341,1.53646e-15,1.43868e-16,5.52549e-15,5.7369368e-15,-0.055229,0.0193581,0.18003,0.18930341
907,908,-0.0553894,0.0192678,0.170402,0.1802112,1.27368e-15,3.06218e-15,6.83012e-15,7.592743e-15,-0.0553894,0.0192678,0.170402,0.1802112
908,909,-0.0555823,0.0190356,0.161046,0.171428,2.13173e-15,2.30682e-15,6.80645e-15,7.49623e-15,-0.0555823,0.0190356,0.161046,0.171428
909,910,-0.0555841,0.0186483,0.151621,0.16256161,2.1876e-15,4.67174e-15,6.95164e-15,8.656561e-15,-0.0555841,0.0186483,0.151621,0.16256161
910,911,-0.0555302,0.0182176,0.142144,0.1536893,2.3735e-15,2.9963e-15,6.41146e-15,7.464458e-15,-0.0555302,0.0182176,0.142144,0.1536893
911,912,-0.0534198,0.0220444,0.170462,0.17999145,1.84613e-15,1.93933e-15,6.71752e-15,7.231478e-15,-0.0534198,0.0220444,0.170462,0.17999145
912,913,-0.0537488,0.0220425,0.161194,0.17134267,1.47894e-15,3.94576e-15,5.42079e-15,6.8659487e-15,-0.0537488,0.0220425,0.161194,0.17134267
913,914,-0.0538865,0.0218401,0.151874,0.16262367,1.93955e-15,3.75885e-15,2.75292e-15,5.0467193e-15,-0.0538865,0.0218401,0.151874,0.16262367
914,915,-0.0539633,0.0215718,0.142435,0.15383469,2.82925e-15,2.35475e-15,4.5121e-15,5.8231046e-15,-0.0539633,0.0215718,0.142435,0.15383469
915,916,-0.0519948,0.0216331,0.208569,0.21603815,5.94829e-15,2.48924e-15,5.70538e-15,8.609869e-15,-0.0519948,0.0216331,0.208569,0.21603815
916,917,-0.0524234,0.0218273,0.199185,0.20712148,4.07234e-15,2.6304e-15,4.35325e-15,6.5156536e-15,-0.0524234,0.0218273,0.199185,0.20712148
917,918,-0.052662,0.0218193,0.189642,0.19802387,3.70629e-15,1.8419e-15,6.08456e-15,7.358739e-15,-0.052662,0.0218193,0.189642,0.19802387
918,919,-0.0530646,0.0219699,0.180049,0.18898723,9.63236e-16,1.37772e-15,5.64634e-15,5.891272e-15,-0.0530646,0.0219699,0.180049,0.18898723
919,920,-0.0495652,0.0239512,0.208665,0.21580419,5.13462e-15,2.38824e-15,6.75148e-15,8.811951e-15,-0.0495652,0.0239512,0.208665,0.21580419
920,921,-0.050015,0.0242353,0.199276,0.20688106,2.92407e-15,1.85007e-15,7.13594e-15,7.930611e-15,-0.050015,0.0242353,0.199276,0.20688106
921,922,-0.0504034,0.0243561,0.189808,0.19789086,4.4889e-15,1.77499e-15,5.50292e-15,7.320037e-15,-0.0504034,0.0243561,0.189808,0.19789086
922,923,-0.05095,0.024585,0.180287,0.18895431,3.77638e-16,2.50019e-15,6.34668e-15,6.83183e-15,-0.05095,0.024585,0.180287,0.18895431
923,924,-0.0512691,0.024581,0.170671,0.17989257,1.39221e-15,2.7645e-15,6.13279e-15,6.8696303e-15,-0.0512691,0.024581,0.170671,0.17989257
924,925,-0.0515242,0.0245636,0.161377,0.17117432,2.38056e-15,3.50955e-15,5.86666e-15,7.238902e-15,-0.0515242,0.0245636,0.161377,0.17117432
925,926,-0.0516064,0.0243532,0.15201,0.16236791,2.10162e-15,4.26809e-15,4.74353e-15,6.71822e-15,-0.0516064,0.0243532,0.15201,0.16236791
926,927,-0.0469543,0.0262715,0.208875,0.21569344,6.27876e-15,5.03197e-15,5.3627e-15,9.6696485e-15,-0.0469543,0.0262715,0.208875,0.21569344
927,928,-0.0473965,0.0264678,0.199389,0.2066469,3.43556e-15,4.18569e-15,6.12399e-15,8.174737e-15,-0.0473965,0.0264678,0.199389,0.2066469
928,929,-0.0483845,0.0267688,0.180399,0.1886834,1.22539e-15,2.08284e-15,7.85363e-15,8.217013e-15,-0.0483845,0.0267688,0.180399,0.1886834
929,930,-0.0487183,0.0267636,0.170805,0.17962214,1.40268e-15,2.59156e-15,3.59203e-15,4.6461138e-15,-0.0487183,0.0267636,0.170805,0.17962214
930,931,-0.0437972,0.0281092,0.208846,0.21523237,5.45507e-15,3.9072e-15,5.92516e-15,8.951621e-15,-0.0437972,0.0281092,0.208846,0.21523237
931,932,-0.0444288,0.0282573,0.199346,0.20618251,3.14522e-15,1.65419e-15,8.79681e-15,9.487498e-15,-0.0444288,0.0282573,0.199346,0.20618251
932,933,-0.0577583,0.00233769,0.13192,0.14402907,2.94393e-15,3.01929e-15,3.63133e-15,5.5650154e-15,-0.0577583,0.00233769,0.13192,0.14402907
933,934,-0.0579203,0.00482746,0.133163,0.14529435,1.81213e-15,2.10142e-15,7.00598e-16,2.8619257e-15,-0.0579203,0.00482746,0.133163,0.14529435
934,935,-0.0577712,0.00707187,0.133365,0.14551201,1.8754e-15,3.64879e-15,2.22876e-15,4.6688507e-15,-0.0577712,0.00707187,0.133365,0.14551201
935,936,-0.0577502,0.00505026,0.127846,0.14037518,7.58211e-16,7.49922e-16,7.29812e-16,1.2922432e-15,-0.0577502,0.00505026,0.127846,0.14037518
936,937,-0.0576122,0.00663404,0.128074,0.14059205,8.9721e-16,1.72528e-15,1.66989e-15,2.5632225e-15,-0.0576122,0.00663404,0.128074,0.14059205
937,938,-0.0532016,-0.0124795,0.129434,0.14049666,2.48121e-15,7.26763e-16,4.85064e-15,5.4966623e-15,-0.0532016,-0.0124795,0.129434,0.14049666
938,939,-0.0549694,-0.00940879,0.12973,0.14120919,7.83703e-16,-9.79546e-17,5.07776e-15,5.138816e-15,-0.0549694,-0.00940879,0.12973,0.14120919
939,940,-0.0564409,-0.00546911,0.130221,0.14203165,2.68895e-15,-1.30536e-17,6.51138e-15,7.0447633e-15,-0.0564409,-0.00546911,0.130221,0.14203165
940,941,-0.0544338,-0.00953829,0.120131,0.13223265,1.7886e-15,-6.7854e-16,2.72438e-15,3.3289267e-15,-0.0544338,-0.00953829,0.120131,0.13223265
941,942,-0.0558887,-0.00574293,0.120643,0.13308366,2.18865e-15,3.3187e-16,1.60174e-15,2.7323794e-15,-0.0558887,-0.00574293,0.120643,0.13308366
942,943,-0.0536416,-0.00946575,0.110676,0.12335395,6.70701e-16,5.91094e-16,2.65114e-15,2.797816e-15,-0.0536416,-0.00946575,0.110676,0.12335395
943,944,-0.0551431,-0.00599772,0.111079,0.12415828,2.25047e-15,1.84298e-15,6.48983e-16,2.9803303e-15,-0.0551431,-0.00599772,0.111079,0.12415828
944,945,-0.052507,-0.00911973,0.101451,0.11459695,9.34243e-16,1.61306e-15,5.07867e-16,1.9320201e-15,-0.052507,-0.00911973,0.101451,0.11459695
945,946,-0.0541247,-0.00601309,0.10183,0.11547722,7.1371e-16,1.62067e-15,2.40178e-15,2.9840407e-15,-0.0541247,-0.00601309,0.10183,0.11547722
946,947,-0.0575242,-0.00138555,0.130935,0.14302073,3.48905e-15,9.41489e-16,4.33355e-15,5.6426527e-15,-0.0575242,-0.00138555,0.130935,0.14302073
947,948,-0.0570228,-0.00136973,0.121493,0.13421634,2.67814e-15,1.67062e-15,1.45129e-15,3.47414e-15,-0.0570228,-0.00136973,0.121493,0.13421634
948,949,-0.0561611,-0.00172769,0.111693,0.12502952,1.77708e-15,1.25498e-15,1.00257e-15,2.3954403e-15,-0.0561611,-0.00172769,0.111693,0.12502952
949,950,-0.0549813,-0.00203938,0.102283,0.11614178,3.98579e-16,1.75883e-15,2.18374e-15,2.8321493e-15,-0.0549813,-0.00203938,0.102283,0.11614178
950,951,-0.0530788,-0.00576365,0.0934678,0.10764205,1.49318e-17,9.26397e-16,1.21549e-15,1.5283489e-15,-0.0530788,-0.00576365,0.0934678,0.10764205
951,952,-0.0540263,-0.00231711,0.0935281,0.108035706,1.89696e-15,1.8092e-15,4.30364e-16,2.6564779e-15,-0.0540263,-0.00231711,0.0935281,0.108035706
952,953,-0.0523085,-0.00541958,0.0874784,0.10206871,1.41946e-15,2.54621e-15,-2.67241e-16,2.9273656e-15,-0.0523085,-0.00541958,0.0874784,0.10206871
953,954,-0.0528187,-0.00255244,0.086476,0.101362854,1.18409e-15,8.85867e-16,2.8041e-15,3.170143e-15,-0.0528187,-0.00255244,0.086476,0.101362854
954,955,-0.0574172,0.00345139,0.12336,0.13611148,1.34456e-15,2.8611e-15,-3.26044e-16,3.178056e-15,-0.0574172,0.00345139,0.12336,0.13611148
955,956,-0.056702,0.0029286,0.11252,0.1260335,7.10805e-16,4.12588e-15,-3.28056e-15,5.3188536e-15,-0.056702,0.0029286,0.11252,0.1260335
956,957,-0.0556058,0.00244552,0.1027,0.116813,-6.00221e-16,2.04059e-15,1.44825e-15,2.5732666e-15,-0.0556058,0.00244552,0.1027,0.116813
957,958,-0.0545717,0.00197622,0.0935153,0.10829168,1.46927e-15,2.07777e-15,-3.99977e-15,4.7406795e-15,-0.0545717,0.00197622,0.0935153,0.10829168
958,959,-0.0534037,0.0015334,0.0856899,0.10098052,-2.17407e-16,1.07626e-15,-6.48322e-16,1.2751167e-15,-0.0534037,0.0015334,0.0856899,0.10098052
959,960,-0.0573982,0.00973158,0.13258,0.14479887,1.33321e-15,2.93439e-15,6.4939e-15,7.249747e-15,-0.0573982,0.00973158,0.13258,0.14479887
960,961,-0.0571455,0.00804265,0.123862,0.13664585,-9.46049e-17,2.06374e-15,2.01444e-15,2.8854709e-15,-0.0571455,0.00804265,0.123862,0.13664585
961,962,-0.0564228,0.00764782,0.113097,0.12662129,-1.64205e-15,3.64803e-15,2.48092e-15,4.707379e-15,-0.0564228,0.00764782,0.113097,0.12662129
962,963,-0.0553921,0.00715696,0.103253,0.11739118,3.78531e-17,1.91704e-15,6.67987e-16,2.0304388e-15,-0.0553921,0.00715696,0.103253,0.11739118
963,964,-0.0544427,0.00667091,0.0939952,0.108828336,-4.26381e-16,2.01518e-15,-2.94795e-15,3.5962702e-15,-0.0544427,0.00667091,0.0939952,0.108828336
964,965,-0.0533507,0.00622832,0.0860075,0.10140207,1.13432e-15,1.10484e-15,-2.32556e-15,2.8134646e-15,-0.0533507,0.00622832,0.0860075,0.10140207
965,966,-0.0523062,0.00108414,0.0792513,0.09496253,5.55406e-16,1.27101e-15,9.3166e-16,1.6709077e-15,-0.0523062,0.00108414,0.0792513,0.09496253
966,967,-0.0523348,0.00582528,0.0793917,0.09526756,6.92317e-16,2.20725e-15,-1.11296e-15,2.5670869e-15,-0.0523348,0.00582528,0.0793917,0.09526756
967,968,-0.0568629,0.0137704,0.132454,0.14480011,1.67709e-15,3.18057e-15,3.59344e-15,5.08345e-15,-0.0568629,0.0137704,0.132454,0.14480011
968,969,-0.0564428,0.0129331,0.123085,0.13602564,2.0931e-15,2.18325e-15,3.84306e-15,4.8904764e-15,-0.0564428,0.0129331,0.123085,0.13602564
969,970,-0.0557882,0.0123766,0.113297,0.12689254,9.27264e-17,3.6301e-15,-1.90315e-16,3.6362675e-15,-0.0557882,0.0123766,0.113297,0.12689254
970,971,-0.054894,0.0118407,0.103797,0.11801428,4.49103e-16,2.65399e-15,1.31014e-15,2.9936304e-15,-0.054894,0.0118407,0.103797,0.11801428
971,972,-0.0540318,0.0113856,0.0950188,0.109898314,1.11439e-15,1.20526e-15,1.93343e-15,2.5362705e-15,-0.0540318,0.0113856,0.0950188,0.109898314
972,973,-0.0530793,0.0110731,0.0875192,0.10295453,-1.92042e-16,1.63376e-15,1.26816e-17,1.645057e-15,-0.0530793,0.0110731,0.0875192,0.10295453
973,974,-0.0521241,0.0107229,0.0807535,0.09671106,8.62892e-16,1.58853e-15,4.77635e-16,1.8697983e-15,-0.0521241,0.0107229,0.0807535,0.09671106
974,975,-0.0553572,0.0177199,0.132665,0.14483927,2.02299e-15,4.1057e-15,3.79845e-15,5.947897e-15,-0.0553572,0.0177199,0.132665,0.14483927
975,976,-0.0551025,0.0171676,0.123178,0.13602878,9.57537e-16,3.08405e-15,1.91896e-15,3.756414e-15,-0.0551025,0.0171676,0.123178,0.13602878
976,977,-0.0546076,0.0166,0.113668,0.12719263,1.52969e-15,3.48877e-15,5.44723e-15,6.647088e-15,-0.0546076,0.0166,0.113668,0.12719263
977,978,-0.0539091,0.0160202,0.104641,0.11879636,1.54148e-15,1.17354e-15,3.12616e-17,1.9376103e-15,-0.0539091,0.0160202,0.104641,0.11879636
978,979,-0.0532069,0.0155939,0.0969272,0.1116648,9.32212e-16,1.94413e-16,2.34062e-15,2.5269185e-15,-0.0532069,0.0155939,0.0969272,0.1116648
979,980,-0.0522402,0.0157334,0.0904298,0.105613105,-3.92622e-16,2.72734e-15,3.5384e-16,2.7780817e-15,-0.0522402,0.0157334,0.0904298,0.105613105
980,981,-0.0538755,0.0211701,0.132935,0.14499123,1.98599e-15,3.62351e-15,3.21193e-15,5.2335913e-15,-0.0538755,0.0211701,0.132935,0.14499123
981,982,-0.0536602,0.020653,0.123428,0.13616326,6.65559e-16,4.75264e-15,4.44482e-15,6.5411755e-15,-0.0536602,0.020653,0.123428,0.13616326
982,983,-0.0532869,0.0200148,0.114046,0.12746206,1.82026e-15,3.8828e-15,4.63278e-15,6.3128544e-15,-0.0532869,0.0200148,0.114046,0.12746206
983,984,-0.0527876,0.0192576,0.105395,0.11943823,1.42496e-15,2.6384e-15,5.00224e-15,5.8321585e-15,-0.0527876,0.0192576,0.105395,0.11943823
984,985,-0.0523536,0.0184681,0.0989519,0.11346122,2.43433e-15,2.38545e-15,-3.78361e-16,3.4292114e-15,-0.0523536,0.0184681,0.0989519,0.11346122
985,986,-0.0525836,-0.0125113,0.119802,0.13143092,9.06388e-16,-3.59824e-16,3.54222e-15,3.674008e-15,-0.0525836,-0.0125113,0.119802,0.13143092
986,987,-0.0519602,-0.0124688,0.110233,0.12250163,2.33419e-16,-1.24027e-16,6.4282e-15,6.433632e-15,-0.0519602,-0.0124688,0.110233,0.12250163
987,988,-0.0488608,-0.0150219,0.100358,0.11262666,4.7419e-16,1.53576e-15,2.93424e-15,3.345621e-15,-0.0488608,-0.0150219,0.100358,0.11262666
988,989,-0.0508407,-0.0121533,0.100881,0.11361979,3.23768e-16,8.83763e-16,3.00297e-15,3.1470133e-15,-0.0508407,-0.0121533,0.100881,0.11361979
989,990,-0.0496662,-0.0117712,0.091522,0.10479299,1.47478e-15,1.44718e-15,-1.80379e-16,2.0740883e-15,-0.0496662,-0.0117712,0.091522,0.10479299
990,991,-0.051472,-0.00853541,0.0923549,0.10607378,1.15246e-15,6.09476e-16,3.82255e-15,4.0387518e-15,-0.051472,-0.00853541,0.0923549,0.10607378
991,992,-0.0485174,-0.0111096,0.0822792,0.096162505,1.17142e-15,1.67654e-15,5.66177e-16,2.122161e-15,-0.0485174,-0.0111096,0.0822792,0.096162505
992,993,-0.050707,-0.00735291,0.0830532,0.09758637,1.36707e-15,8.14179e-16,1.5885e-17,1.5912323e-15,-0.050707,-0.00735291,0.0830532,0.09758637
993,994,-0.0470696,-0.0106016,0.0728476,0.08737685,1.42722e-15,1.26789e-15,1.34876e-15,2.3374463e-15,-0.0470696,-0.0106016,0.0728476,0.08737685
994,995,-0.0489294,-0.00731286,0.0730078,0.088191286,3.15794e-16,1.27534e-15,-2.92388e-15,3.2055096e-15,-0.0489294,-0.00731286,0.0730078,0.088191286
995,996,-0.0515983,-0.0032677,0.080343,0.09554088,1.21501e-15,-9.35634e-16,1.50406e-15,2.147989e-15,-0.0515983,-0.0032677,0.080343,0.09554088
996,997,-0.050144,-0.00352714,0.072643,0.0883395,1.96902e-15,3.70296e-16,-2.98453e-15,3.5946596e-15,-0.050144,-0.00352714,0.072643,0.0883395
997,998,-0.0472359,-0.00656424,0.0638727,0.07971224,4.47849e-16,1.51575e-15,-1.59001e-15,2.2419185e-15,-0.0472359,-0.00656424,0.0638727,0.07971224
998,999,-0.0484491,-0.00329221,0.0649596,0.08110428,1.50385e-15,4.62755e-16,-5.82122e-15,6.030117e-15,-0.0484491,-0.00329221,0.0649596,0.08110428
999,1000,-0.0509547,0.000767371,0.072382,0.08852188,8.79174e-16,5.67465e-16,-5.6723e-16,1.1902577e-15,-0.0509547,0.000767371,0.072382,0.08852188
1000,1001,-0.0494403,0.000527965,0.0648312,0.08153347,3.01434e-16,8.25017e-16,3.18502e-16,9.343228e-16,-0.0494403,0.000527965,0.0648312,0.08153347
1001,1002,-0.0509961,0.00546932,0.0727479,0.089009956,1.09388e-15,1.65416e-15,7.61155e-16,2.1241882e-15,-0.0509961,0.00546932,0.0727479,0.089009956
1002,1003,-0.0494844,0.00507763,0.0652674,0.08206291,1.01246e-15,1.87435e-15,-6.88143e-16,2.2387058e-15,-0.0494844,0.00507763,0.0652674,0.08206291
1003,1004,-0.0507698,0.0102778,0.0736402,0.0900338,5.89907e-16,5.24339e-17,8.03132e-16,9.978781e-16,-0.0507698,0.0102778,0.0736402,0.0900338
1004,1005,-0.0492577,0.00977704,0.0660098,0.08294097,7.72359e-16,1.90761e-15,6.75691e-17,2.0591454e-15,-0.0492577,0.00977704,0.0660098,0.08294097
1005,1006,-0.0510902,0.0154284,0.0828241,0.09852957,-2.95101e-16,1.01361e-15,8.17687e-16,1.3353284e-15,-0.0510902,0.0154284,0.0828241,0.09852957
1006,1007,-0.0496767,0.0148453,0.0747861,0.09100065,8.72447e-16,1.1087e-15,5.48827e-16,1.5138e-15,-0.0496767,0.0148453,0.0747861,0.09100065
1007,1008,-0.04831,0.0141193,0.0670059,0.083803356,-2.82506e-17,3.53151e-15,-7.51548e-16,3.610704e-15,-0.04831,0.0141193,0.0670059,0.083803356
1008,1009,-0.0516809,0.024124,0.142582,0.15356597,2.99854e-15,5.05023e-15,2.00667e-15,6.206673e-15,-0.0516809,0.024124,0.142582,0.15356597
1009,1010,-0.0515996,0.0237475,0.133096,0.14471008,1.81544e-15,6.52033e-15,-1.05781e-15,6.8505103e-15,-0.0515996,0.0237475,0.133096,0.14471008
1010,1011,-0.0515183,0.0233356,0.123613,0.13593696,2.47352e-15,4.64564e-15,1.88222e-15,5.589546e-15,-0.0515183,0.0233356,0.123613,0.13593696
1011,1012,-0.0512726,0.0227144,0.114155,0.12718564,3.06903e-15,4.26853e-15,2.35011e-15,5.7586725e-15,-0.0512726,0.0227144,0.114155,0.12718564
1012,1013,-0.0510365,0.0218409,0.104778,0.118575625,2.6375e-15,1.20377e-15,5.32148e-15,6.0600015e-15,-0.0510365,0.0218409,0.104778,0.118575625
1013,1014,-0.0510701,0.0202119,0.0947922,0.10955472,3.88485e-16,2.62208e-15,-6.86858e-16,2.7382472e-15,-0.0510701,0.0202119,0.0947922,0.10955472
1014,1015,-0.0498214,0.0196841,0.0846481,0.10017453,-2.61318e-16,8.84409e-16,2.08016e-15,2.2754191e-15,-0.0498214,0.0196841,0.0846481,0.10017453
1015,1016,-0.0486551,0.0188444,0.0754938,0.09177006,8.82578e-16,9.54476e-16,5.77943e-16,1.4226688e-15,-0.0486551,0.0188444,0.0754938,0.09177006
1016,1017,-0.0474658,0.0176967,0.0675787,0.08445743,2.68694e-16,3.41011e-15,-1.52149e-15,3.743792e-15,-0.0474658,0.0176967,0.0675787,0.08445743
1017,1018,-0.0466229,-0.0142097,0.081585,0.095035374,1.04369e-15,1.15115e-15,1.60184e-15,2.2316644e-15,-0.0466229,-0.0142097,0.081585,0.095035374
1018,1019,-0.0452487,-0.0136716,0.0723066,0.08638635,1.06421e-15,3.6337e-15,2.83488e-15,4.7299963e-15,-0.0452487,-0.0136716,0.0723066,0.08638635
1019,1020,-0.043716,-0.0130399,0.0628203,0.07763709,5.48996e-17,4.65523e-15,-5.91691e-16,4.693003e-15,-0.043716,-0.0130399,0.0628203,0.07763709
1020,1021,-0.045548,-0.00990009,0.0634468,0.07872819,1.60912e-15,3.06234e-15,-1.41769e-15,3.738588e-15,-0.045548,-0.00990009,0.0634468,0.07872819
1021,1022,-0.0460819,0.0206315,0.0670407,0.08392649,1.03311e-15,3.88596e-15,3.51557e-15,5.3410895e-15,-0.0460819,0.0206315,0.0670407,0.08392649
1022,1023,-0.0472046,-0.00277194,0.059295,0.07584098,1.04321e-15,1.33234e-15,-2.33518e-15,2.8838312e-15,-0.0472046,-0.00277194,0.059295,0.07584098
1023,1024,-0.0477527,0.000356119,0.0583498,0.07539991,3.31599e-16,1.24615e-15,-1.82757e-15,2.2367074e-15,-0.0477527,0.000356119,0.0583498,0.07539991
1024,1025,-0.0477615,0.00471392,0.058468,0.07564317,-6.47871e-16,1.08862e-16,2.95817e-17,6.5761907e-16,-0.0477615,0.00471392,0.058468,0.07564317
1025,1026,-0.0476091,0.00932442,0.0592216,0.07655566,1.9788e-16,1.15506e-15,-9.46435e-16,1.5063397e-15,-0.0476091,0.00932442,0.0592216,0.07655566
1026,1027,-0.0470401,0.0135759,0.0605464,0.0778649,7.4883e-16,2.14335e-15,9.77786e-16,2.4719954e-15,-0.0470401,0.0135759,0.0605464,0.0778649
1027,1028,-0.0465415,0.0166477,0.0619462,0.079250164,7.62507e-16,3.38644e-15,-1.22766e-15,3.681921e-15,-0.0465415,0.0166477,0.0619462,0.079250164
1028,1029,-0.0419105,-0.0118907,0.0533773,0.06889858,7.9706e-16,2.3449e-15,-2.90742e-15,3.819287e-15,-0.0419105,-0.0118907,0.0533773,0.06889858
1029,1030,-0.0439111,-0.00896537,0.0548015,0.07079384,1.59443e-15,2.91799e-15,-1.54537e-15,3.666748e-15,-0.0439111,-0.00896537,0.0548015,0.07079384
1030,1031,-0.0455746,-0.00490761,0.0553216,0.07184434,9.53847e-16,1.04439e-15,-2.0105e-15,2.4581872e-15,-0.0455746,-0.00490761,0.0553216,0.07184434
1031,1032,-0.0424226,-0.0082547,0.0483324,0.064837016,1.50798e-16,1.37663e-15,-2.42982e-15,2.7967618e-15,-0.0424226,-0.0082547,0.0483324,0.064837016
1032,1033,-0.0432025,-0.00511403,0.0475077,0.06441732,8.81052e-16,1.65267e-15,-3.12487e-15,3.643128e-15,-0.0432025,-0.00511403,0.0475077,0.06441732
1033,1034,-0.0459613,-0.000399244,0.0526927,0.06992225,-1.33257e-15,-1.52817e-15,-1.0508e-15,2.2836872e-15,-0.0459613,-0.000399244,0.0526927,0.06992225
1034,1035,-0.0439311,-0.000903095,0.0461753,0.063741006,-1.29323e-15,-3.14057e-16,-1.20911e-15,1.7980608e-15,-0.0439311,-0.000903095,0.0461753,0.063741006
1035,1036,-0.0460228,0.00425963,0.0523838,0.06985918,-8.03204e-16,-3.08326e-16,1.12907e-15,1.4195073e-15,-0.0460228,0.00425963,0.0523838,0.06985918
1036,1037,-0.0442117,0.00380068,0.0459376,0.06387005,-5.38201e-16,-2.01167e-15,1.3912e-15,2.5043791e-15,-0.0442117,0.00380068,0.0459376,0.06387005
1037,1038,-0.0417213,-0.0013004,0.0404215,0.05810556,-2.06069e-15,-1.00167e-15,2.35516e-15,3.2858125e-15,-0.0417213,-0.0013004,0.0404215,0.05810556
1038,1039,-0.042034,0.00338188,0.040087,0.058183003,-1.1867e-15,-2.26714e-16,2.26534e-15,2.5673763e-15,-0.042034,0.00338188,0.040087,0.058183003
1039,1040,-0.0459429,0.00900095,0.0530537,0.07075636,-1.11643e-15,8.66459e-16,-2.88672e-15,3.2140816e-15,-0.0459429,0.00900095,0.0530537,0.07075636
1040,1041,-0.0441292,0.0085919,0.046488,0.064671025,-1.08042e-15,-6.27684e-17,-3.449e-15,3.6148097e-15,-0.0441292,0.0085919,0.046488,0.064671025
1041,1042,-0.0419855,0.00817734,0.0405745,0.05895711,-2.19523e-15,2.65997e-15,-3.49186e-15,4.907908e-15,-0.0419855,0.00817734,0.0405745,0.05895711
1042,1043,-0.0454554,0.0136538,0.0547919,0.07248981,-6.53326e-16,2.85087e-15,-9.31238e-16,3.069446e-15,-0.0454554,0.0136538,0.0547919,0.07248981
1043,1044,-0.0435909,0.0133354,0.047988,0.06618797,-2.72241e-15,1.87128e-15,2.84112e-16,3.3157088e-15,-0.0435909,0.0133354,0.047988,0.06618797
1044,1045,-0.0414739,0.0129001,0.0420298,0.06044006,-1.08267e-15,2.58622e-15,1.70034e-15,3.2790037e-15,-0.0414739,0.0129001,0.0420298,0.06044006
1045,1046,-0.0449898,0.0184761,0.0584436,0.07603356,1.84421e-15,3.50385e-15,5.50587e-16,3.997652e-15,-0.0449898,0.0184761,0.0584436,0.07603356
1046,1047,-0.0428453,0.0181067,0.0505694,0.068708345,1.04497e-15,2.1036e-15,1.82815e-15,2.9764454e-15,-0.0428453,0.0181067,0.0505694,0.068708345
1047,1048,-0.0408059,0.0176213,0.0440764,0.06259681,-1.08066e-15,1.92112e-15,2.16787e-15,3.0916321e-15,-0.0408059,0.0176213,0.0440764,0.06259681
1048,1049,-0.0379285,-0.0176219,0.0519851,0.06671996,-3.22485e-16,1.89425e-15,8.39022e-16,2.0966969e-15,-0.0379285,-0.0176219,0.0519851,0.06671996
1049,1050,-0.039983,-0.0148832,0.0524813,0.06763458,-8.66511e-16,7.99296e-16,3.03633e-16,1.2173366e-15,-0.039983,-0.0148832,0.0524813,0.06763458
1050,1051,-0.0378911,-0.0134716,0.0430826,0.058934964,-1.51151e-15,7.71933e-16,-3.41825e-15,3.8164086e-15,-0.0378911,-0.0134716,0.0430826,0.058934964
1051,1052,-0.0401437,-0.00987993,0.0438433,0.060260806,-1.51564e-15,4.86544e-16,-2.60186e-16,1.6129434e-15,-0.0401437,-0.00987993,0.0438433,0.060260806
1052,1053,-0.0409812,-0.005652,0.0415017,0.058598593,-2.24661e-15,1.12407e-16,-1.21524e-15,2.5566972e-15,-0.0409812,-0.005652,0.0415017,0.058598593
1053,1054,-0.0372678,-0.00883994,0.0345877,0.05160758,-2.36236e-15,9.66703e-16,-2.0075e-15,3.2473553e-15,-0.0372678,-0.00883994,0.0345877,0.05160758
1054,1055,-0.0386094,-0.00540408,0.0350663,0.052436013,-3.60765e-15,8.87909e-16,-1.47732e-15,3.998249e-15,-0.0386094,-0.00540408,0.0350663,0.052436013
1055,1056,-0.0395031,-0.00146845,0.0346518,0.052568037,-8.22585e-16,-1.26085e-15,1.1015e-15,1.8653931e-15,-0.0395031,-0.00146845,0.0346518,0.052568037
1056,1057,-0.0367478,-0.00485545,0.0300082,0.047691382,-1.24096e-15,-9.86166e-16,-3.07643e-15,3.4607697e-15,-0.0367478,-0.00485545,0.0300082,0.047691382
1057,1058,-0.0372414,-0.001583,0.0289842,0.047217704,-1.50404e-15,-1.97629e-15,-2.27365e-16,2.4939032e-15,-0.0372414,-0.001583,0.0289842,0.047217704
1058,1059,-0.0398288,0.00309959,0.0344587,0.052757394,-1.1321e-15,-1.11369e-15,1.38873e-15,2.1096272e-15,-0.0398288,0.00309959,0.0344587,0.052757394
1059,1060,-0.0373481,0.00277587,0.0287207,0.047196023,-2.37795e-15,-1.50728e-15,-6.76978e-16,2.8956584e-15,-0.0373481,0.00277587,0.0287207,0.047196023
1060,1061,-0.0398676,0.00778677,0.0348177,0.05350076,-2.23442e-15,-3.2305e-16,1.2416e-15,2.5765412e-15,-0.0398676,0.00778677,0.0348177,0.05350076
1061,1062,-0.037465,0.00736546,0.0288836,0.047876284,-2.2202e-15,-6.38598e-16,2.22538e-15,3.2077112e-15,-0.037465,0.00736546,0.0288836,0.047876284
1062,1063,-0.0393841,0.0124925,0.0361538,0.05490234,-9.13581e-16,1.92132e-15,-3.69553e-16,2.1593218e-15,-0.0393841,0.0124925,0.0361538,0.05490234
1063,1064,-0.0371101,0.0120646,0.0300844,0.04927256,-3.96188e-16,6.2055e-16,-3.01275e-15,3.1014046e-15,-0.0371101,0.0120646,0.0300844,0.04927256
1064,1065,-0.0386838,0.0171535,0.0379917,0.05686869,1.00382e-15,1.45293e-15,5.70694e-16,1.8558966e-15,-0.0386838,0.0171535,0.0379917,0.05686869
1065,1066,-0.0365052,0.0168029,0.0319566,0.05134385,-4.19731e-16,3.48394e-15,-3.11912e-15,4.694989e-15,-0.0365052,0.0168029,0.0319566,0.05134385
1066,1067,-0.0360194,-0.0165382,0.0426714,0.058238797,-1.36373e-15,1.06892e-15,-8.76487e-16,1.9417978e-15,-0.0360194,-0.0165382,0.0426714,0.058238797
1067,1068,-0.0316987,-0.0178986,0.033441,0.049431447,-4.08081e-16,1.25803e-15,-1.66891e-15,2.12942e-15,-0.0316987,-0.0178986,0.033441,0.049431447
1068,1069,-0.0337719,-0.0152833,0.0346088,0.0507138,-2.05759e-16,7.22063e-16,-4.80892e-15,4.867178e-15,-0.0337719,-0.0152833,0.0346088,0.0507138
1069,1070,-0.0354653,-0.012248,0.0347349,0.051130366,-6.83146e-16,2.9761e-16,4.16805e-17,7.4632264e-16,-0.0354653,-0.012248,0.0347349,0.051130366
1070,1071,-0.0320475,-0.0142511,0.0286844,0.04530928,-3.74511e-16,-8.65505e-16,-6.0575e-15,6.13047e-15,-0.0320475,-0.0142511,0.0286844,0.04530928
1071,1072,-0.0331704,-0.0114664,0.027603,0.044650637,-1.67609e-15,2.83566e-16,-1.466e-15,2.2447368e-15,-0.0331704,-0.0114664,0.027603,0.044650637
1072,1073,-0.0346658,-0.0070948,0.0269109,0.04445504,-1.4389e-15,-1.33021e-15,-7.42806e-16,2.095627e-15,-0.0346658,-0.0070948,0.0269109,0.04445504
1073,1074,-0.0348142,-0.0022992,0.0240948,0.042401347,-1.8487e-15,-1.57289e-15,1.87578e-16,2.4345144e-15,-0.0348142,-0.0022992,0.0240948,0.042401347
1074,1075,-0.0312881,-0.0073512,0.0207672,0.038265675,-1.64423e-15,-1.95004e-15,-9.65362e-16,2.727283e-15,-0.0312881,-0.0073512,0.0207672,0.038265675
1075,1076,-0.0319882,-0.00268608,0.0187894,0.03719545,-2.43433e-15,-1.16607e-15,-1.45438e-15,3.0660892e-15,-0.0319882,-0.00268608,0.0187894,0.03719545
1076,1077,-0.03485,0.00237026,0.0233519,0.04201728,-2.99746e-15,4.12804e-16,1.48405e-15,3.3701008e-15,-0.03485,0.00237026,0.0233519,0.04201728
1077,1078,-0.0321846,0.0019978,0.018122,0.03698982,-2.14647e-15,-5.022e-16,-7.00001e-16,2.3129071e-15,-0.0321846,0.0019978,0.018122,0.03698982
1078,1079,-0.0349821,0.00693461,0.023366,0.04263574,-6.24266e-16,2.17015e-15,5.95608e-17,2.2589395e-15,-0.0349821,0.00693461,0.023366,0.04263574
1079,1080,-0.0322694,0.00649619,0.0180344,0.037533373,-1.45661e-15,-1.66991e-16,-1.34414e-15,1.9890477e-15,-0.0322694,0.00649619,0.0180344,0.037533373
1080,1081,-0.0292284,0.00153526,0.0132915,0.0321453,-1.78769e-15,1.48688e-15,-7.69163e-17,2.3264916e-15,-0.0292284,0.00153526,0.0132915,0.0321453
1081,1082,-0.029297,0.00596323,0.0131577,0.03266496,-1.14053e-15,1.06899e-15,5.98888e-16,1.6739818e-15,-0.029297,0.00596323,0.0131577,0.03266496
1082,1083,-0.0346628,0.0115707,0.0244559,0.04397138,-1.05966e-15,3.24513e-15,-6.45861e-15,7.305299e-15,-0.0346628,0.0115707,0.0244559,0.04397138
1083,1084,-0.0320056,0.0109991,0.0189799,0.038801745,-1.90439e-15,3.87915e-15,-2.7778e-15,5.1371862e-15,-0.0320056,0.0109991,0.0189799,0.038801745
1084,1085,-0.0291464,0.0103463,0.0140369,0.033964586,-3.0652e-15,3.72254e-15,-2.11458e-15,5.265378e-15,-0.0291464,0.0103463,0.0140369,0.033964586
1085,1086,-0.034099,0.016313,0.0261766,0.04597902,-2.09807e-15,2.40175e-15,-1.57487e-15,3.5567566e-15,-0.034099,0.016313,0.0261766,0.04597902
1086,1087,-0.0314925,0.0156975,0.0206182,0.04078357,-1.93654e-15,3.7001e-15,-1.83266e-15,4.5606545e-15,-0.0314925,0.0156975,0.0206182,0.04078357
1087,1088,-0.0287565,0.0149155,0.0154638,0.035896208,-1.902e-15,3.18749e-15,-3.8364e-15,5.338133e-15,-0.0287565,0.0149155,0.0154638,0.035896208
1088,1089,-0.0270843,-0.0189259,0.0236754,0.04064817,-2.11361e-15,-1.75003e-15,-1.08787e-16,2.7462314e-15,-0.0270843,-0.0189259,0.0236754,0.04064817
1089,1090,-0.0296354,-0.0157127,0.02488,0.041763145,-1.10793e-15,-5.83843e-16,-3.74961e-16,1.3072786e-15,-0.0296354,-0.0157127,0.02488,0.041763145
1090,1091,-0.0304085,-0.0116736,0.0222272,0.039433464,-1.44076e-15,-2.30408e-16,-1.90406e-15,2.3988166e-15,-0.0304085,-0.0116736,0.0222272,0.039433464
1091,1092,-0.0271227,-0.0148595,0.018868,0.03622771,-8.59203e-16,-1.18946e-15,-1.90971e-15,2.4083264e-15,-0.0271227,-0.0148595,0.018868,0.03622771
1092,1093,-0.0276685,-0.0116585,0.0171146,0.03455975,-1.15903e-15,-9.69204e-16,3.05268e-15,3.4061067e-15,-0.0276685,-0.0116585,0.0171146,0.03455975
1093,1094,-0.028354,-0.00749913,0.0156782,0.03325646,-2.30184e-15,-5.49474e-16,4.52331e-16,2.4093551e-15,-0.028354,-0.00749913,0.0156782,0.03325646
1094,1095,-0.0291,-0.00300385,0.0138848,0.032382414,-3.72203e-15,-2.51328e-15,-8.06388e-16,4.5629318e-15,-0.0291,-0.00300385,0.0138848,0.032382414
1095,1096,-0.0257403,-0.00336623,0.00938466,0.027603738,-4.21092e-15,-4.32925e-16,8.89159e-16,4.3254915e-15,-0.0257403,-0.00336623,0.00938466,0.027603738
1096,1097,-0.0251984,-0.00778793,0.0109978,0.028575564,-2.1455e-15,8.35749e-16,-3.84018e-16,2.3343343e-15,-0.0251984,-0.00778793,0.0109978,0.028575564
1097,1098,-0.0257128,0.00101381,0.00887485,0.027220191,-1.92318e-15,2.85212e-16,1.56738e-15,2.497328e-15,-0.0257128,0.00101381,0.00887485,0.027220191
1098,1099,-0.0257388,0.00536808,0.00883043,0.027735872,-8.85321e-16,-3.1038e-16,7.8124e-16,1.220846e-15,-0.0257388,0.00536808,0.00883043,0.027735872
1099,1100,-0.025714,0.00972063,0.00958909,0.029114448,-1.99442e-15,1.32908e-15,-1.05235e-15,2.6175571e-15,-0.025714,0.00972063,0.00958909,0.029114448
1100,1101,-0.0254745,0.014194,0.0108259,0.03110659,-1.88563e-15,1.79761e-15,-1.83876e-16,2.6116688e-15,-0.0254745,0.014194,0.0108259,0.03110659
1101,1102,-0.0405451,0.0296426,0.214932,0.22072235,5.52719e-15,1.78955e-15,9.01555e-15,1.0725318e-14,-0.0405451,0.0296426,0.214932,0.22072235
1102,1103,-0.0334607,0.0307507,0.225277,0.22981504,6.21889e-15,3.48046e-15,7.91511e-15,1.0650689e-14,-0.0334607,0.0307507,0.225277,0.22981504
1103,1104,-0.0331414,0.0315808,0.217758,0.22251797,3.91933e-15,3.01634e-15,6.23816e-15,7.960785e-15,-0.0331414,0.0315808,0.217758,0.22251797
1104,1105,-0.0374558,0.0306108,0.216508,0.22184606,5.90541e-15,3.20078e-15,3.46451e-15,7.5578895e-15,-0.0374558,0.0306108,0.216508,0.22184606
1105,1106,-0.0490017,0.0268682,0.161493,0.17088902,1.10159e-15,3.56076e-15,7.47284e-15,8.350799e-15,-0.0490017,0.0268682,0.161493,0.17088902
1106,1107,-0.0491321,0.0267059,0.152125,0.16207771,3.35953e-15,1.40811e-15,3.67384e-15,5.173617e-15,-0.0491321,0.0267059,0.152125,0.16207771
1107,1108,-0.0492366,0.0265092,0.142706,0.15327094,3.26089e-15,5.7761e-15,4.42274e-15,7.972288e-15,-0.0492366,0.0265092,0.142706,0.15327094
1108,1109,-0.0449043,0.0286668,0.189944,0.19727367,2.88223e-15,1.65234e-15,8.28174e-15,8.923267e-15,-0.0449043,0.0286668,0.189944,0.19727367
1109,1110,-0.0478786,0.0266666,0.189946,0.19769408,3.65519e-15,2.47881e-15,1.09465e-14,1.18038454e-14,-0.0478786,0.0266666,0.189946,0.19769408
1110,1111,-0.045611,0.028833,0.180484,0.18837775,1.74029e-15,2.38749e-15,5.07518e-15,5.8724926e-15,-0.045611,0.028833,0.180484,0.18837775
1111,1112,-0.0461384,0.0290004,0.171019,0.17949171,1.83012e-15,1.06194e-15,4.24929e-15,4.7469484e-15,-0.0461384,0.0290004,0.171019,0.17949171
1112,1113,-0.0464887,0.0291841,0.161651,0.170716,1.61863e-16,4.28879e-15,5.91096e-15,7.3047495e-15,-0.0464887,0.0291841,0.161651,0.170716
1113,1114,-0.0466901,0.0290955,0.152284,0.16191643,2.52209e-15,1.48377e-15,5.36544e-15,6.111502e-15,-0.0466901,0.0290955,0.152284,0.16191643
1114,1115,-0.0439697,0.0311287,0.152333,0.1615787,1.8712e-15,3.5789e-15,4.96429e-15,6.399538e-15,-0.0439697,0.0311287,0.152333,0.1615787
1115,1116,-0.0468214,0.0289243,0.142868,0.15310167,3.96573e-15,6.65896e-15,2.55257e-15,8.159925e-15,-0.0468214,0.0289243,0.142868,0.15310167
1116,1117,-0.044145,0.0310994,0.142955,0.1528139,4.55506e-15,3.9116e-15,5.27107e-15,7.989578e-15,-0.044145,0.0310994,0.142955,0.1528139
1117,1118,-0.0409532,0.0298114,0.208202,0.21427542,4.58929e-15,4.11208e-15,5.17396e-15,8.046157e-15,-0.0409532,0.0298114,0.208202,0.21427542
1118,1119,-0.0412282,0.0302924,0.199713,0.20616178,4.37661e-15,1.16129e-15,6.13738e-15,7.626974e-15,-0.0412282,0.0302924,0.199713,0.20616178
1119,1120,-0.0425543,0.0308542,0.180443,0.18794289,2.69681e-15,3.72464e-15,7.27883e-15,8.60971e-15,-0.0425543,0.0308542,0.180443,0.18794289
1120,1121,-0.0432749,0.0309461,0.1711,0.17918032,1.56386e-15,2.22288e-15,6.21974e-15,6.7876375e-15,-0.0432749,0.0309461,0.1711,0.17918032
1121,1122,-0.0437126,0.0311133,0.161724,0.17039214,4.85828e-16,4.76817e-15,5.41395e-15,7.230652e-15,-0.0437126,0.0311133,0.161724,0.17039214
1122,1123,-0.0394552,0.032466,0.186153,0.19303806,2.9267e-15,3.33965e-15,5.11336e-15,6.7723914e-15,-0.0394552,0.032466,0.186153,0.19303806
1123,1124,-0.0399367,0.0326595,0.179755,0.18701188,3.16845e-15,2.95099e-15,7.79148e-15,8.91373e-15,-0.0399367,0.0326595,0.179755,0.18701188
1124,1125,-0.0403285,0.0328468,0.171208,0.17893428,3.70628e-15,1.38386e-15,1.27664e-14,1.3365349e-14,-0.0403285,0.0328468,0.171208,0.17893428
1125,1126,-0.0405936,0.0330727,0.16195,0.17020413,1.42636e-15,5.00236e-15,5.33833e-15,7.453582e-15,-0.0405936,0.0330727,0.16195,0.17020413
1126,1127,-0.0409852,0.0330869,0.152432,0.1612763,2.31689e-15,4.33147e-15,3.46675e-15,6.0123178e-15,-0.0409852,0.0330869,0.152432,0.1612763
1127,1128,-0.0412505,0.0330628,0.142986,0.1524459,4.57389e-15,3.60091e-15,4.55201e-15,7.38971e-15,-0.0412505,0.0330628,0.142986,0.1524459
1128,1129,-0.0373444,0.0313708,0.20916,0.21477112,6.11025e-15,3.72705e-15,8.38528e-15,1.1024472e-14,-0.0373444,0.0313708,0.20916,0.21477112
1129,1130,-0.0373328,0.0321579,0.201825,0.20775272,5.17995e-15,7.11475e-16,8.65669e-15,1.0113178e-14,-0.0373328,0.0321579,0.201825,0.20775272
1130,1131,-0.0371843,0.032908,0.194553,0.20078965,4.58177e-15,1.55004e-15,6.38132e-15,8.007277e-15,-0.0371843,0.032908,0.194553,0.20078965
1131,1132,-0.0412194,0.0310417,0.190143,0.19702028,3.83227e-15,2.37083e-15,5.6221e-15,7.205216e-15,-0.0412194,0.0310417,0.190143,0.19702028
1132,1133,-0.0365493,0.0340712,0.180256,0.18705326,1.50355e-15,3.92482e-15,3.80797e-15,5.6714645e-15,-0.0365493,0.0340712,0.180256,0.18705326
1133,1134,-0.0365666,0.0345232,0.1719,0.17910494,2.68757e-15,2.45821e-15,1.14981e-14,1.2061183e-14,-0.0365666,0.0345232,0.1719,0.17910494
1134,1135,-0.0364833,0.0351098,0.162452,0.17015986,2.47679e-15,1.48679e-15,8.31613e-15,8.803581e-15,-0.0364833,0.0351098,0.162452,0.17015986
1135,1136,-0.0378908,0.0349804,0.152523,0.16100499,4.02715e-15,3.59137e-15,4.22138e-15,6.8509804e-15,-0.0378908,0.0349804,0.152523,0.16100499
1136,1137,-0.0384474,0.0348919,0.143052,0.15218253,4.23019e-15,3.72994e-15,6.41219e-15,8.539505e-15,-0.0384474,0.0348919,0.143052,0.15218253
1137,1138,-0.0344478,0.0360202,0.158307,0.16596751,2.52976e-15,3.06584e-15,2.81584e-15,4.8711412e-15,-0.0344478,0.0360202,0.158307,0.16596751
1138,1139,-0.0349059,0.0361386,0.151599,0.15970811,3.48016e-15,3.94926e-15,3.94058e-15,6.5754346e-15,-0.0349059,0.0361386,0.151599,0.15970811
1139,1140,-0.035212,0.0363649,0.142925,0.15162402,2.89651e-15,4.90719e-15,4.20711e-15,7.0830826e-15,-0.035212,0.0363649,0.142925,0.15162402
1140,1141,-0.0329263,0.0323703,0.210406,0.21541278,6.61152e-15,4.96991e-15,1.07455e-14,1.35601615e-14,-0.0329263,0.0323703,0.210406,0.21541278
1141,1142,-0.0327735,0.0330143,0.203679,0.20892386,4.42221e-15,2.10741e-15,7.22896e-15,8.73241e-15,-0.0327735,0.0330143,0.203679,0.20892386
1142,1143,-0.0326632,0.0338517,0.196794,0.20233808,5.53224e-15,1.32913e-15,5.84331e-15,8.155768e-15,-0.0326632,0.0338517,0.196794,0.20233808
1143,1144,-0.0324821,0.0346856,0.189186,0.19506288,3.23522e-15,1.50152e-15,6.55307e-16,3.6263806e-15,-0.0324821,0.0346856,0.189186,0.19506288
1144,1145,-0.0366157,0.0335936,0.187841,0.19430254,3.3686e-15,3.63411e-15,2.61155e-15,5.601287e-15,-0.0366157,0.0335936,0.187841,0.19430254
1145,1146,-0.0323857,0.035307,0.181337,0.1875594,3.87814e-15,1.10252e-15,6.14395e-15,7.348717e-15,-0.0323857,0.035307,0.181337,0.1875594
1146,1147,-0.0322929,0.0357798,0.173974,0.18052694,2.44275e-15,3.9529e-15,5.86792e-15,7.48498e-15,-0.0322929,0.0357798,0.173974,0.18052694
1147,1148,-0.0320779,0.0363921,0.166746,0.17365946,1.78688e-15,2.99858e-15,3.26565e-15,4.7800517e-15,-0.0320779,0.0363921,0.166746,0.17365946
1148,1149,-0.0312623,0.0374713,0.151994,0.15963586,3.42546e-15,4.78155e-15,2.51437e-15,6.3968004e-15,-0.0312623,0.0374713,0.151994,0.15963586
1149,1150,-0.0311437,0.0378436,0.143297,0.15144669,2.03862e-15,2.74639e-15,5.98879e-15,6.896683e-15,-0.0311437,0.0378436,0.143297,0.15144669
1150,1151,-0.0492495,0.0262206,0.133244,0.14445414,4.32239e-15,5.02262e-15,1.43311e-15,6.7796437e-15,-0.0492495,0.0262206,0.133244,0.14445414
1151,1152,-0.0492343,0.0259035,0.123786,0.13571286,2.84419e-15,4.59497e-15,8.60903e-16,5.4721403e-15,-0.0492343,0.0259035,0.123786,0.13571286
1152,1153,-0.0489919,0.025341,0.114303,0.12691551,3.15508e-15,3.76161e-15,2.99882e-15,5.753013e-15,-0.0489919,0.025341,0.114303,0.12691551
1153,1154,-0.0487552,0.0246846,0.104826,0.118215434,2.38934e-15,1.41677e-15,2.25695e-15,3.579107e-15,-0.0487552,0.0246846,0.104826,0.118215434
1154,1155,-0.0483641,0.0236974,0.0951659,0.10934899,4.59151e-16,1.45848e-15,1.18965e-15,1.9373308e-15,-0.0483641,0.0236974,0.0951659,0.10934899
1155,1156,-0.0476442,0.02283,0.0854058,0.10042574,2.81247e-16,2.37037e-15,1.94619e-15,3.0798391e-15,-0.0476442,0.02283,0.0854058,0.10042574
1156,1157,-0.0470195,0.0219484,0.0758517,0.091902375,1.47714e-16,1.45217e-15,2.92109e-15,3.2654837e-15,-0.0470195,0.0219484,0.0758517,0.091902375
1157,1158,-0.0469119,0.0286769,0.13342,0.1443052,3.50852e-15,6.35974e-15,3.11553e-15,7.903324e-15,-0.0469119,0.0286769,0.13342,0.1443052
1158,1159,-0.046915,0.0283577,0.123954,0.13553512,3.35473e-15,3.65069e-15,4.21009e-15,6.504353e-15,-0.046915,0.0283577,0.123954,0.13553512
1159,1160,-0.0467811,0.027902,0.114462,0.12676175,3.63836e-15,4.24376e-15,1.98315e-15,5.931277e-15,-0.0467811,0.027902,0.114462,0.12676175
1160,1161,-0.0461648,0.0265272,0.0953829,0.10923726,1.44514e-16,6.38127e-16,3.51223e-15,3.572653e-15,-0.0461648,0.0265272,0.0953829,0.10923726
1161,1162,-0.0451114,0.0248556,0.0762674,0.09203019,1.72192e-15,1.97108e-15,3.0958e-15,4.0539048e-15,-0.0451114,0.0248556,0.0762674,0.09203019
1162,1163,-0.0442657,0.023942,0.0675871,0.084265575,1.4783e-15,3.9885e-15,1.79673e-15,4.617547e-15,-0.0442657,0.023942,0.0675871,0.084265575
1163,1164,-0.0442985,0.0309162,0.133543,0.1440552,2.98644e-15,5.03812e-15,4.84699e-15,7.602288e-15,-0.0442985,0.0309162,0.133543,0.1440552
1164,1165,-0.0443435,0.0306258,0.12409,0.13528715,3.92034e-15,2.97481e-15,4.58486e-15,6.726032e-15,-0.0443435,0.0306258,0.12409,0.13528715
1165,1166,-0.0443057,0.0302706,0.114625,0.12656301,4.04826e-15,3.7266e-15,-6.21008e-16,5.5372924e-15,-0.0443057,0.0302706,0.114625,0.12656301
1166,1167,-0.0465644,0.0273356,0.104961,0.11803512,1.1054e-15,2.47149e-15,1.46597e-15,3.0788375e-15,-0.0465644,0.0273356,0.104961,0.11803512
1167,1168,-0.0440744,0.0297224,0.105129,0.117805265,1.47657e-16,2.25956e-15,2.87458e-15,3.65932e-15,-0.0440744,0.0297224,0.105129,0.117805265
1168,1169,-0.0437981,0.0291106,0.0956039,0.10911373,-8.68525e-16,1.90438e-15,2.96174e-15,3.626693e-15,-0.0437981,0.0291106,0.0956039,0.10911373
1169,1170,-0.0433705,0.0283631,0.0860647,0.10046192,1.19533e-15,1.80619e-15,4.84368e-15,5.305881e-15,-0.0433705,0.0283631,0.0860647,0.10046192
1170,1171,-0.0457308,0.0257363,0.0857342,0.10051873,1.20061e-15,1.29311e-15,2.46789e-15,3.0338226e-15,-0.0457308,0.0257363,0.0857342,0.10051873
1171,1172,-0.0427955,0.0275145,0.076725,0.092061006,1.70184e-15,2.58651e-16,2.87403e-15,3.3501057e-15,-0.0427955,0.0275145,0.076725,0.092061006
1172,1173,-0.0421115,0.0265826,0.0683033,0.0845302,7.65066e-16,5.33444e-16,1.77357e-15,2.0038561e-15,-0.0421115,0.0265826,0.0683033,0.0845302
1173,1174,-0.0414561,0.0329261,0.133598,0.14370513,2.87941e-15,4.49353e-15,4.70228e-15,7.112963e-15,-0.0414561,0.0329261,0.133598,0.14370513
1174,1175,-0.0415071,0.0326345,0.124167,0.13492699,3.04386e-15,2.93553e-15,2.84743e-15,5.098066e-15,-0.0415071,0.0326345,0.124167,0.13492699
1175,1176,-0.0415238,0.0323528,0.114732,0.12623137,2.90889e-15,2.65025e-15,3.30264e-15,5.1374018e-15,-0.0415238,0.0323528,0.114732,0.12623137
1176,1177,-0.0413144,0.0318341,0.105244,0.11745889,4.98261e-17,1.06723e-15,3.65278e-15,3.80582e-15,-0.0413144,0.0318341,0.105244,0.11745889
1177,1178,-0.041054,0.0312749,0.095764,0.10878555,4.9981e-16,1.65397e-15,4.50882e-15,4.828549e-15,-0.041054,0.0312749,0.095764,0.10878555
1178,1179,-0.0406444,0.0305541,0.0862533,0.100125685,1.9616e-15,2.70317e-15,2.38428e-15,4.103632e-15,-0.0406444,0.0305541,0.0862533,0.100125685
1179,1180,-0.0401091,0.029682,0.0768063,0.09159131,6.81733e-16,1.42765e-16,3.60704e-15,3.6736734e-15,-0.0401091,0.029682,0.0768063,0.09159131
1180,1181,-0.0386795,0.0348767,0.133697,0.14348303,4.06944e-15,3.80426e-15,7.74436e-15,9.5398034e-15,-0.0386795,0.0348767,0.133697,0.14348303
1181,1182,-0.0387391,0.0346535,0.12427,0.13470195,2.03924e-15,2.89495e-15,4.37609e-15,5.629334e-15,-0.0387391,0.0346535,0.12427,0.13470195
1182,1183,-0.0387509,0.0344331,0.114842,0.12599982,2.77291e-15,2.75658e-15,3.34261e-15,5.1440065e-15,-0.0387509,0.0344331,0.114842,0.12599982
1183,1184,-0.0385715,0.0339622,0.105373,0.11723763,1.87082e-15,3.51604e-15,2.45472e-15,4.6784776e-15,-0.0385715,0.0339622,0.105373,0.11723763
1184,1185,-0.0383321,0.0334265,0.0959036,0.10855497,1.22312e-15,3.24328e-15,3.72358e-15,5.087233e-15,-0.0383321,0.0334265,0.0959036,0.10855497
1185,1186,-0.0379886,0.0327319,0.0863947,0.09989272,8.60799e-16,3.46649e-15,2.80644e-15,4.542426e-15,-0.0379886,0.0327319,0.0863947,0.09989272
1186,1187,-0.0375158,0.0318309,0.076866,0.09126349,-6.93781e-16,1.81157e-15,3.35693e-15,3.8771248e-15,-0.0375158,0.0318309,0.076866,0.09126349
1187,1188,-0.0396092,0.0285715,0.0675551,0.08336013,3.06524e-16,2.15436e-15,-8.86701e-17,2.1778627e-15,-0.0396092,0.0285715,0.0675551,0.08336013
1188,1189,-0.0369856,0.030812,0.0673949,0.082821414,1.41349e-16,4.09163e-15,4.53672e-15,6.110912e-15,-0.0369856,0.030812,0.0673949,0.082821414
1189,1190,-0.0356184,0.0366136,0.124346,0.134429,2.7156e-15,3.57479e-15,9.45686e-15,1.0468324e-14,-0.0356184,0.0366136,0.124346,0.134429
1190,1191,-0.0357532,0.0364201,0.114937,0.12575862,2.72903e-15,2.97678e-15,6.44767e-15,7.6079745e-15,-0.0357532,0.0364201,0.114937,0.12575862
1191,1192,-0.0356679,0.0359916,0.105485,0.117024265,1.20516e-15,3.53788e-15,4.16632e-15,5.597073e-15,-0.0356679,0.0359916,0.105485,0.117024265
1192,1193,-0.0354869,0.0354735,0.0960177,0.10833784,2.32024e-15,1.73271e-15,2.72695e-15,3.9776942e-15,-0.0354869,0.0354735,0.0960177,0.10833784
1193,1194,-0.0351771,0.0347501,0.0865257,0.099657886,1.0142e-15,2.53404e-15,7.06844e-15,7.577124e-15,-0.0351771,0.0347501,0.0865257,0.099657886
1194,1195,-0.03477,0.0338449,0.0770058,0.09101826,6.40892e-16,2.0719e-15,6.11634e-15,6.489463e-15,-0.03477,0.0338449,0.0770058,0.09101826
1195,1196,-0.0353139,0.0366536,0.133732,0.1430902,3.52338e-15,4.9714e-15,7.90255e-15,9.9789434e-15,-0.0353139,0.0366536,0.133732,0.1430902
1196,1197,-0.0321741,0.0381458,0.124204,0.13385406,3.9875e-15,2.80098e-15,6.01597e-15,7.741934e-15,-0.0321741,0.0381458,0.124204,0.13385406
1197,1198,-0.0326467,0.0379068,0.114902,0.12532039,2.77186e-15,1.91714e-15,7.43088e-15,8.15945e-15,-0.0326467,0.0379068,0.114902,0.12532039
1198,1199,-0.0327185,0.0375123,0.105508,0.11666024,2.99658e-15,2.40295e-15,5.26302e-15,6.5155998e-15,-0.0327185,0.0375123,0.105508,0.11666024
1199,1200,-0.0325644,0.0370138,0.0960672,0.10797855,2.19208e-15,2.88035e-15,3.13987e-15,4.7917027e-15,-0.0325644,0.0370138,0.0960672,0.10797855
1200,1201,-0.0322392,0.0363562,0.0866064,0.099306636,1.80288e-15,3.72361e-15,2.53615e-15,4.852598e-15,-0.0322392,0.0363562,0.0866064,0.099306636
1201,1202,-0.0341987,0.032829,0.0675255,0.082504466,2.32684e-16,2.98463e-15,4.7335e-15,5.6007305e-15,-0.0341987,0.032829,0.0675255,0.082504466
1202,1203,-0.0318124,0.0356355,0.0771327,0.090726905,8.47309e-16,2.56221e-15,4.3367e-15,5.1078196e-15,-0.0318124,0.0356355,0.0771327,0.090726905
1203,1204,-0.0287576,0.0390198,0.129643,0.13840827,4.94768e-15,4.93644e-15,6.80707e-15,9.756238e-15,-0.0287576,0.0390198,0.129643,0.13840827
1204,1205,-0.0291726,0.0390307,0.123222,0.13250697,2.09357e-15,1.53682e-15,9.32301e-15,9.677983e-15,-0.0291726,0.0390307,0.123222,0.13250697
1205,1206,-0.0294583,0.0390017,0.11467,0.12465205,2.71429e-15,1.61585e-15,8.59343e-15,9.15562e-15,-0.0294583,0.0390017,0.11467,0.12465205
1206,1207,-0.0295054,0.0388006,0.105476,0.116194844,2.66003e-15,2.24897e-15,1.66664e-15,3.8615173e-15,-0.0295054,0.0388006,0.105476,0.116194844
1207,1208,-0.029343,0.0384114,0.096087,0.10756002,2.01598e-15,4.29957e-15,3.07121e-15,5.655335e-15,-0.029343,0.0384114,0.096087,0.10756002
1208,1209,-0.0290435,0.0379025,0.0866592,0.098944135,1.18568e-15,1.89813e-15,2.51576e-15,3.3671624e-15,-0.0290435,0.0379025,0.0866592,0.098944135
1209,1210,-0.0286312,0.0372157,0.0771883,0.09034815,1.82843e-15,3.8675e-15,1.62379e-15,4.575741e-15,-0.0286312,0.0372157,0.0771883,0.09034815
1210,1211,-0.0312168,0.0347605,0.0676702,0.0822316,1.86701e-15,3.21239e-15,3.65758e-15,5.2137385e-15,-0.0312168,0.0347605,0.0676702,0.0822316
1211,1212,-0.0281061,0.0364151,0.0677586,0.08189774,1.72488e-15,3.86209e-15,7.98737e-16,4.3045245e-15,-0.0281061,0.0364151,0.0677586,0.08189774
1212,1213,-0.0430806,0.0228518,0.060252,0.077514164,1.18868e-15,1.32261e-15,-3.95985e-16,1.8218292e-15,-0.0430806,0.0228518,0.060252,0.077514164
1213,1214,-0.0411615,0.022559,0.0538576,0.07144102,9.32194e-16,2.53697e-15,5.70083e-16,2.762281e-15,-0.0411615,0.022559,0.0538576,0.07144102
1214,1215,-0.0415359,0.0255439,0.0621585,0.07900254,9.5181e-16,1.50082e-15,-2.37873e-15,2.969303e-15,-0.0415359,0.0255439,0.0621585,0.07900254
1215,1216,-0.0391751,0.0219138,0.0468352,0.06487248,9.43764e-17,1.56862e-15,-1.55805e-15,2.2129155e-15,-0.0391751,0.0219138,0.0468352,0.06487248
1216,1217,-0.0372251,0.0213027,0.0408209,0.059210297,-6.01565e-16,1.39589e-16,-2.7119e-15,2.7813248e-15,-0.0372251,0.0213027,0.0408209,0.059210297
1217,1218,-0.0353508,0.0215086,0.0353522,0.054424968,-5.2609e-16,4.58382e-15,-3.07259e-15,5.5433732e-15,-0.0353508,0.0215086,0.0353522,0.054424968
1218,1219,-0.0392807,0.026568,0.0580761,0.07497776,2.82761e-17,3.24131e-15,8.35334e-17,3.2425095e-15,-0.0392807,0.026568,0.0580761,0.07497776
1219,1220,-0.0375362,0.025509,0.0490219,0.06680436,1.22406e-15,1.97909e-15,4.01216e-16,2.3613754e-15,-0.0375362,0.025509,0.0490219,0.06680436
1220,1221,-0.0362931,0.0244611,0.0432826,0.061554186,1.32342e-16,1.08705e-15,-2.29109e-15,2.5393476e-15,-0.0362931,0.0244611,0.0432826,0.061554186
1221,1222,-0.0328966,0.0211747,0.0295443,0.049024686,-1.50585e-15,2.61861e-15,-3.99664e-16,3.047037e-15,-0.0328966,0.0211747,0.0295443,0.049024686
1222,1223,-0.0301759,0.020296,0.0238952,0.043514285,-1.40141e-15,1.65127e-15,-1.88985e-15,2.8744e-15,-0.0301759,0.020296,0.0238952,0.043514285
1223,1224,-0.0361326,0.0293604,0.0581214,0.074469425,5.39203e-18,2.2778e-15,3.64586e-15,4.298918e-15,-0.0361326,0.0293604,0.0581214,0.074469425
1224,1225,-0.0349173,0.0279172,0.0492232,0.06649445,8.01216e-16,2.94327e-15,-7.57095e-16,3.1429253e-15,-0.0349173,0.0279172,0.0492232,0.06649445
1225,1226,-0.0339073,0.0259521,0.0408743,0.059109434,6.15283e-16,4.14356e-15,-5.11718e-15,6.6131077e-15,-0.0339073,0.0259521,0.0408743,0.059109434
1226,1227,-0.031064,0.02559,0.0340038,0.05268851,4.87614e-16,1.52895e-15,-3.19627e-15,3.576534e-15,-0.031064,0.02559,0.0340038,0.05268851
1227,1228,-0.0331682,0.0314522,0.0584074,0.07416734,1.3111e-15,3.2881e-15,1.41522e-15,3.812274e-15,-0.0331682,0.0314522,0.0584074,0.07416734
1228,1229,-0.0321747,0.0301206,0.0499427,0.066608824,3.1365e-15,4.13414e-15,1.74626e-17,5.1893207e-15,-0.0321747,0.0301206,0.0499427,0.066608824
1229,1230,-0.0315198,0.0286963,0.0433063,0.06076521,1.79218e-15,3.88659e-15,-2.0678e-15,4.7532397e-15,-0.0315198,0.0286963,0.0433063,0.06076521
1230,1231,-0.0275625,0.0192189,0.0182512,0.03823825,-2.06317e-15,3.81757e-15,2.63278e-16,4.3473932e-15,-0.0275625,0.0192189,0.0182512,0.03823825
1231,1232,-0.0248451,0.0182082,0.0134965,0.033629943,-1.83956e-15,2.33753e-15,1.30968e-15,3.2501213e-15,-0.0248451,0.0182082,0.0134965,0.033629943
1232,1233,-0.0284202,0.0242919,0.026698,0.04594113,4.36605e-17,1.89391e-15,-3.60614e-15,4.0734564e-15,-0.0284202,0.0242919,0.026698,0.04594113
1233,1234,-0.0261794,0.0226359,0.0199478,0.03994571,-2.83338e-15,2.81806e-15,-6.4832e-16,4.0484346e-15,-0.0261794,0.0226359,0.0199478,0.03994571
1234,1235,-0.0244367,0.0210148,0.0154661,0.03574877,-2.26523e-15,2.28067e-15,1.67316e-15,3.623836e-15,-0.0244367,0.0210148,0.0154661,0.03574877
1235,1236,-0.0302963,0.0335341,0.058386,0.0738331,1.32738e-15,3.94221e-15,3.55031e-15,5.4687894e-15,-0.0302963,0.0335341,0.058386,0.0738331
1236,1237,-0.0293813,0.0319997,0.049096,0.06555653,3.14334e-15,4.23539e-15,-3.04477e-16,5.283164e-15,-0.0293813,0.0319997,0.049096,0.06555653
1237,1238,-0.0286224,0.0294067,0.038867,0.05652114,-1.81826e-16,2.89327e-15,-7.09827e-17,2.8998465e-15,-0.0286224,0.0294067,0.038867,0.05652114
1238,1239,-0.0259479,0.0272147,0.0287148,0.047312506,-4.3809e-16,4.48066e-15,-3.34246e-15,5.607163e-15,-0.0259479,0.0272147,0.0287148,0.047312506
1239,1240,-0.0272836,0.0352474,0.0584244,0.07348595,2.24124e-15,4.59195e-15,1.39881e-15,5.2977193e-15,-0.0272836,0.0352474,0.0584244,0.07348595
1240,1241,-0.0263191,0.0338641,0.0488495,0.065005735,2.55056e-15,3.33492e-15,9.87326e-16,4.312987e-15,-0.0263191,0.0338641,0.0488495,0.065005735
1241,1242,-0.0332247,-0.0417241,0.448254,0.45141602,1.30994e-14,-2.60817e-15,2.85511e-14,3.152082e-14,-0.0332247,-0.0417241,0.448254,0.45141602
1242,1243,-0.0312151,-0.0451824,0.438766,0.44218937,1.19193e-14,-4.54369e-15,2.67381e-14,2.9625e-14,-0.0312151,-0.0451824,0.438766,0.44218937
1243,1244,-0.0335087,-0.042637,0.439077,0.4424131,1.16605e-14,-3.06025e-15,2.57033e-14,2.8389998e-14,-0.0335087,-0.042637,0.439077,0.4424131
1244,1245,-0.0350404,-0.0380763,0.45741,0.46032766,1.28523e-14,-1.60315e-15,2.71155e-14,3.004999e-14,-0.0350404,-0.0380763,0.45741,0.46032766
1245,1246,-0.0320172,-0.0395596,0.462755,0.46554512,1.27865e-14,-1.40376e-16,2.90468e-14,3.17369e-14,-0.0320172,-0.0395596,0.462755,0.46554512
1246,1247,-0.0328687,-0.040756,0.456765,0.45975608,1.24121e-14,3.155e-16,2.77989e-14,3.0445664e-14,-0.0328687,-0.040756,0.456765,0.45975608
1247,1248,-0.0333582,-0.0362492,0.464816,0.46741918,1.20212e-14,-9.24472e-16,2.82742e-14,3.0737508e-14,-0.0333582,-0.0362492,0.464816,0.46741918
1248,1249,-0.0287113,-0.0475722,0.438254,0.4417624,1.24677e-14,-4.64067e-15,2.88978e-14,3.1812924e-14,-0.0287113,-0.0475722,0.438254,0.4417624
1249,1250,-0.0257945,-0.0487592,0.446923,0.4503143,1.31426e-14,-3.31286e-15,2.35536e-14,2.7174897e-14,-0.0257945,-0.0487592,0.446923,0.4503143
1250,1251,-0.0261736,-0.0499397,0.437751,0.44136715,1.12149e-14,-3.87816e-15,2.72877e-14,2.975622e-14,-0.0261736,-0.0499397,0.437751,0.44136715
1251,1252,-0.0284668,-0.0465963,0.447475,0.45079422,1.32537e-14,-3.13523e-15,2.69185e-14,3.0167797e-14,-0.0284668,-0.0465963,0.447475,0.45079422
1252,1253,-0.0306561,-0.0433534,0.456952,0.46002656,1.09096e-14,-2.89499e-15,3.0667e-14,3.267821e-14,-0.0306561,-0.0433534,0.456952,0.46002656
1253,1254,-0.0273668,-0.0445252,0.462239,0.46518418,1.04515e-14,-6.17537e-16,2.74872e-14,2.9413626e-14,-0.0273668,-0.0445252,0.462239,0.46518418
1254,1255,-0.0281017,-0.0456286,0.456038,0.4591757,9.97918e-15,-2.06791e-15,2.7543e-14,2.936796e-14,-0.0281017,-0.0456286,0.456038,0.4591757
1255,1256,-0.0292381,-0.0416865,0.465015,0.46779436,1.10165e-14,-1.72044e-15,3.09488e-14,3.289607e-14,-0.0292381,-0.0416865,0.465015,0.46779436
1256,1257,-0.0310007,-0.0442708,0.448147,0.45139414,1.24697e-14,-3.42087e-15,3.21196e-14,3.4624623e-14,-0.0310007,-0.0442708,0.448147,0.45139414
1257,1258,-0.0292059,-0.0376601,0.468317,0.47073567,1.29213e-14,-3.46056e-15,2.98335e-14,3.2695157e-14,-0.0292059,-0.0376601,0.468317,0.47073567
1258,1259,-0.0231476,-0.0510542,0.446371,0.4498771,1.35623e-14,-3.10822e-15,2.45506e-14,2.8219302e-14,-0.0231476,-0.0510542,0.446371,0.4498771
1259,1260,-0.02355,-0.0522263,0.437237,0.44097435,1.27637e-14,-1.84368e-15,2.50747e-14,2.8196661e-14,-0.02355,-0.0522263,0.437237,0.44097435
1260,1261,-0.0253181,-0.0477867,0.455698,0.45889568,1.29618e-14,-4.85008e-15,2.51392e-14,2.869688e-14,-0.0253181,-0.0477867,0.455698,0.45889568
1261,1262,-0.0221546,-0.0486964,0.460804,0.46389922,1.34305e-14,-5.14311e-15,2.97371e-14,3.3032184e-14,-0.0221546,-0.0486964,0.460804,0.46389922
1262,1263,-0.0225714,-0.0499798,0.454877,0.45817083,1.47491e-14,-4.24426e-15,2.57456e-14,2.997308e-14,-0.0225714,-0.0499798,0.454877,0.45817083
1263,1264,-0.0238905,-0.0459432,0.46306,0.46594644,1.26885e-14,-3.76513e-15,2.74057e-14,3.04343e-14,-0.0238905,-0.0459432,0.46306,0.46594644
1264,1265,-0.0246308,-0.0425804,0.468201,0.47077805,1.25214e-14,-4.37566e-15,2.98614e-14,3.2674686e-14,-0.0246308,-0.0425804,0.468201,0.47077805
1265,1266,-0.024581,-0.035986,0.471252,0.4732628,1.37498e-14,-4.09859e-15,2.61138e-14,2.979574e-14,-0.024581,-0.035986,0.471252,0.4732628
1266,1267,-0.0247842,-0.0391802,0.470983,0.47325927,1.37488e-14,-3.48335e-15,2.53884e-14,2.9081507e-14,-0.0247842,-0.0391802,0.470983,0.47325927
1267,1268,-0.0190647,-0.0495367,0.461852,0.46489206,1.68308e-14,-4.24587e-15,2.54072e-14,3.0770586e-14,-0.0190647,-0.0495367,0.461852,0.46489206
1268,1269,-0.0189577,-0.0522594,0.454823,0.45820782,1.52929e-14,-3.92375e-15,2.78119e-14,3.1980783e-14,-0.0189577,-0.0522594,0.454823,0.45820782
1269,1270,-0.0202045,-0.0532226,0.44592,0.4495392,1.44864e-14,-3.19943e-15,2.75116e-14,3.1256685e-14,-0.0202045,-0.0532226,0.44592,0.4495392
1270,1271,-0.0169381,-0.0538203,0.450917,0.45443335,1.45863e-14,-4.46891e-15,3.0197e-14,3.383179e-14,-0.0169381,-0.0538203,0.450917,0.45443335
1271,1272,-0.0173496,-0.0546998,0.444814,0.44850037,1.21447e-14,-3.37224e-15,2.77271e-14,3.0457475e-14,-0.0173496,-0.0546998,0.444814,0.44850037
1272,1273,-0.0208586,-0.0543286,0.436812,0.44067153,1.36238e-14,-1.60053e-15,2.49173e-14,2.8443654e-14,-0.0208586,-0.0543286,0.436812,0.44067153
1273,1274,-0.0177028,-0.0559992,0.436088,0.44002506,1.40677e-14,-1.76353e-15,2.46758e-14,2.8458837e-14,-0.0177028,-0.0559992,0.436088,0.44002506
1274,1275,-0.0195285,-0.0464549,0.465962,0.46867898,1.40808e-14,-6.06168e-15,2.78881e-14,3.1823875e-14,-0.0195285,-0.0464549,0.465962,0.46867898
1275,1276,-0.019843,-0.0402741,0.47048,0.4726174,1.36573e-14,-5.32854e-15,2.73611e-14,3.1041023e-14,-0.019843,-0.0402741,0.47048,0.4726174
1276,1277,-0.0198904,-0.0434522,0.470003,0.47242624,1.38422e-14,-6.37338e-15,2.45986e-14,2.893644e-14,-0.0198904,-0.0434522,0.470003,0.47242624
1277,1278,-0.0197931,-0.0372338,0.469878,0.4717663,1.393e-14,-3.03189e-15,2.9023e-14,3.2335303e-14,-0.0197931,-0.0372338,0.469878,0.4717663
1278,1279,-0.0197584,-0.0343045,0.469411,0.47107735,1.37284e-14,-3.63788e-15,2.64692e-14,3.0038668e-14,-0.0197584,-0.0343045,0.469411,0.47107735
1279,1280,-0.0244219,-0.033204,0.470816,0.4726168,1.45381e-14,-4.35949e-15,2.61709e-14,3.0253554e-14,-0.0244219,-0.033204,0.470816,0.4726168
1280,1281,-0.0138974,-0.0562235,0.444725,0.44848028,1.53832e-14,-3.91694e-15,2.87054e-14,3.2802215e-14,-0.0138974,-0.0562235,0.444725,0.44848028
1281,1282,-0.0139991,-0.0545507,0.45177,0.45526683,1.58777e-14,-4.49836e-15,2.94687e-14,3.3774856e-14,-0.0139991,-0.0545507,0.45177,0.45526683
1282,1283,-0.0136938,-0.0580024,0.435155,0.43921712,1.52738e-14,-3.23067e-15,3.03855e-14,3.4161455e-14,-0.0136938,-0.0580024,0.435155,0.43921712
1283,1284,-0.0145708,-0.0528694,0.457503,0.46077812,1.74813e-14,-4.44314e-15,3.03657e-14,3.5318736e-14,-0.0145708,-0.0528694,0.457503,0.46077812
1284,1285,-0.0147856,-0.0500826,0.462965,0.46590072,1.87002e-14,-3.40286e-15,2.70723e-14,3.3078487e-14,-0.0147856,-0.0500826,0.462965,0.46590072
1285,1286,-0.0151463,-0.0439042,0.470073,0.47236174,1.51053e-14,-5.45794e-15,2.60526e-14,3.060551e-14,-0.0151463,-0.0439042,0.470073,0.47236174
1286,1287,-0.0149286,-0.0466976,0.466419,0.4689885,1.5508e-14,-5.35551e-15,2.75237e-14,3.2042684e-14,-0.0149286,-0.0466976,0.466419,0.4689885
1287,1288,-0.0151697,-0.040808,0.471131,0.47313827,1.48012e-14,-4.43852e-15,2.83345e-14,3.2274137e-14,-0.0151697,-0.040808,0.471131,0.47313827
1288,1289,-0.015111,-0.0376071,0.470272,0.47201523,1.57449e-14,-3.99414e-15,2.42506e-14,2.9188125e-14,-0.015111,-0.0376071,0.470272,0.47201523
1289,1290,-0.0150737,-0.0346075,0.469558,0.47107282,1.59502e-14,-2.54247e-15,2.54241e-14,3.0120722e-14,-0.0150737,-0.0346075,0.469558,0.47107282
1290,1291,-0.00969749,-0.0546665,0.451628,0.45502782,1.58465e-14,-1.77664e-15,3.31828e-14,3.6815298e-14,-0.00969749,-0.0546665,0.451628,0.45502782
1291,1292,-0.00953594,-0.0566051,0.444743,0.44843218,1.65381e-14,-1.77518e-15,2.57977e-14,3.0694973e-14,-0.00953594,-0.0566051,0.444743,0.44843218
1292,1293,-0.00931449,-0.0585624,0.437065,0.4410693,1.64122e-14,-3.96954e-15,2.53418e-14,3.0452e-14,-0.00931449,-0.0585624,0.437065,0.4410693
1293,1294,-0.0118198,-0.0596968,0.430866,0.43514243,1.53639e-14,-2.39987e-15,3.169e-14,3.5299644e-14,-0.0118198,-0.0596968,0.430866,0.43514243
1294,1295,-0.0102,-0.0503468,0.463501,0.46633896,1.73785e-14,-3.28705e-15,3.08238e-14,3.5537637e-14,-0.0102,-0.0503468,0.463501,0.46633896
1295,1296,-0.00994828,-0.0529573,0.457874,0.46103367,1.62284e-14,-3.3247e-15,3.18134e-14,3.586791e-14,-0.00994828,-0.0529573,0.457874,0.46103367
1296,1297,-0.0109257,-0.0440099,0.470283,0.4724641,1.68261e-14,-2.53864e-15,2.5762e-14,3.0874632e-14,-0.0109257,-0.0440099,0.470283,0.4724641
1297,1298,-0.0104811,-0.0468251,0.467215,0.46967253,1.57663e-14,-3.06466e-15,2.33649e-14,2.83529e-14,-0.0104811,-0.0468251,0.467215,0.46967253
1298,1299,-0.0109214,-0.0408628,0.471176,0.47307068,1.63211e-14,-3.40006e-15,2.66393e-14,3.142596e-14,-0.0109214,-0.0408628,0.471176,0.47307068
1299,1300,-0.010899,-0.037503,0.47035,0.47196862,1.73371e-14,-2.26672e-15,2.72812e-14,3.2403347e-14,-0.010899,-0.037503,0.47035,0.47196862
1300,1301,-0.0049637,-0.0541075,0.450521,0.45378566,1.57233e-14,-1.8312e-15,2.98567e-14,3.379346e-14,-0.0049637,-0.0541075,0.450521,0.45378566
1301,1302,-0.00479679,-0.056363,0.443756,0.44734684,1.65402e-14,-2.07532e-15,3.10987e-14,3.528476e-14,-0.00479679,-0.056363,0.443756,0.44734684
1302,1303,-0.00477378,-0.0583046,0.436616,0.4405176,1.73197e-14,-4.05563e-15,2.8275e-14,3.3405024e-14,-0.00477378,-0.0583046,0.436616,0.4405176
1303,1304,-0.00882841,-0.0598176,0.430909,0.43513063,1.50232e-14,-3.67938e-15,3.08782e-14,3.4535454e-14,-0.00882841,-0.0598176,0.430909,0.43513063
1304,1305,-0.00610704,-0.0494595,0.461757,0.46443844,1.65007e-14,-3.26866e-15,3.11043e-14,3.5361488e-14,-0.00610704,-0.0494595,0.461757,0.46443844
1305,1306,-0.00547899,-0.0522121,0.456939,0.459945,1.5659e-14,-3.00714e-15,2.96319e-14,3.3649614e-14,-0.00547899,-0.0522121,0.456939,0.459945
1306,1307,-0.00800191,-0.0437282,0.46981,0.4719085,1.75958e-14,-3.11019e-15,2.77729e-14,3.3024527e-14,-0.00800191,-0.0437282,0.46981,0.4719085
1307,1308,-0.00623794,-0.0456597,0.46626,0.46853185,1.8405e-14,-2.96123e-15,2.60171e-14,3.2006285e-14,-0.00623794,-0.0456597,0.46626,0.46853185
1308,1309,-0.0047175,-0.0414095,0.468855,0.47070372,1.99919e-14,-3.94314e-15,2.88026e-14,3.5281924e-14,-0.0047175,-0.0414095,0.468855,0.47070372
1309,1310,-0.00764323,-0.0408805,0.470589,0.47242317,1.63182e-14,-4.65302e-15,2.71216e-14,3.1992428e-14,-0.00764323,-0.0408805,0.470589,0.47242317
1310,1311,-0.00769954,-0.0373807,0.470314,0.47186,1.72678e-14,-3.20837e-15,2.55482e-14,3.100292e-14,-0.00769954,-0.0373807,0.470314,0.47186
1311,1312,-0.000624278,-0.0546278,0.440776,0.4441487,1.59517e-14,-8.55747e-16,3.0455e-14,3.4390347e-14,-0.000624278,-0.0546278,0.440776,0.4441487
1312,1313,-0.000651352,-0.0572171,0.434769,0.43851832,1.73759e-14,-1.0619e-15,2.82722e-14,3.320191e-14,-0.000651352,-0.0572171,0.434769,0.43851832
1313,1314,-0.00335064,-0.0488667,0.460183,0.4627824,1.70457e-14,-2.75838e-15,3.18489e-14,3.6228677e-14,-0.00335064,-0.0488667,0.460183,0.4627824
1314,1315,-0.00213139,-0.0501271,0.455644,0.458398,1.47778e-14,-4.20916e-15,3.2651e-14,3.6085843e-14,-0.00213139,-0.0501271,0.455644,0.458398
1315,1316,-0.000555679,-0.0516629,0.448353,0.45132002,1.46397e-14,-1.33115e-15,2.80681e-14,3.1684555e-14,-0.000555679,-0.0516629,0.448353,0.45132002
1316,1317,-0.00262538,-0.0459504,0.462271,0.46455657,1.77439e-14,-2.99322e-15,3.10815e-14,3.591469e-14,-0.00262538,-0.0459504,0.462271,0.46455657
1317,1318,-0.00048202,-0.0464792,0.456793,0.45915183,1.46194e-14,-3.22527e-15,3.31621e-14,3.6384805e-14,-0.00048202,-0.0464792,0.456793,0.45915183
1318,1319,0.00109092,-0.0470374,0.450611,0.4530607,1.47556e-14,-1.70563e-15,3.05259e-14,3.394801e-14,0.00109092,-0.0470374,0.450611,0.4530607
1319,1320,0.000311703,-0.0420882,0.458153,0.46008226,1.50765e-14,-2.26011e-15,2.77251e-14,3.1640008e-14,0.000311703,-0.0420882,0.458153,0.46008226
1320,1321,-0.00185185,-0.0417211,0.464001,0.46587658,1.7172e-14,-1.68016e-15,3.18037e-14,3.6182534e-14,-0.00185185,-0.0417211,0.464001,0.46587658
1321,1322,-0.00468378,-0.036932,0.469588,0.47106138,1.7024e-14,-3.59091e-15,2.64591e-14,3.166694e-14,-0.00468378,-0.036932,0.469588,0.47106138
1322,1323,0.000471196,-0.0373683,0.458786,0.46030557,1.51166e-14,-2.56338e-15,2.40892e-14,2.855472e-14,0.000471196,-0.0373683,0.458786,0.46030557
1323,1324,-0.00153348,-0.0370208,0.465166,0.46663937,1.58904e-14,-4.34926e-15,2.61221e-14,3.088341e-14,-0.00153348,-0.0370208,0.465166,0.46663937
1324,1325,-0.03142,-0.0460907,0.429237,0.43284637,1.15641e-14,-2.77786e-15,2.57431e-14,2.8357575e-14,-0.03142,-0.0460907,0.429237,0.43284637
1325,1326,-0.0337416,-0.0435227,0.42962,0.43313515,1.25352e-14,-2.52841e-16,2.50679e-14,2.8028464e-14,-0.0337416,-0.0435227,0.42962,0.43313515
1326,1327,-0.0338333,-0.0443104,0.420057,0.42374048,1.33093e-14,8.97574e-16,2.52206e-14,2.8531068e-14,-0.0338333,-0.0443104,0.420057,0.42374048
1327,1328,-0.0314973,-0.0468869,0.419651,0.42343527,1.23766e-14,-3.59389e-16,2.68432e-14,2.9561236e-14,-0.0314973,-0.0468869,0.419651,0.42343527
1328,1329,-0.0338897,-0.045109,0.410453,0.4143127,1.24182e-14,5.13057e-16,2.40503e-14,2.7071976e-14,-0.0338897,-0.045109,0.410453,0.4143127
1329,1330,-0.0315717,-0.0476937,0.410053,0.41402286,1.32284e-14,-1.57178e-15,2.27974e-14,2.6404214e-14,-0.0315717,-0.0476937,0.410053,0.41402286
1330,1331,-0.0339039,-0.0458784,0.400835,0.40487406,1.04135e-14,-1.39124e-15,2.11791e-14,2.3641718e-14,-0.0339039,-0.0458784,0.400835,0.40487406
1331,1332,-0.0315805,-0.0484471,0.400441,0.4045954,1.09813e-14,6.44808e-16,2.12777e-14,2.3952979e-14,-0.0315805,-0.0484471,0.400441,0.4045954
1332,1333,-0.0339512,-0.0466684,0.391236,0.39546964,1.30611e-14,-2.55435e-16,1.98382e-14,2.3753142e-14,-0.0339512,-0.0466684,0.391236,0.39546964
1333,1334,-0.0316415,-0.0492466,0.390847,0.395206,1.27083e-14,3.71877e-18,2.30463e-14,2.6317917e-14,-0.0316415,-0.0492466,0.390847,0.395206
1334,1335,-0.0340466,-0.0474791,0.38167,0.38611582,1.30064e-14,-2.12176e-16,2.06762e-14,2.4427785e-14,-0.0340466,-0.0474791,0.38167,0.38611582
1335,1336,-0.0316991,-0.0500298,0.381279,0.38585162,1.27903e-14,1.53113e-17,2.33425e-14,2.6616992e-14,-0.0316991,-0.0500298,0.381279,0.38585162
1336,1337,-0.0338939,-0.0480513,0.372103,0.37672055,1.34543e-14,5.25498e-17,2.16214e-14,2.546578e-14,-0.0338939,-0.0480513,0.372103,0.37672055
1337,1338,-0.031546,-0.0505963,0.371723,0.3764746,1.23777e-14,1.42182e-15,2.16949e-14,2.5017948e-14,-0.031546,-0.0505963,0.371723,0.3764746
1338,1339,-0.0336845,-0.0485618,0.362527,0.36731285,1.29631e-14,2.50339e-15,2.00635e-14,2.4017763e-14,-0.0336845,-0.0485618,0.362527,0.36731285
1339,1340,-0.0313622,-0.0511357,0.362161,0.36709544,1.20642e-14,2.5823e-15,2.14743e-14,2.476608e-14,-0.0313622,-0.0511357,0.362161,0.36709544
1340,1341,-0.026957,-0.0551719,0.380427,0.3853509,1.39289e-14,1.37009e-15,2.05711e-14,2.4880947e-14,-0.026957,-0.0551719,0.380427,0.3853509
1341,1342,-0.0245654,-0.0582585,0.370527,0.37588263,1.24332e-14,-2.18022e-15,2.27869e-14,2.604958e-14,-0.0245654,-0.0582585,0.370527,0.37588263
1342,1343,-0.0268902,-0.0557249,0.370917,0.37604222,1.32604e-14,1.33689e-16,2.18881e-14,2.5591894e-14,-0.0268902,-0.0557249,0.370917,0.37604222
1343,1344,-0.0244558,-0.0588119,0.360989,0.36656514,1.24683e-14,1.20177e-16,1.89572e-14,2.2690271e-14,-0.0244558,-0.0588119,0.360989,0.36656514
1344,1345,-0.0267704,-0.0562317,0.36139,0.36671704,1.22372e-14,2.35266e-15,1.78774e-14,2.1791867e-14,-0.0267704,-0.0562317,0.36139,0.36671704
1345,1346,-0.0289721,-0.0485442,0.428802,0.43251252,1.24012e-14,-1.75637e-15,2.99168e-14,3.2432848e-14,-0.0289721,-0.0485442,0.428802,0.43251252
1346,1347,-0.0264655,-0.050942,0.428357,0.43218657,1.39641e-14,-1.35227e-15,2.52257e-14,2.886452e-14,-0.0264655,-0.050942,0.428357,0.43218657
1347,1348,-0.0290874,-0.0493694,0.419242,0.42313975,1.3227e-14,-7.27029e-16,2.70842e-14,3.0150226e-14,-0.0290874,-0.0493694,0.419242,0.42313975
1348,1349,-0.0266685,-0.0518489,0.418835,0.42287385,1.33062e-14,-1.65997e-15,3.06324e-14,3.3438818e-14,-0.0266685,-0.0518489,0.418835,0.42287385
1349,1350,-0.0291841,-0.0501901,0.409653,0.4137467,1.34423e-14,-3.2394e-15,2.15141e-14,2.5574315e-14,-0.0291841,-0.0501901,0.409653,0.4137467
1350,1351,-0.0267886,-0.0526892,0.409252,0.41349846,1.15111e-14,-2.24297e-15,2.63601e-14,2.8851192e-14,-0.0267886,-0.0526892,0.409252,0.41349846
1351,1352,-0.029235,-0.0509853,0.400047,0.40434116,1.18674e-14,1.53601e-15,2.22934e-14,2.530198e-14,-0.029235,-0.0509853,0.400047,0.40434116
1352,1353,-0.0268654,-0.0535235,0.399643,0.40410525,1.12895e-14,1.2125e-15,2.68939e-14,2.9192547e-14,-0.0268654,-0.0535235,0.399643,0.40410525
1353,1354,-0.0292862,-0.0517962,0.390444,0.39495197,1.40056e-14,8.46421e-16,2.44911e-14,2.8225648e-14,-0.0292862,-0.0517962,0.390444,0.39495197
1354,1355,-0.0269059,-0.054365,0.390017,0.3947059,1.34911e-14,6.54208e-16,2.5678e-14,2.9013748e-14,-0.0269059,-0.054365,0.390017,0.3947059
1355,1356,-0.0293417,-0.0525869,0.38087,0.3856012,1.41953e-14,9.1893e-16,2.47695e-14,2.8563598e-14,-0.0293417,-0.0525869,0.38087,0.3856012
1356,1357,-0.0292153,-0.0531454,0.371329,0.37624884,1.18809e-14,4.29551e-16,2.34846e-14,2.6322362e-14,-0.0292153,-0.0531454,0.371329,0.37624884
1357,1358,-0.0290689,-0.0536803,0.361786,0.36690012,1.22017e-14,2.0536e-15,1.96969e-14,2.326084e-14,-0.0290689,-0.0536803,0.361786,0.36690012
1358,1359,-0.0222922,-0.0600967,0.379748,0.3851196,1.32386e-14,7.33777e-16,2.11844e-14,2.4991555e-14,-0.0222922,-0.0600967,0.379748,0.3851196
1359,1360,-0.0199711,-0.0633002,0.369844,0.37575305,1.398e-14,-4.92472e-16,1.91627e-14,2.3725345e-14,-0.0199711,-0.0633002,0.369844,0.37575305
1360,1361,-0.0222692,-0.0607781,0.370187,0.37580356,1.36616e-14,-1.87068e-15,1.90283e-14,2.3499254e-14,-0.0222692,-0.0607781,0.370187,0.37580356
1361,1362,-0.0245958,-0.0576465,0.380029,0.38516247,1.36046e-14,-3.28945e-17,2.39199e-14,2.7518137e-14,-0.0245958,-0.0576465,0.380029,0.38516247
1362,1363,-0.022145,-0.0613784,0.360595,0.36645114,1.33097e-14,-2.10086e-16,2.03975e-14,2.4356729e-14,-0.022145,-0.0613784,0.360595,0.36645114
1363,1364,-0.0198141,-0.0639683,0.360172,0.3663447,1.36722e-14,-1.07224e-15,1.74889e-14,2.2224769e-14,-0.0198141,-0.0639683,0.360172,0.3663447
1364,1365,-0.0212127,-0.055399,0.427488,0.43158433,1.52865e-14,-7.13829e-16,2.56218e-14,2.9843983e-14,-0.0212127,-0.055399,0.427488,0.43158433
1365,1366,-0.0238932,-0.0532873,0.427915,0.43188155,1.3521e-14,-1.39273e-15,2.70351e-14,3.025977e-14,-0.0238932,-0.0532873,0.427915,0.43188155
1366,1367,-0.0240837,-0.054184,0.418403,0.42258373,1.37366e-14,-3.17899e-15,2.82935e-14,3.161206e-14,-0.0240837,-0.054184,0.418403,0.42258373
1367,1368,-0.0214539,-0.0564223,0.417989,0.42232516,1.30481e-14,-1.36112e-15,2.76624e-14,3.0615582e-14,-0.0214539,-0.0564223,0.417989,0.42232516
1368,1369,-0.0243106,-0.0551204,0.408841,0.41325566,9.43151e-15,-4.00018e-15,3.16084e-14,3.3227185e-14,-0.0243106,-0.0551204,0.408841,0.41325566
1369,1370,-0.0218085,-0.0574891,0.40844,0.41304216,1.29413e-14,-3.7614e-15,2.4216e-14,2.7713534e-14,-0.0218085,-0.0574891,0.40844,0.41304216
1370,1371,-0.0244014,-0.0559451,0.399234,0.40387258,1.24443e-14,-1.73489e-15,2.30998e-14,2.629584e-14,-0.0244014,-0.0559451,0.399234,0.40387258
1371,1372,-0.0219954,-0.0583844,0.39885,0.40370023,1.18335e-14,-3.64371e-15,2.11627e-14,2.4518732e-14,-0.0219954,-0.0583844,0.39885,0.40370023
1372,1373,-0.0245236,-0.0568248,0.389631,0.39451587,1.1547e-14,-9.43484e-16,2.16388e-14,2.4545082e-14,-0.0245236,-0.0568248,0.389631,0.39451587
1373,1374,-0.0221644,-0.0592656,0.389286,0.39439481,1.06134e-14,-1.06391e-15,2.06605e-14,2.3251503e-14,-0.0221644,-0.0592656,0.389286,0.39439481
1374,1375,-0.0175027,-0.064848,0.37908,0.38498473,1.2674e-14,-2.00133e-17,2.06867e-14,2.4260465e-14,-0.0175027,-0.064848,0.37908,0.38498473
1375,1376,-0.0174652,-0.0656375,0.369435,0.37562686,1.4836e-14,-3.37588e-16,1.59694e-14,2.1800062e-14,-0.0174652,-0.0656375,0.369435,0.37562686
1376,1377,-0.0172816,-0.0663265,0.359689,0.3661612,1.35012e-14,-1.62611e-15,1.73424e-14,2.2038273e-14,-0.0172816,-0.0663265,0.359689,0.3661612
1377,1378,-0.0182792,-0.0573345,0.426972,0.43119192,1.47742e-14,-1.06352e-15,2.68191e-14,3.0637758e-14,-0.0182792,-0.0573345,0.426972,0.43119192
1378,1379,-0.0188489,-0.0587391,0.417654,0.4221853,1.37568e-14,-1.43912e-15,2.6238e-14,2.9660634e-14,-0.0188489,-0.0587391,0.417654,0.4221853
1379,1380,-0.0165239,-0.0619488,0.407773,0.41278264,1.46189e-14,-3.83901e-15,2.45555e-14,2.8834404e-14,-0.0165239,-0.0619488,0.407773,0.41278264
1380,1381,-0.0193172,-0.0599058,0.408118,0.4129433,1.43022e-14,-3.69768e-15,2.72781e-14,3.102129e-14,-0.0193172,-0.0599058,0.408118,0.4129433
1381,1382,-0.0168345,-0.0632019,0.39813,0.4034667,1.54045e-14,-1.84461e-15,2.21466e-14,2.7040212e-14,-0.0168345,-0.0632019,0.39813,0.4034667
1382,1383,-0.0195889,-0.0608706,0.398515,0.4036126,1.36747e-14,-2.02243e-15,2.4624e-14,2.8238786e-14,-0.0195889,-0.0608706,0.398515,0.4036126
1383,1384,-0.0172978,-0.0640728,0.388581,0.39420775,1.53898e-14,8.47611e-16,1.95239e-14,2.4874627e-14,-0.0172978,-0.0640728,0.388581,0.39420775
1384,1385,-0.0198251,-0.061724,0.388965,0.39433065,1.22586e-14,-6.9822e-16,1.9855e-14,2.3344845e-14,-0.0198251,-0.061724,0.388965,0.39433065
1385,1386,-0.0200022,-0.0625324,0.379473,0.38511056,1.38928e-14,8.31568e-16,2.18646e-14,2.5918375e-14,-0.0200022,-0.0625324,0.379473,0.38511056
1386,1387,-0.0128373,-0.0620697,0.416752,0.4215444,1.61145e-14,-2.78172e-15,2.56316e-14,3.0403848e-14,-0.0128373,-0.0620697,0.416752,0.4215444
1387,1388,-0.0130316,-0.0637474,0.407517,0.41267863,1.4491e-14,-3.20503e-15,2.47712e-14,2.887687e-14,-0.0130316,-0.0637474,0.407517,0.41267863
1388,1389,-0.0129139,-0.0654113,0.39743,0.40298387,1.56968e-14,-1.53995e-15,2.86547e-14,3.2708608e-14,-0.0129139,-0.0654113,0.39743,0.40298387
1389,1390,-0.0141407,-0.0661031,0.387894,0.39374018,1.45619e-14,1.36133e-17,2.07125e-14,2.5319099e-14,-0.0141407,-0.0661031,0.387894,0.39374018
1390,1391,-0.0110444,-0.0669149,0.393025,0.3988336,1.5071e-14,-6.70778e-16,2.58451e-14,2.992581e-14,-0.0110444,-0.0669149,0.393025,0.3988336
1391,1392,-0.0114524,-0.0677086,0.386701,0.3927509,1.54925e-14,-2.58466e-16,2.14621e-14,2.6470855e-14,-0.0114524,-0.0677086,0.386701,0.3927509
1392,1393,-0.01457,-0.0668506,0.378556,0.38468942,1.27302e-14,6.8145e-16,1.76698e-14,2.1788625e-14,-0.01457,-0.0668506,0.378556,0.38468942
1393,1394,-0.0117504,-0.0687733,0.378076,0.38445973,1.31499e-14,1.51453e-17,1.9728e-14,2.3708945e-14,-0.0117504,-0.0687733,0.378076,0.38445973
1394,1395,-0.0117675,-0.0695276,0.368667,0.37535042,1.5765e-14,-1.37388e-15,2.21309e-14,2.7206608e-14,-0.0117675,-0.0695276,0.368667,0.37535042
1395,1396,-0.0146346,-0.067577,0.368996,0.37541828,1.50714e-14,-5.32236e-16,1.66061e-14,2.2431962e-14,-0.0146346,-0.067577,0.368996,0.37541828
1396,1397,-0.0117216,-0.0702568,0.359,0.36599782,1.52078e-14,-1.52056e-15,1.98595e-14,2.5059709e-14,-0.0117216,-0.0702568,0.359,0.36599782
1397,1398,-0.0145624,-0.068254,0.359255,0.36597106,1.44808e-14,-7.29972e-16,1.59051e-14,2.152205e-14,-0.0145624,-0.068254,0.359255,0.36597106
1398,1399,-0.015062,-0.0590742,0.426213,0.43055096,1.40351e-14,-3.11577e-15,2.92754e-14,3.2615044e-14,-0.015062,-0.0590742,0.426213,0.43055096
1399,1400,-0.0123566,-0.0606189,0.425106,0.42958403,1.48168e-14,-2.90515e-15,2.79903e-14,3.1803055e-14,-0.0123566,-0.0606189,0.425106,0.42958403
1400,1401,-0.0159806,-0.0605257,0.417244,0.42191383,1.53529e-14,-2.71244e-15,2.64663e-14,3.0717e-14,-0.0159806,-0.0605257,0.417244,0.42191383
1401,1402,-0.00800517,-0.068469,0.386423,0.39252365,1.58808e-14,-6.80342e-16,2.36182e-14,2.8468967e-14,-0.00800517,-0.068469,0.386423,0.39252365
1402,1403,-0.00808294,-0.0672428,0.393669,0.39945242,1.57908e-14,-1.21874e-15,2.35193e-14,2.8354755e-14,-0.00808294,-0.0672428,0.393669,0.39945242
1403,1404,-0.00799523,-0.0698742,0.377741,0.38423246,1.4361e-14,3.57864e-16,2.05122e-14,2.5042299e-14,-0.00799523,-0.0698742,0.377741,0.38423246
1404,1405,-0.00789467,-0.0708548,0.368365,0.3752006,1.67912e-14,1.04491e-15,2.13882e-14,2.721197e-14,-0.00789467,-0.0708548,0.368365,0.3752006
1405,1406,-0.00778039,-0.0717877,0.35879,0.365984,1.67067e-14,-2.76426e-16,1.9614e-14,2.5766243e-14,-0.00778039,-0.0717877,0.35879,0.365984
1406,1407,-0.00881596,-0.0612286,0.424549,0.4290321,1.42308e-14,-2.27296e-15,3.13561e-14,3.450923e-14,-0.00881596,-0.0612286,0.424549,0.4290321
1407,1408,-0.00886944,-0.062779,0.416375,0.4211746,1.46468e-14,-3.0342e-15,2.97431e-14,3.3292447e-14,-0.00886944,-0.062779,0.416375,0.4211746
1408,1409,-0.0088087,-0.0644522,0.407862,0.41301706,1.40254e-14,-3.43253e-15,2.92592e-14,3.2628133e-14,-0.0088087,-0.0644522,0.407862,0.41301706
1409,1410,-0.00857866,-0.0659422,0.399893,0.4053842,1.46588e-14,-4.85723e-16,3.02822e-14,3.364711e-14,-0.00857866,-0.0659422,0.399893,0.4053842
1410,1411,-0.00390166,-0.0677051,0.393494,0.3992953,1.58983e-14,8.00566e-16,2.67092e-14,3.1093058e-14,-0.00390166,-0.0677051,0.393494,0.3992953
1411,1412,-0.00383003,-0.068999,0.386013,0.39214993,1.43602e-14,2.57719e-16,2.28001e-14,2.6946732e-14,-0.00383003,-0.068999,0.386013,0.39214993
1412,1413,-0.00368494,-0.0704477,0.377439,0.3839748,1.46407e-14,9.58848e-16,2.12892e-14,2.5855357e-14,-0.00368494,-0.0704477,0.377439,0.3839748
1413,1414,-0.00349588,-0.0715035,0.368125,0.3750213,1.48454e-14,-1.28746e-16,2.00529e-14,2.4950377e-14,-0.00349588,-0.0715035,0.368125,0.3750213
1414,1415,-0.00330732,-0.0725046,0.358633,0.36590368,1.61564e-14,-1.40175e-16,1.66994e-14,2.3236153e-14,-0.00330732,-0.0725046,0.358633,0.36590368
1415,1416,-0.00463505,-0.0599023,0.430208,0.43438312,1.44287e-14,-2.70965e-15,2.81113e-14,3.171395e-14,-0.00463505,-0.0599023,0.430208,0.43438312
1416,1417,-0.00453488,-0.0614059,0.423476,0.42792892,1.42114e-14,-1.08126e-15,2.61547e-14,2.9785927e-14,-0.00453488,-0.0614059,0.423476,0.42792892
1417,1418,-0.00453568,-0.0629315,0.415685,0.42044616,1.43249e-14,-1.76669e-15,2.47743e-14,2.867211e-14,-0.00453568,-0.0629315,0.415685,0.42044616
1418,1419,-0.00437514,-0.0646279,0.407698,0.41281182,1.38615e-14,-2.75464e-15,2.50921e-14,2.879831e-14,-0.00437514,-0.0646279,0.407698,0.41281182
1419,1420,-0.00414044,-0.0662171,0.400192,0.40565437,1.52484e-14,-1.73654e-15,2.6428e-14,3.0560898e-14,-0.00414044,-0.0662171,0.400192,0.40565437
1420,1421,0.00045425,-0.066883,0.391436,0.39710915,1.38435e-14,5.71355e-16,2.52366e-14,2.878984e-14,0.00045425,-0.066883,0.391436,0.39710915
1421,1422,0.000254757,-0.0684568,0.384782,0.39082423,1.35769e-14,7.31227e-17,2.1362e-14,2.5311511e-14,0.000254757,-0.0684568,0.384782,0.39082423
1422,1423,0.000506773,-0.0697412,0.376914,0.38331223,1.55599e-14,-4.3748e-17,2.06069e-14,2.5821633e-14,0.000506773,-0.0697412,0.376914,0.38331223
1423,1424,0.000883963,-0.0709136,0.367904,0.37467703,1.48807e-14,2.27796e-16,2.09966e-14,2.5736051e-14,0.000883963,-0.0709136,0.367904,0.37467703
1424,1425,0.00120475,-0.0719022,0.358463,0.3656051,1.58468e-14,-1.15429e-15,1.9103e-14,2.4847095e-14,0.00120475,-0.0719022,0.358463,0.3656051
1425,1426,-0.000483648,-0.0601598,0.420744,0.42502347,1.55286e-14,-2.03269e-15,2.57037e-14,3.0098994e-14,-0.000483648,-0.0601598,0.420744,0.42502347
1426,1427,-0.000461523,-0.062361,0.414233,0.41890106,1.49992e-14,-2.45565e-15,2.79071e-14,3.1777546e-14,-0.000461523,-0.062361,0.414233,0.41890106
1427,1428,-0.000107028,-0.0640175,0.40689,0.41189528,1.40733e-14,-6.51696e-16,2.73558e-14,3.0770478e-14,-0.000107028,-0.0640175,0.40689,0.41189528
1428,1429,0.000249174,-0.0655211,0.399057,0.40440026,1.51573e-14,-1.3116e-15,2.34108e-14,2.7920058e-14,0.000249174,-0.0655211,0.399057,0.40440026
1429,1430,-0.000553119,-0.058795,0.428152,0.43217045,1.46428e-14,-3.79833e-15,2.78425e-14,3.168665e-14,-0.000553119,-0.058795,0.428152,0.43217045
1430,1431,-0.0310843,-0.0521891,0.343104,0.3484398,9.89107e-15,1.77768e-16,1.56735e-14,1.8534385e-14,-0.0310843,-0.0521891,0.343104,0.3484398
1431,1432,-0.0287614,-0.0552688,0.333181,0.3389564,1.22914e-14,-2.09007e-15,1.42693e-14,1.8948874e-14,-0.0287614,-0.0552688,0.333181,0.3389564
1432,1433,-0.0311535,-0.0527886,0.333542,0.33912745,1.2092e-14,-4.0448e-16,1.67842e-14,2.0690323e-14,-0.0311535,-0.0527886,0.333542,0.33912745
1433,1434,-0.0285504,-0.0557848,0.323712,0.32972187,9.96443e-15,-2.2726e-15,1.7435e-14,2.0209745e-14,-0.0285504,-0.0557848,0.323712,0.32972187
1434,1435,-0.0309242,-0.0533197,0.32398,0.32979137,1.02082e-14,-1.13524e-15,1.55555e-14,1.8640539e-14,-0.0309242,-0.0533197,0.32398,0.32979137
1435,1436,-0.0334653,-0.0503942,0.333857,0.3392934,1.00765e-14,-1.36418e-15,1.50265e-14,1.8143664e-14,-0.0334653,-0.0503942,0.333857,0.3392934
1436,1437,-0.0281656,-0.0562407,0.314328,0.32055953,9.9909e-15,-1.2612e-15,1.60275e-14,1.8928535e-14,-0.0281656,-0.0562407,0.314328,0.32055953
1437,1438,-0.0305233,-0.0537683,0.31452,0.32053944,9.73252e-15,-1.79189e-15,1.52011e-14,1.813853e-14,-0.0305233,-0.0537683,0.31452,0.32053944
1438,1439,-0.03119,-0.0516787,0.352615,0.3577441,1.17948e-14,-7.18661e-16,2.06338e-14,2.3777878e-14,-0.03119,-0.0516787,0.352615,0.3577441
1439,1440,-0.0335198,-0.0491141,0.352953,0.3579268,1.14707e-14,7.09178e-16,2.20408e-14,2.4857127e-14,-0.0335198,-0.0491141,0.352953,0.3579268
1440,1441,-0.0334271,-0.0497125,0.343409,0.34859496,1.03405e-14,-1.92816e-16,1.84015e-14,2.1108725e-14,-0.0334271,-0.0497125,0.343409,0.34859496
1441,1442,-0.0329032,-0.0512727,0.31472,0.3205623,8.9638e-15,-1.20661e-15,1.06928e-14,1.4005056e-14,-0.0329032,-0.0512727,0.31472,0.3205623
1442,1443,-0.0301031,-0.0540698,0.304896,0.31111303,1.00579e-14,-1.74114e-15,1.24799e-14,1.6122681e-14,-0.0301031,-0.0540698,0.304896,0.31111303
1443,1444,-0.032509,-0.0515644,0.305176,0.31120428,1.01368e-14,-1.37199e-15,1.42461e-14,1.75382e-14,-0.032509,-0.0515644,0.305176,0.31120428
1444,1445,-0.0296709,-0.0543262,0.29528,0.3016985,8.90383e-15,-2.20367e-15,1.25001e-14,1.5504413e-14,-0.0296709,-0.0543262,0.29528,0.3016985
1445,1446,-0.032103,-0.0518447,0.295611,0.30183494,9.22203e-15,4.64016e-16,1.33304e-14,1.6216063e-14,-0.032103,-0.0518447,0.295611,0.30183494
1446,1447,-0.0291693,-0.0545223,0.28572,0.29233447,8.58907e-15,-1.77064e-15,1.10912e-14,1.4139378e-14,-0.0291693,-0.0545223,0.28572,0.29233447
1447,1448,-0.0316337,-0.0520736,0.286062,0.29247874,9.30377e-15,-1.84463e-15,1.35249e-14,1.6519253e-14,-0.0316337,-0.0520736,0.286062,0.29247874
1448,1449,-0.0243378,-0.0593492,0.35143,0.3572362,1.30629e-14,-2.4186e-16,1.73001e-14,2.1679283e-14,-0.0243378,-0.0593492,0.35143,0.3572362
1449,1450,-0.0266367,-0.0567141,0.35186,0.35739538,1.18204e-14,1.06395e-15,1.70447e-14,2.0769583e-14,-0.0266367,-0.0567141,0.35186,0.35739538
1450,1451,-0.0242084,-0.0598762,0.341877,0.347924,1.20129e-14,-1.49437e-15,1.64505e-14,2.042454e-14,-0.0242084,-0.0598762,0.341877,0.347924
1451,1452,-0.0265142,-0.0572246,0.342327,0.34808826,1.17418e-14,5.54242e-16,1.74478e-14,2.1038127e-14,-0.0265142,-0.0572246,0.342327,0.34808826
1452,1453,-0.0263814,-0.0578096,0.332762,0.33877495,1.23647e-14,-8.4077e-16,1.37058e-14,1.8478139e-14,-0.0263814,-0.0578096,0.332762,0.33877495
1453,1454,-0.0240657,-0.060473,0.332306,0.33861986,1.20373e-14,1.40935e-15,1.31875e-14,1.7910696e-14,-0.0240657,-0.060473,0.332306,0.33861986
1454,1455,-0.0261366,-0.0582885,0.323327,0.32957703,1.11676e-14,-2.70443e-15,1.74077e-14,2.0858027e-14,-0.0261366,-0.0582885,0.323327,0.32957703
1455,1456,-0.0238265,-0.0609476,0.322833,0.32939863,1.08972e-14,-2.8352e-15,1.36156e-14,1.7668386e-14,-0.0238265,-0.0609476,0.322833,0.32939863
1456,1457,-0.0257777,-0.0587439,0.313946,0.3204332,9.56415e-15,-3.10461e-15,2.10436e-14,2.3322622e-14,-0.0257777,-0.0587439,0.313946,0.3204332
1457,1458,-0.0234976,-0.0613607,0.313453,0.3202656,1.15206e-14,-2.07648e-15,1.43782e-14,1.8540999e-14,-0.0234976,-0.0613607,0.313453,0.3202656
1458,1459,-0.0253051,-0.059161,0.304331,0.31105906,1.06176e-14,-1.59328e-15,1.62162e-14,1.944832e-14,-0.0253051,-0.059161,0.304331,0.31105906
1459,1460,-0.0230636,-0.0617695,0.303917,0.31098706,9.90215e-15,-1.3554e-15,1.23612e-14,1.5896193e-14,-0.0230636,-0.0617695,0.303917,0.31098706
1460,1461,-0.0289106,-0.0541902,0.352254,0.35756856,1.17918e-14,1.7339e-15,1.71683e-14,2.0899845e-14,-0.0289106,-0.0541902,0.352254,0.35756856
1461,1462,-0.0287983,-0.0547061,0.342752,0.348283,1.1377e-14,2.0012e-15,1.43653e-14,1.843374e-14,-0.0287983,-0.0547061,0.342752,0.348283
1462,1463,-0.0277094,-0.056592,0.304637,0.3110855,1.07007e-14,1.03208e-15,1.25702e-14,1.6540256e-14,-0.0277094,-0.056592,0.304637,0.3110855
1463,1464,-0.0248962,-0.0594583,0.29461,0.30157945,9.25051e-15,-2.82874e-15,1.42891e-14,1.7255494e-14,-0.0248962,-0.0594583,0.29461,0.30157945
1464,1465,-0.0272681,-0.0568644,0.294956,0.30162254,9.92563e-15,-6.16455e-16,1.22244e-14,1.575862e-14,-0.0272681,-0.0568644,0.294956,0.30162254
1465,1466,-0.024452,-0.0596911,0.284979,0.2921882,1.02074e-14,-2.58752e-15,1.59272e-14,1.9093505e-14,-0.024452,-0.0596911,0.284979,0.2921882
1466,1467,-0.0267902,-0.0570802,0.285356,0.29223946,9.55709e-15,-1.32197e-15,9.81215e-15,1.3760954e-14,-0.0267902,-0.0570802,0.285356,0.29223946
1467,1468,-0.022039,-0.061991,0.350995,0.35710797,1.27009e-14,-3.13513e-16,1.68579e-14,2.1109238e-14,-0.022039,-0.061991,0.350995,0.35710797
1468,1469,-0.0196839,-0.0646389,0.350511,0.35696444,1.20512e-14,-1.62979e-15,1.62765e-14,2.0317778e-14,-0.0196839,-0.0646389,0.350511,0.35696444
1469,1470,-0.0218934,-0.062537,0.341434,0.34780365,1.18631e-14,-9.61413e-16,1.55994e-14,1.9621383e-14,-0.0218934,-0.062537,0.341434,0.34780365
1470,1471,-0.0195672,-0.0652111,0.34098,0.34771067,1.24052e-14,-1.69235e-15,1.7644e-14,2.1634782e-14,-0.0195672,-0.0652111,0.34098,0.34771067
1471,1472,-0.0217561,-0.0631222,0.331868,0.33851752,1.26836e-14,-6.48483e-16,1.35271e-14,1.8554694e-14,-0.0217561,-0.0631222,0.331868,0.33851752
1472,1473,-0.0194249,-0.0657981,0.331403,0.3384297,1.18957e-14,-1.95583e-15,1.11856e-14,1.6445382e-14,-0.0194249,-0.0657981,0.331403,0.3384297
1473,1474,-0.0215139,-0.0635993,0.322328,0.3292462,1.08517e-14,-1.38407e-15,9.97606e-15,1.4805296e-14,-0.0215139,-0.0635993,0.322328,0.3292462
1474,1475,-0.0191475,-0.0662389,0.321797,0.32910112,1.05274e-14,-2.39871e-15,1.63987e-14,1.9634085e-14,-0.0191475,-0.0662389,0.321797,0.32910112
1475,1476,-0.0211646,-0.0639475,0.312842,0.3200115,1.04541e-14,-2.1137e-15,1.48689e-14,1.8298637e-14,-0.0211646,-0.0639475,0.312842,0.3200115
1476,1477,-0.0188465,-0.0665166,0.31226,0.31982177,1.08478e-14,-2.067e-15,1.33703e-14,1.7341055e-14,-0.0188465,-0.0665166,0.31226,0.31982177
1477,1478,-0.020774,-0.0642923,0.303307,0.31074136,9.6197e-15,-2.42978e-15,1.45396e-14,1.760234e-14,-0.020774,-0.0642923,0.303307,0.31074136
1478,1479,-0.0184758,-0.0667581,0.302719,0.31054273,9.10104e-15,-2.39756e-15,1.76257e-14,1.9981055e-14,-0.0184758,-0.0667581,0.302719,0.31054273
1479,1480,-0.0226279,-0.0620455,0.294219,0.30154017,9.45446e-15,-1.45565e-15,1.28028e-14,1.5981784e-14,-0.0226279,-0.0620455,0.294219,0.30154017
1480,1481,-0.020299,-0.0645431,0.293756,0.30144727,9.41015e-15,-2.09103e-15,1.17187e-14,1.5174033e-14,-0.020299,-0.0645431,0.293756,0.30144727
1481,1482,-0.0221868,-0.0622945,0.28459,0.29217175,9.79796e-15,-1.39145e-15,1.3388e-14,1.6648565e-14,-0.0221868,-0.0622945,0.28459,0.29217175
1482,1483,-0.0197886,-0.0647396,0.284217,0.29216796,1.06527e-14,-1.52973e-15,1.31928e-14,1.702557e-14,-0.0197886,-0.0647396,0.284217,0.29216796
1483,1484,-0.0171335,-0.0670126,0.349992,0.35676134,1.32759e-14,-2.29355e-15,1.74037e-14,2.2009058e-14,-0.0171335,-0.0670126,0.349992,0.35676134
1484,1485,-0.0170454,-0.067637,0.340499,0.34756997,1.23564e-14,-9.16367e-16,1.79267e-14,2.17919e-14,-0.0170454,-0.067637,0.340499,0.34756997
1485,1486,-0.0144819,-0.0689192,0.34953,0.35655406,1.40044e-14,-1.44454e-15,1.8667e-14,2.3380906e-14,-0.0144819,-0.0689192,0.34953,0.35655406
1486,1487,-0.0143854,-0.0695944,0.340117,0.3474621,1.33796e-14,-2.26657e-16,1.79534e-14,2.2391733e-14,-0.0143854,-0.0695944,0.340117,0.3474621
1487,1488,-0.0168989,-0.0682386,0.330912,0.33829695,1.20574e-14,-4.61067e-15,1.64453e-14,2.0906628e-14,-0.0168989,-0.0682386,0.330912,0.33829695
1488,1489,-0.0142599,-0.0702725,0.330541,0.33822912,1.33608e-14,-3.27492e-15,1.74995e-14,2.2259125e-14,-0.0142599,-0.0702725,0.330541,0.33822912
1489,1490,-0.0166322,-0.0686445,0.321302,0.32897368,1.12367e-14,-2.84295e-15,1.68862e-14,2.0481445e-14,-0.0166322,-0.0686445,0.321302,0.32897368
1490,1491,-0.0139845,-0.0706848,0.320902,0.32889208,1.07879e-14,-1.5535e-15,1.65564e-14,1.982187e-14,-0.0139845,-0.0706848,0.320902,0.32889208
1491,1492,-0.0163797,-0.0688789,0.31184,0.31977612,1.16571e-14,-2.09564e-15,1.90527e-14,2.2434017e-14,-0.0163797,-0.0688789,0.31184,0.31977612
1492,1493,-0.0160035,-0.0690519,0.302357,0.3105544,9.28492e-15,-3.46925e-15,1.48843e-14,1.7882612e-14,-0.0160035,-0.0690519,0.302357,0.3105544
1493,1494,-0.0179886,-0.0670203,0.293279,0.30137664,9.19015e-15,-1.62348e-15,1.67616e-14,1.9184519e-14,-0.0179886,-0.0670203,0.293279,0.30137664
1494,1495,-0.0154893,-0.0692976,0.292918,0.30140176,9.9918e-15,-9.90491e-16,1.22297e-14,1.5823485e-14,-0.0154893,-0.0692976,0.292918,0.30140176
1495,1496,-0.0174208,-0.0672197,0.283796,0.29216802,1.0124e-14,-1.16669e-15,1.24779e-14,1.6110695e-14,-0.0174208,-0.0672197,0.283796,0.29216802
1496,1497,-0.0148374,-0.0694624,0.283437,0.2922015,1.08554e-14,-3.87862e-15,9.72943e-15,1.5084601e-14,-0.0148374,-0.0694624,0.283437,0.2922015
1497,1498,-0.0114601,-0.0717429,0.339924,0.34760135,1.32378e-14,-8.02584e-16,2.0893e-14,2.4746735e-14,-0.0114601,-0.0717429,0.339924,0.34760135
1498,1499,-0.0116322,-0.0710007,0.349342,0.35667384,1.43739e-14,-1.63142e-15,1.93375e-14,2.414973e-14,-0.0116322,-0.0710007,0.349342,0.35667384
1499,1500,-0.0113058,-0.0725659,0.330371,0.33843556,1.19717e-14,-3.52752e-15,1.71767e-14,2.1232146e-14,-0.0113058,-0.0725659,0.330371,0.33843556
1500,1501,-0.0111505,-0.072897,0.320639,0.32901016,1.16067e-14,-1.32368e-15,1.42576e-14,1.8432221e-14,-0.0111505,-0.072897,0.320639,0.32901016
1501,1502,-0.010809,-0.0731624,0.311225,0.31989148,1.15938e-14,-3.2767e-15,1.6243e-14,2.0223452e-14,-0.010809,-0.0731624,0.311225,0.31989148
1502,1503,-0.0136413,-0.070984,0.311533,0.31980875,1.19061e-14,-2.53852e-15,1.65731e-14,2.0563727e-14,-0.0136413,-0.070984,0.311533,0.31980875
1503,1504,-0.0103053,-0.0732944,0.301792,0.3107357,1.09871e-14,-3.61113e-15,1.36165e-14,1.7865209e-14,-0.0103053,-0.0732944,0.301792,0.3107357
1504,1505,-0.0131523,-0.0711257,0.302111,0.31064916,1.09718e-14,-3.6846e-15,1.44951e-14,1.8548978e-14,-0.0131523,-0.0711257,0.302111,0.31064916
1505,1506,-0.0126348,-0.071378,0.292611,0.3014559,1.08093e-14,-2.85144e-15,1.36734e-14,1.766164e-14,-0.0126348,-0.071378,0.292611,0.3014559
1506,1507,-0.00980488,-0.0734331,0.292253,0.3014969,9.94898e-15,-2.01562e-15,1.22028e-14,1.5873035e-14,-0.00980488,-0.0734331,0.292253,0.3014969
1507,1508,-0.0119615,-0.0715109,0.283082,0.2922196,1.19254e-14,-2.1968e-15,1.47263e-14,1.9076293e-14,-0.0119615,-0.0715109,0.283082,0.2922196
1508,1509,-0.00914572,-0.073402,0.28271,0.29222667,1.0535e-14,-2.22786e-15,1.33989e-14,1.7189536e-14,-0.00914572,-0.073402,0.28271,0.29222667
1509,1510,-0.00764153,-0.0726161,0.349274,0.35682464,1.5805e-14,-2.87946e-15,1.65512e-14,2.3065808e-14,-0.00764153,-0.0726161,0.349274,0.35682464
1510,1511,-0.00745339,-0.0735156,0.340029,0.34796524,1.40653e-14,-1.50849e-15,1.58588e-14,2.1251111e-14,-0.00745339,-0.0735156,0.340029,0.34796524
1511,1512,-0.00701444,-0.0745412,0.330345,0.3387232,1.02778e-14,-2.65174e-15,1.89463e-14,2.171698e-14,-0.00701444,-0.0745412,0.330345,0.3387232
1512,1513,-0.00753755,-0.074755,0.320318,0.3290118,1.26655e-14,-1.66037e-15,1.9516e-14,2.3324794e-14,-0.00753755,-0.074755,0.320318,0.3290118
1513,1514,-0.0048446,-0.0753672,0.326238,0.33486554,1.32587e-14,-2.56712e-15,2.0719e-14,2.4731766e-14,-0.0048446,-0.0753672,0.326238,0.33486554
1514,1515,-0.00451545,-0.0754634,0.319417,0.3282413,1.34636e-14,-1.89564e-15,1.75712e-14,2.2217315e-14,-0.00451545,-0.0754634,0.319417,0.3282413
1515,1516,-0.00721444,-0.0748872,0.310977,0.3199482,1.23747e-14,-2.91163e-15,1.73553e-14,2.1513187e-14,-0.00721444,-0.0748872,0.310977,0.3199482
1516,1517,-0.00654802,-0.0749862,0.301645,0.3108947,9.38926e-15,-1.98514e-15,1.52271e-14,1.7998988e-14,-0.00654802,-0.0749862,0.301645,0.3108947
1517,1518,-0.00613532,-0.0749097,0.292026,0.30154318,1.04002e-14,-1.93912e-15,1.69222e-14,1.9957084e-14,-0.00613532,-0.0749097,0.292026,0.30154318
1518,1519,-0.00568087,-0.0746872,0.28249,0.29225168,9.49225e-15,-1.88591e-15,1.48849e-14,1.7754427e-14,-0.00568087,-0.0746872,0.28249,0.29225168
1519,1520,-0.00190144,-0.0759708,0.319603,0.3285137,1.51437e-14,-1.99156e-15,1.31064e-14,2.0126492e-14,-0.00190144,-0.0759708,0.319603,0.3285137
1520,1521,-0.0025028,-0.0755967,0.327401,0.3360246,1.34562e-14,-4.20769e-16,1.57739e-14,2.0737943e-14,-0.0025028,-0.0755967,0.327401,0.3360246
1521,1522,-0.00318642,-0.0733852,0.349299,0.35693887,1.65213e-14,-5.98718e-16,1.86902e-14,2.4952662e-14,-0.00318642,-0.0733852,0.349299,0.35693887
1522,1523,-0.00313845,-0.0742201,0.340514,0.34852296,1.51902e-14,-1.36597e-15,1.70481e-14,2.2874565e-14,-0.00313845,-0.0742201,0.340514,0.34852296
1523,1524,-0.00329062,-0.0748623,0.333695,0.34200516,1.15607e-14,-4.01389e-16,1.81371e-14,2.151198e-14,-0.00329062,-0.0748623,0.333695,0.34200516
1524,1525,-0.00369445,-0.0757044,0.311026,0.32012808,1.12805e-14,-4.42261e-15,1.36307e-14,1.8237465e-14,-0.00369445,-0.0757044,0.311026,0.32012808
1525,1526,-0.0012587,-0.0762404,0.311739,0.32092893,1.16299e-14,-3.62182e-15,1.21254e-14,1.7187132e-14,-0.0012587,-0.0762404,0.311739,0.32092893
1526,1527,-0.00073207,-0.0763967,0.30634,0.31572327,1.03614e-14,-3.9937e-15,1.17438e-14,1.616246e-14,-0.00073207,-0.0763967,0.30634,0.31572327
1527,1528,-0.00206025,-0.0761233,0.302359,0.31180117,1.03183e-14,-2.04747e-15,1.55245e-14,1.8752854e-14,-0.00206025,-0.0761233,0.302359,0.31180117
1528,1529,-0.00180937,-0.0761003,0.291914,0.30167583,1.0419e-14,-2.90788e-15,1.69957e-14,2.0146096e-14,-0.00180937,-0.0761003,0.291914,0.30167583
1529,1530,-0.00152486,-0.0759428,0.282185,0.29222935,1.09985e-14,-1.14671e-15,1.58637e-14,1.9337501e-14,-0.00152486,-0.0759428,0.282185,0.29222935
1530,1531,-0.00038313,-0.074965,0.334013,0.34232232,1.30061e-14,-4.13815e-16,1.81221e-14,2.2310097e-14,-0.00038313,-0.074965,0.334013,0.34232232
1531,1532,0.000391897,-0.0754867,0.327929,0.33650532,1.18225e-14,-2.7202e-15,1.7028e-14,2.0907504e-14,0.000391897,-0.0754867,0.327929,0.33650532
1532,1533,0.000892589,-0.0757875,0.319767,0.32862663,1.33714e-14,-1.88956e-15,1.66119e-14,2.1408409e-14,0.000892589,-0.0757875,0.319767,0.32862663
1533,1534,0.00104306,-0.0761291,0.311804,0.3209649,1.36176e-14,-3.0445e-15,1.32357e-14,1.9232571e-14,0.00104306,-0.0761291,0.311804,0.3209649
1534,1535,0.000893351,-0.0762287,0.306486,0.31582478,1.04031e-14,-2.72847e-15,1.33076e-14,1.7110267e-14,0.000893351,-0.0762287,0.306486,0.31582478
1535,1536,0.00140626,-0.0730048,0.348852,0.35641184,1.61558e-14,-1.30059e-15,1.97166e-14,2.5523434e-14,0.00140626,-0.0730048,0.348852,0.35641184
1536,1537,0.0014601,-0.0740484,0.338492,0.34649983,1.54353e-14,-1.00338e-15,1.84972e-14,2.4112273e-14,0.0014601,-0.0740484,0.338492,0.34649983
1537,1538,0.00312461,-0.0748764,0.329028,0.3374547,1.26494e-14,-3.96882e-15,1.47738e-14,1.985004e-14,0.00312461,-0.0748764,0.329028,0.3374547
1538,1539,0.00368541,-0.0753326,0.319854,0.32862616,1.40084e-14,-3.11087e-15,1.39241e-14,1.9994833e-14,0.00368541,-0.0753326,0.319854,0.32862616
1539,1540,0.00360239,-0.0758622,0.31089,0.32003224,1.20975e-14,-2.95295e-15,1.43049e-14,1.8965747e-14,0.00360239,-0.0758622,0.31089,0.32003224
1540,1541,0.00246547,-0.0760943,0.302301,0.31174076,1.20545e-14,-2.95359e-15,1.272e-14,1.7771693e-14,0.00246547,-0.0760943,0.302301,0.31174076
1541,1542,0.00277517,-0.0762876,0.291738,0.30156022,1.12637e-14,-3.86805e-15,1.7537e-14,2.1198565e-14,0.00277517,-0.0762876,0.291738,0.30156022
1542,1543,0.00300836,-0.0761788,0.281993,0.29211694,1.12198e-14,-1.95171e-15,1.40271e-14,1.8068e-14,0.00300836,-0.0761788,0.281993,0.29211694
1543,1544,-0.028646,-0.0547036,0.276186,0.2830049,9.66119e-15,-3.7074e-17,1.67247e-14,1.9314645e-14,-0.028646,-0.0547036,0.276186,0.2830049
1544,1545,-0.0310959,-0.052239,0.276538,0.28314155,8.64731e-15,-6.53358e-16,1.43724e-14,1.6785969e-14,-0.0310959,-0.052239,0.276538,0.28314155
1545,1546,-0.0280678,-0.0548299,0.266697,0.27371773,6.76023e-15,-1.79656e-15,1.21577e-14,1.4026333e-14,-0.0280678,-0.0548299,0.266697,0.27371773
1546,1547,-0.0305656,-0.0524065,0.267025,0.27383032,9.81568e-15,1.42371e-15,1.21992e-14,1.5722436e-14,-0.0305656,-0.0524065,0.267025,0.27383032
1547,1548,-0.0274046,-0.05487,0.257297,0.2645061,7.16705e-15,-3.94713e-16,1.09966e-14,1.3131931e-14,-0.0274046,-0.05487,0.257297,0.2645061
1548,1549,-0.0299376,-0.0524882,0.257579,0.26457176,6.31251e-15,-7.167e-16,1.31658e-14,1.4618472e-14,-0.0299376,-0.0524882,0.257579,0.26457176
1549,1550,-0.0266867,-0.0548705,0.247871,0.25527042,6.82697e-15,-1.70566e-15,8.68339e-15,1.1176674e-14,-0.0266867,-0.0548705,0.247871,0.25527042
1550,1551,-0.0291676,-0.0524615,0.248152,0.2553084,8.86912e-15,9.16317e-16,1.10879e-14,1.4228227e-14,-0.0291676,-0.0524615,0.248152,0.2553084
1551,1552,-0.0283893,-0.0524005,0.238538,0.24587017,7.76095e-15,6.64832e-16,1.0354e-14,1.2956839e-14,-0.0283893,-0.0524005,0.238538,0.24587017
1552,1553,-0.0307798,-0.0499101,0.23883,0.24592312,8.29336e-15,2.89723e-17,1.07469e-14,1.3574848e-14,-0.0307798,-0.0499101,0.23883,0.24592312
1553,1554,-0.0275719,-0.0522715,0.22896,0.23646396,7.64561e-15,-2.82011e-16,8.26132e-15,1.1259853e-14,-0.0275719,-0.0522715,0.22896,0.23646396
1554,1555,-0.0299678,-0.0497572,0.229182,0.23642808,6.74914e-15,1.6823e-16,9.78584e-15,1.1888728e-14,-0.0299678,-0.0497572,0.229182,0.23642808
1555,1556,-0.0266735,-0.0520866,0.219576,0.2272402,5.74788e-15,-2.57128e-15,1.0133e-14,1.19301e-14,-0.0266735,-0.0520866,0.219576,0.2272402
1556,1557,-0.0290107,-0.0495403,0.219716,0.22709244,5.73621e-15,-2.4899e-15,8.99189e-15,1.0952525e-14,-0.0290107,-0.0495403,0.219716,0.22709244
1557,1558,-0.0257034,-0.0519246,0.210226,0.21806376,6.48307e-15,-1.16456e-15,8.3042e-15,1.0599346e-14,-0.0257034,-0.0519246,0.210226,0.21806376
1558,1559,-0.027986,-0.0493558,0.210376,0.2178928,5.80234e-15,-2.25323e-15,1.1418e-14,1.3004419e-14,-0.027986,-0.0493558,0.210376,0.2178928
1559,1560,-0.0239198,-0.059841,0.275431,0.28286982,8.23744e-15,-8.49474e-16,1.16224e-14,1.4270852e-14,-0.0239198,-0.059841,0.275431,0.28286982
1560,1561,-0.0262754,-0.0572591,0.275808,0.28291175,9.27322e-15,5.26375e-16,9.6307e-15,1.3379838e-14,-0.0262754,-0.0572591,0.275808,0.28291175
1561,1562,-0.0234106,-0.0600177,0.265897,0.27358985,8.12073e-15,-2.32169e-15,1.16369e-14,1.4378942e-14,-0.0234106,-0.0600177,0.265897,0.27358985
1562,1563,-0.0257435,-0.0574223,0.266294,0.27362847,7.59544e-15,-1.10276e-15,1.02604e-14,1.2813376e-14,-0.0257435,-0.0574223,0.266294,0.27362847
1563,1564,-0.0227709,-0.0600667,0.256452,0.264375,4.84418e-15,-2.76448e-15,1.11928e-14,1.2505487e-14,-0.0227709,-0.0600667,0.256452,0.264375
1564,1565,-0.0250965,-0.0574767,0.256862,0.26440784,6.75163e-15,-3.54644e-15,1.31842e-14,1.523105e-14,-0.0250965,-0.0574767,0.256862,0.26440784
1565,1566,-0.0219979,-0.059988,0.247019,0.25514868,5.86242e-15,-3.73161e-15,1.2658e-14,1.4440148e-14,-0.0219979,-0.059988,0.247019,0.25514868
1566,1567,-0.0244095,-0.057504,0.247385,0.25515068,6.23644e-15,-2.01141e-15,1.2883e-14,1.4453741e-14,-0.0244095,-0.057504,0.247385,0.25515068
1567,1568,-0.0259401,-0.0548528,0.238215,0.24582128,6.425e-15,-1.27199e-15,8.20525e-15,1.04987955e-14,-0.0259401,-0.0548528,0.238215,0.24582128
1568,1569,-0.0235946,-0.0574271,0.237772,0.24574398,5.35826e-15,-1.97707e-15,1.40407e-14,1.515787e-14,-0.0235946,-0.0574271,0.237772,0.24574398
1569,1570,-0.0251596,-0.0547937,0.228631,0.23644765,6.31582e-15,-1.02687e-15,9.63298e-15,1.1564529e-14,-0.0251596,-0.0547937,0.228631,0.23644765
1570,1571,-0.0226994,-0.0572842,0.228208,0.23638028,6.66733e-15,-2.14457e-15,9.65365e-15,1.1926669e-14,-0.0226994,-0.0572842,0.228208,0.23638028
1571,1572,-0.0243061,-0.054652,0.219238,0.2272508,5.43169e-15,-1.34328e-15,1.02112e-14,1.1643722e-14,-0.0243061,-0.054652,0.219238,0.2272508
1572,1573,-0.0218975,-0.0571827,0.218751,0.22715934,7.32776e-15,-2.95203e-15,9.28335e-15,1.2189796e-14,-0.0218975,-0.0571827,0.218751,0.22715934
1573,1574,-0.0233766,-0.0544473,0.209817,0.21802327,6.23592e-15,-1.30024e-15,1.10332e-14,1.2740048e-14,-0.0233766,-0.0544473,0.209817,0.21802327
1574,1575,-0.0210123,-0.0569232,0.209381,0.21799581,6.28819e-15,-2.55927e-15,8.87284e-15,1.117222e-14,-0.0210123,-0.0569232,0.209381,0.21799581
1575,1576,-0.019197,-0.0648634,0.274706,0.28291196,8.58138e-15,-2.14544e-15,1.76958e-14,1.9783437e-14,-0.019197,-0.0648634,0.274706,0.28291196
1576,1577,-0.0216386,-0.0624417,0.275043,0.28287074,8.61745e-15,-1.63863e-15,1.57275e-14,1.8008325e-14,-0.0216386,-0.0624417,0.275043,0.28287074
1577,1578,-0.0185521,-0.0649413,0.265246,0.27370968,7.38059e-15,-4.56176e-15,1.51637e-14,1.7470563e-14,-0.0185521,-0.0649413,0.265246,0.27370968
1578,1579,-0.0210771,-0.0625834,0.265532,0.2736205,7.19869e-15,-2.32353e-15,1.05856e-14,1.30105675e-14,-0.0210771,-0.0625834,0.265532,0.2736205
1579,1580,-0.0178538,-0.0649058,0.255868,0.26457503,5.17891e-15,-2.58829e-15,1.22822e-14,1.3578394e-14,-0.0178538,-0.0649058,0.255868,0.26457503
1580,1581,-0.0203604,-0.0625448,0.256133,0.26444376,5.28531e-15,-2.3337e-15,1.03157e-14,1.1823465e-14,-0.0203604,-0.0625448,0.256133,0.26444376
1581,1582,-0.0170337,-0.0647033,0.246387,0.25531006,6.37113e-15,-7.95123e-16,8.28288e-15,1.04799626e-14,-0.0170337,-0.0647033,0.246387,0.25531006
1582,1583,-0.0195914,-0.0624464,0.246658,0.25519314,6.05244e-15,-2.39583e-15,9.02393e-15,1.1126695e-14,-0.0195914,-0.0624464,0.246658,0.25519314
1583,1584,-0.0211205,-0.0598759,0.237369,0.24571374,6.66716e-15,-1.65681e-15,1.57112e-14,1.7147531e-14,-0.0211205,-0.0598759,0.237369,0.24571374
1584,1585,-0.0186292,-0.0622634,0.236962,0.24571279,6.38652e-15,-3.46894e-15,1.03284e-14,1.2629213e-14,-0.0186292,-0.0622634,0.236962,0.24571279
1585,1586,-0.020163,-0.0596912,0.227735,0.2362897,6.51668e-15,-3.56288e-15,9.69417e-15,1.22122136e-14,-0.020163,-0.0596912,0.227735,0.2362897
1586,1587,-0.0176543,-0.0620659,0.227195,0.2361809,5.51466e-15,-4.08151e-15,1.1101e-14,1.3049996e-14,-0.0176543,-0.0620659,0.227195,0.2361809
1587,1588,-0.019335,-0.0595262,0.218203,0.22700167,7.9307e-15,-3.59858e-15,1.2036e-14,1.4856348e-14,-0.019335,-0.0595262,0.218203,0.22700167
1588,1589,-0.01679,-0.0618567,0.217586,0.22682993,7.43131e-15,-3.80231e-15,1.34336e-14,1.5815926e-14,-0.01679,-0.0618567,0.217586,0.22682993
1589,1590,-0.0184529,-0.0592578,0.208782,0.21781166,6.56919e-15,-3.39977e-15,1.1541e-14,1.37079314e-14,-0.0184529,-0.0592578,0.208782,0.21781166
1590,1591,-0.0167657,-0.0673386,0.274306,0.28294763,8.11186e-15,-2.68428e-15,1.35972e-14,1.6059e-14,-0.0167657,-0.0673386,0.274306,0.28294763
1591,1592,-0.0140856,-0.0694945,0.273966,0.2829934,8.64503e-15,-2.82777e-15,9.19475e-15,1.2933532e-14,-0.0140856,-0.0694945,0.273966,0.2829934
1592,1593,-0.0160119,-0.0672945,0.264914,0.2737962,8.36135e-15,-2.75676e-15,1.05228e-14,1.3720103e-14,-0.0160119,-0.0672945,0.264914,0.2737962
1593,1594,-0.013327,-0.0693853,0.264609,0.27387926,8.86035e-15,-2.37619e-15,1.26302e-14,1.5610062e-14,-0.013327,-0.0693853,0.264609,0.27387926
1594,1595,-0.0152001,-0.0670754,0.255568,0.26466045,5.77858e-15,-2.5834e-15,1.13288e-14,1.2977197e-14,-0.0152001,-0.0670754,0.255568,0.26466045
1595,1596,-0.0124509,-0.069135,0.255245,0.26473513,6.89058e-15,-1.7814e-15,1.17079e-14,1.3701402e-14,-0.0124509,-0.069135,0.255245,0.26473513
1596,1597,-0.0143021,-0.0667681,0.246004,0.25530472,5.67187e-15,-2.62022e-15,1.33192e-14,1.471179e-14,-0.0143021,-0.0667681,0.246004,0.25530472
1597,1598,-0.016061,-0.0645919,0.236494,0.24568167,5.90428e-15,-2.98628e-15,1.12129e-14,1.3019505e-14,-0.016061,-0.0645919,0.236494,0.24568167
1598,1599,-0.0132743,-0.0665735,0.236115,0.24567974,4.75315e-15,-3.32965e-15,1.0576e-14,1.20636135e-14,-0.0132743,-0.0665735,0.236115,0.24567974
1599,1600,-0.0150951,-0.0643624,0.226683,0.23612617,6.25867e-15,-3.37012e-15,1.23685e-14,1.4265639e-14,-0.0150951,-0.0643624,0.226683,0.23612617
1600,1601,-0.0122923,-0.0663419,0.226302,0.23614602,6.50557e-15,-1.37826e-15,1.14414e-14,1.3233582e-14,-0.0122923,-0.0663419,0.226302,0.23614602
1601,1602,-0.0141667,-0.0640495,0.21714,0.22683214,7.61363e-15,-2.73917e-15,1.10419e-14,1.3689192e-14,-0.0141667,-0.0640495,0.21714,0.22683214
1602,1603,-0.0157673,-0.061556,0.208137,0.21762069,6.79725e-15,-2.18391e-15,1.04619e-14,1.2665837e-14,-0.0157673,-0.061556,0.208137,0.21762069
1603,1604,-0.0129791,-0.0635898,0.207714,0.21761715,6.7037e-15,-2.80222e-15,9.47974e-15,1.1943932e-14,-0.0129791,-0.0635898,0.207714,0.21761715
1604,1605,-0.01121,-0.0715058,0.273594,0.28300604,8.4391e-15,-1.98366e-15,1.56476e-14,1.7888563e-14,-0.01121,-0.0715058,0.273594,0.28300604
1605,1606,-0.0083094,-0.0732929,0.27322,0.2830019,7.51709e-15,-3.24786e-15,1.6459e-14,1.8383524e-14,-0.0083094,-0.0732929,0.27322,0.2830019
1606,1607,-0.010472,-0.0714059,0.264214,0.27389324,8.5065e-15,-2.35081e-15,1.25351e-14,1.5330217e-14,-0.010472,-0.0714059,0.264214,0.27389324
1607,1608,-0.0095961,-0.0711672,0.254793,0.2647193,6.90105e-15,-9.9382e-16,1.10466e-14,1.30629065e-14,-0.0095961,-0.0711672,0.254793,0.2647193
1608,1609,-0.0114205,-0.0688314,0.245549,0.25526947,7.36354e-15,-2.10034e-15,1.0091e-14,1.2667338e-14,-0.0114205,-0.0688314,0.245549,0.25526947
1609,1610,-0.00857151,-0.0708684,0.245057,0.2552425,7.93353e-15,-2.00722e-15,9.11079e-15,1.2246482e-14,-0.00857151,-0.0708684,0.245057,0.2552425
1610,1611,-0.0104114,-0.0685975,0.235674,0.24567507,5.68379e-15,-2.16941e-15,1.11034e-14,1.2660857e-14,-0.0104114,-0.0685975,0.235674,0.24567507
1611,1612,-0.00751505,-0.0706122,0.235152,0.24564004,6.8341e-15,-2.73767e-15,9.40233e-15,1.1941673e-14,-0.00751505,-0.0706122,0.235152,0.24564004
1612,1613,-0.00944328,-0.0683491,0.225922,0.23622346,7.29449e-15,-2.85891e-15,1.04964e-14,1.3097991e-14,-0.00944328,-0.0683491,0.225922,0.23622346
1613,1614,-0.0112728,-0.0660625,0.216799,0.22692099,6.89306e-15,-4.37878e-15,1.31642e-14,1.5491421e-14,-0.0112728,-0.0660625,0.216799,0.22692099
1614,1615,-0.00835369,-0.0679335,0.216521,0.22708167,8.15642e-15,-4.14022e-15,1.05388e-14,1.3954745e-14,-0.00835369,-0.0679335,0.216521,0.22708167
1615,1616,-0.0100988,-0.0656037,0.207352,0.21771698,7.04841e-15,-3.09332e-15,1.19945e-14,1.4251904e-14,-0.0100988,-0.0656037,0.207352,0.21771698
1616,1617,-0.00712333,-0.0674768,0.20713,0.21796031,7.3857e-15,-2.82555e-15,1.08745e-14,1.3445708e-14,-0.00712333,-0.0674768,0.20713,0.21796031
1617,1618,-0.00502299,-0.074438,0.273047,0.28305638,8.58126e-15,-2.56982e-15,1.40399e-14,1.6654152e-14,-0.00502299,-0.074438,0.273047,0.28305638
1618,1619,-0.00726719,-0.0730631,0.263942,0.27396426,9.24228e-15,-5.16874e-16,1.44412e-14,1.7153285e-14,-0.00726719,-0.0730631,0.263942,0.27396426
1619,1620,-0.00401997,-0.0741786,0.263823,0.27408248,8.01373e-15,-1.82969e-15,1.67337e-14,1.8643614e-14,-0.00401997,-0.0741786,0.263823,0.27408248
1620,1621,-0.00618319,-0.0727441,0.254621,0.26488072,8.57925e-15,-8.21294e-16,1.27719e-14,1.5407773e-14,-0.00618319,-0.0727441,0.254621,0.26488072
1621,1622,-0.00269371,-0.0739562,0.254725,0.26525763,8.4955e-15,-1.21432e-15,1.44191e-14,1.6779706e-14,-0.00269371,-0.0739562,0.254725,0.26525763
1622,1623,-0.00505602,-0.0724177,0.244909,0.2554414,9.02759e-15,-1.54556e-15,1.12632e-14,1.4517088e-14,-0.00505602,-0.0724177,0.244909,0.2554414
1623,1624,-0.00417065,-0.071943,0.234986,0.24578774,9.41511e-15,-1.10016e-15,1.08344e-14,1.4395794e-14,-0.00417065,-0.071943,0.234986,0.24578774
1624,1625,-0.00627334,-0.0701348,0.225606,0.23633939,7.85592e-15,-2.71886e-15,9.37895e-15,1.2532852e-14,-0.00627334,-0.0701348,0.225606,0.23633939
1625,1626,-0.00298356,-0.0713997,0.225479,0.23653245,8.05768e-15,-2.75392e-15,1.19565e-14,1.4678834e-14,-0.00298356,-0.0713997,0.225479,0.23653245
1626,1627,-0.00506774,-0.0695198,0.21645,0.22739677,8.05088e-15,-3.74247e-15,8.27284e-15,1.2135181e-14,-0.00506774,-0.0695198,0.21645,0.22739677
1627,1628,-0.00377428,-0.0689426,0.207392,0.21858357,8.02973e-15,-1.35541e-15,1.1629e-14,1.4196737e-14,-0.00377428,-0.0689426,0.207392,0.21858357
1628,1629,-0.00113002,-0.0756456,0.272716,0.2830151,9.76581e-15,-2.07007e-15,1.20089e-14,1.5616335e-14,-0.00113002,-0.0756456,0.272716,0.2830151
1629,1630,-0.000530783,-0.0753339,0.263548,0.27410403,7.05803e-15,-7.38813e-16,1.27401e-14,1.458327e-14,-0.000530783,-0.0753339,0.263548,0.27410403
1630,1631,0.000318966,-0.0749995,0.255264,0.266054,7.62334e-15,-1.26788e-15,1.26718e-14,1.4842418e-14,0.000318966,-0.0749995,0.255264,0.266054
1631,1632,0.00126733,-0.0747134,0.249348,0.2603039,6.5983e-15,-2.08823e-15,1.20205e-14,1.3870497e-14,0.00126733,-0.0747134,0.249348,0.2603039
1632,1633,-0.000615366,-0.0739523,0.245148,0.25606027,7.9492e-15,-3.04384e-15,1.42938e-14,1.6636328e-14,-0.000615366,-0.0739523,0.245148,0.25606027
1633,1634,-0.000222405,-0.0732819,0.234821,0.24599023,7.97049e-15,-1.81772e-15,1.20261e-14,1.4541662e-14,-0.000222405,-0.0732819,0.234821,0.24599023
1634,1635,0.000475269,-0.0726297,0.225463,0.23687309,7.99816e-15,-2.5242e-15,1.56052e-14,1.771622e-14,0.000475269,-0.0726297,0.225463,0.23687309
1635,1636,-0.00157333,-0.0709601,0.216622,0.22795373,7.97215e-15,-2.77901e-15,1.07198e-14,1.3645226e-14,-0.00157333,-0.0709601,0.216622,0.22795373
1636,1637,0.00139838,-0.0721629,0.217312,0.2289846,9.33683e-15,-2.03458e-15,1.02349e-14,1.4002467e-14,0.00139838,-0.0721629,0.217312,0.2289846
1637,1638,0.00228382,-0.0717731,0.211622,0.22347364,6.48418e-15,-2.67246e-15,9.82785e-15,1.207366e-14,0.00228382,-0.0717731,0.211622,0.22347364
1638,1639,0.000444653,-0.0706999,0.207593,0.21930236,8.43046e-15,-1.95283e-15,1.11932e-14,1.4148283e-14,0.000444653,-0.0706999,0.207593,0.21930236
1639,1640,0.00326593,-0.0761224,0.272432,0.282886,9.62991e-15,-2.82114e-15,1.05612e-14,1.4568218e-14,0.00326593,-0.0761224,0.272432,0.282886
1640,1641,0.00359836,-0.0757473,0.263264,0.27396813,8.72932e-15,-1.5847e-15,1.45395e-14,1.7032596e-14,0.00359836,-0.0757473,0.263264,0.27396813
1641,1642,0.00403148,-0.0753782,0.255097,0.26603124,7.71659e-15,-2.75122e-15,1.3932e-14,1.6162165e-14,0.00403148,-0.0753782,0.255097,0.26603124
1642,1643,0.0044526,-0.0749888,0.248721,0.25981778,7.86028e-15,-2.25027e-15,1.55396e-14,1.755924e-14,0.0044526,-0.0749888,0.248721,0.25981778
1643,1644,0.00417256,-0.0745435,0.242542,0.25377306,8.0606e-15,-2.64891e-15,1.03131e-14,1.33547755e-14,0.00417256,-0.0745435,0.242542,0.25377306
1644,1645,0.00428437,-0.0739458,0.234162,0.2455976,8.10221e-15,-1.46844e-15,1.19435e-14,1.450687e-14,0.00428437,-0.0739458,0.234162,0.2455976
1645,1646,0.00460287,-0.0733119,0.225295,0.23696764,6.87052e-15,-2.62599e-15,1.32705e-14,1.5172542e-14,0.00460287,-0.0733119,0.225295,0.23696764
1646,1647,0.00502195,-0.072736,0.217206,0.22911611,8.16343e-15,-3.21046e-15,1.52208e-14,1.7567623e-14,0.00502195,-0.072736,0.217206,0.22911611
1647,1648,0.00533332,-0.0721933,0.210759,0.22284451,7.90965e-15,-2.34956e-15,1.14851e-14,1.41418e-14,0.00533332,-0.0721933,0.210759,0.22284451
1648,1649,0.0050353,-0.0714685,0.204755,0.21692789,9.10943e-15,-2.57228e-15,4.27977e-15,1.03882035e-14,0.0050353,-0.0714685,0.204755,0.21692789
1649,1650,-0.0223248,-0.054151,0.199917,0.20832075,5.39525e-15,-2.14023e-17,8.89907e-15,1.0406854e-14,-0.0223248,-0.054151,0.199917,0.20832075
1650,1651,-0.0246488,-0.0516018,0.200303,0.20830652,5.75286e-15,1.74785e-17,7.16854e-15,9.1915e-15,-0.0246488,-0.0516018,0.200303,0.20830652
1651,1652,-0.0211728,-0.053728,0.190126,0.19870299,5.84952e-15,-6.07015e-16,6.93091e-15,9.089712e-15,-0.0211728,-0.053728,0.190126,0.19870299
1652,1653,-0.0235754,-0.0512461,0.190494,0.1986704,5.57027e-15,5.44624e-16,4.72598e-15,7.325259e-15,-0.0235754,-0.0512461,0.190494,0.1986704
1653,1654,-0.0269177,-0.0489976,0.200628,0.20827127,4.64237e-15,-8.609e-16,1.17652e-14,1.2677251e-14,-0.0269177,-0.0489976,0.200628,0.20827127
1654,1655,-0.0199162,-0.0566029,0.199531,0.20835826,5.67264e-15,7.09859e-17,8.27817e-15,1.0035536e-14,-0.0199162,-0.0566029,0.199531,0.20835826
1655,1656,-0.0173191,-0.0588845,0.199116,0.2083615,7.06956e-15,8.36364e-16,8.27815e-15,1.0918148e-14,-0.0173191,-0.0588845,0.199116,0.2083615
1656,1657,-0.0186808,-0.0560782,0.189904,0.19889009,6.1147e-15,9.25334e-17,8.67837e-15,1.0616601e-14,-0.0186808,-0.0560782,0.189904,0.19889009
1657,1658,-0.0161516,-0.0583906,0.189551,0.19899727,4.42301e-15,-1.54291e-16,4.76082e-15,6.5001715e-15,-0.0161516,-0.0583906,0.189551,0.19899727
1658,1659,-0.0174465,-0.055588,0.180602,0.18976693,5.32893e-15,-2.88021e-16,9.11202e-15,1.0559799e-14,-0.0174465,-0.055588,0.180602,0.18976693
1659,1660,-0.01997,-0.0532392,0.180879,0.18960598,5.51909e-15,-8.19363e-17,5.83389e-15,8.0312725e-15,-0.01997,-0.0532392,0.180879,0.18960598
1660,1661,-0.0188713,-0.0528648,0.171479,0.18043242,5.1332e-15,-3.68695e-16,6.05509e-15,7.946684e-15,-0.0188713,-0.0528648,0.171479,0.18043242
1661,1662,-0.0162873,-0.0551681,0.171209,0.18061373,4.71183e-15,-9.70458e-16,8.09318e-15,9.4150245e-15,-0.0162873,-0.0551681,0.171209,0.18061373
1662,1663,-0.0225012,-0.0508735,0.181156,0.18950438,5.49994e-15,4.58374e-17,5.67782e-15,7.905004e-15,-0.0225012,-0.0508735,0.181156,0.18950438
1663,1664,-0.017707,-0.0524168,0.161969,0.17115787,4.53517e-15,-6.84527e-16,4.25855e-15,6.2587214e-15,-0.017707,-0.0524168,0.161969,0.17115787
1664,1665,-0.0151002,-0.0546753,0.161669,0.17133088,2.92617e-15,-5.69914e-16,7.43837e-15,8.013527e-15,-0.0151002,-0.0546753,0.161669,0.17133088
1665,1666,-0.0214568,-0.0505564,0.1717,0.1802699,4.34832e-15,-1.6476e-15,3.89947e-15,6.0686353e-15,-0.0214568,-0.0505564,0.1717,0.1802699
1666,1667,-0.0145783,-0.0610482,0.198654,0.20833343,6.62609e-15,3.05781e-16,7.502e-15,1.0013919e-14,-0.0145783,-0.0610482,0.198654,0.20833343
1667,1668,-0.0117347,-0.0630275,0.198311,0.20841646,6.20106e-15,-4.73736e-16,9.36841e-15,1.1244762e-14,-0.0117347,-0.0630275,0.198311,0.20841646
1668,1669,-0.0133884,-0.0604627,0.189289,0.19916153,4.44436e-15,3.51126e-16,8.99558e-15,1.0039726e-14,-0.0133884,-0.0604627,0.189289,0.19916153
1669,1670,-0.0148945,-0.0579401,0.180171,0.18984333,4.39392e-15,-5.94008e-16,5.36313e-15,6.958631e-15,-0.0148945,-0.0579401,0.180171,0.18984333
1670,1671,-0.0120977,-0.0599433,0.179915,0.19002357,4.80634e-15,-7.32825e-16,6.68914e-15,8.269373e-15,-0.0120977,-0.0599433,0.179915,0.19002357
1671,1672,-0.0136557,-0.0574083,0.170779,0.18068664,5.13109e-15,-1.77423e-15,8.47914e-15,1.0068356e-14,-0.0136557,-0.0574083,0.170779,0.18068664
1672,1673,-0.0108064,-0.0593699,0.170557,0.18091781,5.25588e-15,-1.40917e-15,7.37406e-15,9.164431e-15,-0.0108064,-0.0593699,0.170557,0.18091781
1673,1674,-0.0122663,-0.0566676,0.161435,0.17153116,4.34798e-15,-1.38017e-15,7.2134e-15,8.534808e-15,-0.0122663,-0.0566676,0.161435,0.17153116
1674,1675,-0.0135682,-0.053906,0.152178,0.16201265,3.19687e-15,-7.61615e-16,9.81103e-15,1.0346804e-14,-0.0135682,-0.053906,0.152178,0.16201265
1675,1676,-0.010597,-0.0559568,0.151977,0.16229747,4.74911e-15,-7.94242e-16,1.02827e-14,1.135424e-14,-0.010597,-0.0559568,0.151977,0.16229747
1676,1677,-0.0163991,-0.0518845,0.152389,0.16181268,3.59415e-15,4.24471e-16,8.73919e-15,9.458939e-15,-0.0163991,-0.0518845,0.152389,0.16181268
1677,1678,-0.0150109,-0.0511128,0.143103,0.15269682,3.0186e-15,-9.24278e-16,7.67396e-15,8.2979456e-15,-0.0150109,-0.0511128,0.143103,0.15269682
1678,1679,-0.0122011,-0.0531376,0.142831,0.15288284,2.48816e-15,-6.45368e-16,6.47151e-15,6.963324e-15,-0.0122011,-0.0531376,0.142831,0.15288284
1679,1680,-0.00887839,-0.0650598,0.198073,0.20867322,5.03029e-15,-1.41222e-15,1.15206e-14,1.2649996e-14,-0.00887839,-0.0650598,0.198073,0.20867322
1680,1681,-0.0104528,-0.0625076,0.189005,0.19934732,5.52842e-15,-1.99175e-15,9.18411e-15,1.0903135e-14,-0.0104528,-0.0625076,0.189005,0.19934732
1681,1682,-0.00744962,-0.0645934,0.188755,0.19964032,6.04347e-15,-2.20447e-15,7.68453e-15,1.0021737e-14,-0.00744962,-0.0645934,0.188755,0.19964032
1682,1683,-0.00919097,-0.0619496,0.179573,0.19018067,5.18878e-15,1.18593e-16,6.39269e-15,8.234317e-15,-0.00919097,-0.0619496,0.179573,0.19018067
1683,1684,-0.0061596,-0.0639059,0.179186,0.19034056,2.96923e-15,-1.7724e-15,1.01896e-14,1.07603745e-14,-0.0061596,-0.0639059,0.179186,0.19034056
1684,1685,-0.00792051,-0.0612691,0.170371,0.18122613,5.17958e-15,-8.03286e-16,5.02187e-15,7.25896e-15,-0.00792051,-0.0612691,0.170371,0.18122613
1685,1686,-0.00670657,-0.0605675,0.162038,0.17311762,4.30216e-15,-1.23136e-15,9.89561e-15,1.0860383e-14,-0.00670657,-0.0605675,0.162038,0.17311762
1686,1687,-0.00931087,-0.0587325,0.161433,0.17203724,4.19865e-15,-8.92642e-16,8.12113e-15,9.185762e-15,-0.00931087,-0.0587325,0.161433,0.17203724
1687,1688,-0.00577002,-0.060027,0.155936,0.16719022,6.23014e-15,-6.73605e-16,6.09521e-15,8.741852e-15,-0.00577002,-0.060027,0.155936,0.16719022
1688,1689,-0.00714825,-0.0583715,0.151929,0.16291332,5.1595e-15,-9.12766e-16,9.03671e-15,1.0445847e-14,-0.00714825,-0.0583715,0.151929,0.16291332
1689,1690,-0.00604337,-0.0571597,0.142218,0.15339397,4.97244e-15,-1.84344e-15,6.47057e-15,8.366105e-15,-0.00604337,-0.0571597,0.142218,0.15339397
1690,1691,-0.00917491,-0.0551397,0.142618,0.15318114,3.48101e-15,-1.71012e-15,1.05174e-14,1.1209712e-14,-0.00917491,-0.0551397,0.142618,0.15318114
1691,1692,-0.007719,-0.0543318,0.13345,0.14429286,4.15274e-15,-3.86611e-15,9.18013e-15,1.07919816e-14,-0.007719,-0.0543318,0.13345,0.14429286
1692,1693,-0.00450744,-0.0561661,0.133362,0.14477697,5.54741e-15,-3.48811e-15,1.00546e-14,1.2001485e-14,-0.00450744,-0.0561661,0.133362,0.14477697
1693,1694,-0.0107805,-0.0524533,0.133613,0.14394444,2.85796e-15,-2.11464e-15,7.35373e-15,8.168046e-15,-0.0107805,-0.0524533,0.133613,0.14394444
1694,1695,-0.00275078,-0.068267,0.19909,0.21048701,6.46358e-15,-3.15131e-15,1.24647e-14,1.4390183e-14,-0.00275078,-0.068267,0.19909,0.21048701
1695,1696,-0.00567434,-0.0669298,0.1982,0.20927264,6.41576e-15,-2.05813e-15,1.15021e-14,1.3330273e-14,-0.00567434,-0.0669298,0.1982,0.20927264
1696,1697,-0.00187067,-0.0678075,0.193087,0.20465568,5.59935e-15,-2.39501e-15,1.4271e-14,1.5516129e-14,-0.00187067,-0.0678075,0.193087,0.20465568
1697,1698,-0.00353295,-0.0665335,0.188934,0.20033783,6.40205e-15,-3.17266e-15,1.1201e-14,1.3285873e-14,-0.00353295,-0.0665335,0.188934,0.20033783
1698,1699,-0.00264219,-0.0653924,0.178994,0.1905833,4.55642e-15,-3.16615e-15,1.33833e-14,1.4487863e-14,-0.00264219,-0.0653924,0.178994,0.1905833
1699,1700,-0.00467056,-0.0629785,0.170076,0.18142202,3.54564e-15,-8.02427e-16,9.24335e-15,9.932521e-15,-0.00467056,-0.0629785,0.170076,0.18142202
1700,1701,-0.00115885,-0.0644528,0.169844,0.18166588,4.72148e-15,-1.06994e-15,1.07819e-14,1.1818905e-14,-0.00115885,-0.0644528,0.169844,0.18166588
1701,1702,-0.0033736,-0.0620749,0.16156,0.17310779,4.48957e-15,-1.52056e-15,1.02416e-14,1.1285332e-14,-0.0033736,-0.0620749,0.16156,0.17310779
1702,1703,-0.00286856,-0.0610854,0.154339,0.1660126,4.74348e-15,-2.3165e-16,8.29705e-15,9.560089e-15,-0.00286856,-0.0610854,0.154339,0.1660126
1703,1704,-0.00297237,-0.0599083,0.148222,0.15989871,5.60732e-15,-1.6654e-15,7.64968e-15,9.6298075e-15,-0.00297237,-0.0599083,0.148222,0.15989871
1704,1705,-0.00237795,-0.0586256,0.141045,0.15276226,6.39401e-15,-1.21267e-15,6.06223e-15,8.894075e-15,-0.00237795,-0.0586256,0.141045,0.15276226
1705,1706,-0.00144551,-0.0575429,0.133755,0.14561482,6.27601e-15,-4.33634e-15,6.62907e-15,1.0106271e-14,-0.00144551,-0.0575429,0.133755,0.14561482
1706,1707,0.000809929,-0.0696466,0.198488,0.21035396,8.39625e-15,-2.28453e-15,1.16907e-14,1.4573556e-14,0.000809929,-0.0696466,0.198488,0.21035396
1707,1708,0.00108674,-0.0687624,0.191411,0.20339032,5.19938e-15,-3.1769e-15,9.64457e-15,1.1408067e-14,0.00108674,-0.0687624,0.191411,0.20339032
1708,1709,0.000836384,-0.0677915,0.185442,0.19744651,6.12326e-15,-3.55089e-15,1.13585e-14,1.3383522e-14,0.000836384,-0.0677915,0.185442,0.19744651
1709,1710,0.00121044,-0.0667683,0.177916,0.19003572,4.13317e-15,-2.89704e-15,1.45442e-14,1.5395119e-14,0.00121044,-0.0667683,0.177916,0.19003572
1710,1711,0.0020351,-0.0657937,0.17015,0.18243897,4.66125e-15,-2.04105e-15,1.13678e-14,1.2454718e-14,0.0020351,-0.0657937,0.17015,0.18243897
1711,1712,0.00300148,-0.0651094,0.164319,0.17677379,4.77125e-15,-2.43175e-15,1.00528e-14,1.1390216e-14,0.00300148,-0.0651094,0.164319,0.17677379
1712,1713,0.00107022,-0.063822,0.160775,0.17298265,5.89358e-15,-2.89726e-15,9.38886e-15,1.1457709e-14,0.00107022,-0.063822,0.160775,0.17298265
1713,1714,0.00134993,-0.0623176,0.152486,0.16473398,4.70748e-15,-1.30574e-15,9.40302e-15,1.0596325e-14,0.00134993,-0.0623176,0.152486,0.16473398
1714,1715,0.00151155,-0.061112,0.145717,0.15802027,5.02863e-15,-1.21566e-15,8.47107e-15,9.925924e-15,0.00151155,-0.061112,0.145717,0.15802027
1715,1716,0.00184768,-0.0599867,0.13932,0.15169667,4.60572e-15,-2.90745e-15,8.04153e-15,9.712473e-15,0.00184768,-0.0599867,0.13932,0.15169667
1716,1717,0.00228078,-0.0588757,0.132563,0.14506721,4.28668e-15,-3.09996e-15,8.40024e-15,9.927206e-15,0.00228078,-0.0588757,0.132563,0.14506721
1717,1718,0.00512253,-0.0705071,0.197085,0.20938,8.14363e-15,-2.79571e-15,8.02743e-15,1.1771761e-14,0.00512253,-0.0705071,0.197085,0.20938
1718,1719,0.00525179,-0.0694366,0.18991,0.20227414,6.96089e-15,-5.11581e-15,8.8643e-15,1.2377452e-14,0.00525179,-0.0694366,0.18991,0.20227414
1719,1720,0.00530182,-0.0685275,0.183723,0.19615878,6.80985e-15,-4.33524e-15,9.18898e-15,1.2231342e-14,0.00530182,-0.0685275,0.183723,0.19615878
1720,1721,0.00553471,-0.067603,0.176999,0.18955065,5.0854e-15,-3.97802e-15,9.91823e-15,1.1834577e-14,0.00553471,-0.067603,0.176999,0.18955065
1721,1722,0.0059381,-0.0665639,0.169595,0.1822868,5.48383e-15,-4.03334e-15,1.10651e-14,1.2991407e-14,0.0059381,-0.0665639,0.169595,0.1822868
1722,1723,0.00628861,-0.0655806,0.163114,0.17591628,5.52395e-15,-3.55784e-15,1.04245e-14,1.2322437e-14,0.00628861,-0.0655806,0.163114,0.17591628
1723,1724,0.00600067,-0.0644776,0.157473,0.17026778,4.4513e-15,-4.27528e-15,1.0818e-14,1.24547665e-14,0.00600067,-0.0644776,0.157473,0.17026778
1724,1725,0.00610063,-0.0631706,0.150479,0.16331464,6.88339e-15,-2.43267e-15,1.03311e-14,1.2650319e-14,0.00610063,-0.0631706,0.150479,0.16331464
1725,1726,0.00627014,-0.0619689,0.14371,0.15662701,6.03302e-15,-1.28971e-15,8.73093e-15,1.06906425e-14,0.00627014,-0.0619689,0.14371,0.15662701
1726,1727,0.00647526,-0.0609087,0.137744,0.15074882,5.67568e-15,-1.55225e-15,4.56401e-15,7.446678e-15,0.00647526,-0.0609087,0.137744,0.15074882
1727,1728,0.00669865,-0.0597598,0.131331,0.14444354,4.95838e-15,-2.92817e-15,7.0635e-15,9.1133274e-15,0.00669865,-0.0597598,0.131331,0.14444354
1728,1729,-0.00926849,-0.0516014,0.124399,0.13499525,2.24954e-15,-2.2085e-15,8.48141e-15,9.048327e-15,-0.00926849,-0.0516014,0.124399,0.13499525
1729,1730,-0.0060635,-0.0534907,0.124131,0.13530162,3.08834e-15,-2.79474e-15,8.30996e-15,9.2953675e-15,-0.0060635,-0.0534907,0.124131,0.13530162
1730,1731,-0.000430474,-0.056751,0.128085,0.14009507,5.12327e-15,-3.41105e-15,7.84537e-15,9.971609e-15,-0.000430474,-0.056751,0.128085,0.14009507
1731,1732,-0.002082,-0.0553111,0.12429,0.13605754,5.30373e-15,-1.33492e-15,6.71335e-15,8.659136e-15,-0.002082,-0.0553111,0.12429,0.13605754
1732,1733,-0.00119153,-0.0540113,0.11526,0.127293,3.4213e-15,-1.35694e-15,6.42647e-15,7.405815e-15,-0.00119153,-0.0540113,0.11526,0.127293
1733,1734,0.00266571,-0.0576684,0.126285,0.13885479,5.34784e-15,-3.30719e-15,5.56366e-15,8.395905e-15,0.00266571,-0.0576684,0.126285,0.13885479
1734,1735,0.00245633,-0.0563754,0.120752,0.1332864,5.11513e-15,-1.08588e-15,5.34428e-15,7.476966e-15,0.00245633,-0.0563754,0.120752,0.1332864
1735,1736,0.002696,-0.055134,0.113806,0.1264865,4.40287e-15,-1.05181e-15,4.25003e-15,6.2092127e-15,0.002696,-0.055134,0.113806,0.1264865
1736,1737,-0.000208075,-0.0532104,0.109034,0.1213252,3.6948e-15,-1.93625e-15,4.228e-15,5.9394103e-15,-0.000208075,-0.0532104,0.109034,0.1213252
1737,1738,0.00297634,-0.0540036,0.107254,0.12011939,2.05301e-15,-4.64528e-16,8.50441e-15,8.761029e-15,0.00297634,-0.0540036,0.107254,0.12011939
1738,1739,0.00690319,-0.0584532,0.124703,0.13789585,4.29821e-15,-3.25166e-15,5.51636e-15,7.712206e-15,0.00690319,-0.0584532,0.124703,0.13789585
1739,1740,0.00696856,-0.0572244,0.118861,0.13210273,4.80579e-15,-1.86853e-15,4.31499e-15,6.7235527e-15,0.00696856,-0.0572244,0.118861,0.13210273
1740,1741,0.00708633,-0.0560121,0.112427,0.125807,4.09846e-15,-2.08115e-15,4.77092e-15,6.6249704e-15,0.00708633,-0.0560121,0.112427,0.125807
1741,1742,0.00722164,-0.0546747,0.105815,0.119324304,3.26193e-15,-2.97369e-15,6.71001e-15,8.031641e-15,0.00722164,-0.0546747,0.105815,0.119324304
1742,1743,-0.0333025,-0.031778,0.470187,0.47243488,1.077e-14,-4.47833e-15,3.0586e-14,3.2734564e-14,-0.0333025,-0.031778,0.470187,0.47243488
1743,1744,-0.0312723,-0.0288335,0.471774,0.4736877,1.20748e-14,-3.29319e-15,2.86533e-14,3.1267513e-14,-0.0312723,-0.0288335,0.471774,0.4736877
1744,1745,-0.0332705,-0.0270519,0.471752,0.47369683,9.66276e-15,-3.34404e-15,3.02025e-14,3.1886403e-14,-0.0332705,-0.0270519,0.471752,0.47369683
1745,1746,-0.0336235,-0.0222253,0.472205,0.473922,9.65679e-15,-2.12978e-15,2.5548e-14,2.739507e-14,-0.0336235,-0.0222253,0.472205,0.473922
1746,1747,-0.0334334,-0.0187212,0.472836,0.47438607,1.16285e-14,-1.81188e-15,2.40765e-14,2.6798933e-14,-0.0334334,-0.0187212,0.472836,0.47438607
1747,1748,-0.0368507,-0.0122632,0.475183,0.4767675,1.30009e-14,5.12954e-16,2.35763e-14,2.6928209e-14,-0.0368507,-0.0122632,0.475183,0.4767675
1748,1749,-0.0335177,-0.0154095,0.473811,0.47524494,1.20732e-14,-6.77172e-16,2.64679e-14,2.909932e-14,-0.0335177,-0.0154095,0.473811,0.47524494
1749,1750,-0.0335875,-0.0121155,0.474524,0.47586542,1.22013e-14,1.19904e-15,2.36939e-14,2.66779e-14,-0.0335875,-0.0121155,0.474524,0.47586542
1750,1751,-0.0338233,-0.00650643,0.473675,0.47492567,9.59894e-15,2.26516e-15,2.68804e-14,2.8632614e-14,-0.0338233,-0.00650643,0.473675,0.47492567
1751,1752,-0.03364,-0.00220687,0.46448,0.46570185,1.06301e-14,-6.99102e-17,2.55586e-14,2.7681147e-14,-0.03364,-0.00220687,0.46448,0.46570185
1752,1753,-0.0334825,0.000194338,0.452491,0.45372814,1.45327e-14,2.43155e-15,2.13147e-14,2.5911932e-14,-0.0334825,0.000194338,0.452491,0.45372814
1753,1754,-0.0292603,-0.0341579,0.471755,0.47389418,1.21475e-14,-2.88524e-15,2.81294e-14,3.0775794e-14,-0.0292603,-0.0341579,0.471755,0.47389418
1754,1755,-0.031441,-0.0304385,0.47212,0.47414377,9.65909e-15,-4.32525e-15,3.3419e-14,3.505475e-14,-0.031441,-0.0304385,0.47212,0.47414377
1755,1756,-0.0285805,-0.0316427,0.471861,0.4737836,1.10891e-14,-1.83142e-15,2.93479e-14,3.1426444e-14,-0.0285805,-0.0316427,0.471861,0.4737836
1756,1757,-0.0285199,-0.029329,0.471373,0.4731449,1.16794e-14,-1.66201e-15,2.94538e-14,3.172849e-14,-0.0285199,-0.029329,0.471373,0.4731449
1757,1758,-0.0289752,-0.0263064,0.470931,0.47255433,1.16867e-14,-1.70622e-15,2.4955e-14,2.7608734e-14,-0.0289752,-0.0263064,0.470931,0.47255433
1758,1759,-0.0293534,-0.0180401,0.471368,0.47262552,1.22247e-14,-9.50301e-16,2.4989e-14,2.7835166e-14,-0.0293534,-0.0180401,0.471368,0.47262552
1759,1760,-0.0296323,-0.0142999,0.47288,0.47402325,1.3061e-14,4.62685e-17,2.56527e-14,2.878633e-14,-0.0296323,-0.0142999,0.47288,0.47402325
1760,1761,-0.0292226,-0.0220361,0.471106,0.47252557,1.16244e-14,-1.48045e-15,2.77268e-14,3.0101393e-14,-0.0292226,-0.0220361,0.471106,0.47252557
1761,1762,-0.0335495,-0.00930986,0.474712,0.4759871,1.11265e-14,1.44492e-16,2.26989e-14,2.5279636e-14,-0.0335495,-0.00930986,0.474712,0.4759871
1762,1763,-0.0300998,-0.0115757,0.474168,0.4752634,1.29023e-14,1.00701e-15,2.8369e-14,3.118146e-14,-0.0300998,-0.0115757,0.474168,0.4752634
1763,1764,-0.0300788,-0.00919218,0.474591,0.47563204,1.25505e-14,-7.4278e-17,2.4985e-14,2.7960165e-14,-0.0300788,-0.00919218,0.474591,0.47563204
1764,1765,-0.0335549,-0.00400402,0.469636,0.47085023,1.1426e-14,5.67507e-16,2.28011e-14,2.5510112e-14,-0.0335549,-0.00400402,0.469636,0.47085023
1765,1766,-0.0295533,-0.00661135,0.47348,0.47444746,1.25289e-14,1.8066e-15,2.39874e-14,2.7122547e-14,-0.0295533,-0.00661135,0.47348,0.47444746
1766,1767,-0.0291861,-0.00235661,0.463827,0.46475035,1.44082e-14,3.1933e-15,2.35727e-14,2.781125e-14,-0.0291861,-0.00235661,0.463827,0.46475035
1767,1768,-0.0332684,-0.000949954,0.458677,0.4598829,1.56148e-14,1.65805e-15,2.19402e-14,2.6980427e-14,-0.0332684,-0.000949954,0.458677,0.4598829
1768,1769,-0.0290486,0.000113506,0.451679,0.45261213,1.72624e-14,2.82765e-15,2.33893e-14,2.920694e-14,-0.0290486,0.000113506,0.451679,0.45261213
1769,1770,-0.0333875,0.00133086,0.445417,0.44666857,1.32053e-14,4.2685e-15,2.03066e-14,2.4595895e-14,-0.0333875,0.00133086,0.445417,0.44666857
1770,1771,-0.0243761,-0.0302081,0.470505,0.47210345,1.31689e-14,-2.08022e-15,2.68426e-14,2.9971194e-14,-0.0243761,-0.0302081,0.470505,0.47210345
1771,1772,-0.0244796,-0.026417,0.47016,0.4715374,1.27704e-14,-1.05945e-15,2.39976e-14,2.7204603e-14,-0.0244796,-0.026417,0.47016,0.4715374
1772,1773,-0.0245867,-0.0219518,0.470587,0.47173986,1.19872e-14,-8.71476e-16,2.43506e-14,2.7155187e-14,-0.0245867,-0.0219518,0.470587,0.47173986
1773,1774,-0.0275855,-0.0110217,0.473811,0.4747413,1.20577e-14,1.7559e-15,2.59145e-14,2.8636212e-14,-0.0275855,-0.0110217,0.473811,0.4747413
1774,1775,-0.0254771,-0.0126701,0.472234,0.47309044,1.23202e-14,-9.86813e-16,2.32559e-14,2.6336248e-14,-0.0254771,-0.0126701,0.472234,0.47309044
1775,1776,-0.0248144,-0.0174503,0.470862,0.4718382,1.18425e-14,3.32879e-16,2.16263e-14,2.465872e-14,-0.0248144,-0.0174503,0.470862,0.4718382
1776,1777,-0.0275127,-0.00931475,0.474216,0.47510478,1.08251e-14,2.3166e-15,2.78265e-14,2.994768e-14,-0.0275127,-0.00931475,0.474216,0.47510478
1777,1778,-0.0251388,-0.00483499,0.468148,0.4688474,1.35458e-14,2.66241e-15,2.67431e-14,3.0096023e-14,-0.0251388,-0.00483499,0.468148,0.4688474
1778,1779,-0.0293185,-0.0041402,0.469208,0.47014132,1.15202e-14,2.53826e-15,2.46175e-14,2.7297968e-14,-0.0293185,-0.0041402,0.469208,0.47014132
1779,1780,-0.0290182,-0.00104318,0.458007,0.45892653,1.54441e-14,1.69556e-15,2.39427e-14,2.854204e-14,-0.0290182,-0.00104318,0.458007,0.45892653
1780,1781,-0.0249092,-0.00330052,0.462301,0.46298334,1.41988e-14,2.2729e-15,2.60789e-14,2.9780547e-14,-0.0249092,-0.00330052,0.462301,0.46298334
1781,1782,-0.0246095,-0.00184269,0.456096,0.45676315,1.34652e-14,2.93021e-15,2.25689e-14,2.6443391e-14,-0.0246095,-0.00184269,0.456096,0.45676315
1782,1783,-0.029019,0.00132144,0.444755,0.44570264,1.49332e-14,2.30682e-15,2.17593e-14,2.6491301e-14,-0.029019,0.00132144,0.444755,0.44570264
1783,1784,-0.024989,-0.000800064,0.449737,0.45043144,1.90836e-14,2.62072e-15,2.31451e-14,3.011225e-14,-0.024989,-0.000800064,0.449737,0.45043144
1784,1785,-0.019729,-0.0308701,0.469469,0.47089633,1.23588e-14,-4.94884e-15,2.77728e-14,3.079869e-14,-0.019729,-0.0308701,0.469469,0.47089633
1785,1786,-0.0197415,-0.0266668,0.469568,0.47073874,1.1297e-14,-2.87269e-15,2.5476e-14,2.8016086e-14,-0.0197415,-0.0266668,0.469568,0.47073874
1786,1787,-0.019794,-0.0220373,0.470399,0.47133073,1.16271e-14,-2.22123e-15,2.25071e-14,2.5430157e-14,-0.019794,-0.0220373,0.470399,0.47133073
1787,1788,-0.0198599,-0.0173492,0.471239,0.47197628,1.18761e-14,-1.09907e-15,2.29413e-14,2.585639e-14,-0.0198599,-0.0173492,0.471239,0.47197628
1788,1789,-0.0199215,-0.0127897,0.470774,0.47136888,1.22848e-14,-5.73535e-16,2.06659e-14,2.4048382e-14,-0.0199215,-0.0127897,0.470774,0.47136888
1789,1790,-0.0251506,-0.00775453,0.473121,0.47385246,1.36072e-14,-4.4828e-16,2.60835e-14,2.9422882e-14,-0.0251506,-0.00775453,0.473121,0.47385246
1790,1791,-0.0220843,-0.00614775,0.465202,0.46576646,1.30205e-14,8.58154e-17,2.5946e-14,2.902991e-14,-0.0220843,-0.00614775,0.465202,0.46576646
1791,1792,-0.0183304,-0.00748518,0.45937,0.4597965,1.30953e-14,-1.25791e-16,2.61376e-14,2.9234858e-14,-0.0183304,-0.00748518,0.45937,0.4597965
1792,1793,-0.0200465,-0.00884636,0.466697,0.4672111,1.45784e-14,-9.7734e-16,2.74974e-14,3.113827e-14,-0.0200465,-0.00884636,0.466697,0.4672111
1793,1794,-0.0213707,-0.00520568,0.459858,0.46038374,1.47373e-14,8.38349e-16,2.5869e-14,2.9784155e-14,-0.0213707,-0.00520568,0.459858,0.46038374
1794,1795,-0.0168894,-0.00631838,0.45134,0.45170006,1.34103e-14,1.07879e-16,2.97906e-14,3.266998e-14,-0.0168894,-0.00631838,0.45134,0.45170006
1795,1796,-0.0221605,-0.00226498,0.447707,0.44826084,1.91657e-14,2.7059e-15,2.07458e-14,2.8373124e-14,-0.0221605,-0.00226498,0.447707,0.44826084
1796,1797,-0.0184048,-0.00378222,0.441986,0.4423852,1.3406e-14,9.81895e-16,2.19615e-14,2.574864e-14,-0.0184048,-0.00378222,0.441986,0.4423852
1797,1798,-0.0205913,-0.00399731,0.451497,0.45198396,1.68541e-14,2.74226e-15,1.98834e-14,2.6209354e-14,-0.0205913,-0.00399731,0.451497,0.45198396
1798,1799,-0.0247725,0.000336929,0.441684,0.4423783,1.50511e-14,4.41287e-16,2.22772e-14,2.6888734e-14,-0.0247725,0.000336929,0.441684,0.4423783
1799,1800,-0.0149985,-0.0311446,0.4695,0.47077087,1.28031e-14,-2.10395e-15,2.4965e-14,2.8135338e-14,-0.0149985,-0.0311446,0.4695,0.47077087
1800,1801,-0.0149965,-0.0268069,0.469865,0.47086796,1.24586e-14,-9.48917e-16,2.21907e-14,2.5466533e-14,-0.0149965,-0.0268069,0.469865,0.47086796
1801,1802,-0.0149724,-0.0220756,0.471105,0.47185954,1.207e-14,-9.79e-16,2.25604e-14,2.5604981e-14,-0.0149724,-0.0220756,0.471105,0.47185954
1802,1803,-0.014781,-0.0174011,0.471692,0.47224423,1.31019e-14,-6.60064e-16,2.06723e-14,2.4483452e-14,-0.014781,-0.0174011,0.471692,0.47224423
1803,1804,-0.0145289,-0.0134238,0.469503,0.4699195,1.41582e-14,-3.46413e-16,1.88768e-14,2.3598902e-14,-0.0145289,-0.0134238,0.469503,0.4699195
1804,1805,-0.0148408,-0.0109328,0.463769,0.46413517,1.28348e-14,-1.335e-15,2.49434e-14,2.8083582e-14,-0.0148408,-0.0109328,0.463769,0.46413517
1805,1806,-0.0147841,-0.00935441,0.457941,0.45827505,1.31263e-14,1.25508e-15,2.04418e-14,2.4325751e-14,-0.0147841,-0.00935441,0.457941,0.45827505
1806,1807,-0.0150744,-0.00534699,0.442275,0.4425641,1.49224e-14,2.58793e-15,1.82764e-14,2.3736094e-14,-0.0150744,-0.00534699,0.442275,0.4425641
1807,1808,-0.0137115,-0.00826463,0.450687,0.45097128,1.33326e-14,1.36612e-15,2.12679e-14,2.5138578e-14,-0.0137115,-0.00826463,0.450687,0.45097128
1808,1809,-0.0109151,-0.0345664,0.469941,0.47133693,1.71405e-14,-3.10145e-15,2.5093e-14,3.0546265e-14,-0.0109151,-0.0345664,0.469941,0.47133693
1809,1810,-0.0104113,-0.0269508,0.469493,0.47038117,1.41291e-14,-2.2368e-15,2.24833e-14,2.664833e-14,-0.0104113,-0.0269508,0.469493,0.47038117
1810,1811,-0.010211,-0.0221325,0.470855,0.47148547,1.21236e-14,-6.49383e-16,2.05291e-14,2.3850522e-14,-0.010211,-0.0221325,0.470855,0.47148547
1811,1812,-0.0101119,-0.015439,0.464682,0.46504837,1.35836e-14,-3.26994e-15,2.65442e-14,2.9996686e-14,-0.0101119,-0.015439,0.464682,0.46504837
1812,1813,-0.0120786,-0.0108595,0.455854,0.45614326,1.27514e-14,-1.05399e-17,2.04881e-14,2.4132148e-14,-0.0120786,-0.0108595,0.455854,0.45614326
1813,1814,-0.00876281,-0.0126563,0.450146,0.45040914,1.58565e-14,2.37618e-15,2.12198e-14,2.6596142e-14,-0.00876281,-0.0126563,0.450146,0.45040914
1814,1815,-0.0105942,-0.0130782,0.458377,0.45868587,1.50724e-14,-1.50363e-15,2.31316e-14,2.7649757e-14,-0.0105942,-0.0130782,0.458377,0.45868587
1815,1816,-0.0109741,-0.0102609,0.449855,0.45010582,1.30626e-14,1.76051e-15,2.04185e-14,2.4303212e-14,-0.0109741,-0.0102609,0.449855,0.45010582
1816,1817,-0.00710705,-0.0120328,0.441236,0.44145724,1.54893e-14,1.7183e-15,2.28475e-14,2.765645e-14,-0.00710705,-0.0120328,0.441236,0.44145724
1817,1818,-0.0120809,-0.00732641,0.441878,0.44210383,1.4085e-14,1.06443e-15,2.27328e-14,2.676379e-14,-0.0120809,-0.00732641,0.441878,0.44210383
1818,1819,-0.00804892,-0.0346619,0.470358,0.47170213,1.65063e-14,-3.03502e-15,2.81373e-14,3.276243e-14,-0.00804892,-0.0346619,0.470358,0.47170213
1819,1820,-0.0105032,-0.0314045,0.469575,0.47074115,1.61843e-14,-1.09032e-15,2.47835e-14,2.9619963e-14,-0.0105032,-0.0314045,0.469575,0.47074115
1820,1821,-0.00639702,-0.027309,0.467149,0.46799025,1.42989e-14,-2.98179e-15,2.51929e-14,2.9120986e-14,-0.00639702,-0.027309,0.467149,0.46799025
1821,1822,-0.00668032,-0.0226621,0.466671,0.46726868,1.34096e-14,-1.86717e-15,2.32222e-14,2.6880741e-14,-0.00668032,-0.0226621,0.466671,0.46726868
1822,1823,-0.00344949,-0.0274508,0.462563,0.46338966,1.49658e-14,-2.47563e-15,2.3163e-14,2.7688057e-14,-0.00344949,-0.0274508,0.462563,0.46338966
1823,1824,-0.00745925,-0.0194555,0.465565,0.46603104,1.53866e-14,-3.70302e-17,2.18506e-14,2.6724476e-14,-0.00745925,-0.0194555,0.465565,0.46603104
1824,1825,-0.00996032,-0.0178646,0.470319,0.47076353,1.35859e-14,-1.0018e-15,2.20057e-14,2.5881097e-14,-0.00996032,-0.0178646,0.470319,0.47076353
1825,1826,-0.00457365,-0.0227464,0.460974,0.46155754,1.549e-14,-1.07843e-15,2.11915e-14,2.627133e-14,-0.00457365,-0.0227464,0.460974,0.46155754
1826,1827,-0.00433053,-0.0187331,0.452693,0.45310113,1.57168e-14,-3.80074e-16,2.28765e-14,2.7757819e-14,-0.00433053,-0.0187331,0.452693,0.45310113
1827,1828,-0.00653148,-0.0182072,0.460085,0.46049145,1.43829e-14,-1.94966e-15,2.39557e-14,2.8009723e-14,-0.00653148,-0.0182072,0.460085,0.46049145
1828,1829,-0.00772629,-0.0155142,0.456241,0.4565701,1.43915e-14,-5.0854e-16,2.15093e-14,2.588482e-14,-0.00772629,-0.0155142,0.456241,0.4565701
1829,1830,-0.00628205,-0.0154073,0.450153,0.4504604,1.44733e-14,-2.44394e-16,1.80698e-14,2.3152836e-14,-0.00628205,-0.0154073,0.450153,0.4504604
1830,1831,-0.00251985,-0.0191444,0.445543,0.44596124,1.73614e-14,7.14007e-16,2.21024e-14,2.8114838e-14,-0.00251985,-0.0191444,0.445543,0.44596124
1831,1832,-0.00195842,-0.032073,0.465275,0.46638325,1.88585e-14,-4.88929e-15,2.44437e-14,3.125768e-14,-0.00195842,-0.032073,0.465275,0.46638325
1832,1833,-0.00590241,-0.0322389,0.470026,0.47116727,1.54867e-14,-2.83104e-15,2.31201e-14,2.7971264e-14,-0.00590241,-0.0322389,0.470026,0.47116727
1833,1834,6.92865e-05,-0.032479,0.45855,0.4596988,1.7755e-14,-4.24633e-15,2.64111e-14,3.2106347e-14,6.92865e-05,-0.032479,0.45855,0.4596988
1834,1835,-0.0015366,-0.0278663,0.456468,0.45732036,1.38725e-14,-8.61796e-16,2.27408e-14,2.6652071e-14,-0.0015366,-0.0278663,0.456468,0.45732036
1835,1836,0.00153445,-0.0329123,0.45219,0.45338878,1.4831e-14,-1.80276e-15,2.32184e-14,2.7609827e-14,0.00153445,-0.0329123,0.45219,0.45338878
1836,1837,-0.00295168,-0.0232315,0.454508,0.4551109,1.42935e-14,-9.49747e-16,2.1489e-14,2.582602e-14,-0.00295168,-0.0232315,0.454508,0.4551109
1837,1838,0.000185244,-0.0282933,0.450259,0.4511471,1.57104e-14,-5.78782e-16,1.85124e-14,2.4287047e-14,0.000185244,-0.0282933,0.450259,0.4511471
1838,1839,-0.00151533,-0.0238098,0.447739,0.4483742,1.44548e-14,1.05707e-15,1.83119e-14,2.3353466e-14,-0.00151533,-0.0238098,0.447739,0.4483742
1839,1840,0.00175891,-0.028794,0.443606,0.44454297,1.67876e-14,4.35452e-17,2.04283e-14,2.6441272e-14,0.00175891,-0.028794,0.443606,0.44454297
1840,1841,-0.000114288,-0.0245032,0.440874,0.44155443,1.41982e-14,5.84857e-16,2.18305e-14,2.6048064e-14,-0.000114288,-0.0245032,0.440874,0.44155443
1841,1842,-0.00204851,-0.017078,0.43718,0.43751824,1.41688e-14,2.75186e-16,2.21121e-14,2.626358e-14,-0.00204851,-0.017078,0.43718,0.43751824
1842,1843,-0.0043171,-0.0152855,0.441231,0.4415168,1.43878e-14,8.5964e-16,2.23209e-14,2.6570102e-14,-0.0043171,-0.0152855,0.441231,0.4415168
1843,1844,-0.0195976,-0.00100297,0.432985,0.43342945,1.47572e-14,1.70969e-15,2.49044e-14,2.8998742e-14,-0.0195976,-0.00100297,0.432985,0.43342945
1844,1845,-0.0212098,-0.00183393,0.441216,0.4417293,1.42881e-14,2.64567e-16,2.34554e-14,2.7465899e-14,-0.0212098,-0.00183393,0.441216,0.4417293
1845,1846,-0.0227141,0.000815552,0.433132,0.43372792,1.49139e-14,2.95267e-15,2.13148e-14,2.6181356e-14,-0.0227141,0.000815552,0.433132,0.43372792
1846,1847,-0.0211247,0.00176793,0.424505,0.42503396,1.3202e-14,1.20384e-15,2.12378e-14,2.5035697e-14,-0.0211247,0.00176793,0.424505,0.42503396
1847,1848,-0.0165602,-0.00283463,0.432992,0.43331784,1.48196e-14,2.44393e-15,2.16876e-14,2.6380775e-14,-0.0165602,-0.00283463,0.432992,0.43331784
1848,1849,-0.0149628,-0.00191966,0.423668,0.4239365,1.59311e-14,3.84478e-15,2.10018e-14,2.6639406e-14,-0.0149628,-0.00191966,0.423668,0.4239365
1849,1850,-0.0134779,-0.00453272,0.432768,0.43300155,1.4925e-14,3.30964e-15,2.12424e-14,2.6171529e-14,-0.0134779,-0.00453272,0.432768,0.43300155
1850,1851,-0.0180413,-8.82967e-05,0.423995,0.42437866,1.45503e-14,2.71699e-15,2.04928e-14,2.52794e-14,-0.0180413,-8.82967e-05,0.423995,0.42437866
1851,1852,-0.0166269,0.000680857,0.414611,0.41494483,1.34717e-14,2.55982e-15,1.81673e-14,2.2761595e-14,-0.0166269,0.000680857,0.414611,0.41494483
1852,1853,-0.0104896,-0.00639648,0.432412,0.43258652,1.56943e-14,3.67856e-15,2.03113e-14,2.5930518e-14,-0.0104896,-0.00639648,0.432412,0.43258652
1853,1854,-0.00950217,-0.00954133,0.441276,0.4414814,1.52351e-14,1.46225e-15,2.17414e-14,2.6588247e-14,-0.00950217,-0.00954133,0.441276,0.4414814
1854,1855,-0.0119351,-0.00374426,0.423342,0.42352673,1.48223e-14,3.73198e-15,2.15755e-14,2.6441075e-14,-0.0119351,-0.00374426,0.423342,0.42352673
1855,1856,-0.0106078,-0.00323436,0.413871,0.41401953,1.42733e-14,1.42677e-15,1.69019e-14,2.2168379e-14,-0.0106078,-0.00323436,0.413871,0.41401953
1856,1857,-0.00912739,-0.00570209,0.422978,0.42311493,1.4737e-14,2.44321e-15,2.22503e-14,2.6799706e-14,-0.00912739,-0.00570209,0.422978,0.42311493
1857,1858,-0.0136144,-0.0012776,0.414176,0.41440165,1.42791e-14,2.60296e-15,1.9936e-14,2.4659931e-14,-0.0136144,-0.0012776,0.414176,0.41440165
1858,1859,-0.00933448,-0.00267586,0.404495,0.40461156,1.36259e-14,2.00785e-15,2.16354e-14,2.5647361e-14,-0.00933448,-0.00267586,0.404495,0.40461156
1859,1860,-0.00776576,-0.00515218,0.413632,0.413737,1.35231e-14,1.68944e-15,2.25627e-14,2.6359133e-14,-0.00776576,-0.00515218,0.413632,0.413737
1860,1861,-0.0123069,-0.000774132,0.404735,0.4049228,1.39609e-14,3.07635e-15,1.90976e-14,2.3855587e-14,-0.0123069,-0.000774132,0.404735,0.4049228
1861,1862,-0.0112237,-0.000575536,0.395092,0.3952518,1.2849e-14,2.94736e-15,1.7539e-14,2.1940835e-14,-0.0112237,-0.000575536,0.395092,0.3952518
1862,1863,-0.00328542,-0.0139394,0.431399,0.43163663,1.50417e-14,1.66611e-15,2.08392e-14,2.5754628e-14,-0.00328542,-0.0139394,0.431399,0.43163663
1863,1864,-0.00563541,-0.01122,0.431635,0.43181756,1.50919e-14,1.87532e-15,2.49398e-14,2.9210887e-14,-0.00563541,-0.01122,0.431635,0.43181756
1864,1865,-0.00798967,-0.00874063,0.431764,0.43192637,1.52983e-14,2.59262e-15,2.48087e-14,2.926143e-14,-0.00798967,-0.00874063,0.431764,0.43192637
1865,1866,-0.00182857,-0.0132219,0.422083,0.422294,1.54388e-14,2.14306e-15,2.13009e-14,2.6394651e-14,-0.00182857,-0.0132219,0.422083,0.422294
1866,1867,-0.00419032,-0.010558,0.422308,0.42246073,1.60042e-14,3.35444e-15,2.43824e-14,2.935793e-14,-0.00419032,-0.010558,0.422308,0.42246073
1867,1868,-0.00656524,-0.00802522,0.42257,0.4226972,1.49225e-14,3.7631e-15,2.1933e-14,2.6793626e-14,-0.00656524,-0.00802522,0.42257,0.4226972
1868,1869,-0.00288412,-0.00987872,0.412949,0.4130772,1.44836e-14,2.87841e-15,2.29115e-14,2.7257966e-14,-0.00288412,-0.00987872,0.412949,0.4130772
1869,1870,-0.00522027,-0.00739515,0.413321,0.4134201,1.38307e-14,2.30344e-15,2.43595e-14,2.8106573e-14,-0.00522027,-0.00739515,0.413321,0.4134201
1870,1871,-0.00163009,-0.009309,0.403532,0.40364265,1.52083e-14,4.57686e-15,1.99439e-14,2.5495082e-14,-0.00163009,-0.009309,0.403532,0.40364265
1871,1872,-0.00645825,-0.00463326,0.404296,0.40437415,1.35043e-14,2.63692e-15,2.04125e-14,2.4616856e-14,-0.00645825,-0.00463326,0.404296,0.40437415
1872,1873,-0.00528269,-0.00420417,0.394592,0.39464974,1.29579e-14,3.34925e-15,2.0894e-14,2.4812978e-14,-0.00528269,-0.00420417,0.394592,0.39464974
1873,1874,-0.00396519,-0.00688294,0.403918,0.40399608,1.41477e-14,3.96141e-15,2.1536e-14,2.6070088e-14,-0.00396519,-0.00688294,0.403918,0.40399608
1874,1875,-0.00816828,-0.00218838,0.394914,0.39500454,1.29244e-14,2.20143e-15,2.25868e-14,2.6116084e-14,-0.00816828,-0.00218838,0.394914,0.39500454
1875,1876,-0.00427132,-0.00393656,0.384817,0.38486084,1.26256e-14,3.95893e-15,1.78854e-14,2.2247842e-14,-0.00427132,-0.00393656,0.384817,0.38486084
1876,1877,-0.00270208,-0.00639416,0.394195,0.39425611,1.27295e-14,2.15302e-15,2.33077e-14,2.6644409e-14,-0.00270208,-0.00639416,0.394195,0.39425611
1877,1878,-0.00699865,-0.00186115,0.385215,0.38528308,1.37941e-14,3.77267e-15,1.67313e-14,2.2010148e-14,-0.00699865,-0.00186115,0.385215,0.38528308
1878,1879,-0.00608783,-0.00174478,0.375457,0.3755104,1.50258e-14,3.92472e-15,1.74835e-14,2.3384843e-14,-0.00608783,-0.00174478,0.375457,0.3755104
1879,1880,-0.000799682,-0.0199529,0.439198,0.43965173,1.54866e-14,9.35678e-16,2.52035e-14,2.9596056e-14,-0.000799682,-0.0199529,0.439198,0.43965173
1880,1881,0.00132029,-0.0250656,0.433847,0.4345725,1.47391e-14,2.55516e-15,2.48626e-14,2.901584e-14,0.00132029,-0.0250656,0.433847,0.4345725
1881,1882,0.000580239,-0.0203724,0.432252,0.4327322,1.45022e-14,2.62469e-15,2.45548e-14,2.8638106e-14,0.000580239,-0.0203724,0.432252,0.4327322
1882,1883,-0.000945017,-0.0167175,0.430727,0.43105236,1.56329e-14,1.80952e-15,2.2275e-14,2.7273383e-14,-0.000945017,-0.0167175,0.430727,0.43105236
1883,1884,0.00215038,-0.0206998,0.424949,0.42545828,1.40929e-14,2.58524e-15,2.34847e-14,2.7510443e-14,0.00215038,-0.0206998,0.424949,0.42545828
1884,1885,0.00154115,-0.0152931,0.411829,0.41211575,1.39277e-14,1.49143e-15,1.83207e-14,2.3061942e-14,0.00154115,-0.0152931,0.411829,0.41211575
1885,1886,0.000898308,-0.0165149,0.421644,0.42196828,1.48537e-14,1.91821e-15,1.9362e-14,2.447854e-14,0.000898308,-0.0165149,0.421644,0.42196828
1886,1887,-0.000588084,-0.0124533,0.412548,0.41273636,1.60928e-14,2.41458e-15,2.20516e-14,2.7405865e-14,-0.000588084,-0.0124533,0.412548,0.41273636
1887,1888,0.00275853,-0.0145122,0.402474,0.40274498,1.4644e-14,1.96194e-15,2.02084e-14,2.5033484e-14,0.00275853,-0.0145122,0.402474,0.40274498
1888,1889,0.000652489,-0.0118314,0.403033,0.40320715,1.46986e-14,3.07076e-15,2.1425e-14,2.6163123e-14,0.000652489,-0.0118314,0.403033,0.40320715
1889,1890,-0.000418174,-0.00885402,0.393719,0.39381874,1.37327e-14,2.58826e-15,2.2447e-14,2.644152e-14,-0.000418174,-0.00885402,0.393719,0.39381874
1890,1891,0.000714578,-0.00848615,0.384025,0.38411942,1.24278e-14,3.42945e-15,1.80034e-14,2.2143481e-14,0.000714578,-0.00848615,0.384025,0.38411942
1891,1892,0.00183897,-0.0113553,0.393242,0.3934102,1.44948e-14,3.63656e-15,2.10547e-14,2.5819067e-14,0.00183897,-0.0113553,0.393242,0.3934102
1892,1893,-0.00156683,-0.00601717,0.384492,0.3845423,1.2587e-14,3.25189e-15,1.83122e-14,2.2457605e-14,-0.00156683,-0.00601717,0.384492,0.3845423
1893,1894,-0.000738634,-0.0058517,0.374875,0.3749214,1.35063e-14,2.09688e-15,1.62035e-14,2.119836e-14,-0.000738634,-0.0058517,0.374875,0.3749214
1894,1895,-0.00341034,-0.0037088,0.375138,0.37517187,1.53156e-14,3.48506e-15,1.79297e-14,2.3836683e-14,-0.00341034,-0.0037088,0.375138,0.37517187
1895,1896,0.00243338,-0.00814994,0.364756,0.36485514,1.11743e-14,1.82529e-15,1.71819e-14,2.0577034e-14,0.00243338,-0.00814994,0.364756,0.36485514
1896,1897,0.00157942,-0.00833997,0.374457,0.3745532,1.23582e-14,4.13822e-15,1.79682e-14,2.2196986e-14,0.00157942,-0.00833997,0.374457,0.3745532
1897,1898,-0.00249731,-0.00362572,0.365336,0.36536252,1.36884e-14,3.11165e-15,1.90572e-14,2.366921e-14,-0.00249731,-0.00362572,0.365336,0.36536252
1898,1899,0.000128245,-0.00571395,0.3651,0.36514473,1.12132e-14,3.50064e-16,1.70081e-14,2.0374834e-14,0.000128245,-0.00571395,0.3651,0.36514473
1899,1900,0.00367171,-0.00758514,0.355192,0.35529196,1.06421e-14,2.17454e-15,2.06141e-14,2.330073e-14,0.00367171,-0.00758514,0.355192,0.35529196
1900,1901,-0.000985761,-0.00279454,0.355888,0.35590035,1.24106e-14,2.68467e-15,2.02256e-14,2.3881066e-14,-0.000985761,-0.00279454,0.355888,0.35590035
1901,1902,-0.0304156,-0.0468579,0.210462,0.21774992,4.22414e-15,-1.85131e-15,1.15099e-14,1.2399536e-14,-0.0304156,-0.0468579,0.210462,0.21774992
1902,1903,-0.0294146,-0.0465787,0.200809,0.20822835,4.69043e-15,-3.79586e-16,8.57219e-15,9.778889e-15,-0.0294146,-0.0465787,0.200809,0.20822835
1903,1904,-0.0259193,-0.0487051,0.190797,0.19861393,4.88748e-15,1.19829e-15,5.24123e-15,7.2659376e-15,-0.0259193,-0.0487051,0.190797,0.19861393
1904,1905,-0.0283641,-0.0462463,0.191144,0.19869392,3.95734e-15,1.61893e-16,6.80232e-15,7.8713594e-15,-0.0283641,-0.0462463,0.191144,0.19869392
1905,1906,-0.0273381,-0.045925,0.181841,0.18953265,4.99901e-15,-2.51164e-16,6.44558e-15,8.160802e-15,-0.0273381,-0.045925,0.181841,0.18953265
1906,1907,-0.0297577,-0.0434656,0.18218,0.18964264,4.04129e-15,-1.41442e-15,5.14312e-15,6.6921066e-15,-0.0297577,-0.0434656,0.18218,0.18964264
1907,1908,-0.0286923,-0.0431252,0.172836,0.18043092,3.82397e-15,-1.15281e-15,7.21513e-15,8.246807e-15,-0.0286923,-0.0431252,0.172836,0.18043092
1908,1909,-0.026266,-0.0455907,0.172417,0.18026657,4.20971e-15,-1.32126e-15,5.11317e-15,6.7536575e-15,-0.026266,-0.0455907,0.172417,0.18026657
1909,1910,-0.0276475,-0.0427165,0.163498,0.17123282,4.67216e-15,-6.50635e-16,4.71373e-15,6.668707e-15,-0.0276475,-0.0427165,0.163498,0.17123282
1910,1911,-0.0251603,-0.0451896,0.162967,0.17097773,3.70813e-15,-1.43067e-15,2.9219e-15,4.9330055e-15,-0.0251603,-0.0451896,0.162967,0.17097773
1911,1912,-0.0267263,-0.0423702,0.154095,0.16203332,4.17184e-15,-6.05713e-16,3.01922e-15,5.185251e-15,-0.0267263,-0.0423702,0.154095,0.16203332
1912,1913,-0.0282887,-0.0398575,0.144801,0.15282735,1.76598e-15,-2.92646e-16,1.76213e-15,2.5118578e-15,-0.0282887,-0.0398575,0.144801,0.15282735
1913,1914,-0.0256364,-0.0420907,0.14445,0.15262586,2.86686e-15,-8.36022e-16,4.03357e-15,5.0187155e-15,-0.0256364,-0.0420907,0.14445,0.15262586
1914,1915,-0.0272563,-0.0395465,0.135174,0.14345329,3.18804e-15,-1.14908e-15,2.14053e-15,4.008223e-15,-0.0272563,-0.0395465,0.135174,0.14345329
1915,1916,-0.024573,-0.0418152,0.134799,0.14325891,2.55581e-15,1.71079e-16,7.63052e-16,2.6727665e-15,-0.024573,-0.0418152,0.134799,0.14325891
1916,1917,-0.0249102,-0.0483922,0.181477,0.18946299,4.20958e-15,-5.02188e-16,7.95607e-15,9.015088e-15,-0.0249102,-0.0483922,0.181477,0.18946299
1917,1918,-0.0238471,-0.0480487,0.172048,0.1802162,3.90824e-15,-1.78205e-15,5.78717e-15,7.207037e-15,-0.0238471,-0.0480487,0.172048,0.1802162
1918,1919,-0.0202827,-0.0501147,0.16222,0.17099181,3.41217e-15,-1.79212e-15,2.63875e-15,4.6709314e-15,-0.0202827,-0.0501147,0.16222,0.17099181
1919,1920,-0.0227339,-0.0476558,0.162565,0.17092478,3.72752e-15,-2.33e-15,4.71697e-15,6.4477215e-15,-0.0227339,-0.0476558,0.162565,0.17092478
1920,1921,-0.0240918,-0.0447615,0.15362,0.16181196,2.91892e-15,-3.574e-16,2.06034e-15,3.5906586e-15,-0.0240918,-0.0447615,0.15362,0.16181196
1921,1922,-0.0215918,-0.0472316,0.153171,0.16173555,2.69093e-15,-7.35824e-16,7.63998e-15,8.133377e-15,-0.0215918,-0.0472316,0.153171,0.16173555
1922,1923,-0.0230082,-0.0444005,0.144144,0.15257218,2.15887e-15,1.38147e-16,7.0468e-15,7.371377e-15,-0.0230082,-0.0444005,0.144144,0.15257218
1923,1924,-0.0203996,-0.0467196,0.143858,0.15262368,1.98977e-15,-2.12875e-16,6.63162e-15,6.9269677e-15,-0.0203996,-0.0467196,0.143858,0.15262368
1924,1925,-0.0192827,-0.0462219,0.134478,0.14350128,1.02879e-15,3.5308e-16,3.61256e-15,3.772753e-15,-0.0192827,-0.0462219,0.134478,0.14350128
1925,1926,-0.0219521,-0.0440512,0.134575,0.14329283,2.34512e-15,-6.66503e-16,5.36655e-15,5.8943765e-15,-0.0219521,-0.0440512,0.134575,0.14329283
1926,1927,-0.0189902,-0.0495719,0.152812,0.16176993,2.59261e-15,-1.32422e-15,3.21559e-15,4.33765e-15,-0.0189902,-0.0495719,0.152812,0.16176993
1927,1928,-0.017698,-0.0488982,0.14354,0.15266952,2.24367e-15,-7.72355e-16,5.07517e-15,5.6024936e-15,-0.017698,-0.0488982,0.14354,0.15266952
1928,1929,-0.0165705,-0.0484032,0.134158,0.1435821,2.41784e-15,-2.73935e-15,6.1008e-15,7.111241e-15,-0.0165705,-0.0484032,0.134158,0.1435821
1929,1930,-0.013743,-0.0505852,0.133763,0.14366724,3.4912e-15,-2.50144e-15,6.60146e-15,7.875592e-15,-0.013743,-0.0505852,0.133763,0.14366724
1930,1931,-0.0262873,-0.0392214,0.125568,0.13415164,3.23849e-15,-6.79407e-16,4.04567e-15,5.226553e-15,-0.0262873,-0.0392214,0.125568,0.13415164
1931,1932,-0.0278778,-0.0366985,0.116303,0.12510131,6.20381e-16,-1.83143e-15,5.89338e-15,6.2024945e-15,-0.0278778,-0.0366985,0.116303,0.12510131
1932,1933,-0.0250915,-0.0388223,0.11594,0.12481522,2.49296e-15,-1.11867e-15,5.27244e-15,5.9384256e-15,-0.0250915,-0.0388223,0.11594,0.12481522
1933,1934,-0.0268512,-0.0363851,0.106661,0.1158509,-1.57519e-16,-1.17434e-15,7.82045e-15,7.909699e-15,-0.0268512,-0.0363851,0.106661,0.1158509
1934,1935,-0.023951,-0.0383673,0.106403,0.11561704,8.56206e-16,-2.53674e-15,4.33771e-15,5.097437e-15,-0.023951,-0.0383673,0.106403,0.11561704
1935,1936,-0.0257825,-0.035927,0.0971135,0.10670763,-2.1134e-16,-2.2955e-15,5.84845e-15,6.286362e-15,-0.0257825,-0.035927,0.0971135,0.10670763
1936,1937,-0.0275488,-0.0336244,0.0878291,0.09799738,-1.12909e-15,-2.86001e-16,1.90281e-15,2.2309922e-15,-0.0275488,-0.0336244,0.0878291,0.09799738
1937,1938,-0.0246721,-0.0356339,0.0874488,0.0976001,-4.44173e-17,-3.41624e-15,6.10276e-15,6.994022e-15,-0.0246721,-0.0356339,0.0874488,0.0976001
1938,1939,-0.0264821,-0.0332866,0.0781647,0.08898887,2.6879e-16,7.24858e-16,2.91953e-15,3.0201527e-15,-0.0264821,-0.0332866,0.0781647,0.08898887
1939,1940,-0.0235898,-0.0352718,0.0778529,0.088665955,-2.72392e-16,-1.20823e-16,3.50746e-15,3.5200955e-15,-0.0235898,-0.0352718,0.0778529,0.088665955
1940,1941,-0.0254104,-0.0328434,0.0686732,0.080252014,1.11829e-15,-1.53828e-18,4.88066e-17,1.1193555e-15,-0.0254104,-0.0328434,0.0686732,0.080252014
1941,1942,-0.0271719,-0.0305458,0.0595333,0.07221892,8.78603e-17,5.25209e-16,4.21025e-15,4.243792e-15,-0.0271719,-0.0305458,0.0595333,0.07221892
1942,1943,-0.0242411,-0.0324225,0.0592595,0.07176725,7.93261e-16,-3.29586e-16,1.04671e-15,1.3540649e-15,-0.0242411,-0.0324225,0.0592595,0.07176725
1943,1944,-0.0234724,-0.0414416,0.125159,0.13391465,3.46074e-15,3.06705e-18,3.19653e-15,4.7111075e-15,-0.0234724,-0.0414416,0.125159,0.13391465
1944,1945,-0.0207879,-0.0436568,0.124866,0.13390134,2.57604e-15,-8.30691e-16,4.43409e-15,5.194919e-15,-0.0207879,-0.0436568,0.124866,0.13390134
1945,1946,-0.0223453,-0.041046,0.115496,0.12459299,2.64655e-15,-2.39676e-15,3.96541e-15,5.336025e-15,-0.0223453,-0.041046,0.115496,0.12459299
1946,1947,-0.0195763,-0.0432161,0.115184,0.124572136,2.77221e-15,-3.56667e-15,5.5831e-15,7.181732e-15,-0.0195763,-0.0432161,0.115184,0.124572136
1947,1948,-0.0212113,-0.040539,0.105989,0.11544262,1.47344e-15,-1.68538e-15,4.21773e-15,4.7750157e-15,-0.0212113,-0.040539,0.105989,0.11544262
1948,1949,-0.0228446,-0.0380006,0.096779,0.106452316,3.64753e-16,-8.78565e-16,4.44014e-15,4.5408987e-15,-0.0228446,-0.0380006,0.096779,0.106452316
1949,1950,-0.0200102,-0.0400824,0.0964154,0.10631527,1.28281e-15,-1.52415e-15,4.705e-15,5.1093697e-15,-0.0200102,-0.0400824,0.0964154,0.10631527
1950,1951,-0.0217746,-0.0376674,0.0871189,0.097379,8.49588e-16,-5.45613e-16,3.27111e-15,3.423398e-15,-0.0217746,-0.0376674,0.0871189,0.097379
1951,1952,-0.0188777,-0.0396602,0.0868385,0.09731508,8.73896e-17,-4.49451e-16,3.47379e-15,3.503835e-15,-0.0188777,-0.0396602,0.0868385,0.09731508
1952,1953,-0.0207311,-0.0372785,0.0776093,0.08855884,1.17838e-16,-2.00014e-16,3.24942e-15,3.2577018e-15,-0.0207311,-0.0372785,0.0776093,0.08855884
1953,1954,-0.0224628,-0.0348855,0.0683863,0.079989135,1.13581e-15,3.97765e-16,3.29688e-15,3.509658e-15,-0.0224628,-0.0348855,0.0683863,0.079989135
1954,1955,-0.0195604,-0.0368639,0.068151,0.07991317,1.60015e-15,-6.97547e-16,4.00625e-15,4.3700217e-15,-0.0195604,-0.0368639,0.068151,0.07991317
1955,1956,-0.0213169,-0.0344154,0.0589826,0.07153864,-4.25754e-16,-6.42763e-16,3.25568e-15,3.345723e-15,-0.0213169,-0.0344154,0.0589826,0.07153864
1956,1957,-0.018315,-0.0362883,0.0587652,0.07145368,2.67113e-16,6.74455e-16,2.69789e-15,2.793716e-15,-0.018315,-0.0362883,0.0587652,0.07145368
1957,1958,-0.0180759,-0.0458101,0.124791,0.13415699,2.10127e-15,-2.01024e-15,3.09366e-15,4.245837e-15,-0.0180759,-0.0458101,0.124791,0.13415699
1958,1959,-0.0152813,-0.0478778,0.124714,0.1344596,2.23447e-15,-3.16002e-15,4.95815e-15,6.28982e-15,-0.0152813,-0.0478778,0.124714,0.1344596
1959,1960,-0.0167781,-0.0452147,0.115201,0.124888524,2.66878e-15,-1.62321e-15,5.04283e-15,5.931891e-15,-0.0167781,-0.0452147,0.115201,0.124888524
1960,1961,-0.0138985,-0.0471462,0.115238,0.1252826,3.32515e-15,-1.65889e-15,5.43923e-15,6.5873943e-15,-0.0138985,-0.0471462,0.115238,0.1252826
1961,1962,-0.0182658,-0.0425683,0.105747,0.11544751,1.60836e-15,-8.07283e-16,5.43776e-15,5.727806e-15,-0.0182658,-0.0425683,0.105747,0.11544751
1962,1963,-0.0153961,-0.0445337,0.105615,0.11564955,1.84258e-15,2.42058e-16,1.72337e-15,2.5345013e-15,-0.0153961,-0.0445337,0.105615,0.11564955
1963,1964,-0.0170777,-0.0420558,0.0961736,0.10634707,1.36799e-15,-1.29804e-15,7.82605e-15,8.050054e-15,-0.0170777,-0.0420558,0.0961736,0.10634707
1964,1965,-0.0141649,-0.0440407,0.0959347,0.10650678,1.76134e-15,-7.31493e-16,1.07928e-15,2.1914028e-15,-0.0141649,-0.0440407,0.0959347,0.10650678
1965,1966,-0.0159671,-0.0415976,0.0866747,0.097456716,4.49173e-16,-1.08361e-15,5.77223e-15,5.8902125e-15,-0.0159671,-0.0415976,0.0866747,0.097456716
1966,1967,-0.0177468,-0.0393019,0.0773822,0.08858664,-5.59753e-17,-6.82215e-17,4.15715e-15,4.1580864e-15,-0.0177468,-0.0393019,0.0773822,0.08858664
1967,1968,-0.014772,-0.0412137,0.0772385,0.08878382,8.8969e-16,-1.7997e-15,3.94668e-15,4.427951e-15,-0.014772,-0.0412137,0.0772385,0.08878382
1968,1969,-0.016538,-0.038798,0.067901,0.07993332,1.95075e-15,-1.75744e-15,1.43392e-15,2.9916797e-15,-0.016538,-0.038798,0.067901,0.07993332
1969,1970,-0.01339,-0.0405407,0.0677731,0.08010015,1.86486e-15,-3.01692e-15,2.84081e-15,4.5441954e-15,-0.01339,-0.0405407,0.0677731,0.08010015
1970,1971,-0.0152492,-0.0380865,0.0585505,0.071493216,1.94784e-16,-1.75325e-15,2.10934e-15,2.7497531e-15,-0.0152492,-0.0380865,0.0585505,0.071493216
1971,1972,-0.0123206,-0.049781,0.124553,0.13469742,2.72175e-15,-1.7961e-15,6.04799e-15,6.871105e-15,-0.0123206,-0.049781,0.124553,0.13469742
1972,1973,-0.0108612,-0.0489202,0.11507,0.125508,3.74353e-15,-3.07142e-16,4.55285e-15,5.90227e-15,-0.0108612,-0.0489202,0.11507,0.125508
1973,1974,-0.012469,-0.0464706,0.105439,0.115898125,2.2846e-15,-1.78536e-15,5.13814e-15,5.899779e-15,-0.012469,-0.0464706,0.105439,0.115898125
1974,1975,-0.00933681,-0.0482176,0.105247,0.11614234,3.77857e-15,-1.00595e-15,6.15329e-15,7.290576e-15,-0.00933681,-0.0482176,0.105247,0.11614234
1975,1976,-0.011132,-0.0458159,0.0957681,0.10674524,2.33618e-15,-1.15417e-15,6.5726e-15,7.070284e-15,-0.011132,-0.0458159,0.0957681,0.10674524
1976,1977,-0.012939,-0.0435861,0.0865072,0.097727485,1.29749e-15,-2.04447e-15,2.30688e-15,3.3444033e-15,-0.012939,-0.0435861,0.0865072,0.097727485
1977,1978,-0.00977967,-0.0451673,0.0865107,0.098080724,2.42722e-15,-1.1866e-15,1.93321e-15,3.3221555e-15,-0.00977967,-0.0451673,0.0865107,0.098080724
1978,1979,-0.0115471,-0.0428665,0.0772978,0.08913934,1.15144e-15,-3.41937e-15,3.26418e-15,4.8654678e-15,-0.0115471,-0.0428665,0.0772978,0.08913934
1979,1980,-0.00825092,-0.0444859,0.0774687,0.089713275,1.19953e-15,-2.46365e-15,4.35218e-15,5.1429477e-15,-0.00825092,-0.0444859,0.0774687,0.089713275
1980,1981,-0.0100378,-0.0421696,0.0677116,0.08039834,1.29138e-15,-1.53855e-15,4.23407e-15,4.6863788e-15,-0.0100378,-0.0421696,0.0677116,0.08039834
1981,1982,-0.0120468,-0.0399359,0.0582042,0.07160818,2.40462e-16,-3.62341e-15,3.51057e-15,5.050844e-15,-0.0120468,-0.0399359,0.0582042,0.07160818
1982,1983,-0.00862426,-0.0413343,0.0580639,0.071793586,1.29833e-15,-7.42975e-16,2.91705e-15,3.2782394e-15,-0.00862426,-0.0413343,0.0580639,0.071793586
1983,1984,-0.0077079,-0.050772,0.114772,0.1257371,4.03803e-15,-1.44882e-15,6.6704e-15,7.93089e-15,-0.0077079,-0.050772,0.114772,0.1257371
1984,1985,-0.00443548,-0.0526663,0.114548,0.1261533,3.28849e-15,-8.09425e-16,6.20062e-15,7.065198e-15,-0.00443548,-0.0526663,0.114548,0.1261533
1985,1986,-0.00605397,-0.0500321,0.104935,0.11640969,4.11474e-15,-2.02434e-15,6.23628e-15,7.7408156e-15,-0.00605397,-0.0500321,0.104935,0.11640969
1986,1987,-0.00784949,-0.0474801,0.0955764,0.10700851,3.03796e-15,-1.78799e-15,7.72186e-15,8.488417e-15,-0.00784949,-0.0474801,0.0955764,0.10700851
1987,1988,-0.00453372,-0.0491779,0.0951617,0.10721366,2.92068e-15,-1.60495e-15,5.31149e-15,6.2704193e-15,-0.00453372,-0.0491779,0.0951617,0.10721366
1988,1989,-0.00653369,-0.0467288,0.0864097,0.09845256,2.49299e-15,-2.03436e-15,5.56737e-15,6.4303366e-15,-0.00653369,-0.0467288,0.0864097,0.09845256
1989,1990,-0.00533191,-0.0459842,0.0780714,0.09076409,3.42562e-15,-1.41654e-15,3.64098e-15,5.1959783e-15,-0.00533191,-0.0459842,0.0780714,0.09076409
1990,1991,-0.00431315,-0.0454404,0.0718043,0.08508402,1.97961e-15,-2.13412e-15,3.03089e-17,2.9110553e-15,-0.00431315,-0.0454404,0.0718043,0.08508402
1991,1992,-0.00598625,-0.0440813,0.0677411,0.0810423,2.28022e-15,-1.69404e-15,1.9969e-15,3.4722881e-15,-0.00598625,-0.0440813,0.0677411,0.0810423
1992,1993,-0.00500826,-0.042804,0.0577736,0.07207672,1.60178e-15,-2.60873e-15,3.519e-15,4.6641755e-15,-0.00500826,-0.042804,0.0577736,0.07207672
1993,1994,-0.00193027,-0.0518611,0.104963,0.117091976,3.3793e-15,-1.84607e-15,4.48302e-15,5.9097476e-15,-0.00193027,-0.0518611,0.104963,0.117091976
1994,1995,-0.00079314,-0.0503945,0.0951154,0.10764374,2.54631e-15,-1.68305e-15,6.17565e-15,6.8887593e-15,-0.00079314,-0.0503945,0.0951154,0.10764374
1995,1996,-0.00296844,-0.0481828,0.0861316,0.09873726,1.94769e-15,-1.30984e-15,3.60212e-15,4.2993537e-15,-0.00296844,-0.0481828,0.0861316,0.09873726
1996,1997,0.000808984,-0.0493543,0.0861374,0.09927816,2.04506e-15,-9.30505e-16,3.98191e-15,4.572058e-15,0.000808984,-0.0493543,0.0861374,0.09927816
1997,1998,-0.00165818,-0.0472011,0.077669,0.09090196,2.91777e-15,-4.51764e-16,2.29802e-15,3.7414394e-15,-0.00165818,-0.0472011,0.077669,0.09090196
1998,1999,-0.00115702,-0.0461936,0.0703562,0.08417352,3.12612e-15,-1.13969e-15,2.5451e-15,4.189159e-15,-0.00115702,-0.0461936,0.0703562,0.08417352
1999,2000,-0.00137827,-0.0450807,0.0643512,0.078582734,2.68134e-15,-2.42188e-15,3.26052e-15,4.8668345e-15,-0.00137827,-0.0450807,0.0643512,0.078582734
2000,2001,-0.000994295,-0.0439122,0.0569098,0.07188877,2.35527e-15,-2.51145e-15,3.08058e-15,4.6200273e-15,-0.000994295,-0.0439122,0.0569098,0.07188877
2001,2002,0.00272935,-0.05288,0.101475,0.11445925,2.09025e-15,-9.93189e-16,5.85238e-15,6.2933235e-15,0.00272935,-0.05288,0.101475,0.11445925
2002,2003,0.00319562,-0.0516028,0.0941332,0.10739702,3.03568e-15,-2.7685e-15,8.92382e-15,9.8241795e-15,0.00319562,-0.0516028,0.0941332,0.10739702
2003,2004,0.00410358,-0.0504557,0.0866841,0.10038301,2.75217e-15,-2.43369e-16,5.24051e-15,5.924239e-15,0.00410358,-0.0504557,0.0866841,0.10038301
2004,2005,0.00506531,-0.0496656,0.0813044,0.09540825,2.40067e-15,-3.3032e-16,3.9932e-15,4.6709717e-15,0.00506531,-0.0496656,0.0813044,0.09540825
2005,2006,0.00303524,-0.0485059,0.0774625,0.09144656,2.73148e-15,-2.03193e-16,3.27493e-15,4.2693603e-15,0.00303524,-0.0485059,0.0774625,0.09144656
2006,2007,0.00316524,-0.0471134,0.0690178,0.08362504,2.03434e-15,-2.27115e-16,5.44414e-15,5.8162513e-15,0.00316524,-0.0471134,0.0690178,0.08362504
2007,2008,0.0031925,-0.0459496,0.0625385,0.077669956,3.41431e-15,-2.0964e-15,5.6797e-15,6.9506397e-15,0.0031925,-0.0459496,0.0625385,0.077669956
2008,2009,0.0033837,-0.0448205,0.0559158,0.071741916,2.84761e-15,-1.56809e-15,3.36608e-15,4.67956e-15,0.0033837,-0.0448205,0.0559158,0.071741916
2009,2010,0.00725041,-0.0535578,0.0998627,0.113549836,3.66243e-15,-1.04061e-15,5.39191e-15,6.6006783e-15,0.00725041,-0.0535578,0.0998627,0.113549836
2010,2011,0.0074965,-0.0523035,0.0933874,0.10729893,1.80622e-15,-2.64117e-15,1.09285e-14,1.1387288e-14,0.0074965,-0.0523035,0.0933874,0.10729893
2011,2012,0.00787863,-0.0510346,0.0864469,0.10069593,2.54885e-15,-1.00934e-15,6.61261e-15,7.1583525e-15,0.00787863,-0.0510346,0.0864469,0.10069593
2012,2013,0.00819133,-0.050001,0.0805303,0.09514372,1.57997e-15,-1.57807e-16,8.27561e-16,1.7905489e-15,0.00819133,-0.050001,0.0805303,0.09514372
2013,2014,0.0078362,-0.0488942,0.0747967,0.089702815,2.64788e-15,8.91155e-17,3.51335e-16,2.672573e-15,0.0078362,-0.0488942,0.0747967,0.089702815
2014,2015,0.00783428,-0.0476404,0.0677508,0.08319347,3.53929e-15,-9.73702e-16,2.3761e-15,4.3727017e-15,0.00783428,-0.0476404,0.0677508,0.08319347
2015,2016,0.00790241,-0.0463854,0.0615348,0.07746344,3.27507e-15,7.25612e-16,1.1106e-15,3.5335576e-15,0.00790241,-0.0463854,0.0615348,0.07746344
2016,2017,0.00805445,-0.0451118,0.0552741,0.07179955,3.08255e-15,-4.74694e-16,-3.53214e-16,3.1388229e-15,0.00805445,-0.0451118,0.0552741,0.07179955
2017,2018,-0.025674,-0.0296919,0.0503887,0.06387319,-3.50983e-16,5.55796e-16,2.4589e-15,2.545248e-15,-0.025674,-0.0296919,0.0503887,0.06387319
2018,2019,-0.0229464,-0.0317844,0.0499241,0.06347599,-1.32499e-15,1.48391e-15,4.94124e-16,2.0498161e-15,-0.0229464,-0.0317844,0.0499241,0.06347599
2019,2020,-0.0242373,-0.0289398,0.0409628,0.055703767,8.70549e-16,1.59406e-15,4.72843e-16,1.8768228e-15,-0.0242373,-0.0289398,0.0409628,0.055703767
2020,2021,-0.0249658,-0.0256909,0.0318343,0.04792428,7.71292e-16,6.26066e-16,-7.88791e-16,1.2684799e-15,-0.0249658,-0.0256909,0.0318343,0.04792428
2021,2022,-0.0224374,-0.0278934,0.0312585,0.047524445,7.52148e-16,1.011e-15,2.24293e-15,2.5726603e-15,-0.0224374,-0.0278934,0.0312585,0.047524445
2022,2023,-0.0229752,-0.0243825,0.0234546,0.04089602,-4.58949e-16,-2.25413e-15,-7.12239e-16,2.4081155e-15,-0.0229752,-0.0243825,0.0234546,0.04089602
2023,2024,-0.024918,-0.0218433,0.0237355,0.0407604,-1.40213e-15,-4.36788e-16,2.78988e-15,3.1528055e-15,-0.024918,-0.0218433,0.0237355,0.0407604
2024,2025,-0.0213813,-0.0231608,0.0180296,0.03631321,-8.13149e-16,-1.8982e-15,1.54862e-15,2.581201e-15,-0.0213813,-0.0231608,0.0180296,0.03631321
2025,2026,-0.022517,-0.0207136,0.0170361,0.035018526,-9.45157e-16,-8.79774e-16,2.9806e-16,1.3252032e-15,-0.022517,-0.0207136,0.0170361,0.035018526
2026,2027,-0.020113,-0.033833,0.0495871,0.06330944,-9.6956e-16,-4.23854e-16,2.37225e-15,2.5975506e-15,-0.020113,-0.033833,0.0495871,0.06330944
2027,2028,-0.0215047,-0.0310908,0.0404927,0.055396285,-3.47035e-16,1.5697e-16,1.11107e-15,1.1745422e-15,-0.0215047,-0.0310908,0.0404927,0.055396285
2028,2029,-0.0187671,-0.033165,0.0402384,0.05541886,6.05037e-16,7.89088e-17,1.51066e-15,1.6292299e-15,-0.0187671,-0.033165,0.0402384,0.05541886
2029,2030,-0.0198087,-0.0300523,0.0307921,0.047367487,-6.56046e-16,8.90019e-16,-2.0314e-15,2.3128156e-15,-0.0198087,-0.0300523,0.0307921,0.047367487
2030,2031,-0.017089,-0.0319919,0.0307757,0.047567416,8.46747e-17,5.5577e-16,3.1669e-15,3.216412e-15,-0.017089,-0.0319919,0.0307757,0.047567416
2031,2032,-0.0206056,-0.026479,0.0221993,0.040231045,1.57878e-15,-2.16438e-15,1.54053e-15,3.0903593e-15,-0.0206056,-0.026479,0.0221993,0.040231045
2032,2033,-0.0179667,-0.0286661,0.0213734,0.04001712,2.5288e-15,6.78339e-16,-2.75644e-15,3.8017016e-15,-0.0179667,-0.0286661,0.0213734,0.04001712
2033,2034,-0.0189717,-0.0243244,0.0142528,0.033981528,1.10478e-15,-1.81837e-15,1.05978e-15,2.3770027e-15,-0.0189717,-0.0243244,0.0142528,0.033981528
2034,2035,-0.0199986,-0.0208683,0.0115736,0.031134838,-9.58237e-16,-1.52264e-15,1.19147e-15,2.1578349e-15,-0.0199986,-0.0208683,0.0115736,0.031134838
2035,2036,-0.016904,-0.0233832,0.00892883,0.030203365,1.40054e-15,5.68214e-17,1.27653e-15,1.895856e-15,-0.016904,-0.0233832,0.00892883,0.030203365
2036,2037,-0.0170413,-0.020588,0.00701548,0.027631296,9.36612e-16,-1.01145e-15,6.11619e-16,1.508095e-15,-0.0170413,-0.020588,0.00701548,0.027631296
2037,2038,-0.017024,-0.0356686,0.0494783,0.06332589,5.77882e-18,-1.40741e-16,-8.11999e-16,8.2412605e-16,-0.017024,-0.0356686,0.0494783,0.06332589
2038,2039,-0.0139717,-0.0374539,0.0493497,0.063509025,-1.14997e-15,-4.53341e-16,6.11627e-18,1.2361175e-15,-0.0139717,-0.0374539,0.0493497,0.063509025
2039,2040,-0.0156892,-0.034952,0.0401902,0.05552518,-3.04731e-16,2.67266e-16,2.77263e-15,2.802101e-15,-0.0156892,-0.034952,0.0401902,0.05552518
2040,2041,-0.0125411,-0.03683,0.0402456,0.05597711,-4.26729e-16,-3.85334e-16,-9.52897e-16,1.1129208e-15,-0.0125411,-0.03683,0.0402456,0.05597711
2041,2042,-0.0140565,-0.0339724,0.0307452,0.047926784,-1.83428e-16,2.47947e-16,6.84961e-16,7.511958e-16,-0.0140565,-0.0339724,0.0307452,0.047926784
2042,2043,-0.0152053,-0.0306494,0.0211508,0.040223666,2.4324e-15,1.05026e-15,-9.65916e-16,2.8200372e-15,-0.0152053,-0.0306494,0.0211508,0.040223666
2043,2044,-0.0123788,-0.0326947,0.0213244,0.04095007,1.5826e-15,7.88405e-17,1.14919e-15,1.9574156e-15,-0.0123788,-0.0326947,0.0213244,0.04095007
2044,2045,-0.0161026,-0.0268313,0.0131663,0.03394943,1.80294e-15,1.18126e-15,-3.06035e-15,3.7432216e-15,-0.0161026,-0.0268313,0.0131663,0.03394943
2045,2046,-0.0130749,-0.0291338,0.0120811,0.034142118,1.15953e-15,1.40565e-15,-3.06419e-15,3.5650554e-15,-0.0130749,-0.0291338,0.0120811,0.034142118
2046,2047,-0.014317,-0.0244893,0.00706055,0.02923275,9.24719e-16,1.12901e-16,-1.20726e-15,1.5249027e-15,-0.014317,-0.0244893,0.00706055,0.02923275
2047,2048,-0.0132568,-0.0206078,0.00455411,0.024923163,7.75043e-17,9.7099e-16,-1.19605e-15,1.5425187e-15,-0.0132568,-0.0206078,0.00455411,0.024923163
2048,2049,-0.0107746,-0.0391143,0.0491194,0.063708216,-1.20589e-15,-1.26335e-15,1.05e-15,2.0378234e-15,-0.0107746,-0.0391143,0.0491194,0.063708216
2049,2050,-0.00960023,-0.0382654,0.0409024,0.05682791,3.88978e-16,-1.71156e-15,3.19064e-16,1.7839683e-15,-0.00960023,-0.0382654,0.0409024,0.05682791
2050,2051,-0.00853604,-0.0374446,0.0349066,0.051898293,2.66351e-17,-4.46658e-17,-3.12645e-16,3.1694062e-16,-0.00853604,-0.0374446,0.0349066,0.051898293
2051,2052,-0.0101821,-0.0359768,0.0309981,0.04856838,-9.89452e-16,-6.79335e-16,8.82407e-16,1.4896824e-15,-0.0101821,-0.0359768,0.0309981,0.04856838
2052,2053,-0.00930242,-0.0343296,0.0220958,0.041872196,1.04751e-15,-6.30086e-16,1.26601e-16,1.228948e-15,-0.00930242,-0.0343296,0.0220958,0.041872196
2053,2054,-0.00828748,-0.0331385,0.0161009,0.03776349,2.09971e-15,-1.95777e-15,8.01754e-16,2.9806804e-15,-0.00828748,-0.0331385,0.0161009,0.03776349
2054,2055,-0.00976086,-0.0313738,0.0127459,0.035242695,2.19082e-15,-1.17085e-15,1.7298e-15,3.02701e-15,-0.00976086,-0.0313738,0.0127459,0.035242695
2055,2056,-0.00863506,-0.0292251,0.00697786,0.031262778,6.32748e-16,-6.91344e-16,-7.18616e-17,9.399419e-16,-0.00863506,-0.0292251,0.00697786,0.031262778
2056,2057,-0.0104379,-0.0265176,0.00430168,0.02882078,-6.80846e-16,-2.46653e-16,-2.75128e-15,2.8449833e-15,-0.0104379,-0.0265176,0.00430168,0.02882078
2057,2058,-0.00946132,-0.0219403,0.000742924,0.023904921,6.87675e-16,-4.31693e-16,-1.25425e-15,1.4941213e-15,-0.00946132,-0.0219403,0.000742924,0.023904921
2058,2059,-0.00719198,-0.0404691,0.0489396,0.063910544,-2.63303e-16,-1.5887e-15,4.25298e-16,1.6655853e-15,-0.00719198,-0.0404691,0.0489396,0.063910544
2059,2060,-0.00352695,-0.0418533,0.048714,0.064321004,9.92652e-16,6.34666e-16,1.43459e-15,1.8563964e-15,-0.00352695,-0.0418533,0.048714,0.064321004
2060,2061,-0.00597532,-0.039539,0.0404463,0.056876533,7.91473e-16,-1.21994e-15,-2.53506e-15,2.9225351e-15,-0.00597532,-0.039539,0.0404463,0.056876533
2061,2062,-0.00546995,-0.0382728,0.0333732,0.051073458,1.87852e-15,-1.38245e-15,-1.36544e-16,2.3363754e-15,-0.00546995,-0.0382728,0.0333732,0.051073458
2062,2063,-0.00570692,-0.0369328,0.0276071,0.04646238,-2.26354e-16,-1.98239e-15,-2.5832e-15,3.264051e-15,-0.00570692,-0.0369328,0.0276071,0.04646238
2063,2064,-0.0054998,-0.0354244,0.0207294,0.041410673,1.35612e-15,-1.30321e-15,1.12138e-15,2.1897284e-15,-0.0054998,-0.0354244,0.0207294,0.041410673
2064,2065,-0.00526563,-0.0339183,0.0143682,0.037210524,2.50161e-15,-1.87482e-15,5.96609e-16,3.1826003e-15,-0.00526563,-0.0339183,0.0143682,0.037210524
2065,2066,-0.00552721,-0.0321842,0.00931713,0.03395853,1.50943e-15,-1.86476e-15,-1.72679e-15,2.9559284e-15,-0.00552721,-0.0321842,0.00931713,0.03395853
2066,2067,-0.0052086,-0.0294563,0.0053037,0.030379802,1.82932e-15,-8.26419e-16,-1.04524e-15,2.2631628e-15,-0.0052086,-0.0294563,0.0053037,0.030379802
2067,2068,-0.0054455,-0.0261512,0.00178586,0.026771778,2.56093e-15,-1.97425e-15,-1.09272e-15,3.4132188e-15,-0.0054455,-0.0261512,0.00178586,0.026771778
2068,2069,-0.00515174,-0.0224767,-0.00108709,0.02308515,1.21806e-15,-1.51885e-15,-4.21143e-16,1.9919682e-15,-0.00515174,-0.0224767,-0.00108709,0.02308515
2069,2070,-0.00456921,-0.0184347,-0.00122679,0.0190321,9.14527e-16,-1.67648e-15,1.12799e-15,2.217951e-15,-0.00456921,-0.0184347,-0.00122679,0.0190321
2070,2071,-0.000191924,-0.0428526,0.0493661,0.0653712,4.95465e-16,-1.49262e-15,-1.35872e-15,2.0783455e-15,-0.000191924,-0.0428526,0.0493661,0.0653712
2071,2072,0.000718641,-0.0420689,0.0438986,0.060806215,1.93546e-15,-1.6156e-15,-2.7805e-15,3.753312e-15,0.000718641,-0.0420689,0.0438986,0.060806215
2072,2073,-0.00133432,-0.0409157,0.0401455,0.057337042,1.6746e-15,-2.64087e-15,-1.28916e-15,3.3823677e-15,-0.00133432,-0.0409157,0.0401455,0.057337042
2073,2074,-0.00120568,-0.0392781,0.0319415,0.050640717,-2.76454e-16,-2.54859e-15,-1.86897e-15,3.1725047e-15,-0.00120568,-0.0392781,0.0319415,0.050640717
2074,2075,-0.00121606,-0.037833,0.0256364,0.045716953,5.9707e-16,-2.48897e-15,-7.1044e-16,2.656349e-15,-0.00121606,-0.037833,0.0256364,0.045716953
2075,2076,-0.00116751,-0.0363671,0.0192625,0.04117005,1.25485e-15,-1.26538e-15,-2.089e-15,2.7458619e-15,-0.00116751,-0.0363671,0.0192625,0.04117005
2076,2077,-0.00111972,-0.0347893,0.0127867,0.03708165,2.52835e-15,-1.72537e-15,-3.28125e-15,4.4873218e-15,-0.00111972,-0.0347893,0.0127867,0.03708165
2077,2078,-0.00112072,-0.0329612,0.00745925,0.033813268,1.25644e-15,-3.07153e-15,-1.38301e-15,3.5952267e-15,-0.00112072,-0.0329612,0.00745925,0.033813268
2078,2079,-0.000999647,-0.0298465,0.00396294,0.030125037,2.3506e-15,-1.53207e-15,-4.76111e-15,5.5263665e-15,-0.000999647,-0.0298465,0.00396294,0.030125037
2079,2080,-0.00108188,-0.0264819,0.000388904,0.026506843,1.99437e-15,-1.18007e-15,-3.97428e-15,4.600541e-15,-0.00108188,-0.0264819,0.000388904,0.026506843
2080,2081,-0.000832882,-0.0227525,-0.00203813,0.022858782,1.98101e-15,-1.84406e-15,-1.5144e-15,3.1013489e-15,-0.000832882,-0.0227525,-0.00203813,0.022858782
2081,2082,-0.000556868,-0.0184305,-0.0018728,0.018533776,2.95233e-15,-1.98832e-16,-8.52305e-16,3.0793197e-15,-0.000556868,-0.0184305,-0.0018728,0.018533776
2082,2083,0.00372755,-0.043633,0.0488922,0.06563673,3.38524e-15,1.54813e-17,-3.79488e-15,5.085391e-15,0.00372755,-0.043633,0.0488922,0.06563673
2083,2084,0.00401705,-0.0424949,0.0429506,0.060553342,5.85942e-16,-1.64611e-15,-2.43204e-15,2.9946325e-15,0.00401705,-0.0424949,0.0429506,0.060553342
2084,2085,0.00361914,-0.0412838,0.0373535,0.055791885,7.7575e-16,-3.28718e-15,1.55182e-15,3.7169186e-15,0.00361914,-0.0412838,0.0373535,0.055791885
2085,2086,0.00356609,-0.0398089,0.0305416,0.050301638,-1.16159e-16,-7.2458e-16,-6.99104e-16,1.0135361e-15,0.00356609,-0.0398089,0.0305416,0.050301638
2086,2087,0.00355294,-0.0383444,0.0243854,0.045580305,1.93689e-15,-3.8065e-15,-1.29446e-15,4.462803e-15,0.00355294,-0.0383444,0.0243854,0.045580305
2087,2088,0.00353633,-0.0369423,0.0182853,0.041371383,1.82192e-15,-2.0794e-15,-1.05151e-15,2.9578657e-15,0.00353633,-0.0369423,0.0182853,0.041371383
2088,2089,0.0035148,-0.035177,0.012131,0.03737561,5.00782e-16,-2.33502e-15,-8.18262e-16,2.5244117e-15,0.0035148,-0.035177,0.012131,0.03737561
2089,2090,0.00345715,-0.0332467,0.0070349,0.03415823,2.30136e-16,-1.53955e-15,-3.75453e-15,4.0644397e-15,0.00345715,-0.0332467,0.0070349,0.03415823
2090,2091,0.00346511,-0.0303276,0.003678,0.030745698,1.81376e-15,-2.82169e-15,-2.5263e-15,4.199268e-15,0.00346511,-0.0303276,0.003678,0.030745698
2091,2092,0.00338459,-0.0271989,0.000198846,0.027409399,1.65521e-15,-2.63925e-15,-4.15816e-15,5.1957344e-15,0.00338459,-0.0271989,0.000198846,0.027409399
2092,2093,0.0033229,-0.0238394,-0.00229644,0.02417917,2.7823e-15,-2.55828e-15,-3.72451e-15,5.3064077e-15,0.0033229,-0.0238394,-0.00229644,0.02417917
2093,2094,0.00327328,-0.0196096,-0.00220798,0.02000315,1.80565e-15,-6.12628e-16,-2.55144e-15,3.1852051e-15,0.00327328,-0.0196096,-0.00220798,0.02000315
2094,2095,0.00824429,-0.0437983,0.0486858,0.06600429,2.22615e-15,-1.6179e-15,-8.88465e-16,2.8918357e-15,0.00824429,-0.0437983,0.0486858,0.06600429
2095,2096,0.00845206,-0.042574,0.0428129,0.060966607,1.95096e-15,-2.53402e-15,1.6229e-15,3.5862663e-15,0.00845206,-0.042574,0.0428129,0.060966607
2096,2097,0.00840894,-0.0412244,0.036829,0.05591544,2.05721e-15,-1.91345e-15,-2.84431e-16,2.8238812e-15,0.00840894,-0.0412244,0.036829,0.05591544
2097,2098,0.00841598,-0.0397502,0.0302416,0.050650384,4.8326e-16,-8.0897e-16,-2.09498e-15,2.2971534e-15,0.00841598,-0.0397502,0.0302416,0.050650384
2098,2099,0.00841621,-0.0383662,0.0241572,0.04611256,7.68689e-16,-2.05555e-15,-1.60977e-15,2.7216774e-15,0.00841621,-0.0383662,0.0241572,0.04611256
2099,2100,0.00833073,-0.0367839,0.0182846,0.041913997,4.501e-16,-3.17809e-15,-2.76236e-15,4.2347937e-15,0.00833073,-0.0367839,0.0182846,0.041913997
2100,2101,0.00820634,-0.0350936,0.012165,0.038038034,-7.36358e-16,-2.5e-15,-6.24394e-15,6.7660183e-15,0.00820634,-0.0350936,0.012165,0.038038034
2101,2102,0.00812553,-0.0332571,0.00713268,0.034970473,3.19811e-16,-3.31637e-15,-5.45157e-15,6.389069e-15,0.00812553,-0.0332571,0.00713268,0.034970473
2102,2103,0.00809874,-0.0304389,0.00383647,0.03173066,2.05192e-15,-2.57422e-15,-5.92134e-15,6.7748986e-15,0.00809874,-0.0304389,0.00383647,0.03173066
2103,2104,0.00800351,-0.0275887,0.000157312,0.028726595,1.2152e-15,-1.6234e-15,-6.81751e-15,7.112706e-15,0.00800351,-0.0275887,0.000157312,0.028726595
2104,2105,0.00782976,-0.0245777,-0.00312255,0.025983047,2.8531e-15,-1.2629e-15,-4.78733e-15,5.714335e-15,0.00782976,-0.0245777,-0.00312255,0.025983047
2105,2106,0.00763886,-0.0205305,-0.0030394,0.022115415,2.09633e-15,-1.60888e-15,-2.65828e-15,3.7482724e-15,0.00763886,-0.0205305,-0.0030394,0.022115415
2106,2107,-0.0333781,0.00245681,0.439249,0.44052222,1.28278e-14,4.34571e-15,2.10402e-14,2.5022542e-14,-0.0333781,0.00245681,0.439249,0.44052222
2107,2108,-0.029328,0.00243861,0.439088,0.4400731,1.54421e-14,2.65813e-15,2.18662e-14,2.6900833e-14,-0.029328,0.00243861,0.439088,0.4400731
2108,2109,-0.026404,0.00198894,0.438208,0.43900728,1.53573e-14,1.27133e-15,2.63292e-14,3.0507206e-14,-0.026404,0.00198894,0.438208,0.43900728
2109,2110,-0.0332753,0.00360249,0.432836,0.4341281,9.52945e-15,1.32906e-15,2.19513e-14,2.3967402e-14,-0.0332753,0.00360249,0.432836,0.4341281
2110,2111,-0.0330864,0.00465918,0.425744,0.42705312,1.13738e-14,2.14128e-15,2.08326e-14,2.3831609e-14,-0.0330864,0.00465918,0.425744,0.42705312
2111,2112,-0.0329404,0.00566499,0.419163,0.42049348,1.20955e-14,1.9864e-15,2.21065e-14,2.5277345e-14,-0.0329404,0.00566499,0.419163,0.42049348
2112,2113,-0.032815,0.006679,0.412735,0.4140913,1.19379e-14,3.36731e-15,1.97084e-14,2.3286762e-14,-0.032815,0.006679,0.412735,0.4140913
2113,2114,-0.0326756,0.00779225,0.405665,0.40705347,1.12813e-14,1.93386e-15,2.35213e-14,2.6158346e-14,-0.0326756,0.00779225,0.405665,0.40705347
2114,2115,-0.032552,0.00875243,0.398517,0.39994007,1.04359e-14,2.75363e-15,2.15482e-14,2.4100112e-14,-0.032552,0.00875243,0.398517,0.39994007
2115,2116,-0.0324672,0.00946761,0.392138,0.39359367,1.1513e-14,3.37786e-15,1.91624e-14,2.2608773e-14,-0.0324672,0.00946761,0.392138,0.39359367
2116,2117,-0.032427,0.0101829,0.385633,0.38712788,1.16718e-14,3.55272e-15,2.05469e-14,2.3896189e-14,-0.032427,0.0101829,0.385633,0.38712788
2117,2118,-0.0322529,0.0107587,0.377691,0.37921825,1.00494e-14,2.47233e-15,1.91238e-14,2.1744484e-14,-0.0322529,0.0107587,0.377691,0.37921825
2118,2119,-0.0320295,0.0111829,0.369262,0.37081718,1.04715e-14,2.61988e-15,1.73207e-14,2.040889e-14,-0.0320295,0.0111829,0.369262,0.37081718
2119,2120,-0.0290172,0.00354282,0.433022,0.4340076,1.10543e-14,1.48782e-15,2.18646e-14,2.4545304e-14,-0.0290172,0.00354282,0.433022,0.4340076
2120,2121,-0.0285908,0.00449308,0.425735,0.4267176,1.15734e-14,2.16114e-15,1.91567e-14,2.2485403e-14,-0.0285908,0.00449308,0.425735,0.4267176
2121,2122,-0.0282913,0.00546736,0.418698,0.41968834,1.05369e-14,3.11801e-15,1.81447e-14,2.1212693e-14,-0.0282913,0.00546736,0.418698,0.41968834
2122,2123,-0.0281152,0.0065221,0.412069,0.41307852,1.13498e-14,3.80213e-15,1.66729e-14,2.0524613e-14,-0.0281152,0.0065221,0.412069,0.41307852
2123,2124,-0.0280313,0.00764818,0.405188,0.40622848,1.11915e-14,2.06322e-15,2.08921e-14,2.3790469e-14,-0.0280313,0.00764818,0.405188,0.40622848
2124,2125,-0.0278945,0.008605,0.397997,0.39906612,1.13212e-14,2.82629e-15,2.01106e-14,2.3250672e-14,-0.0278945,0.008605,0.397997,0.39906612
2125,2126,-0.0281309,0.010031,0.385035,0.38619155,1.04859e-14,2.18922e-15,1.71295e-14,2.0203133e-14,-0.0281309,0.010031,0.385035,0.38619155
2126,2127,-0.0278434,0.0105237,0.377439,0.37861088,1.15944e-14,3.30544e-15,2.02725e-14,2.3586656e-14,-0.0278434,0.0105237,0.377439,0.37861088
2127,2128,-0.0245826,0.00331126,0.424962,0.42568532,1.21982e-14,2.23711e-15,1.98122e-14,2.3373576e-14,-0.0245826,0.00331126,0.424962,0.42568532
2128,2129,-0.0255018,0.0025404,0.432639,0.4333974,1.39556e-14,2.01929e-15,2.02297e-14,2.4659218e-14,-0.0255018,0.0025404,0.432639,0.4333974
2129,2130,-0.0237989,0.00462542,0.417364,0.41806757,1.18472e-14,2.66651e-15,1.89942e-14,2.2544314e-14,-0.0237989,0.00462542,0.417364,0.41806757
2130,2131,-0.0235564,0.00557993,0.409896,0.41061023,1.10729e-14,1.49055e-15,1.9839e-14,2.2768769e-14,-0.0235564,0.00557993,0.409896,0.41061023
2131,2132,-0.023917,0.00640725,0.403419,0.4041781,1.14585e-14,1.36671e-15,2.37872e-14,2.6438534e-14,-0.023917,0.00640725,0.403419,0.4041781
2132,2133,-0.0278175,0.00936283,0.39113,0.39222974,1.16062e-14,2.52314e-15,2.1153e-14,2.4259422e-14,-0.0278175,0.00936283,0.39113,0.39222974
2133,2134,-0.0237367,0.00706557,0.396085,0.3968585,1.19002e-14,1.16774e-15,1.71769e-14,2.0929029e-14,-0.0237367,0.00706557,0.396085,0.3968585
2134,2135,-0.0250591,0.00934862,0.383472,0.3844036,1.0119e-14,3.29042e-15,1.48034e-14,1.823079e-14,-0.0250591,0.00934862,0.383472,0.3844036
2135,2136,-0.021627,0.00756856,0.37721,0.37790525,9.21794e-15,3.3303e-15,1.61118e-14,1.8858723e-14,-0.021627,0.00756856,0.37721,0.37790525
2136,2137,-0.0233685,0.00792897,0.387166,0.3879516,1.08191e-14,3.59108e-15,1.2282e-14,1.6756978e-14,-0.0233685,0.00792897,0.387166,0.3879516
2137,2138,-0.023526,0.00976082,0.368253,0.3691328,1.09081e-14,2.1344e-15,1.76121e-14,2.0826146e-14,-0.023526,0.00976082,0.368253,0.3691328
2138,2139,-0.0243134,0.00936017,0.376782,0.37768164,9.02349e-15,2.32647e-15,1.84434e-14,2.0663853e-14,-0.0243134,0.00936017,0.376782,0.37768164
2139,2140,-0.0275036,0.0107059,0.368773,0.36995217,1.05594e-14,2.68589e-15,1.90808e-14,2.1972524e-14,-0.0275036,0.0107059,0.368773,0.36995217
2140,2141,-0.0199665,0.00277845,0.415477,0.41596577,1.27061e-14,2.24485e-15,1.91642e-14,2.3103049e-14,-0.0199665,0.00277845,0.415477,0.41596577
2141,2142,-0.0211614,0.00497644,0.401366,0.40195426,1.09291e-14,3.95943e-16,1.53351e-14,1.8835267e-14,-0.0211614,0.00497644,0.401366,0.40195426
2142,2143,-0.0176368,0.00324661,0.395547,0.3959533,1.21981e-14,1.21384e-15,1.91967e-14,2.2776752e-14,-0.0176368,0.00324661,0.395547,0.3959533
2143,2144,-0.0194095,0.00353887,0.405419,0.40589878,1.25988e-14,2.31098e-15,1.89492e-14,2.287231e-14,-0.0194095,0.00353887,0.405419,0.40589878
2144,2145,-0.0204146,0.00520172,0.395032,0.39559332,1.21207e-14,2.08382e-15,1.66749e-14,2.07197e-14,-0.0204146,0.00520172,0.395032,0.39559332
2145,2146,-0.0166238,0.00323576,0.38613,0.38650122,1.16424e-14,3.69966e-15,1.55024e-14,1.9737208e-14,-0.0166238,0.00323576,0.38613,0.38650122
2146,2147,-0.01855,0.00559845,0.376999,0.3774966,1.08003e-14,3.29532e-15,1.63484e-14,1.9868967e-14,-0.01855,0.00559845,0.376999,0.3774966
2147,2148,-0.0195444,0.00561386,0.386519,0.38705355,1.20077e-14,2.38872e-15,1.2319e-14,1.7368033e-14,-0.0195444,0.00561386,0.386519,0.38705355
2148,2149,-0.0205421,0.00769682,0.367629,0.36828288,1.15429e-14,3.18611e-15,1.87294e-14,2.2230165e-14,-0.0205421,0.00769682,0.367629,0.36828288
2149,2150,-0.0155303,0.00116413,0.405028,0.4053273,1.19106e-14,1.75446e-15,1.9459e-14,2.288216e-14,-0.0155303,0.00116413,0.405028,0.4053273
2150,2151,-0.0144173,0.00118552,0.395325,0.3955896,1.32539e-14,3.65366e-15,1.61274e-14,2.1192173e-14,-0.0144173,0.00118552,0.395325,0.3955896
2151,2152,-0.0157101,0.00325966,0.376566,0.37690768,1.16409e-14,4.49013e-15,1.65648e-14,2.0737996e-14,-0.0157101,0.00325966,0.376566,0.37690768
2152,2153,-0.0134599,0.00138121,0.385799,0.3860362,1.21685e-14,3.66703e-15,1.97671e-14,2.3500163e-14,-0.0134599,0.00138121,0.385799,0.3860362
2153,2154,-0.0145537,0.00360852,0.366888,0.36719427,1.19829e-14,3.43506e-15,1.57197e-14,2.0062365e-14,-0.0145537,0.00360852,0.366888,0.36719427
2154,2155,-0.0125601,0.00150515,0.376189,0.37640163,1.27102e-14,4.80289e-15,1.82579e-14,2.2758908e-14,-0.0125601,0.00150515,0.376189,0.37640163
2155,2156,-0.0177029,0.0055573,0.367182,0.36765048,1.20787e-14,4.59332e-15,1.45979e-14,1.9495956e-14,-0.0177029,0.0055573,0.367182,0.36765048
2156,2157,-0.00986965,0.000125441,0.385729,0.3858553,1.24645e-14,4.07091e-15,1.97079e-14,2.3671447e-14,-0.00986965,0.000125441,0.385729,0.3858553
2157,2158,-0.00897016,0.000228837,0.376022,0.37612906,1.31012e-14,3.76024e-15,1.84932e-14,2.2973446e-14,-0.00897016,0.000228837,0.376022,0.37612906
2158,2159,-0.0115203,0.00167679,0.366451,0.36663586,1.196e-14,2.58977e-15,1.9645e-14,2.3144643e-14,-0.0115203,0.00167679,0.366451,0.36663586
2159,2160,-0.00527572,-0.0018225,0.365595,0.36563763,1.3457e-14,3.66776e-15,1.8569e-14,2.3223932e-14,-0.00527572,-0.0018225,0.365595,0.36563763
2160,2161,-0.00820992,0.000140004,0.366147,0.36623907,1.2754e-14,2.62085e-15,2.05055e-14,2.42901e-14,-0.00820992,0.000140004,0.366147,0.36623907
2161,2162,-0.0318211,0.0119565,0.361833,0.36342627,1.01392e-14,-3.3857e-16,2.34178e-14,2.5520803e-14,-0.0318211,0.0119565,0.361833,0.36342627
2162,2163,-0.0316596,0.0126539,0.355162,0.35679474,1.02224e-14,4.72114e-18,2.10947e-14,2.3441071e-14,-0.0316596,0.0126539,0.355162,0.35679474
2163,2164,-0.0313616,0.0148956,0.341346,0.34310716,8.88095e-15,2.63903e-15,1.51676e-14,1.7773347e-14,-0.0313616,0.0148956,0.341346,0.34310716
2164,2165,-0.0312132,0.0158317,0.334904,0.33672777,8.62067e-15,3.35366e-15,1.39903e-14,1.6771747e-14,-0.0312132,0.0158317,0.334904,0.33672777
2165,2166,-0.0310598,0.0167166,0.328454,0.33034253,9.78381e-15,3.81921e-15,9.28782e-15,1.4020445e-14,-0.0310598,0.0167166,0.328454,0.33034253
2166,2167,-0.0308961,0.0177676,0.321346,0.32331643,1.02909e-14,3.60754e-15,1.14393e-14,1.5804256e-14,-0.0308961,0.0177676,0.321346,0.32331643
2167,2168,-0.0307475,0.0189371,0.314519,0.31658524,6.99135e-15,3.55508e-15,1.94756e-14,2.0995633e-14,-0.0307475,0.0189371,0.314519,0.31658524
2168,2169,-0.030612,0.0199958,0.308233,0.3103941,8.79148e-15,5.42388e-15,1.39597e-14,1.7366112e-14,-0.030612,0.0199958,0.308233,0.3103941
2169,2170,-0.030464,0.0210201,0.301481,0.30374447,8.17082e-15,4.07988e-15,1.67918e-14,1.9114713e-14,-0.030464,0.0210201,0.301481,0.30374447
2170,2171,-0.0302909,0.022072,0.294375,0.29675135,8.30952e-15,4.90969e-15,1.76371e-14,2.0105233e-14,-0.0302909,0.022072,0.294375,0.29675135
2171,2172,-0.0271276,0.0115232,0.36096,0.36216134,9.4424e-15,2.73133e-15,2.06001e-14,2.2825056e-14,-0.0271276,0.0115232,0.36096,0.36216134
2172,2173,-0.0315074,0.0137785,0.348429,0.3501219,1.03086e-14,2.54156e-15,1.6117e-14,1.9299857e-14,-0.0315074,0.0137785,0.348429,0.3501219
2173,2174,-0.0268572,0.0122796,0.353995,0.35522464,1.04766e-14,1.19451e-15,1.90162e-14,2.1744007e-14,-0.0268572,0.0122796,0.353995,0.35522464
2174,2175,-0.0266282,0.0134703,0.347423,0.34870222,9.74181e-15,1.7552e-15,1.71585e-14,1.9809031e-14,-0.0266282,0.0134703,0.347423,0.34870222
2175,2176,-0.0264541,0.0147425,0.340658,0.34200153,1.04857e-14,4.69421e-15,1.29627e-14,1.7321002e-14,-0.0264541,0.0147425,0.340658,0.34200153
2176,2177,-0.0263352,0.0156796,0.33406,0.33546308,1.07987e-14,4.00542e-15,1.49548e-14,1.8875946e-14,-0.0263352,0.0156796,0.33406,0.33546308
2177,2178,-0.0262219,0.0165471,0.327593,0.3290571,7.88091e-15,4.81959e-15,1.19619e-14,1.511371e-14,-0.0262219,0.0165471,0.327593,0.3290571
2178,2179,-0.0261179,0.0175705,0.320676,0.32221726,8.7695e-15,4.02119e-15,1.36281e-14,1.6697281e-14,-0.0261179,0.0175705,0.320676,0.32221726
2179,2180,-0.0260285,0.0187702,0.313866,0.31550223,1.04134e-14,4.46421e-15,1.0758e-14,1.5623785e-14,-0.0260285,0.0187702,0.313866,0.31550223
2180,2181,-0.0259342,0.0198758,0.307544,0.30927485,9.90516e-15,4.91647e-15,1.38574e-14,1.772883e-14,-0.0259342,0.0198758,0.307544,0.30927485
2181,2182,-0.025846,0.0208905,0.301009,0.302838,9.86464e-15,5.2155e-15,7.95471e-15,1.3703648e-14,-0.025846,0.0208905,0.301009,0.302838
2182,2183,-0.0229693,0.010106,0.359568,0.3604426,1.00703e-14,3.67295e-15,1.7397e-14,2.0434214e-14,-0.0229693,0.010106,0.359568,0.3604426
2183,2184,-0.0225422,0.0105056,0.351421,0.35229993,1.22197e-14,1.29863e-15,1.73482e-14,2.125953e-14,-0.0225422,0.0105056,0.351421,0.35229993
2184,2185,-0.0221533,0.0114986,0.344274,0.34517762,1.22826e-14,3.69265e-15,1.54729e-14,2.0097476e-14,-0.0221533,0.0114986,0.344274,0.34517762
2185,2186,-0.0217982,0.0129406,0.337784,0.33873388,1.17469e-14,4.44699e-15,1.09788e-14,1.6682309e-14,-0.0217982,0.0129406,0.337784,0.33873388
2186,2187,-0.021619,0.0141122,0.331315,0.33231938,9.56348e-15,2.76315e-15,1.94001e-14,2.1805023e-14,-0.021619,0.0141122,0.331315,0.33231938
2187,2188,-0.0213704,0.0155993,0.325338,0.32641208,9.19278e-15,3.61845e-15,2.02903e-14,2.2567602e-14,-0.0213704,0.0155993,0.325338,0.32641208
2188,2189,-0.0214552,0.0163232,0.318374,0.31951335,9.73948e-15,4.38171e-15,1.23569e-14,1.6332477e-14,-0.0214552,0.0163232,0.318374,0.31951335
2189,2190,-0.0215078,0.0175053,0.31166,0.3128913,1.08508e-14,2.83261e-15,1.1329e-14,1.5940821e-14,-0.0215078,0.0175053,0.31166,0.3128913
2190,2191,-0.0215059,0.018643,0.305039,0.3063639,1.00386e-14,1.96819e-15,1.34742e-14,1.6917486e-14,-0.0215059,0.018643,0.305039,0.3063639
2191,2192,-0.0255977,0.02197,0.294059,0.29598755,8.64579e-15,7.09001e-15,1.00097e-14,1.5007066e-14,-0.0255977,0.02197,0.294059,0.29598755
2192,2193,-0.0217019,0.0199422,0.29937,0.3008173,1.01433e-14,2.74535e-15,1.44884e-14,1.7897967e-14,-0.0217019,0.0199422,0.29937,0.3008173
2193,2194,-0.0196741,0.00784452,0.358156,0.35878173,1.07e-14,2.47166e-15,1.87217e-14,2.1704865e-14,-0.0196741,0.00784452,0.358156,0.35878173
2194,2195,-0.0188431,0.00817804,0.348922,0.34952614,1.24222e-14,2.59393e-15,1.97173e-14,2.3448059e-14,-0.0188431,0.00817804,0.348922,0.34952614
2195,2196,-0.0169691,0.00504085,0.356802,0.35724083,1.26221e-14,4.45625e-15,1.93427e-14,2.3522662e-14,-0.0169691,0.00504085,0.356802,0.35724083
2196,2197,-0.018017,0.00918688,0.340883,0.3414824,1.25744e-14,2.96773e-15,1.85147e-14,2.2576914e-14,-0.018017,0.00918688,0.340883,0.3414824
2197,2198,-0.0172283,0.0109871,0.334428,0.3350517,1.10653e-14,3.1683e-15,1.93386e-14,2.2504676e-14,-0.0172283,0.0109871,0.334428,0.3350517
2198,2199,-0.0169303,0.0123378,0.328006,0.3286743,9.96275e-15,6.57988e-15,1.85268e-14,2.2040724e-14,-0.0169303,0.0123378,0.328006,0.3286743
2199,2200,-0.0167965,0.0137345,0.321785,0.32251567,1.11786e-14,2.28744e-15,1.79274e-14,2.1250532e-14,-0.0167965,0.0137345,0.321785,0.32251567
2200,2201,-0.0168596,0.0147775,0.314932,0.31572896,1.15983e-14,3.5692e-15,1.63246e-14,2.0340902e-14,-0.0168596,0.0147775,0.314932,0.31572896
2201,2202,-0.0173443,0.0158611,0.308543,0.3094369,1.06013e-14,3.73109e-15,1.37629e-14,1.776868e-14,-0.0173443,0.0158611,0.308543,0.3094369
2202,2203,-0.0188025,0.0187142,0.297244,0.29842547,1.15329e-14,3.04406e-15,9.1808e-15,1.505195e-14,-0.0188025,0.0187142,0.297244,0.29842547
2203,2204,-0.0149897,0.017354,0.291568,0.2924684,8.78784e-15,3.18382e-15,1.64385e-14,1.8909975e-14,-0.0149897,0.017354,0.291568,0.2924684
2204,2205,-0.0171089,0.0170962,0.300663,0.30163428,1.1348e-14,1.91864e-15,1.44652e-14,1.8485137e-14,-0.0171089,0.0170962,0.300663,0.30163428
2205,2206,-0.0212005,0.0211547,0.292968,0.29449487,9.82643e-15,4.97511e-15,1.12693e-14,1.5757777e-14,-0.0212005,0.0211547,0.292968,0.29449487
2206,2207,-0.0136313,0.00335389,0.356532,0.35680827,1.25024e-14,4.87478e-15,1.47844e-14,1.996627e-14,-0.0136313,0.00335389,0.356532,0.35680827
2207,2208,-0.0155212,0.0058619,0.347154,0.3475502,1.27529e-14,4.01339e-15,1.49748e-14,2.007457e-14,-0.0155212,0.0058619,0.347154,0.3475502
2208,2209,-0.0140025,0.00735013,0.338804,0.3391729,1.19433e-14,2.37801e-15,1.98789e-14,2.33124e-14,-0.0140025,0.00735013,0.338804,0.3391729
2209,2210,-0.0119221,0.004617,0.347085,0.34732038,1.17318e-14,2.43275e-15,1.88735e-14,2.2355366e-14,-0.0119221,0.004617,0.347085,0.34732038
2210,2211,-0.0128707,0.00895522,0.331283,0.33165386,1.17706e-14,1.5924e-15,2.06293e-14,2.3804428e-14,-0.0128707,0.00895522,0.331283,0.33165386
2211,2212,-0.0123346,0.0104572,0.324266,0.32466894,1.14812e-14,2.13822e-15,1.7306e-14,2.087792e-14,-0.0123346,0.0104572,0.324266,0.32466894
2212,2213,-0.0126288,0.0116718,0.317968,0.3184327,9.98478e-15,2.7046e-15,1.92077e-14,2.1816198e-14,-0.0126288,0.0116718,0.317968,0.3184327
2213,2214,-0.0144276,0.0141803,0.306035,0.30670288,1.13054e-14,4.35062e-15,1.74167e-14,2.1215123e-14,-0.0144276,0.0141803,0.306035,0.30670288
2214,2215,-0.0104708,0.0126461,0.300224,0.30067262,1.12444e-14,1.43232e-15,1.91132e-14,2.2221667e-14,-0.0104708,0.0126461,0.300224,0.30067262
2215,2216,-0.0124066,0.012825,0.309905,0.31041828,1.11347e-14,3.9214e-15,1.71175e-14,2.0793454e-14,-0.0124066,0.012825,0.309905,0.31041828
2216,2217,-0.0121466,0.014732,0.290552,0.2911787,9.7791e-15,2.16736e-15,1.47783e-14,1.7852912e-14,-0.0121466,0.014732,0.290552,0.2911787
2217,2218,-0.0136121,0.0143733,0.299369,0.3000228,1.01255e-14,3.43463e-15,1.33042e-14,1.706822e-14,-0.0136121,0.0143733,0.299369,0.3000228
2218,2219,-0.010185,0.00212455,0.356613,0.35676473,1.25503e-14,4.19346e-15,1.86669e-14,2.2881177e-14,-0.010185,0.00212455,0.356613,0.35676473
2219,2220,-0.0084231,0.00335881,0.347194,0.3473124,1.20553e-14,2.01288e-15,1.86994e-14,2.2339415e-14,-0.0084231,0.00335881,0.347194,0.3473124
2220,2221,-0.00686854,0.000816036,0.356521,0.35658813,1.27537e-14,2.85376e-15,1.72706e-14,2.1658126e-14,-0.00686854,0.000816036,0.356521,0.35658813
2221,2222,-0.010112,0.00607614,0.338092,0.33829775,1.19103e-14,2.77918e-15,2.16357e-14,2.485322e-14,-0.010112,0.00607614,0.338092,0.33829775
2222,2223,-0.00879027,0.00720625,0.329108,0.32930425,1.11341e-14,2.20444e-15,1.76236e-14,2.0962322e-14,-0.00879027,0.00720625,0.329108,0.32930425
2223,2224,-0.00673436,0.00450804,0.337776,0.33787322,1.16323e-14,3.86832e-15,1.93424e-14,2.2899842e-14,-0.00673436,0.00450804,0.337776,0.33787322
2224,2225,-0.00950145,0.0101203,0.315565,0.31587017,1.049e-14,1.59727e-15,1.81323e-14,2.1008848e-14,-0.00950145,0.0101203,0.315565,0.31587017
2225,2226,-0.0053827,0.00890835,0.309988,0.31016266,9.70795e-15,1.24716e-15,2.04933e-14,2.2710681e-14,-0.0053827,0.00890835,0.309988,0.31016266
2226,2227,-0.00780838,0.00850935,0.3195,0.31970868,9.8299e-15,1.97575e-15,2.25697e-14,2.4696596e-14,-0.00780838,0.00850935,0.3195,0.31970868
2227,2228,-0.00688792,0.0112094,0.300494,0.30078185,8.04968e-15,7.3712e-16,1.83921e-14,2.009005e-14,-0.00688792,0.0112094,0.300494,0.30078185
2228,2229,-0.00845793,0.0105967,0.309084,0.30938122,1.10629e-14,1.30785e-15,1.88997e-14,2.193848e-14,-0.00845793,0.0105967,0.309084,0.30938122
2229,2230,-0.00883841,0.0130929,0.29068,0.2911089,8.58332e-15,1.48694e-15,1.43632e-14,1.679839e-14,-0.00883841,0.0130929,0.29068,0.2911089
2230,2231,-0.00372476,-0.00077515,0.356282,0.35630232,1.25905e-14,2.86061e-15,1.84784e-14,2.2542295e-14,-0.00372476,-0.00077515,0.356282,0.35630232
2231,2232,-0.00531076,0.00165078,0.346877,0.3469216,1.17129e-14,2.62331e-15,1.77552e-14,2.1431773e-14,-0.00531076,0.00165078,0.346877,0.3469216
2232,2233,-0.00366564,0.00268082,0.337414,0.33744454,1.23508e-14,2.61663e-15,1.97563e-14,2.3445689e-14,-0.00366564,0.00268082,0.337414,0.33744454
2233,2234,-0.00221491,0.00016789,0.346801,0.34680814,1.15623e-14,2.9928e-15,1.77713e-14,2.1411743e-14,-0.00221491,0.00016789,0.346801,0.34680814
2234,2235,-0.0052297,0.00540105,0.32838,0.32846603,1.03112e-14,2.59618e-15,2.0284e-14,2.2902e-14,-0.0052297,0.00540105,0.32838,0.32846603
2235,2236,-0.00368778,0.00660912,0.319459,0.31954864,9.86812e-15,3.81329e-15,2.02595e-14,2.2855378e-14,-0.00368778,0.00660912,0.319459,0.31954864
2236,2237,-0.00215647,0.0036718,0.328217,0.32824463,1.01219e-14,4.01548e-15,1.73489e-14,2.0483195e-14,-0.00215647,0.0036718,0.328217,0.32824463
2237,2238,-0.0022116,0.00709789,0.310031,0.3101201,1.18334e-14,2.4685e-15,1.69851e-14,2.0847456e-14,-0.0022116,0.00709789,0.310031,0.3101201
2238,2239,-0.000729686,0.00439938,0.319049,0.31908017,9.92213e-15,5.05341e-15,1.85808e-14,2.1661758e-14,-0.000729686,0.00439938,0.319049,0.31908017
2239,2240,-0.0036996,0.00953094,0.300716,0.30088976,9.03212e-15,2.27557e-15,1.92367e-14,2.1373067e-14,-0.0036996,0.00953094,0.300716,0.30088976
2240,2241,-0.00201829,0.0105238,0.291287,0.29148403,1.0429e-14,1.76333e-15,1.53618e-14,1.8650959e-14,-0.00201829,0.0105238,0.291287,0.29148403
2241,2242,-0.000689872,0.00788064,0.300663,0.30076703,1.0576e-14,3.04995e-16,1.91556e-14,2.1883369e-14,-0.000689872,0.00788064,0.300663,0.30076703
2242,2243,-0.00531654,0.0119439,0.291072,0.29136547,8.60884e-15,2.05865e-15,1.60782e-14,1.835371e-14,-0.00531654,0.0119439,0.291072,0.29136547
2243,2244,0.00270361,-0.00451276,0.345927,0.345967,1.20196e-14,1.49215e-15,2.31872e-14,2.6159962e-14,0.00270361,-0.00451276,0.345927,0.345967
2244,2245,0.00136741,-0.0051799,0.355455,0.3554954,1.17218e-14,4.86977e-15,1.66486e-14,2.0935404e-14,0.00136741,-0.0051799,0.355455,0.3554954
2245,2246,0.000373531,-0.00207269,0.346335,0.3463414,1.04445e-14,1.58578e-15,1.9077e-14,2.1806746e-14,0.000373531,-0.00207269,0.346335,0.3463414
2246,2247,0.00398828,-0.00391646,0.336367,0.33641344,1.31736e-14,3.16503e-15,1.60824e-14,2.1028665e-14,0.00398828,-0.00391646,0.336367,0.33641344
2247,2248,-0.000747806,0.000862984,0.337144,0.33714592,1.40791e-14,1.4727e-15,2.04066e-14,2.4835845e-14,-0.000747806,0.000862984,0.337144,0.33714592
2248,2249,0.000555791,0.0015289,0.32789,0.32789403,1.19578e-14,3.48376e-15,2.07545e-14,2.420485e-14,0.000555791,0.0015289,0.32789,0.32789403
2249,2250,0.00171025,-0.00144614,0.336746,0.33675346,1.30914e-14,5.11472e-16,2.04514e-14,2.4287984e-14,0.00171025,-0.00144614,0.336746,0.33675346
2250,2251,0.00180756,0.00209657,0.31868,0.318692,9.43295e-15,4.27257e-15,2.0123e-14,2.2631186e-14,0.00180756,0.00209657,0.31868,0.318692
2251,2252,0.00299418,-0.000845496,0.327503,0.32751778,1.11665e-14,3.69154e-15,2.13239e-14,2.4352143e-14,0.00299418,-0.000845496,0.327503,0.32751778
2252,2253,0.00539698,0.00021814,0.309024,0.3090712,1.08595e-14,2.90028e-15,1.31442e-14,1.7294807e-14,0.00539698,0.00021814,0.309024,0.3090712
2253,2254,0.00423194,-0.000274121,0.318342,0.31837025,1.13825e-14,3.21391e-15,1.69981e-14,2.0708112e-14,0.00423194,-0.000274121,0.318342,0.31837025
2254,2255,0.000657143,0.00505023,0.309848,0.30988985,1.10843e-14,2.80406e-15,1.60753e-14,1.9726625e-14,0.000657143,0.00505023,0.309848,0.30988985
2255,2256,0.0020726,0.00580968,0.300373,0.30043632,1.14788e-14,1.02482e-15,1.54624e-14,1.928468e-14,0.0020726,0.00580968,0.300373,0.30043632
2256,2257,0.0030415,0.00263454,0.30936,0.30938616,1.11568e-14,3.78566e-15,1.59066e-14,1.9794577e-14,0.0030415,0.00263454,0.30936,0.30938616
2257,2258,0.0035366,0.00656553,0.290878,0.29097357,1.10917e-14,9.16993e-16,1.61383e-14,1.9603863e-14,0.0035366,0.00656553,0.290878,0.29097357
2258,2259,0.0044141,0.00332985,0.299828,0.29987898,1.04755e-14,1.41337e-15,1.47794e-14,1.8170425e-14,0.0044141,0.00332985,0.299828,0.29987898
2259,2260,0.00101666,0.00884852,0.291307,0.2914431,9.413e-15,2.02354e-15,1.65845e-14,1.9176677e-14,0.00101666,0.00884852,0.291307,0.2914431
2260,2261,-0.0301311,0.02302,0.287953,0.29043886,9.06068e-15,4.48373e-15,1.60678e-14,1.8983518e-14,-0.0301311,0.02302,0.287953,0.29043886
2261,2262,-0.0299787,0.0239644,0.281525,0.28412908,8.67936e-15,2.90096e-15,1.54569e-14,1.7962811e-14,-0.0299787,0.0239644,0.281525,0.28412908
2262,2263,-0.0298184,0.0250738,0.274335,0.27708757,6.28442e-15,3.88098e-15,1.63153e-14,1.7909353e-14,-0.0298184,0.0250738,0.274335,0.27708757
2263,2264,-0.0296685,0.0260183,0.267167,0.27006552,6.15205e-15,2.59595e-15,1.53153e-14,1.6707635e-14,-0.0296685,0.0260183,0.267167,0.27006552
2264,2265,-0.0295373,0.0268539,0.260813,0.26385033,7.76976e-15,2.51067e-15,1.30022e-14,1.5353495e-14,-0.0295373,0.0268539,0.260813,0.26385033
2265,2266,-0.0293844,0.0276786,0.254088,0.2572747,8.95843e-15,2.1289e-15,9.86568e-15,1.3495085e-14,-0.0293844,0.0276786,0.254088,0.2572747
2266,2267,-0.0291974,0.0285858,0.246535,0.24989827,7.79455e-15,2.27308e-15,1.04941e-14,1.32683095e-14,-0.0291974,0.0285858,0.246535,0.24989827
2267,2268,-0.0290242,0.029513,0.239438,0.24298966,8.99131e-15,1.7351e-15,1.11847e-14,1.4455163e-14,-0.0290242,0.029513,0.239438,0.24298966
2268,2269,-0.0253231,0.0229665,0.287469,0.28949463,9.06218e-15,3.77544e-15,1.4814e-14,1.7771654e-14,-0.0253231,0.0229665,0.287469,0.28949463
2269,2270,-0.0251147,0.0239936,0.281039,0.28317726,7.4512e-15,2.47854e-15,1.60389e-14,1.7858046e-14,-0.0251147,0.0239936,0.281039,0.28317726
2270,2271,-0.0249791,0.0251093,0.274038,0.2763173,6.42159e-15,3.37847e-15,1.3051e-14,1.4932498e-14,-0.0249791,0.0251093,0.274038,0.2763173
2271,2272,-0.0249126,0.0260554,0.266908,0.2693314,7.30141e-15,3.20268e-15,1.06601e-14,1.33118554e-14,-0.0249126,0.0260554,0.266908,0.2693314
2272,2273,-0.0248226,0.0269074,0.260494,0.2630538,7.86413e-15,3.58932e-15,8.66494e-15,1.2239646e-14,-0.0248226,0.0269074,0.260494,0.2630538
2273,2274,-0.0246594,0.0277635,0.253834,0.25653577,6.85359e-15,3.36497e-15,1.47461e-14,1.6605486e-14,-0.0246594,0.0277635,0.253834,0.25653577
2274,2275,-0.0244469,0.0287499,0.246487,0.24935928,6.82771e-15,1.71541e-15,1.38817e-14,1.5564764e-14,-0.0244469,0.0287499,0.246487,0.24935928
2275,2276,-0.0206373,0.0221801,0.286008,0.28760812,8.38899e-15,3.37671e-15,1.86504e-14,2.072715e-14,-0.0206373,0.0221801,0.286008,0.28760812
2276,2277,-0.0203499,0.0229465,0.279012,0.28069264,8.67384e-15,2.79594e-15,1.5347e-14,1.7848898e-14,-0.0203499,0.0229465,0.279012,0.28069264
2277,2278,-0.0202456,0.0238713,0.272017,0.27381194,7.32382e-15,3.64973e-15,1.65659e-14,1.8476685e-14,-0.0202456,0.0238713,0.272017,0.27381194
2278,2279,-0.0202178,0.0249271,0.265056,0.26699215,7.83518e-15,2.26915e-15,1.47529e-14,1.6857851e-14,-0.0202178,0.0249271,0.265056,0.26699215
2279,2280,-0.0201803,0.0258434,0.258486,0.26055735,9.45666e-15,4.06083e-15,1.12552e-14,1.5251174e-14,-0.0201803,0.0258434,0.258486,0.26055735
2280,2281,-0.0200404,0.0267683,0.251927,0.2541365,7.74469e-15,3.25212e-15,1.38139e-14,1.6167262e-14,-0.0200404,0.0267683,0.251927,0.2541365
2281,2282,-0.0242402,0.0297626,0.239479,0.24253576,7.74713e-15,1.47131e-15,1.93644e-14,2.0908437e-14,-0.0242402,0.0297626,0.239479,0.24253576
2282,2283,-0.0197955,0.028077,0.245232,0.24762656,7.31695e-15,1.37251e-15,1.62387e-14,1.7863845e-14,-0.0197955,0.028077,0.245232,0.24762656
2283,2284,-0.0167122,0.0202708,0.284029,0.28524145,8.44291e-15,4.51596e-15,1.26361e-14,1.5853948e-14,-0.0167122,0.0202708,0.284029,0.28524145
2284,2285,-0.0177752,0.0193641,0.291512,0.2926947,6.84626e-15,4.10773e-15,1.42098e-14,1.6299175e-14,-0.0177752,0.0193641,0.291512,0.2926947
2285,2286,-0.0159462,0.0212532,0.276375,0.27764925,8.77303e-15,2.54175e-15,1.62323e-14,1.8625631e-14,-0.0159462,0.0212532,0.276375,0.27764925
2286,2287,-0.0155874,0.0222552,0.269127,0.27049512,7.66057e-15,2.25524e-15,1.50295e-14,1.7019292e-14,-0.0155874,0.0222552,0.269127,0.27049512
2287,2288,-0.015473,0.0233002,0.262171,0.26365876,7.98266e-15,2.90453e-15,1.37925e-14,1.6198524e-14,-0.015473,0.0233002,0.262171,0.26365876
2288,2289,-0.0154053,0.0244186,0.255488,0.2571142,8.40906e-15,2.89345e-15,1.49294e-14,1.7377321e-14,-0.0154053,0.0244186,0.255488,0.2571142
2289,2290,-0.0153611,0.0255584,0.248867,0.25064713,7.29984e-15,3.06878e-15,1.09087e-14,1.3479793e-14,-0.0153611,0.0255584,0.248867,0.25064713
2290,2291,-0.0195732,0.0288431,0.23804,0.24057862,6.08062e-15,1.83249e-15,1.59282e-14,1.714758e-14,-0.0195732,0.0288431,0.23804,0.24057862
2291,2292,-0.0155728,0.026824,0.243075,0.2450459,6.02568e-15,1.7432e-15,1.43757e-14,1.5684651e-14,-0.0155728,0.026824,0.243075,0.2450459
2292,2293,-0.019311,0.0297678,0.231472,0.23417583,6.77837e-15,2.89397e-15,1.41184e-14,1.5926412e-14,-0.019311,0.0297678,0.231472,0.23417583
2293,2294,-0.015229,0.0275562,0.236248,0.23833671,6.91621e-15,1.62773e-15,1.35044e-14,1.5259498e-14,-0.015229,0.0275562,0.236248,0.23833671
2294,2295,-0.0132786,0.018305,0.282924,0.28382632,8.81732e-15,4.33367e-15,1.20666e-14,1.5560483e-14,-0.0132786,0.018305,0.282924,0.28382632
2295,2296,-0.0120379,0.0192104,0.274206,0.27514157,8.82062e-15,1.79289e-15,1.4164e-14,1.6782035e-14,-0.0120379,0.0192104,0.274206,0.27514157
2296,2297,-0.0102849,0.0159723,0.281808,0.28244758,8.81578e-15,5.14816e-15,1.20767e-14,1.5813546e-14,-0.0102849,0.0159723,0.281808,0.28244758
2297,2298,-0.0114291,0.0197825,0.265693,0.26667348,7.25015e-15,3.84412e-15,1.15378e-14,1.4158488e-14,-0.0114291,0.0197825,0.265693,0.26667348
2298,2299,-0.0111848,0.0205586,0.258053,0.25911215,7.92904e-15,3.17725e-15,1.07393e-14,1.3722141e-14,-0.0111848,0.0205586,0.258053,0.25911215
2299,2300,-0.0108521,0.022082,0.25134,0.25254145,7.36303e-15,3.29505e-15,1.13054e-14,1.3888256e-14,-0.0108521,0.022082,0.25134,0.25254145
2300,2301,-0.0125992,0.0253022,0.240511,0.24216622,6.86584e-15,2.53943e-15,1.37713e-14,1.5596062e-14,-0.0125992,0.0253022,0.240511,0.24216622
2301,2302,-0.00857871,0.0239673,0.234614,0.235991,6.20554e-15,1.97057e-15,1.5834e-14,1.712038e-14,-0.00857871,0.0239673,0.234614,0.235991
2302,2303,-0.0106555,0.0235738,0.243512,0.24488235,6.69221e-15,3.11338e-15,1.33266e-14,1.5234076e-14,-0.0106555,0.0235738,0.243512,0.24488235
2303,2304,-0.0108003,0.0262644,0.226812,0.22858292,6.80305e-15,2.75701e-15,1.34709e-14,1.5341047e-14,-0.0108003,0.0262644,0.226812,0.22858292
2304,2305,-0.0116506,0.025824,0.234676,0.23637986,7.29228e-15,3.24043e-15,1.38448e-14,1.597987e-14,-0.0116506,0.025824,0.234676,0.23637986
2305,2306,-0.0146949,0.0285244,0.229246,0.2314807,6.61211e-15,1.80002e-15,1.56366e-14,1.7072296e-14,-0.0146949,0.0285244,0.229246,0.2314807
2306,2307,-0.0143262,0.0295412,0.222422,0.22483209,7.39867e-15,1.56811e-15,1.79726e-14,1.9499068e-14,-0.0143262,0.0295412,0.222422,0.22483209
2307,2308,-0.00691942,0.014387,0.281612,0.28206414,9.5633e-15,5.04136e-15,1.22836e-14,1.6363338e-14,-0.00691942,0.014387,0.281612,0.28206414
2308,2309,-0.00848558,0.0172007,0.272784,0.27345747,8.77387e-15,3.5391e-15,1.69087e-14,1.9375504e-14,-0.00848558,0.0172007,0.272784,0.27345747
2309,2310,-0.0072722,0.0180527,0.263808,0.26452497,7.89661e-15,4.00137e-15,1.50678e-14,1.7475869e-14,-0.0072722,0.0180527,0.263808,0.26452497
2310,2311,-0.00510756,0.0155678,0.272313,0.27280545,8.94593e-15,4.04488e-15,1.01216e-14,1.4100975e-14,-0.00510756,0.0155678,0.272313,0.27280545
2311,2312,-0.00643394,0.0191934,0.255691,0.25649107,6.8857e-15,3.39848e-15,1.29408e-14,1.5047486e-14,-0.00643394,0.0191934,0.255691,0.25649107
2312,2313,-0.00608889,0.02017,0.248251,0.24914347,6.50884e-15,1.42851e-15,1.35555e-14,1.5104874e-14,-0.00608889,0.02017,0.248251,0.24914347
2313,2314,-0.00572218,0.0211925,0.241007,0.24200462,5.90784e-15,1.99042e-15,1.32706e-14,1.4661962e-14,-0.00572218,0.0211925,0.241007,0.24200462
2314,2315,-0.00705228,0.0247109,0.225966,0.2274225,7.38142e-15,2.30155e-15,1.34881e-14,1.5547068e-14,-0.00705228,0.0247109,0.225966,0.2274225
2315,2316,-0.00476584,0.0222268,0.233486,0.23458996,6.85385e-15,2.96595e-15,1.11884e-14,1.3451856e-14,-0.00476584,0.0222268,0.233486,0.23458996
2316,2317,-0.00588252,0.0255407,0.217334,0.21890867,5.21845e-15,1.00045e-15,1.45149e-14,1.5456891e-14,-0.00588252,0.0255407,0.217334,0.21890867
2317,2318,-0.00346107,0.023301,0.225333,0.22656098,6.56823e-15,1.08771e-15,1.54004e-14,1.6777874e-14,-0.00346107,0.023301,0.225333,0.22656098
2318,2319,-0.0100681,0.0271963,0.219135,0.2210456,6.76881e-15,2.6841e-15,1.34173e-14,1.5265816e-14,-0.0100681,0.0271963,0.219135,0.2210456
2319,2320,-0.00359065,0.0129076,0.281594,0.28191257,9.38404e-15,3.68568e-15,1.21326e-14,1.5774803e-14,-0.00359065,0.0129076,0.281594,0.28191257
2320,2321,-0.00177225,0.0140744,0.272196,0.2725654,8.27167e-15,3.46268e-15,1.11772e-14,1.4329707e-14,-0.00177225,0.0140744,0.272196,0.2725654
2321,2322,-0.000368442,0.0115258,0.281721,0.2819569,8.81422e-15,2.83471e-15,1.28907e-14,1.5871237e-14,-0.000368442,0.0115258,0.281721,0.2819569
2322,2323,-0.00341859,0.0166636,0.263026,0.2635755,8.49811e-15,4.24434e-15,1.19343e-14,1.525319e-14,-0.00341859,0.0166636,0.263026,0.2635755
2323,2324,-0.00221604,0.0176955,0.254217,0.25484177,7.36012e-15,2.02888e-15,1.09564e-14,1.3354041e-14,-0.00221604,0.0176955,0.254217,0.25484177
2324,2325,-5.54148e-05,0.0152398,0.262775,0.26321656,9.7395e-15,3.0007e-15,9.95658e-15,1.424765e-14,-5.54148e-05,0.0152398,0.262775,0.26321656
2325,2326,-0.00140335,0.0188565,0.24613,0.24685526,7.53599e-15,1.49622e-15,7.88303e-15,1.1007814e-14,-0.00140335,0.0188565,0.24613,0.24685526
2326,2327,-0.000932348,0.019894,0.238524,0.23935401,5.76673e-15,2.60027e-15,1.28653e-14,1.4336405e-14,-0.000932348,0.019894,0.238524,0.23935401
2327,2328,-0.000799844,0.0210246,0.232036,0.23298793,5.93191e-15,3.01433e-15,1.29257e-14,1.4537794e-14,-0.000799844,0.0210246,0.232036,0.23298793
2328,2329,-0.0019322,0.0243236,0.216614,0.21798393,5.36367e-15,2.43515e-15,1.41466e-14,1.5324007e-14,-0.0019322,0.0243236,0.216614,0.21798393
2329,2330,0.000161186,0.022068,0.224691,0.22577216,7.02468e-15,2.88756e-15,1.10969e-14,1.3447131e-14,0.000161186,0.022068,0.224691,0.22577216
2330,2331,0.00241873,0.00951909,0.28145,0.2816213,8.19163e-15,2.40466e-15,1.59346e-14,1.807752e-14,0.00241873,0.00951909,0.28145,0.2816213
2331,2332,0.00618486,0.00787298,0.271328,0.27151263,1.0121e-14,4.68834e-15,1.2319e-14,1.6618451e-14,0.00618486,0.00787298,0.271328,0.27151263
2332,2333,0.00483534,0.00717119,0.281046,0.28117904,9.06587e-15,3.74186e-15,1.31478e-14,1.6402932e-14,0.00483534,0.00717119,0.281046,0.28117904
2333,2334,0.00137494,0.012477,0.272107,0.2723964,6.91203e-15,2.44163e-15,1.49686e-14,1.6667233e-14,0.00137494,0.012477,0.272107,0.2723964
2334,2335,0.00291835,0.0133633,0.262396,0.26275226,1.10048e-14,3.30008e-15,1.33819e-14,1.7637216e-14,0.00291835,0.0133633,0.262396,0.26275226
2335,2336,0.00385926,0.0102125,0.271568,0.27178735,1.03172e-14,2.64569e-15,1.57783e-14,1.9036781e-14,0.00385926,0.0102125,0.271568,0.27178735
2336,2337,0.00146684,0.0162825,0.253566,0.25409248,8.50249e-15,4.06569e-15,1.29357e-14,1.6004828e-14,0.00146684,0.0162825,0.253566,0.25409248
2337,2338,0.00253295,0.0171245,0.244353,0.2449654,7.89553e-15,3.86529e-15,1.16501e-14,1.459468e-14,0.00253295,0.0171245,0.244353,0.2449654
2338,2339,0.00420392,0.0140617,0.252911,0.2533365,8.64535e-15,3.21565e-15,1.4411e-14,1.7110213e-14,0.00420392,0.0140617,0.252911,0.2533365
2339,2340,0.00662044,0.0153396,0.233761,0.23435728,8.38821e-15,3.47595e-15,1.33401e-14,1.6136994e-14,0.00662044,0.0153396,0.233761,0.23435728
2340,2341,0.00538264,0.014603,0.243356,0.24385317,9.0317e-15,3.76798e-15,1.1251e-14,1.4911547e-14,0.00538264,0.014603,0.243356,0.24385317
2341,2342,0.00220392,0.0201063,0.230452,0.23133795,5.77052e-15,3.46907e-15,1.17066e-14,1.3504733e-14,0.00220392,0.0201063,0.230452,0.23133795
2342,2343,0.00580066,0.0186859,0.224704,0.2255542,7.54416e-15,4.19258e-15,1.24208e-14,1.512509e-14,0.00580066,0.0186859,0.224704,0.2255542
2343,2344,0.00347821,0.0182651,0.2344,0.23513629,6.19664e-15,3.40516e-15,1.31776e-14,1.4954685e-14,0.00347821,0.0182651,0.2344,0.23513629
2344,2345,0.00331604,0.0206051,0.224079,0.2250488,6.87665e-15,3.17167e-15,1.46086e-14,1.6454755e-14,0.00331604,0.0206051,0.224079,0.2250488
2345,2346,0.00715825,0.0190292,0.215106,0.21606466,6.38586e-15,3.12902e-15,1.06833e-14,1.2833661e-14,0.00715825,0.0190292,0.215106,0.21606466
2346,2347,0.00154513,0.0230486,0.216173,0.21740375,5.77348e-15,3.9715e-15,1.3721e-14,1.5406874e-14,0.00154513,0.0230486,0.216173,0.21740375
2347,2348,-0.00957062,0.0284236,0.212128,0.21423769,6.89201e-15,3.56919e-15,1.56759e-14,1.7492077e-14,-0.00957062,0.0284236,0.212128,0.21423769
2348,2349,-0.000724047,0.0253867,0.207906,0.20945145,6.46177e-15,2.87711e-15,1.40731e-14,1.5750695e-14,-0.000724047,0.0253867,0.207906,0.20945145
2349,2350,-0.00509251,0.0265658,0.209296,0.21103671,6.77227e-15,2.20915e-15,1.18737e-14,1.38466145e-14,-0.00509251,0.0265658,0.209296,0.21103671
2350,2351,-0.00470058,0.0275064,0.201955,0.20387378,6.24566e-15,2.93562e-15,1.25163e-14,1.4292792e-14,-0.00470058,0.0275064,0.201955,0.20387378
2351,2352,0.00294857,0.0238576,0.206899,0.20829085,7.03555e-15,2.38313e-15,1.29517e-14,1.4930667e-14,0.00294857,0.0238576,0.206899,0.20829085
2352,2353,0.00456443,0.0212155,0.215503,0.2165929,7.37705e-15,2.74542e-15,1.0577e-14,1.3184504e-14,0.00456443,0.0212155,0.215503,0.2165929
2353,2354,0.00398986,0.0246253,0.197401,0.19897105,5.7473e-15,3.48993e-15,1.30691e-14,1.4697362e-14,0.00398986,0.0246253,0.197401,0.19897105
2354,2355,0.00565468,0.0215986,0.205843,0.20705026,8.45254e-15,2.74276e-15,1.26505e-14,1.5459732e-14,0.00565468,0.0215986,0.205843,0.20705026
2355,2356,-4.86029e-05,0.0262158,0.199478,0.2011933,6.09413e-15,2.15118e-15,1.10219e-14,1.2776865e-14,-4.86029e-05,0.0262158,0.199478,0.2011933
2356,2357,0.000284076,0.027196,0.191987,0.19390386,6.02683e-15,2.25074e-15,8.06677e-15,1.0318008e-14,0.000284076,0.027196,0.191987,0.19390386
2357,2358,-0.0245573,-0.0168919,0.0157095,0.033692516,-1.30874e-15,-8.69652e-16,1.62864e-15,2.263087e-15,-0.0245573,-0.0168919,0.0157095,0.033692516
2358,2359,-0.0249255,-0.0122979,0.0124437,0.030452661,-1.76619e-15,-2.04845e-15,-7.94306e-16,2.8189532e-15,-0.0249255,-0.0122979,0.0124437,0.030452661
2359,2360,-0.0209772,-0.0168577,0.00936968,0.028495891,-5.39521e-16,-1.44938e-15,2.56902e-15,2.9986078e-15,-0.0209772,-0.0168577,0.00936968,0.028495891
2360,2361,-0.0213008,-0.0122804,0.00824412,0.025932562,-3.21798e-16,-6.50454e-16,-2.98898e-15,3.0758163e-15,-0.0213008,-0.0122804,0.00824412,0.025932562
2361,2362,-0.0212348,-0.00783919,0.00694211,0.023676202,-6.36025e-16,-1.19976e-16,-3.49866e-16,7.357502e-16,-0.0212348,-0.00783919,0.00694211,0.023676202
2362,2363,-0.0215227,-0.00344165,0.00565451,0.02251766,-3.01121e-15,1.51926e-16,1.44444e-15,3.3431831e-15,-0.0215227,-0.00344165,0.00565451,0.02251766
2363,2364,-0.0214064,0.000778692,0.00527503,0.022060513,-1.42399e-15,3.94389e-16,7.20486e-16,1.6438949e-15,-0.0214064,0.000778692,0.00527503,0.022060513
2364,2365,-0.0216591,0.00479554,0.00522864,0.022791501,-8.75555e-16,6.02823e-16,2.47478e-15,2.6934231e-15,-0.0216591,0.00479554,0.00522864,0.022791501
2365,2366,-0.0175456,0.00441079,0.00298324,0.018335836,-3.03231e-16,-1.07324e-15,1.34989e-16,1.1233945e-15,-0.0175456,0.00441079,0.00298324,0.018335836
2366,2367,-0.017379,0.000800679,0.00305226,0.017663155,-1.42998e-15,-3.88336e-16,-1.88947e-16,1.4937699e-15,-0.017379,0.000800679,0.00305226,0.017663155
2367,2368,-0.0218287,0.00914453,0.00578523,0.024363568,-1.74624e-15,-3.21999e-18,1.85309e-15,2.5462338e-15,-0.0218287,0.00914453,0.00578523,0.024363568
2368,2369,-0.0177982,0.00846654,0.00372985,0.020059163,8.17793e-17,-1.68798e-16,3.61369e-16,4.071464e-16,-0.0177982,0.00846654,0.00372985,0.020059163
2369,2370,-0.0216197,0.0134742,0.00684618,0.026378697,-2.38752e-15,3.77269e-16,1.0879e-15,2.650681e-15,-0.0216197,0.0134742,0.00684618,0.026378697
2370,2371,-0.0176943,0.0126139,0.00477102,0.022247726,-1.52937e-15,1.03116e-15,-3.37118e-15,3.842801e-15,-0.0176943,0.0126139,0.00477102,0.022247726
2371,2372,-0.0171356,-0.0165922,0.00419122,0.024217686,-8.32254e-16,-2.25519e-15,-3.32071e-16,2.426685e-15,-0.0171356,-0.0165922,0.00419122,0.024217686
2372,2373,-0.0170134,-0.0117992,0.00369088,0.02103092,-3.2436e-16,-1.78261e-15,-1.45411e-15,2.3232185e-15,-0.0170134,-0.0117992,0.00369088,0.02103092
2373,2374,-0.0160219,-0.00713875,0.00268446,0.017744558,-7.31335e-16,-1.37584e-15,-1.64667e-15,2.2670043e-15,-0.0160219,-0.00713875,0.00268446,0.017744558
2374,2375,-0.0173371,-0.00339988,0.00312224,0.017941087,-1.40114e-15,-1.62615e-17,-9.24156e-16,1.6785476e-15,-0.0173371,-0.00339988,0.00312224,0.017941087
2375,2376,-0.0128418,-0.00495843,0.00125642,0.013823041,-9.14785e-16,-6.05324e-16,-2.53697e-15,2.7639583e-15,-0.0128418,-0.00495843,0.00125642,0.013823041
2376,2377,-0.0130089,-0.0030887,0.00106267,0.013412711,-9.86955e-16,1.70182e-15,-2.82959e-15,3.4462808e-15,-0.0130089,-0.0030887,0.00106267,0.013412711
2377,2378,-0.0130214,3.94802e-06,0.000975866,0.013057917,-1.25147e-15,3.30295e-16,-2.1957e-15,2.5487977e-15,-0.0130214,3.94802e-06,0.000975866,0.013057917
2378,2379,-0.0129493,0.00358059,0.000718857,0.013454433,1.91875e-16,-1.34297e-16,-1.01773e-15,1.0443304e-15,-0.0129493,0.00358059,0.000718857,0.013454433
2379,2380,-0.0131758,0.00737915,0.0013477,0.01516146,-1.02891e-16,-3.74605e-16,-1.65654e-15,1.7014818e-15,-0.0131758,0.00737915,0.0013477,0.01516146
2380,2381,-0.0134759,0.0111979,0.002266,0.017667133,-6.14132e-16,2.96509e-16,-6.26732e-16,9.26212e-16,-0.0134759,0.0111979,0.002266,0.017667133
2381,2382,-0.0123309,-0.0160355,0.00118419,0.020263039,-1.20547e-15,-1.5048e-15,-1.15448e-15,2.2473105e-15,-0.0123309,-0.0160355,0.00118419,0.020263039
2382,2383,-0.0125979,-0.0114826,0.0010955,0.017080905,-2.08646e-16,-1.77262e-15,-1.91586e-15,2.6184412e-15,-0.0125979,-0.0114826,0.0010955,0.017080905
2383,2384,-0.00978951,-0.0134911,-0.000320459,0.016671741,-1.35091e-15,-1.5047e-15,-2.69742e-15,3.3712246e-15,-0.00978951,-0.0134911,-0.000320459,0.016671741
2384,2385,-0.00945103,-0.0104503,0.000226919,0.014091921,1.79932e-16,-2.24169e-15,-3.17835e-15,3.8935153e-15,-0.00945103,-0.0104503,0.000226919,0.014091921
2385,2386,-0.0118289,-0.00776007,0.00161294,0.014238791,-1.44663e-15,2.96297e-16,-1.50201e-15,2.1063153e-15,-0.0118289,-0.00776007,0.00161294,0.014238791
2386,2387,-0.0094562,-0.00497582,0.000564894,0.010700354,-6.69414e-16,2.30404e-16,-1.35669e-15,1.530297e-15,-0.0094562,-0.00497582,0.000564894,0.010700354
2387,2388,-0.00720934,-0.00267004,1.95726e-05,0.007687918,-6.34822e-16,8.32129e-16,2.17535e-16,1.0689991e-15,-0.00720934,-0.00267004,1.95726e-05,0.007687918
2388,2389,-0.0075444,-0.00135938,0.000581112,0.0076878853,-1.52077e-15,4.23703e-16,-2.95221e-16,1.6060577e-15,-0.0075444,-0.00135938,0.000581112,0.0076878853
2389,2390,-0.00715367,0.00217357,0.000608718,0.0075013293,1.49301e-16,1.08005e-15,-1.69736e-15,2.017382e-15,-0.00715367,0.00217357,0.000608718,0.0075013293
2390,2391,-0.00736155,0.00524003,0.000289437,0.009040692,-1.17367e-15,7.16713e-16,-2.36669e-15,2.737225e-15,-0.00736155,0.00524003,0.000289437,0.009040692
2391,2392,-0.0088098,0.00864047,0.00158041,0.012440579,-1.27712e-15,-6.34929e-16,4.65868e-15,4.8721115e-15,-0.0088098,0.00864047,0.00158041,0.012440579
2392,2393,-0.00862219,-0.0177669,-0.000612626,0.019758042,-2.11492e-16,-1.7329e-15,-2.39519e-15,2.9638837e-15,-0.00862219,-0.0177669,-0.000612626,0.019758042
2393,2394,-0.00768149,-0.0136767,-0.000931798,0.015713869,-1.17737e-15,-2.53708e-16,2.1595e-16,1.2236021e-15,-0.00768149,-0.0136767,-0.000931798,0.015713869
2394,2395,-0.00649548,-0.00860244,-0.000444666,0.010788465,2.05483e-16,-1.606e-15,-2.99302e-15,3.4028852e-15,-0.00649548,-0.00860244,-0.000444666,0.010788465
2395,2396,-0.00909669,-0.00758632,0.000852607,0.011875561,-1.1024e-15,-7.38188e-16,-4.12784e-15,4.335813e-15,-0.00909669,-0.00758632,0.000852607,0.011875561
2396,2397,-0.00603348,-0.0044219,3.69522e-05,0.007480471,2.23041e-16,-6.15255e-16,5.39216e-16,8.4796214e-16,-0.00603348,-0.0044219,3.69522e-05,0.007480471
2397,2398,0.0,0.0,0.0,0.0,0.0,0.0,0.0,0.0,0.0,0.0,0.0,0.0
2398,2399,0.0,0.0,0.0,0.0,0.0,0.0,0.0,0.0,0.0,0.0,0.0,0.0
2399,2400,0.0,0.0,0.0,0.0,0.0,0.0,0.0,0.0,0.0,0.0,0.0,0.0
2400,2401,0.0,0.0,0.0,0.0,0.0,0.0,0.0,0.0,0.0,0.0,0.0,0.0
2401,2402,-0.00400225,0.00762359,0.00135262,0.0087158885,-6.99045e-16,2.51509e-15,2.57625e-15,3.667616e-15,-0.00400225,0.00762359,0.00135262,0.0087158885
2402,2403,-0.00431957,-0.0137829,-0.000904239,0.014472202,1.38227e-15,-1.90798e-15,1.96678e-16,2.3642631e-15,-0.00431957,-0.0137829,-0.000904239,0.014472202
2403,2404,-0.00367011,-0.0083122,-0.000593984,0.009105778,2.56865e-18,-2.47423e-15,-6.57256e-16,2.5600404e-15,-0.00367011,-0.0083122,-0.000593984,0.009105778
2404,2405,0.0,0.0,0.0,0.0,0.0,0.0,0.0,0.0,0.0,0.0,0.0,0.0
2405,2406,0.0,0.0,0.0,0.0,0.0,0.0,0.0,0.0,0.0,0.0,0.0,0.0
2406,2407,0.0,0.0,0.0,0.0,0.0,0.0,0.0,0.0,0.0,0.0,0.0,0.0
2407,2408,0.0,0.0,0.0,0.0,0.0,0.0,0.0,0.0,0.0,0.0,0.0,0.0
2408,2409,0.0,0.0,0.0,0.0,0.0,0.0,0.0,0.0,0.0,0.0,0.0,0.0
2409,2410,-0.00288133,0.00862298,0.00167672,0.009244957,1.2079e-15,2.52742e-15,2.46663e-15,3.732444e-15,-0.00288133,0.00862298,0.00167672,0.009244957
2410,2411,-0.000595683,-0.0130108,-0.00110466,0.013071191,1.26741e-15,-1.9594e-16,8.12691e-16,1.5182842e-15,-0.000595683,-0.0130108,-0.00110466,0.013071191
2411,2412,-0.000419513,-0.00689132,-0.000456098,0.0069191265,1.83236e-16,2.52512e-16,1.73777e-15,1.7655544e-15,-0.000419513,-0.00689132,-0.000456098,0.0069191265
2412,2413,0.0,0.0,0.0,0.0,0.0,0.0,0.0,0.0,0.0,0.0,0.0,0.0
2413,2414,0.0,0.0,0.0,0.0,0.0,0.0,0.0,0.0,0.0,0.0,0.0,0.0
2414,2415,0.0,0.0,0.0,0.0,0.0,0.0,0.0,0.0,0.0,0.0,0.0,0.0
2415,2416,0.0,0.0,0.0,0.0,0.0,0.0,0.0,0.0,0.0,0.0,0.0,0.0
2416,2417,0.0,0.0,0.0,0.0,0.0,0.0,0.0,0.0,0.0,0.0,0.0,0.0
2417,2418,-0.0013159,0.00836327,0.000700822,0.008495118,-9.69984e-16,2.87407e-15,-1.25527e-15,3.2828113e-15,-0.0013159,0.00836327,0.000700822,0.008495118
2418,2419,0.00309355,-0.0142122,-0.00163922,0.014637067,1.23961e-15,-1.06445e-16,-1.92568e-15,2.292642e-15,0.00309355,-0.0142122,-0.00163922,0.014637067
2419,2420,0.00239652,-0.00800924,-0.00117478,0.008442236,2.79118e-16,-9.26375e-16,1.50278e-15,1.7872954e-15,0.00239652,-0.00800924,-0.00117478,0.008442236
2420,2421,0.0,0.0,0.0,0.0,0.0,0.0,0.0,0.0,0.0,0.0,0.0,0.0
2421,2422,0.0,0.0,0.0,0.0,0.0,0.0,0.0,0.0,0.0,0.0,0.0,0.0
2422,2423,0.0,0.0,0.0,0.0,0.0,0.0,0.0,0.0,0.0,0.0,0.0,0.0
2423,2424,0.0,0.0,0.0,0.0,0.0,0.0,0.0,0.0,0.0,0.0,0.0,0.0
2424,2425,0.00257232,0.00584045,-0.000938082,0.0064504016,-4.71561e-16,-5.6087e-16,1.7e-15,1.8512009e-15,0.00257232,0.00584045,-0.000938082,0.0064504016
2425,2426,0.00314233,0.0106053,-0.000444445,0.0110699665,-1.3635e-15,1.84343e-15,1.61254e-15,2.8031503e-15,0.00314233,0.0106053,-0.000444445,0.0110699665
2426,2427,0.00710428,-0.0158273,-0.00295927,0.01759919,1.35377e-15,-2.12483e-15,-1.5217e-15,2.9433258e-15,0.00710428,-0.0158273,-0.00295927,0.01759919
2427,2428,0.00634189,-0.0104784,-0.00203356,0.012415788,1.55475e-15,-1.96688e-16,-6.5401e-16,1.6981351e-15,0.00634189,-0.0104784,-0.00203356,0.012415788
2428,2429,0.0038867,-0.00509997,-0.00114474,0.006513567,7.17978e-16,-6.3538e-16,-1.64927e-15,1.9076927e-15,0.0038867,-0.00509997,-0.00114474,0.006513567
2429,2430,0.0,0.0,0.0,0.0,0.0,0.0,0.0,0.0,0.0,0.0,0.0,0.0
2430,2431,0.0,0.0,0.0,0.0,0.0,0.0,0.0,0.0,0.0,0.0,0.0,0.0
2431,2432,0.00427455,0.00388188,-0.000251315,0.0057796133,-1.04182e-15,9.91454e-16,6.07482e-16,1.5612188e-15,0.00427455,0.00388188,-0.000251315,0.0057796133
2432,2433,0.00719619,0.00828887,-0.000985488,0.011020967,-1.83437e-16,1.37956e-15,-1.7424e-15,2.229976e-15,0.00719619,0.00828887,-0.000985488,0.011020967
2433,2434,0.00765116,0.0126292,-0.00112145,0.014808598,-3.71976e-16,2.84807e-15,5.30698e-16,2.9208745e-15,0.00765116,0.0126292,-0.00112145,0.014808598
2434,2435,-0.0288787,0.0304239,0.233052,0.23679702,5.97393e-15,3.57996e-16,1.31428e-14,1.4441232e-14,-0.0288787,0.0304239,0.233052,0.23679702
2435,2436,-0.0287136,0.0314001,0.226183,0.23015036,5.82218e-15,1.70264e-15,1.01433e-14,1.18187685e-14,-0.0287136,0.0314001,0.226183,0.23015036
2436,2437,-0.0284949,0.0322369,0.218526,0.22272134,6.89657e-15,3.34537e-15,1.21897e-14,1.439941e-14,-0.0284949,0.0322369,0.218526,0.22272134
2437,2438,-0.0240682,0.0307154,0.233076,0.23631999,6.699e-15,2.67433e-15,1.37025e-14,1.5485063e-14,-0.0240682,0.0307154,0.233076,0.23631999
2438,2439,-0.0238936,0.0317088,0.226261,0.22971807,6.43774e-15,3.72415e-15,9.69697e-15,1.22206805e-14,-0.0238936,0.0317088,0.226261,0.22971807
2439,2440,-0.0237077,0.0325367,0.218647,0.2223223,6.3252e-15,3.66104e-15,6.22614e-15,9.600843e-15,-0.0237077,0.0325367,0.218647,0.2223223
2440,2441,-0.0190879,0.0308057,0.224774,0.22767672,7.29974e-15,3.10464e-15,1.65404e-14,1.8344204e-14,-0.0190879,0.0308057,0.224774,0.22767672
2441,2442,-0.0188754,0.0317811,0.21745,0.2205693,6.88563e-15,1.91864e-15,1.69243e-14,1.8371853e-14,-0.0188754,0.0317811,0.21745,0.2205693
2442,2443,-0.0140988,0.0305068,0.215337,0.21794371,6.60917e-15,5.38565e-16,1.68151e-14,1.8075363e-14,-0.0140988,0.0305068,0.215337,0.21794371
2443,2444,-0.0282967,0.033003,0.211372,0.21579625,6.88198e-15,3.89746e-15,8.11254e-15,1.1329835e-14,-0.0282967,0.033003,0.211372,0.21579625
2444,2445,-0.0281321,0.0336324,0.204809,0.20944995,6.28749e-15,2.88893e-15,9.47925e-15,1.17360404e-14,-0.0281321,0.0336324,0.204809,0.20944995
2445,2446,-0.0279927,0.0343657,0.197707,0.20261453,5.01122e-15,1.62652e-15,6.72899e-15,8.5461804e-15,-0.0279927,0.0343657,0.197707,0.20261453
2446,2447,-0.0278674,0.0352139,0.189847,0.19508587,4.27048e-15,3.62554e-15,3.0581e-15,6.3822814e-15,-0.0278674,0.0352139,0.189847,0.19508587
2447,2448,-0.0277853,0.0360454,0.182411,0.18800284,2.49692e-15,2.44443e-15,5.81483e-15,6.7839584e-15,-0.0277853,0.0360454,0.182411,0.18800284
2448,2449,-0.0276825,0.0367429,0.175845,0.1817631,2.44614e-15,2.83711e-15,5.67666e-15,6.8012693e-15,-0.0276825,0.0367429,0.175845,0.1817631
2449,2450,-0.0274643,0.037335,0.16887,0.175115,4.7876e-15,4.79022e-15,5.5381e-15,8.7485925e-15,-0.0274643,0.037335,0.16887,0.175115
2450,2451,-0.0271342,0.0380238,0.161012,0.16765124,4.51643e-15,3.73872e-15,2.46237e-15,6.359201e-15,-0.0271342,0.0380238,0.161012,0.16765124
2451,2452,-0.0314182,0.0370509,0.159926,0.16714124,2.27846e-15,3.36718e-15,4.12406e-15,5.791127e-15,-0.0314182,0.0370509,0.159926,0.16714124
2452,2453,-0.0268886,0.0385193,0.152688,0.15975092,3.49421e-15,1.5667e-15,5.08497e-15,6.3656085e-15,-0.0268886,0.0385193,0.152688,0.15975092
2453,2454,-0.026675,0.0389142,0.144796,0.15228838,3.29479e-15,2.41958e-15,5.94168e-15,7.212043e-15,-0.026675,0.0389142,0.144796,0.15228838
2454,2455,-0.0233306,0.0339479,0.20493,0.20902888,5.9978e-15,3.09233e-15,1.19582e-14,1.3730793e-14,-0.0233306,0.0339479,0.20493,0.20902888
2455,2456,-0.0231934,0.0347606,0.197937,0.2023,6.68038e-15,2.29758e-15,1.00769e-14,1.2306513e-14,-0.0231934,0.0347606,0.197937,0.2023
2456,2457,-0.023058,0.0356607,0.190209,0.19489183,5.60438e-15,3.07499e-15,8.71162e-15,1.0805414e-14,-0.023058,0.0356607,0.190209,0.19489183
2457,2458,-0.0228959,0.0365658,0.182956,0.18797387,3.62719e-15,2.17513e-15,8.84524e-15,9.804385e-15,-0.0228959,0.0365658,0.182956,0.18797387
2458,2459,-0.0227367,0.0372954,0.176482,0.18180706,3.09156e-15,2.51738e-15,8.33191e-15,9.236648e-15,-0.0227367,0.0372954,0.176482,0.18180706
2459,2460,-0.0225839,0.0379306,0.1695,0.17515424,4.98775e-15,2.07295e-15,8.39254e-15,9.980455e-15,-0.0225839,0.0379306,0.1695,0.17515424
2460,2461,-0.0224052,0.0386406,0.161471,0.16753498,4.05526e-15,2.49216e-15,9.29267e-15,1.0440771e-14,-0.0224052,0.0386406,0.161471,0.16753498
2461,2462,-0.0222217,0.0391965,0.153291,0.15977578,4.71089e-15,3.00404e-15,4.79469e-15,7.362459e-15,-0.0222217,0.0391965,0.153291,0.15977578
2462,2463,-0.0220439,0.0396507,0.146014,0.15289931,5.57578e-15,3.74369e-15,3.26387e-15,7.467087e-15,-0.0220439,0.0396507,0.146014,0.15289931
2463,2464,-0.0218595,0.0400905,0.139265,0.14655997,3.06909e-15,3.63153e-15,5.07176e-15,6.9519835e-15,-0.0218595,0.0400905,0.139265,0.14655997
2464,2465,-0.0263858,0.0393068,0.137423,0.14534894,4.65629e-15,3.81902e-15,3.11008e-15,6.7777984e-15,-0.0263858,0.0393068,0.137423,0.14534894
2465,2466,-0.0235043,0.0332998,0.211492,0.21538384,8.71521e-15,2.78797e-15,1.00775e-14,1.3611894e-14,-0.0235043,0.0332998,0.211492,0.21538384
2466,2467,-0.0186635,0.0325497,0.21013,0.21345358,7.62893e-15,2.37715e-15,1.43847e-14,1.6455121e-14,-0.0186635,0.0325497,0.21013,0.21345358
2467,2468,-0.0184593,0.0332825,0.203441,0.20697032,7.06367e-15,3.73613e-15,1.2094e-14,1.449548e-14,-0.0184593,0.0332825,0.203441,0.20697032
2468,2469,-0.0183123,0.0341047,0.196654,0.20042771,5.11033e-15,4.50667e-15,9.03783e-15,1.1318477e-14,-0.0183123,0.0341047,0.196654,0.20042771
2469,2470,-0.0181718,0.0350242,0.189208,0.19327849,5.27302e-15,3.52811e-15,9.38973e-15,1.1332226e-14,-0.0181718,0.0350242,0.189208,0.19327849
2470,2471,-0.0179618,0.0359396,0.18189,0.18627466,4.30144e-15,3.83935e-15,9.0038e-15,1.0691651e-14,-0.0179618,0.0359396,0.18189,0.18627466
2471,2472,-0.017748,0.0367456,0.175287,0.17997433,4.236e-15,3.54562e-15,8.22596e-15,9.908659e-15,-0.017748,0.0367456,0.175287,0.17997433
2472,2473,-0.0176128,0.0375108,0.168536,0.17355593,3.48558e-15,1.79662e-15,9.17639e-15,9.97914e-15,-0.0176128,0.0375108,0.168536,0.17355593
2473,2474,-0.0175284,0.0382045,0.160815,0.16621761,5.80416e-15,7.61324e-16,8.17502e-15,1.0054791e-14,-0.0175284,0.0382045,0.160815,0.16621761
2474,2475,-0.0174156,0.0388857,0.152868,0.15869476,3.54813e-15,3.33635e-15,6.15791e-15,7.851135e-15,-0.0174156,0.0388857,0.152868,0.15869476
2475,2476,-0.0172645,0.039476,0.145664,0.15190268,3.57344e-15,3.51679e-15,7.2416e-15,8.807841e-15,-0.0172645,0.039476,0.145664,0.15190268
2476,2477,-0.0138542,0.0314696,0.208131,0.2109521,8.28811e-15,2.10474e-15,1.39257e-14,1.6341598e-14,-0.0138542,0.0314696,0.208131,0.2109521
2477,2478,-0.0136387,0.0322551,0.201079,0.20410578,6.40459e-15,2.58053e-15,1.22893e-14,1.409627e-14,-0.0136387,0.0322551,0.201079,0.20410578
2478,2479,-0.0134669,0.0330775,0.194268,0.1975235,7.11397e-15,4.7561e-15,1.09793e-14,1.3920277e-14,-0.0134669,0.0330775,0.194268,0.1975235
2479,2480,-0.0133359,0.0339815,0.187213,0.19073881,4.07472e-15,2.79571e-15,1.28476e-14,1.3765179e-14,-0.0133359,0.0339815,0.187213,0.19073881
2480,2481,-0.0131518,0.0348917,0.179956,0.18377858,4.37673e-15,4.70264e-15,9.73033e-15,1.1659756e-14,-0.0131518,0.0348917,0.179956,0.18377858
2481,2482,-0.0129291,0.0356938,0.17296,0.17707731,3.70476e-15,2.4806e-15,9.45366e-15,1.04522875e-14,-0.0129291,0.0356938,0.17296,0.17707731
2482,2483,-0.012723,0.0365624,0.166251,0.1706988,5.13047e-15,2.83348e-15,1.00974e-14,1.1675094e-14,-0.012723,0.0365624,0.166251,0.1706988
2483,2484,-0.012601,0.0374609,0.159166,0.16399975,4.60882e-15,2.65272e-15,6.96674e-15,8.764338e-15,-0.012601,0.0374609,0.159166,0.16399975
2484,2485,-0.0125105,0.0382536,0.151573,0.15682547,5.32344e-15,3.12946e-15,6.7445e-15,9.1444415e-15,-0.0125105,0.0382536,0.151573,0.15682547
2485,2486,-0.0171004,0.0399067,0.138927,0.14555301,2.24982e-15,3.41433e-15,8.00247e-15,8.9865935e-15,-0.0171004,0.0399067,0.138927,0.14555301
2486,2487,-0.0123697,0.0389792,0.144221,0.1499069,4.14215e-15,8.52127e-16,7.28184e-15,8.4207315e-15,-0.0123697,0.0389792,0.144221,0.1499069
2487,2488,-0.00931223,0.0293864,0.205118,0.20742148,8.08101e-15,4.11413e-15,1.19196e-14,1.4976837e-14,-0.00931223,0.0293864,0.205118,0.20742148
2488,2489,-0.00907904,0.0302732,0.197999,0.20050561,7.28186e-15,4.20959e-15,9.93096e-15,1.3014227e-14,-0.00907904,0.0302732,0.197999,0.20050561
2489,2490,-0.00891881,0.0310553,0.190817,0.1935332,5.69415e-15,3.01148e-15,1.09263e-14,1.2683705e-14,-0.00891881,0.0310553,0.190817,0.1935332
2490,2491,-0.0088402,0.031723,0.183642,0.18657139,6.17947e-15,9.1446e-16,1.22077e-14,1.3713133e-14,-0.0088402,0.031723,0.183642,0.18657139
2491,2492,-0.00871882,0.0324602,0.176578,0.17974836,5.1519e-15,1.57311e-15,8.80746e-15,1.0324151e-14,-0.00871882,0.0324602,0.176578,0.17974836
2492,2493,-0.00841588,0.0335647,0.169731,0.17322248,4.20451e-15,3.05921e-15,4.65273e-15,6.977433e-15,-0.00841588,0.0335647,0.169731,0.17322248
2493,2494,-0.00813888,0.0345745,0.16281,0.16663952,4.5731e-15,5.26732e-15,4.98763e-15,8.5752176e-15,-0.00813888,0.0345745,0.16281,0.16663952
2494,2495,-0.00795734,0.0354708,0.155874,0.16005686,5.5281e-15,3.13859e-15,9.19704e-15,1.1180169e-14,-0.00795734,0.0354708,0.155874,0.16005686
2495,2496,-0.00781722,0.0363117,0.148817,0.15338236,4.81674e-15,1.6283e-15,8.96239e-15,1.0304212e-14,-0.00781722,0.0363117,0.148817,0.15338236
2496,2497,-0.00446413,0.0283953,0.194927,0.19703493,6.25115e-15,2.55249e-15,9.94188e-15,1.201803e-14,-0.00446413,0.0283953,0.194927,0.19703493
2497,2498,-0.00428489,0.0293374,0.187869,0.19019412,4.74388e-15,2.49513e-15,1.1407e-14,1.260356e-14,-0.00428489,0.0293374,0.187869,0.19019412
2498,2499,-0.0040744,0.0302319,0.180646,0.18320356,5.72778e-15,3.03388e-15,1.04393e-14,1.2287835e-14,-0.0040744,0.0302319,0.180646,0.18320356
2499,2500,-0.00386193,0.0310622,0.173674,0.17647219,5.15894e-15,2.02571e-15,7.32975e-15,9.189309e-15,-0.00386193,0.0310622,0.173674,0.17647219
2500,2501,-0.00366738,0.0318644,0.166813,0.16986868,6.4842e-15,1.66513e-15,9.29731e-15,1.1456765e-14,-0.00366738,0.0318644,0.166813,0.16986868
2501,2502,-0.00343806,0.032761,0.159705,0.16306682,4.71756e-15,2.77971e-15,7.79885e-15,9.529125e-15,-0.00343806,0.032761,0.159705,0.16306682
2502,2503,-0.00322967,0.0336973,0.152538,0.1562491,4.0772e-15,1.17267e-15,9.24868e-15,1.0175303e-14,-0.00322967,0.0336973,0.152538,0.1562491
2503,2504,-0.00768715,0.0370869,0.14153,0.14651032,4.36475e-15,2.44628e-15,4.83041e-15,6.954724e-15,-0.00768715,0.0370869,0.14153,0.14651032
2504,2505,-0.00303121,0.0345974,0.145669,0.14975189,4.36901e-15,2.18748e-15,5.92905e-15,7.6829e-15,-0.00303121,0.0345974,0.145669,0.14975189
2505,2506,0.000145032,0.0282743,0.185673,0.18781352,5.56695e-15,2.9541e-15,8.83012e-15,1.08484405e-14,0.000145032,0.0282743,0.185673,0.18781352
2506,2507,0.000554851,0.029187,0.17869,0.18105884,5.42564e-15,2.59804e-15,1.09279e-14,1.2474229e-14,0.000554851,0.029187,0.17869,0.18105884
2507,2508,0.000982507,0.0300018,0.171304,0.17391416,5.71016e-15,1.9989e-15,9.93094e-15,1.1628633e-14,0.000982507,0.0300018,0.171304,0.17391416
2508,2509,0.00127345,0.0308177,0.164259,0.1671298,5.65622e-15,1.51949e-15,1.07252e-14,1.2220131e-14,0.00127345,0.0308177,0.164259,0.1671298
2509,2510,0.00149931,0.0316719,0.157208,0.16037366,5.10151e-15,2.25638e-15,8.58792e-15,1.0240557e-14,0.00149931,0.0316719,0.157208,0.16037366
2510,2511,0.00164671,0.0326178,0.150066,0.15357876,6.14167e-15,2.53972e-15,8.93706e-15,1.1137384e-14,0.00164671,0.0326178,0.150066,0.15357876
2511,2512,-0.00287614,0.0354353,0.138733,0.14321585,4.29265e-15,1.76086e-15,5.64009e-15,7.3032926e-15,-0.00287614,0.0354353,0.138733,0.14321585
2512,2513,0.00188693,0.0335416,0.142933,0.14682794,6.18421e-15,2.42883e-15,7.72838e-15,1.01917384e-14,0.00188693,0.0335416,0.142933,0.14682794
2513,2514,0.0033152,0.0274364,0.183764,0.18583044,4.92753e-15,3.22985e-15,1.24041e-14,1.3732232e-14,0.0033152,0.0274364,0.183764,0.18583044
2514,2515,0.00693207,0.0259524,0.177771,0.17978907,6.22949e-15,3.55187e-15,6.37833e-15,9.597157e-15,0.00693207,0.0259524,0.177771,0.17978907
2515,2516,0.00491871,0.0259677,0.187749,0.18960011,5.20925e-15,1.90696e-15,1.34011e-14,1.450387e-14,0.00491871,0.0259677,0.187749,0.18960011
2516,2517,0.0050493,0.0283976,0.169482,0.17191876,6.04565e-15,2.23669e-15,1.05526e-14,1.2365679e-14,0.0050493,0.0283976,0.169482,0.17191876
2517,2518,0.004249,0.0278768,0.1775,0.17972596,5.32785e-15,2.04692e-15,1.41777e-14,1.5283424e-14,0.004249,0.0278768,0.1775,0.17972596
2518,2519,0.0056074,0.0291058,0.161498,0.1641956,5.81307e-15,1.07996e-15,1.14609e-14,1.2896137e-14,0.0056074,0.0291058,0.161498,0.1641956
2519,2520,0.00602565,0.030145,0.153988,0.15702654,4.67891e-15,6.23037e-16,9.34157e-15,1.046639e-14,0.00602565,0.030145,0.153988,0.15702654
2520,2521,0.00595311,0.0314003,0.147711,0.15112893,4.97305e-15,6.17765e-16,7.98309e-15,9.425634e-15,0.00595311,0.0314003,0.147711,0.15112893
2521,2522,-0.0308967,0.0384099,0.1338,0.14259161,4.20138e-15,5.14708e-15,7.40202e-15,9.946554e-15,-0.0308967,0.0384099,0.1338,0.14259161
2522,2523,-0.0256259,0.0398217,0.123353,0.1321303,2.99093e-15,3.25836e-15,6.57123e-15,7.921088e-15,-0.0256259,0.0398217,0.123353,0.1321303
2523,2524,-0.0255951,0.0400319,0.114618,0.12407638,7.00659e-16,2.24349e-15,4.06545e-15,4.6959612e-15,-0.0255951,0.0400319,0.114618,0.12407638
2524,2525,-0.0254643,0.0399158,0.105378,0.115525864,3.60367e-15,2.97913e-15,2.54108e-15,5.3215357e-15,-0.0254643,0.0399158,0.105378,0.115525864
2525,2526,-0.025272,0.0397584,0.0960884,0.10701582,2.58461e-15,3.01637e-15,3.77638e-15,5.4808525e-15,-0.025272,0.0397584,0.0960884,0.10701582
2526,2527,-0.0249428,0.0393101,0.0866508,0.09836559,2.39545e-15,3.44568e-15,4.13286e-15,5.8899427e-15,-0.0249428,0.0393101,0.0866508,0.09836559
2527,2528,-0.0248605,0.0387801,0.0771774,0.08987932,1.97983e-15,3.75185e-15,4.09255e-15,5.8944947e-15,-0.0248605,0.0387801,0.0771774,0.08987932
2528,2529,-0.0215711,0.0405466,0.131988,0.13975039,4.62553e-15,4.82679e-15,3.77946e-15,7.679697e-15,-0.0215711,0.0405466,0.131988,0.13975039
2529,2530,-0.0257495,0.0396715,0.131013,0.13928844,3.91525e-15,4.5062e-15,2.75492e-15,6.5745427e-15,-0.0257495,0.0396715,0.131013,0.13928844
2530,2531,-0.0213713,0.0408441,0.123643,0.13195668,4.72755e-15,3.65222e-15,5.73333e-15,8.280067e-15,-0.0213713,0.0408441,0.123643,0.13195668
2531,2532,-0.021196,0.0411276,0.114662,0.12364516,2.55051e-15,3.13705e-15,6.42602e-15,7.592096e-15,-0.021196,0.0411276,0.114662,0.12364516
2532,2533,-0.020999,0.041132,0.105436,0.11510669,2.75276e-15,4.39258e-15,5.05325e-15,7.239322e-15,-0.020999,0.041132,0.105436,0.11510669
2533,2534,-0.0207225,0.0410672,0.0963575,0.106774084,3.03955e-15,5.20595e-15,2.26472e-15,6.4396997e-15,-0.0207225,0.0410672,0.0963575,0.106774084
2534,2535,-0.0209208,0.0400946,0.0770579,0.08934862,9.73956e-16,5.09693e-15,2.13285e-15,5.6103778e-15,-0.0209208,0.0400946,0.0770579,0.08934862
2535,2536,-0.0207879,0.039326,0.0678325,0.0811167,1.56478e-15,2.42196e-15,1.02342e-15,3.0597083e-15,-0.0207879,0.039326,0.0678325,0.0811167
2536,2537,-0.0244993,0.0378907,0.067815,0.081454255,2.3919e-15,3.06448e-15,4.5903e-17,3.887715e-15,-0.0244993,0.0378907,0.067815,0.081454255
2537,2538,-0.0178801,0.0411682,0.082622,0.094026126,3.52163e-16,5.04074e-15,3.14326e-15,5.950896e-15,-0.0178801,0.0411682,0.082622,0.094026126
2538,2539,-0.0178958,0.0407347,0.0760843,0.088138506,2.99173e-15,4.11481e-15,1.79894e-15,5.396137e-15,-0.0178958,0.0407347,0.0760843,0.088138506
2539,2540,-0.017584,0.040165,0.0675653,0.080544986,1.43514e-15,2.15992e-15,2.71389e-15,3.7536756e-15,-0.017584,0.040165,0.0675653,0.080544986
2540,2541,-0.0169091,0.0405449,0.131692,0.13882576,3.5548e-15,1.62736e-15,8.5842e-15,9.432571e-15,-0.0169091,0.0405449,0.131692,0.13882576
2541,2542,-0.0167217,0.0411227,0.123416,0.13115716,3.09133e-15,3.26683e-15,5.14926e-15,6.8369124e-15,-0.0167217,0.0411227,0.123416,0.13115716
2542,2543,-0.016298,0.0414685,0.105504,0.11452666,2.15496e-15,3.59009e-15,5.67779e-15,7.0547786e-15,-0.016298,0.0414685,0.105504,0.11452666
2543,2544,-0.0161116,0.0416522,0.0974204,0.10716914,4.21647e-15,5.67673e-15,2.79182e-15,7.602509e-15,-0.0161116,0.0416522,0.0974204,0.10716914
2544,2545,-0.0157607,0.0414942,0.0900492,0.10039435,2.61901e-15,4.65234e-15,3.34598e-15,6.300719e-15,-0.0157607,0.0414942,0.0900492,0.10039435
2545,2546,-0.0201672,0.0408921,0.0867588,0.09801005,1.73211e-15,4.67431e-15,1.85671e-15,5.319469e-15,-0.0201672,0.0408921,0.0867588,0.09801005
2546,2547,-0.0146904,0.0412004,0.0760774,0.087755635,2.20677e-15,2.81799e-15,9.90115e-16,3.7136546e-15,-0.0146904,0.0412004,0.0760774,0.087755635
2547,2548,-0.0122199,0.039642,0.137387,0.14351307,4.29149e-15,2.01751e-15,6.18682e-15,7.795126e-15,-0.0122199,0.039642,0.137387,0.14351307
2548,2549,-0.01208,0.0403381,0.130369,0.13700059,5.21692e-15,2.14783e-15,7.79025e-15,9.618598e-15,-0.01208,0.0403381,0.130369,0.13700059
2549,2550,-0.0165196,0.0414299,0.114464,0.12284682,2.31754e-15,3.67775e-15,8.10777e-15,9.199607e-15,-0.0165196,0.0414299,0.114464,0.12284682
2550,2551,-0.012004,0.0408915,0.122607,0.1298025,6.07206e-15,2.64986e-15,6.42235e-15,9.227039e-15,-0.012004,0.0408915,0.122607,0.1298025
2551,2552,-0.0115307,0.0417463,0.105524,0.114065886,2.54977e-15,3.10974e-15,3.72106e-15,5.4788776e-15,-0.0115307,0.0417463,0.105524,0.114065886
2552,2553,-0.0113801,0.041973,0.0976642,0.10690901,5.47067e-15,2.90314e-15,4.05048e-15,7.4001914e-15,-0.0113801,0.041973,0.0976642,0.10690901
2553,2554,-0.0112256,0.0420445,0.0906834,0.10058446,2.74703e-15,4.17341e-15,3.41157e-15,6.049986e-15,-0.0112256,0.0420445,0.0906834,0.10058446
2554,2555,-0.015043,0.0416096,0.0837371,0.09470772,6.54288e-16,1.73402e-15,3.75715e-15,4.189403e-15,-0.015043,0.0416096,0.0837371,0.09470772
2555,2556,-0.0109628,0.0420873,0.0838721,0.094477795,1.76679e-15,2.40219e-15,1.47039e-15,3.3247722e-15,-0.0109628,0.0420873,0.0838721,0.094477795
2556,2557,-0.0143002,0.0408115,0.0673484,0.08003675,1.53142e-15,7.02949e-15,2.02557e-15,7.474082e-15,-0.0143002,0.0408115,0.0673484,0.08003675
2557,2558,-0.0106742,0.0418916,0.0759525,0.08739352,3.26359e-15,2.59486e-15,1.58851e-15,4.4618024e-15,-0.0106742,0.0418916,0.0759525,0.08739352
2558,2559,-0.00755432,0.0378923,0.134294,0.13974181,5.50376e-15,2.6179e-15,5.8569e-15,8.452695e-15,-0.00755432,0.0378923,0.134294,0.13974181
2559,2560,-0.00750056,0.0386356,0.127016,0.13297379,5.17673e-15,2.0547e-15,8.61015e-15,1.0254511e-14,-0.00750056,0.0386356,0.127016,0.13297379
2560,2561,-0.0117735,0.0414374,0.114143,0.12200122,3.1277e-15,3.07925e-15,7.20021e-15,8.432515e-15,-0.0117735,0.0414374,0.114143,0.12200122
2561,2562,-0.00780835,0.0393255,0.120491,0.1269864,5.75837e-15,2.09975e-15,8.90987e-15,1.0814507e-14,-0.00780835,0.0393255,0.120491,0.1269864
2562,2563,-0.00742232,0.0399647,0.112969,0.120059416,2.47961e-15,2.85953e-15,7.05315e-15,8.004518e-15,-0.00742232,0.0399647,0.112969,0.120059416
2563,2564,-0.00693073,0.0406453,0.104669,0.11249744,3.89465e-15,3.20552e-15,5.75638e-15,7.653729e-15,-0.00693073,0.0406453,0.104669,0.11249744
2564,2565,-0.00671077,0.0409743,0.0963348,0.104901485,3.51527e-15,3.3033e-15,3.97681e-15,6.2517143e-15,-0.00671077,0.0409743,0.0963348,0.104901485
2565,2566,-0.00663426,0.0413742,0.088826,0.09821352,2.84629e-15,4.12746e-15,3.70266e-15,6.232735e-15,-0.00663426,0.0413742,0.088826,0.09821352
2566,2567,-0.00692447,0.0415137,0.0826114,0.0927145,2.98947e-15,2.57611e-15,-6.4532e-16,3.998714e-15,-0.00692447,0.0415137,0.0826114,0.0927145
2567,2568,-0.0103145,0.0414419,0.0670964,0.07953456,3.19823e-15,6.04239e-15,-1.89446e-15,7.094232e-15,-0.0103145,0.0414419,0.0670964,0.07953456
2568,2569,-0.00659754,0.0414909,0.075319,0.08624369,1.06723e-15,3.06102e-15,3.22492e-15,4.5726286e-15,-0.00659754,0.0414909,0.075319,0.08624369
2569,2570,-0.00282135,0.036287,0.131258,0.13621074,4.20437e-15,2.06728e-15,5.26049e-15,7.0443686e-15,-0.00282135,0.036287,0.131258,0.13621074
2570,2571,-0.00465283,0.0383174,0.118425,0.12455662,4.02683e-15,2.20302e-15,9.53047e-15,1.0578209e-14,-0.00465283,0.0383174,0.118425,0.12455662
2571,2572,-0.000579249,0.0372651,0.112664,0.118668444,3.01494e-15,1.50684e-15,9.01595e-15,9.6253716e-15,-0.000579249,0.0372651,0.112664,0.118668444
2572,2573,-0.00265923,0.0372455,0.122246,0.12782168,3.65532e-15,1.52118e-15,1.00487e-14,1.08005425e-14,-0.00265923,0.0372455,0.122246,0.12782168
2573,2574,-0.00277648,0.0391583,0.103868,0.11103892,2.64134e-15,2.98319e-15,8.38647e-15,9.284879e-15,-0.00277648,0.0391583,0.103868,0.11103892
2574,2575,-0.00370239,0.038652,0.112139,0.11867114,3.94026e-15,1.74379e-15,9.18088e-15,1.0141746e-14,-0.00370239,0.038652,0.112139,0.11867114
2575,2576,-0.00210752,0.0398029,0.0948266,0.102863,2.92832e-15,2.99999e-15,3.91748e-15,5.737739e-15,-0.00210752,0.0398029,0.0948266,0.102863
2576,2577,-0.00392388,0.0410556,0.0809728,0.09087108,1.94651e-15,2.32786e-15,6.13653e-15,6.8457893e-15,-0.00392388,0.0410556,0.0809728,0.09087108
2577,2578,-0.000143952,0.0399884,0.0753639,0.085315935,2.08265e-15,3.67487e-15,2.38558e-15,4.851092e-15,-0.000143952,0.0399884,0.0753639,0.085315935
2578,2579,-0.00191701,0.0403253,0.084965,0.094068356,2.87874e-15,1.88164e-15,5.23242e-15,6.261464e-15,-0.00191701,0.0403253,0.084965,0.094068356
2579,2580,-0.00243043,0.0407842,0.0663005,0.0778782,2.81882e-15,2.75764e-15,1.52807e-15,4.2291042e-15,-0.00243043,0.0407842,0.0663005,0.0778782
2580,2581,-0.00316384,0.0409614,0.0747118,0.08526253,9.37315e-16,3.69086e-15,3.08767e-15,4.9025212e-15,-0.00316384,0.0409614,0.0747118,0.08526253
2581,2582,-0.00613728,0.0411363,0.0666512,0.07856363,4.00929e-15,2.91375e-15,1.84209e-15,5.287498e-15,-0.00613728,0.0411363,0.0666512,0.07856363
2582,2583,0.00206119,0.0344486,0.135849,0.14016385,4.42123e-15,2.23908e-15,7.25739e-15,8.788086e-15,0.00206119,0.0344486,0.135849,0.14016385
2583,2584,0.0017775,0.0353142,0.12941,0.13415365,4.01812e-15,1.84336e-15,6.04468e-15,7.488753e-15,0.0017775,0.0353142,0.12941,0.13415365
2584,2585,0.00216122,0.0358866,0.121482,0.12669015,4.40429e-15,6.37348e-16,8.12122e-15,9.260572e-15,0.00216122,0.0358866,0.121482,0.12669015
2585,2586,0.000967613,0.0379124,0.103749,0.1104633,2.92697e-15,3.24147e-15,7.63764e-15,8.798172e-15,0.000967613,0.0379124,0.103749,0.1104633
2586,2587,0.00329159,0.0364575,0.112668,0.118465446,3.02102e-15,1.42289e-15,5.68388e-15,6.592243e-15,0.00329159,0.0364575,0.112668,0.118465446
2587,2588,0.00208309,0.0383127,0.0943198,0.10182547,2.30302e-15,1.31502e-15,6.1717e-15,6.7173702e-15,0.00208309,0.0383127,0.0943198,0.10182547
2588,2589,0.00446586,0.0368561,0.103487,0.10994488,3.28326e-15,3.48601e-15,7.73515e-15,9.097505e-15,0.00446586,0.0368561,0.103487,0.10994488
2589,2590,0.00281654,0.0385553,0.084634,0.09304492,1.95649e-15,3.78494e-15,2.54183e-15,4.961303e-15,0.00281654,0.0385553,0.084634,0.09304492
2590,2591,0.000760822,0.0397221,0.0661497,0.0771635,2.35351e-15,2.51777e-15,3.52207e-15,4.9277937e-15,0.000760822,0.0397221,0.0661497,0.0771635
2591,2592,0.00371291,0.0385412,0.0752145,0.08459569,1.59455e-15,4.15188e-15,3.03955e-15,5.3869805e-15,0.00371291,0.0385412,0.0752145,0.08459569
2592,2593,0.00630322,0.0322551,0.140457,0.1442508,5.64687e-15,1.36878e-15,6.44639e-15,8.678517e-15,0.00630322,0.0322551,0.140457,0.1442508
2593,2594,0.00503435,0.034471,0.127557,0.13222852,4.63974e-15,8.51887e-16,1.2036e-14,1.292742e-14,0.00503435,0.034471,0.127557,0.13222852
2594,2595,0.00874935,0.0330219,0.121531,0.12624097,5.62021e-15,2.71133e-15,1.08837e-14,1.2545636e-14,0.00874935,0.0330219,0.121531,0.12624097
2595,2596,0.00675278,0.0331047,0.13135,0.13562575,5.72919e-15,-7.91969e-18,8.21085e-15,1.0012079e-14,0.00675278,0.0331047,0.13135,0.13562575
2596,2597,0.00692868,0.0350082,0.112285,0.117819786,2.5293e-15,1.20736e-15,5.5485e-15,6.216183e-15,0.00692868,0.0350082,0.112285,0.117819786
2597,2598,0.00591877,0.0346694,0.120945,0.12595512,4.57425e-15,7.62899e-16,7.9388e-15,9.194037e-15,0.00591877,0.0346694,0.120945,0.12595512
2598,2599,0.0057599,0.0370852,0.0940354,0.10124794,2.8495e-15,2.28254e-15,7.00549e-15,7.899781e-15,0.0057599,0.0370852,0.0940354,0.10124794
2599,2600,0.00793769,0.0354566,0.103022,0.10924152,3.44593e-15,3.10671e-15,5.48807e-15,7.186445e-15,0.00793769,0.0354566,0.103022,0.10924152
2600,2601,0.00679309,0.037223,0.0844834,0.092569664,2.31005e-15,1.94197e-15,7.4119e-15,8.002739e-15,0.00679309,0.037223,0.0844834,0.092569664
2601,2602,0.00921954,0.0361385,0.0938294,0.10097003,3.48944e-15,1.77255e-15,8.82449e-15,9.653484e-15,0.00921954,0.0361385,0.0938294,0.10097003
2602,2603,0.0075679,0.037072,0.0750136,0.08401575,2.25665e-15,4.15611e-15,4.94636e-15,6.8434053e-15,0.0075679,0.037072,0.0750136,0.08401575
2603,2604,0.0101428,0.0360732,0.0843204,0.09227178,3.14614e-15,2.02616e-15,4.74597e-15,6.0438194e-15,0.0101428,0.0360732,0.0843204,0.09227178
2604,2605,0.00431312,0.0384962,0.0658619,0.0764091,2.17865e-15,3.61131e-15,2.25654e-15,4.7833094e-15,0.00431312,0.0384962,0.0658619,0.0764091
2605,2606,-0.0214777,0.0176276,0.0101568,0.029583517,-1.7487e-15,1.34788e-15,1.25083e-15,2.5375792e-15,-0.0214777,0.0176276,0.0101568,0.029583517
2606,2607,-0.0237384,0.0247696,0.0204484,0.039939728,-2.3606e-15,3.11545e-15,-4.50963e-15,5.967849e-15,-0.0237384,0.0247696,0.0204484,0.039939728
2607,2608,-0.0218887,0.0216051,0.0139159,0.033757187,-2.16051e-15,1.71592e-15,1.04922e-15,2.951787e-15,-0.0218887,0.0216051,0.0139159,0.033757187
2608,2609,-0.0249997,0.0317973,0.0389075,0.0561235,5.59587e-16,4.23243e-15,-1.67313e-15,4.585408e-15,-0.0249997,0.0317973,0.0389075,0.0561235
2609,2610,-0.0230145,0.0295588,0.029167,0.0474774,-1.26636e-16,5.79868e-15,-1.53437e-15,5.9995848e-15,-0.0230145,0.0295588,0.029167,0.0474774
2610,2611,-0.0206411,0.0267548,0.020006,0.039269764,1.12242e-15,2.24396e-15,8.75157e-16,2.6572696e-15,-0.0206411,0.0267548,0.020006,0.039269764
2611,2612,-0.0238847,0.0367386,0.0584626,0.07306216,1.32691e-15,4.4986e-15,-4.79857e-16,4.7146955e-15,-0.0238847,0.0367386,0.0584626,0.07306216
2612,2613,-0.023027,0.0352682,0.0487865,0.06445317,2.13971e-15,3.49e-15,-2.54587e-15,4.820779e-15,-0.023027,0.0352682,0.0487865,0.06445317
2613,2614,-0.0217045,0.0334297,0.0390189,0.055777278,1.04872e-15,4.7982e-15,-2.88697e-15,5.6971157e-15,-0.0217045,0.0334297,0.0390189,0.055777278
2614,2615,-0.0178743,0.0173063,0.00665774,0.02575508,-1.87964e-15,7.92332e-16,1.94505e-15,2.8185201e-15,-0.0178743,0.0173063,0.00665774,0.02575508
2615,2616,-0.0140789,0.0155899,0.00443246,0.021468747,-2.07808e-17,4.27535e-16,2.21959e-15,2.2604861e-15,-0.0140789,0.0155899,0.00443246,0.021468747
2616,2617,-0.0173528,0.0224423,0.0109891,0.030422635,1.08011e-16,1.50724e-15,4.89874e-15,5.126509e-15,-0.0173528,0.0224423,0.0109891,0.030422635
2617,2618,-0.014365,0.019004,0.00626827,0.02463324,1.00088e-15,2.11652e-15,3.27684e-15,4.027294e-15,-0.014365,0.019004,0.00626827,0.02463324
2618,2619,-0.020018,0.0315115,0.0298705,0.047811523,-2.61131e-16,2.62152e-15,-6.62983e-16,2.7166343e-15,-0.020018,0.0315115,0.0298705,0.047811523
2619,2620,-0.0161467,0.0263367,0.0145016,0.034126736,9.72553e-16,2.97203e-15,1.47663e-16,3.1305952e-15,-0.0161467,0.0263367,0.0145016,0.034126736
2620,2621,-0.0202093,0.038162,0.058489,0.07270294,8.2309e-16,6.74662e-15,1.28762e-15,6.9175372e-15,-0.0202093,0.038162,0.058489,0.07270294
2621,2622,-0.0194289,0.0367787,0.0486823,0.06403219,2.11651e-15,3.50752e-15,9.32048e-16,4.2013122e-15,-0.0194289,0.0367787,0.0486823,0.06403219
2622,2623,-0.0183992,0.0349808,0.0392246,0.055684432,2.12251e-15,3.73528e-15,-4.80843e-16,4.3230287e-15,-0.0183992,0.0349808,0.0392246,0.055684432
2623,2624,-0.0171964,0.0330774,0.0309086,0.04842698,-2.12407e-18,1.95919e-15,1.51925e-15,2.4792237e-15,-0.0171964,0.0330774,0.0309086,0.04842698
2624,2625,-0.0160369,0.0315071,0.025002,0.043301035,3.37528e-16,1.90791e-15,1.01705e-15,2.1882495e-15,-0.0160369,0.0315071,0.025002,0.043301035
2625,2626,-0.0174677,0.0294207,0.0210714,0.040183354,5.72998e-16,2.30426e-15,-2.02346e-16,2.383041e-15,-0.0174677,0.0294207,0.0210714,0.040183354
2626,2627,-0.0168637,0.0392274,0.0583133,0.07227457,4.6719e-17,3.39739e-15,1.66628e-15,3.7843005e-15,-0.0168637,0.0392274,0.0583133,0.07227457
2627,2628,-0.01056,0.0139906,0.00373249,0.01792155,-7.19974e-16,7.82918e-16,2.09263e-15,2.3474292e-15,-0.01056,0.0139906,0.00373249,0.01792155
2628,2629,-0.0125646,0.0226898,0.00930856,0.027556224,1.30877e-15,4.6555e-15,-6.39109e-16,4.878014e-15,-0.0125646,0.0226898,0.00930856,0.027556224
2629,2630,-0.0116512,0.0187269,0.00563903,0.022765014,-8.49096e-17,4.09235e-15,6.64235e-16,4.146775e-15,-0.0116512,0.0187269,0.00563903,0.022765014
2630,2631,-0.0133375,0.0298384,0.0177157,0.037176136,1.93017e-16,2.1086e-15,-3.96366e-15,4.493779e-15,-0.0133375,0.0298384,0.0177157,0.037176136
2631,2632,-0.0127278,0.0264136,0.0132371,0.0321698,2.20348e-15,3.21682e-15,-3.57957e-15,5.2930687e-15,-0.0127278,0.0264136,0.0132371,0.0321698
2632,2633,-0.0157942,0.0379421,0.0485183,0.06358526,1.67758e-15,3.06571e-15,2.62996e-15,4.373733e-15,-0.0157942,0.0379421,0.0485183,0.06358526
2633,2634,-0.0146771,0.0361923,0.0391487,0.05529847,1.9321e-15,3.01376e-15,4.93355e-15,6.095546e-15,-0.0146771,0.0361923,0.0391487,0.05529847
2634,2635,-0.0137632,0.0341477,0.0306246,0.04788901,9.63271e-16,1.75756e-15,2.27738e-15,3.0337053e-15,-0.0137632,0.0341477,0.0306246,0.04788901
2635,2636,-0.0131765,0.0320502,0.0235899,0.041920386,2.26083e-15,2.65919e-15,8.08713e-16,3.5828287e-15,-0.0131765,0.0320502,0.0235899,0.041920386
2636,2637,-0.0135842,0.0399947,0.0580021,0.071752004,1.69286e-15,3.25583e-15,-1.0023e-15,3.8040516e-15,-0.0135842,0.0399947,0.0580021,0.071752004
2637,2638,-0.0123918,0.0388502,0.048288,0.06320305,8.22941e-16,2.84906e-15,2.13448e-15,3.6538172e-15,-0.0123918,0.0388502,0.048288,0.06320305
2638,2639,-0.00708187,0.0141979,0.00277411,0.016106797,1.22594e-16,2.23205e-15,1.63143e-15,2.7674248e-15,-0.00708187,0.0141979,0.00277411,0.016106797
2639,2640,-0.00827671,0.0228615,0.0077461,0.025517723,6.40164e-16,7.01946e-15,-1.44083e-15,7.194346e-15,-0.00827671,0.0228615,0.0077461,0.025517723
2640,2641,-0.00795685,0.0189494,0.00456712,0.021053499,-8.84083e-16,4.72604e-15,-1.56988e-15,5.0578235e-15,-0.00795685,0.0189494,0.00456712,0.021053499
2641,2642,-0.00901697,0.0303505,0.0159129,0.03543556,-1.61678e-15,4.68392e-15,-3.18033e-15,5.8879183e-15,-0.00901697,0.0303505,0.0159129,0.03543556
2642,2643,-0.0087011,0.0268672,0.0112729,0.030407792,1.07305e-15,6.26372e-15,-2.70636e-15,6.9072432e-15,-0.0087011,0.0268672,0.0112729,0.030407792
2643,2644,-0.0109651,0.0372695,0.0389243,0.05499409,1.76237e-15,3.85713e-15,1.30046e-15,4.4356058e-15,-0.0109651,0.0372695,0.0389243,0.05499409
2644,2645,-0.00970703,0.0353388,0.0301275,0.04744179,3.9316e-16,2.99593e-15,6.96499e-16,3.1008519e-15,-0.00970703,0.0353388,0.0301275,0.04744179
2645,2646,-0.00916417,0.0327976,0.0223317,0.04072308,1.16254e-15,4.55804e-15,-1.49612e-15,4.9361527e-15,-0.00916417,0.0327976,0.0223317,0.04072308
2646,2647,-0.0097784,0.0404998,0.0577217,0.0711874,1.38316e-15,2.62446e-15,3.2033e-16,2.983879e-15,-0.0097784,0.0404998,0.0577217,0.0711874
2647,2648,-0.00882119,0.0394681,0.048139,0.06287215,2.40876e-16,2.27315e-15,1.77839e-15,2.8961875e-15,-0.00882119,0.0394681,0.048139,0.06287215
2648,2649,-0.00731928,0.0379434,0.0391566,0.055013753,9.20329e-16,1.05392e-15,5.00652e-15,5.1983644e-15,-0.00731928,0.0379434,0.0391566,0.055013753
2649,2650,-0.00372623,0.0149758,0.00279091,0.015682748,-1.39226e-15,4.40794e-15,-5.11664e-16,4.6508195e-15,-0.00372623,0.0149758,0.00279091,0.015682748
2650,2651,-0.00387477,0.0193043,0.00407853,0.020107318,-7.81913e-16,4.93981e-15,1.17186e-15,5.1367665e-15,-0.00387477,0.0193043,0.00407853,0.020107318
2651,2652,-0.00398766,0.0232731,0.00648858,0.024487553,3.58252e-16,4.44787e-15,1.10283e-15,4.596534e-15,-0.00398766,0.0232731,0.00648858,0.024487553
2652,2653,-0.0043101,0.0271319,0.00956653,0.029090127,1.09737e-16,2.79869e-15,2.79705e-15,3.9583074e-15,-0.0043101,0.0271319,0.00956653,0.029090127
2653,2654,-0.00470932,0.0337681,0.0215302,0.040323835,1.02417e-15,2.06915e-15,2.50924e-15,3.409779e-15,-0.00470932,0.0337681,0.0215302,0.040323835
2654,2655,-0.0045327,0.0308025,0.014578,0.034378152,2.60773e-16,2.15458e-15,2.57539e-15,3.3679148e-15,-0.0045327,0.0308025,0.014578,0.034378152
2655,2656,-0.00567857,0.040291,0.0573823,0.07034443,1.92925e-15,2.75698e-15,5.52384e-15,6.4680562e-15,-0.00567857,0.040291,0.0573823,0.07034443
2656,2657,-0.00514907,0.0395626,0.0481924,0.062563725,-1.45673e-15,3.00347e-15,4.80567e-15,5.8512697e-15,-0.00514907,0.0395626,0.0481924,0.062563725
2657,2658,-0.00378112,0.0375082,0.0349275,0.051391557,6.95708e-16,3.13879e-15,2.9527e-15,4.3651402e-15,-0.00378112,0.0375082,0.0349275,0.051391557
2658,2659,-0.00509154,0.0363422,0.0308502,0.047941778,1.38422e-15,2.87347e-15,3.32723e-15,4.6090514e-15,-0.00509154,0.0363422,0.0308502,0.047941778
2659,2660,-1.69636e-06,0.0143176,0.00172583,0.0144212395,-4.18131e-16,3.24093e-15,1.47122e-15,3.583706e-15,-1.69636e-06,0.0143176,0.00172583,0.0144212395
2660,2661,0.000158621,0.0190985,0.00353263,0.019423112,3.14536e-16,1.74612e-15,5.32797e-16,1.8524958e-15,0.000158621,0.0190985,0.00353263,0.019423112
2661,2662,0.000200952,0.0232546,0.00619559,0.02406662,1.26564e-15,3.84758e-15,-5.33087e-17,4.050748e-15,0.000200952,0.0232546,0.00619559,0.02406662
2662,2663,8.12299e-05,0.0273952,0.00880971,0.02877698,1.91789e-15,2.49521e-15,2.12502e-15,3.7973787e-15,8.12299e-05,0.0273952,0.00880971,0.02877698
2663,2664,-0.000270181,0.0364835,0.0305192,0.047566168,2.31674e-15,3.41366e-15,9.63479e-16,4.2365848e-15,-0.000270181,0.0364835,0.0305192,0.047566168
2664,2665,-3.25617e-05,0.0339096,0.0210941,0.039935235,3.51525e-16,1.9161e-15,-1.61256e-15,2.5289047e-15,-3.25617e-05,0.0339096,0.0210941,0.039935235
2665,2666,3.65108e-05,0.0311524,0.0139567,0.03413595,3.81705e-16,3.30274e-15,1.91204e-15,3.835321e-15,3.65108e-05,0.0311524,0.0139567,0.03413595
2666,2667,-0.00193866,0.0402,0.0571576,0.06990557,1.92215e-15,3.33627e-15,3.63787e-15,5.297118e-15,-0.00193866,0.0402,0.0571576,0.06990557
2667,2668,-0.00171943,0.0394745,0.0480866,0.062237557,1.49273e-15,2.02029e-15,9.50223e-16,2.6856541e-15,-0.00171943,0.0394745,0.0480866,0.062237557
2668,2669,0.00128898,0.0393173,0.0568668,0.06914727,3.4021e-15,2.64756e-15,4.22762e-15,6.0379325e-15,0.00128898,0.0393173,0.0568668,0.06914727
2669,2670,-0.00176194,0.0383851,0.0400659,0.055513933,3.75168e-16,4.98077e-15,1.62341e-15,5.252074e-15,-0.00176194,0.0383851,0.0400659,0.055513933
2670,2671,0.00137999,0.0385899,0.0476178,0.061306927,1.97507e-15,3.12013e-15,3.45046e-15,5.053888e-15,0.00137999,0.0385899,0.0476178,0.061306927
2671,2672,-0.00446654,0.0383781,0.0400961,0.055682365,9.11511e-16,5.10193e-15,2.42577e-15,5.7223166e-15,-0.00446654,0.0383781,0.0400961,0.055682365
2672,2673,-0.00195006,0.037603,0.0348903,0.051333435,1.19588e-15,4.31946e-15,3.40209e-15,5.626907e-15,-0.00195006,0.037603,0.0348903,0.051333435
2673,2674,0.000974602,0.0375011,0.038796,0.053966768,1.05846e-15,3.75708e-15,2.0861e-15,4.4258107e-15,0.000974602,0.0375011,0.038796,0.053966768
2674,2675,0.00388488,0.0157561,0.000289034,0.016230542,1.59935e-16,3.15801e-15,-1.47539e-15,3.489324e-15,0.00388488,0.0157561,0.000289034,0.016230542
2675,2676,0.00427464,0.0201808,0.00230569,0.02075701,1.65721e-15,3.60277e-15,-6.40767e-16,4.0170732e-15,0.00427464,0.0201808,0.00230569,0.02075701
2676,2677,0.00439277,0.0240285,0.00579007,0.02510359,2.1374e-15,2.89245e-15,6.81462e-16,3.660483e-15,0.00439277,0.0240285,0.00579007,0.02510359
2677,2678,0.00457529,0.027728,0.00894019,0.029490715,1.84156e-15,3.36358e-15,1.54591e-16,3.8378262e-15,0.00457529,0.027728,0.00894019,0.029490715
2678,2679,0.00471104,0.0381856,0.0565288,0.06838011,3.89746e-15,2.03868e-15,5.5401e-15,7.073833e-15,0.00471104,0.0381856,0.0565288,0.06838011
2679,2680,0.00489516,0.0367352,0.0380494,0.053114917,1.51808e-15,3.27746e-15,6.15406e-15,7.1357384e-15,0.00489516,0.0367352,0.0380494,0.053114917
2680,2681,0.00461412,0.035341,0.0291191,0.046023887,2.30442e-15,2.71076e-15,-1.20452e-15,3.7562536e-15,0.00461412,0.035341,0.0291191,0.046023887
2681,2682,0.0046405,0.0334251,0.02076,0.03962006,9.90095e-16,3.39386e-15,-8.77876e-17,3.536422e-15,0.0046405,0.0334251,0.02076,0.03962006
2682,2683,0.00468765,0.0311332,0.0140956,0.03449545,1.0133e-15,3.89478e-15,-2.94367e-15,4.9861086e-15,0.00468765,0.0311332,0.0140956,0.03449545
2683,2684,0.00842314,0.0171465,-0.000453577,0.019109095,5.06407e-16,2.06883e-15,3.24686e-15,3.883118e-15,0.00842314,0.0171465,-0.000453577,0.019109095
2684,2685,0.00896457,0.0248761,0.00481725,0.026877308,1.92807e-15,3.94951e-15,-6.23575e-16,4.4390235e-15,0.00896457,0.0248761,0.00481725,0.026877308
2685,2686,0.00870347,0.02127,0.00133544,0.023020571,9.59449e-16,4.29172e-15,1.54727e-15,4.6619143e-15,0.00870347,0.02127,0.00133544,0.023020571
2686,2687,0.00921246,0.0281216,0.00952199,0.031086365,2.9292e-15,3.74153e-15,1.32994e-15,4.9343693e-15,0.00921246,0.0281216,0.00952199,0.031086365
2687,2688,0.0081879,0.0370688,0.0655407,0.07574114,1.62498e-15,2.77485e-15,4.46832e-15,5.50511e-15,0.0081879,0.0370688,0.0655407,0.07574114
2688,2689,0.00491538,0.0376298,0.047238,0.06059366,1.90497e-15,3.98248e-15,2.40251e-15,5.026043e-15,0.00491538,0.0376298,0.047238,0.06059366
2689,2690,0.00862797,0.036771,0.0561277,0.067652546,3.65654e-15,1.86518e-15,5.28374e-15,6.6908212e-15,0.00862797,0.036771,0.0561277,0.067652546
2690,2691,0.0089648,0.0363395,0.0468022,0.059928063,2.95256e-15,2.13333e-15,3.99107e-15,5.403457e-15,0.0089648,0.0363395,0.0468022,0.059928063
2691,2692,0.00897664,0.0342899,0.0286884,0.045600455,1.9969e-15,3.52582e-15,1.85362e-15,4.4558863e-15,0.00897664,0.0342899,0.0286884,0.045600455
2692,2693,0.00889176,0.0326408,0.0213015,0.039977983,1.96549e-15,2.50563e-15,2.88105e-16,3.1975517e-15,0.00889176,0.0326408,0.0213015,0.039977983
2693,2694,0.00937863,0.0310177,0.0150362,0.035723154,1.99182e-15,3.80119e-15,-7.99843e-16,4.365334e-15,0.00937863,0.0310177,0.0150362,0.035723154
2694,2695,0.00160274,-0.0505355,0.442878,0.4457548,1.51781e-14,-2.27815e-16,2.51584e-14,2.9383187e-14,0.00160274,-0.0505355,0.442878,0.4457548
2695,2696,0.00239089,-0.0524854,0.435954,0.43910855,1.52681e-14,-1.89857e-15,2.72874e-14,3.1326053e-14,0.00239089,-0.0524854,0.435954,0.43910855
2696,2697,0.00154714,-0.055455,0.432167,0.43571317,1.44406e-14,6.10528e-16,2.84657e-14,3.192491e-14,0.00154714,-0.055455,0.432167,0.43571317
2697,2698,0.00395834,-0.04798,0.436659,0.43930495,1.61295e-14,-5.4991e-16,2.57382e-14,3.037957e-14,0.00395834,-0.04798,0.436659,0.43930495
2698,2699,0.00253024,-0.0471667,0.444107,0.44661182,1.63461e-14,-1.36446e-16,2.18223e-14,2.7265845e-14,0.00253024,-0.0471667,0.444107,0.44661182
2699,2700,0.00174186,-0.042456,0.451991,0.45398393,1.57e-14,-1.02528e-15,2.69535e-14,3.120949e-14,0.00174186,-0.042456,0.451991,0.45398393
2700,2701,0.00315824,-0.0428187,0.445257,0.44732228,1.61753e-14,-1.33224e-15,2.69224e-14,3.143614e-14,0.00315824,-0.0428187,0.445257,0.44732228
2701,2702,0.00459353,-0.0433374,0.437647,0.43981147,1.54728e-14,-1.36256e-15,2.26903e-14,2.7497524e-14,0.00459353,-0.0433374,0.437647,0.43981147
2702,2703,0.00183596,-0.0377441,0.45254,0.454115,1.48215e-14,-1.50734e-15,2.84042e-14,3.2074092e-14,0.00183596,-0.0377441,0.45254,0.454115
2703,2704,0.00330868,-0.0381455,0.445847,0.44748807,1.59599e-14,-1.06765e-15,2.75696e-14,3.187383e-14,0.00330868,-0.0381455,0.445847,0.44748807
2704,2705,0.00474983,-0.0386283,0.438266,0.4399907,1.55353e-14,3.33876e-16,2.90379e-14,3.2934125e-14,0.00474983,-0.0386283,0.438266,0.4399907
2705,2706,0.00308885,-0.0675699,0.383159,0.38908362,1.58602e-14,8.02701e-16,2.26446e-14,2.7658058e-14,0.00308885,-0.0675699,0.383159,0.38908362
2706,2707,0.00385958,-0.0685446,0.376555,0.38276222,1.50696e-14,7.62952e-16,2.20362e-14,2.6707098e-14,0.00385958,-0.0685446,0.376555,0.38276222
2707,2708,0.00460064,-0.069617,0.367815,0.37437356,1.39247e-14,7.5134e-16,2.29873e-14,2.6886386e-14,0.00460064,-0.069617,0.367815,0.37437356
2708,2709,0.00519409,-0.0706983,0.358427,0.36536986,1.55646e-14,-1.83703e-15,2.09643e-14,2.6175051e-14,0.00519409,-0.0706983,0.358427,0.36536986
2709,2710,0.00223001,-0.0611086,0.412471,0.4169791,1.49675e-14,-1.37523e-15,2.22422e-14,2.6844604e-14,0.00223001,-0.0611086,0.412471,0.4169791
2710,2711,0.00328654,-0.0622246,0.406222,0.41097325,1.42746e-14,-1.92207e-15,3.04405e-14,3.3676143e-14,0.00328654,-0.0622246,0.406222,0.41097325
2711,2712,0.00399634,-0.0638432,0.397635,0.40274745,1.36284e-14,1.58243e-16,3.0819e-14,3.3698206e-14,0.00399634,-0.0638432,0.397635,0.40274745
2712,2713,0.00451818,-0.065705,0.387615,0.3931704,1.58515e-14,1.18239e-15,2.58404e-14,3.0338003e-14,0.00451818,-0.065705,0.387615,0.3931704
2713,2714,0.00652894,-0.0669796,0.377689,0.3836377,1.39898e-14,1.04339e-15,2.42167e-14,2.7986636e-14,0.00652894,-0.0669796,0.377689,0.3836377
2714,2715,0.0074107,-0.0678712,0.36803,0.37430936,1.43857e-14,2.27716e-15,1.80897e-14,2.3224363e-14,0.0074107,-0.0678712,0.36803,0.37430936
2715,2716,0.00237039,-0.0565342,0.426121,0.42986143,1.67265e-14,-1.96018e-15,2.61395e-14,3.109488e-14,0.00237039,-0.0565342,0.426121,0.42986143
2716,2717,0.00321006,-0.0582225,0.417078,0.42113444,1.56572e-14,-1.89448e-15,2.76988e-14,3.1874138e-14,0.00321006,-0.0582225,0.417078,0.42113444
2717,2718,0.00586231,-0.0589131,0.407497,0.41177535,1.35298e-14,-2.9317e-15,3.04495e-14,3.3448803e-14,0.00586231,-0.0589131,0.407497,0.41177535
2718,2719,0.00656362,-0.0611118,0.39746,0.40218428,1.45304e-14,-1.80524e-15,3.1679e-14,3.4899147e-14,0.00656362,-0.0611118,0.39746,0.40218428
2719,2720,0.00756031,-0.0628219,0.387853,0.39298052,1.59526e-14,-4.85228e-17,2.54458e-14,3.0032925e-14,0.00756031,-0.0628219,0.387853,0.39298052
2720,2721,0.00426888,-0.0530461,0.427477,0.43077686,1.62686e-14,-1.95727e-15,2.70213e-14,3.1601403e-14,0.00426888,-0.0530461,0.427477,0.43077686
2721,2722,0.00570618,-0.0538549,0.419765,0.4232441,1.51362e-14,-8.00754e-16,2.37134e-14,2.8143759e-14,0.00570618,-0.0538549,0.419765,0.4232441
2722,2723,0.00714707,-0.0542044,0.412192,0.41580215,1.53814e-14,-1.61994e-15,2.24103e-14,2.7229272e-14,0.00714707,-0.0542044,0.412192,0.41580215
2723,2724,0.00670034,-0.0490255,0.422097,0.42498738,1.44537e-14,-1.90874e-15,2.35606e-14,2.770658e-14,0.00670034,-0.0490255,0.422097,0.42498738
2724,2725,0.00547696,-0.0485457,0.42905,0.4318224,1.55147e-14,5.74471e-16,2.60399e-14,3.0316864e-14,0.00547696,-0.0485457,0.42905,0.4318224
2725,2726,0.00602619,-0.0438,0.43048,0.43274447,1.67886e-14,-9.19304e-16,2.03528e-14,2.6399596e-14,0.00602619,-0.0438,0.43048,0.43274447
2726,2727,0.00620756,-0.0390843,0.431174,0.43298632,1.67301e-14,1.85439e-15,2.58542e-14,3.0850847e-14,0.00620756,-0.0390843,0.431174,0.43298632
2727,2728,0.00902248,-0.0641698,0.378017,0.383531,1.40692e-14,9.87365e-16,2.12611e-14,2.5513754e-14,0.00902248,-0.0641698,0.378017,0.383531
2728,2729,0.00988213,-0.0655015,0.368133,0.3740455,1.44362e-14,4.06674e-15,2.01777e-14,2.5141237e-14,0.00988213,-0.0655015,0.368133,0.3740455
2729,2730,0.00813968,-0.0688628,0.358413,0.3650592,1.49847e-14,-6.28503e-16,1.8556e-14,2.3859199e-14,0.00813968,-0.0688628,0.358413,0.3650592
2730,2731,0.0105719,-0.0666345,0.358365,0.36466065,1.61988e-14,4.7151e-16,1.84992e-14,2.4593575e-14,0.0105719,-0.0666345,0.358365,0.36466065
2731,2732,0.00758462,-0.0573288,0.403448,0.40757135,1.51732e-14,-4.29228e-15,3.27723e-14,3.6368576e-14,0.00758462,-0.0573288,0.403448,0.40757135
2732,2733,0.0083533,-0.058327,0.396741,0.40109256,1.50819e-14,1.04257e-15,2.98731e-14,3.3480634e-14,0.0083533,-0.058327,0.396741,0.40109256
2733,2734,0.009547,-0.0593778,0.388182,0.39281312,1.47353e-14,4.55943e-16,2.56926e-14,2.9621725e-14,0.009547,-0.0593778,0.388182,0.39281312
2734,2735,0.0117017,-0.0624309,0.368029,0.37347007,1.74187e-14,2.01322e-15,1.88336e-14,2.5732637e-14,0.0117017,-0.0624309,0.368029,0.37347007
2735,2736,0.0110984,-0.060204,0.378255,0.38317692,1.5089e-14,1.68212e-15,1.88005e-14,2.4165393e-14,0.0110984,-0.060204,0.378255,0.38317692
2736,2737,0.0124801,-0.0639457,0.358368,0.36424226,1.61117e-14,4.47025e-16,1.81577e-14,2.427939e-14,0.0124801,-0.0639457,0.358368,0.36424226
2737,2738,0.00994962,-0.0546933,0.398029,0.40189233,1.57743e-14,-1.17035e-15,2.09607e-14,2.6259268e-14,0.00994962,-0.0546933,0.398029,0.40189233
2738,2739,0.00857942,-0.0541486,0.405398,0.40908828,1.60563e-14,-2.06051e-15,2.39274e-14,2.888894e-14,0.00857942,-0.0541486,0.405398,0.40908828
2739,2740,0.011245,-0.0552941,0.390565,0.39461997,1.47718e-14,-1.17653e-16,2.53133e-14,2.9308414e-14,0.011245,-0.0552941,0.390565,0.39461997
2740,2741,0.0124685,-0.0557117,0.383025,0.38725623,1.59584e-14,2.46393e-15,2.45186e-14,2.935819e-14,0.0124685,-0.0557117,0.383025,0.38725623
2741,2742,0.00807626,-0.0494223,0.414884,0.41789535,1.51574e-14,-2.44872e-15,2.54443e-14,2.971793e-14,0.00807626,-0.0494223,0.414884,0.41789535
2742,2743,0.00954597,-0.0497501,0.407256,0.41039452,1.43347e-14,-2.38595e-15,2.63285e-14,3.007268e-14,0.00954597,-0.0497501,0.407256,0.41039452
2743,2744,0.0109019,-0.0501714,0.399955,0.40323693,1.49092e-14,-1.09187e-15,2.62593e-14,3.0216342e-14,0.0109019,-0.0501714,0.399955,0.40323693
2744,2745,0.0121057,-0.050595,0.393157,0.39658394,1.60196e-14,-1.94162e-16,2.089e-14,2.6325982e-14,0.0121057,-0.050595,0.393157,0.39658394
2745,2746,0.00736764,-0.0442221,0.423817,0.42618158,1.60251e-14,-2.10719e-15,2.01775e-14,2.5852962e-14,0.00736764,-0.0442221,0.423817,0.42618158
2746,2747,0.00882564,-0.0446342,0.416532,0.41900957,1.54306e-14,-2.40243e-15,2.52809e-14,2.9715298e-14,0.00882564,-0.0446342,0.416532,0.41900957
2747,2748,0.0103864,-0.0450417,0.408888,0.41149244,1.43008e-14,-1.51755e-15,2.71526e-14,3.0725876e-14,0.0103864,-0.0450417,0.408888,0.41149244
2748,2749,0.0116543,-0.0454233,0.401893,0.40461966,1.45761e-14,-1.81294e-15,2.33738e-14,2.7605868e-14,0.0116543,-0.0454233,0.401893,0.40461966
2749,2750,0.00754775,-0.0395508,0.424607,0.42651182,1.48617e-14,-2.16733e-15,2.21193e-14,2.673632e-14,0.00754775,-0.0395508,0.424607,0.42651182
2750,2751,0.00910815,-0.0399321,0.417467,0.41947135,1.56439e-14,-3.72562e-16,2.21203e-14,2.709572e-14,0.00910815,-0.0399321,0.417467,0.41947135
2751,2752,0.0107531,-0.0402865,0.409945,0.4120601,1.37982e-14,1.05036e-15,2.27123e-14,2.6595905e-14,0.0107531,-0.0402865,0.409945,0.4120601
2752,2753,0.0119957,-0.0406465,0.402984,0.4052063,1.53241e-14,-1.04511e-16,2.23104e-14,2.7066453e-14,0.0119957,-0.0406465,0.402984,0.4052063
2753,2754,0.0126136,-0.0587197,0.374164,0.37895355,1.47053e-14,-3.43961e-16,2.22375e-14,2.6662156e-14,0.0126136,-0.0587197,0.374164,0.37895355
2754,2755,0.0131563,-0.0597424,0.36736,0.3724186,1.70184e-14,1.20242e-15,2.05296e-14,2.6693374e-14,0.0131563,-0.0597424,0.36736,0.3724186
2755,2756,0.013977,-0.0608528,0.358508,0.3639044,1.62654e-14,9.84215e-16,1.61724e-14,2.2958188e-14,0.013977,-0.0608528,0.358508,0.3639044
2756,2757,0.0145873,-0.0562607,0.368165,0.37272444,1.58986e-14,1.27458e-15,2.45055e-14,2.9238835e-14,0.0145873,-0.0562607,0.368165,0.37272444
2757,2758,0.0136577,-0.0556974,0.37617,0.38051623,1.57424e-14,1.75492e-15,2.1302e-14,2.6545774e-14,0.0136577,-0.0556974,0.37617,0.38051623
2758,2759,0.0155038,-0.0569747,0.359288,0.3641076,1.5241e-14,1.76165e-15,2.42895e-14,2.8729274e-14,0.0155038,-0.0569747,0.359288,0.3641076
2759,2760,0.013331,-0.0510057,0.385877,0.38946164,1.72192e-14,1.72445e-15,2.13161e-14,2.7456343e-14,0.013331,-0.0510057,0.385877,0.38946164
2760,2761,0.0146643,-0.0514029,0.377876,0.38163802,1.54012e-14,1.89795e-15,2.13029e-14,2.6355506e-14,0.0146643,-0.0514029,0.377876,0.38163802
2761,2762,0.0156264,-0.0519098,0.369181,0.37313995,1.59661e-14,1.41313e-15,1.89592e-14,2.482669e-14,0.0156264,-0.0519098,0.369181,0.37313995
2762,2763,0.0164799,-0.052487,0.360645,0.36481678,1.58731e-14,1.16954e-15,2.15038e-14,2.6753253e-14,0.0164799,-0.052487,0.360645,0.36481678
2763,2764,0.0128496,-0.0458062,0.395216,0.39806908,1.61923e-14,5.98017e-17,2.24215e-14,2.7657149e-14,0.0128496,-0.0458062,0.395216,0.39806908
2764,2765,0.0140538,-0.0462299,0.387571,0.3905714,1.66065e-14,2.51526e-15,2.18315e-14,2.7544813e-14,0.0140538,-0.0462299,0.387571,0.3905714
2765,2766,0.0153493,-0.0467094,0.37903,0.38220558,1.63486e-14,1.88557e-15,1.86614e-14,2.4881315e-14,0.0153493,-0.0467094,0.37903,0.38220558
2766,2767,0.0163841,-0.0472384,0.370302,0.37366226,1.5774e-14,6.35125e-16,1.82149e-14,2.4104045e-14,0.0163841,-0.0472384,0.370302,0.37366226
2767,2768,0.0172638,-0.0477649,0.362402,0.3659436,1.44815e-14,1.01392e-15,1.55814e-14,2.1296055e-14,0.0172638,-0.0477649,0.362402,0.3659436
2768,2769,0.0131712,-0.0410141,0.396243,0.39857766,1.60921e-14,8.76108e-16,2.13481e-14,2.674817e-14,0.0131712,-0.0410141,0.396243,0.39857766
2769,2770,0.0144048,-0.0414453,0.388497,0.39096692,1.51651e-14,1.08934e-15,2.09988e-14,2.592521e-14,0.0144048,-0.0414453,0.388497,0.39096692
2770,2771,0.0157198,-0.0419168,0.379878,0.3825068,1.66287e-14,2.17627e-15,1.88136e-14,2.5203201e-14,0.0157198,-0.0419168,0.379878,0.3825068
2771,2772,0.0167488,-0.0423884,0.371249,0.37403625,1.60661e-14,1.61847e-15,1.93814e-14,2.5226528e-14,0.0167488,-0.0423884,0.371249,0.37403625
2772,2773,0.0175809,-0.0428052,0.363583,0.366516,1.61432e-14,2.68255e-15,1.89546e-14,2.5041482e-14,0.0175809,-0.0428052,0.363583,0.366516
2773,2774,0.0182844,-0.0431786,0.356741,0.35980946,1.70966e-14,9.95413e-16,1.89949e-14,2.55752e-14,0.0182844,-0.0431786,0.356741,0.35980946
2774,2775,0.00562559,-0.0718876,0.348806,0.35618126,1.59942e-14,-7.74104e-16,1.98672e-14,2.5517039e-14,0.00562559,-0.0718876,0.348806,0.35618126
2775,2776,0.00601283,-0.0730005,0.339019,0.34684163,1.48168e-14,-1.91727e-15,1.55563e-14,2.1568774e-14,0.00601283,-0.0730005,0.339019,0.34684163
2776,2777,0.00680789,-0.0741189,0.329389,0.33769378,1.51561e-14,-3.80345e-15,1.52376e-14,2.1825628e-14,0.00680789,-0.0741189,0.329389,0.33769378
2777,2778,0.00720944,-0.0747578,0.319851,0.32855043,1.29941e-14,-3.66679e-15,1.41743e-14,1.9575565e-14,0.00720944,-0.0747578,0.319851,0.32855043
2778,2779,0.00735745,-0.0753321,0.310407,0.31950206,1.12735e-14,-4.15355e-15,1.50095e-14,1.9225735e-14,0.00735745,-0.0753321,0.310407,0.31950206
2779,2780,0.00722433,-0.0757842,0.301006,0.31048355,1.13017e-14,-3.32295e-15,1.70999e-14,2.0764801e-14,0.00722433,-0.0757842,0.301006,0.31048355
2780,2781,0.00735867,-0.0760778,0.29126,0.30112186,1.18355e-14,-3.23346e-15,1.63125e-14,2.0411564e-14,0.00735867,-0.0760778,0.29126,0.30112186
2781,2782,0.00749675,-0.0761813,0.281633,0.29185086,1.1254e-14,-4.17233e-15,1.81824e-14,2.1786706e-14,0.00749675,-0.0761813,0.281633,0.29185086
2782,2783,0.00868627,-0.0698044,0.348772,0.3557949,1.5841e-14,-1.21985e-15,1.55301e-14,2.221732e-14,0.00868627,-0.0698044,0.348772,0.3557949
2783,2784,0.0092478,-0.0708376,0.339119,0.34656194,1.59378e-14,-1.37454e-15,2.22599e-14,2.7411785e-14,0.0092478,-0.0708376,0.339119,0.34656194
2784,2785,0.00980908,-0.0717604,0.329504,0.33737022,1.62662e-14,-1.6169e-15,2.09405e-14,2.6565167e-14,0.00980908,-0.0717604,0.329504,0.33737022
2785,2786,0.0102019,-0.0724543,0.319949,0.32820886,1.44233e-14,-2.80303e-15,2.00985e-14,2.4896551e-14,0.0102019,-0.0724543,0.319949,0.32820886
2786,2787,0.0105039,-0.0730625,0.310433,0.31908792,1.21577e-14,-2.63863e-15,2.05242e-14,2.400031e-14,0.0105039,-0.0730625,0.310433,0.31908792
2787,2788,0.0107363,-0.0736454,0.300899,0.30996633,1.25594e-14,-1.83108e-15,2.13718e-14,2.4856492e-14,0.0107363,-0.0736454,0.300899,0.30996633
2788,2789,0.0108647,-0.0739744,0.291326,0.30076748,1.17944e-14,-3.94396e-15,1.81543e-14,2.2005482e-14,0.0108647,-0.0739744,0.291326,0.30076748
2789,2790,0.0109495,-0.0742262,0.281784,0.29160187,1.19371e-14,-3.24057e-15,1.65447e-14,2.0657268e-14,0.0109495,-0.0742262,0.281784,0.29160187
2790,2791,0.0112014,-0.0676376,0.348803,0.35547695,1.71198e-14,-1.52267e-15,1.71409e-14,2.4273782e-14,0.0112014,-0.0676376,0.348803,0.35547695
2791,2792,0.011817,-0.0686115,0.339223,0.34629384,1.34308e-14,-1.808e-15,1.80078e-14,2.2537438e-14,0.011817,-0.0686115,0.339223,0.34629384
2792,2793,0.0124037,-0.069531,0.329638,0.3371196,1.59131e-14,-1.40959e-15,1.66796e-14,2.3095946e-14,0.0124037,-0.069531,0.329638,0.3371196
2793,2794,0.0128311,-0.0702642,0.320076,0.3279487,1.29757e-14,-3.06655e-15,1.84247e-14,2.2742957e-14,0.0128311,-0.0702642,0.320076,0.3279487
2794,2795,0.0132008,-0.0709299,0.310534,0.31880507,1.2224e-14,-2.73406e-15,2.03569e-14,2.390198e-14,0.0132008,-0.0709299,0.310534,0.31880507
2795,2796,0.0135331,-0.0715925,0.300946,0.30964032,1.24505e-14,-1.46907e-15,1.79432e-14,2.1889075e-14,0.0135331,-0.0715925,0.300946,0.30964032
2796,2797,0.0136563,-0.0720034,0.291384,0.30045903,1.18631e-14,-2.5732e-15,1.71739e-14,2.1030866e-14,0.0136563,-0.0720034,0.291384,0.30045903
2797,2798,0.0133967,-0.0651356,0.348963,0.35524258,1.68072e-14,-1.07445e-15,1.77465e-14,2.4465788e-14,0.0133967,-0.0651356,0.348963,0.35524258
2798,2799,0.0142617,-0.0661558,0.339465,0.34614515,1.49205e-14,-1.66366e-15,1.80033e-14,2.3441586e-14,0.0142617,-0.0661558,0.339465,0.34614515
2799,2800,0.0150531,-0.0671565,0.329897,0.33699945,1.44786e-14,-3.57742e-16,1.74648e-14,2.2688699e-14,0.0150531,-0.0671565,0.329897,0.33699945
2800,2801,0.0155449,-0.0679163,0.320341,0.32783017,1.43841e-14,-1.95666e-15,1.91498e-14,2.40301e-14,0.0155449,-0.0679163,0.320341,0.32783017
2801,2802,0.0159773,-0.0686376,0.310802,0.31869152,1.31062e-14,-2.49118e-15,1.98321e-14,2.3901688e-14,0.0159773,-0.0686376,0.310802,0.31869152
2802,2803,0.0162524,-0.0693065,0.301125,0.30942494,1.21936e-14,-1.5489e-15,2.0662e-14,2.4041656e-14,0.0162524,-0.0693065,0.301125,0.30942494
2803,2804,0.0165037,-0.0699134,0.291483,0.30020428,1.16796e-14,-2.46444e-15,1.81465e-14,2.1720544e-14,0.0165037,-0.0699134,0.291483,0.30020428
2804,2805,0.0137974,-0.0724467,0.281822,0.29131174,1.12458e-14,-1.96299e-15,1.54491e-14,1.9209269e-14,0.0137974,-0.0724467,0.281822,0.29131174
2805,2806,0.0166929,-0.070434,0.281878,0.2910237,1.05469e-14,-2.51482e-15,1.8467e-14,2.141475e-14,0.0166929,-0.070434,0.281878,0.2910237
2806,2807,0.0150401,-0.0617935,0.349321,0.3550631,1.72032e-14,1.00333e-15,2.04773e-14,2.6763344e-14,0.0150401,-0.0617935,0.349321,0.3550631
2807,2808,0.0159373,-0.0625819,0.339838,0.34591958,1.58068e-14,-2.93598e-16,1.89119e-14,2.4649565e-14,0.0159373,-0.0625819,0.339838,0.34591958
2808,2809,0.0165445,-0.0636269,0.330173,0.33665457,1.305e-14,-1.42049e-15,2.34759e-14,2.6896806e-14,0.0165445,-0.0636269,0.330173,0.33665457
2809,2810,0.0170015,-0.0644739,0.320691,0.32754946,1.31494e-14,-6.87293e-16,2.21575e-14,2.5774674e-14,0.0170015,-0.0644739,0.320691,0.32754946
2810,2811,0.0174119,-0.0652484,0.311219,0.31846163,1.23942e-14,-1.88313e-15,1.75722e-14,2.1585749e-14,0.0174119,-0.0652484,0.311219,0.31846163
2811,2812,0.0176884,-0.0659762,0.301472,0.3091134,1.24588e-14,-2.05714e-15,1.96269e-14,2.333814e-14,0.0176884,-0.0659762,0.301472,0.3091134
2812,2813,0.0179644,-0.0666351,0.291796,0.2998464,1.3079e-14,-2.15555e-15,1.7829e-14,2.2216658e-14,0.0179644,-0.0666351,0.291796,0.2998464
2813,2814,0.018166,-0.0671864,0.282192,0.29064813,1.02842e-14,-1.25319e-15,1.47789e-14,1.8048578e-14,0.018166,-0.0671864,0.282192,0.29064813
2814,2815,0.0164086,-0.0575973,0.350342,0.355424,1.58482e-14,1.77979e-17,1.98649e-14,2.5412201e-14,0.0164086,-0.0575973,0.350342,0.355424
2815,2816,0.017406,-0.0581123,0.340596,0.34595612,1.71977e-14,-7.63063e-17,2.11295e-14,2.724376e-14,0.017406,-0.0581123,0.340596,0.34595612
2816,2817,0.0178472,-0.0602053,0.33043,0.33634385,1.16688e-14,6.72908e-16,2.07954e-14,2.3855028e-14,0.0178472,-0.0602053,0.33043,0.33634385
2817,2818,0.0182024,-0.0614102,0.320976,0.32730433,1.45553e-14,-1.62235e-15,1.83027e-14,2.3440939e-14,0.0182024,-0.0614102,0.320976,0.32730433
2818,2819,0.0185966,-0.0623148,0.311527,0.3182421,1.27574e-14,-2.09821e-15,1.95311e-14,2.3422587e-14,0.0185966,-0.0623148,0.311527,0.3182421
2819,2820,0.017279,-0.0529767,0.352882,0.35725453,1.54454e-14,1.06347e-15,2.02315e-14,2.5475576e-14,0.017279,-0.0529767,0.352882,0.35725453
2820,2821,0.0180673,-0.053298,0.345421,0.34997538,1.46456e-14,-5.54843e-16,1.97621e-14,2.46037e-14,0.0180673,-0.053298,0.345421,0.34997538
2821,2822,0.0179852,-0.0481949,0.355414,0.35911745,1.52843e-14,6.76975e-16,1.73342e-14,2.3120178e-14,0.0179852,-0.0481949,0.355414,0.35911745
2822,2823,0.0188995,-0.0630278,0.301769,0.30885953,1.2242e-14,-4.82655e-16,2.03637e-14,2.3765097e-14,0.0188995,-0.0630278,0.301769,0.30885953
2823,2824,0.0191905,-0.0636645,0.292077,0.29955035,1.26733e-14,-2.12022e-15,2.0051e-14,2.381492e-14,0.0191905,-0.0636645,0.292077,0.29955035
2824,2825,0.0194248,-0.0642311,0.282463,0.2903245,1.15039e-14,-2.67254e-15,1.6738e-14,2.0485185e-14,0.0194248,-0.0642311,0.282463,0.2903245
2825,2826,0.0182825,-0.0563335,0.336586,0.341757,1.40681e-14,-2.99674e-16,2.21755e-14,2.626317e-14,0.0182825,-0.0563335,0.336586,0.341757
2826,2827,0.0187882,-0.0572988,0.329795,0.33526242,1.3206e-14,1.1903e-15,2.00405e-14,2.4029916e-14,0.0187882,-0.0572988,0.329795,0.33526242
2827,2828,0.0192765,-0.0582676,0.32104,0.32685375,1.36207e-14,-1.27047e-15,1.83618e-14,2.2897452e-14,0.0192765,-0.0582676,0.32104,0.32685375
2828,2829,0.0197553,-0.0590809,0.311706,0.3178702,1.38433e-14,-1.5784e-15,2.10051e-14,2.5206003e-14,0.0197553,-0.0590809,0.311706,0.3178702
2829,2830,0.0201214,-0.0597057,0.302047,0.30854827,1.30614e-14,5.4096e-17,2.03535e-14,2.4184046e-14,0.0201214,-0.0597057,0.302047,0.30854827
2830,2831,0.020455,-0.0602866,0.292397,0.2992472,1.36927e-14,-2.49143e-15,2.1695e-14,2.5775382e-14,0.020455,-0.0602866,0.292397,0.2992472
2831,2832,0.0207151,-0.0608388,0.282788,0.2899992,1.08712e-14,-1.55154e-15,1.94282e-14,2.2316926e-14,0.0207151,-0.0608388,0.282788,0.2899992
2832,2833,0.0196755,-0.0536569,0.33042,0.33532605,1.56967e-14,-3.17985e-17,1.99053e-14,2.534972e-14,0.0196755,-0.0536569,0.33042,0.33532605
2833,2834,0.018867,-0.0531561,0.338495,0.34316233,1.55632e-14,-7.01619e-16,2.26528e-14,2.7492814e-14,0.018867,-0.0531561,0.338495,0.34316233
2834,2835,0.0202717,-0.0543013,0.321392,0.32657677,1.40299e-14,-6.08228e-16,2.18616e-14,2.598341e-14,0.0202717,-0.0543013,0.321392,0.32657677
2835,2836,0.0207535,-0.0549316,0.311992,0.31746998,1.27474e-14,-1.24451e-15,1.99119e-14,2.3675489e-14,0.0207535,-0.0549316,0.311992,0.31746998
2836,2837,0.0211181,-0.0554936,0.302413,0.30818683,1.18583e-14,-1.80078e-15,2.12293e-14,2.43833e-14,0.0211181,-0.0554936,0.302413,0.30818683
2837,2838,0.02144,-0.0560399,0.292816,0.29890025,1.3698e-14,4.83473e-16,1.83637e-14,2.2914938e-14,0.02144,-0.0560399,0.292816,0.29890025
2838,2839,0.0187344,-0.0485163,0.348209,0.35207146,1.43059e-14,-6.98295e-16,2.15099e-14,2.5842257e-14,0.0187344,-0.0485163,0.348209,0.35207146
2839,2840,0.0195525,-0.0487941,0.340077,0.34411559,1.49897e-14,4.41419e-16,2.14637e-14,2.6183513e-14,0.0195525,-0.0487941,0.340077,0.34411559
2840,2841,0.0204592,-0.0492583,0.331224,0.33549112,1.41386e-14,4.56629e-16,2.0289e-14,2.4733623e-14,0.0204592,-0.0492583,0.331224,0.33549112
2841,2842,0.0210734,-0.0497923,0.321917,0.32642597,1.32802e-14,-3.78957e-16,1.77071e-14,2.2137045e-14,0.0210734,-0.0497923,0.321917,0.32642597
2842,2843,0.0215833,-0.0503445,0.312437,0.31720227,1.21142e-14,-5.72339e-16,1.59312e-14,2.0022102e-14,0.0215833,-0.0503445,0.312437,0.31720227
2843,2844,0.02193,-0.0508773,0.302875,0.30790046,1.19682e-14,-1.8086e-16,1.89953e-14,2.2451992e-14,0.02193,-0.0508773,0.302875,0.30790046
2844,2845,0.0222412,-0.0514094,0.293299,0.2985999,1.31624e-14,-7.43473e-16,1.4227e-14,1.939611e-14,0.0222412,-0.0514094,0.293299,0.2985999
2845,2846,0.0216527,-0.0565702,0.283228,0.28963274,1.14622e-14,1.99697e-16,1.7828e-14,2.119574e-14,0.0216527,-0.0565702,0.283228,0.28963274
2846,2847,0.0189616,-0.0435813,0.349392,0.35260975,1.63488e-14,1.16064e-15,1.93587e-14,2.5365127e-14,0.0189616,-0.0435813,0.349392,0.35260975
2847,2848,0.0197807,-0.0440381,0.340941,0.344342,1.52397e-14,1.08156e-15,2.00864e-14,2.5236515e-14,0.0197807,-0.0440381,0.340941,0.344342
2848,2849,0.0207007,-0.0445322,0.331854,0.33546788,1.34713e-14,-3.76437e-18,2.01144e-14,2.4208781e-14,0.0207007,-0.0445322,0.331854,0.33546788
2849,2850,0.0213157,-0.0450431,0.322445,0.32627293,1.2845e-14,-1.00589e-15,1.74882e-14,2.1721946e-14,0.0213157,-0.0450431,0.322445,0.32627293
2850,2851,0.021813,-0.0455653,0.312935,0.3169863,1.21299e-14,-1.17971e-15,1.88803e-14,2.2472025e-14,0.021813,-0.0455653,0.312935,0.3169863
2851,2852,0.0221486,-0.046086,0.303383,0.3076617,1.26236e-14,-1.94902e-16,2.05572e-14,2.4124505e-14,0.0221486,-0.046086,0.303383,0.3076617
2852,2853,0.0224564,-0.0466109,0.293824,0.29834443,1.22584e-14,-1.03894e-15,1.58593e-14,2.0071501e-14,0.0224564,-0.0466109,0.293824,0.29834443
2853,2854,0.0224252,-0.0519338,0.283722,0.2893064,1.02696e-14,-1.5916e-15,1.93948e-14,2.200355e-14,0.0224252,-0.0519338,0.283722,0.2893064
2854,2855,0.00761705,-0.0761276,0.27214,0.28268996,1.00392e-14,-3.75559e-15,1.35529e-14,1.727921e-14,0.00761705,-0.0761276,0.27214,0.28268996
2855,2856,0.0077557,-0.0759549,0.26307,0.2739254,7.83974e-15,-2.09911e-15,1.79585e-14,1.9707245e-14,0.0077557,-0.0759549,0.26307,0.2739254
2856,2857,0.00796222,-0.0756201,0.255442,0.26651907,8.4197e-15,-2.42508e-15,1.42949e-14,1.6766531e-14,0.00796222,-0.0756201,0.255442,0.26651907
2857,2858,0.00864328,-0.0753587,0.249327,0.26061004,7.53418e-15,-3.52181e-15,1.28596e-14,1.531458e-14,0.00864328,-0.0753587,0.249327,0.26061004
2858,2859,0.00878884,-0.0749654,0.242102,0.25359502,8.93826e-15,-2.87208e-15,1.05432e-14,1.41173795e-14,0.00878884,-0.0749654,0.242102,0.25359502
2859,2860,0.00888352,-0.07445,0.23371,0.24544263,9.40721e-15,-1.18669e-15,1.0773e-14,1.4351354e-14,0.00888352,-0.07445,0.23371,0.24544263
2860,2861,0.00903754,-0.073891,0.224972,0.23696825,8.54673e-15,-2.85631e-15,1.11374e-14,1.4326437e-14,0.00903754,-0.073891,0.224972,0.23696825
2861,2862,0.00923465,-0.0733848,0.21704,0.22929668,1.02558e-14,-3.82237e-15,1.23402e-14,1.649462e-14,0.00923465,-0.0733848,0.21704,0.22929668
2862,2863,0.0094669,-0.0727533,0.210455,0.22287658,9.57676e-15,-2.37974e-15,6.44558e-15,1.178656e-14,0.0094669,-0.0727533,0.210455,0.22287658
2863,2864,0.00955693,-0.0721121,0.203753,0.21634872,9.62136e-15,-2.99396e-15,7.57386e-15,1.2605464e-14,0.00955693,-0.0721121,0.203753,0.21634872
2864,2865,0.010979,-0.0744457,0.27236,0.28256446,9.58258e-15,-2.07573e-15,1.83554e-14,2.0809978e-14,0.010979,-0.0744457,0.27236,0.28256446
2865,2866,0.0108754,-0.0745638,0.263561,0.27412122,9.74371e-15,-2.01764e-15,1.79384e-14,2.0513335e-14,0.0108754,-0.0745638,0.263561,0.27412122
2866,2867,0.0106087,-0.0746655,0.257036,0.2678712,9.75891e-15,-9.83914e-16,1.3949e-14,1.7052244e-14,0.0106087,-0.0746655,0.257036,0.2678712
2867,2868,0.0137384,-0.0727176,0.272323,0.28219926,1.03126e-14,-2.56863e-15,1.52591e-14,1.8595368e-14,0.0137384,-0.0727176,0.272323,0.28219926
2868,2869,0.0135202,-0.0731205,0.262838,0.2731542,9.71458e-15,-4.98595e-17,1.7976e-14,2.0433113e-14,0.0135202,-0.0731205,0.262838,0.2731542
2869,2870,0.0124749,-0.073545,0.2531,0.2638638,8.7984e-15,-1.75154e-15,1.4099e-14,1.671112e-14,0.0124749,-0.073545,0.2531,0.2638638
2870,2871,0.0128887,-0.0735175,0.243222,0.25441673,1.06052e-14,-2.2699e-15,9.17537e-15,1.4205989e-14,0.0128887,-0.0735175,0.243222,0.25441673
2871,2872,0.0130934,-0.0735039,0.233976,0.24559933,1.02557e-14,-1.78659e-16,1.29941e-14,1.6554697e-14,0.0130934,-0.0735039,0.233976,0.24559933
2872,2873,0.0130603,-0.0730013,0.225454,0.23733787,9.02739e-15,-1.69066e-15,1.08771e-14,1.423599e-14,0.0130603,-0.0730013,0.225454,0.23733787
2873,2874,0.0130358,-0.0723534,0.218423,0.23046377,8.95566e-15,-2.99591e-15,1.12488e-14,1.4687233e-14,0.0130358,-0.0723534,0.218423,0.23046377
2874,2875,0.0135452,-0.0716415,0.212261,0.2244342,9.75966e-15,-2.63992e-15,1.05088e-14,1.4582695e-14,0.0135452,-0.0716415,0.212261,0.2244342
2875,2876,0.0137155,-0.0708621,0.204767,0.21711536,8.94924e-15,-3.2048e-15,9.90272e-15,1.3726744e-14,0.0137155,-0.0708621,0.204767,0.21711536
2876,2877,0.0168066,-0.0708911,0.272289,0.28186753,1.09021e-14,-1.56748e-15,1.27872e-14,1.6876767e-14,0.0168066,-0.0708911,0.272289,0.28186753
2877,2878,0.0167907,-0.0713078,0.262694,0.27271757,1.03674e-14,-3.17959e-16,1.38029e-14,1.7265693e-14,0.0167907,-0.0713078,0.262694,0.27271757
2878,2879,0.0165396,-0.0716485,0.25305,0.26351732,9.99381e-15,-1.74061e-15,1.15387e-14,1.536384e-14,0.0165396,-0.0716485,0.25305,0.26351732
2879,2880,0.0166212,-0.071858,0.243431,0.25435898,1.0221e-14,-1.37048e-15,8.79637e-15,1.3554453e-14,0.0166212,-0.071858,0.243431,0.25435898
2880,2881,0.0164836,-0.0717866,0.234192,0.24550135,8.26484e-15,-1.35472e-15,1.39327e-14,1.6256168e-14,0.0164836,-0.0717866,0.234192,0.24550135
2881,2882,0.0162426,-0.0717661,0.22583,0.23751502,9.69918e-15,-2.57714e-15,1.31126e-14,1.6512299e-14,0.0162426,-0.0717661,0.22583,0.23751502
2882,2883,0.0157578,-0.0715748,0.219793,0.23168993,9.27204e-15,-2.54524e-15,1.00588e-14,1.3915043e-14,0.0157578,-0.0715748,0.219793,0.23168993
2883,2884,0.0183918,-0.0677073,0.27261,0.28149378,1.15894e-14,-1.1151e-15,1.72559e-14,2.0816428e-14,0.0183918,-0.0677073,0.27261,0.28149378
2884,2885,0.018556,-0.068501,0.253436,0.26318532,1.04567e-14,-9.51595e-16,1.44359e-14,1.7850582e-14,0.018556,-0.068501,0.253436,0.26318532
2885,2886,0.0184471,-0.0680912,0.263054,0.27234927,1.0342e-14,-6.25457e-16,1.52741e-14,1.8456606e-14,0.0184471,-0.0680912,0.263054,0.27234927
2886,2887,0.0185854,-0.068765,0.243824,0.25401613,9.89515e-15,-5.98536e-16,1.31163e-14,1.6441094e-14,0.0185854,-0.068765,0.243824,0.25401613
2887,2888,0.0185351,-0.0690289,0.234333,0.2449908,8.99978e-15,-2.30922e-15,1.37505e-14,1.6595324e-14,0.0185351,-0.0690289,0.234333,0.2449908
2888,2889,0.0183835,-0.069501,0.225121,0.2363214,8.09477e-15,-2.0198e-15,1.38684e-14,1.618448e-14,0.0183835,-0.069501,0.225121,0.2363214
2889,2890,0.01758,-0.0703047,0.215419,0.22728209,7.83453e-15,-4.25278e-15,1.1871e-14,1.4845425e-14,0.01758,-0.0703047,0.215419,0.22728209
2890,2891,0.0175367,-0.0695852,0.205657,0.21781744,9.00333e-15,-3.08734e-15,1.15971e-14,1.5002812e-14,0.0175367,-0.0695852,0.205657,0.21781744
2891,2892,0.0200912,-0.0663782,0.234463,0.24450485,8.88365e-15,-2.40096e-15,1.55938e-14,1.8106642e-14,0.0200912,-0.0663782,0.234463,0.24450485
2892,2893,0.0200325,-0.0669342,0.215602,0.22664005,1.05591e-14,-3.50886e-15,1.22384e-14,1.6540409e-14,0.0200325,-0.0669342,0.215602,0.22664005
2893,2894,0.0200822,-0.0666384,0.225114,0.23562744,8.79501e-15,-1.74485e-15,1.53994e-14,1.7819603e-14,0.0200822,-0.0666384,0.225114,0.23562744
2894,2895,0.0196579,-0.0647579,0.272877,0.28114387,1.14679e-14,-2.58315e-15,2.23702e-14,2.5270759e-14,0.0196579,-0.0647579,0.272877,0.28114387
2895,2896,0.0198067,-0.0652132,0.263302,0.27197978,9.14859e-15,1.14133e-15,1.93911e-14,2.1471238e-14,0.0198067,-0.0652132,0.263302,0.27197978
2896,2897,0.0199596,-0.06565,0.253693,0.26280877,1.07446e-14,3.40917e-16,1.63258e-14,1.9547235e-14,0.0199596,-0.06565,0.253693,0.26280877
2897,2898,0.0200416,-0.066034,0.244049,0.25361797,8.46447e-15,-3.83594e-16,1.39945e-14,1.635972e-14,0.0200416,-0.066034,0.244049,0.25361797
2898,2899,0.0209142,-0.0613654,0.273198,0.28078508,1.06742e-14,-1.62157e-15,1.86882e-14,2.158279e-14,0.0209142,-0.0613654,0.273198,0.28078508
2899,2900,0.0211273,-0.0618859,0.263605,0.27159497,8.88074e-15,-1.34603e-15,1.24626e-14,1.5362152e-14,0.0211273,-0.0618859,0.263605,0.27159497
2900,2901,0.0213032,-0.0623953,0.253992,0.26240984,1.16261e-14,1.21777e-15,1.56555e-14,1.9538267e-14,0.0213032,-0.0623953,0.253992,0.26240984
2901,2902,0.0214663,-0.0629023,0.244342,0.2532203,9.2057e-15,-1.97541e-15,1.36433e-14,1.6576694e-14,0.0214663,-0.0629023,0.244342,0.2532203
2902,2903,0.0215263,-0.0633169,0.234739,0.24407952,1.03385e-14,-2.74306e-15,1.51249e-14,1.852489e-14,0.0215263,-0.0633169,0.234739,0.24407952
2903,2904,0.0215678,-0.0635879,0.225282,0.23507567,8.54702e-15,-2.06137e-15,1.47714e-14,1.718997e-14,0.0215678,-0.0635879,0.225282,0.23507567
2904,2905,0.0214902,-0.0637471,0.215823,0.22606435,9.02673e-15,-2.50687e-15,1.61952e-14,1.8709645e-14,0.0214902,-0.0637471,0.215823,0.22606435
2905,2906,0.0198618,-0.0667629,0.206067,0.217521,8.28417e-15,-2.1644e-15,1.12614e-14,1.4146774e-14,0.0198618,-0.0667629,0.206067,0.217521
2906,2907,0.0213938,-0.0637887,0.206316,0.21700917,8.82129e-15,-9.64573e-16,1.14534e-14,1.448882e-14,0.0213938,-0.0637887,0.206316,0.21700917
2907,2908,0.0217779,-0.0570873,0.273647,0.28038532,1.01514e-14,-6.14882e-16,1.5668e-14,1.8679274e-14,0.0217779,-0.0570873,0.273647,0.28038532
2908,2909,0.0219334,-0.0576096,0.264057,0.27115685,9.75288e-15,-1.62408e-15,1.45093e-14,1.7557794e-14,0.0219334,-0.0576096,0.264057,0.27115685
2909,2910,0.022224,-0.0586483,0.244846,0.25275105,9.14362e-15,4.33347e-16,1.28886e-14,1.5808528e-14,0.022224,-0.0586483,0.244846,0.25275105
2910,2911,0.0220648,-0.0581266,0.25446,0.26194552,1.00401e-14,1.58449e-16,1.32974e-14,1.6662819e-14,0.0220648,-0.0581266,0.25446,0.26194552
2911,2912,0.022334,-0.0591322,0.23525,0.2435939,9.13922e-15,-8.48602e-16,1.31233e-14,1.601457e-14,0.022334,-0.0591322,0.23525,0.2435939
2912,2913,0.0224131,-0.0595459,0.225713,0.23450889,7.19307e-15,-1.92327e-15,1.6455e-14,1.8061182e-14,0.0224131,-0.0595459,0.225713,0.23450889
2913,2914,0.0224271,-0.0599082,0.216188,0.22545336,8.61022e-15,-1.61993e-15,1.31665e-14,1.5815083e-14,0.0224271,-0.0599082,0.216188,0.22545336
2914,2915,0.0225684,-0.0524589,0.27414,0.280025,8.94284e-15,5.41107e-16,1.92161e-14,2.120202e-14,0.0225684,-0.0524589,0.27414,0.280025
2915,2916,0.0226513,-0.052979,0.264552,0.2707538,8.59755e-15,-2.49609e-15,1.48129e-14,1.73081e-14,0.0226513,-0.052979,0.264552,0.2707538
2916,2917,0.022782,-0.0535021,0.254953,0.26150054,9.50948e-15,-1.53762e-15,1.5685e-14,1.8406893e-14,0.022782,-0.0535021,0.254953,0.26150054
2917,2918,0.0229184,-0.0540223,0.24535,0.25227025,8.8657e-15,-1.23247e-15,1.30012e-14,1.5784511e-14,0.0229184,-0.0540223,0.24535,0.25227025
2918,2919,0.0230425,-0.054529,0.235756,0.2430746,9.88399e-15,-6.96995e-16,1.18093e-14,1.5415532e-14,0.0230425,-0.054529,0.235756,0.2430746
2919,2920,0.0231586,-0.055013,0.226182,0.23392531,7.69916e-15,-7.68222e-16,1.20584e-14,1.4327325e-14,0.0231586,-0.055013,0.226182,0.23392531
2920,2921,0.0232469,-0.0554783,0.216617,0.22481367,8.34226e-15,-2.26137e-15,1.26654e-14,1.5333605e-14,0.0232469,-0.0554783,0.216617,0.22481367
2921,2922,0.0224984,-0.0602388,0.20663,0.21640436,7.81248e-15,-1.19256e-15,1.32203e-14,1.5402381e-14,0.0224984,-0.0602388,0.20663,0.21640436
2922,2923,0.022841,-0.047669,0.274679,0.2797188,1.01576e-14,-6.57603e-16,1.98775e-14,2.2332135e-14,0.022841,-0.047669,0.274679,0.2797188
2923,2924,0.0226761,-0.0471386,0.284258,0.2890309,1.04877e-14,-1.7193e-15,1.4626e-14,1.8079485e-14,0.0226761,-0.0471386,0.284258,0.2890309
2924,2925,0.0229697,-0.0481992,0.265084,0.27040765,8.71738e-15,-1.02616e-15,1.70642e-14,1.9189389e-14,0.0229697,-0.0481992,0.265084,0.27040765
2925,2926,0.0231312,-0.0487273,0.255476,0.261108,9.68326e-15,-9.27232e-16,1.3822e-14,1.6901863e-14,0.0231312,-0.0487273,0.255476,0.261108
2926,2927,0.0232858,-0.0492491,0.245867,0.25182986,9.02502e-15,-1.38873e-15,1.60098e-14,1.843077e-14,0.0232858,-0.0492491,0.245867,0.25182986
2927,2928,0.023485,-0.0497649,0.236263,0.24258669,9.21095e-15,-2.00258e-17,1.61106e-14,1.8557841e-14,0.023485,-0.0497649,0.236263,0.24258669
2928,2929,0.0236144,-0.0502687,0.226675,0.23337981,8.63282e-15,-2.60589e-15,1.56538e-14,1.8065375e-14,0.0236144,-0.0502687,0.226675,0.23337981
2929,2930,0.0237354,-0.0507644,0.217094,0.22421017,8.75082e-15,-3.45965e-15,1.507e-14,1.7766569e-14,0.0237354,-0.0507644,0.217094,0.22421017
2930,2931,0.0233476,-0.0559274,0.207045,0.21573275,7.47826e-15,-1.65041e-15,1.33116e-14,1.5357309e-14,0.0233476,-0.0559274,0.207045,0.21573275
2931,2932,0.00966553,-0.0712828,0.19613,0.2089058,9.4407e-15,-1.43005e-15,6.47984e-15,1.1539505e-14,0.00966553,-0.0712828,0.19613,0.2089058
2932,2933,0.00973547,-0.0702029,0.189002,0.20185387,1.01176e-14,-4.24849e-15,9.70893e-15,1.4651923e-14,0.00973547,-0.0702029,0.189002,0.20185387
2933,2934,0.00988976,-0.0692847,0.182803,0.19574247,6.59907e-15,-3.42878e-15,9.62401e-15,1.2162477e-14,0.00988976,-0.0692847,0.182803,0.19574247
2934,2935,0.0100877,-0.0683594,0.176147,0.18921559,5.74992e-15,-4.4736e-15,7.67825e-15,1.0584432e-14,0.0100877,-0.0683594,0.176147,0.18921559
2935,2936,0.0103232,-0.0673418,0.168781,0.1820124,6.4583e-15,-3.92912e-15,1.17252e-14,1.3950912e-14,0.0103232,-0.0673418,0.168781,0.1820124
2936,2937,0.0105193,-0.0662892,0.162141,0.17548394,6.43529e-15,-2.53275e-15,9.11251e-15,1.1439651e-14,0.0105193,-0.0662892,0.162141,0.17548394
2937,2938,0.010635,-0.0652012,0.15606,0.16946688,4.3429e-15,-2.38799e-15,9.5095e-15,1.0723519e-14,0.010635,-0.0652012,0.15606,0.16946688
2938,2939,0.0107186,-0.063967,0.149239,0.16272353,5.86328e-15,-1.45667e-15,8.16737e-15,1.0159029e-14,0.0107186,-0.063967,0.149239,0.16272353
2939,2940,0.0108062,-0.0627562,0.142647,0.15621549,7.74988e-15,-1.95745e-16,5.71991e-15,9.634123e-15,0.0108062,-0.0627562,0.142647,0.15621549
2940,2941,0.0109961,-0.0616971,0.136758,0.15043336,5.74119e-15,-6.57167e-16,4.80278e-15,7.513976e-15,0.0109961,-0.0616971,0.136758,0.15043336
2941,2942,0.0111533,-0.0605031,0.130307,0.14410044,6.04053e-15,-2.80106e-15,6.60619e-15,9.3795355e-15,0.0111533,-0.0605031,0.130307,0.14410044
2942,2943,0.0137393,-0.0700796,0.196921,0.20947029,7.53351e-15,-2.11217e-15,5.56754e-15,9.602736e-15,0.0137393,-0.0700796,0.196921,0.20947029
2943,2944,0.0136788,-0.0692088,0.19019,0.20285267,7.90821e-15,-1.65878e-15,9.32002e-15,1.23350765e-14,0.0136788,-0.0692088,0.19019,0.20285267
2944,2945,0.0141207,-0.0682264,0.184295,0.19702508,7.13887e-15,-1.53711e-15,8.30626e-15,1.1059843e-14,0.0141207,-0.0682264,0.184295,0.19702508
2945,2946,0.014341,-0.0674433,0.176834,0.18980129,7.77107e-15,-2.88744e-15,8.21056e-15,1.166791e-14,0.014341,-0.0674433,0.176834,0.18980129
2946,2947,0.0143862,-0.0664238,0.16939,0.18251589,6.77635e-15,-3.38894e-15,1.12963e-14,1.36018465e-14,0.0143862,-0.0664238,0.16939,0.18251589
2947,2948,0.0144492,-0.0654696,0.163099,0.17634153,7.20064e-15,-1.36096e-15,1.22337e-14,1.4260606e-14,0.0144492,-0.0654696,0.163099,0.17634153
2948,2949,0.0149092,-0.0643204,0.157229,0.17052965,6.4421e-15,-9.61786e-16,8.77416e-15,1.092756e-14,0.0149092,-0.0643204,0.157229,0.17052965
2949,2950,0.0148798,-0.0629684,0.15021,0.16355266,5.82106e-15,-9.78884e-16,8.27831e-15,1.0167269e-14,0.0148798,-0.0629684,0.15021,0.16355266
2950,2951,0.0148191,-0.0618457,0.143944,0.15736699,5.99525e-15,-2.55506e-15,7.72147e-15,1.01040815e-14,0.0148191,-0.0618457,0.143944,0.15736699
2951,2952,0.0152518,-0.0607242,0.138104,0.15163365,5.98145e-15,-1.73938e-15,5.47194e-15,8.291279e-15,0.0152518,-0.0607242,0.138104,0.15163365
2952,2953,0.0152869,-0.0595293,0.131092,0.14478447,5.47879e-15,-1.87775e-15,5.7508e-15,8.161788e-15,0.0152869,-0.0595293,0.131092,0.14478447
2953,2954,0.0171341,-0.0689196,0.197396,0.20978244,8.10764e-15,-2.6436e-15,9.23821e-15,1.25724685e-14,0.0171341,-0.0689196,0.197396,0.20978244
2954,2955,0.0164761,-0.0684038,0.191499,0.2040157,7.50723e-15,-1.30808e-15,1.11887e-14,1.353723e-14,0.0164761,-0.0684038,0.191499,0.2040157
2955,2956,0.0195894,-0.0668371,0.196655,0.2086244,8.01461e-15,-2.81889e-15,1.06697e-14,1.363901e-14,0.0195894,-0.0668371,0.196655,0.2086244
2956,2957,0.0182281,-0.0670144,0.187204,0.19967106,7.71108e-15,-1.09778e-15,1.08467e-14,1.335353e-14,0.0182281,-0.0670144,0.187204,0.19967106
2957,2958,0.0181936,-0.0663331,0.177493,0.19035456,8.05483e-15,-7.00292e-16,9.29599e-15,1.2320151e-14,0.0181936,-0.0663331,0.177493,0.19035456
2958,2959,0.0177728,-0.0655282,0.169543,0.18263254,5.77255e-15,-1.75405e-15,6.6374e-15,8.9696215e-15,0.0177728,-0.0655282,0.169543,0.18263254
2959,2960,0.0172128,-0.0648722,0.163994,0.17719682,6.23381e-15,-2.23103e-15,7.29606e-15,9.85243e-15,0.0172128,-0.0648722,0.163994,0.17719682
2960,2961,0.0204381,-0.0635028,0.187558,0.19906864,6.40468e-15,-4.01552e-16,8.91866e-15,1.0987432e-14,0.0204381,-0.0635028,0.187558,0.19906864
2961,2962,0.0210017,-0.0636843,0.196928,0.20803219,6.93982e-15,-5.47628e-16,8.94275e-15,1.1332864e-14,0.0210017,-0.0636843,0.196928,0.20803219
2962,2963,0.0203466,-0.0633699,0.178039,0.19007266,5.52916e-15,-1.60786e-15,1.09016e-14,1.23288974e-14,0.0203466,-0.0633699,0.178039,0.19007266
2963,2964,0.0200094,-0.0632813,0.168955,0.18152325,6.03329e-15,-3.14472e-15,9.85757e-15,1.1977543e-14,0.0200094,-0.0632813,0.168955,0.18152325
2964,2965,0.0189041,-0.0634174,0.159679,0.17284824,4.7647e-15,-1.30794e-15,9.78056e-15,1.0957756e-14,0.0189041,-0.0634174,0.159679,0.17284824
2965,2966,0.0183253,-0.0620116,0.150908,0.1641782,4.95957e-15,-2.48099e-15,8.42469e-15,1.0086032e-14,0.0183253,-0.0620116,0.150908,0.1641782
2966,2967,0.0175812,-0.0611556,0.14515,0.15848543,7.1125e-15,-9.99253e-16,4.93386e-15,8.713733e-15,0.0175812,-0.0611556,0.14515,0.15848543
2967,2968,0.0214247,-0.0604226,0.159514,0.17191458,6.58042e-15,-1.18767e-15,1.01736e-14,1.2174343e-14,0.0214247,-0.0604226,0.159514,0.17191458
2968,2969,0.0206672,-0.0597933,0.150139,0.16292357,6.22908e-15,-2.80919e-15,1.07239e-14,1.2715936e-14,0.0206672,-0.0597933,0.150139,0.16292357
2969,2970,0.0192985,-0.0597237,0.140721,0.15408358,7.10444e-15,-1.42485e-15,3.75537e-15,8.161254e-15,0.0192985,-0.0597237,0.140721,0.15408358
2970,2971,0.0188945,-0.0585506,0.13187,0.14551589,5.84294e-15,-1.20007e-15,7.17927e-15,9.3339185e-15,0.0188945,-0.0585506,0.13187,0.14551589
2971,2972,0.0221436,-0.0567046,0.150185,0.16205335,6.26645e-15,-1.25096e-15,7.7103e-15,1.0014092e-14,0.0221436,-0.0567046,0.150185,0.16205335
2972,2973,0.0214798,-0.0562952,0.140914,0.15325561,5.27439e-15,-1.29392e-15,6.83954e-15,8.7334255e-15,0.0214798,-0.0562952,0.140914,0.15325561
2973,2974,0.0222311,-0.0603739,0.197153,0.20738499,6.17332e-15,-2.06133e-15,1.35102e-14,1.4996149e-14,0.0222311,-0.0603739,0.197153,0.20738499
2974,2975,0.0221572,-0.0604661,0.187646,0.19838879,5.57109e-15,-1.86755e-15,1.43597e-14,1.551534e-14,0.0221572,-0.0604661,0.187646,0.19838879
2975,2976,0.0220844,-0.0605103,0.178196,0.18948095,6.59869e-15,-1.9292e-15,9.96407e-15,1.2105669e-14,0.0220844,-0.0605103,0.178196,0.18948095
2976,2977,0.0220101,-0.0605896,0.168845,0.18073234,7.13126e-15,-2.32703e-15,1.03937e-14,1.2817915e-14,0.0220101,-0.0605896,0.168845,0.18073234
2977,2978,0.0234384,-0.0563368,0.19747,0.20668234,6.6546e-15,-2.02287e-15,1.2205e-14,1.4047695e-14,0.0234384,-0.0563368,0.19747,0.20668234
2978,2979,0.023497,-0.0566905,0.187913,0.19767958,6.18189e-15,-1.27751e-15,8.79559e-15,1.0826366e-14,0.023497,-0.0566905,0.187913,0.19767958
2979,2980,0.0235169,-0.057019,0.178396,0.18875736,8.41114e-15,-1.84766e-15,9.11202e-15,1.25375445e-14,0.0235169,-0.057019,0.178396,0.18875736
2980,2981,0.0232706,-0.0572096,0.168997,0.17992902,5.90952e-15,-2.79414e-15,8.63894e-15,1.0833324e-14,0.0232706,-0.0572096,0.168997,0.17992902
2981,2982,0.0230247,-0.0572433,0.159479,0.1709985,6.39998e-15,-2.39509e-15,1.02666e-14,1.2332854e-14,0.0230247,-0.0572433,0.159479,0.1709985
2982,2983,0.0238612,-0.0512544,0.207514,0.21507773,7.85249e-15,-1.60638e-15,1.67885e-14,1.8603649e-14,0.0238612,-0.0512544,0.207514,0.21507773
2983,2984,0.023973,-0.0517291,0.197936,0.20598365,7.44405e-15,-1.52542e-15,1.14097e-14,1.3708466e-14,0.023973,-0.0517291,0.197936,0.20598365
2984,2985,0.0241018,-0.0521891,0.188367,0.19694345,6.65359e-15,4.09939e-16,1.03087e-14,1.2276303e-14,0.0241018,-0.0521891,0.188367,0.19694345
2985,2986,0.0241535,-0.0526321,0.178827,0.18796974,8.61009e-15,2.84795e-16,5.9779e-15,1.0485706e-14,0.0241535,-0.0526321,0.178827,0.18796974
2986,2987,0.0241779,-0.0530489,0.1693,0.17905656,5.93977e-15,-2.51154e-15,9.96305e-15,1.1868069e-14,0.0241779,-0.0530489,0.1693,0.17905656
2987,2988,0.0240244,-0.0533436,0.159747,0.17012294,6.34289e-15,-2.2671e-16,1.21919e-14,1.3745038e-14,0.0240244,-0.0533436,0.159747,0.17012294
2988,2989,0.0236859,-0.0534019,0.150221,0.16118044,5.85746e-15,1.02962e-16,6.84159e-15,9.007097e-15,0.0236859,-0.0534019,0.150221,0.16118044
2989,2990,0.0233978,-0.0533153,0.140834,0.15239486,5.58838e-15,-4.89492e-16,6.44605e-15,8.545242e-15,0.0233978,-0.0533153,0.140834,0.15239486
2990,2991,0.0211559,-0.0560433,0.131495,0.14449692,4.42739e-15,-2.49718e-16,7.21014e-15,8.4646476e-15,0.0211559,-0.0560433,0.131495,0.14449692
2991,2992,0.0230287,-0.0530943,0.131555,0.14372212,6.04186e-15,1.11766e-15,6.38238e-15,8.859346e-15,0.0230287,-0.0530943,0.131555,0.14372212
2992,2993,0.0112733,-0.0592043,0.123661,0.13756554,5.53774e-15,-2.04128e-15,6.9134e-15,9.090021e-15,0.0112733,-0.0592043,0.123661,0.13756554
2993,2994,0.0114359,-0.0580515,0.117738,0.13176872,6.52667e-15,-2.77128e-15,6.73447e-15,9.779085e-15,0.0114359,-0.0580515,0.117738,0.13176872
2994,2995,0.0115514,-0.0567573,0.11143,0.12558451,3.74149e-15,-2.33288e-15,7.92262e-15,9.066917e-15,0.0115514,-0.0567573,0.11143,0.12558451
2995,2996,0.011654,-0.0554019,0.104867,0.11917329,2.76054e-15,-1.7752e-15,1.07513e-14,1.1241102e-14,0.011654,-0.0554019,0.104867,0.11917329
2996,2997,0.0118053,-0.0542118,0.0989438,0.11343791,2.3355e-15,-1.34491e-15,8.13711e-15,8.571809e-15,0.0118053,-0.0542118,0.0989438,0.11343791
2997,2998,0.0152246,-0.0583379,0.124771,0.13857453,6.12298e-15,-2.69201e-15,6.81348e-15,9.5478435e-15,0.0152246,-0.0583379,0.124771,0.13857453
2998,2999,0.0156169,-0.0570183,0.119239,0.13308987,4.66504e-15,-2.40007e-15,8.95142e-15,1.0375492e-14,0.0156169,-0.0570183,0.119239,0.13308987
2999,3000,0.015619,-0.0557152,0.112423,0.12643997,4.68549e-15,-2.12058e-15,1.01726e-14,1.1398792e-14,0.015619,-0.0557152,0.112423,0.12643997
3000,3001,0.0156114,-0.0546217,0.105961,0.120228864,4.40236e-15,2.01694e-16,7.69191e-15,8.8649265e-15,0.0156114,-0.0546217,0.105961,0.120228864
3001,3002,0.0160248,-0.0533411,0.100293,0.11472033,4.57373e-15,-8.75454e-16,1.00196e-14,1.1048883e-14,0.0160248,-0.0533411,0.100293,0.11472033
3002,3003,0.0181444,-0.0575982,0.126137,0.13984747,5.06174e-15,-4.61333e-16,6.64293e-15,8.364362e-15,0.0181444,-0.0575982,0.126137,0.13984747
3003,3004,0.0197942,-0.055923,0.122097,0.1357456,6.09069e-15,-2.05477e-15,8.20844e-15,1.0425789e-14,0.0197942,-0.055923,0.122097,0.1357456
3004,3005,0.0191547,-0.0544986,0.113378,0.12724611,4.75043e-15,-1.95339e-15,6.97022e-15,8.658307e-15,0.0191547,-0.0544986,0.113378,0.12724611
3005,3006,0.0184305,-0.0537169,0.107429,0.12151616,3.92909e-15,-1.00918e-15,7.61053e-15,8.6241735e-15,0.0184305,-0.0537169,0.107429,0.12151616
3006,3007,0.0221562,-0.0526093,0.122351,0.1350126,5.66617e-15,-1.87266e-15,6.61871e-15,8.911771e-15,0.0221562,-0.0526093,0.122351,0.1350126
3007,3008,0.00309332,-0.0333458,0.445595,0.44685167,1.55524e-14,7.42515e-18,2.47863e-14,2.9261543e-14,0.00309332,-0.0333458,0.445595,0.44685167
3008,3009,0.00469893,-0.0338663,0.438208,0.43953985,1.59525e-14,2.27601e-16,2.48352e-14,2.9518153e-14,0.00469893,-0.0338663,0.438208,0.43953985
3009,3010,0.00338491,-0.0293645,0.436279,0.4372792,1.75107e-14,2.43394e-15,2.1041e-14,2.748222e-14,0.00338491,-0.0293645,0.436279,0.4372792
3010,3011,0.00630585,-0.0344599,0.430876,0.43229777,1.71756e-14,8.91947e-17,2.56511e-14,3.0870505e-14,0.00630585,-0.0344599,0.430876,0.43229777
3011,3012,0.00544528,-0.0299879,0.427846,0.42893022,1.70581e-14,1.9244e-15,2.09039e-14,2.7049125e-14,0.00544528,-0.0299879,0.427846,0.42893022
3012,3013,0.00309865,-0.0253355,0.426557,0.42732,1.32326e-14,2.14348e-15,2.31134e-14,2.6719383e-14,0.00309865,-0.0253355,0.426557,0.42732
3013,3014,0.00601922,-0.0289922,0.418822,0.41986743,1.42873e-14,1.95341e-15,1.84782e-14,2.3438997e-14,0.00601922,-0.0289922,0.418822,0.41986743
3014,3015,0.00453557,-0.0252071,0.418744,0.41952652,1.47732e-14,2.84709e-15,1.90314e-14,2.426e-14,0.00453557,-0.0252071,0.418744,0.41952652
3015,3016,0.00737855,-0.0283044,0.410011,0.41105303,1.37986e-14,1.84514e-17,2.09871e-14,2.5116927e-14,0.00737855,-0.0283044,0.410011,0.41105303
3016,3017,0.00354448,-0.0212568,0.418162,0.4187169,1.44494e-14,1.77928e-15,2.16714e-14,2.6107482e-14,0.00354448,-0.0212568,0.418162,0.4187169
3017,3018,0.00584297,-0.0248817,0.41006,0.4108557,1.53723e-14,2.77421e-16,2.2419e-14,2.7184484e-14,0.00584297,-0.0248817,0.41006,0.4108557
3018,3019,0.00476652,-0.0211775,0.410283,0.41085684,1.49174e-14,1.71104e-15,1.93681e-14,2.450673e-14,0.00476652,-0.0211775,0.410283,0.41085684
3019,3020,0.00752096,-0.0241512,0.400943,0.40174013,1.54924e-14,9.8868e-16,2.17043e-14,2.6684613e-14,0.00752096,-0.0241512,0.400943,0.40174013
3020,3021,0.00267551,-0.0183895,0.417048,0.4174618,1.33569e-14,7.79984e-16,1.89408e-14,2.3189848e-14,0.00267551,-0.0183895,0.417048,0.4174618
3021,3022,0.00340348,-0.0179616,0.410445,0.41085193,1.57084e-14,-4.73662e-16,1.98995e-14,2.5356819e-14,0.00340348,-0.0179616,0.410445,0.41085193
3022,3023,0.00599957,-0.0207967,0.401172,0.40175548,1.52289e-14,2.38895e-15,2.09709e-14,2.6027008e-14,0.00599957,-0.0207967,0.401172,0.40175548
3023,3024,0.00455606,-0.0174984,0.401693,0.40209973,1.52448e-14,2.89702e-15,1.92651e-14,2.4737436e-14,0.00455606,-0.0174984,0.401693,0.40209973
3024,3025,0.00755262,-0.0200924,0.391894,0.39248142,1.25491e-14,2.65941e-15,2.40056e-14,2.721803e-14,0.00755262,-0.0200924,0.391894,0.39248142
3025,3026,0.00591999,-0.0169783,0.392341,0.3927528,1.40546e-14,4.04901e-15,2.09223e-14,2.5527806e-14,0.00591999,-0.0169783,0.392341,0.3927528
3026,3027,0.00411328,-0.0139153,0.392928,0.39319584,1.43736e-14,3.89857e-15,2.01277e-14,2.5038441e-14,0.00411328,-0.0139153,0.392928,0.39319584
3027,3028,0.00718292,-0.0163985,0.38292,0.38333827,1.57282e-14,3.6162e-15,2.04766e-14,2.6071906e-14,0.00718292,-0.0163985,0.38292,0.38333827
3028,3029,0.00525008,-0.0135445,0.383296,0.38357118,1.35625e-14,3.58124e-15,2.16961e-14,2.5835779e-14,0.00525008,-0.0135445,0.383296,0.38357118
3029,3030,0.00296643,-0.0109772,0.383549,0.3837175,1.44012e-14,3.92303e-15,1.90105e-14,2.4169895e-14,0.00296643,-0.0109772,0.383549,0.3837175
3030,3031,0.00803134,-0.0161999,0.373382,0.37381956,1.28914e-14,4.59108e-15,2.23303e-14,2.6189856e-14,0.00803134,-0.0161999,0.373382,0.37381956
3031,3032,0.00618529,-0.0134188,0.373785,0.37407693,1.23611e-14,4.23e-15,2.01858e-14,2.4044878e-14,0.00618529,-0.0134188,0.373785,0.37407693
3032,3033,0.00385665,-0.0108481,0.374071,0.37424815,1.30642e-14,4.18638e-15,1.79416e-14,2.2585395e-14,0.00385665,-0.0108481,0.374071,0.37424815
3033,3034,0.00698075,-0.0132123,0.364329,0.36463532,1.42118e-14,3.32881e-15,1.86478e-14,2.3681146e-14,0.00698075,-0.0132123,0.364329,0.36463532
3034,3035,0.0046896,-0.0106507,0.3645,0.3646857,1.38161e-14,4.04143e-15,1.72666e-14,2.2480065e-14,0.0046896,-0.0106507,0.3645,0.3646857
3035,3036,0.00741357,-0.035361,0.424587,0.42612144,1.55744e-14,-9.7658e-16,2.28871e-14,2.7700812e-14,0.00741357,-0.035361,0.424587,0.42612144
3036,3037,0.0087922,-0.0355854,0.417859,0.41946363,1.34683e-14,-1.21765e-15,1.97005e-14,2.3895345e-14,0.0087922,-0.0355854,0.417859,0.41946363
3037,3038,0.0103215,-0.0357309,0.410232,0.41191447,1.48842e-14,2.28054e-15,2.25891e-14,2.7147885e-14,0.0103215,-0.0357309,0.410232,0.41191447
3038,3039,0.00690614,-0.0323761,0.423757,0.4250481,1.65298e-14,1.61902e-16,2.50731e-14,3.0031997e-14,0.00690614,-0.0323761,0.423757,0.4250481
3039,3040,0.00768523,-0.032041,0.417849,0.41914612,1.45608e-14,-2.24657e-16,2.16597e-14,2.6099997e-14,0.00768523,-0.032041,0.417849,0.41914612
3040,3041,0.00907842,-0.0317458,0.410016,0.41134334,1.47186e-14,7.89176e-16,2.1847e-14,2.6354343e-14,0.00907842,-0.0317458,0.410016,0.41134334
3041,3042,0.0118014,-0.0359722,0.402978,0.40475243,1.56009e-14,-1.9257e-15,2.30001e-14,2.785859e-14,0.0118014,-0.0359722,0.402978,0.40475243
3042,3043,0.0108754,-0.0316021,0.402175,0.40356126,1.59986e-14,6.30173e-16,2.13956e-14,2.67231e-14,0.0108754,-0.0316021,0.402175,0.40356126
3043,3044,0.00928331,-0.0277332,0.401066,0.40213087,1.57541e-14,7.2341e-16,2.13338e-14,2.6530097e-14,0.00928331,-0.0277332,0.401066,0.40213087
3044,3045,0.0124239,-0.0318655,0.394708,0.39618704,1.5644e-14,-3.14845e-16,2.25208e-14,2.7422988e-14,0.0124239,-0.0318655,0.394708,0.39618704
3045,3046,0.0112638,-0.0276146,0.391256,0.392391,1.58611e-14,1.43309e-15,2.08474e-14,2.6234374e-14,0.0112638,-0.0276146,0.391256,0.392391
3046,3047,0.00905688,-0.023629,0.391454,0.39227107,1.37222e-14,1.68939e-15,2.0011e-14,2.4322683e-14,0.00905688,-0.023629,0.391454,0.39227107
3047,3048,0.0121357,-0.0263129,0.381613,0.38271153,1.57103e-14,3.04483e-15,1.82929e-14,2.4304623e-14,0.0121357,-0.0263129,0.381613,0.38271153
3048,3049,0.0103954,-0.0229672,0.382093,0.38292378,1.63094e-14,2.44783e-15,1.84293e-14,2.4731104e-14,0.0103954,-0.0229672,0.382093,0.38292378
3049,3050,0.0128525,-0.0259382,0.372211,0.373335,1.67895e-14,3.66828e-15,2.09588e-14,2.710378e-14,0.0128525,-0.0259382,0.372211,0.373335
3050,3051,0.00874165,-0.0195388,0.382516,0.38311443,1.42189e-14,3.16079e-15,2.06577e-14,2.5276635e-14,0.00874165,-0.0195388,0.382516,0.38311443
3051,3052,0.0112375,-0.0227441,0.372599,0.37346163,1.66643e-14,4.46798e-15,1.86596e-14,2.541343e-14,0.0112375,-0.0227441,0.372599,0.37346163
3052,3053,0.00957769,-0.0193242,0.373006,0.373629,1.44524e-14,4.74567e-15,1.89086e-14,2.4267846e-14,0.00957769,-0.0193242,0.373006,0.373629
3053,3054,0.0119642,-0.0226619,0.363152,0.36405507,1.46816e-14,3.51973e-15,2.1609e-14,2.6360705e-14,0.0119642,-0.0226619,0.363152,0.36405507
3054,3055,0.0103129,-0.0193124,0.363532,0.36419067,1.49372e-14,3.74341e-15,1.80999e-14,2.3764248e-14,0.0103129,-0.0193124,0.363532,0.36419067
3055,3056,0.00870637,-0.0161107,0.363936,0.36439645,1.49831e-14,3.79707e-15,1.8543e-14,2.4140295e-14,0.00870637,-0.0161107,0.363936,0.36439645
3056,3057,0.0129999,-0.0363317,0.396069,0.39794427,1.65963e-14,-1.56406e-15,2.14026e-14,2.7128487e-14,0.0129999,-0.0363317,0.396069,0.39794427
3057,3058,0.0142126,-0.0367898,0.388668,0.39066392,1.69945e-14,-8.54326e-16,2.162e-14,2.7513038e-14,0.0142126,-0.0367898,0.388668,0.39066392
3058,3059,0.0155785,-0.0371838,0.380315,0.38244587,1.66717e-14,2.54477e-15,1.76449e-14,2.4408278e-14,0.0155785,-0.0371838,0.380315,0.38244587
3059,3060,0.0165032,-0.0375914,0.37155,0.37381127,1.5432e-14,2.23703e-15,2.00323e-14,2.5385901e-14,0.0165032,-0.0375914,0.37155,0.37381127
3060,3061,0.0136726,-0.0325893,0.388092,0.38969785,1.68738e-14,3.52429e-16,2.25398e-14,2.8158336e-14,0.0136726,-0.0325893,0.388092,0.38969785
3061,3062,0.0150031,-0.0327718,0.38047,0.3821734,1.58951e-14,3.56578e-15,1.93289e-14,2.5277964e-14,0.0150031,-0.0327718,0.38047,0.3821734
3062,3063,0.0158655,-0.0330393,0.371687,0.37348968,1.53468e-14,2.21768e-15,2.06158e-14,2.5796387e-14,0.0158655,-0.0330393,0.371687,0.37348968
3063,3064,0.017361,-0.0379529,0.363538,0.36592582,1.645e-14,2.82591e-15,2.23645e-14,2.7906256e-14,0.017361,-0.0379529,0.363538,0.36592582
3064,3065,0.0129522,-0.0296259,0.386871,0.38821983,1.48221e-14,1.08704e-15,1.95857e-14,2.4586094e-14,0.0129522,-0.0296259,0.386871,0.38821983
3065,3066,0.0137261,-0.0292356,0.380422,0.38179055,1.64449e-14,1.49746e-15,1.83872e-14,2.4713685e-14,0.0137261,-0.0292356,0.380422,0.38179055
3066,3067,0.0144848,-0.0291474,0.371805,0.37322694,1.67363e-14,2.77058e-15,1.93876e-14,2.5761579e-14,0.0144848,-0.0291474,0.371805,0.37322694
3067,3068,0.0166831,-0.0333927,0.363041,0.364955,1.59947e-14,1.53406e-15,2.32839e-14,2.8289994e-14,0.0166831,-0.0333927,0.363041,0.364955
3068,3069,0.0153039,-0.0293132,0.362747,0.3642511,1.52437e-14,1.80433e-15,2.14666e-14,2.6390167e-14,0.0153039,-0.0293132,0.362747,0.3642511
3069,3070,0.0135705,-0.0258853,0.362852,0.36402717,1.71644e-14,2.82072e-15,2.00831e-14,2.6568854e-14,0.0135705,-0.0258853,0.362852,0.36402717
3070,3071,0.00791189,-0.0128511,0.35486,0.35518077,1.22434e-14,4.77828e-15,1.58241e-14,2.0570244e-14,0.00791189,-0.0128511,0.35486,0.35518077
3071,3072,0.00585432,-0.0101789,0.355032,0.35522613,1.11315e-14,2.62997e-15,2.03349e-14,2.333099e-14,0.00585432,-0.0101789,0.355032,0.35522613
3072,3073,0.00896672,-0.0125006,0.345341,0.3456835,1.42918e-14,2.39309e-15,1.68134e-14,2.2196236e-14,0.00896672,-0.0125006,0.345341,0.3456835
3073,3074,0.00719261,-0.00962529,0.345679,0.34588775,1.34109e-14,1.18367e-15,1.79189e-14,2.241295e-14,0.00719261,-0.00962529,0.345679,0.34588775
3074,3075,0.00496305,-0.00700954,0.345747,0.34585366,1.27865e-14,1.83596e-15,1.64141e-14,2.0887507e-14,0.00496305,-0.00700954,0.345747,0.34585366
3075,3076,0.00840776,-0.00904173,0.336247,0.3364736,1.40772e-14,4.45975e-15,1.44937e-14,2.0691163e-14,0.00840776,-0.00904173,0.336247,0.3364736
3076,3077,0.00624741,-0.00643968,0.336313,0.33643267,1.34757e-14,4.30732e-15,1.51719e-14,2.0744494e-14,0.00624741,-0.00643968,0.336313,0.33643267
3077,3078,0.00957271,-0.00859954,0.326858,0.3271112,1.31178e-14,2.93923e-15,1.55778e-14,2.0576287e-14,0.00957271,-0.00859954,0.326858,0.3271112
3078,3079,0.0123983,-0.0227141,0.353394,0.35434017,1.80185e-14,1.00832e-15,1.83258e-14,2.5719991e-14,0.0123983,-0.0227141,0.353394,0.35434017
3079,3080,0.0111697,-0.0192285,0.353925,0.3546229,1.59774e-14,1.13143e-15,1.75307e-14,2.374622e-14,0.0111697,-0.0192285,0.353925,0.3546229
3080,3081,0.0132644,-0.0224326,0.343595,0.3445819,1.6631e-14,1.33762e-15,2.39129e-14,2.9158296e-14,0.0132644,-0.0224326,0.343595,0.3445819
3081,3082,0.009544,-0.0159049,0.3544,0.35488507,1.56982e-14,2.63551e-15,1.67156e-14,2.308226e-14,0.009544,-0.0159049,0.3544,0.35488507
3082,3083,0.0120531,-0.019018,0.344112,0.34484786,1.60114e-14,7.25272e-16,1.84863e-14,2.4467002e-14,0.0120531,-0.019018,0.344112,0.34484786
3083,3084,0.0106356,-0.015619,0.344774,0.34529147,1.64187e-14,1.21238e-15,1.48205e-14,2.2151541e-14,0.0106356,-0.015619,0.344774,0.34529147
3084,3085,0.0134707,-0.0183649,0.334638,0.33541217,1.65645e-14,1.94347e-15,2.01084e-14,2.6124844e-14,0.0134707,-0.0183649,0.334638,0.33541217
3085,3086,0.0119198,-0.0151689,0.335206,0.33576068,1.61349e-14,2.96032e-15,1.85673e-14,2.4775856e-14,0.0119198,-0.0151689,0.335206,0.33576068
3086,3087,0.0101245,-0.0120346,0.33578,0.33614808,1.41218e-14,5.34872e-15,1.54193e-14,2.1582142e-14,0.0101245,-0.0120346,0.33578,0.33614808
3087,3088,0.0131116,-0.0146226,0.325829,0.3264204,1.36762e-14,1.97168e-15,1.95635e-14,2.3951127e-14,0.0131116,-0.0146226,0.325829,0.3264204
3088,3089,0.0114092,-0.0115439,0.326379,0.32678232,1.41461e-14,3.61175e-15,1.82e-14,2.3332314e-14,0.0114092,-0.0115439,0.326379,0.32678232
3089,3090,0.0141264,-0.0142051,0.316318,0.31695175,1.33786e-14,3.10415e-15,1.93162e-14,2.3701019e-14,0.0141264,-0.0142051,0.316318,0.31695175
3090,3091,0.0126504,-0.0110936,0.316868,0.31731442,1.17168e-14,4.45329e-15,1.86276e-14,2.245223e-14,0.0126504,-0.0110936,0.316868,0.31731442
3091,3092,0.0107626,-0.00811407,0.317328,0.31761414,1.19506e-14,2.72184e-15,1.70575e-14,2.100437e-14,0.0107626,-0.00811407,0.317328,0.31761414
3092,3093,0.00753246,-0.00594016,0.327031,0.32717165,1.23404e-14,2.27185e-15,1.33468e-14,1.8318948e-14,0.00753246,-0.00594016,0.327031,0.32717165
3093,3094,0.00874129,-0.00535923,0.317657,0.31782243,1.06398e-14,1.92934e-15,1.62527e-14,1.952122e-14,0.00874129,-0.00535923,0.317657,0.31782243
3094,3095,0.0137772,-0.0105594,0.307501,0.30799052,1.12439e-14,2.79546e-16,1.84149e-14,2.1578044e-14,0.0137772,-0.0105594,0.307501,0.30799052
3095,3096,0.011816,-0.0077332,0.307809,0.30813277,9.95448e-15,9.51776e-16,1.33016e-14,1.6641218e-14,0.011816,-0.0077332,0.307809,0.30813277
3096,3097,0.00983077,-0.00488223,0.308215,0.30841038,9.76099e-15,6.89189e-16,1.35219e-14,1.6691126e-14,0.00983077,-0.00488223,0.308215,0.30841038
3097,3098,0.0148526,-0.0101443,0.2981,0.2986421,1.22086e-14,2.69757e-16,1.95632e-14,2.306169e-14,0.0148526,-0.0101443,0.2981,0.2986421
3098,3099,0.018132,-0.0383063,0.356419,0.35892984,1.62936e-14,2.42517e-15,2.47042e-14,2.9692767e-14,0.018132,-0.0383063,0.356419,0.35892984
3099,3100,0.0175752,-0.0337451,0.355071,0.35710368,1.6433e-14,9.32922e-16,1.84215e-14,2.4703552e-14,0.0175752,-0.0337451,0.355071,0.35710368
3100,3101,0.0160832,-0.029628,0.353556,0.35515958,1.63345e-14,3.68688e-16,2.13741e-14,2.6903604e-14,0.0160832,-0.029628,0.353556,0.35515958
3101,3102,0.0184387,-0.034256,0.347389,0.34956056,1.51833e-14,3.00129e-15,1.96632e-14,2.5023625e-14,0.0184387,-0.034256,0.347389,0.34956056
3102,3103,0.0141057,-0.0259938,0.353253,0.35448885,1.72335e-14,1.81643e-15,1.91695e-14,2.5841105e-14,0.0141057,-0.0259938,0.353253,0.35448885
3103,3104,0.0171564,-0.0300655,0.343493,0.34523287,1.39565e-14,1.51456e-15,1.7935e-14,2.2775908e-14,0.0171564,-0.0300655,0.343493,0.34523287
3104,3105,0.0148415,-0.026017,0.343389,0.34469286,1.27206e-14,8.2088e-16,1.94434e-14,2.3249374e-14,0.0148415,-0.026017,0.343389,0.34469286
3105,3106,0.0177148,-0.0288874,0.333561,0.33527786,1.4016e-14,3.18771e-17,1.94286e-14,2.3956623e-14,0.0177148,-0.0288874,0.333561,0.33527786
3106,3107,0.0159936,-0.0254716,0.333806,0.33515823,1.37458e-14,-8.0579e-16,2.0715e-14,2.4873834e-14,0.0159936,-0.0254716,0.333806,0.33515823
3107,3108,0.0188097,-0.0282079,0.324329,0.32609627,1.21118e-14,2.19161e-15,2.02615e-14,2.3707114e-14,0.0188097,-0.0282079,0.324329,0.32609627
3108,3109,0.014671,-0.0218013,0.33418,0.33521158,1.65186e-14,1.89264e-16,2.44729e-14,2.9526644e-14,0.014671,-0.0218013,0.33418,0.33521158
3109,3110,0.0171845,-0.025033,0.324495,0.3259125,1.16754e-14,3.31388e-16,2.18095e-14,2.4740231e-14,0.0171845,-0.025033,0.324495,0.3259125
3110,3111,0.0157574,-0.0214674,0.3248,0.32588986,1.1677e-14,1.60457e-15,2.10384e-14,2.4115165e-14,0.0157574,-0.0214674,0.3248,0.32588986
3111,3112,0.0184759,-0.0245117,0.315291,0.3167816,1.22159e-14,-2.48268e-16,1.95783e-14,2.307812e-14,0.0184759,-0.0245117,0.315291,0.3167816
3112,3113,0.0169366,-0.0211753,0.315499,0.31666207,1.26359e-14,5.58779e-16,1.89115e-14,2.275133e-14,0.0169366,-0.0211753,0.315499,0.31666207
3113,3114,0.0191735,-0.0242979,0.305883,0.307445,1.40626e-14,7.89857e-16,1.67046e-14,2.185004e-14,0.0191735,-0.0242979,0.305883,0.307445
3114,3115,0.0145744,-0.0178532,0.32532,0.32613534,1.42534e-14,2.63765e-15,1.91996e-14,2.405704e-14,0.0145744,-0.0178532,0.32532,0.32613534
3115,3116,0.0156604,-0.0174874,0.315945,0.31681588,1.31097e-14,1.94764e-15,1.85762e-14,2.2819569e-14,0.0156604,-0.0174874,0.315945,0.31681588
3116,3117,0.0180105,-0.0209798,0.306165,0.30741102,1.49526e-14,6.43584e-16,1.87082e-14,2.3958113e-14,0.0180105,-0.0209798,0.306165,0.30741102
3117,3118,0.0167064,-0.017287,0.30656,0.3075012,1.25753e-14,-7.5236e-16,1.89447e-14,2.2750954e-14,0.0167064,-0.017287,0.30656,0.3075012
3118,3119,0.0187296,-0.0208484,0.296662,0.29798287,1.22384e-14,-1.21652e-15,2.18946e-14,2.5112386e-14,0.0187296,-0.0208484,0.296662,0.29798287
3119,3120,0.0175437,-0.0172591,0.297087,0.2981046,1.22318e-14,8.37822e-16,1.64403e-14,2.050859e-14,0.0175437,-0.0172591,0.297087,0.2981046
3120,3121,0.019322,-0.0208551,0.287148,0.288552,1.18833e-14,-8.1991e-16,1.95917e-14,2.2928579e-14,0.019322,-0.0208551,0.287148,0.288552
3121,3122,0.01516,-0.0137785,0.306981,0.3076638,1.21202e-14,-3.63334e-16,1.8444e-14,2.207289e-14,0.01516,-0.0137785,0.306981,0.3076638
3122,3123,0.0162575,-0.0134832,0.297626,0.29837447,1.39742e-14,-2.95686e-16,1.92856e-14,2.3818062e-14,0.0162575,-0.0134832,0.297626,0.29837447
3123,3124,0.0182399,-0.0174346,0.287518,0.28862303,1.10104e-14,-8.44613e-16,1.47016e-14,1.8386934e-14,0.0182399,-0.0174346,0.287518,0.28862303
3124,3125,0.0170661,-0.013509,0.288013,0.28883427,1.11835e-14,-4.63245e-16,1.79078e-14,2.111811e-14,0.0170661,-0.013509,0.288013,0.28883427
3125,3126,0.0156249,-0.0099293,0.28842,0.28901353,1.05738e-14,-2.0524e-16,1.67859e-14,1.9839702e-14,0.0156249,-0.0099293,0.28842,0.28901353
3126,3127,0.0130289,-0.007283,0.298331,0.29870415,1.26014e-14,-1.78775e-16,1.64446e-14,2.0718399e-14,0.0130289,-0.007283,0.298331,0.29870415
3127,3128,0.0140414,-0.00683644,0.288713,0.2891351,1.24968e-14,9.20507e-16,2.001e-14,2.360969e-14,0.0140414,-0.00683644,0.288713,0.2891351
3128,3129,0.0188184,-0.0387672,0.349143,0.35179237,1.48806e-14,2.0825e-15,2.00351e-14,2.5043449e-14,0.0188184,-0.0387672,0.349143,0.35179237
3129,3130,0.0197823,-0.0393242,0.341139,0.34396735,1.41635e-14,1.46829e-15,2.34023e-14,2.7393947e-14,0.0197823,-0.0393242,0.341139,0.34396735
3130,3131,0.0207078,-0.0398068,0.332295,0.33531085,1.34156e-14,8.66856e-16,2.04397e-14,2.4464485e-14,0.0207078,-0.0398068,0.332295,0.33531085
3131,3132,0.0213457,-0.0402721,0.322958,0.32615846,1.30492e-14,3.25825e-16,1.93095e-14,2.3307607e-14,0.0213457,-0.0402721,0.322958,0.32615846
3132,3133,0.0218302,-0.0407649,0.313451,0.31684357,1.31748e-14,-2.19935e-16,2.20569e-14,2.5693006e-14,0.0218302,-0.0407649,0.313451,0.31684357
3133,3134,0.0222138,-0.0412678,0.30391,0.30750245,1.22368e-14,1.7048e-16,2.10375e-14,2.4338133e-14,0.0222138,-0.0412678,0.30391,0.30750245
3134,3135,0.0227086,-0.0423055,0.284809,0.28882796,1.2504e-14,-2.60803e-15,1.38806e-14,1.8863268e-14,0.0227086,-0.0423055,0.284809,0.28882796
3135,3136,0.022514,-0.0417825,0.294362,0.2981638,1.05644e-14,-1.99069e-15,1.69437e-14,2.006635e-14,0.022514,-0.0417825,0.294362,0.2981638
3136,3137,0.0194337,-0.0350962,0.34046,0.34281543,1.49469e-14,3.05979e-15,1.82333e-14,2.377447e-14,0.0194337,-0.0350962,0.34046,0.34281543
3137,3138,0.0204897,-0.035371,0.3325,0.3350033,1.37039e-14,1.65814e-15,1.71595e-14,2.2022596e-14,0.0204897,-0.035371,0.3325,0.3350033
3138,3139,0.0211399,-0.0356465,0.323442,0.32608634,1.39392e-14,2.89653e-17,1.5638e-14,2.0948727e-14,0.0211399,-0.0356465,0.323442,0.32608634
3139,3140,0.0216725,-0.0360257,0.313985,0.31678718,1.37137e-14,-1.13273e-15,1.57072e-14,2.0882162e-14,0.0216725,-0.0360257,0.313985,0.31678718
3140,3141,0.022095,-0.0364587,0.304457,0.30742723,1.28081e-14,-9.62169e-17,2.21227e-14,2.556307e-14,0.022095,-0.0364587,0.304457,0.30742723
3141,3142,0.0224181,-0.0369454,0.294906,0.2980555,1.35207e-14,3.31537e-17,1.8848e-14,2.3196067e-14,0.0224181,-0.0369454,0.294906,0.2980555
3142,3143,0.0187093,-0.0321664,0.339078,0.34111378,1.29543e-14,2.54654e-15,1.91665e-14,2.327345e-14,0.0187093,-0.0321664,0.339078,0.34111378
3143,3144,0.0193164,-0.0318177,0.332466,0.33454317,1.44517e-14,8.10635e-16,1.3489e-14,1.9785395e-14,0.0193164,-0.0318177,0.332466,0.33454317
3144,3145,0.0202963,-0.0315636,0.323858,0.32602483,1.4654e-14,1.34614e-15,1.20615e-14,1.9027128e-14,0.0202963,-0.0315636,0.323858,0.32602483
3145,3146,0.0207726,-0.0316508,0.314467,0.3167377,1.29695e-14,-2.6351e-15,1.96935e-14,2.3727317e-14,0.0207726,-0.0316508,0.314467,0.3167377
3146,3147,0.0215243,-0.0318216,0.305022,0.30743185,1.26493e-14,-1.48887e-16,1.64699e-14,2.0767391e-14,0.0215243,-0.0318216,0.305022,0.30743185
3147,3148,0.0219266,-0.0322093,0.295451,0.29800922,1.33032e-14,-8.19224e-16,1.78862e-14,2.2306108e-14,0.0219266,-0.0322093,0.295451,0.29800922
3148,3149,0.0224476,-0.0374634,0.285364,0.2886867,1.3138e-14,-7.52407e-16,1.81297e-14,2.2402214e-14,0.0224476,-0.0374634,0.285364,0.2886867
3149,3150,0.0197844,-0.0278173,0.314982,0.31682628,1.32871e-14,-9.72343e-16,2.19331e-14,2.5662295e-14,0.0197844,-0.0278173,0.314982,0.31682628
3150,3151,0.0205712,-0.0276967,0.305552,0.3074936,1.29324e-14,1.12568e-16,1.67218e-14,2.1139494e-14,0.0205712,-0.0276967,0.305552,0.3074936
3151,3152,0.0212373,-0.0278069,0.295987,0.2980479,1.31718e-14,-2.04782e-16,1.91031e-14,2.3204886e-14,0.0212373,-0.0278069,0.295987,0.2980479
3152,3153,0.0221386,-0.0326532,0.285902,0.288611,1.22492e-14,-7.06609e-16,1.77571e-14,2.1583717e-14,0.0221386,-0.0326532,0.285902,0.288611
3153,3154,0.0199928,-0.0241195,0.296382,0.29803315,1.22688e-14,-1.36319e-15,2.01094e-14,2.3595968e-14,0.0199928,-0.0241195,0.296382,0.29803315
3154,3155,0.0215865,-0.0280642,0.28642,0.28860003,1.2152e-14,-1.74568e-15,2.0791e-14,2.4145065e-14,0.0215865,-0.0280642,0.28642,0.28860003
3155,3156,0.0204187,-0.0241513,0.286838,0.28857625,1.2918e-14,-9.85463e-16,1.99601e-14,2.3796039e-14,0.0204187,-0.0241513,0.286838,0.28857625
3156,3157,0.019664,-0.0209897,0.277614,0.2790999,1.0063e-14,-2.45631e-15,1.90509e-14,2.1684884e-14,0.019664,-0.0209897,0.277614,0.2790999
3157,3158,0.01883,-0.017622,0.27797,0.27916378,1.11508e-14,-1.31311e-15,1.54625e-14,1.910899e-14,0.01883,-0.017622,0.27797,0.27916378
3158,3159,0.0177748,-0.0136306,0.278418,0.2793176,1.08684e-14,8.2954e-16,1.657e-14,1.9833688e-14,0.0177748,-0.0136306,0.278418,0.2793176
3159,3160,0.0192726,-0.0177858,0.268441,0.26971897,1.06082e-14,-3.43058e-16,1.65774e-14,1.968405e-14,0.0192726,-0.0177858,0.268441,0.26971897
3160,3161,0.0182984,-0.0138675,0.268865,0.2698435,1.0003e-14,9.85935e-16,1.53343e-14,1.8335017e-14,0.0182984,-0.0138675,0.268865,0.2698435
3161,3162,0.0196257,-0.0180051,0.258919,0.26028523,1.06916e-14,2.06305e-15,1.63897e-14,1.9677112e-14,0.0196257,-0.0180051,0.258919,0.26028523
3162,3163,0.0186671,-0.0141737,0.259334,0.26039103,9.99157e-15,2.44269e-15,1.6004e-14,1.9024358e-14,0.0186671,-0.0141737,0.259334,0.26039103
3163,3164,0.0198968,-0.0183265,0.249385,0.25084782,8.80215e-15,8.47396e-16,1.90697e-14,2.1020214e-14,0.0198968,-0.0183265,0.249385,0.25084782
3164,3165,0.0189345,-0.0145649,0.249817,0.25095654,9.8552e-15,-1.09784e-15,1.79165e-14,2.0477577e-14,0.0189345,-0.0145649,0.249817,0.25095654
3165,3166,0.0200251,-0.0187424,0.239816,0.24137937,9.80777e-15,3.81298e-15,1.47274e-14,1.8100484e-14,0.0200251,-0.0187424,0.239816,0.24137937
3166,3167,0.0188174,-0.015081,0.240253,0.24146022,8.27657e-15,1.13979e-15,1.39825e-14,1.628837e-14,0.0188174,-0.015081,0.240253,0.24146022
3167,3168,0.0203214,-0.0191369,0.230196,0.23188226,7.78246e-15,1.76997e-15,1.8367e-14,2.0026137e-14,0.0203214,-0.0191369,0.230196,0.23188226
3168,3169,0.0189127,-0.0155792,0.230624,0.23192205,8.24704e-15,1.22847e-15,1.35277e-14,1.5890924e-14,0.0189127,-0.0155792,0.230624,0.23192205
3169,3170,0.0203892,-0.0195465,0.220488,0.22228977,9.34284e-15,-3.72832e-16,1.22831e-14,1.543704e-14,0.0203892,-0.0195465,0.220488,0.22228977
3170,3171,0.0189738,-0.0160947,0.220891,0.22228782,7.50868e-15,6.68768e-16,1.0227e-14,1.2705081e-14,0.0189738,-0.0160947,0.220891,0.22228782
3171,3172,0.0210944,-0.0196883,0.210835,0.21280037,8.00407e-15,2.09373e-16,1.47653e-14,1.679652e-14,0.0210944,-0.0196883,0.210835,0.21280037
3172,3173,0.0163646,-0.00980323,0.278792,0.2794439,1.12424e-14,1.30581e-15,1.62687e-14,1.9818357e-14,0.0163646,-0.00980323,0.278792,0.2794439
3173,3174,0.014903,-0.00651481,0.27906,0.2795336,1.07855e-14,1.67579e-15,1.43553e-14,1.8033577e-14,0.014903,-0.00651481,0.27906,0.2795336
3174,3175,0.0173264,-0.00970336,0.269325,0.27005613,1.12268e-14,1.17954e-15,1.51391e-14,1.888451e-14,0.0173264,-0.00970336,0.269325,0.27005613
3175,3176,0.0177984,-0.00986695,0.259771,0.2605669,1.10345e-14,2.67008e-15,1.29773e-14,1.7242386e-14,0.0177984,-0.00986695,0.259771,0.2605669
3176,3177,0.0180931,-0.0101991,0.25026,0.2511204,8.79253e-15,-4.66235e-17,1.51976e-14,1.7557843e-14,0.0180931,-0.0101991,0.25026,0.2511204
3177,3178,0.0180781,-0.0106352,0.240706,0.2416181,8.04311e-15,1.05445e-15,1.32931e-14,1.5572731e-14,0.0180781,-0.0106352,0.240706,0.2416181
3178,3179,0.018199,-0.011101,0.231124,0.23210502,1.03502e-14,3.46144e-15,1.28723e-14,1.6876146e-14,0.018199,-0.011101,0.231124,0.23210502
3179,3180,0.0183485,-0.01161,0.221453,0.22251491,8.63752e-15,1.53117e-15,1.18638e-14,1.4754694e-14,0.0183485,-0.01161,0.221453,0.22251491
3180,3181,0.0197736,-0.016348,0.211218,0.21277052,9.07937e-15,1.64738e-15,1.22537e-14,1.5339557e-14,0.0197736,-0.016348,0.211218,0.21277052
3181,3182,0.0228109,-0.0428353,0.275239,0.27948472,1.10487e-14,-1.90291e-15,1.80007e-14,2.1206603e-14,0.0228109,-0.0428353,0.275239,0.27948472
3182,3183,0.0228464,-0.043369,0.265645,0.27012977,7.88271e-15,-7.5616e-16,1.88751e-14,2.0468958e-14,0.0228464,-0.043369,0.265645,0.27012977
3183,3184,0.0229868,-0.043898,0.256026,0.26077718,9.18217e-15,8.21282e-16,1.53098e-14,1.7871114e-14,0.0229868,-0.043898,0.256026,0.26077718
3184,3185,0.023178,-0.0444215,0.246402,0.2514447,8.58349e-15,2.45433e-16,1.61794e-14,1.8316918e-14,0.023178,-0.0444215,0.246402,0.2514447
3185,3186,0.0234369,-0.0449373,0.236788,0.24215122,8.33169e-15,-8.76177e-16,1.20524e-14,1.4678048e-14,0.0234369,-0.0449373,0.236788,0.24215122
3186,3187,0.0237507,-0.0454488,0.227186,0.23290162,9.30014e-15,-2.49786e-15,1.59771e-14,1.8654747e-14,0.0237507,-0.0454488,0.227186,0.23290162
3187,3188,0.0238922,-0.0459581,0.217598,0.22367805,9.76715e-15,-2.98961e-15,1.50016e-14,1.814891e-14,0.0238922,-0.0459581,0.217598,0.22367805
3188,3189,0.0224353,-0.0379853,0.275811,0.2793169,1.2019e-14,-2.97305e-15,1.66959e-14,2.0785777e-14,0.0224353,-0.0379853,0.275811,0.2793169
3189,3190,0.0223195,-0.0385227,0.266226,0.26992303,9.61089e-15,-7.76785e-16,1.96319e-14,2.1871992e-14,0.0223195,-0.0385227,0.266226,0.26992303
3190,3191,0.0224283,-0.039049,0.256593,0.26051453,1.03472e-14,3.44724e-16,2.00212e-14,2.253956e-14,0.0224283,-0.039049,0.256593,0.26051453
3191,3192,0.0226098,-0.0395738,0.246952,0.25112262,8.06363e-15,4.01815e-17,1.5031e-14,1.7057394e-14,0.0226098,-0.0395738,0.246952,0.25112262
3192,3193,0.0229908,-0.0400859,0.237325,0.24178216,8.81562e-15,-9.30546e-16,1.40627e-14,1.6623496e-14,0.0229908,-0.0400859,0.237325,0.24178216
3193,3194,0.0233626,-0.040599,0.227719,0.23248662,9.80954e-15,-1.58993e-15,1.33776e-14,1.6664787e-14,0.0233626,-0.040599,0.227719,0.23248662
3194,3195,0.0237882,-0.0411096,0.218124,0.22323522,1.05862e-14,-2.20182e-15,1.68051e-14,1.9983169e-14,0.0237882,-0.0411096,0.218124,0.22323522
3195,3196,0.0241256,-0.0464655,0.208008,0.21449573,8.29821e-15,-1.00081e-15,1.43391e-14,1.659734e-14,0.0241256,-0.0464655,0.208008,0.21449573
3196,3197,0.0220722,-0.0331387,0.276352,0.27920562,1.2395e-14,-7.70428e-16,1.94792e-14,2.3101274e-14,0.0220722,-0.0331387,0.276352,0.27920562
3197,3198,0.0219508,-0.0336604,0.266769,0.26977873,1.05007e-14,-1.32587e-15,1.86179e-14,2.1416088e-14,0.0219508,-0.0336604,0.266769,0.26977873
3198,3199,0.02205,-0.0341736,0.25714,0.26033637,1.0933e-14,-1.09242e-15,1.69892e-14,2.0232568e-14,0.02205,-0.0341736,0.25714,0.26033637
3199,3200,0.0221759,-0.0346985,0.247499,0.2509014,9.91207e-15,1.75034e-15,1.54441e-14,1.8434562e-14,0.0221759,-0.0346985,0.247499,0.2509014
3200,3201,0.022596,-0.0352079,0.237873,0.24152379,8.67265e-15,2.14436e-16,1.47991e-14,1.7154423e-14,0.022596,-0.0352079,0.237873,0.24152379
3201,3202,0.0229188,-0.0357312,0.228269,0.23218252,8.53568e-15,-2.1722e-15,1.2944e-14,1.5656418e-14,0.0229188,-0.0357312,0.228269,0.23218252
3202,3203,0.0232953,-0.0362508,0.218674,0.22287914,1.05876e-14,-4.17577e-17,1.37847e-14,1.7381512e-14,0.0232953,-0.0362508,0.218674,0.22287914
3203,3204,0.0240804,-0.0416261,0.208529,0.21400219,8.75814e-15,-1.03597e-15,1.23723e-14,1.5193818e-14,0.0240804,-0.0416261,0.208529,0.21400219
3204,3205,0.0216279,-0.0284339,0.276857,0.27915236,1.022e-14,-2.19127e-15,1.92874e-14,2.1937498e-14,0.0216279,-0.0284339,0.276857,0.27915236
3205,3206,0.0215101,-0.028921,0.267273,0.26969236,1.07892e-14,-1.07561e-15,1.61979e-14,1.949194e-14,0.0215101,-0.028921,0.267273,0.26969236
3206,3207,0.0216303,-0.0294004,0.25766,0.26023245,1.03106e-14,1.09503e-16,1.56759e-14,1.876311e-14,0.0216303,-0.0294004,0.25766,0.26023245
3207,3208,0.0217603,-0.0299045,0.248035,0.2507771,9.5715e-15,2.09017e-15,1.41509e-14,1.7211345e-14,0.0217603,-0.0299045,0.248035,0.2507771
3208,3209,0.0225462,-0.0309068,0.228829,0.2320049,8.40976e-15,-1.58432e-15,1.58993e-14,1.8056076e-14,0.0225462,-0.0309068,0.228829,0.2320049
3209,3210,0.0222033,-0.0303954,0.238424,0.24137703,1.02927e-14,-2.50979e-17,1.5293e-14,1.8434102e-14,0.0222033,-0.0303954,0.238424,0.24137703
3210,3211,0.0228124,-0.0314201,0.219231,0.22264288,8.54643e-15,-1.04387e-15,1.87476e-14,2.0630163e-14,0.0228124,-0.0314201,0.219231,0.22264288
3211,3212,0.0235634,-0.0367753,0.209073,0.21358646,8.91566e-15,-1.36092e-15,1.31361e-14,1.5934184e-14,0.0235634,-0.0367753,0.209073,0.21358646
3212,3213,0.0204193,-0.024395,0.277278,0.27909705,1.05154e-14,-2.44259e-15,1.7689e-14,2.0722949e-14,0.0204193,-0.024395,0.277278,0.27909705
3213,3214,0.0207502,-0.0246916,0.267716,0.2696518,1.08866e-14,2.47896e-16,1.77961e-14,2.0863382e-14,0.0207502,-0.0246916,0.267716,0.2696518
3214,3215,0.0211522,-0.0250353,0.258135,0.26020733,9.63489e-15,1.82516e-15,1.53253e-14,1.819415e-14,0.0211522,-0.0250353,0.258135,0.26020733
3215,3216,0.0213237,-0.0254717,0.248536,0.2507462,9.81674e-15,2.43803e-15,1.4914e-14,1.8020538e-14,0.0213237,-0.0254717,0.248536,0.2507462
3216,3217,0.0218085,-0.0258989,0.238948,0.24133486,9.45841e-15,-2.51485e-16,1.82004e-14,2.0512907e-14,0.0218085,-0.0258989,0.238948,0.24133486
3217,3218,0.0221203,-0.026361,0.229357,0.23192422,9.61561e-15,2.29163e-16,1.57816e-14,1.8481649e-14,0.0221203,-0.026361,0.229357,0.23192422
3218,3219,0.0223418,-0.0268065,0.219744,0.22249757,1.01983e-14,-5.53259e-16,1.5746e-14,1.876827e-14,0.0223418,-0.0268065,0.219744,0.22249757
3219,3220,0.0230422,-0.0319261,0.209619,0.21328466,8.73783e-15,-9.65365e-16,1.71752e-14,1.9294277e-14,0.0230422,-0.0319261,0.209619,0.21328466
3220,3221,0.0200828,-0.0211403,0.268087,0.26966807,1.04489e-14,1.60833e-16,1.95856e-14,2.2199124e-14,0.0200828,-0.0211403,0.268087,0.26966807
3221,3222,0.0204671,-0.02136,0.258543,0.26022997,9.62272e-15,4.4187e-15,1.68574e-14,1.9907124e-14,0.0204671,-0.02136,0.258543,0.26022997
3222,3223,0.0208016,-0.0216758,0.248983,0.25078893,9.66233e-15,1.18349e-15,1.71757e-14,1.9742491e-14,0.0208016,-0.0216758,0.248983,0.25078893
3223,3224,0.0212627,-0.0220235,0.239411,0.24136023,8.13393e-15,-7.56072e-18,1.72906e-14,1.9108264e-14,0.0212627,-0.0220235,0.239411,0.24136023
3224,3225,0.021572,-0.0224092,0.229809,0.2319045,8.76447e-15,-8.74087e-16,1.52774e-14,1.7634594e-14,0.021572,-0.0224092,0.229809,0.2319045
3225,3226,0.0217086,-0.0227807,0.220162,0.22239949,9.62739e-15,-1.48644e-15,1.50404e-14,1.7919536e-14,0.0217086,-0.0227807,0.220162,0.22239949
3226,3227,0.0225303,-0.0272339,0.210119,0.2130711,7.76807e-15,1.12824e-15,1.43129e-14,1.632406e-14,0.0225303,-0.0272339,0.210119,0.2130711
3227,3228,0.0219692,-0.0230812,0.210524,0.21292192,7.3016e-15,1.00223e-15,1.20177e-14,1.4097622e-14,0.0219692,-0.0230812,0.210524,0.21292192
3228,3229,0.0186838,-0.0120854,0.211764,0.21292987,9.13325e-15,1.11691e-15,1.27907e-14,1.5756451e-14,0.0186838,-0.0120854,0.211764,0.21292987
3229,3230,0.0205782,-0.0164281,0.201658,0.20336984,7.52388e-15,-5.17701e-17,9.90426e-15,1.2438079e-14,0.0205782,-0.0164281,0.201658,0.20336984
3230,3231,0.0194805,-0.0124288,0.202147,0.20346345,7.70984e-15,1.75435e-15,6.81848e-15,1.0440836e-14,0.0194805,-0.0124288,0.202147,0.20346345
3231,3232,0.0211831,-0.0164727,0.192003,0.1938691,6.491e-15,9.0347e-16,1.10296e-14,1.2829708e-14,0.0211831,-0.0164727,0.192003,0.1938691
3232,3233,0.0201256,-0.012768,0.192483,0.193953,6.45211e-15,7.52282e-16,8.93783e-15,1.1049002e-14,0.0201256,-0.012768,0.192483,0.193953
3233,3234,0.0216351,-0.0165228,0.182346,0.18436687,6.28015e-15,1.19472e-15,1.16743e-14,1.3310031e-14,0.0216351,-0.0165228,0.182346,0.18436687
3234,3235,0.0242759,-0.0469663,0.198423,0.20534566,7.53261e-15,3.73739e-16,1.18244e-14,1.4024847e-14,0.0242759,-0.0469663,0.198423,0.20534566
3235,3236,0.024474,-0.0474632,0.188844,0.19624929,5.95112e-15,8.15521e-17,1.00226e-14,1.1656543e-14,0.024474,-0.0474632,0.188844,0.19624929
3236,3237,0.0246104,-0.0479511,0.179284,0.1872104,5.55141e-15,-8.16671e-16,1.05968e-14,1.1990716e-14,0.0246104,-0.0479511,0.179284,0.1872104
3237,3238,0.0246674,-0.048422,0.169742,0.17822884,5.41137e-15,-2.67735e-15,1.35949e-14,1.4875228e-14,0.0246674,-0.048422,0.169742,0.17822884
3238,3239,0.0246651,-0.0488544,0.160186,0.16927691,5.62593e-15,1.14096e-16,9.90238e-15,1.13895235e-14,0.0246651,-0.0488544,0.160186,0.16927691
3239,3240,0.0245531,-0.0492013,0.150642,0.16036406,5.90053e-15,4.48558e-16,9.33408e-15,1.1051811e-14,0.0245531,-0.0492013,0.150642,0.16036406
3240,3241,0.0243699,-0.0494431,0.141186,0.15156516,4.65635e-15,-8.00897e-16,7.22689e-15,8.6342905e-15,0.0243699,-0.0494431,0.141186,0.15156516
3241,3242,0.0243658,-0.042141,0.198933,0.2048021,8.29353e-15,-1.03587e-16,1.23126e-14,1.4845655e-14,0.0243658,-0.042141,0.198933,0.2048021
3242,3243,0.0246558,-0.0426523,0.189344,0.19564836,5.84475e-15,-5.89506e-16,1.37941e-14,1.499286e-14,0.0246558,-0.0426523,0.189344,0.19564836
3243,3244,0.0248635,-0.0431583,0.179767,0.18653956,6.2973e-15,-6.77985e-16,1.43846e-14,1.5717264e-14,0.0248635,-0.0431583,0.179767,0.18653956
3244,3245,0.0250178,-0.0436547,0.170204,0.17748529,5.64508e-15,-1.51555e-15,1.18008e-14,1.3169006e-14,0.0250178,-0.0436547,0.170204,0.17748529
3245,3246,0.0250485,-0.0441302,0.160652,0.16847542,5.54277e-15,4.99975e-16,7.88066e-15,9.647646e-15,0.0250485,-0.0441302,0.160652,0.16847542
3246,3247,0.0250331,-0.0445755,0.151113,0.1595267,7.46116e-15,-5.49391e-16,6.54426e-15,9.939722e-15,0.0250331,-0.0445755,0.151113,0.1595267
3247,3248,0.0249765,-0.0449833,0.141605,0.15066287,6.0329e-15,-2.1352e-15,6.65463e-15,9.2325e-15,0.0249765,-0.0449833,0.141605,0.15066287
3248,3249,0.0240299,-0.0495286,0.131836,0.14286794,6.19144e-15,7.78908e-16,5.77533e-15,8.50265e-15,0.0240299,-0.0495286,0.131836,0.14286794
3249,3250,0.0238878,-0.0372968,0.199468,0.20432611,7.09265e-15,-5.39029e-17,1.06393e-14,1.278684e-14,0.0238878,-0.0372968,0.199468,0.20432611
3250,3251,0.0242641,-0.0378105,0.189867,0.19510986,5.76487e-15,-6.42301e-16,9.9884e-15,1.1550516e-14,0.0242641,-0.0378105,0.189867,0.19510986
3251,3252,0.0246284,-0.0383206,0.180278,0.18594404,6.73724e-15,-1.40447e-15,1.05423e-14,1.2589798e-14,0.0246284,-0.0383206,0.180278,0.18594404
3252,3253,0.0249143,-0.0388253,0.170701,0.17682466,6.99898e-15,-1.16505e-15,1.13808e-14,1.34114005e-14,0.0249143,-0.0388253,0.170701,0.17682466
3253,3254,0.0251998,-0.0393209,0.161131,0.1677628,8.2776e-15,1.9031e-16,1.10066e-14,1.37731665e-14,0.0251998,-0.0393209,0.161131,0.1677628
3254,3255,0.0252489,-0.039802,0.151583,0.15874228,6.80282e-15,5.21809e-16,9.87449e-15,1.2002341e-14,0.0252489,-0.039802,0.151583,0.15874228
3255,3256,0.0254189,-0.0402704,0.142039,0.14980955,6.28669e-15,-1.22545e-15,9.82509e-15,1.1728453e-14,0.0254189,-0.0402704,0.142039,0.14980955
3256,3257,0.0248517,-0.045335,0.132125,0.14187984,7.61861e-15,6.61616e-17,4.26423e-15,8.731051e-15,0.0248517,-0.045335,0.132125,0.14187984
3257,3258,0.0232865,-0.0324526,0.200008,0.20395744,6.3762e-15,-1.8315e-16,1.23619e-14,1.3910645e-14,0.0232865,-0.0324526,0.200008,0.20395744
3258,3259,0.0236953,-0.0329627,0.1904,0.19467966,8.33005e-15,9.26527e-16,1.08084e-14,1.36773425e-14,0.0236953,-0.0329627,0.1904,0.19467966
3259,3260,0.0241192,-0.0334701,0.180798,0.18544513,7.48186e-15,-8.29996e-16,1.06096e-14,1.3008871e-14,0.0241192,-0.0334701,0.180798,0.18544513
3260,3261,0.0245864,-0.0339729,0.17121,0.17627114,7.92358e-15,-1.63624e-15,1.10406e-14,1.3687778e-14,0.0245864,-0.0339729,0.17121,0.17627114
3261,3262,0.0249755,-0.0344766,0.16163,0.16714266,6.0371e-15,-7.93257e-16,8.71302e-15,1.0629795e-14,0.0249755,-0.0344766,0.16163,0.16714266
3262,3263,0.0253111,-0.0349738,0.152059,0.15806884,5.33022e-15,2.9164e-16,1.05477e-14,1.1821602e-14,0.0253111,-0.0349738,0.152059,0.15806884
3263,3264,0.0255727,-0.0354634,0.142501,0.14905754,5.47534e-15,4.23239e-16,8.57226e-15,1.0180477e-14,0.0255727,-0.0354634,0.142501,0.14905754
3264,3265,0.0253963,-0.04071,0.132526,0.14094472,6.44252e-15,-1.02525e-15,9.79992e-15,1.17726644e-14,0.0253963,-0.04071,0.132526,0.14094472
3265,3266,0.022755,-0.0277123,0.200525,0.20370576,8.70435e-15,3.49285e-16,1.36628e-14,1.6203698e-14,0.022755,-0.0277123,0.200525,0.20370576
3266,3267,0.0230871,-0.0281785,0.19092,0.19436431,8.88331e-15,1.67393e-15,9.72739e-15,1.3279207e-14,0.0230871,-0.0281785,0.19092,0.19436431
3267,3268,0.0234735,-0.0286439,0.181305,0.1850486,7.21898e-15,-1.22942e-16,6.59919e-15,9.781518e-15,0.0234735,-0.0286439,0.181305,0.1850486
3268,3269,0.0238718,-0.0291421,0.171716,0.17579964,6.95275e-15,-1.43615e-16,9.59388e-15,1.1849214e-14,0.0238718,-0.0291421,0.171716,0.17579964
3269,3270,0.024341,-0.029639,0.162129,0.16660362,7.52788e-15,-7.30827e-16,7.9997e-15,1.1009009e-14,0.024341,-0.029639,0.162129,0.16660362
3270,3271,0.0247343,-0.0301374,0.152546,0.15744945,6.35184e-15,1.33825e-16,5.12257e-15,8.161157e-15,0.0247343,-0.0301374,0.152546,0.15744945
3271,3272,0.0253153,-0.0306199,0.142981,0.14839813,3.41813e-15,-1.55014e-15,9.03654e-15,9.784968e-15,0.0253153,-0.0306199,0.142981,0.14839813
3272,3273,0.0257988,-0.0359419,0.13296,0.14012766,7.04974e-15,-1.02469e-15,7.61253e-15,1.0425902e-14,0.0257988,-0.0359419,0.13296,0.14012766
3273,3274,0.0221716,-0.023417,0.200956,0.20352702,7.70013e-15,1.19565e-15,1.32412e-14,1.5363951e-14,0.0221716,-0.023417,0.200956,0.20352702
3274,3275,0.0225257,-0.023698,0.191358,0.1941311,7.32208e-15,2.28183e-15,9.67998e-15,1.2349964e-14,0.0225257,-0.023698,0.191358,0.1941311
3275,3276,0.0228924,-0.0240063,0.181738,0.18474054,8.10895e-15,4.48783e-16,1.08579e-14,1.3559147e-14,0.0228924,-0.0240063,0.181738,0.18474054
3276,3277,0.023251,-0.0244274,0.172187,0.17545846,7.30713e-15,1.06956e-15,9.72172e-15,1.2208601e-14,0.023251,-0.0244274,0.172187,0.17545846
3277,3278,0.0237024,-0.024863,0.162618,0.16620645,7.97667e-15,1.53907e-16,5.49462e-15,9.687198e-15,0.0237024,-0.024863,0.162618,0.16620645
3278,3279,0.024172,-0.0253041,0.153036,0.15698598,8.03937e-15,8.12533e-16,5.54158e-15,9.797999e-15,0.024172,-0.0253041,0.153036,0.15698598
3279,3280,0.0247866,-0.0257673,0.143443,0.14783175,4.68675e-15,-2.30291e-16,5.93378e-15,7.564946e-15,0.0247866,-0.0257673,0.143443,0.14783175
3280,3281,0.0256591,-0.0311085,0.133418,0.13937894,4.93666e-15,3.46996e-16,8.52521e-15,9.857496e-15,0.0256591,-0.0311085,0.133418,0.13937894
3281,3282,0.0213626,-0.0198216,0.201278,0.20337673,7.25447e-15,1.40035e-15,1.32611e-14,1.5180418e-14,0.0213626,-0.0198216,0.201278,0.20337673
3282,3283,0.0219441,-0.0198313,0.191685,0.19395351,5.82135e-15,1.16488e-15,1.30829e-14,1.4366883e-14,0.0219441,-0.0198313,0.191685,0.19395351
3283,3284,0.0222971,-0.0199386,0.182065,0.18450575,6.40646e-15,1.37381e-15,1.2758e-14,1.4342128e-14,0.0222971,-0.0199386,0.182065,0.18450575
3284,3285,0.0227278,-0.0201519,0.172597,0.17524947,6.01766e-15,2.1023e-15,8.78812e-15,1.085647e-14,0.0227278,-0.0201519,0.172597,0.17524947
3285,3286,0.0231639,-0.0203686,0.163102,0.1659931,6.75837e-15,-7.51195e-16,1.08996e-14,1.28468335e-14,0.0231639,-0.0203686,0.163102,0.1659931
3286,3287,0.0236341,-0.0206112,0.153554,0.15672341,5.48945e-15,6.17037e-16,1.04271e-14,1.1799967e-14,0.0236341,-0.0206112,0.153554,0.15672341
3287,3288,0.0242841,-0.0209665,0.143939,0.14747117,4.00009e-15,1.30089e-15,6.09532e-15,7.4058056e-15,0.0242841,-0.0209665,0.143939,0.14747117
3288,3289,0.0253968,-0.0262552,0.133881,0.13877484,4.91501e-15,-2.53502e-16,6.7624e-15,8.36371e-15,0.0253968,-0.0262552,0.133881,0.13877484
3289,3290,0.0219798,-0.016546,0.172945,0.17511953,4.86221e-15,-8.24336e-16,1.18807e-14,1.28635785e-14,0.0219798,-0.016546,0.172945,0.17511953
3290,3291,0.0205439,-0.0130622,0.18282,0.1844338,4.67681e-15,-1.64067e-15,8.13912e-15,9.529408e-15,0.0205439,-0.0130622,0.18282,0.1844338
3291,3292,0.0209259,-0.0131676,0.173321,0.17507555,6.61729e-15,-3.10118e-16,6.73401e-15,9.446248e-15,0.0209259,-0.0131676,0.173321,0.17507555
3292,3293,0.022583,-0.0164369,0.163551,0.16591895,4.63499e-15,-1.5967e-15,1.25765e-14,1.3498183e-14,0.022583,-0.0164369,0.163551,0.16591895
3293,3294,0.0217537,-0.0129809,0.163929,0.16587478,4.55115e-15,-1.2926e-15,1.00758e-14,1.1131286e-14,0.0217537,-0.0129809,0.163929,0.16587478
3294,3295,0.0230177,-0.0163625,0.154033,0.15660049,4.98327e-15,9.76624e-16,9.45938e-15,1.0736231e-14,0.0230177,-0.0163625,0.154033,0.15660049
3295,3296,0.0223854,-0.0126585,0.154463,0.15658914,5.20257e-15,7.21493e-16,8.34202e-15,9.8578186e-15,0.0223854,-0.0126585,0.154463,0.15658914
3296,3297,0.0238607,-0.0163942,0.144439,0.14731167,4.43351e-15,4.14384e-16,8.08607e-15,9.231048e-15,0.0238607,-0.0163942,0.144439,0.14731167
3297,3298,0.0249282,-0.021417,0.134349,0.13831037,4.56442e-15,1.11661e-16,6.39101e-15,7.854388e-15,0.0249282,-0.021417,0.134349,0.13831037
3298,3299,0.0119547,-0.0529421,0.0926198,0.10735086,2.85206e-15,-2.04142e-15,6.53005e-15,7.4123675e-15,0.0119547,-0.0529421,0.0926198,0.10735086
3299,3300,0.0121168,-0.0516258,0.0860259,0.101056896,2.43569e-15,-2.1891e-15,3.82932e-15,5.0386936e-15,0.0121168,-0.0516258,0.0860259,0.101056896
3300,3301,0.0123143,-0.0504269,0.0801115,0.09545872,3.75552e-15,-1.65378e-15,3.59959e-15,5.4585683e-15,0.0123143,-0.0504269,0.0801115,0.09545872
3301,3302,0.0123265,-0.0491372,0.074001,0.08968029,1.52606e-15,-3.20968e-15,5.3176e-15,6.3959187e-15,0.0123265,-0.0491372,0.074001,0.08968029
3302,3303,0.0123726,-0.0477698,0.0674788,0.08359679,3.61847e-15,-7.3657e-16,8.4792e-16,3.7887767e-15,0.0123726,-0.0477698,0.0674788,0.08359679
3303,3304,0.0125246,-0.0464855,0.0614163,0.07803672,1.72555e-15,-6.26993e-16,3.15097e-15,3.6468144e-15,0.0125246,-0.0464855,0.0614163,0.07803672
3304,3305,0.0126453,-0.0451453,0.0550824,0.07233307,1.50401e-15,3.50296e-16,4.32496e-15,4.5923886e-15,0.0126453,-0.0451453,0.0550824,0.07233307
3305,3306,0.0159899,-0.0518806,0.0937043,0.10829482,3.43892e-15,-1.89336e-15,6.56498e-15,7.649179e-15,0.0159899,-0.0518806,0.0937043,0.10829482
3306,3307,0.0158848,-0.0505242,0.087601,0.102366775,4.35976e-15,-1.99565e-16,3.13672e-15,5.3746015e-15,0.0158848,-0.0505242,0.087601,0.102366775
3307,3308,0.0163002,-0.0492646,0.0819033,0.096957974,3.38175e-15,-1.80309e-15,4.98493e-16,3.864694e-15,0.0163002,-0.0492646,0.0819033,0.096957974
3308,3309,0.0163527,-0.0480864,0.0750441,0.09061639,3.08819e-15,-2.11896e-15,4.31067e-15,5.7104103e-15,0.0163527,-0.0480864,0.0750441,0.09061639
3309,3310,0.0162855,-0.0468252,0.0688041,0.08480461,3.9371e-15,7.09294e-17,3.95405e-16,3.9575416e-15,0.0162855,-0.0468252,0.0688041,0.08480461
3310,3311,0.0165911,-0.0452879,0.0631739,0.07948081,2.78703e-15,5.27958e-16,5.77201e-15,6.431359e-15,0.0165911,-0.0452879,0.0631739,0.07948081
3311,3312,0.0163381,-0.0438437,0.0563286,0.07322646,2.78582e-15,1.22037e-16,3.09376e-15,4.1649775e-15,0.0163381,-0.0438437,0.0563286,0.07322646
3312,3313,0.0212413,-0.0518809,0.113019,0.12615909,4.55659e-15,-1.96229e-15,6.97239e-15,8.557296e-15,0.0212413,-0.0518809,0.113019,0.12615909
3313,3314,0.0201042,-0.052052,0.103228,0.117343985,4.43623e-15,8.03801e-16,3.23885e-15,5.5512502e-15,0.0201042,-0.052052,0.103228,0.117343985
3314,3315,0.019467,-0.0505977,0.0947014,0.10912125,4.52853e-15,-7.60243e-16,6.29163e-15,7.789106e-15,0.019467,-0.0505977,0.0947014,0.10912125
3315,3316,0.0186473,-0.0496486,0.0890529,0.10364904,5.91975e-15,1.86654e-15,3.67102e-15,7.211366e-15,0.0186473,-0.0496486,0.0890529,0.10364904
3316,3317,0.0227378,-0.0488135,0.113101,0.12526612,4.43741e-15,-3.56338e-15,5.78324e-15,8.113824e-15,0.0227378,-0.0488135,0.113101,0.12526612
3317,3318,0.0224786,-0.0486323,0.103397,0.11645311,4.02346e-15,-2.85126e-16,2.9136e-15,4.9758006e-15,0.0224786,-0.0486323,0.103397,0.11645311
3318,3319,0.0217544,-0.048099,0.0941092,0.107904166,4.61308e-15,-1.16427e-15,3.99235e-15,6.2108687e-15,0.0217544,-0.048099,0.0941092,0.107904166
3319,3320,0.0202827,-0.0479398,0.0848451,0.099540465,4.48767e-15,1.94765e-15,3.1843e-15,5.837147e-15,0.0202827,-0.0479398,0.0848451,0.099540465
3320,3321,0.0197213,-0.0465677,0.0762311,0.09148038,2.96715e-15,-1.92727e-15,4.79332e-15,5.9577066e-15,0.0197213,-0.0465677,0.0762311,0.09148038
3321,3322,0.0189878,-0.0457606,0.0703836,0.086072184,5.22329e-15,-1.57265e-15,-7.38043e-16,5.5046067e-15,0.0189878,-0.0457606,0.0703836,0.086072184
3322,3323,0.0234291,-0.0450259,0.0941781,0.1069849,3.97072e-15,-1.5718e-16,1.61299e-15,4.2887133e-15,0.0234291,-0.0450259,0.0941781,0.1069849
3323,3324,0.0225343,-0.0444382,0.0850189,0.098543204,3.37317e-15,-1.10733e-15,2.15271e-15,4.151941e-15,0.0225343,-0.0444382,0.0850189,0.098543204
3324,3325,0.0219276,-0.0440051,0.0756178,0.090196006,4.96227e-15,-2.08637e-15,3.39582e-15,6.364641e-15,0.0219276,-0.0440051,0.0756178,0.090196006
3325,3326,0.0204942,-0.0439689,0.0659686,0.081884876,4.66161e-15,-2.20453e-15,8.45324e-16,5.225431e-15,0.0204942,-0.0439689,0.0659686,0.081884876
3326,3327,0.0193992,-0.0423595,0.0563772,0.073137164,4.51772e-15,-1.62619e-15,-3.20077e-17,4.8015947e-15,0.0193992,-0.0423595,0.0563772,0.073137164
3327,3328,0.0237374,-0.0410735,0.0755907,0.08924377,4.49439e-15,-6.99366e-16,9.49148e-16,4.646454e-15,0.0237374,-0.0410735,0.0755907,0.08924377
3328,3329,0.0231086,-0.0407544,0.0660748,0.080998816,4.02439e-15,-1.26358e-15,-1.64172e-15,4.526322e-15,0.0231086,-0.0407544,0.0660748,0.080998816
3329,3330,0.0235453,-0.0493702,0.122453,0.13411388,5.57035e-15,-2.16305e-15,1.61615e-15,6.1902764e-15,0.0235453,-0.0493702,0.122453,0.13411388
3330,3331,0.0246873,-0.0455775,0.122601,0.13310814,6.01767e-15,-2.50358e-15,7.16146e-15,9.683325e-15,0.0246873,-0.0455775,0.122601,0.13310814
3331,3332,0.024374,-0.0455956,0.113045,0.12430697,5.13383e-15,-2.58969e-15,7.13931e-15,9.166922e-15,0.024374,-0.0455956,0.113045,0.12430697
3332,3333,0.0240151,-0.0454164,0.103547,0.11559133,3.9747e-15,-1.19639e-15,3.6716e-15,5.5416817e-15,0.0240151,-0.0454164,0.103547,0.11559133
3333,3334,0.0253508,-0.0411091,0.123001,0.13214336,4.80898e-15,-2.99755e-15,6.98835e-15,8.997146e-15,0.0253508,-0.0411091,0.123001,0.13214336
3334,3335,0.0252657,-0.0414343,0.113447,0.12339116,4.68578e-15,-1.83738e-15,6.19714e-15,7.983548e-15,0.0252657,-0.0414343,0.113447,0.12339116
3335,3336,0.0249657,-0.0415952,0.103941,0.11470474,4.54212e-15,-2.44239e-15,4.69696e-15,6.9754967e-15,0.0249657,-0.0415952,0.103941,0.11470474
3336,3337,0.0248382,-0.0416643,0.0943811,0.10611617,5.66118e-15,-1.70494e-15,2.02344e-16,5.9158026e-15,0.0248382,-0.0416643,0.0943811,0.10611617
3337,3338,0.0241219,-0.0413204,0.0850854,0.0976154,4.77691e-15,1.65589e-16,2.62835e-15,5.4547698e-15,0.0241219,-0.0413204,0.0850854,0.0976154
3338,3339,0.0258506,-0.0364,0.123437,0.13126273,5.25777e-15,-1.88212e-15,5.95065e-15,8.160684e-15,0.0258506,-0.0364,0.123437,0.13126273
3339,3340,0.0259135,-0.0368293,0.1139,0.122479044,5.45866e-15,-1.35286e-15,5.4205e-15,7.810827e-15,0.0259135,-0.0368293,0.1139,0.122479044
3340,3341,0.0258772,-0.0372161,0.104374,0.11379191,4.57427e-15,1.12873e-16,5.94163e-15,7.49931e-15,0.0258772,-0.0372161,0.104374,0.11379191
3341,3342,0.0258225,-0.0375377,0.0948415,0.10521783,3.1114e-15,-1.4051e-15,3.71199e-15,5.043212e-15,0.0258225,-0.0375377,0.0948415,0.10521783
3342,3343,0.0257086,-0.0377654,0.085301,0.09676475,3.52741e-15,-7.82476e-16,3.98414e-15,5.3785e-15,0.0257086,-0.0377654,0.085301,0.09676475
3343,3344,0.0252993,-0.0377793,0.0758405,0.08842575,3.58622e-15,-7.97639e-16,1.84659e-15,4.111824e-15,0.0252993,-0.0377793,0.0758405,0.08842575
3344,3345,0.0250595,-0.03769,0.0662805,0.080259696,4.07408e-15,-9.77861e-16,2.53831e-15,4.8987096e-15,0.0250595,-0.03769,0.0662805,0.080259696
3345,3346,0.0223273,-0.0400503,0.0565263,0.0727857,3.54125e-15,-2.54673e-15,-2.05687e-15,4.822551e-15,0.0223273,-0.0400503,0.0565263,0.0727857
3346,3347,0.0242521,-0.037141,0.056998,0.07222458,2.37573e-15,-3.30831e-15,-9.56346e-17,4.074083e-15,0.0242521,-0.037141,0.056998,0.07222458
3347,3348,0.0260618,-0.0315888,0.123872,0.13046587,3.72468e-15,-4.53791e-16,1.05064e-14,1.1156326e-14,0.0260618,-0.0315888,0.123872,0.13046587
3348,3349,0.0262883,-0.0320657,0.114349,0.1216346,3.98068e-15,-5.33179e-16,6.93666e-15,8.015444e-15,0.0262883,-0.0320657,0.114349,0.1216346
3349,3350,0.02645,-0.0325274,0.104834,0.11290616,3.91558e-15,4.20129e-16,5.50262e-15,6.7666167e-15,0.02645,-0.0325274,0.104834,0.11290616
3350,3351,0.0266681,-0.0329686,0.0953076,0.10431517,3.52706e-15,-1.17548e-15,3.04624e-15,4.8064004e-15,0.0266681,-0.0329686,0.0953076,0.10431517
3351,3352,0.0266691,-0.033364,0.085806,0.095849186,3.70812e-15,-3.34147e-16,4.19487e-15,5.608809e-15,0.0266691,-0.033364,0.085806,0.095849186
3352,3353,0.0267495,-0.0337267,0.0762463,0.08755869,4.67517e-15,6.06394e-17,4.28585e-15,6.3426653e-15,0.0267495,-0.0337267,0.0762463,0.08755869
3353,3354,0.026503,-0.0339096,0.0667627,0.07943254,3.09652e-15,-7.18624e-16,3.67056e-15,4.8557045e-15,0.026503,-0.0339096,0.0667627,0.07943254
3354,3355,0.0258928,-0.0267512,0.12434,0.12979406,3.96544e-15,4.62905e-16,7.76389e-15,8.730234e-15,0.0258928,-0.0267512,0.12434,0.12979406
3355,3356,0.0263825,-0.027244,0.114808,0.120909676,3.5478e-15,8.65752e-16,4.48551e-15,5.7841347e-15,0.0263825,-0.027244,0.114808,0.120909676
3356,3357,0.0267116,-0.0277306,0.105277,0.112097025,4.05911e-15,4.23067e-16,3.31127e-15,5.255461e-15,0.0267116,-0.0277306,0.105277,0.112097025
3357,3358,0.0269428,-0.0282017,0.095771,0.10340858,3.36918e-15,-4.17176e-16,6.12675e-15,7.004461e-15,0.0269428,-0.0282017,0.095771,0.10340858
3358,3359,0.0272845,-0.028668,0.0862706,0.0949153,3.65578e-15,-6.76734e-16,5.36036e-15,6.5235077e-15,0.0272845,-0.028668,0.0862706,0.0949153
3359,3360,0.0273728,-0.0290812,0.0767745,0.0865408,3.35942e-15,-1.05354e-15,9.22054e-15,9.869853e-15,0.0273728,-0.0290812,0.0767745,0.0865408
3360,3361,0.0275294,-0.029444,0.0673241,0.07846879,2.23772e-15,-7.01749e-16,7.27581e-15,7.644426e-15,0.0275294,-0.029444,0.0673241,0.07846879
3361,3362,0.0263175,-0.0339941,0.0573118,0.071643926,1.81362e-15,-1.73757e-15,2.64539e-15,3.647801e-15,0.0263175,-0.0339941,0.0573118,0.071643926
3362,3363,0.025588,-0.0218983,0.124797,0.12926164,2.49856e-15,6.72198e-16,6.01057e-15,6.543822e-15,0.025588,-0.0218983,0.124797,0.12926164
3363,3364,0.0261496,-0.0224012,0.115253,0.12028661,3.419e-15,-8.70083e-18,3.2702e-15,4.7311567e-15,0.0261496,-0.0224012,0.115253,0.12028661
3364,3365,0.0266807,-0.0229054,0.105715,0.111409955,4.64927e-15,-5.81148e-16,4.47388e-15,6.4783515e-15,0.0266807,-0.0229054,0.105715,0.111409955
3365,3366,0.027129,-0.0233976,0.0961983,0.102652535,3.56876e-15,-3.87943e-16,4.84984e-15,6.033862e-15,0.027129,-0.0233976,0.0961983,0.102652535
3366,3367,0.0275589,-0.0238765,0.086664,0.09402249,2.84141e-15,-4.11306e-16,3.21985e-15,4.313956e-15,0.0275589,-0.0238765,0.086664,0.09402249
3367,3368,0.0280242,-0.0243443,0.0771921,0.08565407,4.02593e-15,6.18457e-16,1.94848e-15,4.515216e-15,0.0280242,-0.0243443,0.0771921,0.08565407
3368,3369,0.0283613,-0.0247499,0.067976,0.077702366,2.47367e-15,-8.46941e-16,3.86823e-15,4.6689993e-15,0.0283613,-0.0247499,0.067976,0.077702366
3369,3370,0.0276454,-0.029786,0.0578952,0.0707342,6.57486e-16,-1.26373e-15,7.04588e-15,7.188443e-15,0.0276454,-0.029786,0.0578952,0.0707342
3370,3371,0.0245804,-0.0166712,0.134841,0.13807324,3.25845e-15,-5.00391e-18,5.69133e-15,6.5581064e-15,0.0245804,-0.0166712,0.134841,0.13807324
3371,3372,0.0253228,-0.017073,0.125289,0.1289576,3.02886e-15,1.59135e-16,7.04062e-15,7.666137e-15,0.0253228,-0.017073,0.125289,0.1289576
3372,3373,0.0259903,-0.0175681,0.115734,0.11991036,3.4879e-15,-2.18526e-16,5.75433e-15,6.732423e-15,0.0259903,-0.0175681,0.115734,0.11991036
3373,3374,0.0265898,-0.018072,0.106172,0.1109329,3.17236e-15,-6.86824e-17,5.77198e-15,6.5866785e-15,0.0265898,-0.018072,0.106172,0.1109329
3374,3375,0.0271832,-0.0185798,0.0966308,0.10208646,3.60074e-15,5.93075e-16,1.77092e-15,4.0562574e-15,0.0271832,-0.0185798,0.0966308,0.10208646
3375,3376,0.0277384,-0.0190961,0.0871015,0.09338496,3.51204e-15,4.18572e-16,3.54121e-15,5.004977e-15,0.0277384,-0.0190961,0.0871015,0.09338496
3376,3377,0.0286359,-0.0199908,0.0692466,0.07755474,2.9278e-15,-1.22357e-15,6.87905e-15,7.575649e-15,0.0286359,-0.0199908,0.0692466,0.07755474
3377,3378,0.0282491,-0.0195642,0.0777421,0.08499767,2.06904e-15,1.02544e-15,6.94972e-15,7.323323e-15,0.0282491,-0.0195642,0.0777421,0.08499767
3378,3379,0.0290233,-0.0202155,0.0621223,0.07148565,2.85811e-15,-7.62608e-16,3.63453e-15,4.686168e-15,0.0290233,-0.0202155,0.0621223,0.07148565
3379,3380,0.0293254,-0.0231432,0.0548145,0.06633412,4.10197e-15,-1.10084e-15,2.23365e-15,4.7986665e-15,0.0293254,-0.0231432,0.0548145,0.06633412
3380,3381,0.0288233,-0.0250415,0.0585466,0.06989681,3.44093e-15,-2.18605e-15,4.01161e-15,5.7194252e-15,0.0288233,-0.0250415,0.0585466,0.06989681
3381,3382,0.012701,-0.0438227,0.048942,0.06691086,4.98066e-15,-1.2022e-15,2.46677e-15,5.686582e-15,0.012701,-0.0438227,0.048942,0.06691086
3382,3383,0.013195,-0.0425992,0.0435699,0.0623469,2.59896e-15,-1.42873e-15,2.36123e-16,2.9751668e-15,0.013195,-0.0425992,0.0435699,0.0623469
3383,3384,0.0132023,-0.0411831,0.0370612,0.056955077,1.14636e-15,-2.77747e-15,1.02848e-15,3.1758859e-15,0.0132023,-0.0411831,0.0370612,0.056955077
3384,3385,0.0131875,-0.0397058,0.0305113,0.05178224,9.99615e-17,-8.85061e-16,3.03838e-16,9.41086e-16,0.0131875,-0.0397058,0.0305113,0.05178224
3385,3386,0.0132225,-0.0382907,0.0246118,0.047399927,1.42729e-15,-1.88785e-15,-1.70102e-15,2.9145504e-15,0.0132225,-0.0382907,0.0246118,0.047399927
3386,3387,0.0130442,-0.0366983,0.018551,0.043139957,2.17687e-15,-2.12683e-15,-4.40031e-15,5.3502243e-15,0.0130442,-0.0366983,0.018551,0.043139957
3387,3388,0.0128124,-0.0349644,0.0124582,0.039266698,3.07886e-15,-1.90681e-15,-4.59913e-15,5.8538278e-15,0.0128124,-0.0349644,0.0124582,0.039266698
3388,3389,0.0127627,-0.0332662,0.00732673,0.03637592,4.25128e-15,-1.92898e-15,-5.93834e-15,7.55369e-15,0.0127627,-0.0332662,0.00732673,0.03637592
3389,3390,0.0126905,-0.0306439,0.00349456,0.033351302,2.96609e-15,-2.86262e-15,-7.43788e-15,8.503785e-15,0.0126905,-0.0306439,0.00349456,0.033351302
3390,3391,0.0125936,-0.0279695,-0.000550931,0.030678906,2.29852e-15,-3.83475e-15,-9.65211e-15,1.063728e-14,0.0125936,-0.0279695,-0.000550931,0.030678906
3391,3392,0.0123967,-0.0249925,-0.00402285,0.028186636,2.07009e-15,-2.82189e-15,-4.80618e-15,5.9453937e-15,0.0123967,-0.0249925,-0.00402285,0.028186636
3392,3393,0.0121146,-0.020895,-0.00446511,0.024562204,9.11568e-16,-6.81789e-16,-3.78449e-15,3.9519813e-15,0.0121146,-0.020895,-0.00446511,0.024562204
3393,3394,0.0157406,-0.0429576,0.0507502,0.06832792,4.79706e-15,-1.53305e-17,1.01164e-15,4.902595e-15,0.0157406,-0.0429576,0.0507502,0.06832792
3394,3395,0.0175539,-0.0414041,0.0473692,0.06531677,3.52212e-15,-2.46706e-16,3.67533e-16,3.5498272e-15,0.0175539,-0.0414041,0.0473692,0.06531677
3395,3396,0.0173084,-0.0399011,0.0388931,0.058346823,3.65568e-15,-5.81048e-16,-7.51685e-16,3.7771207e-15,0.0173084,-0.0399011,0.0388931,0.058346823
3396,3397,0.0171064,-0.0385038,0.0323862,0.053141672,2.97678e-15,-8.48642e-16,-9.27014e-16,3.2312177e-15,0.0171064,-0.0385038,0.0323862,0.053141672
3397,3398,0.0174555,-0.0371317,0.0265885,0.04889178,2.32509e-15,-1.6951e-16,-4.24791e-16,2.3696465e-15,0.0174555,-0.0371317,0.0265885,0.04889178
3398,3399,0.0173325,-0.0358129,0.0197389,0.044414002,3.70102e-15,-1.25393e-15,-3.24973e-15,5.0823845e-15,0.0173325,-0.0358129,0.0197389,0.044414002
3399,3400,0.016991,-0.0342563,0.0138565,0.040671747,3.25021e-15,-1.87892e-15,-3.45372e-15,5.1012144e-15,0.016991,-0.0342563,0.0138565,0.040671747
3400,3401,0.0174137,-0.0330195,0.00834662,0.038251672,3.5611e-15,-2.90235e-15,-2.69888e-15,5.328135e-15,0.0174137,-0.0330195,0.00834662,0.038251672
3401,3402,0.0172311,-0.0304043,0.00411158,0.035188597,3.06133e-15,-3.20262e-15,-1.38957e-15,4.6432123e-15,0.0172311,-0.0304043,0.00411158,0.035188597
3402,3403,0.0171303,-0.0278327,-0.000196243,0.032682486,2.21461e-15,-3.2606e-15,-6.40288e-16,3.9932415e-15,0.0171303,-0.0278327,-0.000196243,0.032682486
3403,3404,0.0168858,-0.0250012,-0.00402398,0.030436536,1.93212e-15,-2.20129e-15,-1.99425e-16,2.9357345e-15,0.0168858,-0.0250012,-0.00402398,0.030436536
3404,3405,0.0165192,-0.020983,-0.0046469,0.027106531,1.24199e-15,-2.52187e-15,3.96935e-16,2.8390005e-15,0.0165192,-0.020983,-0.0046469,0.027106531
3405,3406,0.0214224,-0.0394512,0.0474706,0.065335855,3.57645e-15,-3.62948e-16,-5.07854e-16,3.6305153e-15,0.0214224,-0.0394512,0.0474706,0.065335855
3406,3407,0.0206617,-0.0385178,0.0393991,0.058845695,3.99682e-15,-1.08298e-15,-5.9741e-16,4.183816e-15,0.0206617,-0.0385178,0.0393991,0.058845695
3407,3408,0.0198824,-0.0376399,0.0337228,0.054307453,2.69714e-15,-9.86976e-16,-7.58917e-16,2.9706299e-15,0.0198824,-0.0376399,0.0337228,0.054307453
3408,3409,0.02359,-0.036611,0.0479391,0.064768896,3.41757e-15,-4.91295e-16,-3.52396e-16,3.4706396e-15,0.02359,-0.036611,0.0479391,0.064768896
3409,3410,0.0230328,-0.0363397,0.0387454,0.05789896,3.53159e-15,-1.34506e-15,-8.99892e-17,3.780134e-15,0.0230328,-0.0363397,0.0387454,0.05789896
3410,3411,0.0214629,-0.0360475,0.0295752,0.05133002,1.5165e-15,4.16192e-16,-1.1121e-15,1.9260722e-15,0.0214629,-0.0360475,0.0295752,0.05133002
3411,3412,0.020895,-0.0347424,0.020813,0.0455721,2.03906e-15,-2.18066e-16,-3.18758e-15,3.790249e-15,0.020895,-0.0347424,0.020813,0.0455721
3412,3413,0.0200579,-0.033794,0.015104,0.042100888,2.39891e-15,-2.26901e-15,-2.11712e-15,3.9224194e-15,0.0200579,-0.033794,0.015104,0.042100888
3413,3414,0.0244504,-0.0333984,0.029337,0.05073396,1.32889e-15,7.80202e-17,-8.2962e-16,1.568536e-15,0.0244504,-0.0333984,0.029337,0.05073396
3414,3415,0.0233793,-0.0325164,0.0205277,0.04500327,1.83709e-15,-4.37383e-16,-1.56554e-15,2.4529816e-15,0.0233793,-0.0325164,0.0205277,0.04500327
3415,3416,0.02193,-0.0323763,0.011473,0.04075266,3.73213e-15,-1.63055e-15,-3.73593e-15,5.5267223e-15,0.02193,-0.0323763,0.011473,0.04075266
3416,3417,0.021551,-0.030117,0.00498531,0.037367534,3.66832e-15,-1.94298e-15,-3.14239e-15,5.2063765e-15,0.021551,-0.030117,0.00498531,0.037367534
3417,3418,0.0216566,-0.0275286,0.000594847,0.035031214,3.41374e-15,-2.1318e-15,-7.15718e-16,4.087841e-15,0.0216566,-0.0275286,0.000594847,0.035031214
3418,3419,0.0211478,-0.0249976,-0.00365073,0.032945976,3.08018e-15,-2.02987e-15,-3.19178e-15,4.8780466e-15,0.0211478,-0.0249976,-0.00365073,0.032945976
3419,3420,0.0209188,-0.021333,-0.00466057,0.030239278,1.91965e-15,-1.0188e-15,5.71381e-16,2.2471062e-15,0.0209188,-0.021333,-0.00466057,0.030239278
3420,3421,0.0257893,-0.0338237,0.0480497,0.0641709,2.37781e-15,-1.06509e-15,2.83393e-15,3.8496174e-15,0.0257893,-0.0338237,0.0480497,0.0641709
3421,3422,0.0254043,-0.0337431,0.0386406,0.05724571,1.20773e-15,-4.95314e-16,1.8864e-15,2.2940037e-15,0.0254043,-0.0337431,0.0386406,0.05724571
3422,3423,0.027702,-0.0304271,0.0483285,0.06347325,3.00856e-15,-3.62345e-16,7.22914e-16,3.1153383e-15,0.027702,-0.0304271,0.0483285,0.06347325
3423,3424,0.0272642,-0.0306378,0.0388762,0.056509912,2.56049e-15,-2.91817e-16,1.45183e-15,2.9578837e-15,0.0272642,-0.0306378,0.0388762,0.056509912
3424,3425,0.0267053,-0.0306121,0.0295363,0.050226156,2.42668e-15,-1.10859e-15,-2.39087e-15,3.582458e-15,0.0267053,-0.0306121,0.0295363,0.050226156
3425,3426,0.0256782,-0.0298867,0.0208668,0.044587087,1.14389e-15,-2.49113e-15,3.33408e-17,2.7414094e-15,0.0256782,-0.0298867,0.0208668,0.044587087
3426,3427,0.0250872,-0.0297063,0.0124466,0.040825844,2.71092e-15,-1.65664e-15,-8.25264e-16,3.2824693e-15,0.0250872,-0.0297063,0.0124466,0.040825844
3427,3428,0.0243321,-0.0287233,0.00682601,0.038257986,1.88984e-15,-2.37393e-15,3.92723e-16,3.0596194e-15,0.0243321,-0.0287233,0.00682601,0.038257986
3428,3429,0.0289258,-0.0268191,0.0486566,0.0626373,2.8188e-15,-4.0487e-17,-1.23033e-16,2.8217744e-15,0.0289258,-0.0268191,0.0486566,0.0626373
3429,3430,0.0286995,-0.0274481,0.0392313,0.05582253,2.7816e-15,-3.97398e-16,2.36474e-16,2.8197773e-15,0.0286995,-0.0274481,0.0392313,0.05582253
3430,3431,0.0287541,-0.0278002,0.0298285,0.049893778,4.39518e-15,-1.64933e-15,-1.44578e-17,4.694476e-15,0.0287541,-0.0278002,0.0298285,0.049893778
3431,3432,0.0279268,-0.027387,0.0208838,0.04434058,2.66178e-15,-1.97781e-15,3.22789e-15,4.627751e-15,0.0279268,-0.027387,0.0208838,0.04434058
3432,3433,0.027532,-0.0272376,0.0120341,0.040555116,2.07788e-15,-2.74163e-15,2.23863e-15,4.104337e-15,0.027532,-0.0272376,0.0120341,0.040555116
3433,3434,0.0256964,-0.0257329,0.0042508,0.03661361,2.24215e-15,-1.38343e-15,-1.05445e-15,2.8377772e-15,0.0256964,-0.0257329,0.0042508,0.03661361
3434,3435,0.0239064,-0.0241166,-0.000540081,0.03396201,1.35088e-15,-5.97019e-16,-1.42781e-15,2.0542516e-15,0.0239064,-0.0241166,-0.000540081,0.03396201
3435,3436,0.0270878,-0.0216821,0.00153546,0.034730677,2.52446e-15,-5.17471e-17,-2.94182e-15,3.876839e-15,0.0270878,-0.0216821,0.00153546,0.034730677
3436,3437,0.0245699,-0.0214245,-0.00261189,0.03270338,3.17631e-15,-5.67985e-17,-1.60726e-15,3.5602607e-15,0.0245699,-0.0214245,-0.00261189,0.03270338
3437,3438,0.0296255,-0.0238666,0.0480898,0.061318133,3.05554e-15,-6.0937e-16,1.0814e-15,3.2980424e-15,0.0296255,-0.0238666,0.0480898,0.061318133
3438,3439,0.0298825,-0.0244017,0.039362,0.055116,4.30887e-15,-7.12121e-17,2.66436e-15,5.0665814e-15,0.0298825,-0.0244017,0.039362,0.055116
3439,3440,0.0299762,-0.0246654,0.0301816,0.049171977,3.34121e-15,-5.12448e-16,-9.68077e-16,3.5161712e-15,0.0299762,-0.0246654,0.0301816,0.049171977
3440,3441,0.0298665,-0.0246893,0.0211432,0.044142995,2.71994e-15,-3.97758e-16,1.69804e-15,3.2310408e-15,0.0298665,-0.0246893,0.0211432,0.044142995
3441,3442,0.0294526,-0.024578,0.0129366,0.0404832,3.16735e-15,-1.09613e-15,6.61539e-16,3.4163196e-15,0.0294526,-0.024578,0.0129366,0.0404832
3442,3443,0.0284484,-0.0241263,0.0072958,0.038008135,2.41676e-15,2.8506e-16,-3.37353e-15,4.1596505e-15,0.0284484,-0.0241263,0.0072958,0.038008135
3443,3444,0.0299013,-0.0202992,0.0484461,0.060441457,3.30401e-15,-6.08805e-16,-7.13101e-16,3.4344778e-15,0.0299013,-0.0202992,0.0484461,0.060441457
3444,3445,0.0294477,-0.0199754,0.0560943,0.066428564,1.45952e-15,1.42133e-15,2.22127e-15,3.0140367e-15,0.0294477,-0.0199754,0.0560943,0.066428564
3445,3446,0.0304031,-0.0206547,0.0396748,0.054083776,3.79513e-15,-4.39113e-16,3.66891e-15,5.2968604e-15,0.0304031,-0.0206547,0.0396748,0.054083776
3446,3447,0.0307476,-0.0209315,0.030516,0.048112042,2.57944e-15,-1.45484e-16,9.38887e-16,2.7488517e-15,0.0307476,-0.0209315,0.030516,0.048112042
3447,3448,0.0306218,-0.0210251,0.0214546,0.042895798,3.94688e-15,-1.71722e-16,1.03226e-15,4.0832477e-15,0.0306218,-0.0210251,0.0214546,0.042895798
3448,3449,0.0303876,-0.0211714,0.0130076,0.039253436,2.75642e-15,-9.39033e-16,1.71532e-16,2.9170288e-15,0.0303876,-0.0211714,0.0130076,0.039253436
3449,3450,0.0294258,-0.0213527,0.00604188,0.036855392,2.87573e-15,-6.90822e-17,-1.92255e-15,3.4598835e-15,0.0294258,-0.0213527,0.00604188,0.036855392
3450,3451,0.00525121,-0.00338441,0.327162,0.32722163,1.3878e-14,2.83306e-15,1.52045e-14,2.0779846e-14,0.00525121,-0.00338441,0.327162,0.32722163
3451,3452,0.00656115,-0.00274485,0.318004,0.31808352,1.07516e-14,4.6507e-15,1.48552e-14,1.8918322e-14,0.00656115,-0.00274485,0.318004,0.31808352
3452,3453,0.0077873,-0.00218239,0.308677,0.3087829,1.09109e-14,3.65768e-15,1.54166e-14,1.923793e-14,0.0077873,-0.00218239,0.308677,0.3087829
3453,3454,0.00903418,-0.00159093,0.299086,0.29922664,1.19648e-14,6.76063e-16,1.80613e-14,2.1675426e-14,0.00903418,-0.00159093,0.299086,0.29922664
3454,3455,0.00675029,0.000892869,0.299462,0.2995394,1.17248e-14,1.60244e-15,1.28157e-14,1.7443649e-14,0.00675029,0.000892869,0.299462,0.2995394
3455,3456,0.0102569,-0.00101529,0.28956,0.2897434,1.11235e-14,2.77321e-15,9.39936e-15,1.4824672e-14,0.0102569,-0.00101529,0.28956,0.2897434
3456,3457,0.00814365,0.00160739,0.290008,0.29012677,1.01428e-14,3.29943e-15,1.71688e-14,2.0212134e-14,0.00814365,0.00160739,0.290008,0.29012677
3457,3458,0.00590196,0.00413835,0.290478,0.2905674,1.03614e-14,1.9814e-15,1.33499e-14,1.7014829e-14,0.00590196,0.00413835,0.290478,0.2905674
3458,3459,0.0110344,-0.00437417,0.298656,0.29889178,1.18003e-14,-2.54002e-16,1.39143e-14,1.8246077e-14,0.0110344,-0.00437417,0.298656,0.29889178
3459,3460,0.012299,-0.00384403,0.289139,0.289426,1.23244e-14,-6.99855e-16,1.49875e-14,1.9416636e-14,0.012299,-0.00384403,0.289139,0.289426
3460,3461,0.00946404,0.00226568,0.280386,0.28055483,9.88503e-15,8.6072e-16,1.53319e-14,1.826258e-14,0.00946404,0.00226568,0.280386,0.28055483
3461,3462,0.00731424,0.00487719,0.280861,0.28099853,1.24745e-14,1.23631e-15,1.58155e-14,2.0180972e-14,0.00731424,0.00487719,0.280861,0.28099853
3462,3463,0.0106306,0.0028068,0.270771,0.27099413,9.28105e-15,4.0765e-15,1.7903e-14,2.0573604e-14,0.0106306,0.0028068,0.270771,0.27099413
3463,3464,0.00854871,0.00547457,0.271162,0.27135196,9.58976e-15,4.72091e-15,1.25433e-14,1.6479832e-14,0.00854871,0.00547457,0.271162,0.27135196
3464,3465,0.00988868,0.00616181,0.261482,0.26174146,1.08481e-14,1.33429e-15,9.70333e-15,1.4615614e-14,0.00988868,0.00616181,0.261482,0.26174146
3465,3466,0.00777639,0.00876102,0.261735,0.261997,1.07457e-14,4.28278e-15,1.17399e-14,1.648143e-14,0.00777639,0.00876102,0.261735,0.261997
3466,3467,0.00546946,0.0111445,0.261881,0.26217508,1.07326e-14,3.07294e-15,1.51438e-14,1.8813994e-14,0.00546946,0.0111445,0.261881,0.26217508
3467,3468,0.0110372,0.0065932,0.251894,0.25222188,1.07927e-14,3.79486e-15,1.18289e-14,1.645619e-14,0.0110372,0.0065932,0.251894,0.25222188
3468,3469,0.00910414,0.00930674,0.252265,0.25260076,1.02685e-14,4.24121e-15,1.05191e-14,1.5299719e-14,0.00910414,0.00930674,0.252265,0.25260076
3469,3470,0.00685534,0.0118671,0.252609,0.2529805,9.30105e-15,4.17401e-15,1.20675e-14,1.5797356e-14,0.00685534,0.0118671,0.252609,0.2529805
3470,3471,0.0102601,0.00984838,0.242766,0.24318221,1.13823e-14,2.78965e-15,1.13075e-14,1.6284917e-14,0.0102601,0.00984838,0.242766,0.24318221
3471,3472,0.00790949,0.0122618,0.243,0.24343769,1.07752e-14,3.99123e-15,1.20638e-14,1.6660437e-14,0.00790949,0.0122618,0.243,0.24343769
3472,3473,0.0113532,0.0103772,0.233233,0.23373963,1.01618e-14,3.01654e-15,1.4777e-14,1.8185748e-14,0.0113532,0.0103772,0.233233,0.23373963
3473,3474,0.00920178,0.0129498,0.233531,0.2340707,9.32053e-15,2.3905e-15,1.36175e-14,1.6674025e-14,0.00920178,0.0129498,0.233531,0.2340707
3474,3475,0.0105432,0.0136211,0.223998,0.22465928,8.65952e-15,4.2917e-15,1.64727e-14,1.9098582e-14,0.0105432,0.0136211,0.223998,0.22465928
3475,3476,0.00824439,0.016138,0.224326,0.2250568,7.97399e-15,4.59221e-15,1.49974e-14,1.7595309e-14,0.00824439,0.016138,0.224326,0.2250568
3476,3477,0.0115816,0.0140422,0.214291,0.21506268,8.26227e-15,2.56588e-15,1.05965e-14,1.3679717e-14,0.0115816,0.0140422,0.214291,0.21506268
3477,3478,0.0134396,-0.00344725,0.279501,0.27984515,1.03127e-14,9.27792e-16,1.59413e-14,1.9008883e-14,0.0134396,-0.00344725,0.279501,0.27984515
3478,3479,0.011377,-0.000577471,0.279862,0.28009373,1.0477e-14,1.14306e-15,1.38789e-14,1.7426932e-14,0.011377,-0.000577471,0.279862,0.28009373
3479,3480,0.0144525,-0.00299048,0.269923,0.2703262,1.08135e-14,3.66949e-15,1.33014e-14,1.7530663e-14,0.0144525,-0.00299048,0.269923,0.2703262
3480,3481,0.0125612,-0.000110492,0.270277,0.27056876,1.02973e-14,4.04197e-15,1.61541e-14,1.9578735e-14,0.0125612,-0.000110492,0.270277,0.27056876
3481,3482,0.0153316,-0.00265303,0.260323,0.26078758,9.73145e-15,9.24851e-16,1.02812e-14,1.4186597e-14,0.0153316,-0.00265303,0.260323,0.26078758
3482,3483,0.0138161,0.000347549,0.260714,0.26108006,1.06113e-14,2.28067e-15,1.3991e-14,1.770732e-14,0.0138161,0.000347549,0.260714,0.26108006
3483,3484,0.0118709,0.00333915,0.261134,0.261425,1.04659e-14,1.8196e-15,1.58817e-14,1.910692e-14,0.0118709,0.00333915,0.261134,0.261425
3484,3485,0.0146589,0.000693205,0.251056,0.25148454,1.01421e-14,2.62536e-15,1.36978e-14,1.7244839e-14,0.0146589,0.000693205,0.251056,0.25148454
3485,3486,0.0130396,0.00375379,0.251534,0.25189972,1.09379e-14,3.5297e-15,1.30809e-14,1.7412822e-14,0.0130396,0.00375379,0.251534,0.25189972
3486,3487,0.0156757,0.00109469,0.24155,0.24206059,9.16357e-15,3.06434e-16,1.37828e-14,1.6553866e-14,0.0156757,0.00109469,0.24155,0.24206059
3487,3488,0.0140134,0.0040098,0.241905,0.24234372,9.66093e-15,-2.82452e-17,1.40631e-14,1.7061803e-14,0.0140134,0.0040098,0.241905,0.24234372
3488,3489,0.0120926,0.00700339,0.242327,0.24272959,1.15129e-14,1.56343e-15,1.02912e-14,1.5520952e-14,0.0120926,0.00700339,0.242327,0.24272959
3489,3490,0.0150544,0.00443435,0.232596,0.23312485,9.14e-15,3.15541e-15,1.19459e-14,1.5368823e-14,0.0150544,0.00443435,0.232596,0.23312485
3490,3491,0.0132191,0.00745463,0.232901,0.23339494,1.09697e-14,2.54535e-15,1.06383e-14,1.5491499e-14,0.0132191,0.00745463,0.232901,0.23339494
3491,3492,0.0156982,0.00462873,0.22315,0.22374937,1.07141e-14,3.70454e-15,1.31369e-14,1.7352053e-14,0.0156982,0.00462873,0.22315,0.22374937
3492,3493,0.014262,0.00772819,0.223435,0.22402306,1.0362e-14,2.92278e-15,1.34884e-14,1.7258349e-14,0.014262,0.00772819,0.223435,0.22402306
3493,3494,0.0166077,0.00496985,0.213778,0.21447971,8.76875e-15,1.56443e-15,1.28247e-14,1.561446e-14,0.0166077,0.00496985,0.213778,0.21447971
3494,3495,0.0124788,0.0108349,0.223707,0.22431661,1.01763e-14,3.80282e-15,1.33822e-14,1.7236641e-14,0.0124788,0.0108349,0.223707,0.22431661
3495,3496,0.0152669,0.00804185,0.213963,0.21465768,7.58609e-15,5.7875e-16,1.56634e-14,1.741338e-14,0.0152669,0.00804185,0.213963,0.21465768
3496,3497,0.0134543,0.0111374,0.214095,0.21480626,7.74932e-15,9.59436e-16,1.36576e-14,1.5732212e-14,0.0134543,0.0111374,0.214095,0.21480626
3497,3498,0.0159804,-0.00607828,0.269647,0.2701885,1.07142e-14,2.59774e-15,1.51672e-14,1.8750635e-14,0.0159804,-0.00607828,0.269647,0.2701885
3498,3499,0.0165801,-0.00595542,0.260083,0.26067898,9.55857e-15,6.58668e-16,1.49226e-14,1.7733699e-14,0.0165801,-0.00595542,0.260083,0.26067898
3499,3500,0.0173264,-0.00592274,0.250637,0.25130495,9.84371e-15,6.33614e-16,1.39408e-14,1.7077646e-14,0.0173264,-0.00592274,0.250637,0.25130495
3500,3501,0.0176685,-0.00609063,0.241088,0.24181129,1.0308e-14,1.77725e-15,1.24224e-14,1.623975e-14,0.0176685,-0.00609063,0.241088,0.24181129
3501,3502,0.0179342,-0.00642136,0.231586,0.23236811,9.30284e-15,2.70638e-15,1.73439e-14,1.986651e-14,0.0179342,-0.00642136,0.231586,0.23236811
3502,3503,0.0181001,-0.00684927,0.222003,0.22284491,8.07539e-15,2.28428e-15,1.57457e-14,1.784256e-14,0.0181001,-0.00684927,0.222003,0.22284491
3503,3504,0.0160774,-0.00235998,0.250838,0.25136378,1.05133e-14,8.37577e-16,1.15262e-14,1.5623197e-14,0.0160774,-0.00235998,0.250838,0.25136378
3504,3505,0.0167015,-0.00218522,0.241325,0.24191211,1.03002e-14,3.39168e-15,1.21845e-14,1.6311335e-14,0.0167015,-0.00218522,0.241325,0.24191211
3505,3506,0.0172833,-0.00220685,0.231951,0.23260449,8.52175e-15,1.52802e-15,1.38309e-14,1.6317134e-14,0.0172833,-0.00220685,0.231951,0.23260449
3506,3507,0.017669,-0.00237451,0.222481,0.22319414,1.00443e-14,1.68998e-15,1.44732e-14,1.7697952e-14,0.017669,-0.00237451,0.222481,0.22319414
3507,3508,0.0184444,-0.00728986,0.212384,0.21330799,8.0742e-15,6.16828e-16,1.18963e-14,1.43908e-14,0.0184444,-0.00728986,0.212384,0.21330799
3508,3509,0.0163835,0.00132729,0.232267,0.2328479,8.22603e-15,3.74271e-15,1.03563e-14,1.3745122e-14,0.0163835,0.00132729,0.232267,0.2328479
3509,3510,0.0170829,0.00151525,0.222922,0.22358072,1.04958e-14,3.06075e-15,1.2672e-14,1.6736475e-14,0.0170829,0.00151525,0.222922,0.22358072
3510,3511,0.0181801,-0.00260771,0.212952,0.21374254,6.94602e-15,1.52503e-15,1.50536e-14,1.6648837e-14,0.0181801,-0.00260771,0.212952,0.21374254
3511,3512,0.0176484,0.0015565,0.213448,0.21418202,8.02071e-15,1.82883e-15,1.5961e-14,1.7956333e-14,0.0176484,0.0015565,0.213448,0.21418202
3512,3513,0.010737,0.0171951,0.205087,0.20608647,8.02578e-15,1.49503e-15,1.44079e-14,1.6560068e-14,0.010737,0.0171951,0.205087,0.20608647
3513,3514,0.00956246,0.0166879,0.214735,0.21559463,6.64116e-15,3.78795e-15,1.30448e-14,1.5120199e-14,0.00956246,0.0166879,0.214735,0.21559463
3514,3515,0.00823756,0.0193923,0.20531,0.20638826,8.65942e-15,2.38614e-15,1.34774e-14,1.6196281e-14,0.00823756,0.0193923,0.20531,0.20638826
3515,3516,0.0118787,0.017701,0.195406,0.19656534,7.0151e-15,2.16654e-15,1.51726e-14,1.6855661e-14,0.0118787,0.017701,0.195406,0.19656534
3516,3517,0.00698959,0.0222608,0.196113,0.1974961,7.21253e-15,2.43438e-15,1.16171e-14,1.3888981e-14,0.00698959,0.0222608,0.196113,0.1974961
3517,3518,0.0109686,0.0208272,0.186591,0.1880699,8.97657e-15,1.43733e-15,1.02453e-14,1.3697112e-14,0.0109686,0.0208272,0.186591,0.1880699
3518,3519,0.00958523,0.0200697,0.195716,0.19697568,6.67219e-15,2.92181e-15,1.00521e-14,1.2413694e-14,0.00958523,0.0200697,0.195716,0.19697568
3519,3520,0.00982075,0.0238797,0.177682,0.17954826,4.7758e-15,2.87233e-15,1.11723e-14,1.24851445e-14,0.00982075,0.0238797,0.177682,0.17954826
3520,3521,0.00837295,0.0233298,0.187059,0.18869409,6.47263e-15,2.32569e-15,1.07473e-14,1.2759632e-14,0.00837295,0.0233298,0.187059,0.18869409
3521,3522,0.0130319,0.0215999,0.167666,0.16955316,6.23361e-15,1.36691e-15,7.63981e-15,9.954549e-15,0.0130319,0.0215999,0.167666,0.16955316
3522,3523,0.0120801,0.0212765,0.177233,0.17891382,6.44977e-15,1.149e-15,1.11367e-14,1.29207515e-14,0.0120801,0.0212765,0.177233,0.17891382
3523,3524,0.00815719,0.0262351,0.16837,0.17059682,5.68515e-15,1.6777e-15,9.49907e-15,1.1196782e-14,0.00815719,0.0262351,0.16837,0.17059682
3524,3525,0.0161828,0.00839293,0.204512,0.20532288,6.74879e-15,5.17544e-15,9.85438e-15,1.3016918e-14,0.0161828,0.00839293,0.204512,0.20532288
3525,3526,0.0145075,0.0114199,0.204624,0.20545526,7.0719e-15,2.40463e-15,1.10418e-14,1.3330993e-14,0.0145075,0.0114199,0.204624,0.20545526
3526,3527,0.0169458,0.00870629,0.194994,0.19592248,5.46687e-15,1.55769e-15,1.2983e-14,1.4172909e-14,0.0169458,0.00870629,0.194994,0.19592248
3527,3528,0.0125959,0.014409,0.204741,0.20563354,9.04807e-15,8.74138e-16,1.42953e-14,1.69407e-14,0.0125959,0.014409,0.204741,0.20563354
3528,3529,0.0154515,0.0117127,0.195066,0.19602725,6.97922e-15,1.0652e-15,1.33928e-14,1.5139723e-14,0.0154515,0.0117127,0.195066,0.19602725
3529,3530,0.0137533,0.0148514,0.195223,0.19626956,5.40978e-15,7.05612e-16,1.47816e-14,1.5756248e-14,0.0137533,0.0148514,0.195223,0.19626956
3530,3531,0.0164046,0.0120665,0.185543,0.18665722,7.87274e-15,1.69077e-15,1.42949e-14,1.6406794e-14,0.0164046,0.0120665,0.185543,0.18665722
3531,3532,0.0148576,0.0151326,0.185809,0.18701531,7.07016e-15,1.60314e-15,1.48245e-14,1.6502213e-14,0.0148576,0.0151326,0.185809,0.18701531
3532,3533,0.0173228,0.0124111,0.176009,0.17729434,8.90726e-15,1.77353e-15,1.44309e-14,1.705097e-14,0.0173228,0.0124111,0.176009,0.17729434
3533,3534,0.012971,0.0180968,0.186136,0.18746293,7.65632e-15,1.25014e-15,1.27298e-14,1.4907377e-14,0.012971,0.0180968,0.186136,0.18746293
3534,3535,0.0160725,0.0155384,0.176449,0.17785954,8.52055e-15,2.2378e-15,9.51799e-15,1.2969181e-14,0.0160725,0.0155384,0.176449,0.17785954
3535,3536,0.0140436,0.0184858,0.176786,0.1783038,6.7838e-15,2.51467e-15,1.02299e-14,1.2529738e-14,0.0140436,0.0184858,0.176786,0.1783038
3536,3537,0.0168977,0.0158844,0.166918,0.1685214,7.58467e-15,1.43088e-15,8.72316e-15,1.1647668e-14,0.0168977,0.0158844,0.166918,0.1685214
3537,3538,0.0149616,0.0187526,0.167222,0.16893402,9.12525e-15,2.89238e-15,9.72748e-15,1.3647707e-14,0.0149616,0.0187526,0.167222,0.16893402
3538,3539,0.0177615,0.016212,0.157314,0.15914144,6.51933e-15,1.53357e-15,8.24799e-15,1.0624634e-14,0.0177615,0.016212,0.157314,0.15914144
3539,3540,0.0160148,0.0190726,0.15757,0.15952599,5.58604e-15,8.92067e-16,8.9481e-15,1.0586223e-14,0.0160148,0.0190726,0.15757,0.15952599
3540,3541,0.0141576,0.0220395,0.158015,0.16017152,7.08575e-15,1.15538e-15,9.25132e-15,1.1710238e-14,0.0141576,0.0220395,0.158015,0.16017152
3541,3542,0.0108683,0.0241504,0.168059,0.17013286,7.128e-15,1.66523e-15,7.5863e-15,1.0541979e-14,0.0108683,0.0241504,0.168059,0.17013286
3542,3543,0.012073,0.0247493,0.1585,0.16087428,7.30037e-15,2.36388e-15,7.17606e-15,1.0506149e-14,0.012073,0.0247493,0.1585,0.16087428
3543,3544,0.0172583,0.0196457,0.148041,0.15033276,5.26963e-15,1.61955e-15,9.25603e-15,1.0773394e-14,0.0172583,0.0196457,0.148041,0.15033276
3544,3545,0.0154146,0.022575,0.148418,0.15091436,5.46889e-15,1.34614e-15,1.14838e-14,1.2790563e-14,0.0154146,0.022575,0.148418,0.15091436
3545,3546,0.0131918,0.0253765,0.148811,0.1515345,4.3346e-15,8.50772e-16,1.02481e-14,1.1159575e-14,0.0131918,0.0253765,0.148811,0.1515345
3546,3547,0.0181281,0.0199313,0.138408,0.14100589,5.26151e-15,1.54048e-15,8.96522e-15,1.0508651e-14,0.0181281,0.0199313,0.138408,0.14100589
3547,3548,0.0188132,-0.00777024,0.202747,0.20376618,6.0939e-15,1.26783e-15,1.10518e-14,1.2684056e-14,0.0188132,-0.00777024,0.202747,0.20376618
3548,3549,0.0191155,-0.0082693,0.193092,0.19421202,7.29865e-15,-9.14113e-17,1.3232e-14,1.5111734e-14,0.0191155,-0.0082693,0.193092,0.19421202
3549,3550,0.0194085,-0.00874434,0.183427,0.18465811,6.20783e-15,-3.28252e-16,9.66805e-15,1.1494177e-14,0.0194085,-0.00874434,0.183427,0.18465811
3550,3551,0.0197275,-0.00913123,0.173781,0.17513534,6.72994e-15,-5.11467e-16,6.06926e-15,9.076872e-15,0.0197275,-0.00913123,0.173781,0.17513534
3551,3552,0.0207074,-0.00926658,0.164248,0.16580734,6.52589e-15,4.84939e-16,1.04634e-14,1.2341197e-14,0.0207074,-0.00926658,0.164248,0.16580734
3552,3553,0.0185973,-0.0029888,0.203342,0.20421255,6.87968e-15,-2.93294e-16,1.85529e-14,1.9789546e-14,0.0185973,-0.0029888,0.203342,0.20421255
3553,3554,0.0192588,-0.00390983,0.184071,0.18511705,7.09932e-15,1.09366e-15,7.05511e-15,1.0068317e-14,0.0192588,-0.00390983,0.184071,0.18511705
3554,3555,0.0189933,-0.00341696,0.193727,0.19468583,7.00272e-15,4.86285e-16,8.45935e-15,1.0992505e-14,0.0189933,-0.00341696,0.193727,0.19468583
3555,3556,0.0195483,-0.00440178,0.174387,0.17553443,6.1481e-15,5.13089e-16,8.81642e-15,1.0760653e-14,0.0195483,-0.00440178,0.174387,0.17553443
3556,3557,0.020199,-0.0048161,0.164726,0.16602968,6.0995e-15,8.4718e-16,1.01814e-14,1.1898845e-14,0.020199,-0.0048161,0.164726,0.16602968
3557,3558,0.0217582,-0.00910962,0.154761,0.1565483,3.93325e-15,1.85409e-15,1.0068e-14,1.0966892e-14,0.0217582,-0.00910962,0.154761,0.1565483
3558,3559,0.0210372,-0.0050658,0.155122,0.15662394,5.21151e-15,-7.61714e-16,8.8373e-15,1.02877556e-14,0.0210372,-0.0050658,0.155122,0.15662394
3559,3560,0.0225792,-0.00870096,0.145205,0.14720741,4.66039e-15,9.1012e-16,7.84673e-15,9.171626e-15,0.0225792,-0.00870096,0.145205,0.14720741
3560,3561,0.0181934,0.00145367,0.203871,0.20468633,6.1868e-15,6.72418e-16,1.23421e-14,1.3822303e-14,0.0181934,0.00145367,0.203871,0.20468633
3561,3562,0.0186426,0.00123402,0.194275,0.19517133,6.90804e-15,2.09463e-16,1.2076e-14,1.391383e-14,0.0186426,0.00123402,0.194275,0.19517133
3562,3563,0.0191499,0.000878657,0.18464,0.1856325,7.10834e-15,1.22772e-15,1.04815e-14,1.27239e-14,0.0191499,0.000878657,0.18464,0.1856325
3563,3564,0.0194412,0.000433429,0.174952,0.1760294,8.15036e-15,6.03042e-16,7.8335e-15,1.1320589e-14,0.0194412,0.000433429,0.174952,0.1760294
3564,3565,0.0198581,-5.36959e-05,0.165255,0.16644385,6.90899e-15,1.39163e-15,7.80144e-15,1.0513479e-14,0.0198581,-5.36959e-05,0.165255,0.16644385
3565,3566,0.0205208,-0.000487931,0.155608,0.15695602,6.08927e-15,1.64874e-15,6.2748e-15,8.897791e-15,0.0205208,-0.000487931,0.155608,0.15695602
3566,3567,0.0217926,-0.0050579,0.145559,0.1472682,5.42184e-15,-5.3359e-16,5.03151e-15,7.416007e-15,0.0217926,-0.0050579,0.145559,0.1472682
3567,3568,0.0213023,-0.000810877,0.146039,0.1475867,6.01483e-15,6.61469e-16,8.53154e-15,1.0459585e-14,0.0213023,-0.000810877,0.146039,0.1475867
3568,3569,0.0225493,-0.00483604,0.136144,0.13808347,4.81067e-15,5.80199e-16,5.16355e-15,7.0810608e-15,0.0225493,-0.00483604,0.136144,0.13808347
3569,3570,0.0171492,0.00515316,0.20422,0.20500356,8.20751e-15,3.89746e-15,1.45341e-14,1.7140405e-14,0.0171492,0.00515316,0.20422,0.20500356
3570,3571,0.017976,0.00532471,0.194721,0.19562146,8.21105e-15,2.15234e-15,1.13382e-14,1.4163639e-14,0.017976,0.00532471,0.194721,0.19562146
3571,3572,0.0185508,0.00524759,0.185085,0.18608634,7.70633e-15,1.82996e-15,7.74459e-15,1.1077678e-14,0.0185508,0.00524759,0.185085,0.18608634
3572,3573,0.0192584,0.00507492,0.17545,0.17657673,7.23281e-15,-3.14691e-16,9.95376e-15,1.2308124e-14,0.0192584,0.00507492,0.17545,0.17657673
3573,3574,0.0198085,0.00470915,0.165805,0.16705044,7.77911e-15,4.1073e-16,1.11619e-14,1.3611439e-14,0.0198085,0.00470915,0.165805,0.16705044
3574,3575,0.0204963,0.00430631,0.156178,0.15757604,5.95012e-15,6.94958e-16,8.81006e-15,1.0653828e-14,0.0204963,0.00430631,0.156178,0.15757604
3575,3576,0.0211662,0.00387279,0.146583,0.14815393,4.33186e-15,1.18786e-15,8.163e-15,9.317219e-15,0.0211662,0.00387279,0.146583,0.14815393
3576,3577,0.0219422,-0.00101524,0.136551,0.13830641,4.13841e-15,-1.26822e-15,6.15855e-15,7.527454e-15,0.0219422,-0.00101524,0.136551,0.13830641
3577,3578,0.0177621,0.00897961,0.185411,0.18647617,8.05848e-15,2.7398e-15,1.04011e-14,1.343981e-14,0.0177621,0.00897961,0.185411,0.18647617
3578,3579,0.0184141,0.00908534,0.175777,0.17697224,8.53684e-15,2.32861e-15,1.0769e-14,1.3938128e-14,0.0184141,0.00908534,0.175777,0.17697224
3579,3580,0.0190345,0.0090078,0.16619,0.16751885,6.74533e-15,2.59099e-15,9.95818e-15,1.2303579e-14,0.0190345,0.0090078,0.16619,0.16751885
3580,3581,0.0201753,0.0089273,0.1567,0.15824547,6.71687e-15,1.66625e-15,1.12676e-14,1.3223144e-14,0.0201753,0.0089273,0.1567,0.15824547
3581,3582,0.020806,0.00858558,0.147085,0.14879717,4.33741e-15,-6.3019e-16,1.01596e-14,1.1064707e-14,0.020806,0.00858558,0.147085,0.14879717
3582,3583,0.0217582,0.00347485,0.137029,0.1387892,3.98979e-15,3.97717e-16,9.43776e-15,1.0254165e-14,0.0217582,0.00347485,0.137029,0.1387892
3583,3584,0.0181001,0.0126837,0.166534,0.16799425,7.02755e-15,1.91286e-15,1.05137e-14,1.2789971e-14,0.0181001,0.0126837,0.166534,0.16799425
3584,3585,0.0191629,0.0129368,0.157069,0.1587616,7.30925e-15,1.62701e-15,8.72448e-15,1.1497341e-14,0.0191629,0.0129368,0.157069,0.1587616
3585,3586,0.0200421,0.0129361,0.147518,0.14943422,4.9934e-15,2.02521e-15,6.66393e-15,8.569918e-15,0.0200421,0.0129361,0.147518,0.14943422
3586,3587,0.0213178,0.00819368,0.137473,0.13935713,3.74941e-15,7.03299e-16,1.04598e-14,1.1133738e-14,0.0213178,0.00819368,0.137473,0.13935713
3587,3588,0.018661,0.0165212,0.14776,0.14984727,4.38604e-15,2.30571e-15,5.39191e-15,7.3230005e-15,0.018661,0.0165212,0.14776,0.14984727
3588,3589,0.0207681,0.012778,0.137916,0.14005503,4.4776e-15,1.8282e-15,8.2491e-15,9.5623675e-15,0.0207681,0.012778,0.137916,0.14005503
3589,3590,0.0194774,0.0166816,0.138172,0.14053166,5.20811e-15,1.97882e-15,8.19592e-15,9.910259e-15,0.0194774,0.0166816,0.138172,0.14053166
3590,3591,0.0233397,-0.0123143,0.144884,0.14726764,3.65432e-15,1.50917e-15,6.67849e-15,7.761049e-15,0.0233397,-0.0123143,0.144884,0.14726764
3591,3592,0.0242123,-0.0122324,0.135357,0.1380485,4.35998e-15,6.12205e-17,1.01022e-14,1.1003073e-14,0.0242123,-0.0122324,0.135357,0.1380485
3592,3593,0.0233593,-0.00836048,0.135764,0.13801238,4.31875e-15,5.89363e-16,5.13759e-15,6.7374906e-15,0.0233593,-0.00836048,0.135764,0.13801238
3593,3594,0.0231735,-0.0046786,0.126705,0.12889166,4.46409e-15,1.82665e-15,4.81305e-15,6.813971e-15,0.0231735,-0.0046786,0.126705,0.12889166
3594,3595,0.0226109,-0.00111518,0.127089,0.12908953,3.53334e-15,1.7475e-15,1.00502e-14,1.0795591e-14,0.0226109,-0.00111518,0.127089,0.12908953
3595,3596,0.0220589,0.00309611,0.127487,0.12941839,3.61664e-15,-1.87597e-16,7.52251e-15,8.348858e-15,0.0220589,0.00309611,0.127487,0.12941839
3596,3597,0.0232531,-0.00118573,0.117521,0.119805254,3.30108e-15,2.56448e-15,8.00668e-15,9.032199e-15,0.0232531,-0.00118573,0.117521,0.119805254
3597,3598,0.0223358,0.00275192,0.117962,0.12008953,3.27822e-15,-4.63661e-16,7.00696e-15,7.749787e-15,0.0223358,0.00275192,0.117962,0.12008953
3598,3599,0.023229,-0.0016151,0.107925,0.110408336,3.84992e-15,5.1337e-17,5.76156e-15,6.929653e-15,0.023229,-0.0016151,0.107925,0.110408336
3599,3600,0.0219616,0.00225584,0.108398,0.11062335,3.00516e-15,4.80083e-16,6.4058e-15,7.091949e-15,0.0219616,0.00225584,0.108398,0.11062335
3600,3601,0.0226477,-0.00228958,0.0981946,0.10079851,3.72833e-15,2.62366e-15,6.22255e-15,7.713894e-15,0.0226477,-0.00228958,0.0981946,0.10079851
3601,3602,0.0213273,0.0016776,0.098673,0.100965485,2.56241e-15,1.38857e-15,5.52781e-15,6.24906e-15,0.0213273,0.0016776,0.098673,0.100965485
3602,3603,0.0229194,-0.00261351,0.0884235,0.09138295,3.2204e-15,6.74131e-16,4.25103e-15,5.3755637e-15,0.0229194,-0.00261351,0.0884235,0.09138295
3603,3604,0.0224536,0.0013009,0.0800194,0.08312016,3.89218e-15,-1.82031e-15,6.72756e-15,7.982647e-15,0.0224536,0.0013009,0.0800194,0.08312016
3604,3605,0.0212493,0.00122566,0.0887998,0.09131505,4.99129e-15,7.22124e-16,4.29736e-15,6.625839e-15,0.0212493,0.00122566,0.0887998,0.09131505
3605,3606,0.0217431,0.00777538,0.127905,0.12997273,4.74445e-15,-3.9561e-16,6.25173e-15,7.858145e-15,0.0217431,0.00777538,0.127905,0.12997273
3606,3607,0.0223563,0.00739808,0.118382,0.120701425,4.76904e-15,-1.06286e-15,7.19555e-15,8.697664e-15,0.0223563,0.00739808,0.118382,0.120701425
3607,3608,0.0218934,0.00648188,0.0991265,0.101722166,4.19282e-15,2.41772e-16,6.14703e-15,7.444741e-15,0.0218934,0.00648188,0.0991265,0.101722166
3608,3609,0.0220823,0.00692413,0.108818,0.11125165,2.85284e-15,5.40013e-16,8.72617e-15,9.19654e-15,0.0220823,0.00692413,0.108818,0.11125165
3609,3610,0.0221223,0.00606408,0.0895699,0.09246045,4.71921e-15,1.08543e-15,6.97733e-15,8.49307e-15,0.0221223,0.00606408,0.0895699,0.09246045
3610,3611,0.0229905,0.00575429,0.0809598,0.08435736,4.23213e-15,5.88749e-16,5.64804e-15,7.0822246e-15,0.0229905,0.00575429,0.0809598,0.08435736
3611,3612,0.0237238,0.00183557,0.0740476,0.07777683,4.14408e-15,5.58339e-17,6.03699e-15,7.322689e-15,0.0237238,0.00183557,0.0740476,0.07777683
3612,3613,0.0216272,0.0125224,0.128385,0.13079472,7.29268e-15,2.58195e-16,6.92792e-15,1.00621034e-14,0.0216272,0.0125224,0.128385,0.13079472
3613,3614,0.0222645,0.0121692,0.118821,0.1214999,4.68226e-15,-5.7934e-16,1.21064e-14,1.2993233e-14,0.0222645,0.0121692,0.118821,0.1214999
3614,3615,0.0227958,0.011775,0.109219,0.1121922,5.38386e-15,1.37985e-15,8.40868e-15,1.0079476e-14,0.0227958,0.011775,0.109219,0.1121922
3615,3616,0.0231245,0.0113252,0.0996154,0.10288941,7.12255e-15,1.70525e-15,7.91159e-15,1.0781088e-14,0.0231245,0.0113252,0.0996154,0.10288941
3616,3617,0.0235963,0.0108872,0.0902377,0.093905054,5.36975e-15,4.9419e-16,4.79501e-15,7.215993e-15,0.0235963,0.0108872,0.0902377,0.093905054
3617,3618,0.0241831,0.0104454,0.0817933,0.08593063,5.32892e-15,1.4628e-15,6.16208e-15,8.276981e-15,0.0241831,0.0104454,0.0817933,0.08593063
3618,3619,0.024252,0.00547573,0.0743335,0.078381196,6.68055e-15,-1.58877e-15,5.08379e-15,8.543937e-15,0.024252,0.00547573,0.0743335,0.078381196
3619,3620,0.0206431,0.0167841,0.128776,0.13149564,4.94203e-15,2.35562e-16,1.03387e-14,1.1461582e-14,0.0206431,0.0167841,0.128776,0.13149564
3620,3621,0.021406,0.0166621,0.119273,0.12231881,4.35575e-15,-3.50714e-16,7.50748e-15,8.686646e-15,0.021406,0.0166621,0.119273,0.12231881
3621,3622,0.0220373,0.0164186,0.109693,0.113083005,4.58678e-15,2.53352e-15,9.25887e-15,1.0638794e-14,0.0220373,0.0164186,0.109693,0.113083005
3622,3623,0.022435,0.0160028,0.10003,0.10375654,6.31944e-15,2.40492e-15,6.56221e-15,9.422397e-15,0.022435,0.0160028,0.10003,0.10375654
3623,3624,0.0233133,0.015618,0.0906693,0.09491235,6.67558e-15,1.43617e-15,5.15623e-15,8.55644e-15,0.0233133,0.015618,0.0906693,0.09491235
3624,3625,0.0241532,0.015191,0.0819906,0.08681361,5.0478e-15,1.23572e-15,9.57425e-15,1.0893739e-14,0.0241532,0.015191,0.0819906,0.08681361
3625,3626,0.0247315,0.0100195,0.0748017,0.07941871,5.45182e-15,4.44931e-16,6.6237e-15,8.590326e-15,0.0247315,0.0100195,0.0748017,0.07941871
3626,3627,0.0192941,0.0203357,0.12915,0.1321572,6.18104e-15,-5.4836e-16,9.63756e-15,1.14624835e-14,0.0192941,0.0203357,0.12915,0.1321572
3627,3628,0.0165559,0.0228939,0.138862,0.14170703,4.55927e-15,2.32463e-15,9.16816e-15,1.049981e-14,0.0165559,0.0228939,0.138862,0.14170703
3628,3629,0.017485,0.0232467,0.129461,0.13268869,7.2903e-15,1.19302e-15,9.3457e-15,1.1912761e-14,0.017485,0.0232467,0.129461,0.13268869
3629,3630,0.0201927,0.0205507,0.119761,0.12317781,4.9442e-15,2.26472e-15,6.35138e-15,8.361465e-15,0.0201927,0.0205507,0.119761,0.12317781
3630,3631,0.0184285,0.0235967,0.120107,0.12378249,3.85225e-15,2.1479e-15,7.2781e-15,8.5102315e-15,0.0184285,0.0235967,0.120107,0.12378249
3631,3632,0.0210356,0.02058,0.110236,0.114096485,3.90547e-15,1.13589e-15,7.60419e-15,8.62361e-15,0.0210356,0.02058,0.110236,0.114096485
3632,3633,0.0191391,0.0236883,0.110468,0.11458892,4.06653e-15,2.21446e-16,7.12519e-15,8.2069505e-15,0.0191391,0.0236883,0.110468,0.11458892
3633,3634,0.0218142,0.0204166,0.100605,0.10494791,5.32202e-15,4.4171e-15,8.6447e-15,1.107093e-14,0.0218142,0.0204166,0.100605,0.10494791
3634,3635,0.0226867,0.020192,0.0910416,0.095973834,7.24494e-15,1.58621e-15,4.76761e-15,8.816763e-15,0.0226867,0.020192,0.0910416,0.095973834
3635,3636,0.0235689,0.0197949,0.0817692,0.08737009,4.3141e-15,2.33567e-15,9.45948e-15,1.06559176e-14,0.0235689,0.0197949,0.0817692,0.08737009
3636,3637,0.0247023,0.0145999,0.0743497,0.07969466,5.4414e-15,2.15933e-15,9.33963e-15,1.1022714e-14,0.0247023,0.0145999,0.0743497,0.07969466
3637,3638,0.0250333,-0.0124,0.12585,0.12891334,3.42368e-15,1.11674e-15,6.89412e-15,7.77802e-15,0.0250333,-0.0124,0.12585,0.12891334
3638,3639,0.0264474,-0.0132897,0.106682,0.110711925,4.28684e-15,1.25938e-15,7.48205e-15,8.714592e-15,0.0264474,-0.0132897,0.106682,0.110711925
3639,3640,0.0257671,-0.0127964,0.116255,0.119761914,4.2931e-15,5.90592e-16,8.91696e-15,9.9142166e-15,0.0257671,-0.0127964,0.116255,0.119761914
3640,3641,0.0270693,-0.0138188,0.097117,0.10176157,4.34607e-15,-8.29163e-17,5.30572e-15,6.858999e-15,0.0270693,-0.0138188,0.097117,0.10176157
3641,3642,0.0277424,-0.0143235,0.087592,0.092990115,3.504e-15,-1.1797e-16,7.99222e-15,8.727401e-15,0.0277424,-0.0143235,0.087592,0.092990115
3642,3643,0.0288034,-0.0152283,0.0698636,0.07708736,1.90149e-15,-7.35143e-16,5.94456e-15,6.2844165e-15,0.0288034,-0.0152283,0.0698636,0.07708736
3643,3644,0.0282941,-0.0147796,0.0782555,0.08451577,2.97196e-15,1.25853e-15,3.37668e-15,4.6710182e-15,0.0282941,-0.0147796,0.0782555,0.08451577
3644,3645,0.0240482,-0.00827494,0.126293,0.12882823,2.40736e-15,-4.28393e-16,5.53861e-15,6.054346e-15,0.0240482,-0.00827494,0.126293,0.12882823
3645,3646,0.0253314,-0.00891582,0.107085,0.110400945,3.07365e-15,1.46604e-15,4.27153e-15,5.4628352e-15,0.0253314,-0.00891582,0.107085,0.110400945
3646,3647,0.0247005,-0.00849142,0.116688,0.11957553,4.02511e-15,9.77393e-16,8.49333e-15,9.449522e-15,0.0247005,-0.00849142,0.116688,0.11957553
3647,3648,0.0262853,-0.00933291,0.0975469,0.10145648,4.04565e-15,-1.84541e-16,7.18544e-15,8.248144e-15,0.0262853,-0.00933291,0.0975469,0.10145648
3648,3649,0.0270623,-0.00971981,0.0880372,0.09261421,3.1449e-15,-2.70675e-16,6.30573e-15,7.051659e-15,0.0270623,-0.00971981,0.0880372,0.09261421
3649,3650,0.027936,-0.0100444,0.0787791,0.08418704,4.50111e-15,4.26675e-16,4.15281e-15,6.139045e-15,0.027936,-0.0100444,0.0787791,0.08418704
3650,3651,0.0285953,-0.010448,0.07005,0.07637967,4.15136e-15,-1.44825e-16,5.53304e-15,6.918764e-15,0.0285953,-0.010448,0.07005,0.07637967
3651,3652,0.0292324,-0.0155412,0.0629844,0.07115544,2.33359e-15,-9.05708e-16,4.24215e-15,4.9256253e-15,0.0292324,-0.0155412,0.0629844,0.07115544
3652,3653,0.023785,-0.00474605,0.117103,0.119588315,3.53953e-15,2.33924e-15,7.41708e-15,8.544787e-15,0.023785,-0.00474605,0.117103,0.119588315
3653,3654,0.0243487,-0.0050765,0.107518,0.110357374,2.67191e-15,-1.50263e-15,5.82911e-15,6.58601e-15,0.0243487,-0.0050765,0.107518,0.110357374
3654,3655,0.0251185,-0.00541583,0.0979605,0.101274535,3.38396e-15,-9.9901e-16,7.37707e-15,8.1774306e-15,0.0251185,-0.00541583,0.0979605,0.101274535
3655,3656,0.025944,-0.0056089,0.0884817,0.09237728,4.05093e-15,1.94279e-15,6.45419e-15,7.863907e-15,0.025944,-0.0056089,0.0884817,0.09237728
3656,3657,0.0266119,-0.00575693,0.0791047,0.083659366,4.44421e-15,9.55904e-16,4.27801e-15,6.242285e-15,0.0266119,-0.00575693,0.0791047,0.083659366
3657,3658,0.0244177,-0.00209376,0.0792241,0.082928084,3.93434e-15,-1.29887e-15,5.54277e-15,6.9201444e-15,0.0244177,-0.00209376,0.0792241,0.082928084
3658,3659,0.0279915,-0.00564341,0.0701302,0.075720645,3.39293e-15,1.75421e-15,6.92572e-15,7.909161e-15,0.0279915,-0.00564341,0.0701302,0.075720645
3659,3660,0.0291685,-0.0108555,0.0626083,0.069917396,3.44929e-15,-1.30135e-16,1.34325e-15,3.7038976e-15,0.0291685,-0.0108555,0.0626083,0.069917396
3660,3661,0.0273448,-0.00125954,0.0606695,0.06655909,3.91584e-15,3.30446e-15,6.16491e-15,8.0161945e-15,0.0273448,-0.00125954,0.0606695,0.06655909
3661,3662,0.0255932,-0.000617854,0.0700068,0.0745409,3.87549e-15,-5.90114e-16,4.66768e-15,6.0954816e-15,0.0255932,-0.000617854,0.0700068,0.0745409
3662,3663,0.0256113,0.00453327,0.0682419,0.07303045,3.29807e-15,-9.67463e-17,4.38778e-15,5.4899217e-15,0.0256113,0.00453327,0.0682419,0.07303045
3663,3664,0.0253743,0.00938908,0.0681901,0.07336143,4.52619e-15,2.87218e-15,7.50544e-15,9.223201e-15,0.0253743,0.00938908,0.0681901,0.07336143
3664,3665,0.0261751,0.00880218,0.0602592,0.06628564,3.28959e-15,1.35393e-16,6.66234e-15,7.431454e-15,0.0261751,0.00880218,0.0602592,0.06628564
3665,3666,0.0252988,0.0137155,0.068062,0.07389574,4.86145e-15,1.37879e-15,6.49562e-15,8.2296925e-15,0.0252988,0.0137155,0.068062,0.07389574
3666,3667,0.0253441,0.0168373,0.0673756,0.073927596,6.02147e-15,2.57472e-15,7.85826e-15,1.0229347e-14,0.0253441,0.0168373,0.0673756,0.073927596
3667,3668,0.0245929,0.0191761,0.0718891,0.07836183,4.577e-15,4.31949e-15,5.54615e-15,8.388487e-15,0.0245929,0.0191761,0.0718891,0.07836183
3668,3669,0.0260111,0.0133549,0.0606796,0.06735685,7.2561e-15,-3.42046e-16,6.50637e-15,9.751966e-15,0.0260111,0.0133549,0.0606796,0.06735685
3669,3670,0.024879,0.0201577,0.0624684,0.07019685,4.66245e-15,1.93511e-15,6.16948e-15,7.971548e-15,0.024879,0.0201577,0.0624684,0.07019685
3670,3671,0.0296266,-0.0157168,0.05644,0.06565232,2.23066e-15,-1.18953e-15,5.39192e-15,5.9551346e-15,0.0296266,-0.0157168,0.05644,0.06565232
3671,3672,0.0286711,-0.00611756,0.0616158,0.06823462,4.72997e-15,-7.27532e-17,3.21862e-15,5.7216627e-15,0.0286711,-0.00611756,0.0616158,0.06823462
3672,3673,0.0296116,-0.0111692,0.055738,0.0640962,4.46066e-15,-1.72368e-15,2.66053e-15,5.472384e-15,0.0296116,-0.0111692,0.055738,0.0640962
3673,3674,0.0114901,-0.0161434,-0.00468522,0.020361312,3.21662e-16,-1.67923e-15,-1.74607e-15,2.4437758e-15,0.0114901,-0.0161434,-0.00468522,0.020361312
3674,3675,0.0108924,-0.0112407,-0.00307485,0.015951565,2.19337e-15,-1.1556e-15,-2.78102e-17,2.4793258e-15,0.0108924,-0.0112407,-0.00307485,0.015951565
3675,3676,0.00959689,-0.00617644,-0.00214568,0.011612608,7.96184e-16,-1.0246e-15,-7.70857e-16,1.5092828e-15,0.00959689,-0.00617644,-0.00214568,0.011612608
3676,3677,0.00728035,-0.00214963,-0.00104125,0.0076621543,-9.89772e-16,-8.25288e-16,-7.88019e-16,1.5105373e-15,0.00728035,-0.00214963,-0.00104125,0.0076621543
3677,3678,0.00717664,0.000864306,-0.000370397,0.007237982,-3.25181e-16,1.3744e-15,-1.21572e-15,1.8635163e-15,0.00717664,0.000864306,-0.000370397,0.007237982
3678,3679,0.00909625,0.00423329,-2.39805e-05,0.010033099,-6.08974e-16,-5.41267e-16,1.65654e-15,1.846062e-15,0.00909625,0.00423329,-2.39805e-05,0.010033099
3679,3680,0.0117717,0.00865779,-0.00109913,0.014653953,-7.57378e-16,1.88439e-15,1.46536e-15,2.5043615e-15,0.0117717,0.00865779,-0.00109913,0.014653953
3680,3681,0.0124093,0.0129807,-0.00163989,0.018032707,2.23211e-16,2.99229e-15,1.72818e-15,3.462691e-15,0.0124093,0.0129807,-0.00163989,0.018032707
3681,3682,0.0162912,-0.0165155,-0.00565602,0.02387793,1.18978e-15,-1.53477e-15,-6.52374e-16,2.0485818e-15,0.0162912,-0.0165155,-0.00565602,0.02387793
3682,3683,0.0155344,-0.0118689,-0.00446326,0.020052657,1.21077e-15,-1.62599e-15,-1.12264e-15,2.3173536e-15,0.0155344,-0.0118689,-0.00446326,0.020052657
3683,3684,0.015062,-0.00715234,-0.00273981,0.016897526,7.39189e-16,-2.58538e-17,-6.63185e-16,9.934199e-16,0.015062,-0.00715234,-0.00273981,0.016897526
3684,3685,0.013426,-0.00291052,-0.00138966,0.01380796,-1.41502e-15,9.17074e-16,1.68831e-16,1.6946417e-15,0.013426,-0.00291052,-0.00138966,0.01380796
3685,3686,0.0136616,0.00121,-0.000757986,0.01373601,-7.5605e-16,3.00209e-16,-6.12135e-16,1.0180601e-15,0.0136616,0.00121,-0.000757986,0.01373601
3686,3687,0.0144672,0.00494533,-0.000356289,0.015293237,9.07651e-16,1.11561e-15,2.12014e-15,2.5619153e-15,0.0144672,0.00494533,-0.000356289,0.015293237
3687,3688,0.0162014,0.0089466,-0.00114899,0.018543117,-2.05634e-17,2.66978e-15,-8.03616e-16,2.78818e-15,0.0162014,0.0089466,-0.00114899,0.018543117
3688,3689,0.0169208,0.0134025,-0.0015775,0.02164322,2.29349e-15,2.72109e-15,1.42843e-15,3.834689e-15,0.0169208,0.0134025,-0.0015775,0.02164322
3689,3690,0.0209288,-0.0170668,-0.00569998,0.027600363,9.07504e-16,-7.98479e-16,-1.57464e-15,1.9851003e-15,0.0209288,-0.0170668,-0.00569998,0.027600363
3690,3691,0.0205163,-0.0124368,-0.00484049,0.024474945,8.59312e-17,5.11334e-16,-1.817e-15,1.8895331e-15,0.0205163,-0.0124368,-0.00484049,0.024474945
3691,3692,0.0202661,-0.00782289,-0.00336571,0.021982731,2.27424e-16,-5.308e-16,3.19465e-16,6.599456e-16,0.0202661,-0.00782289,-0.00336571,0.021982731
3692,3693,0.0197156,-0.00345791,-0.00110332,0.020046929,4.34583e-17,-9.65622e-16,8.42268e-16,1.2820803e-15,0.0197156,-0.00345791,-0.00110332,0.020046929
3693,3694,0.0185074,0.00088731,-0.000110867,0.01852899,-1.02578e-15,2.42351e-16,-9.91149e-16,1.4468362e-15,0.0185074,0.00088731,-0.000110867,0.01852899
3694,3695,0.0220894,-0.00185234,0.00261685,0.022320855,1.94286e-17,9.95115e-16,2.33944e-15,2.5423633e-15,0.0220894,-0.00185234,0.00261685,0.022320855
3695,3696,0.0218186,0.00112367,0.00395615,0.022202818,7.72051e-16,9.0452e-16,2.81813e-15,3.0587704e-15,0.0218186,0.00112367,0.00395615,0.022202818
3696,3697,0.022308,0.00505753,0.00400507,0.023222102,1.38202e-15,1.60095e-15,-6.37462e-16,2.2089313e-15,0.022308,0.00505753,0.00400507,0.023222102
3697,3698,0.018859,0.0048566,-8.92193e-05,0.019474508,1.89279e-15,1.67824e-15,1.90907e-16,2.5368463e-15,0.018859,0.0048566,-8.92193e-05,0.019474508
3698,3699,0.0232424,0.00943935,0.00420332,0.025435768,5.98116e-16,1.16593e-15,3.62218e-15,3.8519247e-15,0.0232424,0.00943935,0.00420332,0.025435768
3699,3700,0.020329,0.00898341,-0.000568121,0.022232693,1.17261e-16,2.06377e-15,3.37593e-15,3.95851e-15,0.020329,0.00898341,-0.000568121,0.022232693
3700,3701,0.0236981,0.014108,0.00470099,0.027977401,1.92964e-15,2.36733e-15,-1.34474e-15,3.3370777e-15,0.0236981,0.014108,0.00470099,0.027977401
3701,3702,0.0209654,0.0135738,-0.000376664,0.024978748,2.65493e-15,1.8296e-15,-2.60687e-15,4.146307e-15,0.0209654,0.0135738,-0.000376664,0.024978748
3702,3703,0.0249558,-0.017334,-0.00333946,0.030568145,3.55594e-16,-3.45306e-16,-1.40038e-15,1.4855125e-15,0.0249558,-0.017334,-0.00333946,0.030568145
3703,3704,0.0284341,-0.0176556,-0.001189,0.033490773,6.36083e-16,2.39004e-16,1.36642e-16,6.931057e-16,0.0284341,-0.0176556,-0.001189,0.033490773
3704,3705,0.024877,-0.0128945,-0.00346531,0.028233698,4.92164e-16,-7.7682e-16,1.52967e-15,1.784815e-15,0.024877,-0.0128945,-0.00346531,0.028233698
3705,3706,0.0247536,-0.00883385,-0.00238515,0.026390653,-4.77213e-16,-3.8591e-16,1.17922e-18,6.137265e-16,0.0247536,-0.00883385,-0.00238515,0.026390653
3706,3707,0.0293294,-0.00655706,0.0542054,0.0619793,2.4841e-15,-4.27068e-16,1.50329e-15,2.9347949e-15,0.0293294,-0.00655706,0.0542054,0.0619793
3707,3708,0.025461,-0.00237088,0.00376102,0.025846254,6.53683e-16,1.97354e-16,2.30985e-15,2.408663e-15,0.025461,-0.00237088,0.00376102,0.025846254
3708,3709,0.0252518,-0.00542178,0.000385553,0.025830172,-5.58452e-17,-7.05442e-16,1.38473e-15,1.5550705e-15,0.0252518,-0.00542178,0.000385553,0.025830172
3709,3710,0.0266855,0.00380815,0.0599778,0.06575678,3.58017e-15,8.1745e-16,5.64885e-15,6.7376067e-15,0.0266855,0.00380815,0.0599778,0.06575678
3710,3711,0.0282624,-0.00187553,0.0523129,0.059488826,2.18722e-15,5.47909e-16,6.3371e-15,6.7262895e-15,0.0282624,-0.00187553,0.0523129,0.059488826
3711,3712,0.027723,0.00313305,0.0510906,0.058211945,3.19191e-15,-3.51309e-16,4.61721e-15,5.6240853e-15,0.027723,0.00313305,0.0510906,0.058211945
3712,3713,0.0293103,-0.00239726,0.0449003,0.053673804,3.20494e-15,1.35098e-15,3.8805e-15,5.2110526e-15,0.0293103,-0.00239726,0.0449003,0.053673804
3713,3714,0.0248358,0.00110135,0.00741394,0.025942175,9.35817e-16,4.77672e-16,-6.63348e-16,1.2425597e-15,0.0248358,0.00110135,0.00741394,0.025942175
3714,3715,0.0271571,0.00817744,0.0513949,0.058701057,2.30879e-15,-6.46526e-16,6.05349e-15,6.5110097e-15,0.0271571,0.00817744,0.0513949,0.058701057
3715,3716,0.0280184,0.00765165,0.0421793,0.051212028,2.22721e-15,-1.09779e-15,5.00429e-15,5.5864593e-15,0.0280184,0.00765165,0.0421793,0.051212028
3716,3717,0.0294629,0.00355695,0.0326821,0.0441456,3.39198e-15,1.07967e-15,1.17791e-15,3.7494917e-15,0.0294629,0.00355695,0.0326821,0.0441456
3717,3718,0.0288934,0.00240111,0.0415284,0.05064782,3.11243e-15,9.98689e-16,3.05222e-15,4.472208e-15,0.0288934,0.00240111,0.0415284,0.05064782
3718,3719,0.0287423,0.00747125,0.0331372,0.04449734,1.73684e-15,1.05305e-15,4.6464e-15,5.070953e-15,0.0287423,0.00747125,0.0331372,0.04449734
3719,3720,0.0295138,0.00377152,0.0248307,0.03875374,1.77249e-15,-1.44632e-15,2.53264e-15,3.4128914e-15,0.0295138,0.00377152,0.0248307,0.03875374
3720,3721,0.025642,0.00536476,0.00857039,0.027563462,8.47106e-16,2.33988e-16,1.13856e-16,8.8617275e-16,0.025642,0.00536476,0.00857039,0.027563462
3721,3722,0.0283212,0.00113697,0.0112935,0.030511083,2.07534e-15,-1.50059e-15,-1.18611e-15,2.8223506e-15,0.0283212,0.00113697,0.0112935,0.030511083
3722,3723,0.0285635,0.00552678,0.0155987,0.033011183,1.82913e-15,1.04515e-15,3.61734e-15,4.186073e-15,0.0285635,0.00552678,0.0155987,0.033011183
3723,3724,0.0277291,0.0124736,0.042959,0.0526305,2.71209e-15,-1.557e-15,9.89729e-15,1.0379598e-14,0.0277291,0.0124736,0.042959,0.0526305
3724,3725,0.0268473,0.0129461,0.0520386,0.05996995,3.20406e-15,-1.55752e-15,8.19853e-15,8.939114e-15,0.0268473,0.0129461,0.0520386,0.05996995
3725,3726,0.0284073,0.0120074,0.0338238,0.045773376,4.14073e-16,-1.14916e-15,7.87525e-15,7.969415e-15,0.0284073,0.0120074,0.0338238,0.045773376
3726,3727,0.0289686,0.00700274,0.0244645,0.038558137,1.2369e-15,-9.66063e-16,2.94745e-15,3.3392605e-15,0.0289686,0.00700274,0.0244645,0.038558137
3727,3728,0.0285971,0.010564,0.0160423,0.0344492,1.57111e-15,4.05223e-16,5.10764e-15,5.3591584e-15,0.0285971,0.010564,0.0160423,0.0344492
3728,3729,0.0288002,0.0114202,0.02492,0.039760265,6.36339e-17,-1.83949e-15,6.24644e-15,6.5119724e-15,0.0288002,0.0114202,0.02492,0.039760265
3729,3730,0.0259115,0.009901,0.00910839,0.029195862,1.30595e-15,-5.91191e-18,3.16247e-15,3.4215138e-15,0.0259115,0.009901,0.00910839,0.029195862
3730,3731,0.0259216,0.0171205,0.0611373,0.068577036,4.84753e-15,6.47982e-16,6.2771e-15,7.957412e-15,0.0259216,0.0171205,0.0611373,0.068577036
3731,3732,0.0266002,0.0171219,0.0527125,0.06147632,3.98819e-15,-2.19573e-15,6.69176e-15,8.0936116e-15,0.0266002,0.0171219,0.0527125,0.06147632
3732,3733,0.0253752,0.0204279,0.0533244,0.06248753,4.91153e-15,3.10592e-16,6.37452e-15,8.053205e-15,0.0253752,0.0204279,0.0533244,0.06248753
3733,3734,0.0272605,0.0168647,0.0436058,0.05412041,2.29162e-15,-1.22167e-15,1.11878e-14,1.1485246e-14,0.0272605,0.0168647,0.0436058,0.05412041
3734,3735,0.0277403,0.0164353,0.0344385,0.04717683,2.22464e-15,1.20079e-15,6.63332e-15,7.098722e-15,0.0277403,0.0164353,0.0344385,0.04717683
3735,3736,0.028159,0.0153119,0.0167372,0.03615961,1.75826e-15,-1.2999e-15,2.0765e-15,3.0154718e-15,0.028159,0.0153119,0.0167372,0.03615961
3736,3737,0.0280217,0.0159073,0.0254304,0.041048303,7.95486e-16,-2.59367e-17,6.60925e-15,6.6570005e-15,0.0280217,0.0159073,0.0254304,0.041048303
3737,3738,0.0263094,0.0146298,0.0097341,0.031638082,2.60472e-15,9.3964e-16,4.36633e-15,5.1703315e-15,0.0263094,0.0146298,0.0097341,0.031638082
3738,3739,0.030136,-0.0160103,0.048639,0.059415996,3.71977e-15,1.80369e-16,-4.51521e-16,3.7514124e-15,0.030136,-0.0160103,0.048639,0.059415996
3739,3740,0.0307044,-0.0163201,0.0399196,0.052940346,3.34461e-15,1.89298e-16,2.39581e-15,4.118514e-15,0.0307044,-0.0163201,0.0399196,0.052940346
3740,3741,0.0312379,-0.0165782,0.0308102,0.046903215,2.44523e-15,-6.88313e-16,1.23325e-15,2.8237971e-15,0.0312379,-0.0165782,0.0308102,0.046903215
3741,3742,0.0315015,-0.0168028,0.0216336,0.041745555,1.3563e-15,-9.48427e-16,1.34485e-15,2.1325302e-15,0.0315015,-0.0168028,0.0216336,0.041745555
3742,3743,0.0316367,-0.0170939,0.0127199,0.038142864,2.88436e-15,-5.60774e-16,-3.94248e-15,4.9170267e-15,0.0316367,-0.0170939,0.0127199,0.038142864
3743,3744,0.0303372,-0.0173042,0.0049653,0.035276555,2.46674e-15,-8.03803e-16,-1.16414e-15,2.8436118e-15,0.0303372,-0.0173042,0.0049653,0.035276555
3744,3745,0.030082,-0.0114694,0.0483252,0.05806719,3.42224e-15,-1.89373e-15,3.79351e-15,5.4487296e-15,0.030082,-0.0114694,0.0483252,0.05806719
3745,3746,0.0306814,-0.0117684,0.0400176,0.051780805,3.06675e-15,-4.39069e-16,1.22512e-15,3.3314644e-15,0.0306814,-0.0117684,0.0400176,0.051780805
3746,3747,0.0313713,-0.0120245,0.0311613,0.045823287,2.87111e-15,1.40585e-15,2.24756e-15,3.90784e-15,0.0313713,-0.0120245,0.0311613,0.045823287
3747,3748,0.0316078,-0.0122896,0.0220847,0.040470004,2.50499e-15,3.58598e-16,3.73038e-15,4.5076938e-15,0.0316078,-0.0122896,0.0220847,0.040470004
3748,3749,0.0319859,-0.0124368,0.0130253,0.03670736,2.18337e-15,-1.00001e-16,4.1557e-15,4.695418e-15,0.0319859,-0.0124368,0.0130253,0.03670736
3749,3750,0.0283334,-0.0131163,-0.00114496,0.031243077,-1.85029e-16,-1.38089e-15,-2.15535e-16,1.4098043e-15,0.0283334,-0.0131163,-0.00114496,0.031243077
3750,3751,0.0303494,-0.0125862,0.00480946,0.033205863,7.00357e-16,2.74149e-17,7.23253e-17,7.046151e-16,0.0303494,-0.0125862,0.00480946,0.033205863
3751,3752,0.029938,-0.00691648,0.0471086,0.056243595,4.03678e-15,-1.09824e-15,1.35471e-15,4.3973813e-15,0.029938,-0.00691648,0.0471086,0.056243595
3752,3753,0.0305763,-0.0072425,0.039612,0.050561592,3.35793e-15,3.81115e-17,-9.86467e-16,3.5000378e-15,0.0305763,-0.0072425,0.039612,0.050561592
3753,3754,0.0311489,-0.00742489,0.0312725,0.044758823,4.11859e-15,2.12951e-15,2.37085e-15,5.207545e-15,0.0311489,-0.00742489,0.0312725,0.044758823
3754,3755,0.0315309,-0.00766096,0.0225087,0.039490882,1.20792e-15,4.80877e-16,2.73837e-15,3.0313338e-15,0.0315309,-0.00766096,0.0225087,0.039490882
3755,3756,0.031607,-0.00760648,0.0133738,0.0351528,2.32144e-15,-3.76383e-16,3.11392e-15,3.90221e-15,0.031607,-0.00760648,0.0133738,0.0351528
3756,3757,0.0280513,-0.00964734,-0.0011816,0.029687418,-6.3309e-17,4.31223e-16,3.10596e-16,5.3519263e-16,0.0280513,-0.00964734,-0.0011816,0.029687418
3757,3758,0.029352,-0.00754605,0.00421565,0.030598275,-5.57643e-16,-2.2989e-15,2.62595e-15,3.5343343e-15,0.029352,-0.00754605,0.00421565,0.030598275
3758,3759,0.0300493,-0.00312275,0.0384915,0.048931662,3.16449e-15,2.05901e-16,1.94761e-15,3.721502e-15,0.0300493,-0.00312275,0.0384915,0.048931662
3759,3760,0.0305893,-0.00318996,0.0311985,0.04380899,1.63516e-15,1.92719e-16,5.48193e-15,5.7238484e-15,0.0305893,-0.00318996,0.0311985,0.04380899
3760,3761,0.0304174,-0.00322958,0.0150597,0.034094617,6.91477e-16,-5.99967e-16,2.08491e-15,2.2770486e-15,0.0304174,-0.00322958,0.0150597,0.034094617
3761,3762,0.0308268,-0.00326394,0.0230248,0.038614586,1.67556e-15,-7.34307e-16,4.50421e-15,4.8615443e-15,0.0308268,-0.00326394,0.0230248,0.038614586
3762,3763,0.0291754,-0.00287735,0.00763579,0.030295024,1.24176e-15,9.14937e-16,3.32395e-15,3.6643852e-15,0.0291754,-0.00287735,0.00763579,0.030295024
3763,3764,0.0296376,-1.61888e-05,0.0371892,0.047554433,3.2294e-15,-2.3832e-16,3.66366e-15,4.889604e-15,0.0296376,-1.61888e-05,0.0371892,0.047554433
3764,3765,0.0300275,0.000420502,0.0313397,0.04340512,3.38831e-15,2.7643e-16,3.20072e-15,4.6692255e-15,0.0300275,0.000420502,0.0313397,0.04340512
3765,3766,0.0299865,0.000588236,0.0238702,0.038331747,2.019e-15,-6.23281e-16,1.74807e-15,2.7423691e-15,0.0299865,0.000588236,0.0238702,0.038331747
3766,3767,0.0295574,0.0006229,0.0170793,0.034142796,9.68819e-16,-1.10258e-15,-4.68844e-16,1.540814e-15,0.0295574,0.0006229,0.0170793,0.034142796
3767,3768,0.0292201,0.00341898,0.0190129,0.035028476,1.66338e-15,1.72726e-16,4.4873e-15,4.7887922e-15,0.0292201,0.00341898,0.0190129,0.035028476
3768,3769,0.00908385,0.0268938,0.159151,0.16166273,6.45476e-15,1.58135e-15,9.91736e-15,1.1938116e-14,0.00908385,0.0268938,0.159151,0.16166273
3769,3770,0.00890684,0.0302618,0.14568,0.14905626,4.9741e-15,8.62724e-16,6.75782e-15,8.4352886e-15,0.00890684,0.0302618,0.14568,0.14905626
3770,3771,0.0121586,0.0284229,0.139699,0.14307867,5.3757e-15,4.20164e-15,8.65129e-15,1.1018018e-14,0.0121586,0.0284229,0.139699,0.14307867
3771,3772,0.0102252,0.0283729,0.14952,0.15253133,4.92195e-15,2.30784e-15,7.88523e-15,9.577503e-15,0.0102252,0.0283729,0.14952,0.15253133
3772,3773,0.00974206,0.0305952,0.139319,0.14297119,4.38219e-15,1.46219e-15,9.07774e-15,1.0185625e-14,0.00974206,0.0305952,0.139319,0.14297119
3773,3774,0.0133273,0.028669,0.130364,0.13414285,4.46013e-15,1.38118e-15,1.21062e-14,1.297538e-14,0.0133273,0.028669,0.130364,0.13414285
3774,3775,0.0118087,0.0312325,0.121385,0.12589374,5.3563e-15,3.35814e-15,9.60842e-15,1.1501686e-14,0.0118087,0.0312325,0.121385,0.12589374
3775,3776,0.0105715,0.0308874,0.130648,0.1346651,4.77365e-15,7.73703e-17,8.94147e-15,1.0136252e-14,0.0105715,0.0308874,0.130648,0.1346651
3776,3777,0.0100438,0.0333145,0.112138,0.11741237,3.3432e-15,2.59579e-15,8.20898e-15,9.235934e-15,0.0100438,0.0333145,0.112138,0.11741237
3777,3778,0.0112998,0.0338904,0.102721,0.10875591,3.87189e-15,2.31884e-15,5.90406e-15,7.431452e-15,0.0112998,0.0338904,0.102721,0.10875591
3778,3779,0.013002,0.0317232,0.11194,0.11707252,3.58831e-15,3.48618e-15,6.61191e-15,8.291367e-15,0.013002,0.0317232,0.11194,0.11707252
3779,3780,0.0123775,0.0343165,0.0932852,0.10016463,2.93006e-15,2.13223e-15,6.86776e-15,7.765165e-15,0.0123775,0.0343165,0.0932852,0.10016463
3780,3781,0.0140842,0.0319321,0.102237,0.10802975,2.59051e-15,3.58506e-15,6.14678e-15,7.572735e-15,0.0140842,0.0319321,0.102237,0.10802975
3781,3782,0.0109084,0.0358763,0.0748587,0.08372531,2.04724e-15,2.4789e-15,3.57479e-15,4.807833e-15,0.0109084,0.0358763,0.0748587,0.08372531
3782,3783,0.0132058,0.0345721,0.083937,0.09173354,2.76621e-15,2.14461e-15,4.3224e-15,5.5618707e-15,0.0132058,0.0345721,0.083937,0.09173354
3783,3784,0.011659,0.0357673,0.0652923,0.075354606,1.8718e-15,1.64174e-15,4.74439e-15,5.3580018e-15,0.011659,0.0357673,0.0652923,0.075354606
3784,3785,0.0139691,0.0346412,0.0745866,0.08341648,1.44507e-16,7.5385e-16,3.99852e-15,4.071527e-15,0.0139691,0.0346412,0.0745866,0.08341648
3785,3786,0.0143722,0.0256741,0.13925,0.14232457,5.72781e-15,2.30084e-15,1.32624e-14,1.4628496e-14,0.0143722,0.0256741,0.13925,0.14232457
3786,3787,0.0153982,0.0259878,0.129852,0.13331921,7.07093e-15,1.82823e-15,1.25365e-14,1.4508766e-14,0.0153982,0.0259878,0.129852,0.13331921
3787,3788,0.0164565,0.0262904,0.1205,0.12442769,3.34106e-15,2.92019e-15,9.81123e-15,1.0768028e-14,0.0164565,0.0262904,0.1205,0.12442769
3788,3789,0.0143904,0.0289664,0.121025,0.12527245,5.34399e-15,4.46707e-15,1.20009e-14,1.3875682e-14,0.0143904,0.0289664,0.121025,0.12527245
3789,3790,0.0174184,0.0264593,0.110831,0.11526927,3.52569e-15,9.75147e-16,8.61968e-15,9.363776e-15,0.0174184,0.0264593,0.110831,0.11526927
3790,3791,0.0154407,0.0292874,0.111406,0.116221614,4.09739e-15,2.91728e-15,6.11899e-15,7.920932e-15,0.0154407,0.0292874,0.111406,0.116221614
3791,3792,0.0184351,0.0268132,0.10113,0.10623595,4.58324e-15,3.16138e-15,6.50238e-15,8.560453e-15,0.0184351,0.0268132,0.10113,0.10623595
3792,3793,0.016407,0.0295028,0.101682,0.10713932,4.32832e-15,4.81366e-15,7.51434e-15,9.9182146e-15,0.016407,0.0295028,0.101682,0.10713932
3793,3794,0.0194369,0.0271105,0.0915733,0.09745994,4.99955e-15,8.63934e-16,5.24014e-15,7.293898e-15,0.0194369,0.0271105,0.0915733,0.09745994
3794,3795,0.0150566,0.0320924,0.0926395,0.09919022,2.62045e-15,2.3597e-15,5.11646e-15,6.2139442e-15,0.0150566,0.0320924,0.0926395,0.09919022
3795,3796,0.0157774,0.0321693,0.0832593,0.09064161,4.10703e-15,3.8064e-15,2.23662e-15,6.0298293e-15,0.0157774,0.0321693,0.0832593,0.09064161
3796,3797,0.0173503,0.0296698,0.0920748,0.098280706,2.8208e-15,2.21098e-15,3.95952e-15,5.340706e-15,0.0173503,0.0296698,0.0920748,0.098280706
3797,3798,0.016409,0.032099,0.0738763,0.08220285,3.86189e-15,3.66982e-15,1.1871e-15,5.458111e-15,0.016409,0.032099,0.0738763,0.08220285
3798,3799,0.0181044,0.0296951,0.082695,0.089710824,4.18257e-15,2.08092e-15,4.94959e-15,6.8060677e-15,0.0181044,0.0296951,0.082695,0.089710824
3799,3800,0.0171222,0.0319539,0.0644256,0.073924825,2.27273e-15,1.47e-15,4.89839e-16,2.7506624e-15,0.0171222,0.0319539,0.0644256,0.073924825
3800,3801,0.0187706,0.0296203,0.0733241,0.08127805,4.06498e-15,2.61841e-15,5.21178e-15,7.109345e-15,0.0187706,0.0296203,0.0733241,0.08127805
3801,3802,0.0147767,0.0345035,0.0650528,0.075104654,1.46536e-15,2.07935e-16,3.20132e-15,3.5268919e-15,0.0147767,0.0345035,0.0650528,0.075104654
3802,3803,0.0200619,0.023878,0.100831,0.10554397,4.92034e-15,5.14427e-15,7.42991e-15,1.0289646e-14,0.0200619,0.023878,0.100831,0.10554397
3803,3804,0.0210505,0.0239997,0.0912683,0.09669029,5.40289e-15,2.68699e-15,4.63402e-15,7.608237e-15,0.0210505,0.0239997,0.0912683,0.09669029
3804,3805,0.0229269,0.0235851,0.0725221,0.07963262,4.01906e-15,4.44078e-15,4.69718e-15,7.611628e-15,0.0229269,0.0235851,0.0725221,0.07963262
3805,3806,0.022045,0.0238564,0.0819971,0.08819656,3.69941e-15,1.78044e-15,7.0225e-15,8.134562e-15,0.022045,0.0238564,0.0819971,0.08819656
3806,3807,0.0203883,0.0271618,0.0823611,0.0890887,5.37562e-15,2.00239e-15,6.62923e-15,8.766616e-15,0.0203883,0.0271618,0.0823611,0.0890887
3807,3808,0.0211652,0.0270665,0.0730402,0.08071823,3.36236e-15,4.50398e-15,5.83186e-15,8.099499e-15,0.0211652,0.0270665,0.0730402,0.08071823
3808,3809,0.0235614,0.0235944,0.0631096,0.07137687,4.12314e-15,2.92065e-15,5.60354e-15,7.545206e-15,0.0235614,0.0235944,0.0631096,0.07137687
3809,3810,0.0217652,0.026931,0.0636651,0.07247239,3.05299e-15,2.20729e-15,6.86251e-15,7.828597e-15,0.0217652,0.026931,0.0636651,0.07247239
3810,3811,0.019384,0.029476,0.063956,0.0730407,2.61039e-15,1.08995e-15,4.10113e-15,4.982107e-15,0.019384,0.029476,0.063956,0.0730407
3811,3812,0.0129785,0.0174411,-0.0013518,0.02178212,2.91814e-15,5.66686e-15,1.55389e-15,6.5607483e-15,0.0129785,0.0174411,-0.0013518,0.02178212
3812,3813,0.0135713,0.0247209,0.00604168,0.028841028,1.94981e-15,4.06594e-15,1.96262e-15,4.917876e-15,0.0135713,0.0247209,0.00604168,0.028841028
3813,3814,0.0132957,0.0214901,0.00108132,0.025293663,1.67505e-15,4.41433e-15,-2.63106e-16,4.7287766e-15,0.0132957,0.0214901,0.00108132,0.025293663
3814,3815,0.0138137,0.0279278,0.0110577,0.03306135,1.55729e-15,3.83236e-15,1.26857e-15,4.326824e-15,0.0138137,0.0279278,0.0110577,0.03306135
3815,3816,0.012257,0.0354084,0.0558456,0.06725117,4.08007e-15,2.39297e-15,2.11009e-15,5.1793587e-15,0.012257,0.0354084,0.0558456,0.06725117
3816,3817,0.0127319,0.0349392,0.0464892,0.0595323,3.72491e-15,3.56725e-15,3.84304e-15,6.4318884e-15,0.0127319,0.0349392,0.0464892,0.0595323
3817,3818,0.0154284,0.0341209,0.0555936,0.067029245,4.78201e-15,2.52423e-15,3.05283e-15,6.2096e-15,0.0154284,0.0341209,0.0555936,0.067029245
3818,3819,0.0128506,0.0341894,0.0372449,0.052165464,2.6066e-15,4.1533e-15,3.1324e-15,5.8186077e-15,0.0128506,0.0341894,0.0372449,0.052165464
3819,3820,0.0159456,0.0336557,0.0462204,0.059357338,3.90096e-15,1.98996e-15,1.96938e-15,4.8016544e-15,0.0159456,0.0336557,0.0462204,0.059357338
3820,3821,0.00908488,0.0354819,0.0375348,0.052443888,1.96002e-15,4.00673e-15,2.20962e-15,4.9777488e-15,0.00908488,0.0354819,0.0375348,0.052443888
3821,3822,0.0125233,0.0331574,0.0286911,0.04560072,3.09854e-15,3.85649e-15,3.23349e-15,5.91007e-15,0.0125233,0.0331574,0.0286911,0.04560072
3822,3823,0.0160161,0.0329577,0.0368405,0.05196102,2.77944e-15,1.44707e-15,4.93431e-15,5.84523e-15,0.0160161,0.0329577,0.0368405,0.05196102
3823,3824,0.0119289,0.0321569,0.0225029,0.04102128,2.35729e-15,2.24543e-15,6.06254e-16,3.3115429e-15,0.0119289,0.0321569,0.0225029,0.04102128
3824,3825,0.0155965,0.0321448,0.0276211,0.045160428,2.9104e-15,1.43708e-15,5.36284e-16,3.2898675e-15,0.0155965,0.0321448,0.0276211,0.045160428
3825,3826,0.0140521,0.0309376,0.0184515,0.038665935,1.74016e-15,3.71025e-15,2.07451e-15,4.5932238e-15,0.0140521,0.0309376,0.0184515,0.038665935
3826,3827,0.0173088,0.0177219,-0.000706823,0.02478225,2.99437e-15,2.15142e-15,8.69941e-17,3.688147e-15,0.0173088,0.0177219,-0.000706823,0.02478225
3827,3828,0.0177864,0.0239712,0.00790717,0.03087876,1.78977e-15,2.79987e-15,3.85731e-16,3.3453456e-15,0.0177864,0.0239712,0.00790717,0.03087876
3828,3829,0.0174309,0.0213165,0.00251682,0.027650747,1.29138e-15,3.44178e-15,1.05423e-15,3.8242534e-15,0.0174309,0.0213165,0.00251682,0.027650747
3829,3830,0.0179137,0.0318505,0.0551386,0.06614847,3.02366e-15,2.33784e-15,2.96045e-15,4.834489e-15,0.0179137,0.0318505,0.0551386,0.06614847
3830,3831,0.0185522,0.0316118,0.0458925,0.058733393,3.79673e-15,1.51208e-15,8.92912e-16,4.183161e-15,0.0185522,0.0316118,0.0458925,0.058733393
3831,3832,0.0201449,0.029414,0.0547052,0.0652967,2.69813e-15,1.27231e-15,3.11202e-15,4.3108408e-15,0.0201449,0.029414,0.0547052,0.0652967
3832,3833,0.0188045,0.031143,0.0365587,0.05157552,2.89186e-15,1.64241e-15,2.24082e-15,4.010192e-15,0.0188045,0.031143,0.0365587,0.05157552
3833,3834,0.0188019,0.0305133,0.0273927,0.04511023,2.65293e-15,1.12854e-15,2.18208e-15,3.615676e-15,0.0188019,0.0305133,0.0273927,0.04511023
3834,3835,0.0182555,0.0292782,0.0188292,0.039306678,2.94874e-15,3.79292e-15,2.17905e-15,5.275374e-15,0.0182555,0.0292782,0.0188292,0.039306678
3835,3836,0.0178151,0.0269756,0.0123756,0.034615263,1.85847e-15,2.93871e-15,1.79074e-15,3.9110967e-15,0.0178151,0.0269756,0.0123756,0.034615263
3836,3837,0.0209945,0.0179164,0.00106001,0.027620465,3.97579e-15,2.61727e-15,-7.6314e-16,4.8207254e-15,0.0209945,0.0179164,0.00106001,0.027620465
3837,3838,0.0233168,0.0185949,0.00658327,0.030541494,1.20986e-15,3.00943e-15,-2.33138e-15,3.9944663e-15,0.0233168,0.0185949,0.00658327,0.030541494
3838,3839,0.0241254,0.0235985,0.0538549,0.063555285,4.04499e-15,8.77043e-17,3.29769e-15,5.2196165e-15,0.0241254,0.0235985,0.0538549,0.063555285
3839,3840,0.0224432,0.0268757,0.0544201,0.064711265,3.36522e-15,1.01829e-16,5.86256e-15,6.760524e-15,0.0224432,0.0268757,0.0544201,0.064711265
3840,3841,0.0246323,0.0235866,0.0445998,0.056144636,1.85487e-15,1.85286e-15,1.19032e-15,2.879322e-15,0.0246323,0.0235866,0.0445998,0.056144636
3841,3842,0.0230581,0.0267076,0.0452008,0.057341818,2.90618e-15,-4.34392e-16,2.65749e-15,3.961923e-15,0.0230581,0.0267076,0.0452008,0.057341818
3842,3843,0.0208073,0.0292122,0.0455179,0.057949767,2.16726e-15,2.27605e-15,4.1519e-15,5.207273e-15,0.0208073,0.0292122,0.0455179,0.057949767
3843,3844,0.0250408,0.0233337,0.035435,0.049266037,3.41607e-15,2.91732e-15,3.27223e-15,5.5576775e-15,0.0250408,0.0233337,0.035435,0.049266037
3844,3845,0.023439,0.0261842,0.035898,0.050236095,2.02076e-15,2.83413e-16,5.35914e-15,5.7344728e-15,0.023439,0.0261842,0.035898,0.050236095
3845,3846,0.025298,0.0229086,0.0266001,0.04327075,1.12674e-15,1.3626e-15,3.11108e-15,3.578413e-15,0.025298,0.0229086,0.0266001,0.04327075
3846,3847,0.0206955,0.0211352,0.00316726,0.029749485,4.36691e-15,2.16099e-15,-3.59911e-15,6.0575057e-15,0.0206955,0.0211352,0.00316726,0.029749485
3847,3848,0.0224782,0.0232659,0.00934582,0.03367367,3.32661e-15,3.38648e-15,-1.59256e-15,5.0070777e-15,0.0224782,0.0232659,0.00934582,0.03367367
3848,3849,0.0212399,0.0287875,0.0362532,0.050932776,2.55255e-15,-3.78293e-17,4.50874e-15,5.1812815e-15,0.0212399,0.0287875,0.0362532,0.050932776
3849,3850,0.0213863,0.0281655,0.0272275,0.044631895,1.14387e-15,-6.18741e-16,2.86276e-15,3.1443083e-15,0.0213863,0.0281655,0.0272275,0.044631895
3850,3851,0.0213119,0.0274767,0.0190412,0.039645094,1.42945e-15,2.36126e-15,-8.31335e-17,2.761483e-15,0.0213119,0.0274767,0.0190412,0.039645094
3851,3852,0.0235834,0.0255592,0.0268124,0.043913033,1.52554e-15,2.01233e-15,2.86882e-15,3.821894e-15,0.0235834,0.0255592,0.0268124,0.043913033
3852,3853,0.0206571,0.0260868,0.0133904,0.035868365,1.65694e-15,3.45477e-15,-1.50796e-15,4.117624e-15,0.0206571,0.0260868,0.0133904,0.035868365
3853,3854,0.0235328,0.0248906,0.0181482,0.03876457,4.98558e-16,2.79799e-15,1.14269e-15,3.0631763e-15,0.0235328,0.0248906,0.0181482,0.03876457
3854,3855,0.0259077,0.0204151,0.0440952,0.055066977,1.59599e-15,1.63538e-15,6.13572e-15,6.54742e-15,0.0259077,0.0204151,0.0440952,0.055066977
3855,3856,0.02629,0.0201873,0.0349531,0.048170637,2.04401e-15,2.51329e-15,6.10912e-15,6.914908e-15,0.02629,0.0201873,0.0349531,0.048170637
3856,3857,0.026573,0.0197851,0.026073,0.042158935,1.64604e-15,-1.07206e-15,6.44811e-15,6.7406886e-15,0.026573,0.0197851,0.026073,0.042158935
3857,3858,0.0266733,0.0192951,0.017848,0.037447523,-3.93751e-16,1.42796e-15,4.91596e-15,5.134274e-15,0.0266733,0.0192951,0.017848,0.037447523
3858,3859,0.0254532,0.0186961,0.0114451,0.033591665,-7.78008e-16,1.01967e-15,-1.07124e-15,1.671101e-15,0.0254532,0.0186961,0.0114451,0.033591665
3859,3860,0.0254373,0.0223946,0.0185864,0.038652666,1.20692e-15,1.54963e-15,2.45487e-15,3.143946e-15,0.0254373,0.0223946,0.0185864,0.038652666
3860,3861,0.0249013,0.021677,0.0127859,0.035404045,5.19676e-16,9.93424e-16,2.23233e-15,2.4980495e-15,0.0249013,0.021677,0.0127859,0.035404045
3861,3862,-0.0129925,-0.0346347,0.388146,0.38990474,1.41121e-14,5.00152e-16,2.11606e-14,2.5439586e-14,-0.0129925,-0.0346347,0.388146,0.38990474
3862,3863,-0.0453161,0.00931764,0.21026,0.21528965,4.46956e-15,-3.84885e-16,5.07145e-15,6.7708722e-15,-0.0453161,0.00931764,0.21026,0.21528965
3863,3864,-0.00349339,-0.0333657,0.287517,0.28946763,9.86874e-15,1.091e-15,1.59359e-14,1.8775922e-14,-0.00349339,-0.0333657,0.287517,0.28946763
3864,3865,-0.0021191,-0.0570808,0.200082,0.20807575,5.8569e-15,-1.20178e-15,1.26329e-14,1.39763265e-14,-0.0021191,-0.0570808,0.200082,0.20807575
3865,3866,-0.0322818,0.00132787,0.156113,0.15942128,3.04623e-15,3.0486e-15,4.90726e-15,6.5310547e-15,-0.0322818,0.00132787,0.156113,0.15942128
3866,3867,-0.0185394,0.0145712,0.0314263,0.039289203,1.18557e-15,2.51375e-15,4.15678e-15,5.0003332e-15,-0.0185394,0.0145712,0.0314263,0.039289203
3867,3868,-0.0469874,-0.00259407,0.37294,0.37589732,1.10355e-14,1.47249e-15,1.9544e-14,2.249263e-14,-0.0469874,-0.00259407,0.37294,0.37589732
3868,3869,0.0140997,-0.0168101,0.0293491,0.03664356,1.88778e-15,2.90988e-16,1.32678e-15,2.3256683e-15,0.0140997,-0.0168101,0.0293491,0.03664356
3869,3870,-0.0295222,-0.00262701,0.282386,0.2839372,7.97808e-15,1.49754e-15,1.54593e-14,1.746088e-14,-0.0295222,-0.00262701,0.282386,0.2839372
3870,3871,-0.00749335,-0.016701,0.14837,0.14949492,3.42253e-15,1.27997e-15,6.37143e-15,7.3448726e-15,-0.00749335,-0.016701,0.14837,0.14949492
3871,3872,0.0057527,0.0139872,0.0406723,0.043393217,1.54962e-15,1.35489e-15,7.85614e-16,2.2032337e-15,0.0057527,0.0139872,0.0406723,0.043393217
3872,3873,-0.00337062,0.00995434,0.217709,0.21796252,7.09125e-15,2.78649e-15,1.00378e-14,1.2601897e-14,-0.00337062,0.00995434,0.217709,0.21796252
3873,3874,-0.0160972,-0.0579082,0.300293,0.30624884,1.01481e-14,-1.39644e-15,1.30175e-14,1.65647e-14,-0.0160972,-0.0579082,0.300293,0.30624884
3874,3875,-0.0199265,0.0276691,0.135789,0.14000463,3.78765e-15,2.10194e-15,8.2353e-15,9.3050855e-15,-0.0199265,0.0276691,0.135789,0.14000463
3875,3876,-0.0305885,-0.00494436,0.391425,0.3926495,9.93596e-15,1.2228e-15,1.94304e-14,2.1857699e-14,-0.0305885,-0.00494436,0.391425,0.3926495
3876,3877,-0.0120296,-0.0377292,0.438425,0.4402098,1.47309e-14,-4.69588e-16,2.21795e-14,2.6629874e-14,-0.0120296,-0.0377292,0.438425,0.4402098
3877,3878,-0.0308676,-0.0372351,0.395788,0.39873227,1.23689e-14,1.12542e-15,2.08202e-14,2.4243287e-14,-0.0308676,-0.0372351,0.395788,0.39873227
3878,3879,-0.0211399,0.0115503,0.198896,0.20034951,6.38972e-15,1.01376e-15,1.01841e-14,1.2065327e-14,-0.0211399,0.0115503,0.198896,0.20034951
3879,3880,-0.00865182,-0.00518483,0.262836,0.2630295,8.63501e-15,6.74291e-16,1.14849e-14,1.4384749e-14,-0.00865182,-0.00518483,0.262836,0.2630295
3880,3881,0.0171028,-0.0225741,0.0493992,0.05694187,1.91845e-15,6.55122e-16,6.69342e-16,2.1348663e-15,0.0171028,-0.0225741,0.0493992,0.05694187
3881,3882,0.0183756,0.00460515,0.0204081,0.027845299,8.60069e-16,1.31479e-15,1.60697e-15,2.247386e-15,0.0183756,0.00460515,0.0204081,0.027845299
3882,3883,-0.0412411,-0.00576028,0.232531,0.23623012,4.78944e-15,5.39587e-16,1.05835e-14,1.1629288e-14,-0.0412411,-0.00576028,0.232531,0.23623012
3883,3884,0.00752962,-0.0549525,0.223409,0.23019134,8.27903e-15,-3.19727e-15,1.51951e-14,1.7597043e-14,0.00752962,-0.0549525,0.223409,0.23019134
3884,3885,-0.0229585,0.0216044,0.162709,0.16573492,4.34819e-15,7.89517e-16,4.85803e-15,6.5673853e-15,-0.0229585,0.0216044,0.162709,0.16573492
3885,3886,0.00148005,-0.03497,0.164628,0.16830766,5.28948e-15,-8.72848e-16,9.03727e-15,1.0507745e-14,0.00148005,-0.03497,0.164628,0.16830766
3886,3887,-0.0403885,-0.0105575,0.307918,0.31073493,8.68188e-15,1.12315e-15,1.36789e-14,1.6240346e-14,-0.0403885,-0.0105575,0.307918,0.31073493
3887,3888,-0.0258278,0.0038212,0.0496078,0.05605899,2.49606e-16,4.08809e-16,4.57252e-15,4.5975394e-15,-0.0258278,0.0038212,0.0496078,0.05605899
3888,3889,-0.0129462,0.025546,0.0990359,0.1030937,3.50894e-15,2.26688e-15,5.79582e-15,7.144434e-15,-0.0129462,0.025546,0.0990359,0.1030937
3889,3890,-0.0124069,-0.00470398,0.0325493,0.0351499,1.17505e-15,1.20075e-15,2.48719e-15,3.0014426e-15,-0.0124069,-0.00470398,0.0325493,0.0351499
3890,3891,-0.0297404,0.00876682,0.243664,0.24562876,7.73888e-15,1.41605e-15,1.09499e-14,1.3483166e-14,-0.0297404,0.00876682,0.243664,0.24562876
3891,3892,-0.0202309,0.00552815,0.0216824,0.030165812,-4.31566e-16,1.65773e-15,3.43685e-15,3.8400853e-15,-0.0202309,0.00552815,0.0216824,0.030165812
3892,3893,-0.013267,-0.0180814,0.0214599,0.031039936,2.27243e-16,1.80949e-15,-1.1366e-15,2.1488957e-15,-0.013267,-0.0180814,0.0214599,0.031039936
3893,3894,-0.0132315,-0.0310089,0.138538,0.14258121,3.38591e-15,-6.76879e-16,8.23578e-15,8.930321e-15,-0.0132315,-0.0310089,0.138538,0.14258121
3894,3895,-0.0385822,-0.0132389,0.259839,0.26302123,8.18501e-15,7.72922e-16,1.19991e-14,1.4545453e-14,-0.0385822,-0.0132389,0.259839,0.26302123
3895,3896,-0.0425894,0.00386913,0.262361,0.26582348,7.78416e-15,1.43157e-15,9.44795e-15,1.2325027e-14,-0.0425894,0.00386913,0.262361,0.26582348
3896,3897,-0.00423787,0.0220403,0.0323157,0.039345127,1.82931e-15,2.16264e-15,1.40692e-15,3.1627221e-15,-0.00423787,0.0220403,0.0323157,0.039345127
3897,3898,-0.0301714,0.0182168,0.234577,0.23720989,7.20012e-15,1.45579e-15,1.00208e-14,1.2424874e-14,-0.0301714,0.0182168,0.234577,0.23720989
3898,3899,-0.0200859,0.0236071,0.0562481,0.06422295,7.22377e-16,1.31344e-15,3.47878e-15,3.7879894e-15,-0.0200859,0.0236071,0.0562481,0.06422295
3899,3900,-0.00176797,-0.0220705,0.0204612,0.030147858,9.97641e-16,-1.02773e-16,1.77091e-15,2.0351836e-15,-0.00176797,-0.0220705,0.0204612,0.030147858
3900,3901,0.0114127,-0.0222509,0.00972655,0.026832035,1.40764e-15,-2.096e-15,-3.36341e-15,4.2056143e-15,0.0114127,-0.0222509,0.00972655,0.026832035
3901,3902,-0.00387606,-0.0435124,0.147403,0.15374003,3.30432e-15,-1.19121e-15,8.52465e-15,9.219933e-15,-0.00387606,-0.0435124,0.147403,0.15374003
3902,3903,-0.0183525,0.0221459,0.197692,0.19977334,5.73061e-15,1.48895e-15,1.2648e-14,1.396527e-14,-0.0183525,0.0221459,0.197692,0.19977334
3903,3904,-0.0132516,0.0220348,0.0270343,0.03730939,1.29644e-15,1.5898e-15,1.17285e-15,2.3630061e-15,-0.0132516,0.0220348,0.0270343,0.03730939
3904,3905,-0.00701114,-0.0488193,0.422531,0.42539972,1.47423e-14,-1.23326e-15,2.55816e-14,2.955122e-14,-0.00701114,-0.0488193,0.422531,0.42539972
3905,3906,-0.0339263,-0.00903501,0.195926,0.19904678,4.69683e-15,3.90716e-16,9.60009e-15,1.0694606e-14,-0.0339263,-0.00903501,0.195926,0.19904678
3906,3907,0.0203203,-0.0216162,0.0166951,0.034042634,2.76645e-15,-9.22803e-16,5.4363e-17,2.9168077e-15,0.0203203,-0.0216162,0.0166951,0.034042634
3907,3908,0.0103853,-0.0403365,0.115918,0.12317415,3.86992e-15,-1.08061e-15,7.9876e-15,8.941239e-15,0.0103853,-0.0403365,0.115918,0.12317415
3908,3909,-0.0171541,-0.0229064,0.21664,0.21852198,5.71339e-15,9.43014e-16,1.09687e-14,1.2403406e-14,-0.0171541,-0.0229064,0.21664,0.21852198
3909,3910,-0.0416589,-0.0120756,0.384843,0.3872795,1.03202e-14,1.203e-15,1.91768e-14,2.1810627e-14,-0.0416589,-0.0120756,0.384843,0.3872795
3910,3911,-0.0270477,0.019103,0.0422109,0.053649444,5.8493e-16,1.68138e-15,3.93376e-15,4.3178292e-15,-0.0270477,0.019103,0.0422109,0.053649444
3911,3912,-0.00561888,-0.0119365,0.0894425,0.09041025,2.29896e-15,-1.29992e-16,4.50829e-15,5.0622916e-15,-0.00561888,-0.0119365,0.0894425,0.09041025
3912,3913,-0.027641,0.0253331,0.0730977,0.08215269,5.5486e-16,1.90588e-15,3.97069e-15,4.439215e-15,-0.027641,0.0253331,0.0730977,0.08215269
3913,3914,0.00875017,-0.0539281,0.250982,0.25685942,7.77656e-15,-7.11878e-16,1.54422e-14,1.7304427e-14,0.00875017,-0.0539281,0.250982,0.25685942
3914,3915,0.0132475,-0.0611826,0.250217,0.25792894,9.00279e-15,2.67251e-16,1.49517e-14,1.7454942e-14,0.0132475,-0.0611826,0.250217,0.25792894
3915,3916,-0.0154583,-0.0389414,0.134162,0.14055188,3.37869e-15,-1.7676e-15,6.66316e-15,7.6770865e-15,-0.0154583,-0.0389414,0.134162,0.14055188
3916,3917,-0.038649,0.0125795,0.109507,0.11680656,3.12412e-15,2.43608e-15,3.68051e-15,5.4074736e-15,-0.038649,0.0125795,0.109507,0.11680656
3917,3918,-0.0437577,-0.0109423,0.346469,0.34939268,1.05363e-14,8.09355e-16,1.65431e-14,1.9630151e-14,-0.0437577,-0.0109423,0.346469,0.34939268
3918,3919,-0.0302573,0.00194004,0.0362312,0.047243707,-5.71538e-16,-3.85516e-16,3.25173e-15,3.3240076e-15,-0.0302573,0.00194004,0.0362312,0.047243707
3919,3920,0.00174352,-0.0284493,0.0176978,0.03355018,2.06946e-15,-3.04415e-16,-1.66497e-15,2.6734732e-15,0.00174352,-0.0284493,0.0176978,0.03355018
3920,3921,-0.00168233,0.0297528,0.0352152,0.046132088,1.53043e-15,2.75486e-15,2.67082e-15,4.1309505e-15,-0.00168233,0.0297528,0.0352152,0.046132088
3921,3922,-0.0270608,-0.00617948,0.0342846,0.04411243,-3.61858e-16,4.33089e-16,1.69626e-15,1.7876817e-15,-0.0270608,-0.00617948,0.0342846,0.04411243
3922,3923,0.00233859,-0.0285979,0.21551,0.21741174,7.28817e-15,9.53047e-16,1.24866e-14,1.4489337e-14,0.00233859,-0.0285979,0.21551,0.21741174
3923,3924,-0.0278494,-0.0291665,0.231774,0.23525617,5.65443e-15,1.6216e-15,1.20408e-14,1.3400859e-14,-0.0278494,-0.0291665,0.231774,0.23525617
3924,3925,-0.00174698,-0.0578994,0.319088,0.32430318,1.33458e-14,-1.40358e-15,1.92619e-14,2.3475545e-14,-0.00174698,-0.0578994,0.319088,0.32430318
3925,3926,-0.0193397,0.0164826,0.236566,0.23792683,8.19495e-15,4.78485e-16,9.83562e-15,1.28111506e-14,-0.0193397,0.0164826,0.236566,0.23792683
3926,3927,-0.0479797,-0.00774138,0.250671,0.25533885,6.5204e-15,3.72904e-16,7.6151e-15,1.0032169e-14,-0.0479797,-0.00774138,0.250671,0.25533885
3927,3928,-0.0291532,-0.0121218,0.454374,0.4554696,1.37592e-14,2.41674e-16,2.41682e-14,2.7811434e-14,-0.0291532,-0.0121218,0.454374,0.4554696
3928,3929,-0.0142249,-0.0474592,0.402468,0.40550613,1.38055e-14,8.98576e-16,2.2658e-14,2.6547773e-14,-0.0142249,-0.0474592,0.402468,0.40550613
3929,3930,-0.0167667,-0.0238147,0.433996,0.43497217,1.38985e-14,1.23171e-15,1.86097e-14,2.3259543e-14,-0.0167667,-0.0238147,0.433996,0.43497217
3930,3931,-0.0315863,0.0102555,0.273748,0.27575505,8.12065e-15,1.9024e-15,1.19179e-14,1.4546492e-14,-0.0315863,0.0102555,0.273748,0.27575505
3931,3932,-0.00253558,-0.0536714,0.405631,0.40917423,1.49434e-14,-5.70582e-17,2.39272e-14,2.821027e-14,-0.00253558,-0.0536714,0.405631,0.40917423
3932,3933,-0.00461454,0.0187121,0.122911,0.12441282,4.3106e-15,1.25977e-15,4.38253e-15,6.274939e-15,-0.00461454,0.0187121,0.122911,0.12441282
3933,3934,-0.0343134,0.019821,0.0914144,0.0996337,1.9538e-15,1.73788e-15,3.97304e-15,4.756323e-15,-0.0343134,0.019821,0.0914144,0.0996337
3934,3935,0.00284398,-0.0602607,0.275155,0.28169084,8.90125e-15,-7.75722e-16,1.36685e-14,1.6329786e-14,0.00284398,-0.0602607,0.275155,0.28169084
3935,3936,-0.0508799,-0.00208238,0.270914,0.27565828,9.06396e-15,5.23602e-16,8.72828e-15,1.25941416e-14,-0.0508799,-0.00208238,0.270914,0.27565828
3936,3937,0.00189038,-0.0023596,0.249937,0.24995528,8.66678e-15,1.37139e-15,1.03878e-14,1.3597801e-14,0.00189038,-0.0023596,0.249937,0.24995528
3937,3938,-0.026117,-0.0235575,0.191066,0.19427627,4.20674e-15,1.43588e-16,7.60466e-15,8.691843e-15,-0.026117,-0.0235575,0.191066,0.19427627
3938,3939,-0.00106905,-0.0445663,0.384414,0.3869902,1.58676e-14,1.01488e-15,2.25058e-14,2.7555794e-14,-0.00106905,-0.0445663,0.384414,0.3869902
3939,3940,-0.0177556,-0.0016696,0.301026,0.3015538,9.08454e-15,1.42762e-15,1.45365e-14,1.720107e-14,-0.0177556,-0.0016696,0.301026,0.3015538
3940,3941,0.0106198,-0.0462285,0.103349,0.11371399,3.11992e-15,-1.33737e-15,6.41467e-15,7.257441e-15,0.0106198,-0.0462285,0.103349,0.11371399
3941,3942,-0.00954564,-0.02232,0.0452966,0.051391475,7.76774e-16,2.24621e-16,6.02835e-16,1.0085844e-15,-0.00954564,-0.02232,0.0452966,0.051391475
3942,3943,0.00476045,0.00397641,0.123404,0.12355979,3.76204e-15,8.76736e-16,5.35177e-15,6.6002315e-15,0.00476045,0.00397641,0.123404,0.12355979
3943,3944,0.00461612,-0.0369019,0.372464,0.37431604,1.58466e-14,9.55177e-16,2.27853e-14,2.7770434e-14,0.00461612,-0.0369019,0.372464,0.37431604
3944,3945,-0.0432777,-0.0212718,0.259209,0.2636565,7.54071e-15,5.96794e-16,9.20436e-15,1.1913803e-14,-0.0432777,-0.0212718,0.259209,0.2636565
3945,3946,0.0106208,-0.0444804,0.148344,0.15523289,4.07796e-15,-4.82348e-16,7.26631e-15,8.346358e-15,0.0106208,-0.0444804,0.148344,0.15523289
3946,3947,-0.0342135,-0.0099798,0.129606,0.13441679,2.76487e-15,1.22017e-15,5.72811e-15,6.476462e-15,-0.0342135,-0.0099798,0.129606,0.13441679
3947,3948,-0.026237,-0.0103972,0.465593,0.46644756,1.2685e-14,9.87847e-17,2.7444e-14,3.0233957e-14,-0.026237,-0.0103972,0.465593,0.46644756
3948,3949,-0.026971,0.0177596,0.251971,0.25403193,8.07875e-15,1.90536e-15,9.89157e-15,1.2912775e-14,-0.026971,0.0177596,0.251971,0.25403193
3949,3950,-0.0236787,-0.0385862,0.455486,0.45773035,1.37849e-14,-2.40556e-15,2.54602e-14,2.9052227e-14,-0.0236787,-0.0385862,0.455486,0.45773035
3950,3951,-0.0485135,0.0075265,0.247265,0.25209162,5.85414e-15,2.71651e-15,8.69814e-15,1.0830882e-14,-0.0485135,0.0075265,0.247265,0.25209162
3951,3952,0.00705525,-0.0616131,0.324775,0.33064294,1.37369e-14,-1.70703e-15,1.91124e-14,2.3598734e-14,0.00705525,-0.0616131,0.324775,0.33064294
3952,3953,-0.0414031,0.0104987,0.0877209,0.09756739,1.82973e-15,1.76664e-15,3.8278e-15,4.595757e-15,-0.0414031,0.0104987,0.0877209,0.09756739
3953,3954,-0.0438149,-0.00444264,0.154641,0.16078968,3.23708e-15,1.70908e-15,4.98097e-15,6.1814e-15,-0.0438149,-0.00444264,0.154641,0.16078968
3954,3955,-0.0542037,0.00482034,0.239997,0.24608909,4.805e-15,2.79849e-15,8.57797e-15,1.022258e-14,-0.0542037,0.00482034,0.239997,0.24608909
3955,3956,0.00154271,-0.0303363,0.0956177,0.100326546,2.44009e-15,-7.01481e-17,3.07708e-15,3.9277706e-15,0.00154271,-0.0303363,0.0956177,0.100326546
3956,3957,0.0138952,-0.0336541,0.156412,0.16059387,5.39715e-15,-5.9036e-16,6.42435e-15,8.411303e-15,0.0138952,-0.0336541,0.156412,0.16059387
3957,3958,-0.0245311,-0.0264343,0.298648,0.3008175,9.58188e-15,1.0419e-15,1.46519e-14,1.753785e-14,-0.0245311,-0.0264343,0.298648,0.3008175
3958,3959,-0.0103729,0.0289411,0.0451067,0.054587536,7.25349e-16,1.79442e-15,2.55735e-16,1.9522998e-15,-0.0103729,0.0289411,0.0451067,0.054587536
3959,3960,0.0228087,-0.0243545,0.0279875,0.043550875,2.18156e-15,7.14708e-16,-9.96183e-16,2.502477e-15,0.0228087,-0.0243545,0.0279875,0.043550875
3960,3961,0.0138967,0.00431659,0.0492242,0.05133004,1.88178e-15,-1.4767e-15,6.02732e-15,6.4846225e-15,0.0138967,0.00431659,0.0492242,0.05133004
3961,3962,-0.0121895,-0.0488368,0.437347,0.44023404,1.3654e-14,-1.86689e-15,2.68638e-14,3.0192395e-14,-0.0121895,-0.0488368,0.437347,0.44023404
3962,3963,0.0141806,-0.0257315,0.224893,0.22680402,8.69787e-15,2.42516e-16,1.24263e-14,1.5169862e-14,0.0141806,-0.0257315,0.224893,0.22680402
3963,3964,0.000749366,-0.0437259,0.120581,0.1282665,3.08437e-15,-6.27194e-16,6.51777e-15,7.2379575e-15,0.000749366,-0.0437259,0.120581,0.1282665
3964,3965,-0.0323097,-0.0330105,0.219323,0.22413431,5.23932e-15,-3.94279e-16,9.34276e-15,1.0718819e-14,-0.0323097,-0.0330105,0.219323,0.22413431
3965,3966,-0.0366867,-0.0235541,0.349487,0.3521958,1.14021e-14,7.41119e-16,2.11548e-14,2.4043352e-14,-0.0366867,-0.0235541,0.349487,0.3521958
3966,3967,-0.00626291,0.0128759,0.184696,0.18525018,6.40243e-15,1.09151e-15,9.08607e-15,1.1168669e-14,-0.00626291,0.0128759,0.184696,0.18525018
3967,3968,-0.0097978,-0.0626818,0.317856,0.32412568,1.15153e-14,-8.40712e-16,1.52037e-14,1.9090872e-14,-0.0097978,-0.0626818,0.317856,0.32412568
3968,3969,-0.0147747,0.026327,0.167009,0.16971567,3.33168e-15,3.18994e-15,8.35503e-15,9.5437066e-15,-0.0147747,0.026327,0.167009,0.16971567
3969,3970,0.00381981,-0.0141914,0.327116,0.32744598,1.35325e-14,1.73328e-15,1.70181e-14,2.181166e-14,0.00381981,-0.0141914,0.327116,0.32744598
3970,3971,-0.0395415,0.0131191,0.176862,0.18170252,3.25487e-15,1.24315e-15,5.006e-15,6.0991505e-15,-0.0395415,0.0131191,0.176862,0.18170252
3971,3972,-0.0220278,-0.0252769,0.45103,0.45227447,1.33751e-14,-1.1837e-15,2.20799e-14,2.5842143e-14,-0.0220278,-0.0252769,0.45103,0.45227447
3972,3973,-0.0501413,0.00836789,0.264215,0.26906085,7.58138e-15,1.93634e-15,1.1625e-14,1.4013115e-14,-0.0501413,0.00836789,0.264215,0.26906085
3973,3974,-0.00616617,-0.0273787,0.352157,0.3532735,1.39072e-14,1.08553e-15,1.77188e-14,2.2550931e-14,-0.00616617,-0.0273787,0.352157,0.3532735
3974,3975,-0.022835,0.0152103,0.0227286,0.035628356,2.00587e-16,1.45809e-15,2.93654e-15,3.2847419e-15,-0.022835,0.0152103,0.0227286,0.035628356
3975,3976,-0.00818537,0.00540662,0.0223366,0.024395809,1.30411e-15,1.40296e-15,9.02541e-16,2.1174466e-15,-0.00818537,0.00540662,0.0223366,0.024395809
3976,3977,-0.0051,-0.0473059,0.134066,0.14225875,3.31311e-15,-2.31204e-15,9.07924e-15,9.937546e-15,-0.0051,-0.0473059,0.134066,0.14225875
3977,3978,0.0043149,-0.0636329,0.226622,0.23542577,8.30894e-15,-2.83451e-15,1.45178e-14,1.6965833e-14,0.0043149,-0.0636329,0.226622,0.23542577
3978,3979,0.00679099,-0.0296649,0.0667439,0.07335443,1.46545e-15,-1.9021e-16,2.81973e-15,3.1834886e-15,0.00679099,-0.0296649,0.0667439,0.07335443
3979,3980,0.0101646,-0.0529898,0.141512,0.1514493,4.89012e-15,-7.90507e-16,7.48846e-15,8.978597e-15,0.0101646,-0.0529898,0.141512,0.1514493
3980,3981,-0.0098339,-0.0428806,0.4578,0.459909,1.42813e-14,-2.64455e-15,2.43523e-14,2.8354607e-14,-0.0098339,-0.0428806,0.4578,0.459909
3981,3982,-0.0492267,-0.00243296,0.222768,0.22815514,4.51245e-15,7.4918e-17,6.99954e-15,8.328348e-15,-0.0492267,-0.00243296,0.222768,0.22815514
3982,3983,-0.0394509,-0.027247,0.248197,0.25278553,7.47374e-15,-3.68113e-16,8.71279e-15,1.1484991e-14,-0.0394509,-0.027247,0.248197,0.25278553
3983,3984,-0.0431226,-0.0120473,0.403915,0.406389,1.19594e-14,2.02411e-15,1.80582e-14,2.1753686e-14,-0.0431226,-0.0120473,0.403915,0.406389
3984,3985,0.0010516,0.0231085,0.0997743,0.10242079,3.21395e-15,2.73867e-15,4.96082e-15,6.514562e-15,0.0010516,0.0231085,0.0997743,0.10242079
3985,3986,-0.0125086,-0.0246998,0.454187,0.45503008,1.41762e-14,-1.9907e-15,2.09018e-14,2.5334024e-14,-0.0125086,-0.0246998,0.454187,0.45503008
3986,3987,-0.0311287,-0.0127063,0.423404,0.42473686,1.26322e-14,1.55925e-15,1.85635e-14,2.2507937e-14,-0.0311287,-0.0127063,0.423404,0.42473686
3987,3988,-0.0262254,-0.00592149,0.412069,0.41294515,1.29886e-14,2.05012e-15,1.65946e-14,2.11728e-14,-0.0262254,-0.00592149,0.412069,0.41294515
3988,3989,-0.013835,-0.0391732,0.155202,0.16066614,3.46886e-15,-5.57924e-16,8.00882e-15,8.745597e-15,-0.013835,-0.0391732,0.155202,0.16066614
3989,3990,-0.0447298,-0.00182033,0.191688,0.19684602,3.04421e-15,-4.32097e-16,7.28598e-15,7.908187e-15,-0.0447298,-0.00182033,0.191688,0.19684602
3990,3991,-0.0460121,-0.00727042,0.173765,0.17990066,3.37491e-15,1.33058e-15,6.39898e-15,7.355773e-15,-0.0460121,-0.00727042,0.173765,0.17990066
3991,3992,-0.019418,-0.0199601,0.044265,0.052295834,6.96494e-16,1.089e-15,8.89115e-16,1.5689329e-15,-0.019418,-0.0199601,0.044265,0.052295834
3992,3993,-0.036334,0.00728794,0.0651361,0.07493988,1.08825e-15,-3.34725e-16,3.1866e-15,3.3838956e-15,-0.036334,0.00728794,0.0651361,0.07493988
3993,3994,-0.00692424,-0.0566721,0.218345,0.2256861,7.27523e-15,-2.67774e-15,9.4339e-15,1.22105585e-14,-0.00692424,-0.0566721,0.218345,0.2256861
3994,3995,-0.00381276,-0.058108,0.371309,0.37584767,1.43381e-14,8.80711e-16,2.22572e-14,2.6490371e-14,-0.00381276,-0.058108,0.371309,0.37584767
3995,3996,-0.0328565,-0.0249382,0.377506,0.37975284,1.07233e-14,-3.49356e-16,1.78699e-14,2.0843333e-14,-0.0328565,-0.0249382,0.377506,0.37975284
3996,3997,0.0134195,0.00516238,0.115598,0.116488755,3.19144e-15,1.43225e-15,6.82232e-15,7.666856e-15,0.0134195,0.00516238,0.115598,0.116488755
3997,3998,0.00274948,-0.00455451,0.269409,0.2694615,9.15103e-15,1.13705e-15,1.41193e-14,1.6863831e-14,0.00274948,-0.00455451,0.269409,0.2694615
3998,3999,0.000700287,0.0264338,0.120049,0.1229268,2.89151e-15,2.89857e-15,7.06892e-15,8.1689755e-15,0.000700287,0.0264338,0.120049,0.1229268
3999,4000,-0.0252659,0.00147574,0.323178,0.3241675,1.07652e-14,2.32868e-15,1.66095e-14,1.992957e-14,-0.0252659,0.00147574,0.323178,0.3241675
4000,4001,-0.00811743,0.00538985,0.268254,0.26843092,8.11349e-15,1.77971e-15,1.26327e-14,1.5118903e-14,-0.00811743,0.00538985,0.268254,0.26843092
4001,4002,0.00328251,0.00946883,0.194169,0.19442745,6.20867e-15,2.07629e-15,9.43097e-15,1.1480495e-14,0.00328251,0.00946883,0.194169,0.19442745
4002,4003,-0.0130589,-0.0399645,0.240887,0.24452862,7.27396e-15,-1.59108e-15,1.27822e-14,1.4792792e-14,-0.0130589,-0.0399645,0.240887,0.24452862
4003,4004,-0.00773072,-0.0423269,0.185377,0.19030492,6.93047e-15,7.71888e-17,8.65884e-15,1.1091117e-14,-0.00773072,-0.0423269,0.185377,0.19030492
4004,4005,-0.0106782,-0.0140589,0.341873,0.34232852,1.23458e-14,1.08223e-15,1.59299e-14,2.0182955e-14,-0.0106782,-0.0140589,0.341873,0.34232852
4005,4006,-0.0188014,-0.0465475,0.228337,0.2337904,6.76821e-15,-1.39499e-15,1.04577e-14,1.2534678e-14,-0.0188014,-0.0465475,0.228337,0.2337904
4006,4007,0.0102499,-0.0573498,0.1975,0.20591336,7.12268e-15,-1.32176e-15,1.18335e-14,1.3874845e-14,0.0102499,-0.0573498,0.1975,0.20591336
4007,4008,0.00458113,-0.0399439,0.0900912,0.0986556,1.95628e-15,1.4026e-16,4.11469e-15,4.558221e-15,0.00458113,-0.0399439,0.0900912,0.0986556
4008,4009,0.0151041,-0.0534894,0.184691,0.19287306,6.69333e-15,3.4376e-17,8.9709e-15,1.1192805e-14,0.0151041,-0.0534894,0.184691,0.19287306
4009,4010,-0.0116284,-0.0473707,0.171704,0.1784978,5.16411e-15,-7.38211e-16,9.23647e-15,1.0607798e-14,-0.0116284,-0.0473707,0.171704,0.1784978
4010,4011,-0.00637609,-0.00102366,0.286117,0.28618985,9.41091e-15,2.72509e-16,1.3676e-14,1.6603387e-14,-0.00637609,-0.00102366,0.286117,0.28618985
4011,4012,-0.0112316,-0.0547689,0.418016,0.42173824,1.53169e-14,-2.53649e-15,2.60991e-14,3.0367815e-14,-0.0112316,-0.0547689,0.418016,0.42173824
4012,4013,-0.0402616,-0.0172198,0.222829,0.22709091,3.75834e-15,-9.12643e-16,1.00351e-14,1.0754593e-14,-0.0402616,-0.0172198,0.222829,0.22709091
4013,4014,-0.0404655,-0.00187498,0.399905,0.40195146,1.1179e-14,1.05108e-15,1.79214e-14,2.1148319e-14,-0.0404655,-0.00187498,0.399905,0.40195146
4014,4015,-0.0451544,0.0166611,0.191276,0.19723849,3.05304e-15,1.02607e-15,4.38506e-15,5.4408293e-15,-0.0451544,0.0166611,0.191276,0.19723849
4015,4016,-0.0537246,-0.00269498,0.250408,0.2561206,5.81808e-15,8.33968e-16,9.88227e-15,1.1498035e-14,-0.0537246,-0.00269498,0.250408,0.2561206
4016,4017,-0.0241063,0.0297634,0.167815,0.17213032,3.88108e-15,2.15178e-15,6.46392e-15,7.840612e-15,-0.0241063,0.0297634,0.167815,0.17213032
4017,4018,-0.0469269,-0.012845,0.288422,0.2924968,7.4993e-15,1.03046e-15,9.8523e-15,1.2424539e-14,-0.0469269,-0.012845,0.288422,0.2924968
4018,4019,-0.0448511,-0.0209589,0.340802,0.34437904,8.60187e-15,1.13573e-16,1.82201e-14,2.0148874e-14,-0.0448511,-0.0209589,0.340802,0.34437904
4019,4020,-0.0185169,0.00537837,0.316624,0.31721058,1.03281e-14,1.26248e-15,1.6019e-14,1.910162e-14,-0.0185169,0.00537837,0.316624,0.31721058
4020,4021,-0.000312432,-0.050215,0.16095,0.16860175,5.27298e-15,-6.94372e-16,8.92856e-15,1.0392577e-14,-0.000312432,-0.050215,0.16095,0.16860175
4021,4022,0.0194351,-0.00759644,0.0210133,0.029613981,1.05603e-15,3.74212e-16,7.83654e-16,1.3672409e-15,0.0194351,-0.00759644,0.0210133,0.029613981
4022,4023,-0.0117121,0.00402436,0.297305,0.2975628,9.39913e-15,-1.7026e-16,1.59879e-14,1.8546849e-14,-0.0117121,0.00402436,0.297305,0.2975628
4023,4024,-0.0401969,-0.015633,0.13529,0.14199847,2.91406e-15,-2.85417e-16,5.64244e-15,6.3569124e-15,-0.0401969,-0.015633,0.13529,0.14199847
4024,4025,-0.0266392,-0.0183879,0.0532711,0.06233436,7.52126e-16,1.60368e-15,1.60019e-15,2.3870674e-15,-0.0266392,-0.0183879,0.0532711,0.06233436
4025,4026,-0.0193988,-0.0390241,0.348527,0.35124105,1.39912e-14,-8.43355e-17,1.96089e-14,2.408879e-14,-0.0193988,-0.0390241,0.348527,0.35124105
4026,4027,-0.0289615,0.00105009,0.376122,0.3772368,9.5011e-15,1.20868e-15,1.64578e-14,1.904182e-14,-0.0289615,0.00105009,0.376122,0.3772368
4027,4028,-0.0258511,-0.0392572,0.228257,0.23304649,6.20328e-15,5.97262e-16,1.25231e-14,1.3988046e-14,-0.0258511,-0.0392572,0.228257,0.23304649
4028,4029,-0.0223432,-0.0333963,0.164217,0.16906139,3.90146e-15,1.13245e-15,6.65714e-15,7.798804e-15,-0.0223432,-0.0333963,0.164217,0.16906139
4029,4030,-0.00420782,-0.0651068,0.300352,0.30735636,1.17202e-14,-2.59657e-15,1.61593e-14,2.0130282e-14,-0.00420782,-0.0651068,0.300352,0.30735636
4030,4031,-0.0407068,-0.0250285,0.385964,0.3889109,1.09762e-14,-1.06697e-15,2.05813e-14,2.3349632e-14,-0.0407068,-0.0250285,0.385964,0.3889109
4031,4032,-0.0267399,-0.0161179,0.158724,0.16176562,4.1249e-15,1.98146e-15,8.98275e-15,1.0081209e-14,-0.0267399,-0.0161179,0.158724,0.16176562
4032,4033,-0.0443752,-0.0198137,0.315583,0.31930295,9.4683e-15,9.28364e-16,1.27798e-14,1.5932165e-14,-0.0443752,-0.0198137,0.315583,0.31930295
4033,4034,-0.0378556,-0.0154659,0.455426,0.45725822,1.42729e-14,2.43597e-16,2.35104e-14,2.7504798e-14,-0.0378556,-0.0154659,0.455426,0.45725822
4034,4035,-0.0131408,-0.053615,0.382355,0.38631928,1.41408e-14,1.89178e-15,1.89551e-14,2.3724183e-14,-0.0131408,-0.053615,0.382355,0.38631928
4035,4036,0.0018667,-0.0457918,0.401163,0.40377238,1.50146e-14,1.49449e-16,2.20401e-14,2.666883e-14,0.0018667,-0.0457918,0.401163,0.40377238
4036,4037,-0.00910867,-0.0582096,0.235515,0.24277282,6.24552e-15,-1.47229e-15,1.43845e-14,1.575081e-14,-0.00910867,-0.0582096,0.235515,0.24277282
4037,4038,0.00776131,0.0137542,0.138673,0.13956939,3.92691e-15,2.94172e-15,7.56189e-15,9.01424e-15,0.00776131,0.0137542,0.138673,0.13956939
4038,4039,-0.0116738,-0.0469405,0.269457,0.27376407,8.29048e-15,-1.37603e-15,1.34842e-14,1.5888649e-14,-0.0116738,-0.0469405,0.269457,0.27376407
4039,4040,-0.0225559,-0.0437398,0.394337,0.39739603,1.37172e-14,1.05664e-15,1.90741e-14,2.3518063e-14,-0.0225559,-0.0437398,0.394337,0.39739603
4040,4041,-0.0366963,0.0179147,0.207885,0.2118578,5.45581e-15,2.05682e-15,7.62939e-15,9.602289e-15,-0.0366963,0.0179147,0.207885,0.2118578
4041,4042,-0.0435791,-0.0121692,0.193232,0.19845864,3.89501e-15,-3.28615e-16,8.55665e-15,9.407196e-15,-0.0435791,-0.0121692,0.193232,0.19845864
4042,4043,-0.00240308,0.0256044,0.0644301,0.06937289,1.45406e-15,1.97524e-15,2.6151e-15,3.585333e-15,-0.00240308,0.0256044,0.0644301,0.06937289
4043,4044,-0.0302137,-0.0299827,0.451147,0.45315057,1.30641e-14,-1.81573e-15,2.5403e-14,2.8623066e-14,-0.0302137,-0.0299827,0.451147,0.45315057
4044,4045,-0.00806639,-0.022601,0.427527,0.42819998,1.33642e-14,2.34328e-15,2.05885e-14,2.4657232e-14,-0.00806639,-0.022601,0.427527,0.42819998
4045,4046,-0.0394843,0.0142271,0.274914,0.27809912,7.41383e-15,1.37545e-15,1.29793e-14,1.5010628e-14,-0.0394843,0.0142271,0.274914,0.27809912
4046,4047,-0.0187648,-0.0549115,0.374919,0.37938324,1.37388e-14,6.90452e-16,1.98037e-14,2.4112609e-14,-0.0187648,-0.0549115,0.374919,0.37938324
4047,4048,-0.0224405,0.00925719,0.284991,0.28602296,8.987e-15,1.77078e-15,1.49113e-14,1.7499963e-14,-0.0224405,0.00925719,0.284991,0.28602296
4048,4049,-0.007368,-0.0531921,0.431393,0.43472245,1.47035e-14,-1.98629e-15,2.61353e-14,3.0053156e-14,-0.007368,-0.0531921,0.431393,0.43472245
4049,4050,-0.00399093,0.0213322,0.146923,0.1485172,4.48255e-15,1.9411e-15,6.70363e-15,8.294563e-15,-0.00399093,0.0213322,0.146923,0.1485172
4050,4051,-0.0248581,0.0159321,0.269993,0.27160263,7.24885e-15,1.95288e-15,1.30448e-14,1.5050793e-14,-0.0248581,0.0159321,0.269993,0.27160263
4051,4052,-0.0466004,0.0134715,0.228196,0.23329486,6.67144e-15,4.84496e-16,9.4648e-15,1.1589879e-14,-0.0466004,0.0134715,0.228196,0.23329486
4052,4053,-0.00470606,-0.0115379,0.304453,0.30470788,1.00194e-14,1.27217e-15,1.66665e-14,1.9487919e-14,-0.00470606,-0.0115379,0.304453,0.30470788
4053,4054,-0.00981376,-0.0542527,0.343672,0.34806624,1.38373e-14,-5.3174e-16,1.80393e-14,2.2741371e-14,-0.00981376,-0.0542527,0.343672,0.34806624
4054,4055,-0.0303573,0.0218177,0.184121,0.18787792,4.15534e-15,1.85591e-15,6.32453e-15,7.791722e-15,-0.0303573,0.0218177,0.184121,0.18787792
4055,4056,-0.00483944,-0.0404324,0.443782,0.44564635,1.49379e-14,2.4709e-16,2.45038e-14,2.8699096e-14,-0.00483944,-0.0404324,0.443782,0.44564635
4056,4057,-0.0165967,-0.0411212,0.458012,0.46015367,1.36368e-14,-2.86178e-15,2.23067e-14,2.630097e-14,-0.0165967,-0.0411212,0.458012,0.46015367
4057,4058,0.0202244,-0.0138961,0.058107,0.06307576,2.08907e-15,-1.91397e-17,4.2911e-15,4.7726427e-15,0.0202244,-0.0138961,0.058107,0.06307576
4058,4059,-0.0131334,-0.0567374,0.264081,0.2704263,8.00764e-15,-1.15604e-15,1.45836e-14,1.6677533e-14,-0.0131334,-0.0567374,0.264081,0.2704263
4059,4060,0.0106801,0.0205997,0.101293,0.10391671,3.25265e-15,2.22425e-15,7.16452e-15,8.176635e-15,0.0106801,0.0205997,0.101293,0.10391671
4060,4061,0.0081809,-0.052735,0.338878,0.34305423,1.27045e-14,-2.43564e-16,2.08706e-14,2.4434517e-14,0.0081809,-0.052735,0.338878,0.34305423
4061,4062,0.0121584,-0.0288088,0.242543,0.24455036,7.28401e-15,5.95308e-16,1.50906e-14,1.6767153e-14,0.0121584,-0.0288088,0.242543,0.24455036
4062,4063,-0.000797943,0.0153979,0.206591,0.20716557,7.24219e-15,2.78751e-15,1.13269e-14,1.3730193e-14,-0.000797943,0.0153979,0.206591,0.20716557
4063,4064,0.00383872,-0.0488175,0.132354,0.14112218,4.10276e-15,-1.49105e-15,6.22035e-15,7.599252e-15,0.00383872,-0.0488175,0.132354,0.14112218
4064,4065,0.00992094,-0.0242023,0.176615,0.1785414,5.5964e-15,-1.59271e-16,1.13309e-14,1.26386066e-14,0.00992094,-0.0242023,0.176615,0.1785414
4065,4066,-0.0546929,-0.00219052,0.296451,0.30146194,8.09264e-15,2.13709e-15,1.40063e-14,1.631669e-14,-0.0546929,-0.00219052,0.296451,0.30146194
4066,4067,-0.0502074,-0.00366631,0.338504,0.3422268,1.04267e-14,1.48028e-15,1.56553e-14,1.8867849e-14,-0.0502074,-0.00366631,0.338504,0.3422268
4067,4068,0.0155678,-0.0490947,0.132042,0.14173122,4.96816e-15,-3.41168e-16,7.38775e-15,8.909425e-15,0.0155678,-0.0490947,0.132042,0.14173122
4068,4069,0.00667778,0.0254689,0.0497387,0.05627785,2.18982e-15,8.49707e-16,1.30502e-15,2.6870786e-15,0.00667778,0.0254689,0.0497387,0.05627785
4069,4070,-0.0443135,0.015174,0.144373,0.1517811,2.14061e-15,3.47629e-15,4.86406e-15,6.350266e-15,-0.0443135,0.015174,0.144373,0.1517811
4070,4071,-0.00722582,-0.0619529,0.28234,0.28914744,9.70601e-15,-1.43609e-15,1.46035e-14,1.75935e-14,-0.00722582,-0.0619529,0.28234,0.28914744
4071,4072,-0.0238752,-0.0397132,0.257245,0.26138505,8.30958e-15,-3.06127e-16,1.3011e-14,1.5441145e-14,-0.0238752,-0.0397132,0.257245,0.26138505
4072,4073,0.000983478,-0.00633609,0.309111,0.3091775,1.00168e-14,1.76488e-15,1.58721e-14,1.8851382e-14,0.000983478,-0.00633609,0.309111,0.3091775
4073,4074,-0.0120368,-0.06047,0.373631,0.37868407,1.39129e-14,1.02149e-15,1.95591e-14,2.4024375e-14,-0.0120368,-0.06047,0.373631,0.37868407
4074,4075,-0.044401,-0.00550453,0.127962,0.13555819,2.93953e-15,1.29195e-15,5.05986e-15,5.992675e-15,-0.044401,-0.00550453,0.127962,0.13555819
4075,4076,-0.0215931,-0.00803804,0.35743,0.35817185,1.15304e-14,2.13455e-15,1.72374e-14,2.0847888e-14,-0.0215931,-0.00803804,0.35743,0.35817185
4076,4077,0.0032507,-0.0535118,0.398095,0.40168858,1.54138e-14,-2.14406e-16,2.28958e-14,2.760161e-14,0.0032507,-0.0535118,0.398095,0.40168858
4077,4078,0.00355822,-0.037617,0.316636,0.3188825,1.22221e-14,8.37333e-16,1.55629e-14,1.9806178e-14,0.00355822,-0.037617,0.316636,0.3188825
4078,4079,-0.00757499,-0.0335217,0.454736,0.45603278,1.4477e-14,-1.20621e-15,2.44348e-14,2.8427063e-14,-0.00757499,-0.0335217,0.454736,0.45603278
4079,4080,0.0102699,-0.0368935,0.331291,0.3334971,1.20838e-14,7.59564e-16,1.88813e-14,2.2429861e-14,0.0102699,-0.0368935,0.331291,0.3334971
4080,4081,-0.0119593,-0.0544008,0.208082,0.21540797,7.00588e-15,-1.50242e-16,9.04907e-15,1.1445112e-14,-0.0119593,-0.0544008,0.208082,0.21540797
4081,4082,-0.0259167,-0.0416899,0.329955,0.33358663,1.17138e-14,-1.285e-15,1.73402e-14,2.0965373e-14,-0.0259167,-0.0416899,0.329955,0.33358663
4082,4083,0.00903658,-0.0319779,0.345977,0.34756917,1.36615e-14,1.39807e-15,1.88307e-14,2.3306359e-14,0.00903658,-0.0319779,0.345977,0.34756917
4083,4084,0.00204664,-0.00826619,0.0275296,0.028816618,7.62891e-16,-1.29796e-16,3.28465e-15,3.3745778e-15,0.00204664,-0.00826619,0.0275296,0.028816618
4084,4085,0.0077754,-0.0447628,0.35713,0.36000833,1.48869e-14,1.58914e-16,1.9106e-14,2.4221566e-14,0.0077754,-0.0447628,0.35713,0.36000833
4085,4086,-0.0150451,0.0315864,0.122062,0.12697712,3.60592e-15,2.00304e-15,5.40564e-15,6.7996895e-15,-0.0150451,0.0315864,0.122062,0.12697712
4086,4087,-0.0448564,-0.0125704,0.126213,0.13453563,2.25298e-15,1.46581e-15,3.54266e-15,4.4469043e-15,-0.0448564,-0.0125704,0.126213,0.13453563
4087,4088,-0.0450682,-0.0208612,0.296619,0.3007477,7.85085e-15,1.64562e-15,9.72142e-15,1.2603567e-14,-0.0450682,-0.0208612,0.296619,0.3007477
4088,4089,-0.027037,-0.0476763,0.320245,0.32490134,1.05286e-14,-1.82972e-15,1.42667e-14,1.7825209e-14,-0.027037,-0.0476763,0.320245,0.32490134
4089,4090,-0.000824641,-0.0631446,0.255476,0.26316518,7.74541e-15,-1.27081e-15,1.05901e-14,1.3181675e-14,-0.000824641,-0.0631446,0.255476,0.26316518
4090,4091,-0.037228,-0.0265602,0.230833,0.23531944,5.41918e-15,-5.40238e-16,1.16745e-14,1.2882287e-14,-0.037228,-0.0265602,0.230833,0.23531944
4091,4092,-0.0335087,-0.0336933,0.33833,0.34165078,1.0966e-14,-9.28137e-16,1.46949e-14,1.835905e-14,-0.0335087,-0.0336933,0.33833,0.34165078
4092,4093,0.014218,-0.0621092,0.204066,0.21378174,6.94861e-15,-2.6871e-15,1.11286e-14,1.3392141e-14,0.014218,-0.0621092,0.204066,0.21378174
4093,4094,-0.0414631,-0.000980128,0.104851,0.11275585,1.50409e-15,1.57388e-15,2.15123e-15,3.0605841e-15,-0.0414631,-0.000980128,0.104851,0.11275585
4094,4095,0.00179548,-0.0631369,0.342499,0.34827438,1.47285e-14,-8.08738e-16,1.9675e-14,2.4590412e-14,0.00179548,-0.0631369,0.342499,0.34827438
4095,4096,-0.0338182,0.0240203,0.216121,0.22006574,5.53977e-15,3.41619e-15,7.43925e-15,9.884425e-15,-0.0338182,0.0240203,0.216121,0.22006574
4096,4097,-0.0068847,-0.0353404,0.0891303,0.09612779,1.72433e-15,-8.46014e-16,5.92327e-15,6.226892e-15,-0.0068847,-0.0353404,0.0891303,0.09612779
4097,4098,-0.0155615,-0.0512595,0.248679,0.25438344,7.47434e-15,-1.37229e-15,1.16574e-14,1.3915599e-14,-0.0155615,-0.0512595,0.248679,0.25438344
4098,4099,-0.0298819,-0.0356342,0.358364,0.3613689,1.05172e-14,1.9237e-15,1.83397e-14,2.1228677e-14,-0.0298819,-0.0356342,0.358364,0.3613689
4099,4100,-0.0376287,-0.0149811,0.436764,0.43863782,1.27679e-14,8.24271e-17,2.11534e-14,2.4708144e-14,-0.0376287,-0.0149811,0.436764,0.43863782
4100,4101,0.014532,-0.019429,0.185898,0.18747462,6.52206e-15,4.02421e-16,1.25162e-14,1.4119295e-14,0.014532,-0.019429,0.185898,0.18747462
4101,4102,0.003944,-0.00241424,0.223561,0.22360882,8.562e-15,1.47399e-15,1.12977e-14,1.4251965e-14,0.003944,-0.00241424,0.223561,0.22360882
4102,4103,-0.0188826,-0.0392236,0.192223,0.19709064,6.23573e-15,7.53901e-16,9.11234e-15,1.10674045e-14,-0.0188826,-0.0392236,0.192223,0.19709064
4103,4104,-0.0230467,-0.0405236,0.28507,0.28885674,9.23357e-15,-1.0893e-15,1.37565e-14,1.6603816e-14,-0.0230467,-0.0405236,0.28507,0.28885674
4104,4105,-0.013011,0.0330752,0.0914875,0.09814895,2.46344e-15,2.24182e-15,4.84855e-15,5.8824088e-15,-0.013011,0.0330752,0.0914875,0.09814895
4105,4106,-0.0454823,0.0169895,0.109513,0.11979307,2.38308e-15,2.78011e-15,1.46599e-15,3.9442627e-15,-0.0454823,0.0169895,0.109513,0.11979307
4106,4107,0.0105005,-0.0430904,0.0831076,0.09420147,3.33048e-15,-7.38601e-16,3.61457e-15,4.9701856e-15,0.0105005,-0.0430904,0.0831076,0.09420147
4107,4108,-0.00915221,-0.0290477,0.0715056,0.077721186,1.00337e-15,-1.57858e-15,1.89016e-15,2.6592049e-15,-0.00915221,-0.0290477,0.0715056,0.077721186
4108,4109,0.00934598,-0.0400064,0.222259,0.22602417,7.87704e-15,-1.33116e-15,1.3236e-14,1.5459995e-14,0.00934598,-0.0400064,0.222259,0.22602417
4109,4110,-0.0143394,0.011243,0.264929,0.26555488,8.32789e-15,2.58019e-15,1.12582e-14,1.4239318e-14,-0.0143394,0.011243,0.264929,0.26555488
4110,4111,0.00944348,-0.0361882,0.282302,0.28476864,1.00431e-14,-7.72278e-16,1.67813e-14,1.9572233e-14,0.00944348,-0.0361882,0.282302,0.28476864
4111,4112,-0.0455592,-0.0188885,0.359583,0.36294952,1.19567e-14,1.03259e-15,1.82168e-14,2.181469e-14,-0.0455592,-0.0188885,0.359583,0.36294952
4112,4113,-0.0374194,-0.00117416,0.0505928,0.062938236,6.2145e-16,1.33703e-15,2.52367e-15,2.9227998e-15,-0.0374194,-0.00117416,0.0505928,0.062938236
4113,4114,-0.047374,0.00669354,0.16451,0.17132612,2.0168e-15,2.24219e-15,6.98382e-15,7.607144e-15,-0.047374,0.00669354,0.16451,0.17132612
4114,4115,-0.0502566,-0.0136073,0.305854,0.310254,1.05542e-14,1.85286e-15,1.48245e-14,1.8291802e-14,-0.0502566,-0.0136073,0.305854,0.310254
4115,4116,-0.0487257,-0.0143927,0.240963,0.24626106,6.13214e-15,6.63201e-16,6.25845e-15,8.7869885e-15,-0.0487257,-0.0143927,0.240963,0.24626106
4116,4117,-0.0212239,-0.00581407,0.395348,0.39595997,1.19613e-14,1.49397e-15,1.74244e-14,2.1187599e-14,-0.0212239,-0.00581407,0.395348,0.39595997
4117,4118,-0.00894031,-0.0526374,0.180133,0.18787901,6.18687e-15,-7.52374e-16,8.01077e-15,1.0149673e-14,-0.00894031,-0.0526374,0.180133,0.18787901
4118,4119,0.00852338,-0.0335798,0.380866,0.38243842,1.63351e-14,2.12969e-15,2.08837e-14,2.6598873e-14,0.00852338,-0.0335798,0.380866,0.38243842
4119,4120,-0.0307953,-0.0404247,0.343914,0.34764832,1.12589e-14,3.87115e-16,1.69113e-14,2.032006e-14,-0.0307953,-0.0404247,0.343914,0.34764832
4120,4121,0.011135,-0.0324946,0.307689,0.3096004,1.34886e-14,2.90882e-16,1.54659e-14,2.052367e-14,0.011135,-0.0324946,0.307689,0.3096004
4121,4122,4.94526e-05,0.0062763,0.251418,0.25149632,8.88805e-15,3.22533e-15,1.16888e-14,1.5034235e-14,4.94526e-05,0.0062763,0.251418,0.25149632
4122,4123,-0.0217506,-0.030881,0.126022,0.13156089,4.16912e-15,-1.38542e-15,5.81353e-15,7.286843e-15,-0.0217506,-0.030881,0.126022,0.13156089
4123,4124,0.0161191,-0.0323468,0.0744829,0.082787946,3.3655e-15,-4.59096e-16,3.48235e-15,4.864578e-15,0.0161191,-0.0323468,0.0744829,0.082787946
4124,4125,-0.0431857,0.00239614,0.31601,0.31895623,7.92301e-15,2.72596e-15,1.40049e-14,1.6319994e-14,-0.0431857,0.00239614,0.31601,0.31895623
4125,4126,-0.0335509,-0.0121479,0.0529608,0.06385985,6.63413e-16,1.4909e-15,9.6935e-16,1.8980355e-15,-0.0335509,-0.0121479,0.0529608,0.06385985
4126,4127,-0.0124188,-0.0344625,0.0769443,0.08521922,1.38922e-16,-1.73325e-15,3.80796e-15,4.1861694e-15,-0.0124188,-0.0344625,0.0769443,0.08521922
4127,4128,0.0145647,0.0194941,0.0360527,0.043496523,1.30663e-15,6.26607e-16,3.26916e-15,3.575937e-15,0.0145647,0.0194941,0.0360527,0.043496523
4128,4129,-0.0280513,-0.0459849,0.283191,0.28826833,8.87651e-15,-1.31876e-15,1.48311e-14,1.7334736e-14,-0.0280513,-0.0459849,0.283191,0.28826833
4129,4130,-0.0503723,-0.0122671,0.355315,0.35907742,1.05817e-14,1.13055e-15,1.67499e-14,1.9844639e-14,-0.0503723,-0.0122671,0.355315,0.35907742
4130,4131,-0.00922262,-0.0101984,0.0167905,0.021702189,-1.91242e-16,1.79089e-15,4.10145e-16,1.8471815e-15,-0.00922262,-0.0101984,0.0167905,0.021702189
4131,4132,-0.0365344,0.00874146,0.309575,0.31184587,9.22753e-15,3.06917e-15,1.52096e-14,1.8052674e-14,-0.0365344,0.00874146,0.309575,0.31184587
4132,4133,-0.0343443,0.0176688,0.0636965,0.07449135,1.52749e-15,9.65641e-16,2.41341e-15,3.0150017e-15,-0.0343443,0.0176688,0.0636965,0.07449135
4133,4134,-0.00981684,0.0216525,0.18586,0.18737432,5.97272e-15,6.04447e-16,8.84277e-15,1.0687999e-14,-0.00981684,0.0216525,0.18586,0.18737432
4134,4135,0.00227797,-0.0626722,0.361804,0.36719903,1.46342e-14,-1.14312e-15,2.09173e-14,2.5553866e-14,0.00227797,-0.0626722,0.361804,0.36719903
4135,4136,-0.0371054,-0.0158081,0.172557,0.17720786,4.47027e-15,1.03549e-15,9.09713e-15,1.0188882e-14,-0.0371054,-0.0158081,0.172557,0.17720786
4136,4137,0.0103528,-8.40037e-05,0.216886,0.21713296,8.30716e-15,1.3017e-15,1.09439e-14,1.38011694e-14,0.0103528,-8.40037e-05,0.216886,0.21713296
4137,4138,-0.0360487,-0.0292142,0.296294,0.29990518,7.32859e-15,2.55988e-16,1.47011e-14,1.6428516e-14,-0.0360487,-0.0292142,0.296294,0.29990518
4138,4139,-0.00565694,0.0260894,0.0230214,0.035251137,6.07565e-16,2.94829e-15,-9.17551e-16,3.1469745e-15,-0.00565694,0.0260894,0.0230214,0.035251137
4139,4140,0.0112742,-0.0438223,0.298809,0.30221567,1.16872e-14,-4.61057e-17,1.58653e-14,1.9705342e-14,0.0112742,-0.0438223,0.298809,0.30221567
4140,4141,0.00331966,0.0128881,0.166432,0.16696326,5.79172e-15,2.69567e-15,7.5834e-15,9.9155735e-15,0.00331966,0.0128881,0.166432,0.16696326
4141,4142,-0.0216316,0.0270826,0.187449,0.19062665,5.47469e-15,2.54573e-15,9.35706e-15,1.1135868e-14,-0.0216316,0.0270826,0.187449,0.19062665
4142,4143,-0.0316102,-0.0341243,0.27637,0.2802571,8.09131e-15,1.59397e-15,1.21959e-14,1.4722432e-14,-0.0316102,-0.0341243,0.27637,0.2802571
4143,4144,-0.0394715,-0.0109709,0.447962,0.44983143,1.32615e-14,1.1922e-15,2.2001e-14,2.571639e-14,-0.0394715,-0.0109709,0.447962,0.44983143
4144,4145,-0.0193565,-0.0496119,0.347487,0.35154405,1.30325e-14,6.15383e-17,1.80225e-14,2.224096e-14,-0.0193565,-0.0496119,0.347487,0.35154405
4145,4146,-0.0334885,0.0168201,0.26368,0.26632977,6.90168e-15,1.04273e-15,1.11233e-14,1.3131956e-14,-0.0334885,0.0168201,0.26368,0.26632977
4146,4147,0.00711702,-0.0617613,0.351643,0.3570965,1.55567e-14,-2.46793e-16,1.82247e-14,2.3962711e-14,0.00711702,-0.0617613,0.351643,0.3570965
4147,4148,-0.0492071,-0.00916081,0.202973,0.20905334,3.93143e-15,-5.65394e-16,8.64392e-15,9.51279e-15,-0.0492071,-0.00916081,0.202973,0.20905334
4148,4149,-0.0509829,0.0121789,0.192286,0.1993025,4.17319e-15,1.36464e-15,6.12859e-15,7.5390566e-15,-0.0509829,0.0121789,0.192286,0.1993025
4149,4150,-0.0273708,-0.0467601,0.338267,0.3425788,1.1241e-14,-7.99923e-16,1.62507e-14,1.9775875e-14,-0.0273708,-0.0467601,0.338267,0.3425788
4150,4151,-0.000514793,-0.0295035,0.0461651,0.054789945,1.60169e-15,-1.31431e-15,2.00202e-15,2.8811292e-15,-0.000514793,-0.0295035,0.0461651,0.054789945
4151,4152,0.0148686,-0.0209297,0.0900998,0.093686186,2.53513e-15,-7.76446e-16,5.25317e-15,5.8843476e-15,0.0148686,-0.0209297,0.0900998,0.093686186
4152,4153,0.00367822,-0.0077399,0.166842,0.16706192,4.76e-15,1.24795e-15,6.64023e-15,8.2648435e-15,0.00367822,-0.0077399,0.166842,0.16706192
4153,4154,-0.0390822,-0.0330065,0.285674,0.290218,7.86875e-15,4.47826e-16,1.25399e-14,1.4811039e-14,-0.0390822,-0.0330065,0.285674,0.290218
4154,4155,0.0106257,-0.0534259,0.164313,0.1731069,5.56004e-15,-9.21583e-16,8.91743e-15,1.05491194e-14,0.0106257,-0.0534259,0.164313,0.1731069
4155,4156,-0.0104039,-0.0126836,0.365329,0.36569712,1.16989e-14,3.11597e-15,1.74293e-14,2.1221547e-14,-0.0104039,-0.0126836,0.365329,0.36569712
4156,4157,0.0165764,-0.0377953,0.129403,0.13582487,5.83648e-15,-1.18939e-15,9.30403e-15,1.1047359e-14,0.0165764,-0.0377953,0.129403,0.13582487
4157,4158,-0.0460713,0.00157368,0.093236,0.104009576,1.79958e-15,2.16174e-15,3.58274e-17,2.8129865e-15,-0.0460713,0.00157368,0.093236,0.104009576
4158,4159,-0.0372262,0.000173788,0.341024,0.34304985,1.01557e-14,2.34945e-15,1.75924e-14,2.0448734e-14,-0.0372262,0.000173788,0.341024,0.34304985
4159,4160,0.0119824,-0.0429827,0.251805,0.2557281,9.12795e-15,1.52106e-16,1.6951e-14,1.9253025e-14,0.0119824,-0.0429827,0.251805,0.2557281
4160,4161,-0.0223097,-0.0263803,0.108162,0.11354585,1.96381e-15,2.06703e-16,5.51204e-15,5.855071e-15,-0.0223097,-0.0263803,0.108162,0.11354585
4161,4162,-0.0318159,0.0222541,0.0543024,0.06675513,2.13867e-15,3.34605e-15,1.08649e-15,4.1170888e-15,-0.0318159,0.0222541,0.0543024,0.06675513
4162,4163,-0.0429254,0.0189,0.218539,0.2235153,5.28822e-15,2.76744e-15,8.48951e-15,1.0377658e-14,-0.0429254,0.0189,0.218539,0.2235153
4163,4164,-0.0235765,-0.0365837,0.432095,0.43428135,1.39886e-14,-8.9426e-16,2.29707e-14,2.6909732e-14,-0.0235765,-0.0365837,0.432095,0.43428135
4164,4165,-0.0303391,0.00573947,0.337373,0.33878303,1.02987e-14,2.23329e-15,1.6244e-14,1.9362807e-14,-0.0303391,0.00573947,0.337373,0.33878303
4165,4166,-0.024673,-0.0362041,0.182144,0.18733908,4.87695e-15,-2.90252e-16,7.53417e-15,8.9795665e-15,-0.024673,-0.0362041,0.182144,0.18733908
4166,4167,0.00264619,0.0301905,0.0765072,0.082291074,2.5946e-15,2.45146e-15,3.83682e-15,5.2404954e-15,0.00264619,0.0301905,0.0765072,0.082291074
4167,4168,-0.0277163,-0.0337807,0.201259,0.20594785,5.5774e-15,3.26649e-16,7.72874e-15,9.536641e-15,-0.0277163,-0.0337807,0.201259,0.20594785
4168,4169,0.0206505,-0.021291,0.06427,0.070784055,1.91215e-15,-9.17949e-16,2.918e-15,3.607447e-15,0.0206505,-0.021291,0.06427,0.070784055
4169,4170,-0.0165527,0.00766291,0.305272,0.30581647,1.18131e-14,1.32624e-15,1.58476e-14,1.981047e-14,-0.0165527,0.00766291,0.305272,0.30581647
4170,4171,-0.0519663,-0.00431934,0.31948,0.32370764,9.38647e-15,1.47078e-15,1.63761e-14,1.8932662e-14,-0.0519663,-0.00431934,0.31948,0.32370764
4171,4172,-0.0367161,0.0101943,0.0517012,0.06422624,3.08228e-17,8.53352e-16,1.51006e-15,1.734774e-15,-0.0367161,0.0101943,0.0517012,0.06422624
4172,4173,0.00521451,0.022174,0.132935,0.13487251,4.24093e-15,2.77854e-15,8.26222e-15,9.693815e-15,0.00521451,0.022174,0.132935,0.13487251
4173,4174,0.00675544,-0.0233146,0.315832,0.3167634,1.32527e-14,2.93601e-15,1.53253e-14,2.0472397e-14,0.00675544,-0.0233146,0.315832,0.3167634
4174,4175,-0.0221867,-0.0393572,0.169661,0.17557362,4.96575e-15,-1.83318e-15,5.74717e-15,7.813398e-15,-0.0221867,-0.0393572,0.169661,0.17557362
4175,4176,-0.0550038,0.00227338,0.286455,0.29169685,7.86109e-15,8.82224e-16,1.19658e-14,1.4344178e-14,-0.0550038,0.00227338,0.286455,0.29169685
4176,4177,-0.0163724,-0.0150483,0.439161,0.43972367,1.4715e-14,3.8418e-16,2.43757e-14,2.847549e-14,-0.0163724,-0.0150483,0.439161,0.43972367
4177,4178,-0.0156879,-0.0051771,0.330263,0.3306759,1.19299e-14,1.84255e-15,1.41049e-14,1.8565175e-14,-0.0156879,-0.0051771,0.330263,0.3306759
4178,4179,-0.00484349,-0.0100888,0.355828,0.35600394,1.24674e-14,3.2177e-15,1.89308e-14,2.2894647e-14,-0.00484349,-0.0100888,0.355828,0.35600394
4179,4180,0.00701247,-0.0599354,0.301105,0.30709225,1.30102e-14,-1.70425e-15,1.877e-14,2.2901586e-14,0.00701247,-0.0599354,0.301105,0.30709225
4180,4181,-0.0322279,-0.0298543,0.191858,0.19682328,4.6869e-15,2.88851e-16,6.85227e-15,8.306869e-15,-0.0322279,-0.0298543,0.191858,0.19682328
4181,4182,-0.047185,0.0156169,0.170557,0.17765136,2.345e-15,2.46002e-15,4.36718e-15,5.533804e-15,-0.047185,0.0156169,0.170557,0.17765136
4182,4183,-0.0240269,-0.0412745,0.372902,0.37594783,1.41394e-14,1.3144e-15,1.65634e-14,2.1817344e-14,-0.0240269,-0.0412745,0.372902,0.37594783
4183,4184,0.0126761,-0.045769,0.270768,0.27490142,8.97443e-15,-1.13089e-15,1.60467e-14,1.8420529e-14,0.0126761,-0.045769,0.270768,0.27490142
4184,4185,-0.0289764,-0.0275932,0.417745,0.41965687,1.39535e-14,1.13719e-15,2.19019e-14,2.5993972e-14,-0.0289764,-0.0275932,0.417745,0.41965687
4185,4186,-0.0333069,-0.027443,0.162177,0.16782087,2.963e-15,4.98493e-16,5.00495e-15,5.8375838e-15,-0.0333069,-0.027443,0.162177,0.16782087
4186,4187,-0.0282745,0.0142682,0.291787,0.29350072,9.086e-15,3.26345e-15,1.28765e-14,1.609378e-14,-0.0282745,0.0142682,0.291787,0.29350072
4187,4188,-0.0110148,-0.0563756,0.400492,0.4045904,1.35312e-14,-6.66298e-16,2.3681e-14,2.7282359e-14,-0.0110148,-0.0563756,0.400492,0.4045904
4188,4189,0.010081,-0.0119641,0.178037,0.17872308,5.62709e-15,1.12524e-15,6.29274e-15,8.5163894e-15,0.010081,-0.0119641,0.178037,0.17872308
4189,4190,-0.0429707,0.00101097,0.35686,0.35943925,1.06085e-14,1.17007e-15,1.93565e-14,2.2103923e-14,-0.0429707,0.00101097,0.35686,0.35943925
4190,4191,0.00732181,-0.0163455,0.126925,0.12818246,4.2517e-15,-9.78508e-16,6.17912e-15,7.564123e-15,0.00732181,-0.0163455,0.126925,0.12818246
4191,4192,-0.0306546,-0.0180093,0.108598,0.1142697,2.12706e-15,1.1308e-15,4.66811e-15,5.253032e-15,-0.0306546,-0.0180093,0.108598,0.1142697
4192,4193,0.00830665,-0.0672252,0.297229,0.30484965,1.1805e-14,-2.18034e-15,1.91637e-14,2.2613256e-14,0.00830665,-0.0672252,0.297229,0.30484965
4193,4194,0.0102635,-0.0190178,0.245933,0.24688065,7.9429e-15,1.35721e-15,1.4093e-14,1.6234049e-14,0.0102635,-0.0190178,0.245933,0.24688065
4194,4195,-0.0406985,0.00854704,0.325068,0.3277173,8.66378e-15,2.96161e-15,1.51347e-14,1.7688736e-14,-0.0406985,0.00854704,0.325068,0.3277173
4195,4196,0.0132206,-0.0208976,0.21412,0.2155432,7.63412e-15,1.09277e-15,1.31795e-14,1.5270008e-14,0.0132206,-0.0208976,0.21412,0.2155432
4196,4197,-0.0451915,0.00373851,0.0800407,0.09199327,2.17911e-15,2.13667e-15,8.90107e-16,3.1790203e-15,-0.0451915,0.00373851,0.0800407,0.09199327
4197,4198,-0.0279443,-0.04402,0.385603,0.38911223,1.38896e-14,-1.40805e-16,1.9963e-14,2.4319995e-14,-0.0279443,-0.04402,0.385603,0.38911223
4198,4199,-0.0248694,0.0307249,0.123508,0.12967934,3.81363e-15,3.46877e-15,6.67362e-15,8.432873e-15,-0.0248694,0.0307249,0.123508,0.12967934
4199,4200,-0.0343611,0.0255372,0.082599,0.09303456,1.45845e-15,1.40361e-15,3.72457e-15,4.2390585e-15,-0.0343611,0.0255372,0.082599,0.09303456
4200,4201,0.0155594,-0.0546151,0.147753,0.15829042,6.00415e-15,-9.40363e-16,7.5096e-15,9.660652e-15,0.0155594,-0.0546151,0.147753,0.15829042
4201,4202,0.0120161,-0.0579347,0.315744,0.32123995,1.25159e-14,-9.78861e-16,1.71515e-14,2.1255116e-14,0.0120161,-0.0579347,0.315744,0.32123995
4202,4203,-0.045419,0.0207669,0.181856,0.18858886,3.14913e-15,1.78212e-15,5.27177e-15,6.3941014e-15,-0.045419,0.0207669,0.181856,0.18858886
4203,4204,0.00946956,0.00196991,0.188019,0.18826763,5.59817e-15,8.33254e-16,1.02615e-14,1.1718882e-14,0.00946956,0.00196991,0.188019,0.18826763
4204,4205,0.00557201,-0.0678534,0.27912,0.28730315,1.08141e-14,-1.9534e-15,1.56444e-14,1.9118259e-14,0.00557201,-0.0678534,0.27912,0.28730315
4205,4206,-0.04766,0.00511634,0.300464,0.3042635,7.13063e-15,3.50841e-15,1.24473e-14,1.4767874e-14,-0.04766,0.00511634,0.300464,0.3042635
4206,4207,-0.0270491,0.0279123,0.0990079,0.106364064,2.42343e-15,2.84652e-15,5.56726e-15,6.705973e-15,-0.0270491,0.0279123,0.0990079,0.106364064
4207,4208,-0.0274691,-0.0124273,0.0828431,0.08815877,2.42488e-15,1.97149e-15,3.45654e-15,4.65988e-15,-0.0274691,-0.0124273,0.0828431,0.08815877
4208,4209,0.015636,0.0248484,0.0300888,0.04203883,1.77129e-15,9.92412e-16,3.02688e-15,3.6447705e-15,0.015636,0.0248484,0.0300888,0.04203883
4209,4210,-0.00612525,-0.00548785,0.326178,0.3262817,1.22681e-14,1.71011e-15,1.50734e-14,1.950995e-14,-0.00612525,-0.00548785,0.326178,0.3262817
4210,4211,0.00437503,-0.0677798,0.314376,0.32162946,1.24244e-14,-3.16628e-15,1.71564e-14,2.1418056e-14,0.00437503,-0.0677798,0.314376,0.32162946
4211,4212,-0.0164354,-0.0172998,0.408549,0.40924528,1.39427e-14,1.85844e-16,2.00358e-14,2.4410382e-14,-0.0164354,-0.0172998,0.408549,0.40924528
4212,4213,-0.00958772,0.0320808,0.0728188,0.08014786,1.95941e-15,2.08438e-15,3.41592e-15,4.4556076e-15,-0.00958772,0.0320808,0.0728188,0.08014786
4213,4214,-0.0348074,-0.0278296,0.402105,0.40456703,1.23531e-14,1.04694e-15,1.99395e-14,2.3479326e-14,-0.0348074,-0.0278296,0.402105,0.40456703
4214,4215,0.0111279,-0.0288828,0.263199,0.26501277,1.03908e-14,1.57519e-15,1.71267e-14,2.0094124e-14,0.0111279,-0.0288828,0.263199,0.26501277
4215,4216,0.0102188,0.013618,0.168919,0.16977486,7.00633e-15,2.89495e-15,9.19355e-15,1.19159875e-14,0.0102188,0.013618,0.168919,0.16977486
4216,4217,-0.0211912,-0.0483065,0.301958,0.30653095,9.52673e-15,-1.18829e-15,1.3758e-14,1.6776567e-14,-0.0211912,-0.0483065,0.301958,0.30653095
4217,4218,0.0073184,0.00125812,0.148552,0.14873749,5.36443e-15,1.82998e-15,7.42903e-15,9.344326e-15,0.0073184,0.00125812,0.148552,0.14873749
4218,4219,-0.0550558,0.00387758,0.252396,0.25836006,6.33479e-15,1.74555e-15,6.86157e-15,9.500403e-15,-0.0550558,0.00387758,0.252396,0.25836006
4219,4220,-0.0487801,-0.0166119,0.268641,0.27353874,7.8725e-15,8.51714e-16,7.2476e-15,1.0734495e-14,-0.0487801,-0.0166119,0.268641,0.27353874
4220,4221,0.0118697,-0.0341827,0.204799,0.2079711,6.95845e-15,-4.47135e-16,1.24694e-14,1.4286563e-14,0.0118697,-0.0341827,0.204799,0.2079711
4221,4222,0.0106891,-0.0470279,0.319936,0.3235505,1.18955e-14,-7.63494e-16,1.61333e-14,2.0059143e-14,0.0106891,-0.0470279,0.319936,0.3235505
4222,4223,0.00793712,-0.0659256,0.262778,0.27103776,7.82175e-15,-5.94047e-16,1.61669e-14,1.7969455e-14,0.00793712,-0.0659256,0.262778,0.27103776
4223,4224,0.018028,-0.0135342,0.100618,0.10311239,2.84757e-15,6.80526e-16,7.98524e-15,8.505047e-15,0.018028,-0.0135342,0.100618,0.10311239
4224,4225,0.0229889,-0.0233566,0.0418169,0.05312884,2.50151e-15,4.41056e-16,-3.87698e-16,2.5695121e-15,0.0229889,-0.0233566,0.0418169,0.05312884
4225,4226,-0.0395369,0.0117776,0.296877,0.2997296,7.59177e-15,2.03583e-15,1.34237e-14,1.5555555e-14,-0.0395369,0.0117776,0.296877,0.2997296
4226,4227,-0.0286654,-0.0416828,0.302473,0.3066742,9.54365e-15,-7.25466e-16,1.45572e-14,1.7421814e-14,-0.0286654,-0.0416828,0.302473,0.3066742
4227,4228,-0.0402961,0.0139438,0.0630308,0.076099195,5.98248e-16,1.01425e-15,2.59318e-15,2.8480142e-15,-0.0402961,0.0139438,0.0630308,0.076099195
4228,4229,-0.0532642,0.00107106,0.332287,0.33653066,9.25802e-15,1.20585e-15,1.1295e-14,1.4654078e-14,-0.0532642,0.00107106,0.332287,0.33653066
4229,4230,0.011339,0.0290454,0.0580928,0.06593164,3.02852e-15,5.74039e-16,4.51659e-15,5.4681842e-15,0.011339,0.0290454,0.0580928,0.06593164
4230,4231,-0.00115531,-0.0394145,0.0807662,0.089877784,2.32799e-15,-4.83337e-17,3.03281e-15,3.823586e-15,-0.00115531,-0.0394145,0.0807662,0.089877784
4231,4232,-0.0418706,-0.0123598,0.426726,0.42895338,1.23456e-14,1.42917e-15,2.02468e-14,2.3756877e-14,-0.0418706,-0.0123598,0.426726,0.42895338
4232,4233,-0.0429832,-0.0223544,0.239779,0.24462469,6.4908e-15,-6.84011e-16,8.14036e-15,1.0433782e-14,-0.0429832,-0.0223544,0.239779,0.24462469
4233,4234,0.0191199,0.0203278,0.020785,0.034796644,8.67928e-16,1.28662e-15,2.54422e-16,1.5727112e-15,0.0191199,0.0203278,0.020785,0.034796644
4234,4235,-0.0150633,-0.0593495,0.336477,0.342003,1.21379e-14,-7.63631e-16,1.51851e-14,1.945505e-14,-0.0150633,-0.0593495,0.336477,0.342003
4235,4236,0.00618455,-0.0474179,0.386382,0.38932988,1.66131e-14,5.11574e-16,1.80838e-14,2.4561772e-14,0.00618455,-0.0474179,0.386382,0.38932988
4236,4237,0.013466,-0.0271338,0.0259812,0.03990738,2.54216e-15,-6.60534e-16,-5.74838e-16,2.6887396e-15,0.013466,-0.0271338,0.0259812,0.03990738
4237,4238,-0.0191773,-0.0541715,0.328431,0.33342052,1.2487e-14,-4.46258e-16,1.60607e-14,2.034872e-14,-0.0191773,-0.0541715,0.328431,0.33342052
4238,4239,0.0107211,-0.0258389,0.282804,0.28418428,1.06e-14,-2.19391e-16,1.70107e-14,2.0044252e-14,0.0107211,-0.0258389,0.282804,0.28418428
4239,4240,0.00790016,0.0214598,0.0188693,0.029647697,1.9702e-15,2.499e-15,1.22481e-15,3.4098165e-15,0.00790016,0.0214598,0.0188693,0.029647697
4240,4241,-0.00656408,-0.0101666,0.376815,0.37700927,1.29492e-14,8.12244e-16,1.80033e-14,2.2191448e-14,-0.00656408,-0.0101666,0.376815,0.37700927
4241,4242,-0.00993757,-0.0329084,0.0583712,0.06774153,3.64593e-16,-1.98009e-15,2.21784e-15,2.9954128e-15,-0.00993757,-0.0329084,0.0583712,0.06774153
4242,4243,-0.00409733,-0.0264395,0.409598,0.4104709,1.56383e-14,1.45159e-15,1.88334e-14,2.4522652e-14,-0.00409733,-0.0264395,0.409598,0.4104709
4243,4244,-0.0151294,-0.00190767,0.0187497,0.024167938,-4.60845e-16,1.41951e-15,3.1672e-17,1.4927792e-15,-0.0151294,-0.00190767,0.0187497,0.024167938
4244,4245,0.0118348,-0.0126338,0.155407,0.15636818,4.80064e-15,5.85038e-16,7.6197e-15,9.024868e-15,0.0118348,-0.0126338,0.155407,0.15636818
4245,4246,-0.0295352,0.0105983,0.0361764,0.047889285,-2.35451e-16,2.0039e-15,2.15025e-16,2.0291102e-15,-0.0295352,0.0105983,0.0361764,0.047889285
4246,4247,0.00900573,0.0225199,0.117803,0.120273836,3.60577e-15,1.61482e-15,5.87482e-15,7.079741e-15,0.00900573,0.0225199,0.117803,0.120273836
4247,4248,0.0152276,0.0197573,0.0550678,0.06045406,2.58562e-15,3.12212e-16,4.93805e-15,5.5827632e-15,0.0152276,0.0197573,0.0550678,0.06045406
4248,4249,0.00510415,-0.0535459,0.369293,0.37318966,1.56269e-14,1.0519e-15,2.1081e-14,2.6262428e-14,0.00510415,-0.0535459,0.369293,0.37318966
4249,4250,0.0156833,-0.0581498,0.167768,0.17825113,6.20138e-15,-1.01488e-15,7.3682e-15,9.683877e-15,0.0156833,-0.0581498,0.167768,0.17825113
4250,4251,-0.0215323,-0.022442,0.0869552,0.09234982,1.89139e-15,-6.21221e-18,3.28682e-15,3.7921737e-15,-0.0215323,-0.022442,0.0869552,0.09234982
4251,4252,-0.040556,-0.0104969,0.100131,0.10854119,1.0747e-15,1.84379e-15,2.49418e-15,3.282602e-15,-0.040556,-0.0104969,0.100131,0.10854119
4252,4253,0.0103489,0.012325,0.0751591,0.07686284,3.3584e-15,2.29921e-15,3.73967e-15,5.5272373e-15,0.0103489,0.012325,0.0751591,0.07686284
4253,4254,-0.0353752,-0.024324,0.451222,0.4532597,1.36844e-14,2.743e-16,2.66576e-14,2.9966077e-14,-0.0353752,-0.024324,0.451222,0.4532597
4254,4255,0.0232525,-0.014149,0.0121192,0.029795099,1.87183e-15,-1.97444e-15,1.76878e-16,2.7264347e-15,0.0232525,-0.014149,0.0121192,0.029795099
4255,4256,-0.0253916,0.0244154,0.209184,0.21212919,6.20662e-15,2.83219e-15,1.04102e-14,1.2446514e-14,-0.0253916,0.0244154,0.209184,0.21212919
4256,4257,0.00977822,-0.0176851,0.290137,0.2908399,1.11596e-14,-1.22065e-15,1.45304e-14,1.8361894e-14,0.00977822,-0.0176851,0.290137,0.2908399
4257,4258,-0.0118828,0.0115217,0.245273,0.24583082,7.10859e-15,1.61108e-15,1.0896e-14,1.3109174e-14,-0.0118828,0.0115217,0.245273,0.24583082
4258,4259,-0.00451862,-0.0285336,0.0232228,0.037065923,8.71951e-16,-2.00706e-16,-1.09572e-15,1.4146321e-15,-0.00451862,-0.0285336,0.0232228,0.037065923
4259,4260,-0.00796221,0.000762773,0.309289,0.30939242,9.25107e-15,1.32947e-15,1.61827e-14,1.8687685e-14,-0.00796221,0.000762773,0.309289,0.30939242
4260,4261,-0.0314969,-0.0391007,0.262731,0.2674855,8.26291e-15,6.28409e-16,1.41376e-14,1.638726e-14,-0.0314969,-0.0391007,0.262731,0.2674855
4261,4262,-0.0351993,-0.0324935,0.256767,0.26119745,7.08167e-15,8.20573e-16,1.19229e-14,1.3891687e-14,-0.0351993,-0.0324935,0.256767,0.26119745
4262,4263,-0.0353167,0.0216534,0.162804,0.1679919,3.1581e-15,2.2625e-15,3.89216e-15,5.499219e-15,-0.0353167,0.0216534,0.162804,0.1679919
4263,4264,-0.0525395,0.00905541,0.229666,0.23577291,6.38564e-15,2.28648e-15,7.16073e-15,9.8630846e-15,-0.0525395,0.00905541,0.229666,0.23577291
4264,4265,0.00843373,-0.0103059,0.210067,0.21048868,7.35424e-15,6.74146e-16,8.55762e-15,1.1303635e-14,0.00843373,-0.0103059,0.210067,0.21048868
4265,4266,0.00855365,-0.00102926,0.243521,0.24367335,8.85276e-15,8.26874e-16,1.2624e-14,1.544087e-14,0.00855365,-0.00102926,0.243521,0.24367335
4266,4267,0.0138032,-0.0477038,0.232369,0.23761636,8.35077e-15,-2.58106e-15,1.37656e-14,1.6306103e-14,0.0138032,-0.0477038,0.232369,0.23761636
4267,4268,-0.041424,0.0028643,0.0611109,0.073882975,7.00173e-16,1.04976e-15,1.13334e-15,1.6960831e-15,-0.041424,0.0028643,0.0611109,0.073882975
4268,4269,-0.0340056,0.00483516,0.3534,0.35506523,1.04434e-14,1.4842e-15,1.4246e-14,1.7726138e-14,-0.0340056,0.00483516,0.3534,0.35506523
4269,4270,-0.0220027,-0.045732,0.409451,0.41258413,1.27056e-14,-9.18211e-16,2.30715e-14,2.6354686e-14,-0.0220027,-0.045732,0.409451,0.41258413
4270,4271,0.0107033,0.0173003,0.149581,0.15095806,4.47072e-15,1.30254e-15,9.46765e-15,1.0550846e-14,0.0107033,0.0173003,0.149581,0.15095806
4271,4272,-0.00262306,0.0309976,0.0532398,0.061662048,9.37998e-16,2.95773e-15,5.28267e-16,3.1475503e-15,-0.00262306,0.0309976,0.0532398,0.061662048
4272,4273,-0.0478632,-0.00419124,0.109133,0.1192412,1.74472e-15,2.05782e-15,1.18327e-15,2.9459802e-15,-0.0478632,-0.00419124,0.109133,0.1192412
4273,4274,-0.0371558,-0.00625977,0.0813184,0.08962377,2.3138e-15,3.40231e-15,5.91427e-16,4.1568222e-15,-0.0371558,-0.00625977,0.0813184,0.08962377
4274,4275,0.00737817,-0.0584149,0.180501,0.18986139,5.78739e-15,-3.43511e-15,1.21423e-14,1.3882699e-14,0.00737817,-0.0584149,0.180501,0.18986139
4275,4276,-0.00897465,-0.0145462,0.392997,0.3933685,1.2878e-14,1.81039e-15,1.71113e-14,2.1492255e-14,-0.00897465,-0.0145462,0.392997,0.3933685
4276,4277,0.0195984,0.0119241,0.0175553,0.028887194,4.81889e-16,1.60363e-15,3.08311e-15,3.5084774e-15,0.0195984,0.0119241,0.0175553,0.028887194
4277,4278,-0.0261113,0.0236778,0.231011,0.23368466,6.83196e-15,1.51468e-15,1.21405e-14,1.4012911e-14,-0.0261113,0.0236778,0.231011,0.23368466
4278,4279,-0.0171633,-0.00372748,0.367814,0.36823308,1.18883e-14,2.54744e-15,1.59362e-14,2.004454e-14,-0.0171633,-0.00372748,0.367814,0.36823308
4279,4280,-0.037246,-0.0284864,0.415272,0.41791096,1.27428e-14,5.65669e-17,2.18057e-14,2.5256102e-14,-0.037246,-0.0284864,0.415272,0.41791096
4280,4281,-0.0485956,0.015308,0.214955,0.22091067,4.58757e-15,1.2263e-15,7.58612e-15,8.949795e-15,-0.0485956,0.015308,0.214955,0.22091067
4281,4282,-0.0353349,0.0270022,0.0996763,0.10914687,8.87106e-16,2.22722e-15,4.38973e-15,5.0017194e-15,-0.0353349,0.0270022,0.0996763,0.10914687
4282,4283,-0.023044,0.0303621,0.0636069,0.07415336,1.01128e-15,3.2502e-15,-1.45017e-15,3.69993e-15,-0.023044,0.0303621,0.0636069,0.07415336
4283,4284,0.0152609,-0.0470449,0.114246,0.124492034,3.70399e-15,-2.17579e-16,7.62153e-15,8.4767085e-15,0.0152609,-0.0470449,0.114246,0.124492034
4284,4285,0.01278,0.0153785,0.122303,0.123926796,3.50279e-15,3.13494e-16,1.00996e-14,1.0694379e-14,0.01278,0.0153785,0.122303,0.123926796
4285,4286,-0.0481901,-0.0170746,0.254452,0.25953737,7.39602e-15,9.82697e-16,9.17392e-15,1.1824873e-14,-0.0481901,-0.0170746,0.254452,0.25953737
4286,4287,-0.0513275,0.00744853,0.278843,0.28362545,8.37688e-15,1.24822e-15,1.21761e-14,1.4831977e-14,-0.0513275,0.00744853,0.278843,0.28362545
4287,4288,-0.00333642,-0.0471467,0.436138,0.4386916,1.40452e-14,-2.16154e-15,2.50167e-14,2.8771083e-14,-0.00333642,-0.0471467,0.436138,0.4386916
4288,4289,-0.00202962,-0.0369897,0.414786,0.41643703,1.5091e-14,6.50996e-16,2.05849e-14,2.5532336e-14,-0.00202962,-0.0369897,0.414786,0.41643703
4289,4290,-0.0289753,-0.0242022,0.125957,0.13149327,2.45498e-15,-7.45303e-16,6.3753e-15,6.87218e-15,-0.0289753,-0.0242022,0.125957,0.13149327
4290,4291,-0.00814751,-0.0606985,0.387685,0.39249247,1.40832e-14,4.77511e-16,2.39412e-14,2.7780309e-14,-0.00814751,-0.0606985,0.387685,0.39249247
4291,4292,0.00924064,0.0273549,0.104031,0.10796355,3.54533e-15,2.56483e-15,7.21705e-15,8.4399955e-15,0.00924064,0.0273549,0.104031,0.10796355
4292,4293,0.00866384,-0.0108141,0.270039,0.2703943,9.55109e-15,2.26205e-15,1.31783e-14,1.6431914e-14,0.00866384,-0.0108141,0.270039,0.2703943
4293,4294,-0.0480507,0.0185114,0.136604,0.14598696,2.2049e-15,3.72209e-15,2.09388e-15,4.806233e-15,-0.0480507,0.0185114,0.136604,0.14598696
4294,4295,-0.0228643,-0.0464574,0.217938,0.22400455,5.65726e-15,-8.7143e-16,1.0194e-14,1.1691091e-14,-0.0228643,-0.0464574,0.217938,0.22400455
4295,4296,-0.036925,-0.035317,0.358729,0.36234963,1.00967e-14,1.31672e-15,1.96609e-14,2.2141096e-14,-0.036925,-0.035317,0.358729,0.36234963
4296,4297,-0.026461,0.00882404,0.308195,0.30945468,1.06978e-14,3.33934e-15,1.30731e-14,1.7219177e-14,-0.026461,0.00882404,0.308195,0.30945468
4297,4298,-0.00515594,-0.0313996,0.036754,0.048614558,-1.49787e-16,-6.64996e-17,-1.67502e-16,2.3434006e-16,-0.00515594,-0.0313996,0.036754,0.048614558
4298,4299,-0.017935,-0.0515597,0.282328,0.28755724,1.01128e-14,-3.44122e-15,1.35469e-14,1.7251933e-14,-0.017935,-0.0515597,0.282328,0.28755724
4299,4300,-0.0034086,0.00122787,0.298296,0.298318,1.0232e-14,1.58583e-15,1.59447e-14,1.9011632e-14,-0.0034086,0.00122787,0.298296,0.298318
4300,4301,-0.0378638,0.0202607,0.234283,0.23818624,7.47062e-15,2.31418e-15,9.11081e-15,1.2007183e-14,-0.0378638,0.0202607,0.234283,0.23818624
4301,4302,-0.0418666,-0.0234854,0.277738,0.28185594,7.91827e-15,1.08764e-15,1.13109e-14,1.38498535e-14,-0.0418666,-0.0234854,0.277738,0.28185594
4302,4303,0.0158024,-0.0199405,0.147721,0.14989607,3.63947e-15,2.02681e-16,6.67798e-15,7.608037e-15,0.0158024,-0.0199405,0.147721,0.14989607
4303,4304,-0.0315313,0.0246418,0.141542,0.14709038,2.14116e-15,2.49624e-15,3.97091e-15,5.155958e-15,-0.0315313,0.0246418,0.141542,0.14709038
4304,4305,-0.0457357,0.0208032,0.15472,0.16267392,1.83547e-15,2.35135e-15,4.09738e-15,5.0681674e-15,-0.0457357,0.0208032,0.15472,0.16267392
4305,4306,5.89784e-05,-0.0355618,0.0520296,0.063021615,1.22717e-15,-1.09597e-15,4.55536e-16,1.7072228e-15,5.89784e-05,-0.0355618,0.0520296,0.063021615
4306,4307,-0.0138724,-0.0612265,0.287743,0.29451174,9.56293e-15,-1.61313e-15,1.43722e-14,1.7338165e-14,-0.0138724,-0.0612265,0.287743,0.29451174
4307,4308,0.00840959,0.0274028,0.0361109,0.046104573,1.44998e-15,2.40714e-15,2.58298e-15,3.816877e-15,0.00840959,0.0274028,0.0361109,0.046104573
4308,4309,0.012984,-0.0626308,0.296887,0.30369902,1.21268e-14,-9.35326e-16,1.90683e-14,2.2617121e-14,0.012984,-0.0626308,0.296887,0.30369902
4309,4310,-0.0128907,-0.0103788,0.405854,0.40619126,1.40384e-14,1.72772e-15,1.90534e-14,2.3729596e-14,-0.0128907,-0.0103788,0.405854,0.40619126
4310,4311,0.00547705,0.0145126,0.18313,0.18378577,7.27051e-15,1.64997e-15,1.12633e-14,1.35072075e-14,0.00547705,0.0145126,0.18313,0.18378577
4311,4312,-0.0425379,0.0221895,0.168608,0.17530118,2.29451e-15,4.0793e-15,3.66175e-15,5.9425485e-15,-0.0425379,0.0221895,0.168608,0.17530118
4312,4313,0.0071085,0.00164446,0.0212812,0.02249721,1.35028e-15,7.28648e-16,1.63164e-15,2.2397396e-15,0.0071085,0.00164446,0.0212812,0.02249721
4313,4314,0.0115297,-0.0593868,0.28127,0.28770217,1.09288e-14,-1.48028e-15,1.9046e-14,2.2008635e-14,0.0115297,-0.0593868,0.28127,0.28770217
4314,4315,-0.000328489,0.0211212,0.168907,0.17022276,6.19314e-15,1.17887e-15,8.34718e-15,1.0460408e-14,-0.000328489,0.0211212,0.168907,0.17022276
4315,4316,-0.00137732,-0.0676059,0.330111,0.33696547,1.45106e-14,-1.42291e-15,1.95869e-14,2.4417797e-14,-0.00137732,-0.0676059,0.330111,0.33696547
4316,4317,-0.0127512,0.0159373,0.214328,0.21529767,6.89736e-15,5.04612e-16,1.18721e-14,1.373954e-14,-0.0127512,0.0159373,0.214328,0.21529767
4317,4318,-0.0125078,-0.0588739,0.356844,0.36188427,1.33059e-14,-9.44482e-16,2.02953e-14,2.4286586e-14,-0.0125078,-0.0588739,0.356844,0.36188427
4318,4319,-0.0315885,-0.010731,0.464723,0.46591893,1.25117e-14,2.60443e-16,2.43243e-14,2.7354744e-14,-0.0315885,-0.010731,0.464723,0.46591893
4319,4320,0.00187719,0.026154,0.0212242,0.033734586,1.3529e-15,2.39362e-15,-2.82414e-16,2.7639668e-15,0.00187719,0.026154,0.0212242,0.033734586
4320,4321,0.0129413,0.0212188,0.0832985,0.086927295,3.73515e-15,1.56122e-15,5.17206e-15,6.5680256e-15,0.0129413,0.0212188,0.0832985,0.086927295
4321,4322,-0.0507784,0.00253919,0.203597,0.20984906,3.98363e-15,4.30853e-16,7.18775e-15,8.229136e-15,-0.0507784,0.00253919,0.203597,0.20984906
4322,4323,-0.0338655,0.0246616,0.0674435,0.07939579,1.60296e-16,2.5222e-15,2.0541e-15,3.2567644e-15,-0.0338655,0.0246616,0.0674435,0.07939579
4323,4324,0.0141776,-0.0503159,0.213018,0.21933846,8.27765e-15,-1.7304e-15,1.14266e-14,1.4215518e-14,0.0141776,-0.0503159,0.213018,0.21933846
4324,4325,-0.0403079,0.019582,0.0735733,0.08614646,9.39919e-16,1.72213e-15,3.79557e-15,4.272649e-15,-0.0403079,0.019582,0.0735733,0.08614646
4325,4326,-0.0141519,0.0290095,0.149428,0.1528743,4.17135e-15,1.00317e-15,9.34474e-15,1.0282542e-14,-0.0141519,0.0290095,0.149428,0.1528743
4326,4327,0.00121912,-0.0217113,0.340641,0.34133437,1.47587e-14,2.35574e-15,1.47918e-14,2.1027747e-14,0.00121912,-0.0217113,0.340641,0.34133437
4327,4328,0.0124752,-0.0637697,0.221507,0.23084098,9.10843e-15,-2.22807e-15,1.26349e-14,1.573431e-14,0.0124752,-0.0637697,0.221507,0.23084098
4328,4329,0.011845,-0.0327854,0.0498104,0.060796894,2.59901e-15,-1.16346e-15,-2.50109e-16,2.8585043e-15,0.011845,-0.0327854,0.0498104,0.060796894
4329,4330,-0.0465087,-0.0173691,0.387085,0.39025575,1.00752e-14,-1.11928e-16,1.63007e-14,1.9163377e-14,-0.0465087,-0.0173691,0.387085,0.39025575
4330,4331,-0.0316292,0.0275014,0.173187,0.17818661,2.03481e-15,2.58077e-15,6.06469e-15,6.897919e-15,-0.0316292,0.0275014,0.173187,0.17818661
4331,4332,-0.000749653,-0.0259364,0.373025,0.37392634,1.45775e-14,1.81181e-15,2.13728e-14,2.5934199e-14,-0.000749653,-0.0259364,0.373025,0.37392634
4332,4333,-0.0235214,-0.00178552,0.0232441,0.03311695,-7.9472e-16,-1.36322e-16,2.12109e-15,2.2691818e-15,-0.0235214,-0.00178552,0.0232441,0.03311695
4333,4334,-0.0368056,-0.0103474,0.067166,0.07728514,7.5909e-16,2.83015e-15,-4.64563e-16,2.9667803e-15,-0.0368056,-0.0103474,0.067166,0.07728514
4334,4335,0.0131193,-0.0324969,0.0342041,0.048970245,2.5912e-15,-3.59389e-17,-1.10513e-15,2.8172545e-15,0.0131193,-0.0324969,0.0342041,0.048970245
4335,4336,-0.000726559,-0.0574083,0.180185,0.18911076,5.66924e-15,-1.46871e-15,1.13899e-14,1.2807311e-14,-0.000726559,-0.0574083,0.180185,0.18911076
4336,4337,0.0219689,-0.0140234,0.0408333,0.048442204,2.41325e-15,3.85923e-16,1.97792e-15,3.1440228e-15,0.0219689,-0.0140234,0.0408333,0.048442204
4337,4338,-0.0335972,-0.00713541,0.437775,0.43912026,1.36439e-14,2.47089e-15,2.05544e-14,2.4794045e-14,-0.0335972,-0.00713541,0.437775,0.43912026
4338,4339,-0.0482835,0.00100858,0.143154,0.1510807,3.67346e-15,2.63117e-15,4.96007e-15,6.709669e-15,-0.0482835,0.00100858,0.143154,0.1510807
4339,4340,-0.0264436,-0.0073681,0.448094,0.44893408,1.43019e-14,4.57905e-16,2.27457e-14,2.6872307e-14,-0.0264436,-0.0073681,0.448094,0.44893408
4340,4341,-0.055174,0.00319388,0.268527,0.2741553,7.99958e-15,1.01751e-15,8.35259e-15,1.1610098e-14,-0.055174,0.00319388,0.268527,0.2741553
4341,4342,-0.023729,-0.0226152,0.0692143,0.076584145,3.97715e-16,1.94939e-15,1.43241e-15,2.4515499e-15,-0.023729,-0.0226152,0.0692143,0.076584145
4342,4343,-0.0293622,-0.0227329,0.0876889,0.09522744,1.56682e-15,8.95847e-16,2.46249e-15,3.0530843e-15,-0.0293622,-0.0227329,0.0876889,0.09522744
4343,4344,-0.0271653,-0.0340795,0.460816,0.46287227,1.27282e-14,-2.17049e-15,2.80164e-14,3.084861e-14,-0.0271653,-0.0340795,0.460816,0.46287227
4344,4345,-0.0368479,-0.00571386,0.416838,0.41850248,1.20546e-14,9.27971e-16,2.01918e-14,2.3534726e-14,-0.0368479,-0.00571386,0.416838,0.41850248
4345,4346,9.65428e-05,-0.0672595,0.267383,0.27571276,1.00724e-14,-1.32977e-15,1.5784e-14,1.8771153e-14,9.65428e-05,-0.0672595,0.267383,0.27571276
4346,4347,-0.0407087,-0.0197307,0.16304,0.1691997,4.25913e-15,1.0425e-15,8.31811e-15,9.403081e-15,-0.0407087,-0.0197307,0.16304,0.1691997
4347,4348,-0.0351376,-0.0216363,0.115954,0.12307765,1.92098e-15,7.466e-16,3.04275e-15,3.675038e-15,-0.0351376,-0.0216363,0.115954,0.12307765
4348,4349,-0.0468971,-0.0244266,0.323307,0.32760254,7.97343e-15,-1.94166e-16,1.66207e-14,1.843532e-14,-0.0468971,-0.0244266,0.323307,0.32760254
4349,4350,-0.0471668,0.014272,0.242988,0.2479346,6.34435e-15,3.47968e-15,8.76351e-15,1.1364772e-14,-0.0471668,0.014272,0.242988,0.2479346
4350,4351,-0.0419537,-0.0202755,0.400463,0.40316477,1.16046e-14,1.26567e-15,1.98077e-14,2.29916e-14,-0.0419537,-0.0202755,0.400463,0.40316477
4351,4352,0.00917568,-0.00985547,0.246635,0.24700233,8.00152e-15,1.24105e-15,1.3004e-14,1.5318894e-14,0.00917568,-0.00985547,0.246635,0.24700233
4352,4353,-0.025951,-0.000325962,0.398225,0.39906982,1.16192e-14,1.18087e-15,1.72817e-14,2.085803e-14,-0.025951,-0.000325962,0.398225,0.39906982
4353,4354,-0.00786192,-0.0354609,0.116312,0.121851414,2.91747e-15,-8.69543e-17,7.08629e-15,7.663857e-15,-0.00786192,-0.0354609,0.116312,0.121851414
4354,4355,0.0170601,-0.0343774,0.0595371,0.07083445,3.03501e-15,-5.57395e-16,2.03003e-16,3.09244e-15,0.0170601,-0.0343774,0.0595371,0.07083445
4355,4356,-0.0324042,-0.0223942,0.147377,0.15255003,3.98448e-15,7.79008e-16,6.81857e-15,7.935731e-15,-0.0324042,-0.0223942,0.147377,0.15255003
4356,4357,-0.0427046,-0.027135,0.306268,0.3104192,8.14098e-15,1.04002e-15,1.37166e-14,1.598444e-14,-0.0427046,-0.027135,0.306268,0.3104192
4357,4358,-0.0276055,-0.0377799,0.414428,0.4170611,1.39834e-14,1.98462e-16,2.36156e-14,2.7445792e-14,-0.0276055,-0.0377799,0.414428,0.4170611
4358,4359,0.01678,-0.00957858,0.0768929,0.07928326,2.41098e-15,-5.07814e-16,4.23637e-15,4.9007683e-15,0.01678,-0.00957858,0.0768929,0.07928326
4359,4360,-0.0145351,-0.0278434,0.051107,0.05998708,1.04738e-15,-1.97849e-16,1.86036e-15,2.1440822e-15,-0.0145351,-0.0278434,0.051107,0.05998708
4360,4361,0.00095406,0.030442,0.094978,0.09974189,3.31911e-15,3.28752e-15,4.79862e-15,6.6970914e-15,0.00095406,0.030442,0.094978,0.09974189
4361,4362,-0.0220316,-0.0532483,0.31028,0.31558588,1.00074e-14,-5.51172e-16,1.21324e-14,1.5736803e-14,-0.0220316,-0.0532483,0.31028,0.31558588
4362,4363,0.0110159,0.00731442,0.179041,0.17952864,7.44031e-15,2.36119e-15,8.81221e-15,1.177236e-14,0.0110159,0.00731442,0.179041,0.17952864
4363,4364,-0.0432614,-0.0157935,0.207711,0.21275535,3.46369e-15,-2.56216e-17,9.9642e-15,1.054908e-14,-0.0432614,-0.0157935,0.207711,0.21275535
4364,4365,0.00136356,-0.0628035,0.200794,0.21039099,7.06366e-15,-1.52893e-15,1.43572e-14,1.6073648e-14,0.00136356,-0.0628035,0.200794,0.21039099
4365,4366,0.0102784,0.000735684,0.0792591,0.07992616,4.43619e-15,2.15656e-16,5.05619e-15,6.7298843e-15,0.0102784,0.000735684,0.0792591,0.07992616
4366,4367,-0.0244418,0.000436222,0.359143,0.359974,1.01436e-14,1.57642e-15,1.62128e-14,1.9189387e-14,-0.0244418,0.000436222,0.359143,0.359974
4367,4368,-0.032611,-0.0378989,0.290632,0.29490128,9.37323e-15,-1.59858e-16,1.39139e-14,1.6777354e-14,-0.032611,-0.0378989,0.290632,0.29490128
4368,4369,0.00364182,0.00511984,0.235154,0.23523793,1.06984e-14,2.41134e-15,1.10482e-14,1.556705e-14,0.00364182,0.00511984,0.235154,0.23523793
4369,4370,0.0162304,-0.0203589,0.11911,0.12192253,3.36471e-15,1.85812e-16,6.91084e-15,7.688661e-15,0.0162304,-0.0203589,0.11911,0.12192253
4370,4371,0.0144429,-0.0368279,0.184939,0.18912251,6.86346e-15,-5.02296e-16,1.04337e-14,1.2498859e-14,0.0144429,-0.0368279,0.184939,0.18912251
4371,4372,-0.0288597,-0.0291976,0.134314,0.14044797,3.6325e-15,-1.50877e-15,5.20491e-15,6.5239964e-15,-0.0288597,-0.0291976,0.134314,0.14044797
4372,4373,0.0119129,-0.0569279,0.329258,0.3343554,1.25446e-14,-1.25955e-15,1.72293e-14,2.1349526e-14,0.0119129,-0.0569279,0.329258,0.3343554
4373,4374,0.0178635,0.0117414,0.0694146,0.07263162,3.62262e-15,2.02183e-16,4.75718e-15,5.982894e-15,0.0178635,0.0117414,0.0694146,0.07263162
4374,4375,0.00838734,0.0287654,0.085096,0.0902171,4.22608e-15,1.44122e-15,5.43267e-15,7.032124e-15,0.00838734,0.0287654,0.085096,0.0902171
4375,4376,-0.0420969,-0.0298895,0.31843,0.3225883,8.45409e-15,1.59417e-16,1.44833e-14,1.6770898e-14,-0.0420969,-0.0298895,0.31843,0.3225883
4376,4377,-0.0309952,-0.0352359,0.433625,0.436157,1.38745e-14,-1.26938e-15,2.30224e-14,2.6909923e-14,-0.0309952,-0.0352359,0.433625,0.436157
4377,4378,-0.0366798,0.00224792,0.36852,0.37034774,1.09218e-14,2.38576e-15,1.56478e-14,1.9230997e-14,-0.0366798,0.00224792,0.36852,0.37034774
4378,4379,-0.0143446,-0.0383698,0.120161,0.12695147,3.7607e-15,-9.49588e-16,4.38539e-15,5.85459e-15,-0.0143446,-0.0383698,0.120161,0.12695147
4379,4380,-0.0182301,-0.0526605,0.393916,0.39783826,1.30634e-14,-1.0249e-15,2.25256e-14,2.6059651e-14,-0.0182301,-0.0526605,0.393916,0.39783826
4380,4381,-0.00646425,0.0163235,0.0182525,0.025325814,1.30861e-15,2.50249e-15,2.13614e-15,3.5409052e-15,-0.00646425,0.0163235,0.0182525,0.025325814
4381,4382,-0.0437192,-0.00728227,0.415592,0.41794872,1.14833e-14,1.97324e-15,1.7065e-14,2.0663352e-14,-0.0437192,-0.00728227,0.415592,0.41794872
4382,4383,-0.0514961,0.000327416,0.189619,0.19648746,2.67862e-15,6.47456e-16,4.04249e-15,4.892436e-15,-0.0514961,0.000327416,0.189619,0.19648746
4383,4384,-0.0348085,-0.0258883,0.431709,0.43388304,1.3919e-14,-3.53819e-16,2.29101e-14,2.680926e-14,-0.0348085,-0.0258883,0.431709,0.43388304
4384,4385,-0.0394761,-0.0303827,0.273401,0.27790207,7.19325e-15,6.91127e-16,1.27187e-14,1.4628256e-14,-0.0394761,-0.0303827,0.273401,0.27790207
4385,4386,-0.0459268,0.0155931,0.0957551,0.10733804,1.96938e-15,2.31919e-15,2.20244e-15,3.7560405e-15,-0.0459268,0.0155931,0.0957551,0.10733804
4386,4387,-0.0529211,0.00236226,0.217042,0.2234132,4.9523e-15,1.86016e-15,7.83122e-15,9.450581e-15,-0.0529211,0.00236226,0.217042,0.2234132
4387,4388,-0.0365224,-0.0215224,0.136882,0.14329614,2.08e-15,1.46918e-15,1.20063e-15,2.8153867e-15,-0.0365224,-0.0215224,0.136882,0.14329614
4388,4389,-0.0119095,-0.0156549,0.422715,0.4231724,1.37117e-14,2.38052e-15,1.91478e-14,2.3670991e-14,-0.0119095,-0.0156549,0.422715,0.4231724
4389,4390,-0.00439607,-0.0336783,0.434616,0.43594107,1.57555e-14,3.48598e-16,2.1336e-14,2.6525125e-14,-0.00439607,-0.0336783,0.434616,0.43594107
4390,4391,0.0138282,-0.0089068,0.119641,0.12076638,3.76274e-15,8.91424e-16,8.55219e-15,9.3857764e-15,0.0138282,-0.0089068,0.119641,0.12076638
4391,4392,-0.00752042,0.0315287,0.119763,0.124071725,3.97077e-15,1.22343e-15,6.60009e-15,7.799037e-15,-0.00752042,0.0315287,0.119763,0.124071725
4392,4393,-0.00383528,-0.0195211,0.413357,0.41383547,1.49354e-14,1.50835e-15,1.96838e-14,2.4754662e-14,-0.00383528,-0.0195211,0.413357,0.41383547
4393,4394,-0.0453717,-0.00238982,0.388402,0.3910504,1.20454e-14,7.84424e-16,2.01868e-14,2.3520499e-14,-0.0453717,-0.00238982,0.388402,0.3910504
4394,4395,-0.0314352,0.0312496,0.108979,0.11764834,3.41202e-15,1.84389e-15,6.57937e-15,7.637402e-15,-0.0314352,0.0312496,0.108979,0.11764834
4395,4396,-0.0450282,-0.0115751,0.159334,0.16597845,4.32577e-15,8.7286e-16,5.89356e-15,7.362623e-15,-0.0450282,-0.0115751,0.159334,0.16597845
4396,4397,-0.00078177,-0.070118,0.318588,0.3262138,1.41253e-14,-1.64214e-15,1.78222e-14,2.2800253e-14,-0.00078177,-0.070118,0.318588,0.3262138
4397,4398,-0.0011622,-0.0508249,0.143534,0.15227124,5.17527e-15,-1.17396e-15,8.04424e-15,9.63698e-15,-0.0011622,-0.0508249,0.143534,0.15227124
4398,4399,0.0171825,-0.00376325,0.0584206,0.061011203,2.76996e-15,-1.40128e-18,3.41495e-15,4.3971085e-15,0.0171825,-0.00376325,0.0584206,0.061011203
4399,4400,-0.00769685,-0.0056855,0.346539,0.34667107,1.11179e-14,2.26943e-15,1.67991e-14,2.027234e-14,-0.00769685,-0.0056855,0.346539,0.34667107
4400,4401,-0.00175313,-0.0113368,0.339686,0.33987966,1.25083e-14,1.66597e-15,1.93677e-14,2.3115812e-14,-0.00175313,-0.0113368,0.339686,0.33987966
4401,4402,-0.0146646,-0.0345166,0.106059,0.11249425,1.80781e-15,-1.13003e-15,5.69627e-15,6.082157e-15,-0.0146646,-0.0345166,0.106059,0.11249425
4402,4403,-0.0174793,-0.0538455,0.235642,0.2423469,7.34476e-15,-1.53876e-15,1.10136e-14,1.332714e-14,-0.0174793,-0.0538455,0.235642,0.2423469
4403,4404,0.0148786,-0.0126695,0.137934,0.13931143,4.33136e-15,1.21873e-15,8.34879e-15,9.484107e-15,0.0148786,-0.0126695,0.137934,0.13931143
4404,4405,0.0126089,0.00145979,0.13209,0.13269846,2.82459e-15,2.44581e-15,8.14702e-15,8.962937e-15,0.0126089,0.00145979,0.13209,0.13269846
4405,4406,-0.0400772,0.0232342,0.10977,0.119144715,2.08489e-15,2.57949e-15,2.81592e-15,4.350855e-15,-0.0400772,0.0232342,0.10977,0.119144715
4406,4407,-0.0504281,-0.000421035,0.159619,0.16739593,2.47818e-15,3.49714e-15,5.71134e-15,7.140782e-15,-0.0504281,-0.000421035,0.159619,0.16739593
4407,4408,-0.0505023,-0.0127983,0.324187,0.3283466,1.03512e-14,2.4436e-15,1.77551e-14,2.069691e-14,-0.0505023,-0.0127983,0.324187,0.3283466
4408,4409,0.00740602,-0.0309539,0.364812,0.36619774,1.61581e-14,3.02747e-15,2.18534e-14,2.7346313e-14,0.00740602,-0.0309539,0.364812,0.36619774
4409,4410,0.00325232,0.00291765,0.261108,0.26114455,9.05214e-15,1.67177e-15,1.20522e-14,1.5165473e-14,0.00325232,0.00291765,0.261108,0.26114455
4410,4411,-0.014803,-0.0473464,0.451503,0.45421997,1.45225e-14,-3.10823e-15,2.56756e-14,2.966143e-14,-0.014803,-0.0473464,0.451503,0.45421997
4411,4412,0.00533057,-0.0105952,0.295884,0.29612163,1.14006e-14,8.54044e-16,1.23575e-14,1.6834812e-14,0.00533057,-0.0105952,0.295884,0.29612163
4412,4413,-0.0463459,0.0133406,0.276056,0.28023708,6.56013e-15,2.13709e-15,1.07401e-14,1.27652736e-14,-0.0463459,0.0133406,0.276056,0.28023708
4413,4414,-0.0132313,-0.0616296,0.272111,0.27931646,9.46488e-15,-2.3011e-15,1.28292e-14,1.6107992e-14,-0.0132313,-0.0616296,0.272111,0.27931646
4414,4415,-0.0229353,-0.009743,0.429849,0.4305707,1.36225e-14,1.56115e-15,2.30676e-14,2.6835124e-14,-0.0229353,-0.009743,0.429849,0.4305707
4415,4416,0.0034876,-0.0372125,0.394462,0.39622873,1.60673e-14,5.79588e-16,2.27576e-14,2.7864e-14,0.0034876,-0.0372125,0.394462,0.39622873
4416,4417,-0.0126175,-0.018865,0.447474,0.4480492,1.479e-14,-7.64254e-16,2.36321e-14,2.7889144e-14,-0.0126175,-0.018865,0.447474,0.4480492
4417,4418,-0.0374261,-0.0239473,0.20129,0.2061355,4.24808e-15,-1.0879e-15,7.32476e-15,8.537084e-15,-0.0374261,-0.0239473,0.20129,0.2061355
4418,4419,-0.0202399,-0.0280541,0.0752672,0.08283621,1.00197e-15,8.65863e-16,2.30018e-15,2.654146e-15,-0.0202399,-0.0280541,0.0752672,0.08283621
4419,4420,-0.00398451,0.0112775,0.235533,0.23583649,8.8004e-15,1.99566e-15,1.10701e-14,1.4282044e-14,-0.00398451,0.0112775,0.235533,0.23583649
4420,4421,-0.0381532,0.0266018,0.17373,0.17984837,1.9277e-15,2.70866e-15,6.38454e-15,7.198279e-15,-0.0381532,0.0266018,0.17373,0.17984837
4421,4422,-0.00536907,-0.0639556,0.243678,0.25198832,7.04995e-15,-1.88068e-15,1.11245e-14,1.3303881e-14,-0.00536907,-0.0639556,0.243678,0.25198832
4422,4423,-0.0174621,-0.0488807,0.421277,0.42446268,1.49094e-14,9.74602e-17,2.39452e-14,2.8207664e-14,-0.0174621,-0.0488807,0.421277,0.42446268
4423,4424,-0.0341145,-0.0331894,0.238133,0.24284287,6.76042e-15,-7.13182e-16,1.175e-14,1.3574771e-14,-0.0341145,-0.0331894,0.238133,0.24284287
4424,4425,-0.0509383,-0.00020966,0.174584,0.18186349,9.83804e-16,-2.40516e-16,7.05314e-15,7.1254826e-15,-0.0509383,-0.00020966,0.174584,0.18186349
4425,4426,-0.0433624,0.013524,0.25839,0.26235205,7.1385e-15,3.05806e-15,1.03802e-14,1.2963736e-14,-0.0433624,0.013524,0.25839,0.26235205
4426,4427,-0.0353997,-0.0150645,0.0875492,0.095629185,1.76366e-15,2.0258e-15,3.79948e-15,4.653e-15,-0.0353997,-0.0150645,0.0875492,0.095629185
4427,4428,-0.00870689,0.00582772,0.283227,0.2834207,8.71875e-15,1.52505e-15,1.62394e-14,1.8494878e-14,-0.00870689,0.00582772,0.283227,0.2834207
4428,4429,-0.0503544,0.0122172,0.1582,0.16646941,1.93693e-15,1.79805e-15,6.92125e-15,7.408669e-15,-0.0503544,0.0122172,0.1582,0.16646941
4429,4430,-0.00231535,-0.0172612,0.393661,0.39404604,1.45186e-14,1.57795e-15,1.98729e-14,2.4661952e-14,-0.00231535,-0.0172612,0.393661,0.39404604
4430,4431,-0.0427123,-0.0281815,0.349934,0.3536557,1.18026e-14,6.48295e-17,1.68794e-14,2.0596594e-14,-0.0427123,-0.0281815,0.349934,0.3536557
4431,4432,-0.0446883,-0.0144186,0.171183,0.1775065,3.47004e-15,1.11213e-15,8.2404e-15,9.0101165e-15,-0.0446883,-0.0144186,0.171183,0.1775065
4432,4433,-0.0415152,-0.0194122,0.193798,0.19914319,4.66605e-15,-4.02205e-16,8.10705e-15,9.362587e-15,-0.0415152,-0.0194122,0.193798,0.19914319
4433,4434,0.00837798,-0.0285506,0.0173629,0.03444993,2.54986e-15,-2.1044e-15,-4.40332e-15,5.5063156e-15,0.00837798,-0.0285506,0.0173629,0.03444993
4434,4435,-0.0494949,0.0052849,0.130735,0.13989037,2.27099e-15,3.2636e-15,2.87867e-15,4.9086885e-15,-0.0494949,0.0052849,0.130735,0.13989037
4435,4436,-0.0247577,-0.0138143,0.0401366,0.049139857,1.40444e-15,7.81963e-16,-1.35315e-15,2.101174e-15,-0.0247577,-0.0138143,0.0401366,0.049139857
4436,4437,-0.0365619,-0.0343768,0.307576,0.31164327,8.02684e-15,-1.54138e-15,1.4509e-14,1.665284e-14,-0.0365619,-0.0343768,0.307576,0.31164327
4437,4438,0.00973103,-0.0521301,0.127542,0.13812749,3.91464e-15,-2.01596e-15,7.68681e-15,8.858642e-15,0.00973103,-0.0521301,0.127542,0.13812749
4438,4439,-0.020751,-0.0385437,0.152543,0.15869968,3.68124e-15,8.3793e-17,7.10567e-15,8.003067e-15,-0.020751,-0.0385437,0.152543,0.15869968
4439,4440,0.0117945,-0.0385091,0.0583058,0.07086344,2.91784e-15,-2.84728e-16,2.00097e-15,3.5494708e-15,0.0117945,-0.0385091,0.0583058,0.07086344
4440,4441,-0.00236562,-0.040389,0.102891,0.1105596,2.23308e-15,-1.17628e-15,7.55389e-15,7.964392e-15,-0.00236562,-0.040389,0.102891,0.1105596
4441,4442,-0.0291784,-0.00420283,0.426789,0.4278059,1.21776e-14,1.93658e-15,2.01933e-14,2.3660381e-14,-0.0291784,-0.00420283,0.426789,0.4278059
4442,4443,0.00183362,-0.061488,0.37633,0.38132453,1.43715e-14,1.50093e-15,2.30966e-14,2.7244186e-14,0.00183362,-0.061488,0.37633,0.38132453
4443,4444,-0.0262763,-0.033729,0.15289,0.15875591,3.69274e-15,8.66312e-18,4.31228e-15,5.6773374e-15,-0.0262763,-0.033729,0.15289,0.15875591
4444,4445,-0.0219456,0.000708319,0.338803,0.33951375,1.23895e-14,2.13137e-15,1.6294e-14,2.0580012e-14,-0.0219456,0.000708319,0.338803,0.33951375
4445,4446,-0.0113507,-0.0439711,0.142388,0.14945447,3.41475e-15,-2.52818e-15,8.50697e-15,9.5089824e-15,-0.0113507,-0.0439711,0.142388,0.14945447
4446,4447,-0.0278509,0.00888218,0.325191,0.3265023,9.95332e-15,3.82474e-15,1.29378e-14,1.6765557e-14,-0.0278509,0.00888218,0.325191,0.3265023
4447,4448,-0.0246716,-0.0466517,0.236522,0.24233805,7.78281e-15,-5.53585e-16,1.09165e-14,1.34182165e-14,-0.0246716,-0.0466517,0.236522,0.24233805
4448,4449,-0.0147211,-0.0493963,0.189762,0.19663753,5.93316e-15,5.36879e-16,8.55684e-15,1.0426416e-14,-0.0147211,-0.0493963,0.189762,0.19663753
4449,4450,-0.0111586,-0.0541666,0.194806,0.2025041,6.02488e-15,7.18865e-16,7.79879e-15,9.8811475e-15,-0.0111586,-0.0541666,0.194806,0.2025041
4450,4451,0.00244158,0.00988873,0.0195858,0.022076046,1.20544e-15,1.50802e-15,-3.83117e-17,1.9309785e-15,0.00244158,0.00988873,0.0195858,0.022076046
4451,4452,-0.0132927,-0.0242148,0.0317198,0.042061836,5.1976e-17,1.80897e-15,-2.75255e-15,3.2941776e-15,-0.0132927,-0.0242148,0.0317198,0.042061836
4452,4453,0.00441839,0.0106988,0.214748,0.21505974,7.94214e-15,1.91663e-15,1.14288e-14,1.4048792e-14,0.00441839,0.0106988,0.214748,0.21505974
4453,4454,0.0180334,-0.0275863,0.0159622,0.036619656,1.90546e-15,-1.82836e-15,-6.2163e-16,2.7129506e-15,0.0180334,-0.0275863,0.0159622,0.036619656
4454,4455,-0.0341181,0.0242627,0.199916,0.20425262,4.18159e-15,1.84728e-15,7.60653e-15,8.874539e-15,-0.0341181,0.0242627,0.199916,0.20425262
4455,4456,-0.0191121,-0.00616805,0.414528,0.4150142,1.38995e-14,2.40765e-15,2.04682e-14,2.4858401e-14,-0.0191121,-0.00616805,0.414528,0.4150142
4456,4457,-0.00178778,0.00652207,0.271929,0.27201307,8.43515e-15,2.16728e-15,1.43965e-14,1.6825817e-14,-0.00178778,0.00652207,0.271929,0.27201307
4457,4458,-0.0290635,-0.0412521,0.246181,0.25129965,8.20027e-15,2.40969e-16,9.5199e-15,1.2567059e-14,-0.0290635,-0.0412521,0.246181,0.25129965
4458,4459,-0.0304342,-0.0198484,0.0753941,0.083692715,8.54497e-16,1.82441e-15,3.50674e-15,4.044238e-15,-0.0304342,-0.0198484,0.0753941,0.083692715
4459,4460,0.0156264,-0.0394597,0.0727942,0.08426297,3.97659e-15,-1.74863e-15,4.71292e-15,6.4095703e-15,0.0156264,-0.0394597,0.0727942,0.08426297
4460,4461,0.0161818,-0.0376597,0.101649,0.109602116,3.95784e-15,-1.42606e-15,6.21485e-15,7.504832e-15,0.0161818,-0.0376597,0.101649,0.109602116
4461,4462,-0.0420928,-0.02885,0.334191,0.3380647,9.69882e-15,7.68776e-17,1.56082e-14,1.8376315e-14,-0.0420928,-0.02885,0.334191,0.3380647
4462,4463,-0.00312945,0.034113,0.0681175,0.07624621,1.75704e-15,2.38261e-15,2.52021e-15,3.887863e-15,-0.00312945,0.034113,0.0681175,0.07624621
4463,4464,-0.0340315,-0.0301922,0.207301,0.21223435,5.44804e-15,8.48647e-16,7.71502e-15,9.482767e-15,-0.0340315,-0.0301922,0.207301,0.21223435
4464,4465,0.00731804,-0.048088,0.116507,0.12625328,3.39693e-15,-1.68642e-15,6.86096e-15,7.839382e-15,0.00731804,-0.048088,0.116507,0.12625328
4465,4466,-0.0342502,-0.0399949,0.330189,0.33436123,1.14748e-14,-8.97207e-16,1.33798e-14,1.7649222e-14,-0.0342502,-0.0399949,0.330189,0.33436123
4466,4467,-0.00853761,-0.0655559,0.334945,0.34140682,1.28563e-14,-1.35876e-15,1.78322e-14,2.2025396e-14,-0.00853761,-0.0655559,0.334945,0.34140682
4467,4468,-0.0455505,-0.0124081,0.144063,0.15160131,3.01476e-15,7.47963e-16,8.02348e-15,8.6037465e-15,-0.0455505,-0.0124081,0.144063,0.15160131
4468,4469,-0.0401411,0.0234962,0.143225,0.15058811,2.897e-15,4.33155e-15,2.90044e-15,5.963848e-15,-0.0401411,0.0234962,0.143225,0.15058811
4469,4470,-0.0378895,-0.0310994,0.375324,0.37851143,1.10788e-14,-9.16823e-17,1.98803e-14,2.2759054e-14,-0.0378895,-0.0310994,0.375324,0.37851143
4470,4471,0.00741205,-0.0590822,0.363432,0.36827767,1.5082e-14,1.15081e-15,1.96649e-14,2.480926e-14,0.00741205,-0.0590822,0.363432,0.36827767
4471,4472,0.00430212,-0.0648,0.212463,0.22216678,6.87482e-15,-2.05239e-15,1.43315e-14,1.6027081e-14,0.00430212,-0.0648,0.212463,0.22216678
4472,4473,-0.0195593,-0.0448897,0.439568,0.44228688,1.36336e-14,-1.40299e-15,2.43905e-14,2.797749e-14,-0.0195593,-0.0448897,0.439568,0.44228688
4473,4474,0.00185244,-0.0215926,0.384037,0.384648,1.46091e-14,1.34053e-15,2.11307e-14,2.57241e-14,0.00185244,-0.0215926,0.384037,0.384648
4474,4475,0.0214784,0.000938029,0.0328805,0.039285224,1.32773e-15,2.15145e-16,2.588e-15,2.9166586e-15,0.0214784,0.000938029,0.0328805,0.039285224
4475,4476,-0.0542631,-0.0084407,0.287347,0.29254746,7.49302e-15,1.43497e-15,1.24198e-14,1.4575868e-14,-0.0542631,-0.0084407,0.287347,0.29254746
4476,4477,-0.0203701,-0.0453077,0.198834,0.20494558,5.80119e-15,6.50407e-16,8.73515e-15,1.0506174e-14,-0.0203701,-0.0453077,0.198834,0.20494558
4477,4478,-0.0137415,-0.055712,0.223376,0.23062849,7.90438e-15,-2.63127e-15,1.16445e-14,1.4317723e-14,-0.0137415,-0.055712,0.223376,0.23062849
4478,4479,-0.0308413,0.0303942,0.0904554,0.100285456,1.57228e-15,2.35869e-15,4.38158e-15,5.218594e-15,-0.0308413,0.0303942,0.0904554,0.100285456
4479,4480,-0.021347,-0.0425951,0.180248,0.18643868,4.6448e-15,-6.64435e-16,8.26073e-15,9.500279e-15,-0.021347,-0.0425951,0.180248,0.18643868
4480,4481,0.0163847,-0.00581586,0.106699,0.10810623,2.62855e-15,5.05224e-16,7.00872e-15,7.502445e-15,0.0163847,-0.00581586,0.106699,0.10810623
4481,4482,-0.0257881,-0.039899,0.212032,0.21728905,5.20589e-15,-5.82527e-16,1.04094e-14,1.1653163e-14,-0.0257881,-0.039899,0.212032,0.21728905
4482,4483,-0.0140158,-0.00668835,0.380026,0.3803432,1.20443e-14,3.98245e-15,1.77609e-14,2.1826008e-14,-0.0140158,-0.00668835,0.380026,0.3803432
4483,4484,-0.00788097,-0.0489735,0.152396,0.16026556,4.29428e-15,-2.0752e-15,9.86177e-15,1.0954534e-14,-0.00788097,-0.0489735,0.152396,0.16026556
4484,4485,-0.0423932,0.0218175,0.126928,0.13558726,2.0022e-15,2.64271e-15,4.66877e-15,5.7262667e-15,-0.0423932,0.0218175,0.126928,0.13558726
4485,4486,0.00329983,-0.000569941,0.281213,0.28123292,9.44204e-15,3.31399e-16,1.62034e-14,1.8756655e-14,0.00329983,-0.000569941,0.281213,0.28123292
4486,4487,-0.0558043,-0.00592645,0.305656,0.3107649,9.63231e-15,2.38435e-15,1.73622e-14,1.9997813e-14,-0.0558043,-0.00592645,0.305656,0.3107649
4487,4488,-0.033002,-0.0399506,0.31538,0.31960872,9.90764e-15,-1.75654e-15,1.4728e-14,1.7837062e-14,-0.033002,-0.0399506,0.31538,0.31960872
4488,4489,-0.0231269,-0.0479877,0.255579,0.26107144,8.46718e-15,-5.46281e-16,1.15406e-14,1.4324001e-14,-0.0231269,-0.0479877,0.255579,0.26107144
4489,4490,-0.0181785,0.0165009,0.252408,0.25359917,7.93775e-15,2.82324e-15,1.11318e-14,1.3960499e-14,-0.0181785,0.0165009,0.252408,0.25359917
4490,4491,0.00337858,-0.0682274,0.249645,0.25882238,6.96494e-15,-1.63881e-15,1.46613e-14,1.6314099e-14,0.00337858,-0.0682274,0.249645,0.25882238
4491,4492,-0.0357484,0.0265105,0.186571,0.19180588,2.80949e-15,1.2893e-15,6.23597e-15,6.9600896e-15,-0.0357484,0.0265105,0.186571,0.19180588
4492,4493,-0.0306601,0.0289979,0.158421,0.16394551,3.54945e-15,2.36248e-15,7.16029e-15,8.3336455e-15,-0.0306601,0.0289979,0.158421,0.16394551
4493,4494,-0.0319283,-0.0419254,0.27415,0.27916908,8.63891e-15,1.21522e-15,1.3188e-14,1.5812364e-14,-0.0319283,-0.0419254,0.27415,0.27916908
4494,4495,0.00716611,0.0184405,0.162253,0.16345471,5.01179e-15,2.68845e-15,9.1227e-15,1.0750324e-14,0.00716611,0.0184405,0.162253,0.16345471
4495,4496,-0.0436379,-0.017216,0.182322,0.18826036,3.80105e-15,-2.52125e-16,7.69572e-15,8.586947e-15,-0.0436379,-0.017216,0.182322,0.18826036
4496,4497,-0.0409175,-0.0139656,0.112545,0.12056391,2.38655e-15,1.50824e-15,4.1749e-15,5.039861e-15,-0.0409175,-0.0139656,0.112545,0.12056391
4497,4498,-0.0113761,-0.0598092,0.249936,0.25724417,7.13021e-15,-1.96299e-15,1.41897e-14,1.6001276e-14,-0.0113761,-0.0598092,0.249936,0.25724417
4498,4499,-0.0170084,0.0275954,0.0391214,0.050806258,1.03e-15,1.66752e-15,1.32974e-15,2.368487e-15,-0.0170084,0.0275954,0.0391214,0.050806258
4499,4500,0.00600319,-0.0330478,0.0333203,0.047312133,1.31663e-15,-3.71259e-16,-9.11974e-16,1.6440938e-15,0.00600319,-0.0330478,0.0333203,0.047312133
4500,4501,0.0127641,-0.0212641,0.262727,0.26389498,1.00111e-14,1.23718e-15,1.44428e-14,1.7616674e-14,0.0127641,-0.0212641,0.262727,0.26389498
4501,4502,-0.0532459,-0.00909607,0.268977,0.27434736,7.52307e-15,1.32284e-15,1.40643e-14,1.6004718e-14,-0.0532459,-0.00909607,0.268977,0.27434736
4502,4503,-0.0182806,-0.0023481,0.349602,0.3500875,1.16204e-14,2.75398e-15,1.60477e-14,2.0003669e-14,-0.0182806,-0.0023481,0.349602,0.3500875
4503,4504,-0.0337373,-0.00743183,0.451749,0.453068,1.41496e-14,1.15652e-15,2.2587e-14,2.6678104e-14,-0.0337373,-0.00743183,0.451749,0.453068
4504,4505,-0.0292273,-0.0430819,0.355936,0.35972312,1.23039e-14,2.05988e-15,1.75176e-14,2.1505706e-14,-0.0292273,-0.0430819,0.355936,0.35972312
4505,4506,0.00953597,0.000109552,0.230513,0.23071018,8.37961e-15,2.19432e-15,1.39864e-14,1.6451513e-14,0.00953597,0.000109552,0.230513,0.23071018
4506,4507,-0.0293603,-0.02585,0.105802,0.112802096,1.58991e-15,5.1202e-16,4.62849e-15,4.92066e-15,-0.0293603,-0.02585,0.105802,0.112802096
4507,4508,-0.0453383,0.00349765,0.340796,0.34381637,9.38118e-15,1.80659e-15,1.37852e-14,1.6772062e-14,-0.0453383,0.00349765,0.340796,0.34381637
4508,4509,-0.00228198,0.021058,0.183262,0.18448201,6.13468e-15,1.8092e-15,9.74053e-15,1.1652701e-14,-0.00228198,0.021058,0.183262,0.18448201
4509,4510,-0.0293826,-0.0316089,0.171933,0.17726651,3.51306e-15,1.74182e-15,6.17974e-15,7.3187916e-15,-0.0293826,-0.0316089,0.171933,0.17726651
4510,4511,-0.000295404,-0.0197692,0.35994,0.3604826,1.31676e-14,1.96319e-15,1.89411e-14,2.3151784e-14,-0.000295404,-0.0197692,0.35994,0.3604826
4511,4512,-0.0196217,-0.00924146,0.0234913,0.03197275,5.18519e-16,1.10263e-15,-1.66551e-15,2.0636323e-15,-0.0196217,-0.00924146,0.0234913,0.03197275
4512,4513,-0.0073487,-0.0672352,0.289086,0.29689273,1.16075e-14,-1.47894e-15,1.3854e-14,1.8134349e-14,-0.0073487,-0.0672352,0.289086,0.29689273
4513,4514,-0.0188761,-0.0540827,0.259083,0.26533988,7.35716e-15,-8.81841e-16,1.17596e-14,1.3899411e-14,-0.0188761,-0.0540827,0.259083,0.26533988
4514,4515,-0.0255075,-0.0410331,0.442598,0.44522727,1.39744e-14,-2.91168e-15,2.67203e-14,3.029416e-14,-0.0255075,-0.0410331,0.442598,0.44522727
4515,4516,0.00810428,-0.00453789,0.258585,0.25875175,9.02234e-15,1.6499e-15,1.24229e-14,1.544193e-14,0.00810428,-0.00453789,0.258585,0.25875175
4516,4517,-0.0136689,0.0332829,0.0619968,0.071681194,9.13703e-16,3.19216e-15,2.64133e-15,4.242801e-15,-0.0136689,0.0332829,0.0619968,0.071681194
4517,4518,-0.0151014,-0.0341322,0.455203,0.45673057,1.37286e-14,-1.60195e-15,2.35597e-14,2.7314834e-14,-0.0151014,-0.0341322,0.455203,0.45673057
4518,4519,-0.0354484,0.0190013,0.249584,0.2528039,7.36838e-15,2.47402e-15,9.81845e-15,1.25226105e-14,-0.0354484,0.0190013,0.249584,0.2528039
4519,4520,-0.0268591,0.00883524,0.0233832,0.036691237,1.299e-16,2.22411e-15,1.21818e-15,2.5391932e-15,-0.0268591,0.00883524,0.0233832,0.036691237
4520,4521,-0.00590058,0.0331597,0.0437937,0.05524736,1.2647e-15,2.05995e-15,1.79314e-15,3.0096862e-15,-0.00590058,0.0331597,0.0437937,0.05524736
4521,4522,0.022233,-0.00666983,0.0477805,0.053120326,2.88324e-15,-3.28995e-16,2.1163e-15,3.591662e-15,0.022233,-0.00666983,0.0477805,0.053120326
4522,4523,-0.0185111,-0.029611,0.0926329,0.098996595,1.42663e-15,3.04781e-16,3.71157e-15,3.9879717e-15,-0.0185111,-0.029611,0.0926329,0.098996595
4523,4524,-0.0130084,-0.00774084,0.393469,0.3937601,1.30229e-14,3.54694e-15,2.13773e-14,2.5281726e-14,-0.0130084,-0.00774084,0.393469,0.3937601
4524,4525,0.00507161,-0.0580213,0.166323,0.17622581,4.96041e-15,-3.13255e-15,1.17567e-14,1.3139199e-14,0.00507161,-0.0580213,0.166323,0.17622581
4525,4526,-0.00684281,0.0279803,0.144415,0.14725968,4.93064e-15,1.92034e-15,6.81426e-15,8.627459e-15,-0.00684281,0.0279803,0.144415,0.14725968
4526,4527,-0.00133292,-0.0407914,0.429929,0.43186185,1.58644e-14,2.73067e-16,2.08132e-14,2.6171417e-14,-0.00133292,-0.0407914,0.429929,0.43186185
4527,4528,-0.0546498,0.000687278,0.312836,0.3175743,7.04787e-15,3.55806e-15,1.32747e-14,1.5445061e-14,-0.0546498,0.000687278,0.312836,0.3175743
4528,4529,0.0152981,-0.0452428,0.172202,0.17870219,5.35728e-15,-3.42494e-16,1.08047e-14,1.2064795e-14,0.0152981,-0.0452428,0.172202,0.17870219
4529,4530,-0.0510651,-0.00301716,0.353986,0.357663,1.06553e-14,6.26215e-16,1.68288e-14,1.9928273e-14,-0.0510651,-0.00301716,0.353986,0.357663
4530,4531,-0.0341785,0.00179028,0.390201,0.3916991,1.04548e-14,1.82426e-15,1.83198e-14,2.1171817e-14,-0.0341785,0.00179028,0.390201,0.3916991
4531,4532,-0.0255998,-0.0478398,0.367025,0.37101394,1.27077e-14,1.79854e-15,1.80069e-14,2.211264e-14,-0.0255998,-0.0478398,0.367025,0.37101394
4532,4533,-0.0525845,0.00748381,0.173849,0.18178177,1.54742e-15,1.88188e-15,7.10932e-15,7.515213e-15,-0.0525845,0.00748381,0.173849,0.18178177
4533,4534,-0.00739704,-0.064548,0.262787,0.27069944,8.22074e-15,-1.14042e-15,1.31168e-14,1.552197e-14,-0.00739704,-0.064548,0.262787,0.27069944
4534,4535,-0.0215902,-0.0351904,0.140737,0.14666766,2.93823e-15,-9.9353e-16,2.81462e-15,4.1883628e-15,-0.0215902,-0.0351904,0.140737,0.14666766
4535,4536,-0.0513664,-0.0125102,0.339876,0.34396324,9.99221e-15,2.10439e-15,1.78725e-14,2.0583951e-14,-0.0513664,-0.0125102,0.339876,0.34396324
4536,4537,0.00774321,-0.00881986,0.283782,0.2840246,1.08644e-14,6.28149e-16,1.41567e-14,1.7856146e-14,0.00774321,-0.00881986,0.283782,0.2840246
4537,4538,-0.0477961,0.00577516,0.326871,0.33039746,8.48766e-15,2.591e-15,1.09085e-14,1.4062327e-14,-0.0477961,0.00577516,0.326871,0.33039746
4538,4539,0.0052944,-0.0145141,0.0168732,0.02287782,8.90708e-16,-4.14703e-16,1.50251e-15,1.795237e-15,0.0052944,-0.0145141,0.0168732,0.02287782
4539,4540,-0.00353017,-0.0175306,0.277067,0.2776435,8.86983e-15,1.35776e-15,1.30726e-14,1.5855921e-14,-0.00353017,-0.0175306,0.277067,0.2776435
4540,4541,-0.00795455,0.032259,0.103683,0.10887646,3.53076e-15,1.86032e-15,4.54544e-15,6.0488084e-15,-0.00795455,0.032259,0.103683,0.10887646
4541,4542,0.0167088,-0.030163,0.119477,0.1243533,3.65924e-15,-7.09489e-17,7.20548e-15,8.081708e-15,0.0167088,-0.030163,0.119477,0.1243533
4542,4543,-0.00799339,0.0242958,0.172504,0.17438981,3.94938e-15,1.71393e-16,9.14163e-15,9.959738e-15,-0.00799339,0.0242958,0.172504,0.17438981
4543,4544,0.0063814,-0.0391923,0.072455,0.08262255,3.58482e-15,6.15184e-16,3.30129e-15,4.912016e-15,0.0063814,-0.0391923,0.072455,0.08262255
4544,4545,0.000116233,-0.0698177,0.305143,0.3130284,1.21886e-14,-2.21889e-15,1.5634e-14,1.9947616e-14,0.000116233,-0.0698177,0.305143,0.3130284
4545,4546,-0.0435365,0.0196976,0.204714,0.21021713,4.56155e-15,2.01389e-15,5.7757e-15,7.630347e-15,-0.0435365,0.0196976,0.204714,0.21021713
4546,4547,-0.0431198,-0.0277869,0.292649,0.29711086,7.91521e-15,1.96287e-15,1.20983e-14,1.4590144e-14,-0.0431198,-0.0277869,0.292649,0.29711086
4547,4548,0.00677982,-0.0159832,0.312689,0.31317064,1.21909e-14,2.64751e-15,1.52985e-14,1.9740098e-14,0.00677982,-0.0159832,0.312689,0.31317064
4548,4549,-0.0476673,-0.011778,0.395372,0.39840922,1.10161e-14,1.92542e-15,1.73087e-14,2.0607105e-14,-0.0476673,-0.011778,0.395372,0.39840922
4549,4550,0.0183876,-0.0326723,0.0459519,0.05930565,2.82643e-15,-2.93987e-16,3.94088e-16,2.8688743e-15,0.0183876,-0.0326723,0.0459519,0.05930565
4550,4551,0.011982,0.0183412,0.134804,0.13657264,5.26283e-15,8.80476e-16,7.6287e-15,9.309655e-15,0.011982,0.0183412,0.134804,0.13657264
4551,4552,0.0104903,0.0011681,0.202454,0.20272897,6.62384e-15,1.98132e-15,9.10827e-15,1.1435098e-14,0.0104903,0.0011681,0.202454,0.20272897
4552,4553,-0.0205098,-0.0158654,0.454126,0.4548657,1.31998e-14,-8.59859e-16,2.17066e-14,2.5419491e-14,-0.0205098,-0.0158654,0.454126,0.4548657
4553,4554,-0.000260294,0.014011,0.226802,0.22723451,6.58068e-15,3.06862e-15,1.08004e-14,1.3014239e-14,-0.000260294,0.014011,0.226802,0.22723451
4554,4555,-0.00411572,-0.0626664,0.225653,0.23422913,8.32203e-15,-2.48754e-15,1.15167e-14,1.4424924e-14,-0.00411572,-0.0626664,0.225653,0.23422913
4555,4556,-0.017625,0.0327906,0.0757435,0.084397525,1.43008e-15,1.98542e-15,1.50435e-15,2.872297e-15,-0.017625,0.0327906,0.0757435,0.084397525
4556,4557,0.015249,-0.0439399,0.0910527,0.10224403,3.887e-15,-1.61685e-15,3.98627e-15,5.7976995e-15,0.015249,-0.0439399,0.0910527,0.10224403
4557,4558,-0.0028203,0.0340771,0.0377858,0.050960466,1.74517e-15,3.52368e-15,2.66301e-15,4.7490588e-15,-0.0028203,0.0340771,0.0377858,0.050960466
4558,4559,-0.05292,0.00419802,0.15479,0.16364014,1.97711e-15,2.45132e-15,8.10247e-15,8.692983e-15,-0.05292,0.00419802,0.15479,0.16364014
4559,4560,-0.0413516,-0.00243219,0.0709328,0.082142144,1.36958e-15,2.64591e-15,-1.01774e-15,3.1483941e-15,-0.0413516,-0.00243219,0.0709328,0.082142144
4560,4561,0.0226541,-0.00103514,0.0191981,0.029712737,1.3481e-15,4.24645e-17,1.94142e-15,2.363956e-15,0.0226541,-0.00103514,0.0191981,0.029712737
4561,4562,-0.0336683,-0.0343189,0.415853,0.4186228,1.40381e-14,2.17864e-16,2.08717e-14,2.5154395e-14,-0.0336683,-0.0343189,0.415853,0.4186228
4562,4563,-0.0176492,-0.0510541,0.214236,0.22094135,6.50774e-15,-1.93662e-15,1.20321e-14,1.3815665e-14,-0.0176492,-0.0510541,0.214236,0.22094135
4563,4564,0.0139434,-0.0198314,0.20018,0.20164259,6.54586e-15,4.94118e-16,1.05868e-14,1.2456836e-14,0.0139434,-0.0198314,0.20018,0.20164259
4564,4565,-0.0229515,-0.0491249,0.380335,0.38418064,1.45945e-14,2.93085e-16,2.25771e-14,2.688514e-14,-0.0229515,-0.0491249,0.380335,0.38418064
4565,4566,-0.0529215,0.00897775,0.21683,0.22337532,6.12596e-15,1.81749e-15,6.96248e-15,9.450226e-15,-0.0529215,0.00897775,0.21683,0.22337532
4566,4567,-0.0179062,-0.0561253,0.350722,0.35563546,1.32825e-14,-1.99436e-16,1.62927e-14,2.1021814e-14,-0.0179062,-0.0561253,0.350722,0.35563546
4567,4568,-0.0355112,-0.0230107,0.180608,0.18549876,5.01005e-15,2.12213e-15,8.19226e-15,9.834489e-15,-0.0355112,-0.0230107,0.180608,0.18549876
4568,4569,-0.0229049,-0.0447869,0.427739,0.43068683,1.33118e-14,-8.06785e-16,2.39501e-14,2.7412812e-14,-0.0229049,-0.0447869,0.427739,0.43068683
4569,4570,-0.0128594,0.0320279,0.135987,0.1402983,4.71956e-15,1.93367e-15,7.33562e-15,8.9344646e-15,-0.0128594,0.0320279,0.135987,0.1402983
4570,4571,-0.00771526,-0.0403676,0.213928,0.21783999,7.33319e-15,-1.05938e-15,9.4149e-15,1.1980747e-14,-0.00771526,-0.0403676,0.213928,0.21783999
4571,4572,0.010971,-0.0301755,0.324697,0.32628065,1.3523e-14,8.33598e-16,1.60232e-14,2.098355e-14,0.010971,-0.0301755,0.324697,0.32628065
4572,4573,0.0144334,-0.017443,0.166941,0.16846922,4.99687e-15,-4.59973e-16,8.52578e-15,9.892887e-15,0.0144334,-0.017443,0.166941,0.16846922
4573,4574,0.0144547,0.0120674,0.0944419,0.09630074,4.40244e-15,1.97679e-15,7.47253e-15,8.895385e-15,0.0144547,0.0120674,0.0944419,0.09630074
4574,4575,-0.047326,-0.0138751,0.226169,0.23148367,4.43394e-15,-3.06122e-16,7.36557e-15,8.602625e-15,-0.047326,-0.0138751,0.226169,0.23148367
4575,4576,-0.0168152,0.0227837,0.213096,0.21496919,6.52717e-15,2.03493e-15,1.13473e-14,1.32478714e-14,-0.0168152,0.0227837,0.213096,0.21496919
4576,4577,-0.01943,-0.0188981,0.0267886,0.038108952,-6.13719e-16,4.97686e-16,3.56555e-15,3.652053e-15,-0.01943,-0.0188981,0.0267886,0.038108952
4577,4578,-0.00924707,-0.0388392,0.0997052,0.10740166,2.31223e-15,5.59595e-16,7.38873e-15,7.7622735e-15,-0.00924707,-0.0388392,0.0997052,0.10740166
4578,4579,0.0166874,0.000347452,0.0714244,0.07334872,3.03296e-15,-6.80928e-18,4.74944e-15,5.6352526e-15,0.0166874,0.000347452,0.0714244,0.07334872
4579,4580,-0.0387795,-0.0202115,0.445131,0.4472739,1.37569e-14,2.58716e-16,2.12197e-14,2.5290213e-14,-0.0387795,-0.0202115,0.445131,0.4472739
4580,4581,0.0178408,-0.0363156,0.0870893,0.09602949,3.93013e-15,-1.38603e-15,4.54952e-15,6.169695e-15,0.0178408,-0.0363156,0.0870893,0.09602949
4581,4582,0.00730353,-0.0226664,0.330721,0.33157727,1.38248e-14,2.42758e-15,1.49549e-14,2.0510176e-14,0.00730353,-0.0226664,0.330721,0.33157727
4582,4583,-0.0530615,0.00783005,0.19958,0.20666158,3.87308e-15,1.50691e-15,6.54484e-15,7.752836e-15,-0.0530615,0.00783005,0.19958,0.20666158
4583,4584,-0.0416871,-0.0262686,0.366108,0.36940888,1.10184e-14,2.37722e-16,1.82192e-14,2.1293212e-14,-0.0416871,-0.0262686,0.366108,0.36940888
4584,4585,-0.0477246,-0.0121715,0.372745,0.37598488,1.05882e-14,1.01109e-15,1.92715e-14,2.2011882e-14,-0.0477246,-0.0121715,0.372745,0.37598488
4585,4586,-0.0359198,-0.0189897,0.0972724,0.10541709,1.73151e-15,8.18095e-16,5.76089e-15,6.0708533e-15,-0.0359198,-0.0189897,0.0972724,0.10541709
4586,4587,-0.0100138,-0.0430413,0.124644,0.13224581,2.56974e-15,-6.13391e-16,5.97818e-15,6.535935e-15,-0.0100138,-0.0430413,0.124644,0.13224581
4587,4588,-0.0434455,0.0102097,0.310844,0.31403142,8.58455e-15,4.46472e-15,1.48397e-14,1.7715669e-14,-0.0434455,0.0102097,0.310844,0.31403142
4588,4589,-0.0344572,0.0153833,0.285079,0.28756562,7.23667e-15,2.63955e-15,1.29364e-14,1.5056131e-14,-0.0344572,0.0153833,0.285079,0.28756562
4589,4590,-0.00968926,-0.0161637,0.0111099,0.021876398,-1.61334e-16,5.74885e-16,-1.34898e-15,1.4752181e-15,-0.00968926,-0.0161637,0.0111099,0.021876398
4590,4591,-0.0314924,-0.0390093,0.377443,0.38075808,1.38803e-14,9.35514e-16,1.69191e-14,2.1904197e-14,-0.0314924,-0.0390093,0.377443,0.38075808
4591,4592,-0.0253274,-0.0404028,0.197493,0.20316827,5.16735e-15,5.55177e-16,1.0037e-14,1.13027035e-14,-0.0253274,-0.0404028,0.197493,0.20316827
4592,4593,-0.0059467,0.0349854,0.0827595,0.09004708,2.07104e-15,2.0554e-15,3.05827e-15,4.2269244e-15,-0.0059467,0.0349854,0.0827595,0.09004708
4593,4594,0.0102858,0.0285812,0.0715395,0.077721186,3.37463e-15,1.672e-15,5.20696e-15,6.4262077e-15,0.0102858,0.0285812,0.0715395,0.077721186
4594,4595,-0.0208358,-0.0258831,0.0572224,0.06617,4.42873e-16,1.10178e-15,3.56801e-16,1.2399043e-15,-0.0208358,-0.0258831,0.0572224,0.06617
4595,4596,-0.0352378,0.0268864,0.128044,0.13549851,2.59977e-15,3.37606e-15,3.03653e-15,5.232313e-15,-0.0352378,0.0268864,0.128044,0.13549851
4596,4597,0.00466947,-0.023124,0.0110733,0.026060339,1.99435e-15,-5.87149e-16,-8.42387e-16,2.2431658e-15,0.00466947,-0.023124,0.0110733,0.026060339
4597,4598,-0.0491201,-0.00875087,0.189496,0.19595432,2.72678e-15,2.84456e-17,7.03371e-15,7.5438194e-15,-0.0491201,-0.00875087,0.189496,0.19595432
4598,4599,-0.0169173,-0.0576878,0.314911,0.32059792,1.0316e-14,3.04411e-16,1.35107e-14,1.7001515e-14,-0.0169173,-0.0576878,0.314911,0.32059792
4599,4600,0.00312027,-0.0295364,0.391577,0.39270177,1.6421e-14,2.63115e-18,2.32557e-14,2.8468872e-14,0.00312027,-0.0295364,0.391577,0.39270177
4600,4601,0.0151747,0.0264862,0.0477301,0.056656446,1.6037e-15,2.89146e-15,4.38833e-15,5.4945274e-15,0.0151747,0.0264862,0.0477301,0.056656446
4601,4602,-0.0142402,0.0183494,0.0162777,0.028362779,-5.15889e-16,2.31925e-15,3.15399e-15,3.948761e-15,-0.0142402,0.0183494,0.0162777,0.028362779
4602,4603,0.0219672,0.00344609,0.0141132,0.026336588,6.46471e-16,6.75948e-16,1.39175e-15,1.6768419e-15,0.0219672,0.00344609,0.0141132,0.026336588
4603,4604,0.0135516,-0.0607596,0.265013,0.2722265,8.60755e-15,-1.04372e-15,1.6624e-14,1.8749311e-14,0.0135516,-0.0607596,0.265013,0.2722265
4604,4605,-0.00448014,-0.0356474,0.0674034,0.076380804,2.44759e-15,-1.03593e-15,3.24578e-15,4.1951085e-15,-0.00448014,-0.0356474,0.0674034,0.076380804
4605,4606,0.00147493,-0.0185793,0.372917,0.37338245,1.38304e-14,2.5859e-15,1.95937e-14,2.4122187e-14,0.00147493,-0.0185793,0.372917,0.37338245
4606,4607,-0.0527263,-0.00280184,0.235879,0.2417164,4.56016e-15,3.02049e-16,8.84687e-15,9.95758e-15,-0.0527263,-0.00280184,0.235879,0.2417164
4607,4608,-0.0402657,0.00178265,0.381726,0.38384795,1.03872e-14,1.82634e-15,1.86774e-14,2.1449353e-14,-0.0402657,0.00178265,0.381726,0.38384795
4608,4609,0.01147,-0.0253648,0.30284,0.30411676,1.34528e-14,6.13807e-17,1.46563e-14,1.9894439e-14,0.01147,-0.0253648,0.30284,0.30411676
4609,4610,-0.0471609,-0.00414646,0.0968148,0.10777035,4.91483e-16,1.0862e-15,-6.01971e-16,1.335573e-15,-0.0471609,-0.00414646,0.0968148,0.10777035
4610,4611,0.0230888,-0.0244728,0.0536614,0.06333685,1.87065e-15,-4.21141e-16,1.34423e-15,2.3417185e-15,0.0230888,-0.0244728,0.0536614,0.06333685
4611,4612,-0.0100368,0.015636,0.229491,0.23024191,7.51673e-15,1.98851e-15,1.2644e-14,1.4843387e-14,-0.0100368,0.015636,0.229491,0.23024191
4612,4613,-0.00483002,-0.0539746,0.168196,0.17671016,5.61041e-15,-5.56964e-16,1.15853e-14,1.2884335e-14,-0.00483002,-0.0539746,0.168196,0.17671016
4613,4614,-0.0307981,-0.000485999,0.410075,0.41123018,1.1747e-14,1.61513e-15,2.04416e-14,2.3631752e-14,-0.0307981,-0.000485999,0.410075,0.41123018
4614,4615,0.012295,-0.066669,0.232573,0.2422522,8.77311e-15,-1.75908e-15,1.31159e-14,1.58773e-14,0.012295,-0.066669,0.232573,0.2422522
4615,4616,0.00382657,-0.00455276,0.292535,0.29259545,1.07255e-14,1.29494e-15,1.38218e-14,1.7542959e-14,0.00382657,-0.00455276,0.292535,0.29259545
4616,4617,-0.0382458,-0.0303711,0.391173,0.39420992,1.21806e-14,-1.17201e-15,1.95779e-14,2.3087547e-14,-0.0382458,-0.0303711,0.391173,0.39420992
4617,4618,-0.0328497,-0.00360558,0.0390795,0.051179197,-8.16089e-16,-4.90745e-16,4.52723e-16,1.0544146e-15,-0.0328497,-0.00360558,0.0390795,0.051179197
4618,4619,-0.00988205,-0.0057217,0.0114288,0.016155811,3.8809e-16,8.64113e-16,5.61687e-16,1.1012708e-15,-0.00988205,-0.0057217,0.0114288,0.016155811
4619,4620,-0.0127328,-0.0628339,0.305758,0.31240708,1.09524e-14,-1.68442e-15,1.41662e-14,1.798537e-14,-0.0127328,-0.0628339,0.305758,0.31240708
4620,4621,-0.0229065,-0.00169141,0.383349,0.3840365,1.10005e-14,2.038e-15,1.66837e-14,2.0087566e-14,-0.0229065,-0.00169141,0.383349,0.3840365
4621,4622,-0.0166803,-0.0441629,0.161717,0.16846655,3.0926e-15,-8.21853e-16,6.83715e-15,7.548923e-15,-0.0166803,-0.0441629,0.161717,0.16846655
4622,4623,-0.0414239,0.0210637,0.0906156,0.10183715,9.63314e-16,1.70271e-15,3.83874e-15,4.308494e-15,-0.0414239,0.0210637,0.0906156,0.10183715
4623,4624,-0.0472006,-0.018906,0.373751,0.37719378,1.08344e-14,6.32474e-16,1.87941e-14,2.170259e-14,-0.0472006,-0.018906,0.373751,0.37719378
4624,4625,-0.0417046,-0.0224133,0.212606,0.217814,3.36169e-15,-8.49618e-16,8.22314e-15,8.924283e-15,-0.0417046,-0.0224133,0.212606,0.217814
4625,4626,0.0134936,-0.0630637,0.192298,0.20282413,7.11726e-15,-1.7495e-15,1.04672e-14,1.2778044e-14,0.0134936,-0.0630637,0.192298,0.20282413
4626,4627,0.00907446,-0.00945998,0.228468,0.22884375,8.59058e-15,1.11999e-15,1.05516e-14,1.3652425e-14,0.00907446,-0.00945998,0.228468,0.22884375
4627,4628,0.0202234,0.0163111,0.0458548,0.05270389,2.8231e-15,-1.27574e-15,4.00359e-15,5.0622268e-15,0.0202234,0.0163111,0.0458548,0.05270389
4628,4629,-0.00560069,-0.0462623,0.452326,0.4547201,1.40253e-14,-1.35675e-15,2.97786e-14,3.2944117e-14,-0.00560069,-0.0462623,0.452326,0.4547201
4629,4630,0.0105024,-0.0376082,0.357878,0.36000183,1.55729e-14,1.18617e-15,2.10719e-14,2.6228748e-14,0.0105024,-0.0376082,0.357878,0.36000183
4630,4631,-0.0305581,-0.0309044,0.463127,0.46516177,1.19703e-14,-2.53486e-15,2.88245e-14,3.131398e-14,-0.0305581,-0.0309044,0.463127,0.46516177
4631,4632,-0.0243291,-0.0482578,0.270058,0.2754125,9.55016e-15,-4.17637e-16,1.34796e-14,1.652512e-14,-0.0243291,-0.0482578,0.270058,0.2754125
4632,4633,-0.0400696,-0.0066877,0.434144,0.4360405,1.41847e-14,1.72224e-15,1.83488e-14,2.3256189e-14,-0.0400696,-0.0066877,0.434144,0.4360405
4633,4634,-0.0480575,-0.0195722,0.280428,0.28518844,7.86492e-15,1.14249e-15,1.00153e-14,1.27854795e-14,-0.0480575,-0.0195722,0.280428,0.28518844
4634,4635,0.0116927,0.00869434,0.153469,0.15415914,5.64478e-15,1.15771e-15,9.74626e-15,1.1322254e-14,0.0116927,0.00869434,0.153469,0.15415914
4635,4636,-0.008479,-0.0236925,0.0168005,0.03025698,9.47255e-16,5.46296e-16,2.89258e-16,1.1311064e-15,-0.008479,-0.0236925,0.0168005,0.03025698
4636,4637,-0.0417267,-0.0169813,0.150268,0.15687561,4.33877e-15,6.9367e-16,7.35773e-15,8.569848e-15,-0.0417267,-0.0169813,0.150268,0.15687561
4637,4638,-0.0089213,-0.064408,0.349003,0.35500854,1.46671e-14,-1.49275e-15,1.83506e-14,2.3539257e-14,-0.0089213,-0.064408,0.349003,0.35500854
4638,4639,-0.0220168,0.0128993,0.296804,0.2978989,9.09749e-15,1.625e-15,1.23922e-14,1.5458705e-14,-0.0220168,0.0128993,0.296804,0.2978989
4639,4640,-0.0409106,-0.0277996,0.261721,0.26635385,6.22114e-15,-1.94076e-16,1.02283e-14,1.1973235e-14,-0.0409106,-0.0277996,0.261721,0.26635385
4640,4641,-0.0531498,0.00541329,0.18475,0.19231945,4.10684e-15,1.13238e-15,6.41746e-15,7.702741e-15,-0.0531498,0.00541329,0.18475,0.19231945
4641,4642,-0.0395241,-0.0218061,0.424894,0.4272851,1.2484e-14,-1.58599e-16,1.98054e-14,2.3412162e-14,-0.0395241,-0.0218061,0.424894,0.4272851
4642,4643,-0.00685331,0.019214,0.199445,0.20048554,6.57093e-15,2.17521e-16,1.17111e-14,1.343035e-14,-0.00685331,0.019214,0.199445,0.20048554
4643,4644,-0.0221086,0.0203761,0.0229309,0.03781272,-9.50842e-16,1.89083e-15,3.7831e-15,4.3348796e-15,-0.0221086,0.0203761,0.0229309,0.03781272
4644,4645,0.00901438,-0.0529871,0.354538,0.35858902,1.5246e-14,2.25147e-16,2.09647e-14,2.5923154e-14,0.00901438,-0.0529871,0.354538,0.35858902
4645,4646,0.0193226,0.0165202,0.0621412,0.067140214,3.97378e-15,1.01195e-15,4.32471e-15,5.9597056e-15,0.0193226,0.0165202,0.0621412,0.067140214
4646,4647,0.0171998,-0.0279521,0.100571,0.10579073,3.64675e-15,-2.16767e-15,6.4919e-15,7.75515e-15,0.0171998,-0.0279521,0.100571,0.10579073
4647,4648,0.00380253,0.0163253,0.196825,0.19753748,6.81084e-15,2.12906e-15,1.14977e-14,1.3532093e-14,0.00380253,0.0163253,0.196825,0.19753748
4648,4649,0.00839542,-0.0628314,0.337294,0.34319896,1.37097e-14,-1.5378e-15,1.72854e-14,2.2115735e-14,0.00839542,-0.0628314,0.337294,0.34319896
4649,4650,0.00218961,-0.00903137,0.320338,0.32047278,1.20674e-14,2.35607e-15,1.47355e-14,1.9191356e-14,0.00218961,-0.00903137,0.320338,0.32047278
4650,4651,-0.00301078,-0.0141373,0.38324,0.3835125,1.34159e-14,1.0154e-15,1.92782e-14,2.3508857e-14,-0.00301078,-0.0141373,0.38324,0.3835125
4651,4652,-0.0044089,-0.00470963,0.197353,0.19745842,6.31599e-15,7.28203e-16,9.2031e-15,1.1185663e-14,-0.0044089,-0.00470963,0.197353,0.19745842
4652,4653,-0.0508801,0.00848356,0.144642,0.15356451,2.56356e-15,2.88673e-15,4.45303e-15,5.8936006e-15,-0.0508801,0.00848356,0.144642,0.15356451
4653,4654,-0.0535301,0.0059324,0.137401,0.14757948,1.73145e-15,3.07843e-15,4.2562e-15,5.5308126e-15,-0.0535301,0.0059324,0.137401,0.14757948
4654,4655,-0.0163262,0.0098114,0.0161382,0.024964973,-2.51702e-16,1.04587e-15,-3.26833e-16,1.1242855e-15,-0.0163262,0.0098114,0.0161382,0.024964973
4655,4656,-0.0445675,0.0124093,0.288419,0.29210576,7.71546e-15,2.33276e-15,1.39346e-14,1.6097924e-14,-0.0445675,0.0124093,0.288419,0.29210576
4656,4657,-0.0238427,0.0265106,0.046804,0.058837917,1.9708e-15,2.41385e-15,2.55166e-15,4.0276163e-15,-0.0238427,0.0265106,0.046804,0.058837917
4657,4658,0.0155286,0.0237623,0.0677461,0.07345284,3.49148e-15,1.16494e-15,3.1073e-15,4.8169315e-15,0.0155286,0.0237623,0.0677461,0.07345284
4658,4659,-0.00780793,-0.0265132,0.43968,0.44054785,1.48451e-14,4.93216e-16,1.9811e-14,2.4760774e-14,-0.00780793,-0.0265132,0.43968,0.44054785
4659,4660,0.00181589,-0.0158111,0.350218,0.3505794,1.30452e-14,4.02905e-15,1.69331e-14,2.175179e-14,0.00181589,-0.0158111,0.350218,0.3505794
4660,4661,-0.0205543,-0.0528701,0.363118,0.36752197,1.31573e-14,1.12807e-15,1.83438e-14,2.2602702e-14,-0.0205543,-0.0528701,0.363118,0.36752197
4661,4662,-0.0490534,-0.0117119,0.214684,0.22052805,4.30447e-15,-1.19056e-15,8.7425e-15,9.817189e-15,-0.0490534,-0.0117119,0.214684,0.22052805
4662,4663,0.0141013,-0.0444244,0.198045,0.20345564,6.58497e-15,-1.28757e-15,1.05391e-14,1.249369e-14,0.0141013,-0.0444244,0.198045,0.20345564
4663,4664,0.00607014,-0.036036,0.0454393,0.058310974,1.22135e-15,-1.44362e-15,1.77842e-15,2.5958644e-15,0.00607014,-0.036036,0.0454393,0.058310974
4664,4665,-0.00042468,-0.0725571,0.309976,0.3183549,1.13372e-14,-3.08914e-15,1.69469e-14,2.0622132e-14,-0.00042468,-0.0725571,0.309976,0.3183549
4665,4666,-0.0535979,0.00555527,0.129121,0.13991365,2.05165e-15,2.36637e-15,1.61816e-15,3.5252541e-15,-0.0535979,0.00555527,0.129121,0.13991365
4666,4667,-0.0380357,-0.0343929,0.325496,0.32951057,9.29433e-15,-1.56482e-15,1.42933e-14,1.7121087e-14,-0.0380357,-0.0343929,0.325496,0.32951057
4667,4668,-0.0140162,-0.0350549,0.0922772,0.09970146,1.24934e-15,-3.27178e-16,3.7606e-15,3.97618e-15,-0.0140162,-0.0350549,0.0922772,0.09970146
4668,4669,0.0230453,-0.00551953,0.0110211,0.02613457,1.57018e-16,3.80968e-16,1.48699e-15,1.5430264e-15,0.0230453,-0.00551953,0.0110211,0.02613457
4669,4670,0.0142948,-0.00412732,0.09117,0.092376105,2.87354e-15,2.2521e-16,4.17142e-15,5.0703744e-15,0.0142948,-0.00412732,0.09117,0.092376105
4670,4671,0.00513391,-0.023441,0.351354,0.35217252,1.42781e-14,2.67851e-15,1.61496e-14,2.1722067e-14,0.00513391,-0.023441,0.351354,0.35217252
