node_idx,feb_id,A_dynamic_dx,A_dynamic_dy,A_dynamic_dz,A_dynamic_mag,B_dynamic_dx,B_dynamic_dy,B_dynamic_dz,B_dynamic_mag,diff_dx,diff_dy,diff_dz,diff_mag
0,1,-0.0117614,-0.00772579,0.0146082,0.020283438,-1.52546e-15,-2.80447e-15,7.04523e-16,3.2693168e-15,-0.0117614,-0.00772579,0.0146082,0.020283438
1,2,-0.0104951,-0.00813467,0.0171863,0.0217184,-1.14343e-15,-9.70741e-16,2.2228e-15,2.6815312e-15,-0.0104951,-0.00813467,0.0171863,0.0217184
2,3,-0.0111875,-0.00853612,0.0144035,0.020136692,1.52314e-16,-1.16285e-15,4.26404e-15,4.4223815e-15,-0.0111875,-0.00853612,0.0144035,0.020136692
3,4,-0.0114535,-0.00892659,0.011895,0.018771194,-1.80504e-16,2.02054e-15,4.78395e-16,2.0842324e-15,-0.0114535,-0.00892659,0.011895,0.018771194
4,5,-0.0118067,-0.00802076,0.0122324,0.018797934,2.90637e-16,-9.98809e-16,2.94393e-15,3.1223087e-15,-0.0118067,-0.00802076,0.0122324,0.018797934
5,6,-0.0120993,-0.00852066,0.0103772,0.018074319,3.41106e-16,2.0674e-16,-2.95209e-16,4.9622885e-16,-0.0120993,-0.00852066,0.0103772,0.018074319
6,7,-0.0114527,-0.00894848,0.00964458,0.01744298,4.65537e-16,9.08033e-16,-1.56481e-15,1.8681218e-15,-0.0114527,-0.00894848,0.00964458,0.01744298
7,8,-0.0122856,-0.00898642,0.00867196,0.017518407,-1.53572e-15,-3.56472e-16,1.41875e-16,1.5829203e-15,-0.0122856,-0.00898642,0.00867196,0.017518407
8,9,-0.0117056,-0.00926703,0.00816066,0.017014561,-1.30087e-15,3.17582e-16,-2.7831e-15,3.0884894e-15,-0.0117056,-0.00926703,0.00816066,0.017014561
9,10,-0.0125605,-0.00834028,0.00960262,0.017875591,-1.57342e-15,-1.90796e-16,5.24622e-16,1.6695154e-15,-0.0125605,-0.00834028,0.00960262,0.017875591
10,11,-0.0123992,-0.00916614,0.00760909,0.017194666,-5.4556e-16,5.70714e-16,-5.14529e-16,9.423855e-16,-0.0123992,-0.00916614,0.00760909,0.017194666
11,12,-0.011785,-0.00953292,0.00686637,0.016640607,-4.77819e-16,-4.44728e-16,-8.38646e-16,1.0627422e-15,-0.011785,-0.00953292,0.00686637,0.016640607
12,13,-0.0122975,-0.00840362,0.00807773,0.016943997,-9.34161e-16,-5.4568e-16,-5.27981e-17,1.0831487e-15,-0.0122975,-0.00840362,0.00807773,0.016943997
13,14,-0.012354,-0.00960936,0.00645787,0.01693119,3.16517e-16,-2.94463e-16,4.54288e-17,4.3468984e-16,-0.012354,-0.00960936,0.00645787,0.01693119
14,15,-0.011939,-0.00984142,0.0056601,0.016475134,-1.03218e-15,-9.11663e-16,1.20238e-15,1.8281802e-15,-0.011939,-0.00984142,0.0056601,0.016475134
15,16,-0.0121676,-0.00900769,0.00696647,0.016664954,-4.21863e-16,-2.50606e-16,2.12664e-15,2.1825144e-15,-0.0121676,-0.00900769,0.00696647,0.016664954
16,17,-0.0128634,-0.0102293,0.00528976,0.017265202,3.62152e-16,-2.33418e-17,-4.34849e-16,5.663855e-16,-0.0128634,-0.0102293,0.00528976,0.017265202
17,18,-0.0123846,-0.0104082,0.00459782,0.016818112,1.0356e-15,-1.06623e-15,1.42199e-15,2.0570293e-15,-0.0123846,-0.0104082,0.00459782,0.016818112
18,19,-0.0122877,-0.00948555,0.00587923,0.016599054,-8.93784e-16,-1.81701e-15,8.75464e-16,2.2060852e-15,-0.0122877,-0.00948555,0.00587923,0.016599054
19,20,-0.0122321,-0.0107825,0.00328144,0.016632931,1.44922e-15,8.14871e-16,-1.891e-15,2.5179623e-15,-0.0122321,-0.0107825,0.00328144,0.016632931
20,21,-0.0121819,-0.0102268,0.00396851,0.016393146,1.79114e-15,-5.33438e-16,7.09921e-16,1.9991816e-15,-0.0121819,-0.0102268,0.00396851,0.016393146
21,22,-0.0122806,-0.00991108,0.00474665,0.016479481,3.62837e-16,4.28991e-16,-6.70344e-16,8.746685e-16,-0.0122806,-0.00991108,0.00474665,0.016479481
22,23,-0.0123619,-0.0107992,0.00257147,0.016614806,9.14581e-16,9.20851e-16,-1.44362e-15,1.9412532e-15,-0.0123619,-0.0107992,0.00257147,0.016614806
23,24,-0.0119978,-0.0102279,0.00287872,0.016026359,1.1851e-15,-7.9614e-16,-2.82368e-15,3.1640907e-15,-0.0119978,-0.0102279,0.00287872,0.016026359
24,25,-0.0114478,-0.0107064,-0.000398294,0.015679214,-2.25503e-15,-2.41846e-15,7.01312e-16,3.380229e-15,-0.0114478,-0.0107064,-0.000398294,0.015679214
25,26,-0.0121343,-0.0114252,-0.00209413,0.016797673,-7.32415e-16,5.11295e-16,-6.88491e-16,1.127774e-15,-0.0121343,-0.0114252,-0.00209413,0.016797673
26,27,-0.0114878,-0.0106621,-0.00157495,0.015752155,-9.42196e-16,-5.87188e-17,-9.81145e-16,1.361553e-15,-0.0114878,-0.0106621,-0.00157495,0.015752155
27,28,-0.0123484,-0.0111261,0.00171208,0.016709408,2.83869e-16,2.13077e-15,3.45736e-16,2.177222e-15,-0.0123484,-0.0111261,0.00171208,0.016709408
28,29,-0.0120154,-0.0106321,0.00216375,0.016189292,-1.74199e-16,8.66906e-16,8.30317e-16,1.2129706e-15,-0.0120154,-0.0106321,0.00216375,0.016189292
29,30,-0.0124752,-0.0104616,0.00357427,0.016668865,6.07584e-16,-2.25115e-15,1.831e-15,2.9646913e-15,-0.0124752,-0.0104616,0.00357427,0.016668865
30,31,-0.0122644,-0.0109531,0.00122736,0.016489157,-1.05978e-15,-2.39496e-16,6.38439e-16,1.2601969e-15,-0.0122644,-0.0109531,0.00122736,0.016489157
31,32,-0.0119482,-0.0110479,0.000800783,0.016292846,-9.0986e-16,-3.10403e-16,2.37327e-15,2.560587e-15,-0.0119482,-0.0110479,0.000800783,0.016292846
32,33,-0.0118887,-0.0104283,0.00136955,0.015873445,-1.25576e-15,-6.57418e-16,1.90635e-15,2.3755634e-15,-0.0118887,-0.0104283,0.00136955,0.015873445
33,34,-0.0121588,-0.0110863,0.000140123,0.016454851,-2.2326e-16,-3.56151e-16,-6.01327e-16,7.3367755e-16,-0.0121588,-0.0110863,0.000140123,0.016454851
34,35,-0.0122025,-0.0107291,0.00019227,0.016249662,6.65232e-16,-7.62449e-16,3.98855e-15,4.1148988e-15,-0.0122025,-0.0107291,0.00019227,0.016249662
35,36,-0.0120204,-0.0109293,-0.0017045,0.016335389,-5.30402e-16,1.22168e-15,-3.96517e-15,4.1828698e-15,-0.0120204,-0.0109293,-0.0017045,0.016335389
36,37,-0.0121487,-0.0106213,-0.00177452,0.016234279,8.28496e-16,6.53534e-16,3.3245e-15,3.4879525e-15,-0.0121487,-0.0106213,-0.00177452,0.016234279
37,38,-0.0119853,-0.0112484,-0.00301242,0.016710734,1.18398e-15,3.34171e-16,2.02032e-16,1.246714e-15,-0.0119853,-0.0112484,-0.00301242,0.016710734
38,39,-0.0125078,-0.0114492,-0.00323948,0.017263357,-6.45948e-16,-3.2004e-16,2.34228e-16,7.579823e-16,-0.0125078,-0.0114492,-0.00323948,0.017263357
39,40,-0.0120167,-0.0112225,-0.0043348,0.017004002,4.51121e-16,-6.60262e-16,-6.09171e-16,1.0052589e-15,-0.0120167,-0.0112225,-0.0043348,0.017004002
40,41,-0.0124471,-0.011209,-0.00464868,0.01738339,8.60134e-16,1.86835e-16,-2.79612e-15,2.931386e-15,-0.0124471,-0.011209,-0.00464868,0.01738339
41,42,-0.0123691,-0.0108289,-0.00317964,0.016744249,-6.74523e-16,-2.79589e-16,9.71303e-17,7.3660404e-16,-0.0123691,-0.0108289,-0.00317964,0.016744249
42,43,-0.0122911,-0.0114401,-0.00576067,0.017751968,-2.01605e-17,-8.20394e-17,-1.55839e-15,1.5606781e-15,-0.0122911,-0.0114401,-0.00576067,0.017751968
43,44,-0.0121527,-0.0109046,-0.00599385,0.017393235,-4.38938e-16,-6.25915e-16,1.7005e-15,1.86444e-15,-0.0121527,-0.0109046,-0.00599385,0.017393235
44,45,-0.0123606,-0.0107423,-0.00474635,0.0170502,3.73268e-16,-4.85357e-16,-1.34883e-15,1.4812977e-15,-0.0123606,-0.0107423,-0.00474635,0.0170502
45,46,-0.0125737,-0.0117675,-0.00731643,0.018711017,4.54709e-16,-3.69998e-16,1.01219e-15,1.1696954e-15,-0.0125737,-0.0117675,-0.00731643,0.018711017
46,47,-0.0123625,-0.0110035,-0.00701457,0.017975332,2.31568e-17,-5.54664e-16,1.33831e-15,1.4488831e-15,-0.0123625,-0.0110035,-0.00701457,0.017975332
47,48,-0.0123186,-0.0104803,-0.00573925,0.01716169,-6.10913e-16,-1.26824e-15,7.03785e-16,1.5738363e-15,-0.0123186,-0.0104803,-0.00573925,0.01716169
48,49,-0.0121353,-0.0113336,-0.0087686,0.018777762,1.58782e-17,7.87972e-16,1.97958e-17,7.883805e-16,-0.0121353,-0.0113336,-0.0087686,0.018777762
49,50,-0.0124247,-0.0109594,-0.00825772,0.018511388,6.99064e-16,1.7711e-15,1.32471e-15,2.3195565e-15,-0.0124247,-0.0109594,-0.00825772,0.018511388
50,51,-0.0130174,-0.0111251,-0.00722468,0.018585386,-2.62092e-16,-9.66387e-16,-1.72208e-15,1.992023e-15,-0.0130174,-0.0111251,-0.00722468,0.018585386
51,52,-0.011862,-0.0111558,-0.00987448,0.019043747,1.17118e-15,1.67697e-15,-1.10555e-15,2.325109e-15,-0.011862,-0.0111558,-0.00987448,0.019043747
52,53,-0.0122739,-0.0109477,-0.00982477,0.019157944,-1.43992e-15,5.79645e-17,-1.88833e-15,2.3753989e-15,-0.0122739,-0.0109477,-0.00982477,0.019157944
53,54,-0.0128354,-0.0107614,-0.00814988,0.018627286,-1.0099e-15,-3.36998e-16,3.22826e-16,1.1125117e-15,-0.0128354,-0.0107614,-0.00814988,0.018627286
54,55,-0.0116177,-0.0109357,-0.0108598,0.019300148,2.28289e-16,4.62809e-16,2.25363e-15,2.3119595e-15,-0.0116177,-0.0109357,-0.0108598,0.019300148
55,56,-0.0121213,-0.0106973,-0.0108035,0.01944412,-1.09569e-16,-6.1172e-16,-2.62097e-15,2.6936389e-15,-0.0121213,-0.0106973,-0.0108035,0.01944412
56,57,-0.0131235,-0.0110655,-0.0108558,0.020310586,-1.16481e-15,4.08717e-16,1.03896e-15,1.6134651e-15,-0.0131235,-0.0110655,-0.0108558,0.020310586
57,58,-0.011615,-0.0111537,-0.011709,0.019910146,2.221e-17,6.7296e-16,8.72347e-16,1.101979e-15,-0.011615,-0.0111537,-0.011709,0.019910146
58,59,-0.0122441,-0.0110414,-0.0117899,0.020268997,-3.59152e-16,-7.65999e-16,3.89329e-16,9.313011e-16,-0.0122441,-0.0110414,-0.0117899,0.020268997
59,60,-0.0125566,-0.000506545,0.0193597,0.023080789,-1.12854e-15,1.30421e-15,-1.07047e-15,2.0298946e-15,-0.0125566,-0.000506545,0.0193597,0.023080789
60,61,-0.0127824,-0.00154838,0.019791,0.023610821,-1.72558e-15,-1.41363e-15,6.02224e-15,6.4220988e-15,-0.0127824,-0.00154838,0.019791,0.023610821
61,62,-0.012371,-0.0023129,0.0177521,0.021760702,-5.82299e-16,-1.42499e-15,4.25785e-15,4.5275775e-15,-0.012371,-0.0023129,0.0177521,0.021760702
62,63,-0.0119208,0.0030538,0.024072,0.027035022,-8.79883e-17,-3.16672e-16,2.16639e-15,2.1911798e-15,-0.0119208,0.0030538,0.024072,0.027035022
63,64,-0.0121002,0.000127105,0.0209534,0.02419661,-8.69419e-16,3.9382e-16,8.88518e-16,1.3040122e-15,-0.0121002,0.000127105,0.0209534,0.02419661
64,65,-0.0122288,0.00232994,0.0225995,0.025801348,-1.14996e-15,1.06794e-15,-3.29556e-16,1.6035931e-15,-0.0122288,0.00232994,0.0225995,0.025801348
65,66,-0.0121543,0.00180426,0.0206488,0.024028217,-8.58855e-16,2.06543e-15,9.81729e-16,2.4428312e-15,-0.0121543,0.00180426,0.0206488,0.024028217
66,67,-0.0112542,0.00582971,0.0252199,0.028225625,4.78197e-16,-1.41633e-15,2.28905e-15,2.7339373e-15,-0.0112542,0.00582971,0.0252199,0.028225625
67,68,-0.0115549,0.00482592,0.0234364,0.026571978,-4.13221e-16,-3.23199e-16,-4.2919e-15,4.3238427e-15,-0.0115549,0.00482592,0.0234364,0.026571978
68,69,-0.0114779,0.00413478,0.0214628,0.024687858,-2.22211e-15,7.27693e-16,-2.91306e-15,3.735402e-15,-0.0114779,0.00413478,0.0214628,0.024687858
69,70,-0.0103948,0.00651633,0.0237188,0.026703855,-1.74389e-15,-1.09798e-16,5.53933e-16,1.8330439e-15,-0.0103948,0.00651633,0.0237188,0.026703855
70,71,-0.0103403,0.00617725,0.0222882,0.025334641,-2.16307e-15,3.98255e-16,1.39968e-15,2.6070257e-15,-0.0103403,0.00617725,0.0222882,0.025334641
71,72,-0.0124388,-0.00428819,0.0195558,0.02356993,3.36954e-17,-8.47156e-16,1.38512e-15,1.623997e-15,-0.0124388,-0.00428819,0.0195558,0.02356993
72,73,-0.0122723,-0.00528091,0.0208176,0.024736004,-1.77559e-15,9.19121e-16,5.42732e-15,5.783883e-15,-0.0122723,-0.00528091,0.0208176,0.024736004
73,74,-0.0122408,-0.00558238,0.0182776,0.022695173,-3.27048e-16,2.32891e-15,-1.45108e-15,2.7634067e-15,-0.0122408,-0.00558238,0.0182776,0.022695173
74,75,-0.0121485,-0.00475874,0.016585,0.021101989,2.04458e-15,-7.20516e-16,1.1269e-15,2.443226e-15,-0.0121485,-0.00475874,0.016585,0.021101989
75,76,-0.0118974,-0.00583282,0.0152876,0.020230686,-5.23581e-16,-8.78014e-17,-1.9339e-15,2.0054464e-15,-0.0118974,-0.00583282,0.0152876,0.020230686
76,77,-0.0120814,-0.00166876,0.0255508,0.028312335,-1.03723e-15,-1.07739e-16,5.6819e-17,1.0443572e-15,-0.0120814,-0.00166876,0.0255508,0.028312335
77,78,-0.0129719,-0.00409771,0.0227335,0.026492894,-8.92872e-16,1.11587e-16,3.05793e-15,3.187571e-15,-0.0129719,-0.00409771,0.0227335,0.026492894
78,79,-0.012914,-0.00207088,0.0233877,0.026796352,6.48341e-17,1.53071e-16,8.02847e-16,8.198765e-16,-0.012914,-0.00207088,0.0233877,0.026796352
79,80,-0.0127175,-0.00236488,0.0198826,0.023720145,-1.13284e-17,-1.11317e-15,-1.85467e-15,2.1631172e-15,-0.0127175,-0.00236488,0.0198826,0.023720145
80,81,-0.0123266,-0.00347866,0.0162916,0.020723473,5.39662e-16,-6.03369e-18,2.59262e-15,2.6481975e-15,-0.0123266,-0.00347866,0.0162916,0.020723473
81,82,-0.0122232,0.001184,0.027073,0.02972803,-2.66598e-15,-1.368e-15,2.79797e-15,4.0996962e-15,-0.0122232,0.001184,0.027073,0.02972803
82,83,-0.0134655,0.000794762,0.0261415,0.029416481,-1.91533e-15,-2.03184e-16,2.71258e-15,3.3268398e-15,-0.0134655,0.000794762,0.0261415,0.029416481
83,84,-0.0125516,0.000175616,0.022849,0.026070103,-2.78536e-15,9.61611e-16,2.48503e-15,3.8546466e-15,-0.0125516,0.000175616,0.022849,0.026070103
84,85,-0.0124357,0.00393785,0.0270327,0.03001533,-1.35717e-15,1.22027e-16,-4.59817e-16,1.4381351e-15,-0.0124357,0.00393785,0.0270327,0.03001533
85,86,-0.010057,0.00660375,0.025032,0.027773257,6.64535e-16,9.2374e-16,1.4892e-15,1.8741983e-15,-0.010057,0.00660375,0.025032,0.027773257
86,87,-0.0111096,0.00436034,0.02766,0.030124929,-3.25424e-15,5.76031e-16,6.85076e-16,3.375088e-15,-0.0111096,0.00436034,0.02766,0.030124929
87,88,-0.00795981,0.00884066,0.0244208,0.027164154,2.30201e-16,3.10568e-16,2.90574e-15,2.9313426e-15,-0.00795981,0.00884066,0.0244208,0.027164154
88,89,-0.00934134,0.00807044,0.0246588,0.02757624,-4.77188e-16,7.9494e-16,7.34755e-16,1.1830059e-15,-0.00934134,0.00807044,0.0246588,0.02757624
89,90,-0.00939872,0.00840533,0.0242513,0.027333334,3.61302e-17,2.08688e-15,1.14095e-15,2.3786845e-15,-0.00939872,0.00840533,0.0242513,0.027333334
90,91,-0.00736527,0.00954247,0.0234886,0.026401142,4.7137e-16,6.29716e-16,3.26871e-15,3.3620228e-15,-0.00736527,0.00954247,0.0234886,0.026401142
91,92,-0.00731626,0.00966365,0.0224661,0.02552723,2.58778e-15,1.36833e-15,-9.5041e-16,3.077696e-15,-0.00731626,0.00966365,0.0224661,0.02552723
92,93,-0.0118021,-0.00572282,0.0217929,0.025435619,-2.35233e-15,1.53502e-15,1.94326e-15,3.415553e-15,-0.0118021,-0.00572282,0.0217929,0.025435619
93,94,-0.0121685,-0.00772229,0.0258861,0.029627629,5.79177e-16,-2.84171e-15,2.01952e-15,3.5340095e-15,-0.0121685,-0.00772229,0.0258861,0.029627629
94,95,-0.0112563,-0.00713385,0.021319,0.025141517,-8.84021e-16,-3.62793e-16,7.22325e-16,1.1978586e-15,-0.0112563,-0.00713385,0.021319,0.025141517
95,96,-0.011771,-0.00629939,0.0176837,0.022157436,-1.48828e-15,-8.04353e-16,7.63263e-16,1.855945e-15,-0.011771,-0.00629939,0.0176837,0.022157436
96,97,-0.0112233,-0.00745674,0.0173269,0.021949645,-1.72044e-15,-1.8721e-15,2.54372e-15,3.5965514e-15,-0.0112233,-0.00745674,0.0173269,0.021949645
97,98,-0.0114511,-0.0065618,0.0144962,0.019604202,-1.64551e-15,-1.72314e-15,-4.59843e-16,2.4265965e-15,-0.0114511,-0.0065618,0.0144962,0.019604202
98,99,-0.0130016,-0.00409536,0.0255861,0.028990725,3.2802e-16,8.72117e-16,1.84165e-15,2.0639427e-15,-0.0130016,-0.00409536,0.0255861,0.028990725
99,100,-0.0119537,-0.00599892,0.0263585,0.029557547,-2.31677e-15,-4.8395e-16,2.10635e-15,3.1683342e-15,-0.0119537,-0.00599892,0.0263585,0.029557547
100,101,-0.0110969,-0.00366767,0.0269088,0.029337289,-1.16745e-15,-6.44808e-16,1.19505e-16,1.339029e-15,-0.0110969,-0.00366767,0.0269088,0.029337289
101,102,-0.00999418,0.00146778,0.0268421,0.028679896,-1.08645e-15,3.28561e-16,7.99687e-16,1.3884615e-15,-0.00999418,0.00146778,0.0268421,0.028679896
102,103,-0.00844029,4.62751e-05,0.0271404,0.02842256,-6.26649e-16,-1.26429e-16,1.30883e-15,1.4566089e-15,-0.00844029,4.62751e-05,0.0271404,0.02842256
103,104,-0.00959055,-0.00104944,0.0264473,0.028152082,-2.02037e-15,-7.51918e-16,1.78005e-15,2.7956848e-15,-0.00959055,-0.00104944,0.0264473,0.028152082
104,105,-0.00914078,0.00440345,0.0267724,0.028630503,-1.00352e-15,2.19156e-15,4.33716e-15,4.96195e-15,-0.00914078,0.00440345,0.0267724,0.028630503
105,106,-0.00854389,0.00199159,0.0277955,0.029147115,-2.05816e-15,1.76982e-15,2.4649e-15,3.6666083e-15,-0.00854389,0.00199159,0.0277955,0.029147115
106,107,-0.00674023,0.0072688,0.0288055,0.03046347,-1.77117e-15,1.98852e-15,-4.52224e-17,2.663325e-15,-0.00674023,0.0072688,0.0288055,0.03046347
107,108,-0.00749713,0.00820853,0.0285719,0.030658448,-2.00435e-15,1.22654e-15,1.76321e-15,2.9378101e-15,-0.00749713,0.00820853,0.0285719,0.030658448
108,109,-0.00904621,0.00746061,0.0265067,0.028984474,-1.41807e-16,-7.45294e-16,3.68677e-15,3.76402e-15,-0.00904621,0.00746061,0.0265067,0.028984474
109,110,-0.0062533,0.0104418,0.0289202,0.031376947,-2.48352e-15,-1.1208e-15,7.33737e-15,7.826945e-15,-0.0062533,0.0104418,0.0289202,0.031376947
110,111,-0.0064176,0.00997743,0.0264105,0.028952533,-2.40086e-16,-9.84176e-16,4.47597e-15,4.5891775e-15,-0.0064176,0.00997743,0.0264105,0.028952533
111,112,-0.00513784,0.0112467,0.0264052,0.02915682,6.28705e-16,-1.59515e-15,2.62338e-15,3.1339906e-15,-0.00513784,0.0112467,0.0264052,0.02915682
112,113,-0.00553269,0.0105939,0.0248898,0.027610568,5.33773e-16,-2.55399e-16,-2.93525e-16,6.605295e-16,-0.00553269,0.0105939,0.0248898,0.027610568
113,114,-0.00520756,0.0112482,0.0236358,0.026688796,1.41886e-15,1.71592e-15,-4.07081e-15,4.6399393e-15,-0.00520756,0.0112482,0.0236358,0.026688796
114,115,-0.0137676,-0.00242054,0.0127432,0.018915469,-2.48429e-15,-6.75713e-16,-1.3242e-15,2.8951324e-15,-0.0137676,-0.00242054,0.0127432,0.018915469
115,116,-0.0137414,-0.00313096,0.0138633,0.01976917,-7.9015e-16,-3.65867e-16,-2.64488e-15,2.7845262e-15,-0.0137414,-0.00313096,0.0138633,0.01976917
116,117,-0.0139278,-0.00399903,0.0119121,0.018758304,-9.12619e-16,8.25082e-16,-3.13082e-17,1.2306965e-15,-0.0139278,-0.00399903,0.0119121,0.018758304
117,118,-0.0135194,-0.00287248,0.0109515,0.017634077,-1.40654e-15,-3.13812e-16,-8.83151e-16,1.6902037e-15,-0.0135194,-0.00287248,0.0109515,0.017634077
118,119,-0.0133022,-0.00437481,0.0100062,0.017210796,-6.20203e-16,-9.47468e-16,1.68952e-15,2.0339188e-15,-0.0133022,-0.00437481,0.0100062,0.017210796
119,120,-0.0134186,0.000859531,0.0183126,0.022718912,-1.91944e-15,6.27893e-16,1.34375e-15,2.4257296e-15,-0.0134186,0.000859531,0.0183126,0.022718912
120,121,-0.0138246,-0.00017322,0.0176489,0.022419482,-5.2195e-16,-1.71847e-16,-8.85022e-16,1.0417423e-15,-0.0138246,-0.00017322,0.0176489,0.022419482
121,122,-0.0137379,-0.00102514,0.0162033,0.021267997,-1.40293e-15,-1.44611e-15,-8.60466e-16,2.1908556e-15,-0.0137379,-0.00102514,0.0162033,0.021267997
122,123,-0.0132465,0.000322197,0.0173599,0.021838948,3.32544e-16,2.69433e-16,2.67796e-15,2.7119458e-15,-0.0132465,0.000322197,0.0173599,0.021838948
123,124,-0.0134483,-0.00163141,0.0146321,0.019940328,-2.74903e-16,8.56961e-16,-1.30756e-15,1.5873459e-15,-0.0134483,-0.00163141,0.0146321,0.019940328
124,125,-0.0137114,-0.000299511,0.0157419,0.020878209,-4.84281e-16,-6.10064e-16,5.18568e-16,9.357451e-16,-0.0137114,-0.000299511,0.0157419,0.020878209
125,126,-0.0133502,-0.000734792,0.0143686,0.019627135,-1.656e-15,-1.17025e-15,2.98997e-15,3.612719e-15,-0.0133502,-0.000734792,0.0143686,0.019627135
126,127,-0.0124926,0.00375594,0.0201179,0.023977116,-2.33744e-15,2.18587e-15,2.20441e-15,3.8860106e-15,-0.0124926,0.00375594,0.0201179,0.023977116
127,128,-0.0123992,0.00290177,0.0193833,0.023192085,-1.23399e-15,8.932e-16,4.81475e-15,5.0499854e-15,-0.0123992,0.00290177,0.0193833,0.023192085
128,129,-0.0128405,0.00280344,0.0187088,0.022863878,-2.05408e-15,7.49824e-16,2.63214e-15,3.4219354e-15,-0.0128405,0.00280344,0.0187088,0.022863878
129,130,-0.0131451,0.00211889,0.0174708,0.02196616,1.33523e-15,-1.38589e-15,5.7474e-15,6.0610345e-15,-0.0131451,0.00211889,0.0174708,0.02196616
130,131,-0.0128728,0.0015539,0.016425,0.02092616,-3.38752e-16,1.27391e-15,3.64472e-16,1.3676401e-15,-0.0128728,0.0015539,0.016425,0.02092616
131,132,-0.0133547,0.00139284,0.015031,0.020154875,-1.05287e-15,2.43304e-15,1.44196e-15,3.0178583e-15,-0.0133547,0.00139284,0.015031,0.020154875
132,133,-0.0138718,-0.00110555,0.0132093,0.019186836,4.19321e-16,3.85405e-16,4.9762e-16,7.56302e-16,-0.0138718,-0.00110555,0.0132093,0.019186836
133,134,-0.0120169,0.00570942,0.0205075,0.024445059,4.81446e-16,-1.17999e-15,2.92921e-15,3.1944384e-15,-0.0120169,0.00570942,0.0205075,0.024445059
134,135,-0.0119255,0.00540332,0.0198639,0.0237905,-7.53308e-16,8.36584e-16,-4.98478e-16,1.2311889e-15,-0.0119255,0.00540332,0.0198639,0.0237905
135,136,-0.0125899,0.00489478,0.0188127,0.023159925,-7.72073e-16,1.22999e-15,-4.33075e-15,4.567753e-15,-0.0125899,0.00489478,0.0188127,0.023159925
136,137,-0.0120875,0.00415231,0.0168888,0.021179728,-9.52946e-16,1.84839e-15,-1.67029e-15,2.667306e-15,-0.0120875,0.00415231,0.0168888,0.021179728
137,138,-0.012531,0.00400721,0.0165998,0.021181054,-1.86796e-16,3.49238e-15,-2.11737e-15,4.088382e-15,-0.012531,0.00400721,0.0165998,0.021181054
138,139,-0.01335,-0.00638248,0.00920821,0.017428415,-2.66317e-15,7.62016e-16,1.15395e-15,3.0007906e-15,-0.01335,-0.00638248,0.00920821,0.017428415
139,140,-0.0138329,-0.0070591,0.0103312,0.018652445,-1.60634e-15,-2.44212e-15,-2.95913e-16,2.9379998e-15,-0.0138329,-0.0070591,0.0103312,0.018652445
140,141,-0.0131663,-0.00727989,0.00862762,0.017343128,5.82173e-16,-2.01817e-15,7.18108e-18,2.100473e-15,-0.0131663,-0.00727989,0.00862762,0.017343128
141,142,-0.013292,-0.0067553,0.00740477,0.016647581,-3.3551e-15,2.39945e-17,6.17994e-16,3.4116255e-15,-0.013292,-0.0067553,0.00740477,0.016647581
142,143,-0.0135201,-0.00800013,0.00682006,0.01712625,-1.30546e-15,1.52893e-15,-1.80538e-15,2.7020825e-15,-0.0135201,-0.00800013,0.00682006,0.01712625
143,144,-0.0133517,-0.00313564,0.0148452,0.020210892,-7.82624e-17,5.05764e-16,1.48866e-16,5.329947e-16,-0.0133517,-0.00313564,0.0148452,0.020210892
144,145,-0.0135567,-0.00421125,0.0145784,0.020348182,-4.48976e-16,5.08728e-16,2.14517e-15,2.2499196e-15,-0.0135567,-0.00421125,0.0145784,0.020348182
145,146,-0.0138112,-0.00479777,0.0135728,0.019949656,-4.88177e-16,-1.3136e-16,2.54232e-15,2.5920964e-15,-0.0138112,-0.00479777,0.0135728,0.019949656
146,147,-0.0136366,-0.00391798,0.0137571,0.019762725,-1.09728e-15,-3.64876e-16,-9.6262e-16,1.5045914e-15,-0.0136366,-0.00391798,0.0137571,0.019762725
147,148,-0.0132913,-0.00518087,0.0120552,0.018676935,7.87099e-16,1.91654e-16,1.10417e-15,1.3694698e-15,-0.0132913,-0.00518087,0.0120552,0.018676935
148,149,-0.0139049,-0.00454891,0.0125661,0.019285893,-4.04446e-16,-1.30423e-15,1.98791e-16,1.379895e-15,-0.0139049,-0.00454891,0.0125661,0.019285893
149,150,-0.0135779,-0.00575571,0.0108382,0.018301753,-1.92335e-16,-4.55223e-17,2.18814e-15,2.1970485e-15,-0.0135779,-0.00575571,0.0108382,0.018301753
150,151,-0.0139725,-0.005368,0.010741,0.018423226,-2.03032e-15,1.62031e-15,1.85967e-15,3.1946794e-15,-0.0139725,-0.005368,0.010741,0.018423226
151,152,-0.0135682,-0.00574388,0.00867219,0.01709664,-1.43729e-15,1.39538e-15,2.35222e-15,3.089632e-15,-0.0135682,-0.00574388,0.00867219,0.01709664
152,153,-0.0133893,-0.000513407,0.0180964,0.022517031,5.85546e-16,8.60755e-16,2.63003e-15,2.8285723e-15,-0.0133893,-0.000513407,0.0180964,0.022517031
153,154,-0.0127519,-0.00249487,0.015957,0.020578172,1.16361e-15,1.50561e-16,3.3768e-16,1.220936e-15,-0.0127519,-0.00249487,0.015957,0.020578172
154,155,-0.0131913,-0.00273279,0.0156226,0.020628722,-3.53462e-16,6.60558e-16,-3.52046e-15,3.5992933e-15,-0.0131913,-0.00273279,0.0156226,0.020628722
155,156,-0.0135973,-0.000934696,0.016979,0.021772612,-4.76156e-16,5.34153e-16,2.63976e-15,2.7350277e-15,-0.0135973,-0.000934696,0.016979,0.021772612
156,157,-0.0137054,-0.00237893,0.0152556,0.020645354,-9.69953e-16,-1.17285e-15,-4.90851e-16,1.5991624e-15,-0.0137054,-0.00237893,0.0152556,0.020645354
157,158,-0.0127581,0.00251212,0.0212439,0.024907492,-8.86211e-16,1.26393e-15,2.77717e-16,1.5684437e-15,-0.0127581,0.00251212,0.0212439,0.024907492
158,159,-0.013245,0.000487016,0.0192673,0.023385808,-1.63396e-15,8.44401e-16,4.14616e-15,4.5358e-15,-0.013245,0.000487016,0.0192673,0.023385808
159,160,-0.0127909,-5.92797e-05,0.0186655,0.02262767,-5.98949e-16,7.93131e-16,2.24658e-15,2.456607e-15,-0.0127909,-5.92797e-05,0.0186655,0.02262767
160,161,-0.0129377,0.00194081,0.0202652,0.024121134,-8.2513e-16,-6.8517e-16,1.50125e-15,1.8450065e-15,-0.0129377,0.00194081,0.0202652,0.024121134
161,162,-0.0132673,0.00167852,0.0192294,0.023422394,-1.47838e-15,1.60557e-15,-1.87147e-15,2.8750414e-15,-0.0132673,0.00167852,0.0192294,0.023422394
162,163,-0.0134089,0.00149098,0.0191431,0.023419648,-6.23225e-16,2.69747e-16,7.1913e-16,9.89101e-16,-0.0134089,0.00149098,0.0191431,0.023419648
163,164,-0.0121002,0.0050309,0.0223865,0.025939934,-2.37942e-15,7.56104e-16,-4.0597e-16,2.5294553e-15,-0.0121002,0.0050309,0.0223865,0.025939934
164,165,-0.0119911,0.00426742,0.0212082,0.02473429,-9.51085e-16,4.49047e-16,-1.0478e-15,1.484618e-15,-0.0119911,0.00426742,0.0212082,0.02473429
165,166,-0.0123206,0.00410202,0.0206465,0.024390608,-1.69129e-15,1.54912e-15,-2.20244e-15,3.179776e-15,-0.0123206,0.00410202,0.0206465,0.024390608
166,167,-0.0111151,0.00682253,0.0223387,0.025867159,-5.14436e-16,-4.30919e-16,1.28124e-15,1.4463442e-15,-0.0111151,0.00682253,0.0223387,0.025867159
167,168,-0.0107118,0.00651664,0.0209489,0.024414456,-8.23078e-16,-2.69156e-16,-2.87473e-16,9.12438e-16,-0.0107118,0.00651664,0.0209489,0.024414456
168,169,-0.0110536,0.00631116,0.020597,0.024212584,-1.94256e-15,9.42589e-16,-2.38092e-15,3.2141552e-15,-0.0110536,0.00631116,0.020597,0.024212584
169,170,-0.0117004,0.0061876,0.0208439,0.024691172,-2.03388e-15,3.24017e-16,-1.30505e-17,2.0595693e-15,-0.0117004,0.0061876,0.0208439,0.024691172
170,171,-0.0133043,-0.00727768,0.0101425,0.018243885,-7.30525e-16,-1.40394e-15,2.71807e-17,1.5828623e-15,-0.0133043,-0.00727768,0.0101425,0.018243885
171,172,-0.0130809,-0.00743136,0.0104221,0.018301781,2.06979e-16,1.39847e-15,1.84871e-15,2.3272918e-15,-0.0130809,-0.00743136,0.0104221,0.018301781
172,173,-0.013453,-0.00828769,0.00975867,0.018571502,8.96869e-16,2.34157e-17,7.42308e-15,7.477101e-15,-0.013453,-0.00828769,0.00975867,0.018571502
173,174,-0.0133917,-0.00800924,0.00891067,0.017969018,-1.23021e-16,-3.58413e-15,-1.03478e-15,3.7325447e-15,-0.0133917,-0.00800924,0.00891067,0.017969018
174,175,-0.0130204,-0.00866342,0.00845733,0.01777954,-2.97124e-16,-2.92665e-15,7.35969e-15,7.925819e-15,-0.0130204,-0.00866342,0.00845733,0.01777954
175,176,-0.0129873,-0.00813775,0.00736348,0.017003346,7.10426e-16,-2.38803e-15,-1.65108e-16,2.4969288e-15,-0.0129873,-0.00813775,0.00736348,0.017003346
176,177,-0.0129119,-0.00898788,0.00650862,0.017025312,-3.2255e-17,-1.57773e-15,3.85022e-15,4.1610654e-15,-0.0129119,-0.00898788,0.00650862,0.017025312
177,178,-0.0132927,-0.00895256,0.00585502,0.0170624,-1.86334e-15,7.53411e-16,-1.79495e-15,2.6947189e-15,-0.0132927,-0.00895256,0.00585502,0.0170624
178,179,-0.0125146,-0.00923267,0.00489491,0.016303912,-1.70643e-15,-3.74447e-16,-7.75688e-16,1.9114931e-15,-0.0125146,-0.00923267,0.00489491,0.016303912
179,180,-0.013476,-0.00400979,0.0151931,0.020700514,-1.77077e-15,-5.95059e-16,2.02487e-15,2.7549628e-15,-0.013476,-0.00400979,0.0151931,0.020700514
180,181,-0.0128332,-0.00449542,0.0143699,0.019783678,-8.88576e-16,-5.78608e-16,-1.62157e-15,1.9374839e-15,-0.0128332,-0.00449542,0.0143699,0.019783678
181,182,-0.0131906,-0.005392,0.0130381,0.019314699,-1.06285e-15,4.39738e-16,-1.522e-15,1.9077484e-15,-0.0131906,-0.005392,0.0130381,0.019314699
182,183,-0.0126415,-0.00574291,0.0116627,0.018133039,-1.93224e-16,-7.60766e-16,4.63965e-16,9.117916e-16,-0.0126415,-0.00574291,0.0116627,0.018133039
183,184,-0.0130167,-0.00442585,0.0139959,0.019619068,-4.90135e-17,-7.43284e-16,3.16371e-15,3.2502206e-15,-0.0130167,-0.00442585,0.0139959,0.019619068
184,185,-0.0135949,-0.00586943,0.0125562,0.019414676,9.03665e-17,-2.04857e-15,6.24649e-15,6.5744537e-15,-0.0135949,-0.00586943,0.0125562,0.019414676
185,186,-0.0128594,-0.00655875,0.0107162,0.017978273,9.88924e-16,-4.54259e-16,-1.48831e-15,1.8437432e-15,-0.0128594,-0.00655875,0.0107162,0.017978273
186,187,-0.0135386,-0.00635379,0.0114572,0.018839633,-9.41942e-17,6.31016e-16,2.39035e-16,6.81316e-16,-0.0135386,-0.00635379,0.0114572,0.018839633
187,188,-0.0128732,-0.00130403,0.0177473,0.021963298,-1.18403e-15,-5.44252e-16,-1.44269e-15,1.9440914e-15,-0.0128732,-0.00130403,0.0177473,0.021963298
188,189,-0.0127893,-0.00311868,0.0159953,0.020715741,-1.44825e-15,-6.41441e-16,4.08962e-15,4.385643e-15,-0.0127893,-0.00311868,0.0159953,0.020715741
189,190,-0.0132373,-0.00207515,0.0168304,0.021512663,4.90531e-18,2.12789e-15,5.10593e-18,2.1279018e-15,-0.0132373,-0.00207515,0.0168304,0.021512663
190,191,-0.0128422,0.00109559,0.0195677,0.023431119,-7.70073e-16,1.20123e-15,1.99806e-15,2.4552413e-15,-0.0128422,0.00109559,0.0195677,0.023431119
191,192,-0.0121065,0.00362963,0.0216131,0.025037324,-1.00469e-15,1.24866e-16,3.06118e-15,3.2242544e-15,-0.0121065,0.00362963,0.0216131,0.025037324
192,193,-0.0126414,0.0032401,0.021985,0.025566453,1.73995e-15,5.0438e-16,6.34053e-15,6.594251e-15,-0.0126414,0.0032401,0.021985,0.025566453
193,194,-0.0109131,0.0058252,0.0222347,0.025444265,-1.61586e-15,-9.4898e-16,-1.42743e-15,2.3556577e-15,-0.0109131,0.0058252,0.0222347,0.025444265
194,195,-0.0112943,0.00568521,0.0224258,0.025744889,-4.0116e-16,1.47608e-16,-6.89892e-16,8.115839e-16,-0.0112943,0.00568521,0.0224258,0.025744889
195,196,-0.00954912,0.00807695,0.0234906,0.026612611,1.5108e-16,-1.99383e-16,1.65112e-15,1.6699628e-15,-0.00954912,0.00807695,0.0234906,0.026612611
196,197,-0.00938532,0.00802779,0.0222267,0.025427464,-1.61567e-15,4.67964e-16,-3.62631e-16,1.7207212e-15,-0.00938532,0.00802779,0.0222267,0.025427464
197,198,-0.00944181,0.00810194,0.0213402,0.024702093,-1.91561e-15,-9.72297e-16,-3.94395e-16,2.1841405e-15,-0.00944181,0.00810194,0.0213402,0.024702093
198,199,-0.0100318,0.00833481,0.0218275,0.025427265,-9.21552e-16,-2.86239e-16,2.44831e-16,9.955567e-16,-0.0100318,0.00833481,0.0218275,0.025427265
199,200,-0.0127342,-0.00713153,0.0115851,0.01863419,-3.14245e-16,-1.64478e-16,6.50688e-16,7.410788e-16,-0.0127342,-0.00713153,0.0115851,0.01863419
200,201,-0.0127028,-0.00759975,0.0103379,0.01805518,-9.25697e-16,-6.67577e-16,1.23907e-15,1.6845973e-15,-0.0127028,-0.00759975,0.0103379,0.01805518
201,202,-0.0129691,-0.00817744,0.00935241,0.017959276,-7.26933e-16,6.00113e-16,3.96971e-16,1.0228162e-15,-0.0129691,-0.00817744,0.00935241,0.017959276
202,203,-0.0130804,-0.00900476,0.00845429,0.017990487,-2.79999e-17,1.71563e-16,6.68242e-16,6.904819e-16,-0.0130804,-0.00900476,0.00845429,0.017990487
203,204,-0.0129731,-0.00943292,0.00720349,0.017583275,-2.48363e-17,-1.80831e-15,2.33938e-15,2.9569073e-15,-0.0129731,-0.00943292,0.00720349,0.017583275
204,205,-0.0129756,-0.00997333,0.00562222,0.017304417,-2.40545e-16,-1.36772e-15,1.51974e-15,2.0586719e-15,-0.0129756,-0.00997333,0.00562222,0.017304417
205,206,-0.0126831,-0.010001,0.00455019,0.016780503,-2.0025e-15,-5.23057e-16,1.25774e-15,2.4218804e-15,-0.0126831,-0.010001,0.00455019,0.016780503
206,207,-0.0126377,-0.00560204,0.0144905,0.020026704,-7.97055e-16,-1.65225e-15,-8.22777e-16,2.0105195e-15,-0.0126377,-0.00560204,0.0144905,0.020026704
207,208,-0.0122554,-0.00649974,0.0130673,0.019057697,-1.9661e-16,-1.58071e-15,-6.25284e-17,1.5941172e-15,-0.0122554,-0.00649974,0.0130673,0.019057697
208,209,-0.0129882,-0.00634628,0.0130339,0.0194641,-6.77877e-16,-3.52241e-16,2.09295e-15,2.2280105e-15,-0.0129882,-0.00634628,0.0130339,0.0194641
209,210,-0.0133071,-0.00695815,0.0118211,0.019111075,-9.51276e-16,-1.46013e-15,-1.77892e-15,2.4902735e-15,-0.0133071,-0.00695815,0.0118211,0.019111075
210,211,-0.00727125,0.01018,0.0231624,0.026324898,7.53056e-16,2.56369e-15,-1.51667e-15,3.07244e-15,-0.00727125,0.01018,0.0231624,0.026324898
211,212,-0.00699322,0.0101634,0.0231768,0.02625574,-1.31118e-15,9.90325e-16,4.34979e-15,4.6497967e-15,-0.00699322,0.0101634,0.0231768,0.02625574
212,213,-0.011835,-0.00723001,0.0125849,0.018727519,-2.99932e-16,-8.55552e-16,2.32901e-15,2.4992431e-15,-0.011835,-0.00723001,0.0125849,0.018727519
213,214,-0.012659,-0.00789093,0.0111278,0.018610345,-6.9562e-17,-1.01391e-16,1.78808e-15,1.7923027e-15,-0.012659,-0.00789093,0.0111278,0.018610345
214,215,-0.00463795,0.0111647,0.0226573,0.025681011,-1.03654e-15,2.11909e-15,-3.84374e-15,4.5099105e-15,-0.00463795,0.0111647,0.0226573,0.025681011
215,216,-0.0133533,0.000430678,0.00728879,0.015219151,1.10138e-15,2.42232e-16,6.03791e-15,6.1423183e-15,-0.0133533,0.000430678,0.00728879,0.015219151
216,217,-0.0142659,-0.00182825,0.00251547,0.01460089,4.68255e-16,-1.52017e-15,3.43228e-15,3.782952e-15,-0.0142659,-0.00182825,0.00251547,0.01460089
217,218,-0.0136659,-0.000238022,0.00433268,0.014338256,-1.37319e-15,-8.63869e-16,8.84057e-16,1.8475597e-15,-0.0136659,-0.000238022,0.00433268,0.014338256
218,219,-0.0138696,-0.00233968,0.000537246,0.014075814,-1.30206e-15,-1.35309e-15,1.49722e-15,2.4016412e-15,-0.0138696,-0.00233968,0.000537246,0.014075814
219,220,-0.0141014,-0.000958388,0.00160366,0.014224616,-4.83301e-16,1.06159e-16,1.37976e-15,1.4658061e-15,-0.0141014,-0.000958388,0.00160366,0.014224616
220,221,-0.0135558,-0.00156135,0.0104635,0.017195417,2.45288e-16,-1.20753e-16,-1.2058e-15,1.2364066e-15,-0.0135558,-0.00156135,0.0104635,0.017195417
221,222,-0.0141823,-0.00277038,0.0101416,0.017654028,-1.44115e-15,-5.27735e-16,-8.05476e-16,1.7332654e-15,-0.0141823,-0.00277038,0.0101416,0.017654028
222,223,-0.0137724,-0.00310687,0.00851287,0.016486377,-8.76917e-16,1.44875e-16,5.26063e-16,1.0328187e-15,-0.0137724,-0.00310687,0.00851287,0.016486377
223,224,-0.014091,-0.0023815,0.0084497,0.016601965,-5.65545e-17,1.49253e-15,1.27719e-15,1.965212e-15,-0.014091,-0.0023815,0.0084497,0.016601965
224,225,-0.0142294,-0.00401986,0.00634972,0.016092049,2.34691e-16,1.61016e-15,-5.02931e-16,1.703125e-15,-0.0142294,-0.00401986,0.00634972,0.016092049
225,226,-0.0138135,-0.00447772,0.00398911,0.015059076,-1.72645e-16,2.67787e-15,1.0407e-16,2.6854468e-15,-0.0138135,-0.00447772,0.00398911,0.015059076
226,227,-0.0137664,-0.00294925,0.00612539,0.015353574,8.32695e-17,5.79738e-16,3.74793e-15,3.7934167e-15,-0.0137664,-0.00294925,0.00612539,0.015353574
227,228,-0.0138717,-0.00512818,0.00174867,0.014892285,-7.44459e-16,5.90881e-16,5.07704e-16,1.0775541e-15,-0.0138717,-0.00512818,0.00174867,0.014892285
228,229,-0.0135767,-0.00358594,0.0040648,0.014618767,-5.77782e-16,3.96982e-16,-4.34257e-15,4.3987886e-15,-0.0135767,-0.00358594,0.0040648,0.014618767
229,230,-0.0142482,-0.00573803,-0.000338617,0.015363946,8.47671e-16,7.04562e-16,5.94513e-16,1.2523576e-15,-0.0142482,-0.00573803,-0.000338617,0.015363946
230,231,-0.014132,-0.00420993,0.00160842,0.0148332035,1.19893e-15,-4.36425e-16,-1.25217e-15,1.7876882e-15,-0.014132,-0.00420993,0.00160842,0.0148332035
231,232,-0.0143189,-0.00623574,-0.00222404,0.01577535,-5.65792e-16,1.40295e-15,1.8887e-15,2.41983e-15,-0.0143189,-0.00623574,-0.00222404,0.01577535
232,233,-0.0138417,-0.00460912,-0.000610271,0.01460168,1.34337e-15,8.44128e-16,-2.00393e-16,1.5991725e-15,-0.0138417,-0.00460912,-0.000610271,0.01460168
233,234,-0.0137845,-0.00642916,-0.00389592,0.015701106,-4.74099e-16,-4.75744e-16,1.02414e-15,1.2247306e-15,-0.0137845,-0.00642916,-0.00389592,0.015701106
234,235,-0.0137933,-0.0050523,-0.00239313,0.014883142,6.02578e-17,3.27453e-16,-6.86226e-16,7.6273363e-16,-0.0137933,-0.0050523,-0.00239313,0.014883142
235,236,-0.0138954,-0.00128492,0.0122254,0.018552454,-1.66986e-15,-7.15091e-16,5.4853e-18,1.81654e-15,-0.0138954,-0.00128492,0.0122254,0.018552454
236,237,-0.0131551,0.00079108,0.0136762,0.018992653,-1.72346e-15,-1.37157e-15,2.16411e-15,3.0878618e-15,-0.0131551,0.00079108,0.0136762,0.018992653
237,238,-0.0132849,0.00058945,0.012165,0.018022854,-6.56032e-16,-1.31962e-15,2.29014e-15,2.7233282e-15,-0.0132849,0.00058945,0.012165,0.018022854
238,239,-0.0138273,-0.000378582,0.0102653,0.017225387,-2.9323e-16,9.81605e-16,1.68525e-15,1.972207e-15,-0.0138273,-0.000378582,0.0102653,0.017225387
239,240,-0.0134103,-0.00108321,0.00781846,0.015560778,3.70823e-16,2.4576e-16,3.68319e-15,3.709959e-15,-0.0134103,-0.00108321,0.00781846,0.015560778
240,241,-0.0138479,-0.00200374,0.00520937,0.014930399,-4.41234e-16,-4.90366e-16,2.6724e-15,2.752611e-15,-0.0138479,-0.00200374,0.00520937,0.014930399
241,242,-0.0136659,-0.00262009,0.00322958,0.014284672,1.07497e-15,-2.71595e-16,1.14704e-15,1.5953136e-15,-0.0136659,-0.00262009,0.00322958,0.014284672
242,243,-0.0138869,-0.00316485,0.0010318,0.014280297,6.51771e-16,-1.26739e-15,1.62675e-15,2.1627292e-15,-0.0138869,-0.00316485,0.0010318,0.014280297
243,244,-0.0141585,-0.0037057,-0.000798568,0.0146571845,-7.25329e-16,-9.59193e-16,-8.54406e-16,1.4751823e-15,-0.0141585,-0.0037057,-0.000798568,0.0146571845
244,245,-0.0131177,0.00359491,0.0165368,0.021411754,-8.10904e-16,5.10904e-16,-2.15765e-17,9.58673e-16,-0.0131177,0.00359491,0.0165368,0.021411754
245,246,-0.012811,0.00306034,0.0150889,0.020029036,-1.27927e-15,-7.64147e-16,8.06327e-16,1.6942892e-15,-0.012811,0.00306034,0.0150889,0.020029036
246,247,-0.0133764,0.00220882,0.0134386,0.019089341,5.46476e-16,9.44932e-17,4.4027e-15,4.4374917e-15,-0.0133764,0.00220882,0.0134386,0.019089341
247,248,-0.0127882,0.00135129,0.0110502,0.01695497,3.21751e-16,-2.92131e-15,2.46293e-17,2.9390783e-15,-0.0127882,0.00135129,0.0110502,0.01695497
248,249,-0.0136785,-0.000165741,0.00787224,0.015782934,-3.50143e-17,-1.10117e-15,2.51238e-16,1.1300097e-15,-0.0136785,-0.000165741,0.00787224,0.015782934
249,250,-0.0129412,0.00211352,0.0111546,0.017215306,-8.14178e-16,-3.14346e-15,-8.11781e-16,3.3471204e-15,-0.0129412,0.00211352,0.0111546,0.017215306
250,251,-0.0138663,-0.00109347,0.00495668,0.014766131,2.10754e-16,6.60347e-16,1.12117e-15,1.3181417e-15,-0.0138663,-0.00109347,0.00495668,0.014766131
251,252,-0.0131238,0.0012036,0.00942256,0.016200846,3.88745e-16,-1.54762e-15,7.00057e-15,7.180127e-15,-0.0131238,0.0012036,0.00942256,0.016200846
252,253,-0.0132929,-0.00553355,0.00618026,0.01566898,-9.72376e-16,-6.3287e-16,-2.07999e-16,1.178687e-15,-0.0132929,-0.00553355,0.00618026,0.01566898
253,254,-0.0137244,-0.00655709,0.00688048,0.016694179,1.15507e-15,-1.82274e-15,-2.91241e-15,3.6247343e-15,-0.0137244,-0.00655709,0.00688048,0.016694179
254,255,-0.0133217,-0.00670923,0.00499537,0.015730072,-8.15522e-16,-1.98524e-15,-4.69258e-16,2.19692e-15,-0.0133217,-0.00670923,0.00499537,0.015730072
255,256,-0.0137203,-0.00638432,0.00387238,0.015620547,-1.22622e-15,9.76646e-16,-9.96062e-16,1.8573078e-15,-0.0137203,-0.00638432,0.00387238,0.015620547
256,257,-0.0136383,-0.00733126,0.00298881,0.015769705,-1.22954e-15,5.00662e-16,-4.21854e-15,4.4225005e-15,-0.0136383,-0.00733126,0.00298881,0.015769705
257,258,-0.0137201,-0.00770915,0.000550028,0.015747212,-2.00657e-15,1.10869e-15,-3.1085e-15,3.8624203e-15,-0.0137201,-0.00770915,0.000550028,0.015747212
258,259,-0.0131562,-0.00645853,0.00203867,0.014797107,-2.77699e-16,3.37812e-16,-3.04104e-15,3.072321e-15,-0.0131562,-0.00645853,0.00203867,0.014797107
259,260,-0.0136812,-0.0081422,-0.00172383,0.016013814,-1.05001e-15,9.79584e-16,-4.5263e-15,4.748631e-15,-0.0136812,-0.0081422,-0.00172383,0.016013814
260,261,-0.0134004,-0.00724131,-0.000619282,0.015244369,2.47618e-16,-1.07578e-15,-3.18933e-16,1.1490585e-15,-0.0134004,-0.00724131,-0.000619282,0.015244369
261,262,-0.0128841,-0.00816034,-0.00351056,0.015649766,-8.20049e-16,1.91182e-16,3.275e-16,9.034861e-16,-0.0128841,-0.00816034,-0.00351056,0.015649766
262,263,-0.0131548,-0.00742588,-0.00226475,0.015274867,-5.55498e-16,1.25348e-15,-2.29205e-15,2.6708207e-15,-0.0131548,-0.00742588,-0.00226475,0.015274867
263,264,-0.0131634,-0.0086909,-0.00492132,0.016523505,2.13016e-16,-1.35862e-15,2.03818e-15,2.45874e-15,-0.0131634,-0.0086909,-0.00492132,0.016523505
264,265,-0.0135605,-0.0079894,-0.00365016,0.016156774,-1.54305e-15,-1.98177e-16,2.57818e-15,3.011194e-15,-0.0135605,-0.0079894,-0.00365016,0.016156774
265,266,-0.0136267,-0.00515276,0.00801573,0.016627984,4.05684e-16,-1.77775e-15,-8.85924e-16,2.027273e-15,-0.0136267,-0.00515276,0.00801573,0.016627984
266,267,-0.01413,-0.00344851,0.00927653,0.017251179,-6.26787e-16,-8.6765e-17,3.02953e-15,3.094906e-15,-0.01413,-0.00344851,0.00927653,0.017251179
267,268,-0.0134994,-0.00422687,0.00640069,0.015526399,-2.29595e-15,7.26648e-16,-2.37714e-15,3.3838143e-15,-0.0134994,-0.00422687,0.00640069,0.015526399
268,269,-0.0137661,-0.00512192,0.00453242,0.01537148,-2.76228e-15,1.9445e-15,-1.08629e-15,3.5484218e-15,-0.0137661,-0.00512192,0.00453242,0.01537148
269,270,-0.0132296,-0.00541283,0.00222344,0.014465985,-9.10604e-16,2.32901e-15,4.00262e-15,4.719582e-15,-0.0132296,-0.00541283,0.00222344,0.014465985
270,271,-0.0133832,-0.00624794,0.000262676,0.014772129,-4.96753e-16,3.06578e-16,-2.08797e-16,6.199595e-16,-0.0133832,-0.00624794,0.000262676,0.014772129
271,272,-0.0134293,-0.00646302,-0.00142399,0.014971456,-5.21374e-16,-1.98855e-16,2.19624e-15,2.2660194e-15,-0.0134293,-0.00646302,-0.00142399,0.014971456
272,273,-0.0137947,-0.00715835,-0.00337285,0.015903201,-1.10729e-15,-2.21006e-17,2.01403e-15,2.2984552e-15,-0.0137947,-0.00715835,-0.00337285,0.015903201
273,274,-0.0135294,-0.00814413,-0.00550219,0.016722608,1.50004e-15,3.63359e-16,-7.13374e-17,1.5450692e-15,-0.0135294,-0.00814413,-0.00550219,0.016722608
274,275,-0.0131902,-0.00713685,-0.00444652,0.01564249,3.56788e-16,-1.25447e-15,5.16897e-16,1.4029166e-15,-0.0131902,-0.00713685,-0.00444652,0.01564249
275,276,-0.0130229,-0.00732405,0.00566736,0.01597988,2.32069e-16,-1.50995e-15,7.46381e-17,1.5295019e-15,-0.0130229,-0.00732405,0.00566736,0.01597988
276,277,-0.0131396,-0.00828367,0.00517505,0.016372215,-3.5169e-16,-1.21886e-15,-2.54996e-15,2.8480873e-15,-0.0131396,-0.00828367,0.00517505,0.016372215
277,278,-0.0128516,-0.00750489,0.00389979,0.015384907,-1.2903e-15,1.34235e-17,-3.62805e-16,1.3404036e-15,-0.0128516,-0.00750489,0.00389979,0.015384907
278,279,-0.013117,-0.00850821,0.00326817,0.015972672,-7.524e-16,-1.33074e-16,-1.69284e-15,1.857289e-15,-0.013117,-0.00850821,0.00326817,0.015972672
279,280,-0.0131178,-0.00792741,0.00202366,0.015460133,3.83752e-16,-5.87957e-16,-2.20129e-15,2.310549e-15,-0.0131178,-0.00792741,0.00202366,0.015460133
280,281,-0.0135276,-0.00905222,0.00123515,0.016323732,-4.91376e-16,-1.24324e-15,2.15318e-15,2.5344191e-15,-0.0135276,-0.00905222,0.00123515,0.016323732
281,282,-0.013025,-0.00897761,-0.000965544,0.015848672,-3.93597e-16,-1.0548e-15,6.44352e-16,1.2971935e-15,-0.013025,-0.00897761,-0.000965544,0.015848672
282,283,-0.0131496,-0.00824518,-0.000166607,0.015521686,-2.11393e-15,-7.75022e-16,-3.07492e-16,2.272424e-15,-0.0131496,-0.00824518,-0.000166607,0.015521686
283,284,-0.0132434,-0.00931829,-0.00280147,0.016433697,-2.522e-15,6.73731e-16,-6.17663e-16,2.6825184e-15,-0.0132434,-0.00931829,-0.00280147,0.016433697
284,285,-0.0131742,-0.00865382,-0.00267908,0.015988298,-1.53948e-15,1.58622e-15,2.73071e-18,2.2104525e-15,-0.0131742,-0.00865382,-0.00267908,0.015988298
285,286,-0.01336,-0.00943048,-0.00470904,0.017017597,2.39302e-17,-2.69379e-17,-4.04583e-17,5.4177293e-17,-0.01336,-0.00943048,-0.00470904,0.017017597
286,287,-0.0132684,-0.00884388,-0.00396586,0.016431455,-6.41893e-16,5.32827e-16,2.59667e-15,2.7273845e-15,-0.0132684,-0.00884388,-0.00396586,0.016431455
287,288,-0.0133184,-0.00964431,-0.00619849,0.017573098,-4.86821e-16,2.18897e-17,-8.80169e-16,1.0060672e-15,-0.0133184,-0.00964431,-0.00619849,0.017573098
288,289,-0.0133602,-0.00920655,-0.00557088,0.01715489,4.94204e-17,7.62366e-17,-3.67135e-16,3.782096e-16,-0.0133602,-0.00920655,-0.00557088,0.01715489
289,290,-0.0138462,-0.00958014,-0.0071262,0.0182833,-8.97755e-16,-6.13547e-16,2.05657e-16,1.106661e-15,-0.0138462,-0.00958014,-0.0071262,0.0182833
290,291,-0.0134342,-0.00981647,-0.00751211,0.018255755,-2.66574e-16,1.29031e-15,-3.60441e-16,1.3659719e-15,-0.0134342,-0.00981647,-0.00751211,0.018255755
291,292,-0.0133677,-0.00884176,-0.00631207,0.0172254,7.41797e-16,1.06208e-15,-1.66615e-15,2.1105291e-15,-0.0133677,-0.00884176,-0.00631207,0.0172254
292,293,-0.0129288,-0.00902866,0.00436747,0.016362926,-8.04236e-16,-5.62779e-16,7.24609e-17,9.842594e-16,-0.0129288,-0.00902866,0.00436747,0.016362926
293,294,-0.0122947,-0.00927502,0.00343104,0.015778393,-2.14623e-15,1.00677e-16,-1.48827e-15,2.6136923e-15,-0.0122947,-0.00927502,0.00343104,0.015778393
294,295,-0.0129396,-0.00925622,0.00263912,0.016126867,-1.06245e-15,2.31194e-16,-2.18701e-15,2.442389e-15,-0.0129396,-0.00925622,0.00263912,0.016126867
295,296,-0.0123223,-0.00945837,0.00180634,0.0156385,4.53245e-17,2.05548e-16,-4.01079e-15,4.016309e-15,-0.0123223,-0.00945837,0.00180634,0.0156385
296,297,-0.0133052,-0.00984703,0.000714227,0.016568117,-1.04461e-15,-1.11666e-15,-1.13858e-15,1.9064376e-15,-0.0133052,-0.00984703,0.000714227,0.016568117
297,298,-0.0124563,-0.00980685,0.000407874,0.015858753,3.33397e-16,-1.59076e-15,-9.22806e-16,1.8690216e-15,-0.0124563,-0.00980685,0.000407874,0.015858753
298,299,-0.0125402,-0.00990327,-0.00150251,0.016049577,3.58719e-16,-2.43997e-16,-1.95708e-16,4.7593643e-16,-0.0125402,-0.00990327,-0.00150251,0.016049577
299,300,-0.0128645,-0.00956613,-0.00139952,0.016092386,5.96022e-16,2.37999e-16,-2.23062e-15,2.32111e-15,-0.0128645,-0.00956613,-0.00139952,0.016092386
300,301,-0.01258,-0.00990292,-0.00334783,0.01635641,-9.51276e-16,1.43604e-15,-3.36697e-15,3.782013e-15,-0.01258,-0.00990292,-0.00334783,0.01635641
301,302,-0.0132713,-0.0100073,-0.00342171,0.01697002,-2.1875e-15,-3.55019e-16,-1.73835e-15,2.8165681e-15,-0.0132713,-0.0100073,-0.00342171,0.01697002
302,303,-0.0131463,-0.0102898,-0.00482115,0.01737667,-3.94483e-16,-8.56278e-16,-3.06225e-15,3.2040919e-15,-0.0131463,-0.0102898,-0.00482115,0.01737667
303,304,-0.0130645,-0.00972383,-0.00506988,0.017056897,6.72683e-17,-1.35572e-16,-1.62489e-15,1.6319229e-15,-0.0130645,-0.00972383,-0.00506988,0.017056897
304,305,-0.0124458,-0.00998805,-0.00621437,0.017125346,-1.06671e-15,1.32625e-16,-2.47144e-15,2.6950835e-15,-0.0124458,-0.00998805,-0.00621437,0.017125346
305,306,-0.0128089,-0.00958234,-0.00619617,0.017154641,-4.53344e-16,2.42607e-16,2.85884e-16,5.8830996e-16,-0.0128089,-0.00958234,-0.00619617,0.017154641
306,307,-0.0128962,-0.0102178,-0.00718478,0.017953731,-9.58153e-16,-4.77365e-16,-1.91433e-15,2.1933067e-15,-0.0128962,-0.0102178,-0.00718478,0.017953731
307,308,-0.0132318,-0.0101585,-0.00759002,0.01832714,-1.75507e-16,2.70832e-15,9.84842e-16,2.8871637e-15,-0.0132318,-0.0101585,-0.00759002,0.01832714
308,309,-0.0122112,-0.0104062,0.00233229,0.016212402,-1.90383e-16,-3.72261e-17,-3.42407e-15,3.4295608e-15,-0.0122112,-0.0104062,0.00233229,0.016212402
309,310,-0.0126049,-0.010109,0.00316045,0.016464015,1.09169e-15,-1.32925e-15,6.15995e-16,1.8270585e-15,-0.0126049,-0.010109,0.00316045,0.016464015
310,311,-0.0120371,-0.00988952,0.00163961,0.015664697,-3.96649e-16,8.35427e-16,-7.49482e-16,1.1903748e-15,-0.0120371,-0.00988952,0.00163961,0.015664697
311,312,-0.0124315,-0.010401,4.62391e-05,0.016208798,5.68125e-16,-3.94441e-16,-1.35706e-15,1.5231421e-15,-0.0124315,-0.010401,4.62391e-05,0.016208798
312,313,-0.012519,-0.0105289,-0.00158158,0.016434247,-7.74722e-16,8.96984e-16,-2.37253e-15,2.6521072e-15,-0.012519,-0.0105289,-0.00158158,0.016434247
313,314,-0.0123552,-0.0103819,-0.00345762,0.01650424,-1.55109e-15,6.58431e-16,1.49765e-15,2.2544106e-15,-0.0123552,-0.0103819,-0.00345762,0.01650424
314,315,-0.0128288,-0.0106613,-0.0046672,0.017321207,9.8294e-17,-1.90709e-15,2.53769e-15,3.1759289e-15,-0.0128288,-0.0106613,-0.0046672,0.017321207
315,316,-0.0127476,-0.0104891,-0.00611922,0.01760589,-1.32104e-16,8.37164e-16,1.57605e-16,8.6205243e-16,-0.0127476,-0.0104891,-0.00611922,0.01760589
316,317,-0.0130432,-0.010628,-0.00732021,0.018348431,-1.1561e-15,-1.06843e-15,1.55958e-15,2.2159422e-15,-0.0130432,-0.010628,-0.00732021,0.018348431
317,318,-0.0135702,-0.00655095,-0.0047683,0.015805125,-1.52533e-15,-8.20906e-16,-2.64074e-16,1.7522139e-15,-0.0135702,-0.00655095,-0.0047683,0.015805125
318,319,-0.0135934,-0.00538019,-0.00385578,0.015119325,-1.21114e-15,-1.85948e-16,1.92901e-15,2.2852826e-15,-0.0135934,-0.00538019,-0.00385578,0.015119325
319,320,-0.0139124,-0.00695995,-0.00633853,0.016797999,1.52532e-16,1.41349e-15,-1.87615e-15,2.3539666e-15,-0.0139124,-0.00695995,-0.00633853,0.016797999
320,321,-0.0139278,-0.00565271,-0.00524045,0.015918512,-5.29053e-16,-7.10561e-16,2.93594e-15,3.066682e-15,-0.0139278,-0.00565271,-0.00524045,0.015918512
321,322,-0.0144579,-0.00428433,-0.00284825,0.015345973,-5.65887e-16,1.54571e-16,-3.0919e-16,6.631129e-16,-0.0144579,-0.00428433,-0.00284825,0.015345973
322,323,-0.0142336,-0.00444406,-0.00439392,0.015545147,-3.10686e-16,7.36456e-16,1.26838e-15,1.4992268e-15,-0.0142336,-0.00444406,-0.00439392,0.015545147
323,324,-0.0139808,-0.00620491,-0.00642438,0.016590249,4.72866e-16,-3.92362e-16,-1.34071e-15,1.4748062e-15,-0.0139808,-0.00620491,-0.00642438,0.016590249
324,325,-0.0146313,-0.00500576,-0.00552539,0.016421404,-1.25642e-15,-8.25742e-16,-2.0678e-15,2.5566067e-15,-0.0146313,-0.00500576,-0.00552539,0.016421404
325,326,-0.0141935,-0.00642339,-0.00727195,0.017192924,-6.70948e-17,1.14599e-16,-6.22869e-16,6.3686766e-16,-0.0141935,-0.00642339,-0.00727195,0.017192924
326,327,-0.0141212,-0.0052675,-0.00612302,0.016267952,-4.40884e-16,1.35192e-16,-2.03369e-15,2.0853178e-15,-0.0141212,-0.0052675,-0.00612302,0.016267952
327,328,-0.0143202,-0.00669934,-0.00830236,0.017857168,-7.3343e-16,-1.25171e-15,-5.67102e-16,1.5576593e-15,-0.0143202,-0.00669934,-0.00830236,0.017857168
328,329,-0.0144387,-0.00543232,-0.00641933,0.016709099,1.12746e-18,2.4598e-16,3.43697e-16,4.2265242e-16,-0.0144387,-0.00543232,-0.00641933,0.016709099
329,330,-0.014316,-0.00689228,-0.0089881,0.01825479,3.29863e-16,-1.59686e-15,-1.45282e-15,2.1839086e-15,-0.014316,-0.00689228,-0.0089881,0.01825479
330,331,-0.0143959,-0.00584878,-0.00701647,0.01704937,6.58397e-16,3.31959e-17,-5.13421e-15,5.17636e-15,-0.0143959,-0.00584878,-0.00701647,0.01704937
331,332,-0.0144114,-0.00282824,-0.0015128,0.014764009,1.77859e-16,-2.11206e-16,1.56662e-15,1.5907672e-15,-0.0144114,-0.00282824,-0.0015128,0.014764009
332,333,-0.0141222,-0.00307487,-0.00299227,0.014759575,2.2436e-16,-4.24178e-16,4.12868e-15,4.1564724e-15,-0.0141222,-0.00307487,-0.00299227,0.014759575
333,334,-0.0136725,-0.00145367,-4.1417e-05,0.013749623,-1.95111e-16,-7.30096e-16,1.26996e-15,1.4778047e-15,-0.0136725,-0.00145367,-4.1417e-05,0.013749623
334,335,-0.0144765,-0.00351937,-0.00417336,0.01547165,-1.53377e-15,-1.65067e-15,7.31756e-16,2.3690986e-15,-0.0144765,-0.00351937,-0.00417336,0.01547165
335,336,-0.0139647,-0.00175287,-0.00129571,0.014133798,1.03988e-15,-2.71115e-16,-1.92188e-15,2.2019257e-15,-0.0139647,-0.00175287,-0.00129571,0.014133798
336,337,-0.0141831,-0.00380167,-0.00488475,0.015474942,-1.07985e-15,-1.72385e-15,-1.87239e-15,2.7647024e-15,-0.0141831,-0.00380167,-0.00488475,0.015474942
337,338,-0.0139647,-0.00221239,-0.00254763,0.014366556,-2.1277e-16,-9.3676e-16,-6.07079e-16,1.1363693e-15,-0.0139647,-0.00221239,-0.00254763,0.014366556
338,339,-0.01428,-0.00394523,-0.00569229,0.015870897,-3.69172e-16,2.70813e-16,-1.20027e-15,1.2846306e-15,-0.01428,-0.00394523,-0.00569229,0.015870897
339,340,-0.0143456,-0.00454113,-0.00614605,0.016253985,-2.79802e-15,-5.75086e-16,1.06236e-15,3.0476629e-15,-0.0143456,-0.00454113,-0.00614605,0.016253985
340,341,-0.0148473,-0.00620325,-0.0080441,0.017989725,-1.90898e-16,2.96599e-16,-1.74033e-15,1.7757144e-15,-0.0148473,-0.00620325,-0.0080441,0.017989725
341,342,-0.0144061,-0.00471775,-0.00605278,0.016322654,-9.95697e-16,-1.11693e-15,-2.19159e-15,2.6536788e-15,-0.0144061,-0.00471775,-0.00605278,0.016322654
342,343,-0.0149722,-0.00645497,-0.00846865,0.018372573,-3.89752e-16,-1.16103e-15,-8.4083e-16,1.4855612e-15,-0.0149722,-0.00645497,-0.00846865,0.018372573
343,344,-0.0146739,-0.00504078,-0.00607503,0.016662497,-1.00904e-15,-8.78445e-16,-1.84601e-15,2.2798203e-15,-0.0146739,-0.00504078,-0.00607503,0.016662497
344,345,-0.0137266,-0.00866094,-0.00720972,0.017759828,5.51502e-16,-1.29215e-15,1.66898e-15,2.181582e-15,-0.0137266,-0.00866094,-0.00720972,0.017759828
345,346,-0.0138599,-0.00772109,-0.00628795,0.017066058,-4.03721e-16,-1.34248e-15,2.14756e-15,2.5646163e-15,-0.0138599,-0.00772109,-0.00628795,0.017066058
346,347,-0.0132243,-0.00837421,-0.00843909,0.017782794,3.16372e-16,3.87032e-16,5.35091e-16,7.3226184e-16,-0.0132243,-0.00837421,-0.00843909,0.017782794
347,348,-0.0137457,-0.0078688,-0.00762454,0.01757828,2.3e-16,1.5501e-15,-1.67161e-15,2.2912857e-15,-0.0137457,-0.0078688,-0.00762454,0.01757828
348,349,-0.0136163,-0.00866639,-0.00911342,0.01853549,6.45942e-17,9.20725e-16,-1.86781e-17,9.231771e-16,-0.0136163,-0.00866639,-0.00911342,0.01853549
349,350,-0.0138215,-0.00802512,-0.00875721,0.0182243,2.55604e-16,-5.79173e-16,4.15168e-16,7.570596e-16,-0.0138215,-0.00802512,-0.00875721,0.0182243
350,351,-0.0134216,-0.00873775,-0.00964977,0.018697746,-1.1422e-15,9.62632e-17,-2.85059e-15,3.0724178e-15,-0.0134216,-0.00873775,-0.00964977,0.018697746
351,352,-0.014241,-0.00859383,-0.00958186,0.019195626,-9.4704e-16,3.19427e-16,-1.05494e-15,1.4532091e-15,-0.014241,-0.00859383,-0.00958186,0.019195626
352,353,-0.0139959,-0.0072014,-0.00786356,0.017594913,1.55387e-15,2.76544e-16,-1.25956e-15,2.019277e-15,-0.0139959,-0.0072014,-0.00786356,0.017594913
353,354,-0.0144165,-0.00762031,-0.00895097,0.018601732,-1.58958e-15,8.97439e-16,-2.89348e-15,3.4211676e-15,-0.0144165,-0.00762031,-0.00895097,0.018601732
354,355,-0.0137308,-0.00831026,-0.00991867,0.018867308,-1.0254e-15,-7.20211e-16,1.56034e-16,1.2627334e-15,-0.0137308,-0.00831026,-0.00991867,0.018867308
355,356,-0.0141734,-0.00764199,-0.00956149,0.018727181,-1.66031e-15,-1.95022e-15,-1.6457e-15,3.044391e-15,-0.0141734,-0.00764199,-0.00956149,0.018727181
356,357,-0.013756,-0.00840032,-0.0101164,0.019029832,2.10102e-15,-9.65939e-16,1.04571e-15,2.5378795e-15,-0.013756,-0.00840032,-0.0101164,0.019029832
357,358,-0.0142069,-0.00780514,-0.0101247,0.019111928,8.29761e-16,-1.19465e-15,-1.63017e-15,2.1847531e-15,-0.0142069,-0.00780514,-0.0101247,0.019111928
358,359,-0.0135785,-0.00856563,-0.0101032,0.01896893,-1.25594e-15,-8.39586e-16,1.52561e-15,2.1470388e-15,-0.0135785,-0.00856563,-0.0101032,0.01896893
359,360,-0.0144543,-0.00833439,-0.0102935,0.019604718,-1.25982e-15,-1.10651e-15,-2.33786e-15,2.876995e-15,-0.0144543,-0.00833439,-0.0102935,0.019604718
360,361,-0.0133187,-0.00838344,-0.0100219,0.01865766,5.72078e-16,3.18456e-16,2.19795e-15,2.2933974e-15,-0.0133187,-0.00838344,-0.0100219,0.01865766
361,362,-0.01397,-0.00804649,-0.0101088,0.019028787,2.15661e-16,-1.25326e-16,-7.48516e-17,2.604209e-16,-0.01397,-0.00804649,-0.0101088,0.019028787
362,363,-0.0146652,-0.00726038,-0.00928851,0.018816419,-1.05324e-15,8.12351e-16,-2.7039e-15,3.0133542e-15,-0.0146652,-0.00726038,-0.00928851,0.018816419
363,364,-0.0144823,-0.00738739,-0.00938507,0.018772056,-1.4764e-16,-9.26939e-16,1.88482e-16,9.573604e-16,-0.0144823,-0.00738739,-0.00938507,0.018772056
364,365,-0.0129555,-0.00980086,-0.00850602,0.018337235,-7.93854e-16,2.24864e-17,-2.3573e-15,2.4874834e-15,-0.0129555,-0.00980086,-0.00850602,0.018337235
365,366,-0.0129499,-0.00947065,-0.00810288,0.017973585,-4.35105e-16,-9.97562e-16,-1.47993e-16,1.0983388e-15,-0.0129499,-0.00947065,-0.00810288,0.017973585
366,367,-0.0129719,-0.00877904,-0.00745262,0.017345987,5.25438e-16,7.44534e-16,-8.8302e-16,1.2689131e-15,-0.0129719,-0.00877904,-0.00745262,0.017345987
367,368,-0.0130347,-0.00961692,-0.00870182,0.018387774,-1.02146e-15,5.24518e-16,1.595e-16,1.1592842e-15,-0.0130347,-0.00961692,-0.00870182,0.018387774
368,369,-0.0128715,-0.0088514,-0.00852913,0.017798001,-5.91169e-16,9.08831e-16,2.20018e-15,2.4528037e-15,-0.0128715,-0.0088514,-0.00852913,0.017798001
369,370,-0.0137063,-0.00999917,-0.00972336,0.01955479,-1.35108e-15,-5.75204e-16,1.55564e-15,2.139227e-15,-0.0137063,-0.00999917,-0.00972336,0.01955479
370,371,-0.013406,-0.0094734,-0.00928852,0.018861143,-9.22493e-16,9.09522e-16,1.46274e-15,1.9539273e-15,-0.013406,-0.0094734,-0.00928852,0.018861143
371,372,-0.0135022,-0.00980034,-0.0103983,0.019659113,-8.77624e-16,-1.16339e-15,1.74929e-15,2.2767776e-15,-0.0135022,-0.00980034,-0.0103983,0.019659113
372,373,-0.0129862,-0.00919804,-0.00988757,0.018735245,-1.05214e-15,6.16845e-16,-1.19717e-15,1.7090091e-15,-0.0129862,-0.00919804,-0.00988757,0.018735245
373,374,-0.0136405,-0.00963037,-0.0107123,0.019838363,-6.42404e-17,-1.34677e-15,-2.28186e-15,2.650434e-15,-0.0136405,-0.00963037,-0.0107123,0.019838363
374,375,-0.0135185,-0.0100144,-0.0109071,0.02005001,-2.121e-16,-1.2483e-15,4.02007e-16,1.3284761e-15,-0.0135185,-0.0100144,-0.0109071,0.02005001
375,376,-0.0137386,-0.00901987,-0.0102262,0.019356715,-1.8644e-15,4.66052e-16,1.32469e-15,2.334094e-15,-0.0137386,-0.00901987,-0.0102262,0.019356715
376,377,-0.0135686,-0.00961282,-0.0111329,0.020011364,-2.8617e-16,-1.45896e-15,-1.31103e-15,1.9822354e-15,-0.0135686,-0.00961282,-0.0111329,0.020011364
377,378,-0.0140742,-0.00925929,-0.0108079,0.0200157,1.36771e-15,4.59828e-16,-1.31204e-15,1.9502618e-15,-0.0140742,-0.00925929,-0.0108079,0.0200157
378,379,-0.0130344,-0.00946756,-0.0111565,0.01959586,-1.2986e-15,5.1259e-16,-2.15307e-16,1.4126102e-15,-0.0130344,-0.00946756,-0.0111565,0.01959586
379,380,-0.0135475,-0.00926104,-0.0107862,0.019637814,-1.72328e-15,2.42385e-16,1.08123e-15,2.0487808e-15,-0.0135475,-0.00926104,-0.0107862,0.019637814
380,381,-0.0136072,-0.0101354,-0.0120429,0.020806577,-6.66683e-16,-1.83879e-15,-2.80333e-16,1.975905e-15,-0.0136072,-0.0101354,-0.0120429,0.020806577
381,382,-0.0138783,-0.00951278,-0.0114486,0.020351183,-1.50761e-15,2.5164e-17,7.16444e-16,1.6693751e-15,-0.0138783,-0.00951278,-0.0114486,0.020351183
382,383,-0.0132289,-0.0102737,-0.0089006,0.018967692,-8.60138e-16,-9.48253e-16,5.53465e-16,1.394756e-15,-0.0132289,-0.0102737,-0.0089006,0.018967692
383,384,-0.0126921,-0.00992997,-0.00809757,0.018035086,-2.76769e-16,-3.62943e-16,-2.65793e-15,2.6968354e-15,-0.0126921,-0.00992997,-0.00809757,0.018035086
384,385,-0.0134581,-0.0105973,-0.00976459,0.019717263,-2.28285e-15,5.86662e-17,3.67451e-16,2.3129776e-15,-0.0134581,-0.0105973,-0.00976459,0.019717263
385,386,-0.0125619,-0.00963281,-0.00870481,0.018065605,-8.66925e-16,-1.21664e-15,-3.8696e-17,1.4944127e-15,-0.0125619,-0.00963281,-0.00870481,0.018065605
386,387,-0.0133468,-0.0101482,-0.00948229,0.019262318,-1.37251e-15,-4.83221e-16,1.9225e-15,2.4110772e-15,-0.0133468,-0.0101482,-0.00948229,0.019262318
387,388,-0.0130414,-0.00997237,-0.010223,0.01934001,-1.09186e-16,-1.06023e-15,1.3475e-15,1.7180703e-15,-0.0130414,-0.00997237,-0.010223,0.01934001
388,389,-0.0134099,-0.0101448,-0.0100215,0.0195748,-6.01765e-16,-1.13203e-15,1.99613e-15,2.3723718e-15,-0.0134099,-0.0101448,-0.0100215,0.0195748
389,390,-0.0127205,-0.00980918,-0.0107632,0.019335914,3.30735e-16,-3.91352e-16,-1.3365e-15,1.4313541e-15,-0.0127205,-0.00980918,-0.0107632,0.019335914
390,391,-0.0130394,-0.00982588,-0.0106067,0.019469872,-4.36063e-16,2.67221e-16,2.67545e-16,5.771813e-16,-0.0130394,-0.00982588,-0.0106067,0.019469872
391,392,-0.0132477,-0.0105254,-0.0114311,0.020419493,1.00511e-15,-1.41409e-15,-4.16428e-15,4.5112217e-15,-0.0132477,-0.0105254,-0.0114311,0.020419493
392,393,-0.0134091,-0.0103539,-0.0114436,0.020444147,9.41928e-16,-2.16128e-15,-8.86624e-16,2.5188212e-15,-0.0134091,-0.0103539,-0.0114436,0.020444147
393,394,-0.0129841,-0.0105569,-0.0119101,0.02053985,6.79532e-17,-4.91896e-16,3.71095e-15,3.744026e-15,-0.0129841,-0.0105569,-0.0119101,0.02053985
394,395,-0.0130545,-0.0102339,-0.011876,0.020400785,6.56087e-16,-2.31424e-16,-3.96625e-16,8.008237e-16,-0.0130545,-0.0102339,-0.011876,0.020400785
395,396,-0.0132881,-0.00994143,-0.0113242,0.020090872,2.97826e-16,3.56939e-16,3.05188e-16,5.5609846e-16,-0.0132881,-0.00994143,-0.0113242,0.020090872
396,397,-0.0130788,-0.0103952,-0.0122543,0.020719148,-2.42229e-16,-1.12624e-16,7.0786e-16,7.565876e-16,-0.0130788,-0.0103952,-0.0122543,0.020719148
397,398,-0.0130737,-0.00995736,-0.0116578,0.02014882,-9.93489e-16,8.25197e-16,2.09809e-16,1.3084305e-15,-0.0130737,-0.00995736,-0.0116578,0.02014882
398,399,-0.0127639,-0.0102212,-0.0122058,0.020405186,-6.14228e-17,-2.68475e-16,-2.19444e-15,2.2116551e-15,-0.0127639,-0.0102212,-0.0122058,0.020405186
399,400,-0.012826,-0.00984155,-0.0119989,0.020132959,-3.72502e-16,4.59339e-16,4.82596e-16,7.6331443e-16,-0.012826,-0.00984155,-0.0119989,0.020132959
400,401,-0.0126274,-0.0102759,-0.00810012,0.018183986,-8.6906e-16,-1.47146e-15,-1.34255e-15,2.1732233e-15,-0.0126274,-0.0102759,-0.00810012,0.018183986
401,402,-0.0127097,-0.0102395,-0.00881145,0.018547922,-8.13349e-16,3.71328e-17,-1.364e-15,1.588525e-15,-0.0127097,-0.0102395,-0.00881145,0.018547922
402,403,-0.0127874,-0.0107838,-0.00959712,0.019285036,-1.08487e-15,2.65665e-16,8.94432e-16,1.430919e-15,-0.0127874,-0.0107838,-0.00959712,0.019285036
403,404,-0.0129608,-0.0103513,-0.0100405,0.01938926,-1.73205e-16,-8.34256e-16,1.31252e-15,1.5648296e-15,-0.0129608,-0.0103513,-0.0100405,0.01938926
404,405,-0.0128475,-0.00988873,-0.0094574,0.018769328,-2.06427e-16,-1.82295e-15,3.67573e-16,1.8710608e-15,-0.0128475,-0.00988873,-0.0094574,0.018769328
405,406,-0.012484,-0.0102642,-0.0109174,0.019503683,5.49541e-16,-1.27614e-16,4.49587e-16,7.213939e-16,-0.012484,-0.0102642,-0.0109174,0.019503683
406,407,-0.0123823,-0.00980922,-0.010611,0.019029858,6.34083e-16,-2.66336e-16,-3.49848e-15,3.5654395e-15,-0.0123823,-0.00980922,-0.010611,0.019029858
407,408,-0.0126793,-0.010608,-0.011714,0.0202611,7.17549e-16,6.35194e-17,-4.66103e-16,8.579996e-16,-0.0126793,-0.010608,-0.011714,0.0202611
408,409,-0.0132847,-0.0109225,-0.0117241,0.020814389,4.49209e-16,2.74067e-16,-7.15133e-16,8.8787195e-16,-0.0132847,-0.0109225,-0.0117241,0.020814389
409,410,-0.012203,-0.010482,-0.0120911,0.02012412,4.28855e-16,3.29341e-16,1.49635e-17,5.409307e-16,-0.012203,-0.010482,-0.0120911,0.02012412
410,411,-0.013182,-0.0111046,-0.0125457,0.021318346,-2.07367e-15,-8.1381e-16,1.51425e-15,2.6935751e-15,-0.013182,-0.0111046,-0.0125457,0.021318346
411,412,-0.0128195,-0.0109426,-0.0132478,0.021437915,-8.13403e-16,-9.32155e-16,-5.81378e-16,1.3669446e-15,-0.0128195,-0.0109426,-0.0132478,0.021437915
412,413,-0.0119549,-0.0104387,-0.0128833,0.02044176,-3.45747e-16,-8.21801e-16,8.56741e-16,1.2364882e-15,-0.0119549,-0.0104387,-0.0128833,0.02044176
413,414,-0.0126919,-0.0104273,-0.0122269,0.02047706,-4.96882e-16,-2.21293e-16,3.46231e-15,3.5047758e-15,-0.0126919,-0.0104273,-0.0122269,0.02047706
414,415,-0.0129488,-0.0110868,-0.0137534,0.021903072,4.37415e-16,-3.72112e-16,-7.41944e-17,5.7905443e-16,-0.0129488,-0.0110868,-0.0137534,0.021903072
415,416,-0.0130669,-0.010711,-0.0128779,0.021244051,3.04952e-16,-2.06948e-15,-1.22947e-15,2.4263841e-15,-0.0130669,-0.010711,-0.0128779,0.021244051
416,417,-0.012721,-0.0108825,-0.0119591,0.020573594,-6.91303e-17,1.25121e-15,-9.35827e-16,1.5639941e-15,-0.012721,-0.0108825,-0.0119591,0.020573594
417,418,-0.0124759,-0.0113289,-0.0129121,0.021230035,5.62723e-16,-1.34244e-16,-5.97467e-16,8.3165226e-16,-0.0124759,-0.0113289,-0.0129121,0.021230035
418,419,-0.0130269,-0.0111846,-0.0128261,0.021431383,9.97124e-16,1.12097e-15,6.75026e-16,1.6451414e-15,-0.0130269,-0.0111846,-0.0128261,0.021431383
419,420,-0.0120711,-0.0111809,-0.0136817,0.0213989,-8.14041e-16,7.20793e-16,-1.4676e-15,1.8264872e-15,-0.0120711,-0.0111809,-0.0136817,0.0213989
420,421,-0.0124733,-0.0110298,-0.0131575,0.021221675,-2.01588e-16,4.88868e-16,-1.7608e-15,1.8384903e-15,-0.0124733,-0.0110298,-0.0131575,0.021221675
421,422,-0.0119583,-0.0113917,-0.0148137,0.022185976,3.48042e-16,-2.08269e-15,1.79562e-15,2.7718192e-15,-0.0119583,-0.0113917,-0.0148137,0.022185976
422,423,-0.0121787,-0.0110546,-0.0141903,0.021723019,-1.10659e-15,-2.89899e-15,2.62694e-15,4.0656485e-15,-0.0121787,-0.0110546,-0.0141903,0.021723019
423,424,-0.0125584,-0.0116987,-0.0149842,0.022783749,-8.93001e-16,-2.89601e-16,-3.4631e-16,1.0006248e-15,-0.0125584,-0.0116987,-0.0149842,0.022783749
424,425,-0.0119424,-0.0108335,-0.0133898,0.020958826,8.72237e-16,1.52175e-15,-2.17319e-17,1.7541359e-15,-0.0119424,-0.0108335,-0.0133898,0.020958826
425,426,-0.0146524,-0.00657324,-0.00833305,0.018092541,-1.42702e-15,3.06483e-17,-5.19252e-16,1.5188641e-15,-0.0146524,-0.00657324,-0.00833305,0.018092541
426,427,-0.0148173,-0.00539401,-0.0066883,0.01712837,-1.32268e-15,-1.25846e-16,-2.27618e-15,2.6355862e-15,-0.0148173,-0.00539401,-0.0066883,0.01712837
427,428,-0.0145514,-0.00680133,-0.00821916,0.018043168,3.7199e-16,7.30782e-16,-1.94248e-15,2.1084704e-15,-0.0145514,-0.00680133,-0.00821916,0.018043168
428,429,-0.0147718,-0.0056725,-0.00684934,0.017242296,-1.35795e-15,-2.82177e-16,1.19322e-15,1.829597e-15,-0.0147718,-0.0056725,-0.00684934,0.017242296
429,430,-0.0141086,-0.00836283,-0.0098216,0.019116834,-1.48808e-15,-1.52065e-15,-8.77973e-17,2.1294288e-15,-0.0141086,-0.00836283,-0.0098216,0.019116834
430,431,-0.0142105,-0.0074398,-0.00895574,0.018371016,-1.46259e-15,-1.0649e-15,1.15916e-15,2.1486818e-15,-0.0142105,-0.0074398,-0.00895574,0.018371016
431,432,-0.0135175,-0.00845398,-0.00936368,0.018489756,-5.33426e-16,-5.708e-16,3.54884e-15,3.6338162e-15,-0.0135175,-0.00845398,-0.00936368,0.018489756
432,433,-0.0141381,-0.00766555,-0.00863399,0.018253556,-8.99152e-16,-8.12353e-17,-1.03372e-15,1.3724615e-15,-0.0141381,-0.00766555,-0.00863399,0.018253556
433,434,-0.0135112,-0.00877267,-0.00912904,0.018516254,2.90739e-16,-1.50576e-15,1.06521e-15,1.867221e-15,-0.0135112,-0.00877267,-0.00912904,0.018516254
434,435,-0.0139389,-0.00798008,-0.0086011,0.018219592,-5.95186e-16,-1.14439e-15,-9.22346e-16,1.5857481e-15,-0.0139389,-0.00798008,-0.0086011,0.018219592
435,436,-0.013461,-0.008994,-0.00933584,0.01868819,1.21573e-16,-2.73509e-17,-3.11913e-16,3.3588358e-16,-0.013461,-0.008994,-0.00933584,0.01868819
436,437,-0.0134999,-0.00812485,-0.00855353,0.017928284,-4.62996e-16,-1.6882e-15,-3.92771e-16,1.7940605e-15,-0.0134999,-0.00812485,-0.00855353,0.017928284
437,438,-0.0146715,-0.00733104,-0.00804568,0.01826828,-8.97574e-16,-1.0978e-15,1.57685e-15,2.1206745e-15,-0.0146715,-0.00733104,-0.00804568,0.01826828
438,439,-0.0138247,-0.00720662,-0.0076085,0.017347824,-7.58476e-16,-6.41994e-16,4.55942e-16,1.0933093e-15,-0.0138247,-0.00720662,-0.0076085,0.017347824
439,440,-0.0150906,-0.00617337,-0.00678519,0.017659998,-1.31093e-15,-1.90031e-15,9.83535e-16,2.5093938e-15,-0.0150906,-0.00617337,-0.00678519,0.017659998
440,441,-0.0135734,-0.00863567,-0.0088317,0.01835241,-7.26947e-16,-4.28626e-16,1.61869e-15,1.825467e-15,-0.0135734,-0.00863567,-0.0088317,0.01835241
441,442,-0.0137369,-0.00759091,-0.00767347,0.01747016,-3.62828e-16,4.96887e-16,2.84228e-15,2.908109e-15,-0.0137369,-0.00759091,-0.00767347,0.01747016
442,443,-0.0144512,-0.00622117,-0.00643439,0.01699828,-9.26637e-16,-1.05367e-15,3.28246e-15,3.569793e-15,-0.0144512,-0.00622117,-0.00643439,0.01699828
443,444,-0.0134143,-0.00899622,-0.00958906,0.01878365,-5.15614e-16,5.78019e-16,9.56578e-17,7.804577e-16,-0.0134143,-0.00899622,-0.00958906,0.01878365
444,445,-0.0140278,-0.00801921,-0.00803923,0.018047607,6.37714e-16,2.55342e-15,5.78588e-16,2.6946979e-15,-0.0140278,-0.00801921,-0.00803923,0.018047607
445,446,-0.0143172,-0.00656139,-0.00643733,0.017013915,1.65759e-16,8.08684e-16,2.46281e-15,2.5974754e-15,-0.0143172,-0.00656139,-0.00643733,0.017013915
446,447,-0.013168,-0.00898306,-0.010153,0.018899074,-4.5922e-16,-2.58163e-16,-1.46368e-15,1.5555997e-15,-0.013168,-0.00898306,-0.010153,0.018899074
447,448,-0.0135118,-0.00803671,-0.00859864,0.017919097,6.14389e-16,-4.16093e-16,-3.12779e-16,8.0525644e-16,-0.0135118,-0.00803671,-0.00859864,0.017919097
448,449,-0.0139397,-0.00673009,-0.00601638,0.016607415,1.27923e-15,7.80285e-16,2.18621e-15,2.6504317e-15,-0.0139397,-0.00673009,-0.00601638,0.016607415
449,450,-0.0131057,-0.00928458,-0.0110733,0.01950848,-2.64716e-15,-1.86772e-16,5.89009e-16,2.7183214e-15,-0.0131057,-0.00928458,-0.0110733,0.01950848
450,451,-0.0132491,-0.00813212,-0.0098085,0.018381422,-1.49536e-15,-1.17788e-16,-3.5903e-16,1.5423612e-15,-0.0132491,-0.00813212,-0.0098085,0.018381422
451,452,-0.0136314,-0.00697714,-0.00676909,0.016742645,-2.76158e-16,3.02672e-17,-2.80148e-15,2.8152211e-15,-0.0136314,-0.00697714,-0.00676909,0.016742645
452,453,-0.0132582,-0.00960497,-0.0111898,0.019830454,-1.0513e-15,-7.01762e-16,-3.16282e-15,3.4060434e-15,-0.0132582,-0.00960497,-0.0111898,0.019830454
453,454,-0.0133579,-0.0100849,-0.0119414,0.020560538,1.12884e-16,-1.33879e-15,-2.59017e-16,1.3682804e-15,-0.0133579,-0.0100849,-0.0119414,0.020560538
454,455,-0.0135968,-0.0091053,-0.0105217,0.019454706,3.89066e-16,-6.69983e-16,3.44335e-15,3.5294347e-15,-0.0135968,-0.0091053,-0.0105217,0.019454706
455,456,-0.0136515,-0.010079,-0.0113162,0.020396227,-7.87957e-16,4.85992e-16,-1.64463e-15,1.8872923e-15,-0.0136515,-0.010079,-0.0113162,0.020396227
456,457,-0.0137705,-0.00931476,-0.0102281,0.01951936,1.8996e-16,-9.40549e-16,7.32549e-15,7.388065e-15,-0.0137705,-0.00931476,-0.0102281,0.01951936
457,458,-0.0131316,-0.00981096,-0.0108787,0.01967333,-4.27354e-16,-2.40499e-15,5.32843e-17,2.4432454e-15,-0.0131316,-0.00981096,-0.0108787,0.01967333
458,459,-0.0135866,-0.00954235,-0.0100883,0.019427454,5.58964e-16,-1.1543e-15,9.2992e-16,1.5841718e-15,-0.0135866,-0.00954235,-0.0100883,0.019427454
459,460,-0.0127092,-0.0100062,-0.010872,0.019489694,-5.47302e-16,-5.53904e-16,1.2296e-15,1.4554261e-15,-0.0127092,-0.0100062,-0.010872,0.019489694
460,461,-0.0131492,-0.00962019,-0.0100286,0.01913171,6.86929e-16,9.36692e-17,-6.28971e-17,6.9613323e-16,-0.0131492,-0.00962019,-0.0100286,0.01913171
461,462,-0.0132291,-0.0102896,-0.0101737,0.019605845,-8.67622e-16,8.36934e-16,-6.35603e-16,1.3627977e-15,-0.0132291,-0.0102896,-0.0101737,0.019605845
462,463,-0.013058,-0.0109283,-0.011352,0.020464776,-1.85685e-15,-6.18799e-16,1.52575e-15,2.4816763e-15,-0.013058,-0.0109283,-0.011352,0.020464776
463,464,-0.013495,-0.00962447,-0.00969342,0.019201767,4.66124e-16,3.1527e-16,-2.20028e-15,2.271101e-15,-0.013495,-0.00962447,-0.00969342,0.019201767
464,465,-0.0128555,-0.0103631,-0.0106481,0.019647894,1.83099e-16,-3.65323e-16,-7.05143e-16,8.149925e-16,-0.0128555,-0.0103631,-0.0106481,0.019647894
465,466,-0.012861,-0.00960679,-0.00962368,0.018716596,-1.18995e-16,-1.73243e-17,-1.09163e-15,1.0982332e-15,-0.012861,-0.00960679,-0.00962368,0.018716596
466,467,-0.0128905,-0.0107644,-0.0113997,0.020297548,-3.28193e-16,-2.16302e-16,8.8305e-16,9.665787e-16,-0.0128905,-0.0107644,-0.0113997,0.020297548
467,468,-0.0127716,-0.00976314,-0.0103263,0.019106679,-6.36401e-16,-1.28657e-15,-5.95153e-16,1.5538583e-15,-0.0127716,-0.00976314,-0.0103263,0.019106679
468,469,-0.0121382,-0.0106132,-0.0120754,0.02014426,-1.90087e-15,-7.06879e-16,-2.65066e-15,3.3375114e-15,-0.0121382,-0.0106132,-0.0120754,0.02014426
469,470,-0.0125702,-0.0099957,-0.011405,0.019697664,-1.55991e-15,6.11579e-16,-1.48348e-15,2.2378697e-15,-0.0125702,-0.0099957,-0.011405,0.019697664
470,471,-0.0129379,-0.0101061,-0.012026,0.020350607,3.74767e-16,-4.85145e-16,-1.0491e-15,1.2150831e-15,-0.0129379,-0.0101061,-0.012026,0.020350607
471,472,-0.0129806,-0.0105548,-0.0120283,0.020605333,-7.80574e-17,-3.24252e-16,-7.50902e-16,8.2163625e-16,-0.0129806,-0.0105548,-0.0120283,0.020605333
472,473,-0.0133345,-0.0103175,-0.0117131,0.020529402,1.05491e-15,3.89735e-17,-3.36855e-16,1.1080728e-15,-0.0133345,-0.0103175,-0.0117131,0.020529402
473,474,-0.012993,-0.0103087,-0.0120816,0.020519562,1.65733e-16,2.2826e-16,-1.01482e-15,1.0532947e-15,-0.012993,-0.0103087,-0.0120816,0.020519562
474,475,-0.01246,-0.0103493,-0.0121136,0.020226194,1.10288e-15,-2.44361e-16,-5.22044e-15,5.3412593e-15,-0.01246,-0.0103493,-0.0121136,0.020226194
475,476,-0.0127521,-0.0101462,-0.0114966,0.01994325,6.30667e-16,-9.52001e-16,-1.63574e-15,1.9949165e-15,-0.0127521,-0.0101462,-0.0114966,0.01994325
476,477,-0.0125345,-0.0110114,-0.0122687,0.020709554,2.26031e-16,-3.52601e-16,-8.33942e-17,4.2705043e-16,-0.0125345,-0.0110114,-0.0122687,0.020709554
477,478,-0.0128206,-0.0106297,-0.011699,0.020352516,3.42345e-16,-1.8282e-16,3.99758e-18,3.8812267e-16,-0.0128206,-0.0106297,-0.011699,0.020352516
478,479,-0.0123892,-0.0110478,-0.0121826,0.020590335,-1.16328e-16,8.05657e-16,-2.17115e-15,2.3187298e-15,-0.0123892,-0.0110478,-0.0121826,0.020590335
479,480,-0.0122324,-0.0104927,-0.0116433,0.019882021,1.41486e-16,1.32948e-15,-2.16661e-15,2.545925e-15,-0.0122324,-0.0104927,-0.0116433,0.019882021
480,481,-0.0118504,-0.0108758,-0.0116564,0.019864205,2.51639e-16,-1.09355e-15,-2.58997e-15,2.8226085e-15,-0.0118504,-0.0108758,-0.0116564,0.019864205
481,482,-0.0125114,-0.0108513,-0.0112358,0.020013222,3.04336e-16,-8.55294e-16,5.41658e-16,1.0571384e-15,-0.0125114,-0.0108513,-0.0112358,0.020013222
482,483,-0.0120323,-0.0111481,-0.0121758,0.02042808,7.51333e-16,8.04959e-16,-2.97775e-15,3.1748159e-15,-0.0120323,-0.0111481,-0.0121758,0.02042808
483,484,-0.0121077,-0.0106073,-0.0114152,0.019733679,1.3366e-16,-5.95384e-16,-3.22249e-15,3.2797543e-15,-0.0121077,-0.0106073,-0.0114152,0.019733679
484,485,-0.0117849,-0.0115465,-0.0126487,0.020789303,-1.91225e-16,-3.90028e-16,-1.79017e-15,1.8421177e-15,-0.0117849,-0.0115465,-0.0126487,0.020789303
485,486,-0.0121368,-0.0111682,-0.0122011,0.020515785,-1.07781e-15,-2.25696e-16,-3.8402e-15,3.9949657e-15,-0.0121368,-0.0111682,-0.0122011,0.020515785
486,487,-0.0126823,-0.0109235,-0.0138529,0.021727089,9.56521e-16,1.2992e-15,2.42561e-15,2.913149e-15,-0.0126823,-0.0109235,-0.0138529,0.021727089
487,488,-0.0133286,-0.0112291,-0.0132325,0.02188249,9.90066e-16,4.83097e-16,-1.35184e-15,1.7438707e-15,-0.0133286,-0.0112291,-0.0132325,0.02188249
488,489,-0.0125017,-0.0112075,-0.0140276,0.021878622,5.70502e-16,1.3511e-16,-1.50895e-15,1.6188444e-15,-0.0125017,-0.0112075,-0.0140276,0.021878622
489,490,-0.0127327,-0.0109563,-0.0131312,0.02132113,-1.52698e-17,5.78992e-16,1.36563e-15,1.483378e-15,-0.0127327,-0.0109563,-0.0131312,0.02132113
490,491,-0.0128222,-0.0106165,-0.0121556,0.020612556,-6.30946e-16,6.99595e-17,-4.40865e-16,7.728837e-16,-0.0128222,-0.0106165,-0.0121556,0.020612556
491,492,-0.0123124,-0.0112691,-0.0132157,0.021289494,-2.42189e-17,-6.79662e-16,-2.78934e-15,2.871053e-15,-0.0123124,-0.0112691,-0.0132157,0.021289494
492,493,-0.0123699,-0.0108932,-0.012228,0.020523163,1.51631e-16,2.22514e-18,-2.75296e-15,2.7571335e-15,-0.0123699,-0.0108932,-0.012228,0.020523163
493,494,-0.0126308,-0.0117966,-0.0137223,0.022068039,2.94472e-16,1.10979e-15,-2.54546e-15,2.7924387e-15,-0.0126308,-0.0117966,-0.0137223,0.022068039
494,495,-0.0119579,-0.0108463,-0.012477,0.020403653,2.57699e-17,-2.04383e-16,-2.71247e-15,2.7202813e-15,-0.0119579,-0.0108463,-0.012477,0.020403653
495,496,-0.0120298,-0.011837,-0.0136017,0.02167572,8.98234e-16,-9.9419e-16,-5.87977e-15,6.0305e-15,-0.0120298,-0.011837,-0.0136017,0.02167572
496,497,-0.0122443,-0.0114745,-0.0129949,0.021223912,7.94622e-16,1.27384e-16,-3.62934e-15,3.7174938e-15,-0.0122443,-0.0114745,-0.0129949,0.021223912
497,498,-0.0116086,-0.0119468,-0.0139353,0.021718154,-7.51414e-16,-2.46067e-15,-4.13357e-15,4.868873e-15,-0.0116086,-0.0119468,-0.0139353,0.021718154
498,499,-0.012251,-0.0121292,-0.0134979,0.021895153,-1.33958e-15,-2.87938e-15,-1.08565e-15,3.3561794e-15,-0.012251,-0.0121292,-0.0134979,0.021895153
499,500,-0.0119274,-0.0114909,-0.0121373,0.02053333,-8.78819e-16,-6.05365e-16,-2.48367e-15,2.7032214e-15,-0.0119274,-0.0114909,-0.0121373,0.02053333
500,501,-0.0112526,-0.0118472,-0.0134519,0.021164374,6.08563e-16,9.0637e-16,-9.32471e-16,1.435743e-15,-0.0112526,-0.0118472,-0.0134519,0.021164374
501,502,-0.0119591,-0.0119312,-0.0130349,0.021337343,4.13964e-16,5.79015e-16,-1.53551e-15,1.6924584e-15,-0.0119591,-0.0119312,-0.0130349,0.021337343
502,503,-0.0111667,-0.0120846,-0.0134359,0.021242792,-3.2797e-16,-1.71788e-15,-9.85859e-16,2.0076339e-15,-0.0111667,-0.0120846,-0.0134359,0.021242792
503,504,-0.0114411,-0.0117992,-0.0136232,0.0213474,9.54734e-16,-1.22439e-15,-1.30477e-15,2.028071e-15,-0.0114411,-0.0117992,-0.0136232,0.0213474
504,505,-0.0121284,-0.0115682,-0.0155412,0.02285717,-4.66409e-16,5.95715e-16,1.70589e-15,1.866139e-15,-0.0121284,-0.0115682,-0.0155412,0.02285717
505,506,-0.0121108,-0.0111352,-0.0140868,0.021658763,3.69948e-16,1.23421e-15,-5.37237e-16,1.3959798e-15,-0.0121108,-0.0111352,-0.0140868,0.021658763
506,507,-0.0121812,-0.0120802,-0.0157649,0.023299031,-3.28914e-16,1.04838e-15,-1.57868e-15,1.9234123e-15,-0.0121812,-0.0120802,-0.0157649,0.023299031
507,508,-0.0118745,-0.011556,-0.014462,0.021993052,2.79231e-16,2.70923e-16,-2.0814e-15,2.1174502e-15,-0.0118745,-0.011556,-0.014462,0.021993052
508,509,-0.0116442,-0.0116186,-0.0145007,0.021928282,-7.50701e-17,-9.50903e-16,-1.20162e-15,1.5341912e-15,-0.0116442,-0.0116186,-0.0145007,0.021928282
509,510,-0.0115922,-0.0110406,-0.0137148,0.021080079,2.4069e-16,-7.10033e-16,-3.46018e-15,3.5404694e-15,-0.0115922,-0.0110406,-0.0137148,0.021080079
510,511,-0.0114544,-0.0119039,-0.0148217,0.022194343,3.40235e-16,-8.19319e-16,-1.71426e-15,1.930215e-15,-0.0114544,-0.0119039,-0.0148217,0.022194343
511,512,-0.0118257,-0.0116287,-0.0141361,0.021792274,4.43957e-16,-7.59081e-16,-5.03698e-15,5.1131665e-15,-0.0118257,-0.0116287,-0.0141361,0.021792274
512,513,-0.0113578,-0.0123004,-0.0149977,0.022477333,2.8285e-16,4.1742e-16,-4.0434e-16,6.463238e-16,-0.0113578,-0.0123004,-0.0149977,0.022477333
513,514,-0.0115743,-0.0119291,-0.013841,0.021629637,-1.04664e-15,-1.04811e-15,-4.20747e-15,4.4605822e-15,-0.0115743,-0.0119291,-0.013841,0.021629637
514,515,-0.0110049,-0.012584,-0.0149918,0.02245482,-1.56896e-16,1.0282e-15,-1.27412e-15,1.6447472e-15,-0.0110049,-0.012584,-0.0149918,0.02245482
515,516,-0.0114141,-0.0122182,-0.0143955,0.022063466,-7.18904e-16,-1.38899e-15,-4.102e-15,4.390048e-15,-0.0114141,-0.0122182,-0.0143955,0.022063466
516,517,-0.011043,-0.0125312,-0.0150116,0.022457225,-3.82649e-16,-6.94841e-16,-2.12502e-15,2.2682448e-15,-0.011043,-0.0125312,-0.0150116,0.022457225
517,518,-0.0111327,-0.0121044,-0.0140103,0.021604214,-1.60499e-15,-4.00971e-16,-2.93887e-15,3.3724958e-15,-0.0111327,-0.0121044,-0.0140103,0.021604214
518,519,-0.0104889,-0.0123902,-0.0148099,0.02197424,8.62821e-16,-2.21848e-15,-2.6254e-15,3.5438452e-15,-0.0104889,-0.0123902,-0.0148099,0.02197424
519,520,-0.0112316,-0.0128645,-0.0146765,0.022517635,3.83542e-17,-1.10568e-15,-1.96989e-15,2.2593067e-15,-0.0112316,-0.0128645,-0.0146765,0.022517635
520,521,-0.0127183,-0.00909366,-0.0120589,0.019745046,-1.70403e-15,-2.52585e-16,-1.49356e-15,2.2799647e-15,-0.0127183,-0.00909366,-0.0120589,0.019745046
521,522,-0.0133889,-0.00841874,-0.0113247,0.019452162,-3.63482e-16,1.08425e-15,-1.90648e-15,2.223147e-15,-0.0133889,-0.00841874,-0.0113247,0.019452162
522,523,-0.0133018,-0.00707843,-0.00856094,0.017330082,-6.4403e-16,2.51891e-16,-1.51311e-15,1.6636483e-15,-0.0133018,-0.00707843,-0.00856094,0.017330082
523,524,-0.0127026,-0.00838795,-0.0126896,0.019817661,-1.10912e-15,4.79113e-16,-1.84952e-15,2.2091674e-15,-0.0127026,-0.00838795,-0.0126896,0.019817661
524,525,-0.012418,-0.00932856,-0.0134828,0.02056732,-7.60814e-16,-3.08252e-16,1.0491e-15,1.3320916e-15,-0.012418,-0.00932856,-0.0134828,0.02056732
525,526,-0.0118412,-0.0107935,-0.0132166,0.020769982,-1.43024e-15,-2.05892e-15,9.4027e-17,2.5087007e-15,-0.0118412,-0.0107935,-0.0132166,0.020769982
526,527,-0.012556,-0.0101487,-0.0128227,0.020617247,-1.8942e-15,1.77007e-16,-1.96493e-16,1.9125729e-15,-0.012556,-0.0101487,-0.0128227,0.020617247
527,528,-0.011383,-0.010526,-0.014014,0.020898841,-1.05778e-15,-1.27853e-15,-1.09934e-15,1.9904988e-15,-0.011383,-0.010526,-0.014014,0.020898841
528,529,-0.0119578,-0.00999262,-0.0138733,0.02086408,-9.23277e-16,4.91283e-17,1.23465e-15,1.5424704e-15,-0.0119578,-0.00999262,-0.0138733,0.02086408
529,530,-0.0122264,-0.0106747,-0.0152043,0.022239713,3.1784e-16,-1.95251e-15,-1.43489e-16,1.983408e-15,-0.0122264,-0.0106747,-0.0152043,0.022239713
530,531,-0.0126797,-0.00976484,-0.0149463,0.021897918,-5.06545e-16,-8.89865e-16,2.0706e-15,2.3099419e-15,-0.0126797,-0.00976484,-0.0149463,0.021897918
531,532,-0.0118053,-0.0104163,-0.0160261,0.022465536,-6.82607e-16,-4.47214e-17,-1.45836e-15,1.6108279e-15,-0.0118053,-0.0104163,-0.0160261,0.022465536
532,533,-0.0123885,-0.00971683,-0.0160788,0.022503767,-6.92709e-16,9.37999e-16,-1.44327e-15,1.8554557e-15,-0.0123885,-0.00971683,-0.0160788,0.022503767
533,534,-0.0123279,-0.00837464,-0.0137374,0.02026889,5.10344e-16,-4.60654e-16,-2.57104e-15,2.6613718e-15,-0.0123279,-0.00837464,-0.0137374,0.02026889
534,535,-0.0124788,-0.00949877,-0.0175515,0.023537252,-5.12531e-16,-1.18676e-15,4.50929e-15,4.6909256e-15,-0.0124788,-0.00949877,-0.0175515,0.023537252
535,536,-0.0118212,-0.0101216,-0.0170214,0.023063296,-2.67156e-16,-1.17568e-15,3.48813e-15,3.690616e-15,-0.0118212,-0.0101216,-0.0170214,0.023063296
536,537,-0.0131776,-0.00865628,-0.0174253,0.023499392,-2.22756e-16,5.04246e-17,-2.79656e-16,3.6106836e-16,-0.0131776,-0.00865628,-0.0174253,0.023499392
537,538,-0.0112276,-0.0115665,-0.0134674,0.021005088,-1.53505e-15,-1.22168e-15,-5.10539e-15,5.469359e-15,-0.0112276,-0.0115665,-0.0134674,0.021005088
538,539,-0.0113695,-0.0110871,-0.0129803,0.020510424,-3.56718e-16,-2.08723e-15,-3.11126e-15,3.763471e-15,-0.0113695,-0.0110871,-0.0129803,0.020510424
539,540,-0.011142,-0.0117697,-0.0141447,0.02151145,-1.07606e-15,6.62663e-16,-1.48141e-15,1.9472038e-15,-0.011142,-0.0117697,-0.0141447,0.02151145
540,541,-0.0117372,-0.011556,-0.0143473,0.021843718,-5.52469e-16,-1.06051e-15,-1.97032e-15,2.3047917e-15,-0.0117372,-0.011556,-0.0143473,0.021843718
541,542,-0.0111938,-0.0115903,-0.0151879,0.022142911,-8.1149e-16,1.35252e-15,-1.63785e-15,2.2738468e-15,-0.0111938,-0.0115903,-0.0151879,0.022142911
542,543,-0.011293,-0.0109726,-0.014908,0.021683594,-4.59734e-16,-1.03097e-15,8.46548e-16,1.4109919e-15,-0.011293,-0.0109726,-0.014908,0.021683594
543,544,-0.0110927,-0.0115431,-0.0159007,0.022563763,-6.56216e-16,-9.77995e-16,1.782e-15,2.1360284e-15,-0.0110927,-0.0115431,-0.0159007,0.022563763
544,545,-0.0113491,-0.0108902,-0.0156856,0.022213431,-1.40956e-15,-9.06024e-16,1.37029e-15,2.1645863e-15,-0.0113491,-0.0108902,-0.0156856,0.022213431
545,546,-0.0110284,-0.0112619,-0.0164912,0.022812622,-9.73798e-16,-1.86488e-15,2.34373e-15,3.1494652e-15,-0.0110284,-0.0112619,-0.0164912,0.022812622
546,547,-0.0115452,-0.0108345,-0.0167733,0.023065595,-9.46429e-16,1.7849e-16,3.972e-15,4.0870983e-15,-0.0115452,-0.0108345,-0.0167733,0.023065595
547,548,-0.0116353,-0.0107875,-0.0180303,0.024017537,-7.53715e-16,-8.41793e-17,2.98754e-15,3.0822991e-15,-0.0116353,-0.0107875,-0.0180303,0.024017537
548,549,-0.0122,-0.0101028,-0.0183058,0.02420762,1.01489e-15,-2.25488e-15,2.11211e-15,3.2519983e-15,-0.0122,-0.0101028,-0.0183058,0.02420762
549,550,-0.012199,-0.00891881,-0.0179763,0.023484211,2.00109e-16,-1.21147e-15,3.03047e-15,3.2697786e-15,-0.012199,-0.00891881,-0.0179763,0.023484211
550,551,-0.0116696,-0.00961619,-0.0191906,0.024432147,1.03841e-15,6.96508e-16,4.45659e-16,1.327415e-15,-0.0116696,-0.00961619,-0.0191906,0.024432147
551,552,-0.0113319,-0.0102812,-0.0190384,0.0244249,-5.26469e-17,1.94279e-15,1.46754e-15,2.4353394e-15,-0.0113319,-0.0102812,-0.0190384,0.0244249
552,553,-0.0119297,-0.00873398,-0.019048,0.024112785,8.14171e-17,8.35594e-16,1.21615e-15,1.4777912e-15,-0.0119297,-0.00873398,-0.019048,0.024112785
553,554,-0.0113351,-0.00980227,-0.0203691,0.025287729,-2.55287e-16,2.08404e-16,1.15342e-16,3.4915249e-16,-0.0113351,-0.00980227,-0.0203691,0.025287729
554,555,-0.0122159,-0.00946927,-0.021333,0.026343731,1.56617e-16,-5.72899e-16,8.77637e-16,1.0597117e-15,-0.0122159,-0.00946927,-0.021333,0.026343731
555,556,-0.0132474,-0.00912958,-0.0216992,0.027012926,-1.7505e-15,5.11555e-16,2.20685e-15,2.8628875e-15,-0.0132474,-0.00912958,-0.0216992,0.027012926
556,557,-0.0107964,-0.0124237,-0.0140603,0.02164723,-4.43627e-16,-2.25094e-15,2.31181e-15,3.2569927e-15,-0.0107964,-0.0124237,-0.0140603,0.02164723
557,558,-0.0109014,-0.0119286,-0.0139765,0.021365266,-6.42827e-16,-1.82103e-15,-9.95475e-16,2.1726361e-15,-0.0109014,-0.0119286,-0.0139765,0.021365266
558,559,-0.0108053,-0.0120586,-0.014761,0.021910077,-2.04305e-16,3.74276e-16,-1.11513e-15,1.1938753e-15,-0.0108053,-0.0120586,-0.014761,0.021910077
559,560,-0.0110169,-0.0119828,-0.0152044,0.02227405,-2.28978e-15,-7.48515e-17,2.19861e-15,3.175308e-15,-0.0110169,-0.0119828,-0.0152044,0.02227405
560,561,-0.0108756,-0.0124442,-0.0156909,0.022789057,5.25881e-16,-5.2837e-16,-3.05177e-15,3.1415006e-15,-0.0108756,-0.0124442,-0.0156909,0.022789057
561,562,-0.0105437,-0.0114663,-0.0157973,0.02218559,-1.48786e-16,3.40164e-16,1.2587e-16,3.920358e-16,-0.0105437,-0.0114663,-0.0157973,0.02218559
562,563,-0.0106039,-0.0123504,-0.016503,0.023180252,-1.27562e-15,-2.44576e-15,4.1951e-16,2.79015e-15,-0.0106039,-0.0123504,-0.016503,0.023180252
563,564,-0.0110252,-0.0120149,-0.0168546,0.023451872,-8.7047e-16,5.4074e-17,-1.65344e-16,8.876827e-16,-0.0110252,-0.0120149,-0.0168546,0.023451872
564,565,-0.0106814,-0.012711,-0.0173806,0.02403637,-8.87257e-16,-1.14841e-15,-2.62914e-16,1.474854e-15,-0.0106814,-0.012711,-0.0173806,0.02403637
565,566,-0.0110179,-0.01119,-0.0174997,0.023512756,-9.22308e-16,-2.30582e-15,-7.57049e-16,2.596263e-15,-0.0110179,-0.01119,-0.0174997,0.023512756
566,567,-0.0109018,-0.0119649,-0.0179624,0.02417966,1.11074e-15,-3.7124e-16,1.69473e-15,2.0600176e-15,-0.0109018,-0.0119649,-0.0179624,0.02417966
567,568,-0.0114163,-0.0113896,-0.0191592,0.02504256,-1.24494e-15,2.08006e-15,1.06778e-15,2.6489016e-15,-0.0114163,-0.0113896,-0.0191592,0.02504256
568,569,-0.0109165,-0.0119974,-0.0189489,0.024943303,-7.08771e-16,6.29951e-16,7.36718e-16,1.2008114e-15,-0.0109165,-0.0119974,-0.0189489,0.024943303
569,570,-0.0112068,-0.0107557,-0.0207201,0.025895946,-4.0442e-16,-7.93227e-16,-2.0525e-16,9.137243e-16,-0.0112068,-0.0107557,-0.0207201,0.025895946
570,571,-0.0106377,-0.0112271,-0.0198532,0.025166605,-2.7195e-16,-1.74882e-15,-3.07267e-16,1.7963134e-15,-0.0106377,-0.0112271,-0.0198532,0.025166605
571,572,-0.0101933,-0.0128401,-0.0150697,0.022268081,3.39654e-16,-1.65329e-15,-8.84418e-16,1.9054995e-15,-0.0101933,-0.0128401,-0.0150697,0.022268081
572,573,-0.0105196,-0.0125261,-0.0144282,0.02181142,-9.18613e-18,-1.30475e-15,-1.70321e-15,2.1455493e-15,-0.0105196,-0.0125261,-0.0144282,0.02181142
573,574,-0.00989233,-0.0122883,-0.014547,0.021458698,-4.35617e-17,3.03763e-16,-1.06914e-15,1.1123084e-15,-0.00989233,-0.0122883,-0.014547,0.021458698
574,575,-0.010364,-0.0122495,-0.0147411,0.021789052,-2.14551e-16,-4.83477e-16,5.95664e-17,5.322878e-16,-0.010364,-0.0122495,-0.0147411,0.021789052
575,576,-0.010611,-0.0128856,-0.0159189,0.023066066,3.36223e-16,2.78366e-16,-1.64218e-15,1.6992024e-15,-0.010611,-0.0128856,-0.0159189,0.023066066
576,577,-0.0102268,-0.0130149,-0.0152198,0.022485936,-1.19504e-15,7.87481e-16,2.45275e-15,2.8397586e-15,-0.0102268,-0.0130149,-0.0152198,0.022485936
577,578,-0.0103464,-0.0131184,-0.0167817,0.023680495,-8.87931e-16,-8.17656e-16,-1.76037e-15,2.134452e-15,-0.0103464,-0.0131184,-0.0167817,0.023680495
578,579,-0.00961279,-0.0127151,-0.0152781,0.022079399,-1.02924e-15,-1.33567e-17,-4.63163e-16,1.1287309e-15,-0.00961279,-0.0127151,-0.0152781,0.022079399
579,580,-0.0100889,-0.0128241,-0.0164443,0.02316589,-1.32453e-15,-7.19128e-16,-8.89067e-16,1.749847e-15,-0.0100889,-0.0128241,-0.0164443,0.02316589
580,581,-0.0104582,-0.012373,-0.0178495,0.024105389,1.32876e-15,-4.77679e-17,6.47429e-16,1.4788675e-15,-0.0104582,-0.012373,-0.0178495,0.024105389
581,582,-0.00956908,-0.0121322,-0.0159994,0.022242714,1.25138e-15,-7.09707e-17,8.04075e-16,1.4891358e-15,-0.00956908,-0.0121322,-0.0159994,0.022242714
582,583,-0.0102208,-0.0119498,-0.0182097,0.024059419,9.72162e-16,7.44465e-16,1.15933e-15,1.6862304e-15,-0.0102208,-0.0119498,-0.0182097,0.024059419
583,584,-0.00975161,-0.0127783,-0.0174595,0.023732109,-1.00024e-16,-4.21944e-16,1.02511e-16,4.4558957e-16,-0.00975161,-0.0127783,-0.0174595,0.023732109
584,585,-0.0103243,-0.0121041,-0.0198339,0.025426049,-6.59887e-16,-1.78682e-16,-1.60572e-15,1.7451977e-15,-0.0103243,-0.0121041,-0.0198339,0.025426049
585,586,-0.0118641,-0.0111003,-0.0220939,0.027424695,9.48751e-16,-6.95911e-16,-2.44888e-16,1.201828e-15,-0.0118641,-0.0111003,-0.0220939,0.027424695
586,587,-0.0118715,-0.00998252,-0.0215152,0.02652333,-2.67482e-16,-4.70395e-16,-1.46045e-16,5.604883e-16,-0.0118715,-0.00998252,-0.0215152,0.02652333
587,588,-0.0117958,-0.0104833,-0.0226077,0.027570793,-1.1342e-15,2.29192e-15,-1.02596e-15,2.7553404e-15,-0.0117958,-0.0104833,-0.0226077,0.027570793
588,589,-0.0121317,-0.0095173,-0.022337,0.027142195,-1.52337e-15,2.29242e-16,-3.39445e-16,1.5774762e-15,-0.0121317,-0.0095173,-0.022337,0.027142195
589,590,-0.0111343,-0.0116897,-0.0214051,0.026810447,1.76659e-15,-3.79183e-16,3.19859e-16,1.8349196e-15,-0.0111343,-0.0116897,-0.0214051,0.026810447
590,591,-0.0101431,-0.0117564,-0.0207052,0.025880508,-3.8529e-16,-1.06014e-15,-2.44214e-15,2.6900545e-15,-0.0101431,-0.0117564,-0.0207052,0.025880508
591,592,-0.0110601,-0.0110514,-0.0219033,0.026911221,3.48774e-16,1.24525e-15,-1.19423e-15,1.7602489e-15,-0.0110601,-0.0110514,-0.0219033,0.026911221
592,593,-0.0102331,-0.0116408,-0.0215692,0.026560402,7.87825e-16,1.36804e-15,-9.5276e-16,1.8438963e-15,-0.0102331,-0.0116408,-0.0215692,0.026560402
593,594,-0.0108839,-0.0102404,-0.0228216,0.027279122,-3.82277e-16,6.74985e-17,1.84335e-16,4.297338e-16,-0.0108839,-0.0102404,-0.0228216,0.027279122
594,595,-0.0116139,-0.00982882,-0.023585,0.028066717,3.63555e-16,-1.23377e-15,-1.92148e-16,1.3004928e-15,-0.0116139,-0.00982882,-0.023585,0.028066717
595,596,-0.0111244,0.00808684,0.0220262,0.02596734,1.49151e-15,1.46396e-15,-1.37002e-15,2.498947e-15,-0.0111244,0.00808684,0.0220262,0.02596734
596,597,-0.0115823,0.00733969,0.0210414,0.025114961,-9.24078e-16,3.4216e-16,1.06689e-15,1.452325e-15,-0.0115823,0.00733969,0.0210414,0.025114961
597,598,-0.0113617,0.00657933,0.0202102,0.024100373,-9.88251e-16,3.0643e-15,6.47338e-16,3.2841468e-15,-0.0113617,0.00657933,0.0202102,0.024100373
598,599,-0.0103249,0.00871838,0.0206057,0.024641603,8.19258e-16,-1.18173e-16,2.19838e-15,2.3490472e-15,-0.0103249,0.00871838,0.0206057,0.024641603
599,600,-0.0096709,0.00817306,0.0195186,0.023265876,3.94481e-16,6.1761e-16,5.57694e-15,5.6248836e-15,-0.0096709,0.00817306,0.0195186,0.023265876
600,601,-0.010592,0.00854623,0.0229136,0.026650732,-2.5715e-15,9.64103e-17,2.18242e-15,3.3741464e-15,-0.010592,0.00854623,0.0229136,0.026650732
601,602,-0.0105149,0.0080607,0.0222266,0.025875853,1.40121e-15,9.43718e-16,1.94986e-16,1.700592e-15,-0.0105149,0.0080607,0.0222266,0.025875853
602,603,-0.00873928,0.00959543,0.0212703,0.024917323,9.02874e-16,5.4896e-16,-2.17045e-15,2.413999e-15,-0.00873928,0.00959543,0.0212703,0.024917323
603,604,-0.00934123,0.0101494,0.0214261,0.02548228,-3.83397e-16,-7.27918e-16,2.71285e-15,2.8348569e-15,-0.00934123,0.0101494,0.0214261,0.02548228
604,605,-0.008237,0.0102475,0.0203909,0.024262073,2.83359e-16,-1.57955e-15,4.45202e-15,4.732415e-15,-0.008237,0.0102475,0.0203909,0.024262073
605,606,-0.00832601,0.0098479,0.0225267,0.025956806,-2.62829e-15,-1.28598e-17,2.95282e-15,3.953128e-15,-0.00832601,0.0098479,0.0225267,0.025956806
606,607,-0.00803536,0.00972004,0.0215837,0.024998046,-1.87055e-15,2.08385e-15,8.38253e-16,2.9230218e-15,-0.00803536,0.00972004,0.0215837,0.024998046
607,608,-0.00848765,0.0105186,0.0226627,0.0263871,1.02593e-16,2.37875e-15,-4.01987e-15,4.67208e-15,-0.00848765,0.0105186,0.0226627,0.0263871
608,609,-0.00865632,0.0101643,0.0219951,0.02572993,-1.47714e-15,-1.2686e-15,-1.78781e-15,2.6433982e-15,-0.00865632,0.0101643,0.0219951,0.02572993
609,610,-0.00706701,0.0111602,0.0218036,0.025492935,1.4638e-16,1.81721e-15,2.96357e-15,3.4794292e-15,-0.00706701,0.0111602,0.0218036,0.025492935
610,611,-0.00686545,0.0110533,0.0211816,0.024859004,7.19128e-17,2.07095e-15,-1.47682e-15,2.5446026e-15,-0.00686545,0.0110533,0.0211816,0.024859004
611,612,-0.00698401,0.0111526,0.0207209,0.02454613,1.57092e-16,1.72535e-15,-2.5869e-16,1.7516938e-15,-0.00698401,0.0111526,0.0207209,0.02454613
612,613,-0.00682695,0.0113076,0.0202697,0.02419359,5.21358e-16,9.97456e-16,4.51401e-16,1.21264e-15,-0.00682695,0.0113076,0.0202697,0.02419359
613,614,-0.0060882,0.0113244,0.0194236,0.023293443,-5.06425e-16,2.21626e-16,3.57684e-15,3.6193053e-15,-0.0060882,0.0113244,0.0194236,0.023293443
614,615,-0.00737076,0.0114695,0.0200642,0.02425798,8.04448e-16,-6.88489e-16,4.7173e-15,4.834674e-15,-0.00737076,0.0114695,0.0200642,0.02425798
615,616,-0.00628142,0.0114462,0.022246,0.0257945,-3.20094e-16,1.6703e-15,2.2432e-16,1.7154246e-15,-0.00628142,0.0114462,0.022246,0.0257945
616,617,-0.00609218,0.0117665,0.0217145,0.02543786,-9.0326e-16,5.39359e-16,1.159e-15,1.5652692e-15,-0.00609218,0.0117665,0.0217145,0.02543786
617,618,-0.0051434,0.0121657,0.0205023,0.024388585,-7.18057e-16,5.70763e-16,1.3399e-15,1.6237945e-15,-0.0051434,0.0121657,0.0205023,0.024388585
618,619,-0.00518335,0.0128562,0.0210026,0.025164623,4.4516e-16,7.38339e-16,-1.01763e-15,1.3337477e-15,-0.00518335,0.0128562,0.0210026,0.025164623
619,620,-0.00483658,0.0131588,0.0206054,0.02492246,-9.66109e-17,-4.12801e-16,1.01732e-15,1.1021244e-15,-0.00483658,0.0131588,0.0206054,0.02492246
620,621,-0.00429173,0.0129017,0.0197164,0.02395014,9.17764e-16,1.30457e-15,-9.61111e-16,1.8622373e-15,-0.00429173,0.0129017,0.0197164,0.02395014
621,622,-0.00368812,0.0128336,0.018551,0.022857014,-1.00613e-15,7.6207e-16,-1.5006e-16,1.2710493e-15,-0.00368812,0.0128336,0.018551,0.022857014
622,623,-0.00592586,0.0123011,0.0197442,0.024005547,9.68604e-16,9.8799e-16,-2.65004e-16,1.4087388e-15,-0.00592586,0.0123011,0.0197442,0.024005547
623,624,-0.00452786,0.0112608,0.0222478,0.025343081,-2.15612e-15,-9.14277e-18,5.01449e-15,5.4583925e-15,-0.00452786,0.0112608,0.0222478,0.025343081
624,625,-0.00399413,0.0121863,0.0217769,0.025272364,-1.53763e-15,1.29391e-15,5.10802e-16,2.0735062e-15,-0.00399413,0.0121863,0.0217769,0.025272364
625,626,-0.00661502,0.0112025,0.0228847,0.026324209,-1.83197e-15,4.09763e-16,3.90837e-15,4.335825e-15,-0.00661502,0.0112025,0.0228847,0.026324209
626,627,-0.00389703,0.0122726,0.0211523,0.024763348,-8.87355e-16,-3.44219e-16,4.53375e-15,4.6325778e-15,-0.00389703,0.0122726,0.0211523,0.024763348
627,628,-0.00361603,0.0126049,0.0206278,0.024443103,-1.16606e-15,4.08244e-16,5.78381e-15,5.9142894e-15,-0.00361603,0.0126049,0.0206278,0.024443103
628,629,-0.0030822,0.0126936,0.0202036,0.02405853,5.89085e-16,8.2939e-16,5.21142e-15,5.3097844e-15,-0.0030822,0.0126936,0.0202036,0.02405853
629,630,-0.00520778,0.0119905,0.0208942,0.024646716,5.86773e-16,-2.03886e-16,1.06435e-15,1.2323608e-15,-0.00520778,0.0119905,0.0208942,0.024646716
630,631,-0.00295933,0.0135067,0.0205612,0.024778046,-3.27806e-15,-2.66681e-17,6.73852e-15,7.4936e-15,-0.00295933,0.0135067,0.0205612,0.024778046
631,632,-0.00281929,0.0133709,0.0199549,0.024185272,1.49679e-16,-2.97009e-16,9.49369e-16,1.0059422e-15,-0.00281929,0.0133709,0.0199549,0.024185272
632,633,-0.00233362,0.0131168,0.0193308,0.023477139,1.18663e-15,1.04668e-15,1.36716e-16,1.5881816e-15,-0.00233362,0.0131168,0.0193308,0.023477139
633,634,-0.00216178,0.0136725,0.0190821,0.023574077,5.26068e-16,1.72715e-15,-3.15102e-15,3.631628e-15,-0.00216178,0.0136725,0.0190821,0.023574077
634,635,-0.00166623,0.0137472,0.0186449,0.023224859,-1.07028e-15,9.37765e-16,6.93437e-16,1.5829584e-15,-0.00166623,0.0137472,0.0186449,0.023224859
635,636,-0.0134237,0.00285815,0.0109639,0.017566213,2.35909e-16,-2.22428e-15,4.65293e-16,2.2846382e-15,-0.0134237,0.00285815,0.0109639,0.017566213
636,637,-0.0135823,0.00231711,0.00937045,0.01666293,1.34229e-15,2.60477e-15,-1.17254e-15,3.1561716e-15,-0.0135823,0.00231711,0.00937045,0.01666293
637,638,-0.0136646,0.00178335,0.00697207,0.015443814,-1.32941e-15,8.67279e-16,-1.61881e-15,2.2671678e-15,-0.0136646,0.00178335,0.00697207,0.015443814
638,639,-0.0139413,0.00127246,0.00473779,0.014779231,-1.74477e-15,1.44845e-15,-2.46701e-16,2.2810286e-15,-0.0139413,0.00127246,0.00473779,0.014779231
639,640,-0.0128917,0.00426481,0.0119337,0.018077547,-9.82756e-16,1.48899e-16,-5.13895e-15,5.2341944e-15,-0.0128917,0.00426481,0.0119337,0.018077547
640,641,-0.0125573,0.00397588,0.0103072,0.016725183,1.91266e-16,1.38384e-15,9.25161e-16,1.6755652e-15,-0.0125573,0.00397588,0.0103072,0.016725183
641,642,-0.0128974,0.00384464,0.0094182,0.016426401,6.15715e-16,2.70872e-16,2.766e-15,2.846618e-15,-0.0128974,0.00384464,0.0094182,0.016426401
642,643,-0.0131252,0.00335973,0.00760369,0.01553624,-1.48335e-15,1.16827e-15,1.70943e-15,2.5470245e-15,-0.0131252,0.00335973,0.00760369,0.01553624
643,644,-0.012314,0.00631247,0.0190961,0.023582684,-2.32805e-16,-6.02608e-16,1.8119e-15,1.9236207e-15,-0.012314,0.00631247,0.0190961,0.023582684
644,645,-0.0122629,0.00546065,0.0178903,0.0223665,-1.14901e-15,-4.21082e-16,2.23491e-15,2.5480102e-15,-0.0122629,0.00546065,0.0178903,0.0223665
645,646,-0.0128285,0.00481006,0.0165337,0.021472549,-1.17983e-16,-7.4331e-16,2.57564e-15,2.683347e-15,-0.0128285,0.00481006,0.0165337,0.021472549
646,647,-0.0131988,0.00419121,0.0145261,0.020069433,-6.00603e-17,-3.5131e-15,-1.34503e-15,3.762258e-15,-0.0131988,0.00419121,0.0145261,0.020069433
647,648,-0.0127942,0.00364714,0.0125022,0.018256456,-1.12139e-15,-2.05016e-15,-3.52017e-15,4.2251947e-15,-0.0127942,0.00364714,0.0125022,0.018256456
648,649,-0.0114439,0.00706671,0.0184461,0.022828925,-3.26029e-16,-8.4397e-16,4.46034e-16,1.0087253e-15,-0.0114439,0.00706671,0.0184461,0.022828925
649,650,-0.0118945,0.00699563,0.018616,0.023172688,-1.52387e-15,2.5181e-15,-2.1813e-15,3.663479e-15,-0.0118945,0.00699563,0.018616,0.023172688
650,651,-0.011961,0.00646928,0.0167433,0.021569775,-6.69586e-17,6.42108e-17,-3.46541e-16,3.5874384e-16,-0.011961,0.00646928,0.0167433,0.021569775
651,652,-0.0118604,0.00548063,0.0143566,0.01941181,-9.36398e-16,-5.0438e-16,-2.64531e-15,2.8511235e-15,-0.0118604,0.00548063,0.0143566,0.01941181
652,653,-0.0124187,0.00591672,0.013509,0.019280165,-8.08948e-16,2.77475e-15,-7.88893e-16,2.995995e-15,-0.0124187,0.00591672,0.013509,0.019280165
653,654,-0.0122019,0.00545243,0.0119313,0.017915672,1.96944e-16,1.36957e-15,1.59251e-15,2.109644e-15,-0.0122019,0.00545243,0.0119313,0.017915672
654,655,-0.0109571,0.00782244,0.0176448,0.022194315,-6.72507e-16,-7.05009e-16,-1.984e-15,2.2103301e-15,-0.0109571,0.00782244,0.0176448,0.022194315
655,656,-0.0115546,0.00791447,0.0159919,0.021257669,-1.99051e-15,1.64652e-15,-1.00105e-15,2.7704258e-15,-0.0115546,0.00791447,0.0159919,0.021257669
656,657,-0.0112574,0.0070448,0.0141308,0.019391693,2.61987e-17,1.62743e-15,4.65064e-16,1.6927786e-15,-0.0112574,0.0070448,0.0141308,0.019391693
657,658,-0.0127954,0.00522309,0.0107754,0.017524617,2.93933e-16,9.83816e-16,-1.28647e-15,1.6459938e-15,-0.0127954,0.00522309,0.0107754,0.017524617
658,659,-0.0120643,0.0069468,0.0131758,0.019167865,-1.32146e-16,2.70733e-16,-1.09897e-15,1.1395148e-15,-0.0120643,0.0069468,0.0131758,0.019167865
659,660,-0.0100528,0.00913779,0.0167114,0.021536687,-2.05803e-15,1.20568e-15,-4.10481e-15,4.7474854e-15,-0.0100528,0.00913779,0.0167114,0.021536687
660,661,-0.010664,0.0087944,0.0158431,0.02102537,-3.50411e-16,5.1016e-16,1.32013e-15,1.4580104e-15,-0.010664,0.0087944,0.0158431,0.02102537
661,662,-0.0108093,0.00846121,0.0151732,0.020461159,-6.06958e-16,-1.41038e-16,-9.59058e-16,1.1437141e-15,-0.0108093,0.00846121,0.0151732,0.020461159
662,663,-0.0119298,0.00669371,0.0198897,0.024139717,3.14006e-16,2.0466e-15,2.30034e-15,3.0949534e-15,-0.0119298,0.00669371,0.0198897,0.024139717
663,664,-0.0102216,0.00855801,0.0189359,0.023157913,2.06695e-15,9.14658e-16,-9.25741e-16,2.4425146e-15,-0.0102216,0.00855801,0.0189359,0.023157913
664,665,-0.010241,0.00788768,0.0179797,0.022144146,4.44664e-16,-1.38478e-15,-1.38992e-16,1.4610477e-15,-0.010241,0.00788768,0.0179797,0.022144146
665,666,-0.0108384,0.0087541,0.0202291,0.024562605,2.55543e-17,1.20858e-15,-1.77267e-15,2.1456183e-15,-0.0108384,0.0087541,0.0202291,0.024562605
666,667,-0.0108759,0.00853632,0.0189455,0.02345391,-7.56076e-16,5.84597e-16,1.05933e-15,1.4267391e-15,-0.0108759,0.00853632,0.0189455,0.02345391
667,668,-0.00902746,0.00980632,0.0189956,0.023205426,-6.10106e-16,1.33859e-15,1.74278e-15,2.2806436e-15,-0.00902746,0.00980632,0.0189956,0.023205426
668,669,-0.00916559,0.010288,0.0198207,0.02413941,1.29144e-17,4.68599e-16,3.24143e-15,3.2751518e-15,-0.00916559,0.010288,0.0198207,0.02413941
669,670,-0.0093824,0.010336,0.0192831,0.023805467,2.69878e-16,-3.97752e-16,1.32659e-15,1.4109861e-15,-0.0093824,0.010336,0.0192831,0.023805467
670,671,-0.00960083,0.00934815,0.0178978,0.022358334,1.56814e-16,-3.76533e-16,2.03824e-15,2.0786508e-15,-0.00960083,0.00934815,0.0178978,0.022358334
671,672,-0.00864358,0.011229,0.0192615,0.023912491,-1.6138e-15,-2.70015e-15,9.80052e-16,3.2947932e-15,-0.00864358,0.011229,0.0192615,0.023912491
672,673,-0.00814885,0.0101496,0.0179182,0.022146782,2.94557e-16,2.66085e-17,6.86577e-16,7.4756926e-16,-0.00814885,0.0101496,0.0179182,0.022146782
673,674,-0.00877866,0.0102154,0.0173245,0.021944419,-1.69483e-15,-7.65688e-17,2.21239e-15,2.7880066e-15,-0.00877866,0.0102154,0.0173245,0.021944419
674,675,-0.00969932,0.0103468,0.0169376,0.02209107,-1.95072e-16,1.12218e-15,1.64213e-15,1.9984823e-15,-0.00969932,0.0103468,0.0169376,0.02209107
675,676,-0.00864703,0.0108404,0.0165147,0.021564338,-1.04371e-15,-1.25176e-15,4.72333e-16,1.6968595e-15,-0.00864703,0.0108404,0.0165147,0.021564338
676,677,-0.00970735,0.00968118,0.0160453,0.021104729,-4.82683e-16,4.58619e-16,1.22411e-15,1.3934703e-15,-0.00970735,0.00968118,0.0160453,0.021104729
677,678,-0.00863695,0.00993847,0.019185,0.02326874,5.983e-16,1.39812e-16,4.45909e-16,7.591739e-16,-0.00863695,0.00993847,0.019185,0.02326874
678,679,-0.00754231,0.0113906,0.0200685,0.024277085,-1.23201e-15,1.63158e-15,1.17084e-15,2.3560067e-15,-0.00754231,0.0113906,0.0200685,0.024277085
679,680,-0.00775491,0.011674,0.0205469,0.02487159,-2.81463e-15,5.01428e-16,-5.47698e-16,2.9109354e-15,-0.00775491,0.011674,0.0205469,0.02487159
680,681,-0.0077189,0.011904,0.020683,0.02508133,3.18315e-16,3.63954e-16,5.43443e-15,5.455897e-15,-0.0077189,0.011904,0.020683,0.02508133
681,682,-0.00749511,0.0120587,0.0203584,0.024820423,1.02356e-15,4.02013e-16,2.45077e-15,2.6861801e-15,-0.00749511,0.0120587,0.0203584,0.024820423
682,683,-0.00709298,0.0121111,0.0195009,0.024026532,9.25371e-16,1.6774e-15,2.94564e-16,1.9382337e-15,-0.00709298,0.0121111,0.0195009,0.024026532
683,684,-0.0078351,0.0115827,0.018144,0.022907477,-2.564e-15,7.21146e-16,9.59508e-16,2.8310429e-15,-0.0078351,0.0115827,0.018144,0.022907477
684,685,-0.00832839,0.0115079,0.0176017,0.022618879,-1.74575e-16,1.07355e-15,-1.65254e-15,1.9783515e-15,-0.00832839,0.0115079,0.0176017,0.022618879
685,686,-0.00647932,0.012888,0.0190021,0.023857115,9.51055e-16,1.96966e-15,6.07357e-15,6.45541e-15,-0.00647932,0.012888,0.0190021,0.023857115
686,687,-0.00664073,0.0124487,0.0179664,0.022844277,-5.31208e-16,2.20127e-15,-7.17799e-16,2.3755016e-15,-0.00664073,0.0124487,0.0179664,0.022844277
687,688,-0.00680568,0.0124944,0.0175429,0.02258718,1.09646e-15,1.13221e-15,1.15448e-15,1.953701e-15,-0.00680568,0.0124944,0.0175429,0.02258718
688,689,-0.00594875,0.0127858,0.019625,0.024166195,-2.15236e-15,5.77028e-16,-2.96201e-15,3.706632e-15,-0.00594875,0.0127858,0.019625,0.024166195
689,690,-0.00575099,0.0123812,0.0193635,0.023692047,-2.43917e-16,2.31856e-15,-9.31572e-16,2.510586e-15,-0.00575099,0.0123812,0.0193635,0.023692047
690,691,-0.0057478,0.0130489,0.0197491,0.02435853,-1.73947e-15,1.19917e-15,1.99901e-15,2.9085743e-15,-0.0057478,0.0130489,0.0197491,0.02435853
691,692,-0.00544733,0.0129047,0.0194395,0.02396036,-1.90911e-17,-9.5533e-16,1.98201e-15,2.2003144e-15,-0.00544733,0.0129047,0.0194395,0.02396036
692,693,-0.00537003,0.0132945,0.0193781,0.024105845,-5.47679e-16,6.04503e-16,4.36173e-15,4.437349e-15,-0.00537003,0.0132945,0.0193781,0.024105845
693,694,-0.00741011,0.0125812,0.0202357,0.024953555,-8.42312e-16,2.57348e-16,1.38921e-15,1.6448774e-15,-0.00741011,0.0125812,0.0202357,0.024953555
694,695,-0.00529938,0.0133293,0.0194397,0.024158964,-1.264e-15,1.13223e-15,5.59703e-16,1.786871e-15,-0.00529938,0.0133293,0.0194397,0.024158964
695,696,-0.00514782,0.0136149,0.0193207,0.024189977,-1.22183e-16,-2.1075e-16,3.06952e-15,3.0791714e-15,-0.00514782,0.0136149,0.0193207,0.024189977
696,697,-0.00543289,0.0134979,0.0190606,0.023979492,-7.9111e-16,6.17002e-16,2.74667e-15,2.9241653e-15,-0.00543289,0.0134979,0.0190606,0.023979492
697,698,-0.00570167,0.0137425,0.0193047,0.02437287,-7.86038e-16,2.29283e-16,3.47094e-15,3.5662095e-15,-0.00570167,0.0137425,0.0193047,0.02437287
698,699,-0.00760243,0.0127039,0.0185604,0.02374183,-4.30932e-16,-9.37349e-16,2.62319e-15,2.8187679e-15,-0.00760243,0.0127039,0.0185604,0.02374183
699,700,-0.00679426,0.0130032,0.0191096,0.02409195,-1.68548e-16,-1.49657e-16,4.22912e-15,4.2351224e-15,-0.00679426,0.0130032,0.0191096,0.02409195
700,701,-0.00370313,0.0132892,0.018086,0.022746854,1.19473e-15,-1.94193e-15,4.79579e-15,5.310186e-15,-0.00370313,0.0132892,0.018086,0.022746854
701,702,-0.00367167,0.0129846,0.0176331,0.022203764,6.086e-16,-5.20939e-16,4.23571e-16,9.06192e-16,-0.00367167,0.0129846,0.0176331,0.022203764
702,703,-0.00354711,0.0135899,0.018108,0.022916524,1.06503e-15,5.06206e-16,1.92613e-15,2.258431e-15,-0.00354711,0.0135899,0.018108,0.022916524
703,704,-0.00352109,0.0138116,0.0181171,0.023051849,-2.26302e-16,5.91235e-16,1.50307e-15,1.6309479e-15,-0.00352109,0.0138116,0.0181171,0.023051849
704,705,-0.00344808,0.0143923,0.0194889,0.024471307,-7.65542e-16,-3.69032e-16,-5.20716e-16,9.966867e-16,-0.00344808,0.0143923,0.0194889,0.024471307
705,706,-0.00342008,0.0146282,0.0197121,0.024784029,-5.92253e-17,9.98426e-16,-4.382e-16,1.0919622e-15,-0.00342008,0.0146282,0.0197121,0.024784029
706,707,-0.00328323,0.0139453,0.0193527,0.02407858,5.70957e-16,2.6006e-15,1.9445e-15,3.2969976e-15,-0.00328323,0.0139453,0.0193527,0.02407858
707,708,-0.00505893,0.013503,0.0194846,0.024239913,1.80874e-16,1.90564e-15,2.61351e-15,3.2395391e-15,-0.00505893,0.013503,0.0194846,0.024239913
708,709,-0.00352441,0.0142302,0.0192888,0.024227627,5.78329e-16,1.61129e-15,1.95251e-15,2.5967318e-15,-0.00352441,0.0142302,0.0192888,0.024227627
709,710,-0.00357435,0.0146158,0.0201073,0.025113763,7.63869e-16,2.56142e-15,2.08314e-15,3.3887815e-15,-0.00357435,0.0146158,0.0201073,0.025113763
710,711,-0.00371357,0.0145003,0.0202574,0.025187528,2.46329e-16,-1.77103e-16,1.15725e-15,1.1963574e-15,-0.00371357,0.0145003,0.0202574,0.025187528
711,712,-0.00391731,0.0142382,0.0202482,0.025061151,4.81727e-16,1.98749e-15,-4.80002e-15,5.217506e-15,-0.00391731,0.0142382,0.0202482,0.025061151
712,713,-0.005338,0.0133127,0.0193656,0.024098728,2.34163e-16,1.97583e-15,1.4749e-15,2.4767049e-15,-0.005338,0.0133127,0.0193656,0.024098728
713,714,-0.00162106,0.0141499,0.018742,0.023539543,-6.00811e-16,7.01729e-16,2.82814e-15,2.975193e-15,-0.00162106,0.0141499,0.018742,0.023539543
714,715,-0.00151019,0.0142243,0.0183635,0.02327723,1.62842e-15,2.50919e-15,1.72743e-16,2.9962687e-15,-0.00151019,0.0142243,0.0183635,0.02327723
715,716,-0.00125833,0.0138992,0.0179319,0.022722768,1.34594e-15,-2.30064e-16,-2.68998e-15,3.0166994e-15,-0.00125833,0.0138992,0.0179319,0.022722768
716,717,-0.00142979,0.0139686,0.017999,0.022828273,2.39937e-16,1.89058e-16,5.8233e-16,6.5758725e-16,-0.00142979,0.0139686,0.017999,0.022828273
717,718,-0.00129787,0.0142061,0.0185447,0.02339666,-1.52895e-15,-1.55578e-16,3.64665e-15,3.9572655e-15,-0.00129787,0.0142061,0.0185447,0.02339666
718,719,-0.00148505,0.0142457,0.0188967,0.023711404,6.97853e-16,1.5879e-15,2.64346e-15,3.1616936e-15,-0.00148505,0.0142457,0.0188967,0.023711404
719,720,-0.0015096,0.0143596,0.0192632,0.0240738,-1.11388e-16,-2.74617e-16,1.12768e-15,1.165969e-15,-0.0015096,0.0143596,0.0192632,0.0240738
720,721,-0.00161307,0.0149237,0.0195206,0.024624635,-1.92676e-15,-7.8461e-16,5.11819e-15,5.5248423e-15,-0.00161307,0.0149237,0.0195206,0.024624635
721,722,-0.00166777,0.0143765,0.0193219,0.024141273,8.56287e-16,3.13724e-16,3.26311e-15,3.3881466e-15,-0.00166777,0.0143765,0.0193219,0.024141273
722,723,-0.00189932,0.014715,0.019633,0.024608808,4.00284e-16,-1.71819e-15,5.94345e-15,6.1997586e-15,-0.00189932,0.014715,0.019633,0.024608808
723,724,-0.00200729,0.0150569,0.0201692,0.025249476,-4.70366e-16,-1.18702e-15,-3.65356e-16,1.3280608e-15,-0.00200729,0.0150569,0.0201692,0.025249476
724,725,-0.0140188,0.000523723,0.00261331,0.014269914,-5.38537e-17,-5.07874e-16,-6.63156e-16,8.370258e-16,-0.0140188,0.000523723,0.00261331,0.014269914
725,726,-0.0140206,9.19047e-05,0.000458481,0.0140283955,2.25291e-16,-5.72745e-17,9.53079e-16,9.810179e-16,-0.0140206,9.19047e-05,0.000458481,0.0140283955
726,727,-0.0138895,-0.000563099,-0.00071924,0.013919504,4.06092e-16,8.98861e-17,-1.70527e-15,1.7552596e-15,-0.0138895,-0.000563099,-0.00071924,0.013919504
727,728,-0.0146699,-0.00261552,-0.00397229,0.015421608,-7.47646e-16,-8.57547e-16,2.20341e-15,2.479794e-15,-0.0146699,-0.00261552,-0.00397229,0.015421608
728,729,-0.0146014,-0.00105905,-0.00235217,0.014827514,-1.35903e-15,7.20689e-16,2.85359e-15,3.24181e-15,-0.0146014,-0.00105905,-0.00235217,0.014827514
729,730,-0.0136409,0.00270858,0.0055515,0.014974302,2.795e-16,1.10981e-15,2.76878e-15,2.9959875e-15,-0.0136409,0.00270858,0.0055515,0.014974302
730,731,-0.0136182,0.00221725,0.00351745,0.014238821,7.06632e-16,-6.97528e-16,-1.68597e-16,1.0071242e-15,-0.0136182,0.00221725,0.00351745,0.014238821
731,732,-0.0138095,0.00150337,0.00135318,0.013956845,-3.5345e-16,6.95282e-16,-1.15389e-15,1.3927692e-15,-0.0138095,0.00150337,0.00135318,0.013956845
732,733,-0.014159,0.000908552,0.000112939,0.014188569,-8.54348e-16,-2.12925e-16,-1.49464e-15,1.7347036e-15,-0.014159,0.000908552,0.000112939,0.014188569
733,734,-0.0144707,-0.00136794,-0.00332753,0.0149112325,-2.24276e-16,-3.49239e-16,2.53234e-15,2.5661282e-15,-0.0144707,-0.00136794,-0.00332753,0.0149112325
734,735,-0.01411,0.000228542,-0.0010665,0.014152094,-9.27196e-16,-7.0188e-17,4.55731e-16,1.0355238e-15,-0.01411,0.000228542,-0.0010665,0.014152094
735,736,-0.0149225,-0.00181389,-0.00389899,0.015529756,-1.39587e-16,2.50987e-16,1.15114e-15,1.1864241e-15,-0.0149225,-0.00181389,-0.00389899,0.015529756
736,737,-0.0145927,-0.00030272,-0.00198317,0.0147299515,2.67253e-16,1.10689e-15,4.34556e-16,1.2187979e-15,-0.0145927,-0.00030272,-0.00198317,0.0147299515
737,738,-0.0145008,-0.00190642,-0.00398522,0.015158813,-1.50831e-15,-1.14123e-15,1.50669e-15,2.4181645e-15,-0.0145008,-0.00190642,-0.00398522,0.015158813
738,739,-0.0142564,-0.000582156,-0.00268385,0.014518502,-1.26412e-15,-9.13618e-16,3.96858e-16,1.6094078e-15,-0.0142564,-0.000582156,-0.00268385,0.014518502
739,740,-0.0128635,0.00456559,0.00902009,0.016360816,1.02174e-15,-7.06062e-16,1.96158e-15,2.321696e-15,-0.0128635,0.00456559,0.00902009,0.016360816
740,741,-0.013527,0.00429906,0.00743364,0.016022505,3.86232e-16,-1.27575e-15,2.13912e-17,1.3331058e-15,-0.013527,0.00429906,0.00743364,0.016022505
741,742,-0.0134545,0.00356877,0.00569608,0.015040113,-1.09707e-15,-1.41416e-15,1.32888e-15,2.2292001e-15,-0.0134545,0.00356877,0.00569608,0.015040113
742,743,-0.0139795,0.0031235,0.00407527,0.014892632,3.47024e-16,-9.88418e-16,-1.35423e-15,1.712114e-15,-0.0139795,0.0031235,0.00407527,0.014892632
743,744,-0.0139663,0.00231569,0.00250036,0.014376082,2.7744e-16,-1.13283e-15,-1.17734e-15,1.6572284e-15,-0.0139663,0.00231569,0.00250036,0.014376082
744,745,-0.0145822,0.00179039,0.0012753,0.014746947,-1.24729e-15,2.61413e-15,1.44809e-15,3.2382669e-15,-0.0145822,0.00179039,0.0012753,0.014746947
745,746,-0.014032,0.00122589,0.000586002,0.014097632,-9.93041e-16,-1.40794e-15,1.42782e-16,1.7288181e-15,-0.014032,0.00122589,0.000586002,0.014097632
746,747,-0.0151724,-0.000806789,-0.002978,0.01548293,-1.09319e-17,1.5343e-15,-1.65918e-16,1.5432838e-15,-0.0151724,-0.000806789,-0.002978,0.01548293
747,748,-0.0147388,0.000872196,-0.000186371,0.014765761,-5.3453e-17,-2.34444e-16,-1.91331e-15,1.928361e-15,-0.0147388,0.000872196,-0.000186371,0.014765761
748,749,-0.0132309,0.00488081,0.00736147,0.015908182,-4.36844e-16,-4.72059e-16,-9.0915e-16,1.1136544e-15,-0.0132309,0.00488081,0.00736147,0.015908182
749,750,-0.0134669,0.00409245,0.00591488,0.015267329,3.37092e-16,6.07121e-18,-2.00096e-15,2.0291644e-15,-0.0134669,0.00409245,0.00591488,0.015267329
750,751,-0.0136774,0.00362044,0.00442642,0.01482471,-2.34651e-16,1.26099e-15,-1.54247e-15,2.0060834e-15,-0.0136774,0.00362044,0.00442642,0.01482471
751,752,-0.0138577,0.00308199,0.00237537,0.014393641,-8.95445e-16,-2.0264e-15,8.23159e-16,2.3634106e-15,-0.0138577,0.00308199,0.00237537,0.014393641
752,753,-0.014264,0.00254376,0.00162068,0.014579403,2.71624e-16,-4.05648e-16,-1.88517e-15,1.9473563e-15,-0.014264,0.00254376,0.00162068,0.014579403
753,754,-0.0146547,-0.00274941,-0.00486597,0.015684295,2.68627e-16,1.19088e-17,2.01547e-15,2.0333278e-15,-0.0146547,-0.00274941,-0.00486597,0.015684295
754,755,-0.0150301,-0.00326188,-0.0053195,0.01627393,-7.97807e-17,1.12565e-15,8.94127e-16,1.4397625e-15,-0.0150301,-0.00326188,-0.0053195,0.01627393
755,756,-0.0148324,-0.00335832,-0.00537214,0.016128803,-6.30015e-16,-1.92711e-15,6.62118e-16,2.1328554e-15,-0.0148324,-0.00335832,-0.00537214,0.016128803
756,757,-0.0148539,-0.00368896,-0.00552831,0.016272953,-7.49119e-16,-1.50872e-16,-3.63748e-16,8.4631805e-16,-0.0148539,-0.00368896,-0.00552831,0.016272953
757,758,-0.0149409,-0.00225989,-0.00432483,0.01571756,-1.42689e-15,-7.96999e-16,3.69728e-15,4.042413e-15,-0.0149409,-0.00225989,-0.00432483,0.01571756
758,759,-0.0120142,0.00612911,0.0117823,0.017908923,1.83491e-15,-9.8422e-17,-1.71085e-15,2.5106948e-15,-0.0120142,0.00612911,0.0117823,0.017908923
759,760,-0.0124575,0.00586935,0.0105492,0.017347166,-3.66087e-16,7.0392e-16,-3.51726e-15,3.60564e-15,-0.0124575,0.00586935,0.0105492,0.017347166
760,761,-0.0127652,0.00520832,0.00914315,0.016543098,-4.29369e-16,4.1511e-16,-3.31745e-15,3.3707786e-15,-0.0127652,0.00520832,0.00914315,0.016543098
761,762,-0.0113625,0.00792858,0.0134495,0.019309528,3.13496e-16,2.80626e-17,-1.58444e-15,1.6154001e-15,-0.0113625,0.00792858,0.0134495,0.019309528
762,763,-0.0114664,0.00733198,0.0118433,0.01804162,-1.19703e-15,1.31301e-15,-8.38974e-16,1.96488e-15,-0.0114664,0.00733198,0.0118433,0.01804162
763,764,-0.0120963,0.00674083,0.0106677,0.017480249,-1.08061e-15,9.20201e-16,-1.43196e-15,2.0161838e-15,-0.0120963,0.00674083,0.0106677,0.017480249
764,765,-0.0121823,0.00634592,0.00967707,0.016802525,-1.70765e-15,-7.29228e-16,-8.76789e-16,2.0534364e-15,-0.0121823,0.00634592,0.00967707,0.016802525
765,766,-0.0128515,0.00575039,0.00893123,0.01667318,4.83762e-16,4.04339e-16,-2.94928e-15,3.0159193e-15,-0.0128515,0.00575039,0.00893123,0.01667318
766,767,-0.0132688,0.00536059,0.00722049,0.016029112,1.47731e-15,6.52822e-16,-3.29041e-17,1.6154578e-15,-0.0132688,0.00536059,0.00722049,0.016029112
767,768,-0.0135542,0.00474833,0.00590552,0.015528623,-7.31984e-16,-9.78939e-16,-1.21043e-15,1.7202508e-15,-0.0135542,0.00474833,0.00590552,0.015528623
768,769,-0.0106029,0.00964468,0.0153697,0.021015923,5.92303e-16,-1.59445e-15,1.83762e-15,2.503985e-15,-0.0106029,0.00964468,0.0153697,0.021015923
769,770,-0.0108748,0.0090323,0.014301,0.020108763,-8.81501e-16,3.35012e-16,2.20163e-16,9.683743e-16,-0.0108748,0.0090323,0.014301,0.020108763
770,771,-0.0115137,0.00875938,0.0132824,0.019639608,-2.58056e-16,1.59759e-15,8.84848e-16,1.8444085e-15,-0.0115137,0.00875938,0.0132824,0.019639608
771,772,-0.0114621,0.00803542,0.012055,0.018473515,-1.08259e-15,1.91139e-15,-6.68718e-17,2.1976998e-15,-0.0114621,0.00803542,0.012055,0.018473515
772,773,-0.0118618,0.00741992,0.0109992,0.017797189,3.87138e-16,9.07017e-16,5.50336e-17,9.877168e-16,-0.0118618,0.00741992,0.0109992,0.017797189
773,774,-0.0122861,0.00698402,0.00954023,0.017051121,4.56373e-16,-1.09187e-16,3.19563e-15,3.2298993e-15,-0.0122861,0.00698402,0.00954023,0.017051121
774,775,-0.0127432,0.00633657,0.00849219,0.016572826,-5.16693e-17,-1.66437e-15,-2.30367e-15,2.8424802e-15,-0.0127432,0.00633657,0.00849219,0.016572826
775,776,-0.0141231,0.00426101,0.00484553,0.015527309,-3.35598e-17,4.98479e-17,-4.01278e-15,4.01323e-15,-0.0141231,0.00426101,0.00484553,0.015527309
776,777,-0.0132896,0.0058763,0.00740385,0.016308323,-9.10669e-16,-1.11667e-15,1.90756e-15,2.3906181e-15,-0.0132896,0.0058763,0.00740385,0.016308323
777,778,-0.0109478,0.00877563,0.0117593,0.018307025,1.66575e-17,-2.73148e-16,-1.60299e-16,3.1714835e-16,-0.0109478,0.00877563,0.0117593,0.018307025
778,779,-0.0111582,0.00853402,0.0111972,0.017964192,1.04107e-15,-7.86774e-16,7.64491e-16,1.5123778e-15,-0.0111582,0.00853402,0.0111972,0.017964192
779,780,-0.0117785,0.0079242,0.0104032,0.01759979,-5.01938e-16,-5.31103e-18,6.61568e-16,8.30447e-16,-0.0117785,0.0079242,0.0104032,0.01759979
780,781,-0.0124457,0.00761626,0.009277,0.017290622,-6.53354e-16,1.27376e-15,-1.5679e-15,2.123122e-15,-0.0124457,0.00761626,0.009277,0.017290622
781,782,-0.00924784,0.0108226,0.0160705,0.021468865,1.32648e-15,-1.23967e-15,1.95168e-15,2.6655928e-15,-0.00924784,0.0108226,0.0160705,0.021468865
782,783,-0.00970743,0.0101221,0.0152406,0.020711519,-4.7283e-16,-9.03745e-16,2.08792e-15,2.3237326e-15,-0.00970743,0.0101221,0.0152406,0.020711519
783,784,-0.0100719,0.00988454,0.0140769,0.019932546,6.1194e-16,2.56917e-16,1.33836e-15,1.4938824e-15,-0.0100719,0.00988454,0.0140769,0.019932546
784,785,-0.0103659,0.00928926,0.013337,0.01927739,-1.16202e-15,1.60297e-15,9.34119e-16,2.189151e-15,-0.0103659,0.00928926,0.013337,0.01927739
785,786,-0.00898293,0.0109969,0.0148125,0.020519137,-1.96885e-16,1.02895e-15,3.30806e-16,1.0986057e-15,-0.00898293,0.0109969,0.0148125,0.020519137
786,787,-0.00935146,0.0104578,0.0136317,0.019561151,-9.37535e-16,6.7103e-16,-1.32207e-15,1.7541728e-15,-0.00935146,0.0104578,0.0136317,0.019561151
787,788,-0.0103164,0.0104569,0.0140595,0.020333333,6.76337e-18,4.65409e-16,-1.61834e-15,1.6839465e-15,-0.0103164,0.0104569,0.0140595,0.020333333
788,789,-0.010487,0.00998748,0.0134789,0.019784026,4.48141e-16,1.69929e-16,1.39177e-15,1.4719817e-15,-0.010487,0.00998748,0.0134789,0.019784026
789,790,-0.0109809,0.00938753,0.0125241,0.019119596,2.31115e-17,-6.26786e-16,1.85002e-15,1.9534505e-15,-0.0109809,0.00938753,0.0125241,0.019119596
790,791,-0.00924976,0.0117938,0.0160299,0.021945603,-1.0344e-16,1.58067e-15,4.57597e-16,1.6488215e-15,-0.00924976,0.0117938,0.0160299,0.021945603
791,792,-0.00938883,0.0111023,0.015255,0.021074302,-4.47106e-16,-1.07586e-15,3.36544e-16,1.2126996e-15,-0.00938883,0.0111023,0.015255,0.021074302
792,793,-0.00990931,0.0105441,0.0139934,0.020129275,6.35663e-16,-1.30963e-16,4.37095e-15,4.4188714e-15,-0.00990931,0.0105441,0.0139934,0.020129275
793,794,-0.0116172,0.00915687,0.0115303,0.018755144,-1.99706e-16,2.59442e-15,-1.8087e-15,3.1689578e-15,-0.0116172,0.00915687,0.0115303,0.018755144
794,795,-0.0103668,0.0101823,0.0128117,0.019372389,2.53849e-16,2.88624e-16,2.83763e-15,2.8635446e-15,-0.0103668,0.0101823,0.0128117,0.019372389
795,796,-0.00817452,0.0120772,0.0175617,0.022827502,4.61926e-16,-6.91042e-16,4.66692e-16,9.53266e-16,-0.00817452,0.0120772,0.0175617,0.022827502
796,797,-0.00873976,0.0113149,0.0157585,0.021277703,6.74644e-17,-2.91146e-16,-3.83663e-15,3.8482524e-15,-0.00873976,0.0113149,0.0157585,0.021277703
797,798,-0.00728541,0.0132408,0.019094,0.024351114,-2.46221e-15,-1.16127e-15,9.67817e-16,2.8892379e-15,-0.00728541,0.0132408,0.019094,0.024351114
798,799,-0.00749959,0.0126274,0.0182488,0.023424642,4.06152e-16,5.58461e-16,1.64434e-15,1.7834495e-15,-0.00749959,0.0126274,0.0182488,0.023424642
799,800,-0.00851102,0.011787,0.0165143,0.022002112,-6.46844e-16,9.10978e-16,-1.61263e-15,1.9618522e-15,-0.00851102,0.011787,0.0165143,0.022002112
800,801,-0.00707211,0.0129929,0.0176335,0.023016743,8.81962e-16,1.07194e-15,4.83761e-16,1.4700126e-15,-0.00707211,0.0129929,0.0176335,0.023016743
801,802,-0.00723195,0.0121031,0.0168476,0.02196879,-1.05221e-15,2.75537e-16,-2.77162e-16,1.122446e-15,-0.00723195,0.0121031,0.0168476,0.02196879
802,803,-0.00766388,0.0124449,0.0164912,0.02203566,3.35169e-16,2.12873e-15,7.66765e-16,2.2873036e-15,-0.00766388,0.0124449,0.0164912,0.02203566
803,804,-0.00881912,0.0117002,0.015083,0.021027802,-5.03569e-17,2.61406e-16,-4.39863e-16,5.141482e-16,-0.00881912,0.0117002,0.015083,0.021027802
804,805,-0.00937839,0.0112037,0.0138781,0.020151395,-5.56405e-16,-5.93261e-16,-1.58382e-15,1.7804582e-15,-0.00937839,0.0112037,0.0138781,0.020151395
805,806,-0.00735431,0.0124952,0.016677,0.022098375,-1.56395e-15,-2.59922e-15,2.13009e-15,3.706638e-15,-0.00735431,0.0124952,0.016677,0.022098375
806,807,-0.00789032,0.0126818,0.016393,0.022176916,1.2337e-16,-4.319e-16,-2.33744e-15,2.3802066e-15,-0.00789032,0.0126818,0.016393,0.022176916
807,808,-0.00832579,0.0121464,0.0155242,0.021397538,6.52752e-16,8.13535e-16,-4.03268e-15,4.165385e-15,-0.00832579,0.0121464,0.0155242,0.021397538
808,809,-0.00577058,0.0133888,0.0192244,0.024127519,-9.4602e-16,9.0699e-16,3.49366e-15,3.7313864e-15,-0.00577058,0.0133888,0.0192244,0.024127519
809,810,-0.00588115,0.0136367,0.0190251,0.024135077,3.34131e-16,1.54684e-15,-5.09157e-16,1.6624074e-15,-0.00588115,0.0136367,0.0190251,0.024135077
810,811,-0.00581836,0.0128445,0.0182675,0.023076741,1.52632e-16,1.64299e-15,3.47739e-15,3.8490198e-15,-0.00581836,0.0128445,0.0182675,0.023076741
811,812,-0.00782395,0.0125532,0.0177978,0.02314214,2.54443e-16,4.55421e-16,8.29647e-16,9.800325e-16,-0.00782395,0.0125532,0.0177978,0.02314214
812,813,-0.00598597,0.0131312,0.0174157,0.022617845,-1.28882e-15,6.32578e-17,2.24871e-15,2.5926349e-15,-0.00598597,0.0131312,0.0174157,0.022617845
813,814,-0.00611088,0.013077,0.0168556,0.022191487,-9.70868e-17,1.14972e-15,-1.3346e-15,1.7642106e-15,-0.00611088,0.013077,0.0168556,0.022191487
814,815,-0.00641636,0.0135097,0.0173091,0.02287546,1.06005e-16,2.72868e-16,1.72692e-15,1.7515555e-15,-0.00641636,0.0135097,0.0173091,0.02287546
815,816,-0.0077554,0.0118882,0.0160549,0.021429777,-1.17139e-15,-4.307e-16,2.05217e-15,2.4018866e-15,-0.0077554,0.0118882,0.0160549,0.021429777
816,817,-0.00616111,0.0128696,0.0164676,0.021789165,-1.58285e-16,8.21585e-16,2.82066e-17,8.371689e-16,-0.00616111,0.0128696,0.0164676,0.021789165
817,818,-0.00662587,0.0127263,0.0153467,0.021009095,2.37488e-16,8.28076e-16,2.44007e-16,8.95349e-16,-0.00662587,0.0127263,0.0153467,0.021009095
818,819,-0.00399518,0.0144283,0.0202382,0.025173837,8.79695e-16,8.21107e-16,4.62749e-16,1.2892698e-15,-0.00399518,0.0144283,0.0202382,0.025173837
819,820,-0.00384214,0.0143244,0.0200628,0.024949277,9.17663e-17,2.89987e-16,-1.34179e-15,1.375832e-15,-0.00384214,0.0143244,0.0200628,0.024949277
820,821,-0.00419041,0.0141876,0.0197434,0.02467082,-4.8435e-16,-1.22378e-15,-1.17357e-16,1.3213648e-15,-0.00419041,0.0141876,0.0197434,0.02467082
821,822,-0.00428096,0.014259,0.0195093,0.024540957,1.55166e-16,-4.80334e-16,1.97801e-15,2.0414015e-15,-0.00428096,0.014259,0.0195093,0.024540957
822,823,-0.00558421,0.0131226,0.0178962,0.022883618,7.47422e-16,-2.66172e-16,2.53991e-15,2.6609453e-15,-0.00558421,0.0131226,0.0178962,0.022883618
823,824,-0.00445837,0.0146818,0.019642,0.024924695,-2.12231e-16,-4.95918e-16,3.27789e-15,3.3219783e-15,-0.00445837,0.0146818,0.019642,0.024924695
824,825,-0.00468884,0.0144908,0.0194668,0.024716893,5.80123e-16,1.00145e-15,-6.28671e-16,1.3170695e-15,-0.00468884,0.0144908,0.0194668,0.024716893
825,826,-0.0046777,0.0143952,0.0191637,0.02442028,4.99701e-16,-2.70015e-16,-3.62729e-16,6.739299e-16,-0.0046777,0.0143952,0.0191637,0.02442028
826,827,-0.00477725,0.0145197,0.0188235,0.02424805,-1.04441e-15,1.42322e-15,1.04908e-15,2.0535132e-15,-0.00477725,0.0145197,0.0188235,0.02424805
827,828,-0.00640532,0.0135241,0.0172295,0.022820715,-6.06341e-16,1.85128e-16,5.90124e-16,8.661225e-16,-0.00640532,0.0135241,0.0172295,0.022820715
828,829,-0.00473845,0.0139624,0.0182836,0.023488116,-8.16001e-16,-1.46132e-16,-2.03149e-16,8.5351137e-16,-0.00473845,0.0139624,0.0182836,0.023488116
829,830,-0.00500207,0.0143372,0.0179883,0.023540497,1.01015e-16,1.00396e-15,-1.40066e-15,1.7262643e-15,-0.00500207,0.0143372,0.0179883,0.023540497
830,831,-0.00203149,0.0151873,0.0203248,0.025453458,-8.25011e-16,-1.75581e-15,-9.46742e-16,2.1586645e-15,-0.00203149,0.0151873,0.0203248,0.025453458
831,832,-0.00207998,0.0144444,0.0199147,0.024689315,-3.29545e-16,3.38811e-16,-2.32516e-15,2.372712e-15,-0.00207998,0.0144444,0.0199147,0.024689315
832,833,-0.0022425,0.0149181,0.0199658,0.025024222,-1.34923e-16,-7.44091e-16,-3.63537e-15,3.7131917e-15,-0.0022425,0.0149181,0.0199658,0.025024222
833,834,-0.00242032,0.0145283,0.0195627,0.024487317,-3.01094e-16,-5.1404e-16,1.75359e-15,1.8520185e-15,-0.00242032,0.0145283,0.0195627,0.024487317
834,835,-0.00243461,0.0145008,0.0191385,0.024134679,1.07881e-16,-8.2224e-16,2.73699e-15,2.8598657e-15,-0.00243461,0.0145008,0.0191385,0.024134679
835,836,-0.00253602,0.0150173,0.0189207,0.024288753,-1.09565e-15,9.35268e-17,1.61364e-15,1.9526983e-15,-0.00253602,0.0150173,0.0189207,0.024288753
836,837,-0.00266971,0.014278,0.0182566,0.023330066,-3.23954e-16,-1.72743e-15,-1.40325e-16,1.7631369e-15,-0.00266971,0.014278,0.0182566,0.023330066
837,838,-0.00276775,0.0146201,0.0179927,0.02334834,-1.97343e-16,-1.54563e-16,9.89848e-16,1.021094e-15,-0.00276775,0.0146201,0.0179927,0.02334834
838,839,-0.00296073,0.0143785,0.0181743,0.02336263,3.48463e-16,-7.42956e-16,-3.11984e-16,8.779203e-16,-0.00296073,0.0143785,0.0181743,0.02336263
839,840,-0.0150124,-0.000940733,-0.00265687,0.015274688,-9.36977e-16,-1.55895e-15,-4.03146e-16,1.8630024e-15,-0.0150124,-0.000940733,-0.00265687,0.015274688
840,841,-0.0144045,0.000514676,-0.000225097,0.014415449,-2.16939e-15,-1.29489e-15,-1.27048e-16,2.529651e-15,-0.0144045,0.000514676,-0.000225097,0.014415449
841,842,-0.0150281,-0.00124301,-0.00238926,0.0152675295,-7.86514e-16,8.3637e-16,-2.98536e-16,1.1862726e-15,-0.0150281,-0.00124301,-0.00238926,0.0152675295
842,843,-0.0146467,0.00011468,-0.000797038,0.014668818,-7.27111e-16,-9.13319e-17,1.86106e-15,2.000144e-15,-0.0146467,0.00011468,-0.000797038,0.014668818
843,844,-0.0142765,0.00213311,0.000849163,0.014459934,-1.86165e-15,-1.07333e-16,-2.71517e-15,3.293844e-15,-0.0142765,0.00213311,0.000849163,0.014459934
844,845,-0.0149488,0.00178061,0.000738715,0.015072588,-6.98443e-16,-1.32057e-15,2.48319e-16,1.5143943e-15,-0.0149488,0.00178061,0.000738715,0.015072588
845,846,-0.0147575,3.99811e-05,-0.00115716,0.014802852,-1.15628e-15,-1.25817e-15,2.13261e-15,2.7327644e-15,-0.0147575,3.99811e-05,-0.00115716,0.014802852
846,847,-0.0147064,0.00146189,0.000674902,0.014794284,-1.46125e-15,7.71266e-17,-1.42207e-15,2.0404615e-15,-0.0147064,0.00146189,0.000674902,0.014794284
847,848,-0.0147036,-0.000320043,-0.00140042,0.014773606,-1.43263e-16,1.96129e-16,-1.22602e-15,1.2498463e-15,-0.0147036,-0.000320043,-0.00140042,0.014773606
848,849,-0.0148104,0.00110586,0.000132932,0.014852223,-4.51903e-16,6.03437e-16,-1.56065e-15,1.7331998e-15,-0.0148104,0.00110586,0.000132932,0.014852223
849,850,-0.0146975,-0.000668603,-0.00202611,0.014851553,-8.31398e-16,1.10373e-15,1.78301e-15,2.2557853e-15,-0.0146975,-0.000668603,-0.00202611,0.014851553
850,851,-0.0149126,0.000650094,-0.000791982,0.014947758,-6.82274e-16,2.81606e-16,2.9717e-15,3.0619928e-15,-0.0149126,0.000650094,-0.000791982,0.014947758
851,852,-0.0149851,-0.000939299,-0.00300699,0.015312659,-2.10711e-15,-5.43154e-16,6.18774e-17,2.176869e-15,-0.0149851,-0.000939299,-0.00300699,0.015312659
852,853,-0.0148052,0.000460886,-0.00160944,0.014899552,4.21588e-16,1.27179e-15,-4.97298e-16,1.4291576e-15,-0.0148052,0.000460886,-0.00160944,0.014899552
853,854,-0.0147376,-0.00119397,-0.00442256,0.015433129,-7.57296e-16,-1.30395e-16,1.96934e-15,2.1139537e-15,-0.0147376,-0.00119397,-0.00442256,0.015433129
854,855,-0.0146999,0.000171022,-0.00290149,0.01498449,-1.23366e-15,-1.04327e-15,5.06558e-15,5.316995e-15,-0.0146999,0.000171022,-0.00290149,0.01498449
855,856,-0.014732,-0.00116141,-0.00570852,0.015841966,-7.19864e-16,-3.82741e-16,6.83592e-15,6.884366e-15,-0.014732,-0.00116141,-0.00570852,0.015841966
856,857,-0.0146425,2.09796e-05,-0.00435496,0.015276417,5.72539e-16,3.18419e-16,2.33121e-15,2.4215143e-15,-0.0146425,2.09796e-05,-0.00435496,0.015276417
857,858,-0.0140157,0.00369345,0.00404801,0.0150488475,-1.37859e-15,4.61641e-16,-1.26079e-15,1.9243737e-15,-0.0140157,0.00369345,0.00404801,0.0150488475
858,859,-0.014524,0.00339043,0.00352056,0.015324357,-1.08899e-15,5.373e-16,-2.26691e-15,2.5716672e-15,-0.014524,0.00339043,0.00352056,0.015324357
859,860,-0.014407,0.0028755,0.00334663,0.015067517,-6.04495e-16,-3.13055e-16,-1.79584e-15,1.920536e-15,-0.014407,0.0028755,0.00334663,0.015067517
860,861,-0.0144725,0.00254341,0.00202429,0.014833069,-9.97243e-16,-6.94793e-17,-5.0474e-16,1.1198587e-15,-0.0144725,0.00254341,0.00202429,0.014833069
861,862,-0.0147977,0.00220313,0.000885999,0.014987017,-9.39063e-16,1.26889e-15,7.28777e-16,1.7386882e-15,-0.0147977,0.00220313,0.000885999,0.014987017
862,863,-0.0143103,0.00173639,-0.000349717,0.014419503,-8.57753e-16,-1.3268e-15,4.12899e-15,4.4209385e-15,-0.0143103,0.00173639,-0.000349717,0.014419503
863,864,-0.0143332,0.00148049,-0.00171502,0.01451116,-3.99771e-16,2.16405e-16,1.52987e-15,1.5959794e-15,-0.0143332,0.00148049,-0.00171502,0.01451116
864,865,-0.0146922,0.00118147,-0.00352784,0.015155933,-1.50261e-15,2.57831e-15,1.07989e-15,3.1735915e-15,-0.0146922,0.00118147,-0.00352784,0.015155933
865,866,-0.0144929,-0.00361621,-0.00520248,0.015817298,-1.62614e-15,-1.24471e-15,2.23988e-15,3.034913e-15,-0.0144929,-0.00361621,-0.00520248,0.015817298
866,867,-0.0145699,-0.00406275,-0.00515057,0.01597862,-3.40586e-16,-4.94345e-17,3.52164e-15,3.5384164e-15,-0.0145699,-0.00406275,-0.00515057,0.01597862
867,868,-0.0149966,-0.00450982,-0.00513295,0.016479796,-3.89927e-17,5.18536e-16,1.46628e-16,5.402775e-16,-0.0149966,-0.00450982,-0.00513295,0.016479796
868,869,-0.014466,-0.00471876,-0.0051687,0.016070075,-1.03352e-15,-9.94235e-16,-5.30085e-16,1.5289398e-15,-0.014466,-0.00471876,-0.0051687,0.016070075
869,870,-0.0144233,-0.00508848,-0.00552101,0.016260559,-6.5658e-16,-3.3203e-16,-8.59796e-17,7.407656e-16,-0.0144233,-0.00508848,-0.00552101,0.016260559
870,871,-0.0142788,-0.00539966,-0.00598976,0.016398711,1.89177e-16,-1.41961e-15,2.00986e-15,2.4679175e-15,-0.0142788,-0.00539966,-0.00598976,0.016398711
871,872,-0.0139879,-0.00547728,-0.00680118,0.016489936,2.5755e-16,1.42163e-16,1.2506e-15,1.2847345e-15,-0.0139879,-0.00547728,-0.00680118,0.016489936
872,873,-0.013701,-0.00582816,-0.00800213,0.016903223,1.06415e-16,8.52586e-16,-1.9674e-15,2.1468325e-15,-0.013701,-0.00582816,-0.00800213,0.016903223
873,874,-0.0149667,-0.00234562,-0.00418885,0.01571784,1.40622e-16,-9.08055e-16,-1.61328e-15,1.8566126e-15,-0.0149667,-0.00234562,-0.00418885,0.01571784
874,875,-0.0149743,-0.00265723,-0.00403701,0.015734928,-1.01478e-15,-4.20094e-16,2.14094e-15,2.406217e-15,-0.0149743,-0.00265723,-0.00403701,0.015734928
875,876,-0.0153445,-0.00297463,-0.00386221,0.016100273,-7.74565e-16,1.58422e-15,-1.72315e-15,2.4655526e-15,-0.0153445,-0.00297463,-0.00386221,0.016100273
876,877,-0.0148401,-0.00323534,-0.00382005,0.015661698,-1.74203e-15,-8.68842e-16,3.6938e-15,4.1753697e-15,-0.0148401,-0.00323534,-0.00382005,0.015661698
877,878,-0.0148969,-0.00355132,-0.00427372,0.015899502,-9.41068e-16,-1.13491e-15,1.457e-15,2.0727949e-15,-0.0148969,-0.00355132,-0.00427372,0.015899502
878,879,-0.0152229,-0.00403748,-0.00504652,0.016537996,-6.80733e-17,-1.68615e-15,-1.09416e-15,2.011199e-15,-0.0152229,-0.00403748,-0.00504652,0.016537996
879,880,-0.0145335,-0.00404665,-0.00608183,0.016266119,3.12186e-17,-2.27465e-17,8.71649e-16,8.7250445e-16,-0.0145335,-0.00404665,-0.00608183,0.016266119
880,881,-0.0142557,-0.00437642,-0.00760039,0.016737502,-1.50012e-16,7.77187e-16,1.13e-15,1.379646e-15,-0.0142557,-0.00437642,-0.00760039,0.016737502
881,882,-0.0151025,-0.00137051,-0.00202327,0.015298936,-8.50907e-16,8.06419e-16,-3.37079e-15,3.5688344e-15,-0.0151025,-0.00137051,-0.00202327,0.015298936
882,883,-0.0148044,-0.00173454,-0.0022671,0.015077089,-9.09886e-16,-1.75905e-16,1.70914e-15,1.9442208e-15,-0.0148044,-0.00173454,-0.0022671,0.015077089
883,884,-0.0149394,-0.00203473,-0.00288441,0.015350753,-4.92314e-16,1.03095e-15,1.81836e-15,2.1474784e-15,-0.0149394,-0.00203473,-0.00288441,0.015350753
884,885,-0.0153406,-0.00236572,-0.00380451,0.015981393,-9.34523e-16,-1.65452e-15,8.38421e-16,2.0769496e-15,-0.0153406,-0.00236572,-0.00380451,0.015981393
885,886,-0.0147808,-0.00251164,-0.0049732,0.015795983,-2.70501e-16,-2.60334e-17,8.84347e-16,9.251585e-16,-0.0147808,-0.00251164,-0.0049732,0.015795983
886,887,-0.0148938,-0.00263167,-0.00655006,0.016481938,-2.32825e-17,1.45971e-15,-2.28525e-16,1.4776735e-15,-0.0148938,-0.00263167,-0.00655006,0.016481938
887,888,-0.0131336,0.00516244,0.00666116,0.015604912,-1.83369e-16,1.44565e-15,-9.21413e-16,1.7241026e-15,-0.0131336,0.00516244,0.00666116,0.015604912
888,889,-0.0134238,0.0048489,0.0054254,0.015269093,-1.83257e-15,8.19534e-16,4.45745e-15,4.8886405e-15,-0.0134238,0.0048489,0.0054254,0.015269093
889,890,-0.0138404,0.00439317,0.00430241,0.015144879,-3.70953e-16,-7.88149e-16,2.27436e-15,2.4354666e-15,-0.0138404,0.00439317,0.00430241,0.015144879
890,891,-0.0137685,0.00395868,0.00372612,0.014802929,-8.56256e-16,-3.18561e-16,-7.88659e-17,9.169926e-16,-0.0137685,0.00395868,0.00372612,0.014802929
891,892,-0.0139103,0.00351629,0.0028394,0.014626105,-1.02164e-15,-6.86625e-17,7.43619e-15,7.506357e-15,-0.0139103,0.00351629,0.0028394,0.014626105
892,893,-0.0143338,0.0031638,0.00114263,0.014723215,-9.42318e-16,-2.49232e-16,2.72964e-15,2.8984502e-15,-0.0143338,0.0031638,0.00114263,0.014723215
893,894,-0.0142269,0.00281644,-0.000626511,0.014516527,-9.04517e-16,6.72077e-16,4.14057e-16,1.200534e-15,-0.0142269,0.00281644,-0.000626511,0.014516527
894,895,-0.0123742,0.00699859,0.00819301,0.016408123,3.93209e-16,1.55192e-15,1.78931e-15,2.4009788e-15,-0.0123742,0.00699859,0.00819301,0.016408123
895,896,-0.0130595,0.00673213,0.0077375,0.016605452,-1.37398e-15,6.27525e-16,1.63184e-15,2.2236254e-15,-0.0130595,0.00673213,0.0077375,0.016605452
896,897,-0.0132088,0.00623561,0.00682033,0.01612055,-1.54669e-15,1.37057e-15,1.35628e-16,2.0710159e-15,-0.0132088,0.00623561,0.00682033,0.01612055
897,898,-0.0130641,0.0056681,0.00546602,0.015253703,-1.47387e-15,5.59044e-16,-3.33626e-15,3.6899123e-15,-0.0130641,0.0056681,0.00546602,0.015253703
898,899,-0.0134605,0.00517354,0.00425204,0.015034308,-1.42318e-15,2.61537e-16,-6.48661e-16,1.5857503e-15,-0.0134605,0.00517354,0.00425204,0.015034308
899,900,-0.013959,0.00499127,0.00273649,0.015074974,-3.39699e-16,-1.45542e-15,1.6035e-15,2.1919978e-15,-0.013959,0.00499127,0.00273649,0.015074974
900,901,-0.0137441,0.00443416,0.000802815,0.014463975,3.81961e-16,1.78004e-15,1.41173e-15,2.3037833e-15,-0.0137441,0.00443416,0.000802815,0.014463975
901,902,-0.0139178,0.00407704,-0.00122237,0.014554093,1.36601e-15,5.76918e-16,-8.421e-16,1.7052713e-15,-0.0139178,0.00407704,-0.00122237,0.014554093
902,903,-0.0144958,0.00242848,-0.00274856,0.014952603,-9.89404e-16,2.02609e-15,-1.80883e-16,2.262008e-15,-0.0144958,0.00242848,-0.00274856,0.014952603
903,904,-0.0116419,0.00845036,0.0106557,0.017902132,2.37387e-16,5.65025e-16,1.18335e-15,1.3326376e-15,-0.0116419,0.00845036,0.0106557,0.017902132
904,905,-0.0122414,0.00838492,0.0101327,0.017967481,7.09693e-16,1.12059e-15,-3.79591e-16,1.3796648e-15,-0.0122414,0.00838492,0.0101327,0.017967481
905,906,-0.0119538,0.00758064,0.00909939,0.01682731,7.87541e-16,-6.99328e-16,1.58117e-15,1.8998365e-15,-0.0119538,0.00758064,0.00909939,0.01682731
906,907,-0.012313,0.00734625,0.00809853,0.016467044,-1.21219e-15,-1.50959e-15,2.90276e-16,1.9576841e-15,-0.012313,0.00734625,0.00809853,0.016467044
907,908,-0.0127203,0.00689489,0.00604917,0.01568241,-1.01503e-15,1.04104e-15,1.64226e-15,2.1934147e-15,-0.0127203,0.00689489,0.00604917,0.01568241
908,909,-0.0127107,0.0067043,0.00449508,0.015057067,-8.99258e-17,-1.95242e-16,1.8186e-15,1.8312598e-15,-0.0127107,0.0067043,0.00449508,0.015057067
909,910,-0.0126837,0.00604725,0.00218482,0.014220369,-1.12479e-16,1.46921e-15,2.32756e-15,2.7547712e-15,-0.0126837,0.00604725,0.00218482,0.014220369
910,911,-0.0129341,0.00569496,0.000142733,0.014133077,3.29909e-17,-4.27749e-16,2.39274e-15,2.4308973e-15,-0.0129341,0.00569496,0.000142733,0.014133077
911,912,-0.0117293,0.00836351,0.0073052,0.016152112,-3.80364e-16,-2.47789e-16,1.74505e-15,1.8031294e-15,-0.0117293,0.00836351,0.0073052,0.016152112
912,913,-0.011951,0.00804813,0.00548119,0.01541565,-7.63326e-16,1.3193e-15,7.53117e-16,1.7001189e-15,-0.011951,0.00804813,0.00548119,0.01541565
913,914,-0.0120615,0.00763899,0.0032621,0.014644973,-3.90628e-16,4.6404e-16,-1.54067e-15,1.655774e-15,-0.0120615,0.00763899,0.0032621,0.014644973
914,915,-0.0126205,0.00746774,0.00156832,0.01474801,3.22737e-16,-1.22182e-15,7.60694e-16,1.4750114e-15,-0.0126205,0.00746774,0.00156832,0.01474801
915,916,-0.0104723,0.00935234,0.0117131,0.01828475,1.02859e-15,8.76265e-16,-7.47348e-16,1.5441396e-15,-0.0104723,0.00935234,0.0117131,0.01828475
916,917,-0.0109246,0.00937579,0.0111675,0.018219918,-6.08604e-17,9.94994e-16,-1.48003e-15,1.7844344e-15,-0.0109246,0.00937579,0.0111675,0.018219918
917,918,-0.011238,0.00890145,0.0101282,0.017553031,3.0949e-16,3.82854e-16,6.41489e-16,8.0862196e-16,-0.011238,0.00890145,0.0101282,0.017553031
918,919,-0.0116265,0.00863791,0.00899589,0.017050367,-1.72624e-15,-3.91644e-16,4.70458e-16,1.8315622e-15,-0.0116265,0.00863791,0.00899589,0.017050367
919,920,-0.00970566,0.0106357,0.0130254,0.019415947,1.84033e-16,5.99877e-16,3.43828e-16,7.154986e-16,-0.00970566,0.0106357,0.0130254,0.019415947
920,921,-0.0100851,0.0105464,0.0124414,0.019176139,-1.16919e-15,2.79652e-17,1.34408e-15,1.7816673e-15,-0.0100851,0.0105464,0.0124414,0.019176139
921,922,-0.0104158,0.0102186,0.01137,0.018498259,1.09274e-15,1.5164e-16,5.50257e-17,1.1045828e-15,-0.0104158,0.0102186,0.01137,0.018498259
922,923,-0.0108647,0.00992251,0.00991576,0.017743174,-2.31343e-15,5.99895e-16,1.197e-15,2.672946e-15,-0.0108647,0.00992251,0.00991576,0.017743174
923,924,-0.0107815,0.00952734,0.00867553,0.016801065,-8.51233e-16,3.96719e-16,1.32378e-15,1.6230765e-15,-0.0107815,0.00952734,0.00867553,0.016801065
924,925,-0.0113547,0.00946299,0.00720678,0.016444301,6.54085e-17,7.20573e-16,1.39197e-15,1.5687843e-15,-0.0113547,0.00946299,0.00720678,0.016444301
925,926,-0.0114373,0.00888712,0.00506599,0.015344608,-4.37656e-16,8.62515e-16,6.60454e-16,1.171185e-15,-0.0114373,0.00888712,0.00506599,0.015344608
926,927,-0.00892712,0.01215,0.014666,0.021033486,1.28953e-15,3.04219e-15,-9.88986e-16,3.4490436e-15,-0.00892712,0.01215,0.014666,0.021033486
927,928,-0.00898487,0.0114285,0.013388,0.019763023,-6.54851e-16,2.32124e-15,1.42004e-16,2.4160194e-15,-0.00898487,0.0114285,0.013388,0.019763023
928,929,-0.00983704,0.0109946,0.0115439,0.018732596,-1.50333e-15,4.95541e-17,2.61472e-15,3.0164908e-15,-0.00983704,0.0109946,0.0115439,0.018732596
929,930,-0.0100585,0.0105012,0.0100575,0.017680552,-9.37355e-16,1.43194e-16,-1.27828e-15,1.5915837e-15,-0.0100585,0.0105012,0.0100575,0.017680552
930,931,-0.007284,0.0124216,0.0139392,0.02004131,3.87919e-16,1.79283e-15,-8.59945e-16,2.025889e-15,-0.007284,0.0124216,0.0139392,0.02004131
931,932,-0.00765493,0.0118246,0.012947,0.019132275,-9.59264e-16,-1.74703e-16,2.57465e-15,2.7530949e-15,-0.00765493,0.0118246,0.012947,0.019132275
932,933,-0.0147244,-0.00119866,-0.00720622,0.016436981,5.89157e-16,7.61204e-16,-1.1494e-16,9.694064e-16,-0.0147244,-0.00119866,-0.00720622,0.016436981
933,934,-0.0147162,-7.1715e-05,-0.00613994,0.015945863,-3.66344e-16,-4.02923e-16,-3.04476e-15,3.093076e-15,-0.0147162,-7.1715e-05,-0.00613994,0.015945863
934,935,-0.0145909,0.000900649,-0.00540937,0.015587393,-2.11395e-16,8.56764e-16,-1.42487e-15,1.6760032e-15,-0.0145909,0.000900649,-0.00540937,0.015587393
935,936,-0.0149474,1.79496e-05,-0.0073808,0.016670372,-1.24797e-15,-1.7034e-15,-2.38397e-15,3.1846999e-15,-0.0149474,1.79496e-05,-0.0073808,0.016670372
936,937,-0.0148197,0.000744302,-0.00681943,0.016330404,-1.04839e-15,-9.39358e-16,-1.39178e-15,1.979537e-15,-0.0148197,0.000744302,-0.00681943,0.016330404
937,938,-0.0135616,-0.00741481,-0.0103716,0.01861361,7.76502e-17,-4.83487e-16,4.89287e-16,6.9223625e-16,-0.0135616,-0.00741481,-0.0103716,0.01861361
938,939,-0.0142077,-0.00615309,-0.00988585,0.018369794,-1.60895e-15,-1.4464e-15,7.52068e-16,2.290502e-15,-0.0142077,-0.00615309,-0.00988585,0.018369794
939,940,-0.0143557,-0.00428549,-0.00888654,0.017419018,1.70102e-16,-1.56729e-15,2.33618e-15,2.8183452e-15,-0.0143557,-0.00428549,-0.00888654,0.017419018
940,941,-0.0137507,-0.00614854,-0.0119431,0.019223006,-1.58872e-16,-1.947e-15,-8.82454e-16,2.1435424e-15,-0.0137507,-0.00614854,-0.0119431,0.019223006
941,942,-0.0140498,-0.0045604,-0.0109916,0.018412208,1.21821e-17,-1.28078e-15,-1.60811e-15,2.0558608e-15,-0.0140498,-0.0045604,-0.0109916,0.018412208
942,943,-0.0138912,-0.00647343,-0.0144819,0.021085449,-1.04326e-15,-8.92996e-16,-2.06213e-16,1.388653e-15,-0.0138912,-0.00647343,-0.0144819,0.021085449
943,944,-0.0143666,-0.00488552,-0.0137533,0.020479763,4.71406e-16,1.32813e-16,-1.77998e-15,1.8461288e-15,-0.0143666,-0.00488552,-0.0137533,0.020479763
944,945,-0.0136639,-0.00620849,-0.0164121,0.022239706,-4.05827e-16,-8.23164e-17,-1.61891e-15,1.67103e-15,-0.0136639,-0.00620849,-0.0164121,0.022239706
945,946,-0.0140678,-0.00489687,-0.0160427,0.021891791,-5.8469e-16,-2.2968e-16,6.51278e-16,9.048638e-16,-0.0140678,-0.00489687,-0.0160427,0.021891791
946,947,-0.0144015,-0.00263258,-0.00827311,0.016816005,8.97887e-16,-9.85143e-16,6.16059e-16,1.4684129e-15,-0.0144015,-0.00263258,-0.00827311,0.016816005
947,948,-0.0142688,-0.00270205,-0.00975882,0.017496694,4.36921e-16,-3.28544e-16,-1.35525e-15,1.4613499e-15,-0.0142688,-0.00270205,-0.00975882,0.017496694
948,949,-0.0142522,-0.00281163,-0.0120134,0.018850788,9.44871e-17,-8.04078e-16,-9.52342e-16,1.2499698e-15,-0.0142522,-0.00281163,-0.0120134,0.018850788
949,950,-0.0139823,-0.00313352,-0.0144607,0.020357689,-7.76462e-16,-2.38278e-16,8.64434e-16,1.1861348e-15,-0.0139823,-0.00313352,-0.0144607,0.020357689
950,951,-0.0144047,-0.0050512,-0.0176361,0.02332471,-1.12868e-15,-9.06536e-16,2.81868e-17,1.4479365e-15,-0.0144047,-0.0050512,-0.0176361,0.02332471
951,952,-0.0145793,-0.00355249,-0.0167359,0.022478133,6.95191e-16,-1.11126e-16,-5.45111e-16,8.90385e-16,-0.0145793,-0.00355249,-0.0167359,0.022478133
952,953,-0.0141755,-0.00493486,-0.0184307,0.023769483,3.48951e-16,8.035e-16,-1.04068e-15,1.3602919e-15,-0.0141755,-0.00493486,-0.0184307,0.023769483
953,954,-0.0144321,-0.0037721,-0.0182773,0.02359182,7.70264e-17,-8.55524e-16,2.15381e-15,2.3187823e-15,-0.0144321,-0.0037721,-0.0182773,0.02359182
954,955,-0.0147733,-0.000694316,-0.00886361,0.017242275,-5.70162e-16,5.09383e-16,-3.03464e-15,3.129472e-15,-0.0147733,-0.000694316,-0.00886361,0.017242275
955,956,-0.0142804,-0.000814513,-0.0109808,0.018032504,-6.76535e-16,1.69219e-15,-5.05402e-15,5.3725525e-15,-0.0142804,-0.000814513,-0.0109808,0.018032504
956,957,-0.0142411,-0.00120171,-0.012819,0.019198433,-1.72001e-15,-1.54833e-16,3.401e-16,1.7601351e-15,-0.0142411,-0.00120171,-0.012819,0.019198433
957,958,-0.0149479,-0.00161987,-0.0156295,0.021687439,2.98374e-16,1.06394e-16,-4.81268e-15,4.823094e-15,-0.0149479,-0.00161987,-0.0156295,0.021687439
958,959,-0.0146631,-0.00185974,-0.0178237,0.023154901,-1.29715e-15,-7.01223e-16,-1.13057e-15,1.8580904e-15,-0.0146631,-0.00185974,-0.0178237,0.023154901
959,960,-0.014214,0.00195415,-0.00473761,0.015109647,-6.70354e-16,-9.71783e-17,2.93953e-15,3.0165634e-15,-0.014214,0.00195415,-0.00473761,0.015109647
960,961,-0.0144197,0.00134934,-0.00714444,0.01614904,-1.90513e-15,-7.0539e-16,-4.66815e-16,2.084469e-15,-0.0144197,0.00134934,-0.00714444,0.01614904
961,962,-0.0136314,0.00102153,-0.00882187,0.01626911,-2.81684e-15,9.49443e-16,8.36592e-16,3.0880278e-15,-0.0136314,0.00102153,-0.00882187,0.01626911
962,963,-0.0134781,0.000772405,-0.0102852,0.016971774,-1.08661e-15,-3.75134e-16,-5.44836e-16,1.2721215e-15,-0.0134781,0.000772405,-0.0102852,0.016971774
963,964,-0.0146814,0.000497394,-0.0133201,0.019829674,-1.59104e-15,-3.55498e-20,-3.8882e-15,4.201132e-15,-0.0146814,0.000497394,-0.0133201,0.019829674
964,965,-0.0142291,0.000140436,-0.0153478,0.020929452,1.08981e-17,-6.85102e-16,-3.0262e-15,3.1028003e-15,-0.0142291,0.000140436,-0.0153478,0.020929452
965,966,-0.0145941,-0.00212749,-0.0193981,0.024368018,-4.71132e-16,-4.05258e-16,5.86053e-16,8.541999e-16,-0.0145941,-0.00212749,-0.0193981,0.024368018
966,967,-0.0149666,3.68669e-05,-0.0177321,0.023204047,-3.87141e-16,5.57021e-16,-1.74207e-15,1.8694807e-15,-0.0149666,3.68669e-05,-0.0177321,0.023204047
967,968,-0.0139326,0.00363131,-0.00357081,0.014834232,-2.79523e-16,-1.84378e-16,1.36747e-16,3.6170165e-16,-0.0139326,0.00363131,-0.00357081,0.014834232
968,969,-0.0137476,0.00341779,-0.00567492,0.015260489,8.67462e-17,-9.69832e-16,1.29544e-15,1.6205752e-15,-0.0137476,0.00341779,-0.00567492,0.015260489
969,970,-0.0137029,0.00293128,-0.00784964,0.016061716,-1.37331e-15,6.60307e-16,-2.14834e-15,2.6338852e-15,-0.0137029,0.00293128,-0.00784964,0.016061716
970,971,-0.0134676,0.00273585,-0.0103762,0.01721995,-8.91957e-16,3.16873e-16,-1.8353e-16,9.641987e-16,-0.0134676,0.00273585,-0.0103762,0.01721995
971,972,-0.0138541,0.00232888,-0.0128519,0.01904025,-1.76313e-16,-7.74351e-16,6.96962e-16,1.0566275e-15,-0.0138541,0.00232888,-0.0128519,0.01904025
972,973,-0.0142661,0.00207011,-0.0146646,0.020563498,-1.34308e-15,-1.90932e-16,-1.07025e-15,1.7279334e-15,-0.0142661,0.00207011,-0.0146646,0.020563498
973,974,-0.01444,0.00208494,-0.0162438,0.021833956,-1.587e-16,-5.45857e-17,-5.37444e-16,5.630376e-16,-0.01444,0.00208494,-0.0162438,0.021833956
974,975,-0.0135426,0.00552679,-0.00232455,0.014810501,-1.94224e-16,5.87177e-16,2.69742e-16,6.7473e-16,-0.0135426,0.00552679,-0.00232455,0.014810501
975,976,-0.0133046,0.00520586,-0.0048061,0.015073551,-1.25668e-15,-2.57456e-16,-8.67817e-16,1.5487526e-15,-0.0133046,0.00520586,-0.0048061,0.015073551
976,977,-0.0138356,0.00482732,-0.00739179,0.016412355,-3.72878e-16,3.77924e-16,3.09903e-15,3.1441774e-15,-0.0138356,0.00482732,-0.00739179,0.016412355
977,978,-0.0134364,0.0044873,-0.00978307,0.017215725,-1.17319e-16,-1.25221e-15,-1.98407e-15,2.3491123e-15,-0.0134364,0.0044873,-0.00978307,0.017215725
978,979,-0.0139349,0.00419371,-0.0120044,0.01886463,-5.3066e-16,-1.87469e-15,5.61733e-16,2.0277096e-15,-0.0139349,0.00419371,-0.0120044,0.01886463
979,980,-0.0139549,0.00417968,-0.0135606,0.019902231,-1.6074e-15,8.75928e-16,-1.31409e-15,2.2534013e-15,-0.0139549,0.00417968,-0.0135606,0.019902231
980,981,-0.0128595,0.00719059,-0.000646429,0.014747515,-4.61977e-16,-7.7121e-17,-5.1866e-17,4.712329e-16,-0.0128595,0.00719059,-0.000646429,0.014747515
981,982,-0.0125652,0.00665588,-0.00298972,0.014530086,-1.59555e-15,1.26228e-15,1.63489e-15,2.6099802e-15,-0.0125652,0.00665588,-0.00298972,0.014530086
982,983,-0.0131835,0.00647495,-0.00590467,0.015830185,-3.40248e-16,7.60586e-16,2.0306e-15,2.1949023e-15,-0.0131835,0.00647495,-0.00590467,0.015830185
983,984,-0.0130955,0.00588163,-0.00855645,0.016712226,-3.95125e-16,1.4785e-16,2.63158e-15,2.6651822e-15,-0.0130955,0.00588163,-0.00855645,0.016712226
984,985,-0.0134849,0.00549011,-0.010564,0.017988384,8.06538e-16,2.05048e-16,-2.50808e-15,2.6425393e-15,-0.0134849,0.00549011,-0.010564,0.017988384
985,986,-0.013167,-0.00735125,-0.0122419,0.019423565,-1.02674e-15,-1.45182e-15,-2.70871e-16,1.798707e-15,-0.013167,-0.00735125,-0.0122419,0.019423565
986,987,-0.0129119,-0.00747551,-0.0140788,0.020513728,-1.44305e-15,-1.41081e-15,3.44814e-15,3.9953032e-15,-0.0129119,-0.00747551,-0.0140788,0.020513728
987,988,-0.0125788,-0.00852076,-0.0154504,0.021668974,-9.20521e-16,1.81905e-16,1.25695e-16,9.467035e-16,-0.0125788,-0.00852076,-0.0154504,0.021668974
988,989,-0.0132009,-0.00738814,-0.0159499,0.021982895,-1.01986e-15,-5.90058e-16,6.11531e-16,1.3274987e-15,-0.0132009,-0.00738814,-0.0159499,0.021982895
989,990,-0.0133655,-0.00737663,-0.0172833,0.023060003,2.97031e-16,-1.50312e-16,-2.05339e-15,2.0801998e-15,-0.0133655,-0.00737663,-0.0172833,0.023060003
990,991,-0.0139477,-0.00623622,-0.0179416,0.023565436,8.3781e-18,-1.08942e-15,2.42049e-15,2.6543696e-15,-0.0139477,-0.00623622,-0.0179416,0.023565436
991,992,-0.0129754,-0.00691164,-0.018448,0.023589415,4.71308e-17,-7.83863e-17,-6.10571e-16,6.1738373e-16,-0.0129754,-0.00691164,-0.018448,0.023589415
992,993,-0.0134399,-0.00537439,-0.0184965,0.023486922,2.77328e-16,-9.46198e-16,-5.21274e-16,1.1153152e-15,-0.0134399,-0.00537439,-0.0184965,0.023486922
993,994,-0.0130923,-0.00685869,-0.0204984,0.025271216,5.92649e-16,-7.55091e-16,6.2629e-16,1.1461389e-15,-0.0130923,-0.00685869,-0.0204984,0.025271216
994,995,-0.0136723,-0.00565324,-0.0201352,0.02498634,-5.1358e-16,-5.88274e-16,-3.25172e-15,3.344176e-15,-0.0136723,-0.00565324,-0.0201352,0.02498634
995,996,-0.0140074,-0.00380972,-0.0197202,0.024486884,1.80904e-16,-2.61095e-15,1.13764e-15,2.8537715e-15,-0.0140074,-0.00380972,-0.0197202,0.024486884
996,997,-0.0144215,-0.00399137,-0.0211032,0.025869977,1.12809e-15,-1.26707e-15,-3.15196e-15,3.5795117e-15,-0.0144215,-0.00399137,-0.0211032,0.025869977
997,998,-0.0145379,-0.00546475,-0.0223584,0.027223375,-5.51152e-17,-2.41819e-16,-1.62504e-15,1.643858e-15,-0.0145379,-0.00546475,-0.0223584,0.027223375
998,999,-0.0147096,-0.00393255,-0.0224572,0.027132325,9.07155e-16,-1.14731e-15,-5.79593e-15,5.9776297e-15,-0.0147096,-0.00393255,-0.0224572,0.027132325
999,1000,-0.0146828,-0.00224649,-0.0211134,0.02581486,3.15642e-17,-1.01069e-15,-7.98503e-16,1.2884477e-15,-0.0146828,-0.00224649,-0.0211134,0.02581486
1000,1001,-0.014529,-0.00222862,-0.0225244,0.026896229,-2.7172e-16,-6.48114e-16,1.74449e-16,7.2409665e-16,-0.014529,-0.00222862,-0.0225244,0.026896229
1001,1002,-0.0147706,-0.000113838,-0.0195669,0.024516262,1.92163e-16,1.2618e-16,1.74032e-16,2.8833166e-16,-0.0147706,-0.000113838,-0.0195669,0.024516262
1002,1003,-0.0143689,-0.000390855,-0.0212243,0.025633747,3.53368e-16,4.63156e-16,-1.22863e-15,1.3597478e-15,-0.0143689,-0.000390855,-0.0212243,0.025633747
1003,1004,-0.0138891,0.00178336,-0.0176981,0.022567902,-2.38003e-16,-1.48892e-15,-1.93446e-16,1.5201808e-15,-0.0138891,0.00178336,-0.0176981,0.022567902
1004,1005,-0.0134731,0.00137906,-0.0189332,0.02327858,1.32224e-16,5.21499e-16,-7.7768e-16,9.456376e-16,-0.0134731,0.00137906,-0.0189332,0.02327858
1005,1006,-0.0136975,0.00401784,-0.0149067,0.020639144,-1.26788e-15,-5.97591e-16,-7.41654e-16,1.585776e-15,-0.0136975,0.00401784,-0.0149067,0.020639144
1006,1007,-0.013127,0.00365272,-0.0164453,0.021356694,5.38469e-17,-4.22439e-16,-9.52968e-16,1.0437922e-15,-0.013127,0.00365272,-0.0164453,0.021356694
1007,1008,-0.0137688,0.00340166,-0.0185388,0.02334177,-7.04167e-16,1.95228e-15,-2.11888e-15,2.9659572e-15,-0.0137688,0.00340166,-0.0185388,0.02334177
1008,1009,-0.011541,0.00871244,0.00333846,0.014840707,3.10629e-16,1.37347e-15,-1.70296e-15,2.2097472e-15,-0.011541,0.00871244,0.00333846,0.014840707
1009,1010,-0.0118318,0.00835895,0.000715692,0.014504336,-8.77315e-16,2.7004e-15,-4.30791e-15,5.1594505e-15,-0.0118318,0.00835895,0.000715692,0.014504336
1010,1011,-0.0118933,0.00779245,-0.00164456,0.01431354,1.64078e-17,1.11829e-15,-1.00482e-15,1.5034976e-15,-0.0118933,0.00779245,-0.00164456,0.01431354
1011,1012,-0.0124561,0.00779001,-0.00438564,0.015332075,7.2246e-16,1.16898e-15,-3.77937e-16,1.4252365e-15,-0.0124561,0.00779001,-0.00438564,0.015332075
1012,1013,-0.0124558,0.00695571,-0.00728298,0.016017823,7.63548e-16,-1.24194e-15,2.79116e-15,3.1489674e-15,-0.0124558,0.00695571,-0.00728298,0.016017823
1013,1014,-0.013327,0.00627588,-0.0109888,0.018377958,-1.01187e-15,6.12369e-16,-2.89758e-15,3.129672e-15,-0.013327,0.00627588,-0.0109888,0.018377958
1014,1015,-0.0133876,0.00584576,-0.0136191,0.019971997,-1.28738e-15,-7.55779e-16,9.5674e-17,1.4958952e-15,-0.0133876,0.00584576,-0.0136191,0.019971997
1015,1016,-0.0132235,0.00540489,-0.0163768,0.021731852,3.33953e-17,-5.75259e-16,-1.24953e-15,1.3759954e-15,-0.0132235,0.00540489,-0.0163768,0.021731852
1016,1017,-0.0137883,0.00487784,-0.0186798,0.023724364,-4.97833e-16,1.74307e-15,-3.17468e-15,3.6557794e-15,-0.0137883,0.00487784,-0.0186798,0.023724364
1017,1018,-0.0127338,-0.00813768,-0.0186345,0.023992,-1.24045e-16,-6.56806e-16,-4.39107e-16,7.997476e-16,-0.0127338,-0.00813768,-0.0186345,0.023992
1018,1019,-0.0127269,-0.00796613,-0.0201298,0.025112588,2.28866e-16,1.56956e-15,1.36496e-15,2.0926093e-15,-0.0127269,-0.00796613,-0.0201298,0.025112588
1019,1020,-0.0137437,-0.00802293,-0.0221854,0.027302906,-3.9686e-16,2.60415e-15,-1.55788e-15,3.060406e-15,-0.0137437,-0.00802293,-0.0221854,0.027302906
1020,1021,-0.013697,-0.00674433,-0.0218125,0.026624782,1.0711e-15,1.11051e-15,-1.78938e-15,2.3627035e-15,-0.013697,-0.00674433,-0.0218125,0.026624782
1021,1022,-0.0135169,0.00611064,-0.0182757,0.023538219,1.94929e-16,2.15919e-15,1.65305e-15,2.7262929e-15,-0.0135169,0.00611064,-0.0182757,0.023538219
1022,1023,-0.0144498,-0.00386799,-0.0232789,0.027670655,6.88411e-16,-9.04772e-17,-2.3264e-15,2.4278042e-15,-0.0144498,-0.00386799,-0.0232789,0.027670655
1023,1024,-0.0153394,-0.00257479,-0.0237769,0.028412458,4.05674e-17,6.53607e-18,-2.08131e-15,2.0817156e-15,-0.0153394,-0.00257479,-0.0237769,0.028412458
1024,1025,-0.0151013,-0.000696514,-0.0223072,0.026947089,-1.02689e-15,-1.07862e-15,-5.6659e-16,1.5934079e-15,-0.0151013,-0.000696514,-0.0223072,0.026947089
1025,1026,-0.0145016,0.001313,-0.020586,0.02521515,-1.64346e-16,-8.73673e-17,-1.79152e-15,1.8011626e-15,-0.0145016,0.001313,-0.020586,0.02521515
1026,1027,-0.0145925,0.00319936,-0.0207169,0.025541475,1.84261e-16,6.96511e-16,-2.57643e-16,7.6515334e-16,-0.0145925,0.00319936,-0.0207169,0.025541475
1027,1028,-0.0142124,0.00463099,-0.0202087,0.025136227,1.25089e-16,1.76623e-15,-2.7894e-15,3.3039323e-15,-0.0142124,0.00463099,-0.0202087,0.025136227
1028,1029,-0.0133463,-0.00724501,-0.0233076,0.027818305,6.358e-16,6.62043e-16,-3.3025e-15,3.4276884e-15,-0.0133463,-0.00724501,-0.0233076,0.027818305
1029,1030,-0.0134564,-0.00618565,-0.0226569,0.027067916,1.36205e-15,1.24474e-15,-1.64336e-15,2.4708684e-15,-0.0134564,-0.00618565,-0.0226569,0.027067916
1030,1031,-0.0140528,-0.0046565,-0.0235936,0.027853586,7.52308e-16,-3.84722e-16,-1.98243e-15,2.1549958e-15,-0.0140528,-0.0046565,-0.0235936,0.027853586
1031,1032,-0.014167,-0.00608529,-0.0234654,0.028077744,3.18723e-16,1.71729e-16,-2.62188e-15,2.6467584e-15,-0.014167,-0.00608529,-0.0234654,0.028077744
1032,1033,-0.0149591,-0.00487259,-0.0244327,0.029059827,1.13329e-15,6.54915e-16,-3.36341e-15,3.6091256e-15,-0.0149591,-0.00487259,-0.0244327,0.029059827
1033,1034,-0.0151888,-0.00301371,-0.0244811,0.028967332,-1.34727e-15,-2.53186e-15,-1.39709e-15,3.19019e-15,-0.0151888,-0.00301371,-0.0244811,0.028967332
1034,1035,-0.0153258,-0.00296196,-0.0250008,0.029473605,-1.01677e-15,-1.07865e-15,-1.77367e-15,2.311539e-15,-0.0153258,-0.00296196,-0.0250008,0.029473605
1035,1036,-0.0149314,-0.000853827,-0.0227901,0.027259208,-8.66205e-16,-1.21416e-15,4.65365e-16,1.5623893e-15,-0.0149314,-0.000853827,-0.0227901,0.027259208
1036,1037,-0.0150936,-0.00110087,-0.0234684,0.0279248,-2.91876e-16,-2.68928e-15,5.64491e-16,2.7633438e-15,-0.0150936,-0.00110087,-0.0234684,0.0279248
1037,1038,-0.0153008,-0.00315816,-0.0250362,0.029511012,-1.58659e-15,-1.57569e-15,1.56125e-15,2.7271905e-15,-0.0153008,-0.00315816,-0.0250362,0.029511012
1038,1039,-0.0148965,-0.00119872,-0.0235747,0.027912527,-7.39595e-16,-8.00325e-16,1.26189e-15,1.6672994e-15,-0.0148965,-0.00119872,-0.0235747,0.027912527
1039,1040,-0.0144169,0.0012213,-0.0220228,0.026350375,-1.1986e-15,-1.86105e-16,-3.77095e-15,3.9612296e-15,-0.0144169,0.0012213,-0.0220228,0.026350375
1040,1041,-0.0153453,0.000996872,-0.0236504,0.028210165,-9.79441e-16,-9.76706e-16,-4.33964e-15,4.5547486e-15,-0.0153453,0.000996872,-0.0236504,0.028210165
1041,1042,-0.0150683,0.000965656,-0.0240322,0.028381908,-1.91096e-15,1.70505e-15,-4.44678e-15,5.131551e-15,-0.0150683,0.000965656,-0.0240322,0.028381908
1042,1043,-0.0144804,0.0031765,-0.0222048,0.026698787,-9.75126e-16,1.50049e-15,-2.15712e-15,2.8027679e-15,-0.0144804,0.0031765,-0.0222048,0.026698787
1043,1044,-0.0145412,0.00329202,-0.0233054,0.027666325,-2.76424e-15,5.88195e-16,-8.6916e-16,2.9567608e-15,-0.0145412,0.00329202,-0.0233054,0.027666325
1044,1045,-0.0145168,0.00302502,-0.0236561,0.027919514,-1.12146e-15,1.30168e-15,7.37329e-16,1.8696785e-15,-0.0145168,0.00302502,-0.0236561,0.027919514
1045,1046,-0.0137105,0.00538438,-0.0202055,0.02500463,1.21087e-15,1.81655e-15,-1.02046e-15,2.4098547e-15,-0.0137105,0.00538438,-0.0202055,0.02500463
1046,1047,-0.0136242,0.00503172,-0.0210619,0.025583992,5.73725e-16,4.93903e-16,5.49357e-16,9.353575e-16,-0.0136242,0.00503172,-0.0210619,0.025583992
1047,1048,-0.0131788,0.0049569,-0.0218323,0.025978858,-1.34894e-15,2.77146e-16,1.15768e-15,1.7990753e-15,-0.0131788,0.0049569,-0.0218323,0.025978858
1048,1049,-0.0124519,-0.00913134,-0.0226659,0.027425794,-4.87043e-16,3.24835e-16,-5.45042e-16,7.998746e-16,-0.0124519,-0.00913134,-0.0226659,0.027425794
1049,1050,-0.0130379,-0.00827984,-0.0234095,0.028045451,-9.73525e-16,-8.43543e-16,-6.11408e-16,1.4258807e-15,-0.0130379,-0.00827984,-0.0234095,0.028045451
1050,1051,-0.013784,-0.00791193,-0.0244955,0.029199773,-1.31117e-15,-2.09942e-16,-3.88595e-15,4.106562e-15,-0.013784,-0.00791193,-0.0244955,0.029199773
1051,1052,-0.0137263,-0.00653941,-0.0235498,0.028031558,-1.0898e-15,-3.99222e-16,-4.99651e-16,1.2636033e-15,-0.0137263,-0.00653941,-0.0235498,0.028031558
1052,1053,-0.0148139,-0.005041,-0.0245469,0.02911037,-1.6436e-15,-5.63145e-16,-1.68201e-15,2.418204e-15,-0.0148139,-0.005041,-0.0245469,0.02911037
1053,1054,-0.0146938,-0.00644134,-0.0248069,0.029542865,-1.6961e-15,6.19995e-16,-2.41834e-15,3.0181978e-15,-0.0146938,-0.00644134,-0.0248069,0.029542865
1054,1055,-0.0147137,-0.00481736,-0.0249202,0.029337967,-2.78579e-15,5.40066e-16,-2.09207e-15,3.5254862e-15,-0.0147137,-0.00481736,-0.0249202,0.029337967
1055,1056,-0.0149722,-0.00327383,-0.0240786,0.028542314,-1.5995e-16,-1.57952e-15,1.84494e-16,1.598282e-15,-0.0149722,-0.00327383,-0.0240786,0.028542314
1056,1057,-0.0150047,-0.00497081,-0.0253974,0.02991451,-4.67614e-16,-1.11732e-15,-3.78449e-15,3.9735916e-15,-0.0150047,-0.00497081,-0.0253974,0.02991451
1057,1058,-0.0152341,-0.00348867,-0.0249205,0.029415643,-7.63105e-16,-2.12745e-15,-1.20736e-15,2.5624386e-15,-0.0152341,-0.00348867,-0.0249205,0.029415643
1058,1059,-0.0145401,-0.00123704,-0.0233669,0.02754917,-4.75589e-16,-1.54511e-15,2.16573e-16,1.6310896e-15,-0.0145401,-0.00123704,-0.0233669,0.02754917
1059,1060,-0.0148672,-0.00139777,-0.0244047,0.02861078,-1.71365e-15,-1.95276e-15,-1.84396e-15,3.1859154e-15,-0.0148672,-0.00139777,-0.0244047,0.02861078
1060,1061,-0.0146579,0.000800105,-0.023293,0.027532853,-1.75868e-15,-1.15491e-15,2.13149e-16,2.1147588e-15,-0.0146579,0.000800105,-0.023293,0.027532853
1061,1062,-0.0146326,0.000639716,-0.0241702,0.028261648,-1.68916e-15,-1.55016e-15,1.29141e-15,2.631349e-15,-0.0146326,0.000639716,-0.0241702,0.028261648
1062,1063,-0.0142176,0.00275321,-0.0234991,0.027603043,-8.18052e-16,6.44738e-16,-1.16818e-15,1.5651009e-15,-0.0142176,0.00275321,-0.0234991,0.027603043
1063,1064,-0.0144995,0.00283727,-0.0246745,0.028759634,-1.26437e-16,-7.5701e-16,-3.67126e-15,3.7506267e-15,-0.0144995,0.00283727,-0.0246745,0.028759634
1064,1065,-0.0129433,0.00462397,-0.0222749,0.026174057,8.30715e-16,-1.93927e-16,-8.93342e-17,8.577154e-16,-0.0129433,0.00462397,-0.0222749,0.026174057
1065,1066,-0.0134372,0.00504276,-0.0235756,0.027600665,-2.55829e-16,1.6605e-15,-3.66545e-15,4.03215e-15,-0.0134372,0.00504276,-0.0235756,0.027600665
1066,1067,-0.0134288,-0.00902173,-0.0240724,0.029003529,-1.30571e-15,-1.11797e-17,-1.52041e-15,2.0041583e-15,-0.0134288,-0.00902173,-0.0240724,0.029003529
1067,1068,-0.012847,-0.0092653,-0.0235447,0.028376823,-2.37156e-16,7.38509e-16,-2.07407e-15,2.2143633e-15,-0.012847,-0.0092653,-0.0235447,0.028376823
1068,1069,-0.0131807,-0.00839718,-0.0230735,0.02786808,1.28315e-18,1.64214e-16,-4.98205e-15,4.984756e-15,-0.0131807,-0.00839718,-0.0230735,0.02786808
1069,1070,-0.0132834,-0.00740628,-0.0230405,0.02760736,-2.63895e-16,-2.17467e-16,-1.51874e-16,3.741633e-16,-0.0132834,-0.00740628,-0.0230405,0.02760736
1070,1071,-0.0132619,-0.00812949,-0.0240276,0.02862328,-3.24626e-17,-1.15298e-15,-6.16812e-15,6.27504e-15,-0.0132619,-0.00812949,-0.0240276,0.02862328
1071,1072,-0.0141525,-0.00719419,-0.0246202,0.029295117,-1.1215e-15,1.73048e-16,-1.73936e-15,2.0767958e-15,-0.0141525,-0.00719419,-0.0246202,0.029295117
1072,1073,-0.0146158,-0.00560252,-0.0247161,0.02925569,-7.11632e-16,-1.34741e-15,-1.31143e-15,2.0104185e-15,-0.0146158,-0.00560252,-0.0247161,0.02925569
1073,1074,-0.0150601,-0.00377001,-0.0251501,0.029555831,-1.04201e-15,-1.63435e-15,-7.51376e-16,2.0788099e-15,-0.0150601,-0.00377001,-0.0251501,0.029555831
1074,1075,-0.0139237,-0.00548753,-0.0245334,0.028737955,-9.14035e-16,-1.82395e-15,-1.57822e-15,2.5793472e-15,-0.0139237,-0.00548753,-0.0245334,0.028737955
1075,1076,-0.0143713,-0.00396123,-0.0251963,0.029275915,-1.50989e-15,-1.21154e-15,-2.40418e-15,3.0866937e-15,-0.0143713,-0.00396123,-0.0251963,0.029275915
1076,1077,-0.0145691,-0.00155488,-0.0248342,0.028834248,-2.26664e-15,-1.69613e-16,3.75771e-16,2.3038292e-15,-0.0145691,-0.00155488,-0.0248342,0.028834248
1077,1078,-0.0142955,-0.00193125,-0.0246791,0.028585818,-1.28555e-15,-1.04905e-15,-1.80168e-15,2.4493254e-15,-0.0142955,-0.00193125,-0.0246791,0.028585818
1078,1079,-0.0142155,0.000477768,-0.0248849,0.028662989,-4.39877e-17,1.10914e-15,-8.07335e-16,1.3725583e-15,-0.0142155,0.000477768,-0.0248849,0.028662989
1079,1080,-0.0150277,0.000423154,-0.0259026,0.029949214,-9.28683e-16,-1.30489e-15,-2.24011e-15,2.7537761e-15,-0.0150277,0.000423154,-0.0259026,0.029949214
1080,1081,-0.0140752,-0.0020683,-0.024947,0.02871832,-9.26053e-16,8.25403e-16,-1.08871e-15,1.6505011e-15,-0.0140752,-0.0020683,-0.024947,0.02871832
1081,1082,-0.0145285,0.00033112,-0.0264871,0.03021181,-5.5692e-16,-9.50313e-17,-2.99564e-16,6.394759e-16,-0.0145285,0.00033112,-0.0264871,0.03021181
1082,1083,-0.0140372,0.00279566,-0.0254363,0.02918671,-5.80529e-16,1.71385e-15,-7.01935e-15,7.248833e-15,-0.0140372,0.00279566,-0.0254363,0.02918671
1083,1084,-0.0146245,0.00271777,-0.026111,0.030050734,-1.37085e-15,2.21845e-15,-3.27798e-15,4.188783e-15,-0.0146245,0.00271777,-0.026111,0.030050734
1084,1085,-0.0142047,0.00268205,-0.026191,0.02991547,-2.41183e-15,2.15353e-15,-2.75912e-15,4.250572e-15,-0.0142047,0.00268205,-0.026191,0.02991547
1085,1086,-0.0131564,0.00505831,-0.0246207,0.02836999,-1.70158e-15,4.49711e-16,-2.04878e-15,2.7009469e-15,-0.0131564,0.00505831,-0.0246207,0.02836999
1086,1087,-0.0132099,0.0049972,-0.0255277,0.029174251,-1.43327e-15,1.73087e-15,-2.32577e-15,3.2340963e-15,-0.0132099,0.0049972,-0.0255277,0.029174251
1087,1088,-0.013764,0.00506801,-0.0266535,0.030422714,-1.38172e-15,1.28815e-15,-4.47189e-15,4.8545114e-15,-0.013764,0.00506801,-0.0266535,0.030422714
1088,1089,-0.0121478,-0.00937999,-0.0248764,0.029229926,-1.87839e-15,-1.82224e-15,-7.35337e-16,2.718387e-15,-0.0121478,-0.00937999,-0.0248764,0.029229926
1089,1090,-0.0129966,-0.0085003,-0.0244416,0.028957875,-8.46359e-16,-7.19562e-16,-4.58025e-16,1.2016156e-15,-0.0129966,-0.0085003,-0.0244416,0.028957875
1090,1091,-0.0139039,-0.00734893,-0.0254628,0.029927904,-9.51171e-16,-1.97361e-16,-2.20022e-15,2.405129e-15,-0.0139039,-0.00734893,-0.0254628,0.029927904
1091,1092,-0.012661,-0.00804283,-0.0245687,0.02878557,-4.99685e-16,-1.12354e-15,-2.14366e-15,2.4712963e-15,-0.012661,-0.00804283,-0.0245687,0.02878557
1092,1093,-0.0137012,-0.00706123,-0.0254037,0.029714169,-6.36981e-16,-9.08672e-16,2.65732e-15,2.8797187e-15,-0.0137012,-0.00706123,-0.0254037,0.029714169
1093,1094,-0.0135712,-0.0057361,-0.0249111,0.028942067,-1.55389e-15,-5.38815e-16,-1.60574e-16,1.6524768e-15,-0.0135712,-0.0057361,-0.0249111,0.028942067
1094,1095,-0.0146004,-0.00407407,-0.0263151,0.03036864,-2.78412e-15,-2.72579e-15,-1.71211e-15,4.255887e-15,-0.0146004,-0.00407407,-0.0263151,0.03036864
1095,1096,-0.0139718,-0.00439772,-0.0269345,0.03065972,-3.28262e-15,-7.08453e-16,-1.406e-17,3.3582283e-15,-0.0139718,-0.00439772,-0.0269345,0.03065972
1096,1097,-0.0131369,-0.00594858,-0.0253653,0.029178113,-1.45916e-15,7.90344e-16,-8.93949e-16,1.8849236e-15,-0.0131369,-0.00594858,-0.0253653,0.029178113
1097,1098,-0.0131325,-0.00230428,-0.0253115,0.028608466,-1.0791e-15,-3.10525e-16,5.96854e-16,1.2716592e-15,-0.0131325,-0.00230428,-0.0253115,0.028608466
1098,1099,-0.0132584,1.19488e-05,-0.0254313,0.028679894,-2.2264e-16,-1.21551e-15,-2.36662e-16,1.2581899e-15,-0.0132584,1.19488e-05,-0.0254313,0.028679894
1099,1100,-0.0133472,0.00266595,-0.0260864,0.02942372,-1.36318e-15,4.09333e-17,-1.83683e-15,2.2877674e-15,-0.0133472,0.00266595,-0.0260864,0.02942372
1100,1101,-0.0129923,0.00550303,-0.0274007,0.030820148,-1.3583e-15,2.54981e-16,-1.07666e-15,1.7519107e-15,-0.0129923,0.00550303,-0.0274007,0.030820148
1101,1102,-0.00594963,0.0134109,0.0153961,0.021267116,-7.30371e-18,-5.00941e-16,1.60241e-15,1.6789024e-15,-0.00594963,0.0134109,0.0153961,0.021267116
1102,1103,-0.00295117,0.0145048,0.0182143,0.023470394,-2.41621e-16,1.25162e-15,-1.04379e-15,1.6475531e-15,-0.00295117,0.0145048,0.0182143,0.023470394
1103,1104,-0.00312879,0.0146016,0.0179264,0.02333135,-2.15426e-15,6.23554e-16,-2.16597e-15,3.117865e-15,-0.00312879,0.0146016,0.0179264,0.02333135
1104,1105,-0.00494207,0.0144417,0.017828,0.023469647,6.58894e-17,9.00911e-16,-4.29728e-15,4.3911954e-15,-0.00494207,0.0144417,0.017828,0.023469647
1105,1106,-0.0103112,0.0105186,0.0088175,0.017167123,-1.26269e-15,6.37052e-16,3.0354e-15,3.3487124e-15,-0.0103112,0.0105186,0.0088175,0.017167123
1106,1107,-0.010458,0.0100106,0.00637928,0.015820147,6.90855e-16,-2.05191e-15,-4.53865e-16,2.2121502e-15,-0.010458,0.0100106,0.00637928,0.015820147
1107,1108,-0.0104982,0.00948332,0.00441406,0.014819901,3.91027e-16,1.93731e-15,7.72283e-16,2.121908e-15,-0.0104982,0.00948332,0.00441406,0.014819901
1108,1109,-0.00821914,0.0120234,0.012836,0.01941338,-5.38643e-16,-2.07026e-16,2.39687e-15,2.4653563e-15,-0.00821914,0.0120234,0.012836,0.01941338
1109,1110,-0.00957471,0.0115179,0.0129048,0.019770456,2.89221e-16,6.42629e-16,5.32155e-15,5.3680086e-15,-0.00957471,0.0115179,0.0129048,0.019770456
1110,1111,-0.00871053,0.0116591,0.0122998,0.019055,-1.09775e-15,2.09333e-16,-3.59087e-16,1.1738052e-15,-0.00871053,0.0116591,0.0122998,0.019055
1111,1112,-0.00931182,0.0117609,0.0113769,0.018827178,-6.70229e-16,-1.47253e-15,-7.02592e-16,1.7638558e-15,-0.00931182,0.0117609,0.0113769,0.018827178
1112,1113,-0.00948106,0.0113904,0.0098247,0.017780788,-2.26409e-15,1.21762e-15,1.28786e-15,2.875289e-15,-0.00948106,0.0113904,0.0098247,0.017780788
1113,1114,-0.00975738,0.0111542,0.0077072,0.016704,-2.29322e-16,-2.00322e-15,1.11857e-15,2.3057922e-15,-0.00975738,0.0111542,0.0077072,0.016704
1114,1115,-0.00879026,0.0119762,0.00866493,0.01719823,-9.63135e-16,7.48282e-17,5.69252e-16,1.1212833e-15,-0.00879026,0.0119762,0.00866493,0.01719823
1115,1116,-0.0101222,0.0107664,0.00566414,0.015825827,9.01032e-16,2.82274e-15,-1.34488e-15,3.2539855e-15,-0.0101222,0.0107664,0.00566414,0.015825827
1116,1117,-0.00929627,0.0119608,0.00689972,0.016645946,1.3321e-15,1.74605e-16,1.12113e-15,1.7498314e-15,-0.00929627,0.0119608,0.00689972,0.016645946
1117,1118,-0.00635163,0.0131955,0.0144746,0.020590737,-5.35687e-16,1.95244e-15,-1.84399e-15,2.7384817e-15,-0.00635163,0.0131955,0.0144746,0.020590737
1118,1119,-0.00681324,0.0130604,0.014622,0.020755654,6.48158e-17,-6.97766e-16,-3.77394e-16,7.9593007e-16,-0.00681324,0.0130604,0.014622,0.020755654
1119,1120,-0.00764523,0.012616,0.0135432,0.020025766,-3.2102e-16,1.48301e-15,1.71804e-15,2.292168e-15,-0.00764523,0.012616,0.0135432,0.020025766
1120,1121,-0.00820913,0.0123654,0.0115675,0.018817544,-1.11174e-15,-4.18061e-16,1.04765e-15,1.5837648e-15,-0.00820913,0.0123654,0.0115675,0.018817544
1121,1122,-0.00841085,0.0117569,0.0099579,0.017553542,-2.0927e-15,1.55238e-15,6.32258e-16,2.6812362e-15,-0.00841085,0.0117569,0.0099579,0.017553542
1122,1123,-0.00655318,0.0135506,0.0154332,0.021557981,-4.8684e-16,1.21954e-15,-8.71529e-16,1.5760247e-15,-0.00655318,0.0135506,0.0154332,0.021557981
1123,1124,-0.00684107,0.0135759,0.0144107,0.020946924,4.58785e-17,6.69954e-16,1.89831e-15,2.013585e-15,-0.00684107,0.0135759,0.0144107,0.020946924
1124,1125,-0.00682425,0.0128664,0.0123651,0.019105243,7.71377e-16,-1.22631e-15,7.14154e-15,7.287006e-15,-0.00682425,0.0128664,0.0123651,0.019105243
1125,1126,-0.00718656,0.0124133,0.0106106,0.017841566,-1.35844e-15,1.86395e-15,1.19776e-16,2.3095488e-15,-0.00718656,0.0124133,0.0106106,0.017841566
1126,1127,-0.00744995,0.0124395,0.00929646,0.017224027,-7.24006e-16,8.90412e-16,-1.25695e-15,1.7020405e-15,-0.00744995,0.0124395,0.00929646,0.017224027
1127,1128,-0.00793853,0.0122613,0.00772982,0.016526036,1.22407e-15,-8.56874e-18,6.43254e-17,1.2257889e-15,-0.00793853,0.0122613,0.00772982,0.016526036
1128,1129,-0.00493007,0.0139652,0.0174366,0.022877226,7.51207e-16,1.47655e-15,1.13847e-15,2.0101307e-15,-0.00493007,0.0139652,0.0174366,0.022877226
1129,1130,-0.00532868,0.0140407,0.0172101,0.022841271,3.89299e-16,-1.14953e-15,1.84562e-15,2.2089107e-15,-0.00532868,0.0140407,0.0172101,0.022841271
1130,1131,-0.00553596,0.0143303,0.0170221,0.022929374,4.48945e-16,-3.0024e-16,5.60024e-17,5.429843e-16,-0.00553596,0.0143303,0.0170221,0.022929374
1131,1132,-0.00733145,0.013362,0.0148329,0.021267537,1.70714e-16,4.60566e-16,-4.70985e-16,6.80508e-16,-0.00733145,0.013362,0.0148329,0.021267537
1132,1133,-0.00543437,0.0137773,0.0152133,0.021231836,-1.75672e-15,1.57848e-15,-2.13209e-15,3.1817404e-15,-0.00543437,0.0137773,0.0152133,0.021231836
1133,1134,-0.00544813,0.0135684,0.0141823,0.020369615,-4.94599e-16,-1.87154e-17,5.60724e-15,5.6290426e-15,-0.00544813,0.0135684,0.0141823,0.020369615
1134,1135,-0.00597834,0.0139635,0.0131463,0.020088432,-8.10794e-16,-1.25243e-15,2.83269e-15,3.2015777e-15,-0.00597834,0.0139635,0.0131463,0.020088432
1135,1136,-0.00650657,0.0134194,0.0109158,0.018481625,7.11308e-16,3.12496e-16,-7.85491e-16,1.1048116e-15,-0.00650657,0.0134194,0.0109158,0.018481625
1136,1137,-0.00710047,0.0131951,0.00923085,0.017599316,7.75789e-16,2.56829e-16,1.64396e-15,1.8358687e-15,-0.00710047,0.0131951,0.00923085,0.017599316
1137,1138,-0.00530466,0.0143009,0.0131259,0.02012323,-9.56088e-16,2.43896e-16,-2.50276e-15,2.690241e-15,-0.00530466,0.0143009,0.0131259,0.02012323
1138,1139,-0.00546506,0.0137842,0.0117144,0.018897042,1.72094e-18,8.04027e-16,-1.19415e-15,1.439603e-15,-0.00546506,0.0137842,0.0117144,0.018897042
1139,1140,-0.00586756,0.0135892,0.0103609,0.01806773,-5.7956e-16,1.58812e-15,-8.87717e-16,1.909465e-15,-0.00586756,0.0135892,0.0103609,0.01806773
1140,1141,-0.00331068,0.0143659,0.0175516,0.022921568,8.66223e-16,2.56018e-15,2.83023e-15,3.9134464e-15,-0.00331068,0.0143659,0.0175516,0.022921568
1141,1142,-0.00324944,0.0146302,0.016971,0.022641035,-7.61746e-16,1.4719e-17,-2.62468e-16,8.0583067e-16,-0.00324944,0.0146302,0.016971,0.022641035
1142,1143,-0.0035325,0.0140989,0.0161378,0.021718336,9.04359e-16,-6.06115e-16,-1.19008e-15,1.6129263e-15,-0.0035325,0.0140989,0.0161378,0.021718336
1143,1144,-0.00361641,0.0146611,0.0167646,0.022562759,-6.63976e-16,-4.86727e-16,-5.78619e-15,5.8444642e-15,-0.00361641,0.0146611,0.0167646,0.022562759
1144,1145,-0.00521892,0.0140407,0.0160074,0.021922937,-2.1186e-16,1.60527e-15,-3.48295e-15,3.8409264e-15,-0.00521892,0.0140407,0.0160074,0.021922937
1145,1146,-0.00371099,0.0148107,0.0164637,0.022453992,4.101e-16,-1.1308e-15,1.26284e-16,1.2094785e-15,-0.00371099,0.0148107,0.0164637,0.022453992
1146,1147,-0.00391995,0.0142423,0.0156221,0.021500211,-9.50237e-16,1.54739e-15,-3.03834e-17,1.8161193e-15,-0.00391995,0.0142423,0.0156221,0.021500211
1147,1148,-0.00407876,0.0145962,0.0151459,0.021426236,-1.68296e-15,4.95149e-16,-2.39985e-15,2.9726767e-15,-0.00407876,0.0145962,0.0151459,0.021426236
1148,1149,-0.00408017,0.0139944,0.0125137,0.019211551,-1.70563e-16,1.85213e-15,-2.9974e-15,3.5275888e-15,-0.00408017,0.0139944,0.0125137,0.019211551
1149,1150,-0.00427352,0.0137727,0.0110848,0.01818854,-1.4867e-15,-2.74863e-16,4.39156e-16,1.574384e-15,-0.00427352,0.0137727,0.0110848,0.01818854
1150,1151,-0.0110395,0.00938431,0.00218742,0.014653349,1.45649e-15,1.18697e-15,-1.91516e-15,2.6829273e-15,-0.0110395,0.00938431,0.00218742,0.014653349
1151,1152,-0.0112594,0.00891017,-0.000673344,0.014374235,2.09637e-16,1.13053e-15,-2.25702e-15,2.533019e-15,-0.0112594,0.00891017,-0.000673344,0.014374235
1152,1153,-0.0112226,0.00858729,-0.00297268,0.014440399,7.28665e-16,6.66354e-16,9.69621e-17,9.921603e-16,-0.0112226,0.00858729,-0.00297268,0.014440399
1153,1154,-0.011467,0.00801609,-0.00553993,0.015047943,4.67745e-16,-9.87147e-16,-5.00854e-16,1.2017068e-15,-0.011467,0.00801609,-0.00553993,0.015047943
1154,1155,-0.0119276,0.00769007,-0.0086078,0.016598163,-9.98452e-16,-5.07432e-16,-1.3824e-15,1.7791637e-15,-0.0119276,0.00769007,-0.0086078,0.016598163
1155,1156,-0.0122177,0.00710342,-0.0117194,0.018359605,-8.42001e-16,6.65548e-16,-4.95019e-16,1.1819322e-15,-0.0122177,0.00710342,-0.0117194,0.018359605
1156,1157,-0.0127131,0.00680518,-0.0152218,0.020967513,-7.85661e-16,-1.41897e-16,7.28053e-16,1.0804903e-15,-0.0127131,0.00680518,-0.0152218,0.020967513
1157,1158,-0.0102297,0.0105212,0.0039687,0.015201744,4.71214e-16,2.55871e-15,-5.2437e-16,2.654054e-15,-0.0102297,0.0105212,0.0039687,0.015201744
1158,1159,-0.0105532,0.0101255,0.0013136,0.01468405,5.56414e-16,2.94364e-16,7.93347e-16,1.0127419e-15,-0.0105532,0.0101255,0.0013136,0.01468405
1159,1160,-0.0108347,0.00981465,-0.000979584,0.014651882,1.08726e-15,1.24998e-15,-1.20795e-15,2.0502994e-15,-0.0108347,0.00981465,-0.000979584,0.014651882
1160,1161,-0.0111423,0.00892763,-0.00637058,0.015634503,-1.25324e-15,-1.31412e-15,5.81243e-16,1.9066633e-15,-0.0111423,0.00892763,-0.00637058,0.015634503
1161,1162,-0.0119949,0.00814972,-0.0131796,0.019595852,7.4183e-16,3.37153e-16,6.20249e-16,1.024057e-15,-0.0119949,0.00814972,-0.0131796,0.019595852
1162,1163,-0.0126769,0.0076696,-0.0163278,0.02204821,6.06405e-16,2.1796e-15,-3.4192e-16,2.2880761e-15,-0.0126769,0.0076696,-0.0163278,0.02204821
1163,1164,-0.00924241,0.0111556,0.00480694,0.015263558,-1.75623e-16,1.31592e-15,9.23594e-16,1.6172554e-15,-0.00924241,0.0111556,0.00480694,0.015263558
1164,1165,-0.00953412,0.0107621,0.0029299,0.014673328,1.00068e-15,-2.69003e-16,8.80859e-16,1.360013e-15,-0.00953412,0.0107621,0.0029299,0.014673328
1165,1166,-0.0101751,0.0109892,0.00024643,0.014978515,1.47042e-15,8.13172e-16,-4.06512e-15,4.3987022e-15,-0.0101751,0.0109892,0.00024643,0.014978515
1166,1167,-0.0113669,0.00947845,-0.00374752,0.015267328,-7.88031e-16,1.08717e-16,-1.5512e-15,1.7432824e-15,-0.0113669,0.00947845,-0.00374752,0.015267328
1167,1168,-0.010315,0.0101534,-0.00266633,0.014717339,-1.67414e-15,-7.62561e-17,-4.57923e-16,1.7373121e-15,-0.010315,0.0101534,-0.00266633,0.014717339
1168,1169,-0.0105252,0.0101738,-0.00516773,0.0155239,-2.26031e-15,-5.84128e-17,-2.53021e-16,2.2751775e-15,-0.0105252,0.0101738,-0.00516773,0.0155239
1169,1170,-0.0105074,0.00931946,-0.00844997,0.016390845,-2.24309e-17,4.43307e-17,1.88188e-15,1.8825356e-15,-0.0105074,0.00931946,-0.00844997,0.016390845
1170,1171,-0.0114223,0.0082099,-0.00983192,0.01716211,5.70852e-18,-4.12828e-16,-2.94511e-16,5.0714525e-16,-0.0114223,0.0082099,-0.00983192,0.01716211
1171,1172,-0.0108193,0.00914039,-0.0114448,0.018209541,6.7891e-16,-1.36159e-15,2.11113e-16,1.5360387e-15,-0.0108193,0.00914039,-0.0114448,0.018209541
1172,1173,-0.0115924,0.00888738,-0.0144946,0.02057821,-1.18249e-16,-1.25231e-15,-4.65377e-16,1.341208e-15,-0.0115924,0.00888738,-0.0144946,0.02057821
1173,1174,-0.00840654,0.0120194,0.00584069,0.015787639,-4.51623e-16,9.07125e-16,4.07223e-16,1.0920941e-15,-0.00840654,0.0120194,0.00584069,0.015787639
1174,1175,-0.00874673,0.0116141,0.00331729,0.0149129825,8.5614e-17,-1.98536e-16,-1.20529e-15,1.2245286e-15,-0.00874673,0.0116141,0.00331729,0.0149129825
1175,1176,-0.00876591,0.0112512,0.00136901,0.014328464,3.1491e-16,-1.01442e-16,-6.11781e-16,6.955104e-16,-0.00876591,0.0112512,0.00136901,0.014328464
1176,1177,-0.00935811,0.0110205,-0.00131999,0.014517852,-1.88368e-15,-1.26882e-15,-4.98361e-17,2.2717038e-15,-0.00935811,0.0110205,-0.00131999,0.014517852
1177,1178,-0.00964243,0.0109018,-0.0044585,0.015221824,-1.009e-15,-3.90122e-16,1.02787e-15,1.4922443e-15,-0.00964243,0.0109018,-0.0044585,0.015221824
1178,1179,-0.00951284,0.0102649,-0.00708919,0.015688177,6.97554e-16,8.18495e-16,-8.63174e-16,1.3789797e-15,-0.00951284,0.0102649,-0.00708919,0.015688177
1179,1180,-0.00987506,0.00995265,-0.0103608,0.01743325,-3.66562e-16,-1.62363e-15,7.49091e-16,1.8252889e-15,-0.00987506,0.00995265,-0.0103608,0.01743325
1180,1181,-0.00760028,0.0132806,0.00731508,0.016960219,5.78733e-16,4.30956e-16,2.92777e-15,3.0153759e-15,-0.00760028,0.0132806,0.00731508,0.016960219
1181,1182,-0.00775068,0.0125495,0.00480974,0.0155144,-1.01424e-15,-1.05018e-16,-2.77515e-16,1.0567526e-15,-0.00775068,0.0125495,0.00480974,0.0155144
1182,1183,-0.00797687,0.0120535,0.0024229,0.0146556385,1.0182e-16,4.51094e-17,-1.0254e-15,1.0314297e-15,-0.00797687,0.0120535,0.0024229,0.0146556385
1183,1184,-0.00851063,0.0120279,-4.39991e-05,0.01473442,-1.93291e-16,1.08051e-15,-1.58923e-15,1.931454e-15,-0.00851063,0.0120279,-4.39991e-05,0.01473442
1184,1185,-0.00861094,0.0114851,-0.00311077,0.014687842,-3.888e-16,1.0552e-15,-3.67978e-18,1.1245559e-15,-0.00861094,0.0114851,-0.00311077,0.014687842
1185,1186,-0.00904229,0.0116208,-0.00576727,0.01581352,-4.7982e-16,1.39063e-15,-5.91346e-16,1.5854871e-15,-0.00904229,0.0116208,-0.00576727,0.01581352
1186,1187,-0.00921253,0.0109648,-0.00905457,0.016943518,-1.69955e-15,-1.69842e-16,2.61443e-16,1.7279089e-15,-0.00921253,0.0109648,-0.00905457,0.016943518
1187,1188,-0.0108928,0.0099693,-0.0139018,0.020280534,-4.8311e-16,1.67339e-16,-2.53209e-15,2.5831913e-15,-0.0108928,0.0099693,-0.0139018,0.020280534
1188,1189,-0.00998916,0.0110521,-0.0125956,0.019508494,-7.99732e-16,1.81044e-15,2.01732e-15,2.8261004e-15,-0.00998916,0.0110521,-0.0125956,0.019508494
1189,1190,-0.00656585,0.013058,0.0067843,0.016113611,-4.58939e-16,6.02877e-16,4.24772e-15,4.3147664e-15,-0.00656585,0.013058,0.0067843,0.016113611
1190,1191,-0.00724165,0.0132405,0.00377674,0.015556866,3.67398e-17,2.77644e-16,1.55013e-15,1.5752266e-15,-0.00724165,0.0132405,0.00377674,0.015556866
1191,1192,-0.00752786,0.0127605,0.000494375,0.014823746,-9.91753e-16,1.09216e-15,-2.76312e-16,1.5009117e-15,-0.00752786,0.0127605,0.000494375,0.014823746
1192,1193,-0.00759485,0.0122796,-0.00213707,0.0145958,5.40777e-16,-5.27705e-16,-1.28443e-15,1.4901922e-15,-0.00759485,0.0122796,-0.00213707,0.0145958
1193,1194,-0.00815989,0.0123387,-0.00541022,0.01575112,-3.88947e-16,2.90583e-16,3.44891e-15,3.4829152e-15,-0.00815989,0.0123387,-0.00541022,0.01575112
1194,1195,-0.00829291,0.0115881,-0.00793869,0.016311934,-4.74811e-16,-1.82431e-16,3.01187e-15,3.0545192e-15,-0.00829291,0.0115881,-0.00793869,0.016311934
1195,1196,-0.0061478,0.0137253,0.00877886,0.01741401,1.28454e-18,1.79092e-15,2.65149e-15,3.1996555e-15,-0.0061478,0.0137253,0.00877886,0.01741401
1196,1197,-0.00556295,0.013953,0.00766977,0.016865883,7.73099e-16,-6.5579e-17,4.98797e-16,9.223779e-16,-0.00556295,0.013953,0.00766977,0.016865883
1197,1198,-0.00614092,0.0139757,0.00517609,0.016119026,2.22049e-18,-7.61112e-16,2.24008e-15,2.3658517e-15,-0.00614092,0.0139757,0.00517609,0.016119026
1198,1199,-0.00659614,0.0135856,0.00215769,0.0152555965,7.0683e-16,-1.08579e-16,7.33838e-16,1.0246543e-15,-0.00659614,0.0135856,0.00215769,0.0152555965
1199,1200,-0.00672044,0.0130286,-0.000734405,0.01467815,2.80273e-16,4.54007e-16,-8.41345e-16,9.962614e-16,-0.00672044,0.0130286,-0.000734405,0.01467815
1200,1201,-0.00710315,0.0129786,-0.00388029,0.015295602,2.79278e-16,1.26968e-15,-1.0587e-15,1.6765826e-15,-0.00710315,0.0129786,-0.00388029,0.015295602
1201,1202,-0.00877879,0.0115478,-0.0104817,0.017896503,-8.74705e-16,4.71991e-16,2.25953e-15,2.4684732e-15,-0.00877879,0.0115478,-0.0104817,0.017896503
1202,1203,-0.00741098,0.0124273,-0.00697317,0.016061928,-4.07912e-16,1.64751e-16,1.35387e-15,1.4235516e-15,-0.00741098,0.0124273,-0.00697317,0.016061928
1203,1204,-0.00412753,0.0146307,0.0093724,0.017858773,1.40411e-15,1.99177e-15,1.15958e-15,2.6987586e-15,-0.00412753,0.0146307,0.0093724,0.017858773
1204,1205,-0.00462306,0.0143236,0.00793547,0.01701499,-1.15337e-15,-1.30804e-15,3.88085e-15,4.2546715e-15,-0.00462306,0.0143236,0.00793547,0.01701499
1205,1206,-0.00483382,0.0139811,0.00621975,0.0160475,-1.10981e-16,-1.11064e-15,3.53272e-15,3.7048548e-15,-0.00483382,0.0139811,0.00621975,0.0160475
1206,1207,-0.00543016,0.0138055,0.00318149,0.015172355,1.78623e-16,-3.77461e-16,-2.72012e-15,2.7519878e-15,-0.00543016,0.0138055,0.00318149,0.015172355
1207,1208,-0.00556016,0.0136357,0.000876925,0.014751837,-3.62831e-17,1.6611e-15,-7.27148e-16,1.8136466e-15,-0.00556016,0.0136357,0.000876925,0.014751837
1208,1209,-0.00584315,0.0131247,-0.00209516,0.014518604,-5.17008e-16,-7.46291e-16,-7.16047e-16,1.1562745e-15,-0.00584315,0.0131247,-0.00209516,0.014518604
1209,1210,-0.00623087,0.0127089,-0.00512541,0.015053561,4.54663e-16,1.17436e-15,-9.62263e-16,1.5848627e-15,-0.00623087,0.0127089,-0.00512541,0.015053561
1210,1211,-0.00784609,0.0122224,-0.00984553,0.017546585,5.54934e-16,5.25247e-16,1.31243e-15,1.5186535e-15,-0.00784609,0.0122224,-0.00984553,0.017546585
1211,1212,-0.00701341,0.0131187,-0.00878507,0.017276159,3.34614e-16,1.09802e-15,-1.36043e-15,1.7799955e-15,-0.00701341,0.0131187,-0.00878507,0.017276159
1212,1213,-0.0128428,0.00715767,-0.0182338,0.02342309,3.5568e-16,-4.08752e-16,-2.07887e-15,2.148322e-15,-0.0128428,0.00715767,-0.0182338,0.02342309
1213,1214,-0.0124785,0.00729262,-0.0191467,0.0239894,1.84207e-16,7.07334e-16,-8.87864e-16,1.1500244e-15,-0.0124785,0.00729262,-0.0191467,0.0239894
1214,1215,-0.0119944,0.00833425,-0.016736,0.022213038,8.95677e-17,-3.70769e-16,-4.32714e-15,4.3439187e-15,-0.0119944,0.00833425,-0.016736,0.022213038
1215,1216,-0.0123718,0.00676843,-0.0204273,0.02482232,-5.09379e-16,-4.86869e-16,-2.78759e-15,2.8752682e-15,-0.0123718,0.00676843,-0.0204273,0.02482232
1216,1217,-0.0122991,0.00662131,-0.0217106,0.025815882,-1.09002e-15,-1.83149e-15,-3.47328e-15,4.075067e-15,-0.0122991,0.00662131,-0.0217106,0.025815882
1217,1218,-0.0128466,0.00743358,-0.0235186,0.02781039,-6.75307e-16,2.41499e-15,-3.70801e-15,4.476333e-15,-0.0128466,0.00743358,-0.0235186,0.02781039
1218,1219,-0.0112603,0.00895256,-0.0176715,0.0227865,-8.63733e-16,1.10185e-15,-1.62676e-15,2.1462657e-15,-0.0112603,0.00895256,-0.0176715,0.0227865
1219,1220,-0.0120192,0.00881085,-0.0201315,0.025047347,2.90716e-16,-2.64647e-16,-7.60868e-16,8.5643094e-16,-0.0120192,0.00881085,-0.0201315,0.025047347
1220,1221,-0.0119727,0.00826781,-0.0212824,0.025780665,-6.41186e-16,-1.15604e-15,-3.11917e-15,3.3877381e-15,-0.0119727,0.00826781,-0.0212824,0.025780665
1221,1222,-0.0125951,0.00752848,-0.0245814,0.028627956,-1.49485e-15,4.30798e-16,-9.53335e-16,1.8245579e-15,-0.0125951,0.00752848,-0.0245814,0.028627956
1222,1223,-0.0118646,0.00717907,-0.0250553,0.028636966,-1.17999e-15,-4.84036e-16,-2.6822e-15,2.9699938e-15,-0.0118646,0.00717907,-0.0250553,0.028636966
1223,1224,-0.010028,0.0101265,-0.0157988,0.021276956,-1.08869e-15,-1.84386e-16,1.86328e-15,2.1658846e-15,-0.010028,0.0101265,-0.0157988,0.021276956
1224,1225,-0.0109137,0.00993569,-0.0184792,0.023649685,-2.91129e-16,4.81085e-16,-2.04726e-15,2.1230809e-15,-0.0109137,0.00993569,-0.0184792,0.023649685
1225,1226,-0.0113447,0.00910692,-0.0207356,0.025329888,-1.81799e-16,1.72674e-15,-5.97149e-15,6.2187922e-15,-0.0113447,0.00910692,-0.0207356,0.025329888
1226,1227,-0.0108428,0.00959866,-0.0216295,0.026029518,-1.29645e-16,-8.35836e-16,-3.92265e-15,4.012806e-15,-0.0108428,0.00959866,-0.0216295,0.026029518
1227,1228,-0.00861374,0.0104611,-0.0130428,0.01880813,3.81616e-17,5.31647e-16,-3.77637e-16,6.532339e-16,-0.00861374,0.0104611,-0.0130428,0.01880813
1228,1229,-0.00944988,0.0105719,-0.0160163,0.021391287,1.87015e-15,1.4079e-15,-1.39281e-15,2.7238877e-15,-0.00944988,0.0105719,-0.0160163,0.021391287
1229,1230,-0.00998979,0.0100599,-0.0184164,0.023241369,7.06052e-16,1.32084e-15,-3.04317e-15,3.3917565e-15,-0.00998979,0.0100599,-0.0184164,0.023241369
1230,1231,-0.0124725,0.00764357,-0.0261203,0.02993756,-1.79094e-15,1.8288e-15,-6.54805e-16,2.64211e-15,-0.0124725,0.00764357,-0.0261203,0.02993756
1231,1232,-0.0121907,0.00786311,-0.0267154,0.030399906,-1.54402e-15,6.53716e-16,1.97654e-16,1.6883156e-15,-0.0121907,0.00786311,-0.0267154,0.030399906
1232,1233,-0.010637,0.00896702,-0.0237097,0.027490053,-2.10918e-16,-3.3896e-16,-4.35504e-15,4.3732997e-15,-0.010637,0.00896702,-0.0237097,0.027490053
1233,1234,-0.0116717,0.00969761,-0.0259706,0.030078966,-2.7955e-15,7.66343e-16,-1.60197e-15,3.311859e-15,-0.0116717,0.00969761,-0.0259706,0.030078966
1234,1235,-0.0117704,0.00948062,-0.0271032,0.031032369,-2.13082e-15,4.50488e-16,5.2205e-16,2.2396138e-15,-0.0117704,0.00948062,-0.0271032,0.031032369
1235,1236,-0.00780778,0.0113677,-0.0126536,0.018716294,-4.45734e-17,1.06187e-15,1.756e-15,2.0525815e-15,-0.00780778,0.0113677,-0.0126536,0.018716294
1236,1237,-0.00871201,0.0116139,-0.0161236,0.021696826,1.77996e-15,1.36262e-15,-1.74881e-15,2.8431192e-15,-0.00871201,0.0116139,-0.0161236,0.021696826
1237,1238,-0.00954504,0.0111071,-0.0198283,0.024650294,-1.07884e-15,2.98353e-16,-1.03969e-15,1.5276994e-15,-0.00954504,0.0111071,-0.0198283,0.024650294
1238,1239,-0.00933614,0.0103046,-0.0221085,0.026117695,-9.36158e-16,2.07916e-15,-4.14419e-15,4.7300747e-15,-0.00933614,0.0103046,-0.0221085,0.026117695
1239,1240,-0.00725583,0.0124711,-0.0122624,0.018935202,7.06663e-16,1.6072e-15,-1.21487e-16,1.7598931e-15,-0.00725583,0.0124711,-0.0122624,0.018935202
1240,1241,-0.00741438,0.0122706,-0.0153614,0.021012217,1.18852e-15,4.35174e-16,-2.20488e-16,1.2847455e-15,-0.00741438,0.0122706,-0.0153614,0.021012217
1241,1242,-0.00981151,-0.00866106,0.0171053,0.021537663,-1.10037e-16,-5.76555e-16,2.57428e-15,2.6403489e-15,-0.00981151,-0.00866106,0.0171053,0.021537663
1242,1243,-0.00943481,-0.00972095,0.0141021,0.019554583,-1.51705e-15,-2.60513e-15,1.21488e-15,3.2502424e-15,-0.00943481,-0.00972095,0.0141021,0.019554583
1243,1244,-0.0103589,-0.00908028,0.0140224,0.019656703,-1.64951e-15,-1.34019e-15,4.52584e-16,2.172976e-15,-0.0103589,-0.00908028,0.0140224,0.019656703
1244,1245,-0.0106186,-0.00810968,0.0214231,0.025248183,-2.17427e-17,3.71462e-16,7.24708e-16,8.1465236e-16,-0.0106186,-0.00810968,0.0214231,0.025248183
1245,1246,-0.00965274,-0.00897588,0.0241565,0.02751869,-2.26432e-16,2.16141e-15,2.52279e-15,3.32978e-15,-0.00965274,-0.00897588,0.0241565,0.02751869
1246,1247,-0.00971415,-0.00895486,0.0211846,0.024966808,-6.53218e-16,2.52388e-15,1.37133e-15,2.9457104e-15,-0.00971415,-0.00895486,0.0211846,0.024966808
1247,1248,-0.00997312,-0.00776829,0.024846,0.027877107,-6.52487e-16,1.34352e-15,1.81921e-15,2.3537862e-15,-0.00997312,-0.00776829,0.024846,0.027877107
1248,1249,-0.00853036,-0.0101871,0.0147847,0.019877912,-1.11696e-15,-2.61561e-15,3.41757e-15,4.446212e-15,-0.00853036,-0.0101871,0.0147847,0.019877912
1249,1250,-0.00720391,-0.0107205,0.0180451,0.022191238,-7.04065e-16,-8.43616e-16,-2.10592e-15,2.3753514e-15,-0.00720391,-0.0107205,0.0180451,0.022191238
1250,1251,-0.00780381,-0.0108545,0.0154073,0.02039864,-2.52845e-15,-1.91461e-15,1.8503e-15,3.671839e-15,-0.00780381,-0.0108545,0.0154073,0.02039864
1251,1252,-0.008217,-0.0102437,0.0179675,0.022254966,-3.29593e-16,-8.07092e-16,9.80357e-16,1.311918e-15,-0.008217,-0.0102437,0.0179675,0.022254966
1252,1253,-0.00925759,-0.0102522,0.022303,0.026234223,-2.30775e-15,-5.28413e-16,4.12868e-15,4.759299e-15,-0.00925759,-0.0102522,0.022303,0.026234223
1253,1254,-0.00768338,-0.0108904,0.0250853,0.028406115,-2.8887e-15,1.98663e-15,1.11405e-15,3.67864e-15,-0.00768338,-0.0108904,0.0250853,0.028406115
1254,1255,-0.00804023,-0.0108264,0.0219968,0.025801461,-3.50192e-15,4.67171e-16,1.31243e-15,3.7688413e-15,-0.00804023,-0.0108264,0.0219968,0.025801461
1255,1256,-0.00862547,-0.0099976,0.0263111,0.02943849,-2.07993e-15,8.66499e-16,4.47509e-15,5.0103257e-15,-0.00862547,-0.0099976,0.0263111,0.02943849
1256,1257,-0.00915735,-0.00964667,0.0177242,0.02215993,-9.14391e-16,-1.28089e-15,6.03213e-15,6.2340503e-15,-0.00915735,-0.00964667,0.0177242,0.02215993
1257,1258,-0.00769738,-0.00760758,0.0258304,0.02800597,-3.93279e-17,-8.28781e-16,3.58189e-15,3.6767324e-15,-0.00769738,-0.00760758,0.0258304,0.02800597
1258,1259,-0.0059261,-0.0114548,0.0192107,0.023138326,-5.66194e-16,-7.18022e-16,-1.04831e-15,1.3910733e-15,-0.0059261,-0.0114548,0.0192107,0.023138326
1259,1260,-0.00668277,-0.0112641,0.0159295,0.02062252,-1.23592e-15,-4.56278e-17,-3.46964e-16,1.2845093e-15,-0.00668277,-0.0112641,0.0159295,0.02062252
1260,1261,-0.00652518,-0.010826,0.0218964,0.02528305,-8.22742e-16,-1.98941e-15,-7.39647e-16,2.2763422e-15,-0.00652518,-0.010826,0.0218964,0.02528305
1261,1262,-0.00505387,-0.0119668,0.0252279,0.02837592,-8.50395e-16,-1.99471e-15,3.75586e-15,4.33688e-15,-0.00505387,-0.0119668,0.0252279,0.02837592
1262,1263,-0.00543454,-0.0114441,0.0223396,0.025681889,5.07195e-16,-1.38533e-15,-1.28005e-16,1.4808008e-15,-0.00543454,-0.0114441,0.0223396,0.025681889
1263,1264,-0.00563445,-0.0107473,0.0249309,0.027727267,-1.10395e-15,-6.39532e-16,1.43398e-15,1.9193762e-15,-0.00563445,-0.0107473,0.0249309,0.027727267
1264,1265,-0.005713,-0.00932414,0.0267926,0.028938236,-9.66947e-16,-1.03634e-15,3.80865e-15,4.063841e-15,-0.005713,-0.00932414,0.0267926,0.028938236
1265,1266,-0.00407322,-0.00514468,0.0258244,0.026645046,6.2274e-16,-9.77866e-16,3.99112e-16,1.2260984e-15,-0.00407322,-0.00514468,0.0258244,0.026645046
1266,1267,-0.00531747,-0.00734076,0.0275415,0.028994765,4.21999e-16,-2.43727e-16,-7.45296e-16,8.904785e-16,-0.00531747,-0.00734076,0.0275415,0.028994765
1267,1268,-0.00308114,-0.0123214,0.0262912,0.029198246,1.95389e-15,-1.09568e-15,-8.51355e-16,2.396457e-15,-0.00308114,-0.0123214,0.0262912,0.029198246
1268,1269,-0.00341102,-0.0126564,0.0242371,0.02755461,4.71088e-16,-1.12107e-15,1.46684e-15,1.9053456e-15,-0.00341102,-0.0126564,0.0242371,0.02755461
1269,1270,-0.0042926,-0.0116665,0.0195726,0.02318664,1.07168e-16,-7.57729e-16,1.49934e-15,1.6833474e-15,-0.0042926,-0.0116665,0.0195726,0.02318664
1270,1271,-0.00219046,-0.012394,0.0231267,0.026329711,-1.91994e-16,-1.79343e-15,3.55802e-15,3.98908e-15,-0.00219046,-0.012394,0.0231267,0.026329711
1271,1272,-0.00274192,-0.01186,0.0203688,0.023729006,-2.39444e-15,-1.0118e-15,1.22316e-15,2.8728387e-15,-0.00274192,-0.01186,0.0203688,0.023729006
1272,1273,-0.00537133,-0.0115521,0.0170445,0.0212795,-5.76331e-16,1.80962e-16,-7.30788e-16,9.481328e-16,-0.00537133,-0.0115521,0.0170445,0.0212795
1273,1274,-0.00388777,-0.0118024,0.0174202,0.02139801,-3.26301e-16,3.66505e-17,-1.43795e-15,1.4749629e-15,-0.00388777,-0.0118024,0.0174202,0.02139801
1274,1275,-0.00284523,-0.0107948,0.0262871,0.028559318,-4.06581e-16,-2.66581e-15,1.85089e-15,3.2707254e-15,-0.00284523,-0.0107948,0.0262871,0.028559318
1275,1276,-0.00219042,-0.00637977,0.0255603,0.026435362,-1.7855e-16,-1.85484e-15,1.82248e-15,2.606481e-15,-0.00219042,-0.00637977,0.0255603,0.026435362
1276,1277,-0.00283688,-0.00907774,0.0277674,0.029351009,-3.06511e-16,-2.78476e-15,-1.20184e-15,3.0484843e-15,-0.00283688,-0.00907774,0.0277674,0.029351009
1277,1278,-0.00135788,-0.00410548,0.0241014,0.024486247,2.75204e-16,2.49052e-16,3.84375e-15,3.8616287e-15,-0.00135788,-0.00410548,0.0241014,0.024486247
1278,1279,-0.000468424,-0.00230688,0.0231587,0.023278026,3.64388e-16,-5.45983e-16,1.63769e-15,1.7643425e-15,-0.000468424,-0.00230688,0.0231587,0.023278026
1279,1280,-0.00296451,-0.00330321,0.0243528,0.024753958,1.56086e-15,-1.45129e-15,7.85944e-16,2.271615e-15,-0.00296451,-0.00330321,0.0243528,0.024753958
1280,1281,-0.000783339,-0.0124508,0.0225167,0.025741752,5.44155e-16,-1.53524e-15,1.62741e-15,2.3025051e-15,-0.000783339,-0.0124508,0.0225167,0.025741752
1281,1282,-0.000218408,-0.0120938,0.0244897,0.027313974,9.40442e-16,-1.76613e-15,2.24948e-15,3.0106158e-15,-0.000218408,-0.0120938,0.0244897,0.027313974
1282,1283,-0.00141062,-0.0121728,0.0199589,0.0234206,5.31163e-16,-1.19134e-15,3.77177e-15,3.990949e-15,-0.00141062,-0.0121728,0.0199589,0.0234206
1283,1284,-0.000244965,-0.0127605,0.0265053,0.029418046,2.17973e-15,-1.46441e-15,3.34944e-15,4.2561093e-15,-0.000244965,-0.0127605,0.0265053,0.029418046
1284,1285,-3.57356e-05,-0.0118718,0.0273252,0.029792741,3.36551e-15,-1.61094e-16,3.70408e-16,3.3896624e-15,-3.57356e-05,-0.0118718,0.0273252,0.029792741
1285,1286,0.00043426,-0.00801546,0.0262625,0.027461883,3.83187e-16,-1.78907e-15,2.42956e-16,1.8457062e-15,0.00043426,-0.00801546,0.0262625,0.027461883
1286,1287,0.000224195,-0.009842,0.025114,0.026974585,5.60909e-16,-1.91344e-15,1.28584e-15,2.3726051e-15,0.000224195,-0.009842,0.025114,0.026974585
1287,1288,0.000823893,-0.00546382,0.025648,0.026236463,3.4304e-16,-7.87149e-16,3.06034e-15,3.1785155e-15,0.000823893,-0.00546382,0.025648,0.026236463
1288,1289,0.00158697,-0.00279959,0.0243845,0.024595937,1.45167e-15,-5.32116e-16,-5.74801e-16,1.6495119e-15,0.00158697,-0.00279959,0.0243845,0.024595937
1289,1290,0.00222559,-0.000993928,0.0237305,0.02385535,1.93208e-15,6.06004e-16,9.56219e-16,2.2393143e-15,0.00222559,-0.000993928,0.0237305,0.02385535
1290,1291,0.00241984,-0.0114529,0.0250372,0.027638486,7.61237e-16,6.8178e-16,5.58762e-15,5.6803e-15,0.00241984,-0.0114529,0.0250372,0.027638486
1291,1292,0.00207721,-0.0120424,0.0236217,0.026595468,1.47178e-15,4.22186e-16,-1.54154e-15,2.1727225e-15,0.00207721,-0.0120424,0.0236217,0.026595468
1292,1293,0.00152626,-0.0122491,0.0222391,0.025435163,1.40337e-15,-1.91897e-15,-1.68309e-15,2.9128485e-15,0.00152626,-0.0122491,0.0222391,0.025435163
1293,1294,-0.000566143,-0.0125242,0.020536,0.024060411,5.08977e-16,-3.94266e-16,5.23821e-15,5.277627e-15,-0.000566143,-0.0125242,0.020536,0.024060411
1294,1295,0.00354649,-0.0111988,0.0279543,0.030322164,1.90602e-15,-2.67309e-16,3.49021e-15,3.985716e-15,0.00354649,-0.0111988,0.0279543,0.030322164
1295,1296,0.00306389,-0.0119355,0.0270816,0.029753262,8.91935e-16,-6.00789e-16,4.1387e-15,4.2761353e-15,0.00306389,-0.0119355,0.0270816,0.029753262
1296,1297,0.00389084,-0.0073864,0.0271513,0.028405821,1.67742e-15,8.75484e-16,-2.76864e-16,1.9122927e-15,0.00389084,-0.0073864,0.0271513,0.028405821
1297,1298,0.0035879,-0.0093068,0.0270095,0.028792406,4.53668e-16,1.02492e-16,-3.21794e-15,3.2513777e-15,0.0035879,-0.0093068,0.0270095,0.028792406
1298,1299,0.00416729,-0.0047433,0.0261072,0.02685984,1.40319e-15,5.11447e-17,1.05759e-15,1.7578551e-15,0.00416729,-0.0047433,0.0261072,0.02685984
1299,1300,0.00445297,-0.00191727,0.0241071,0.024589777,2.68411e-15,9.74993e-16,2.39967e-15,3.730077e-15,0.00445297,-0.00191727,0.0241071,0.024589777
1300,1301,0.00560112,-0.0102679,0.0252739,0.0278491,6.32842e-16,3.65827e-16,2.25944e-15,2.3747395e-15,0.00560112,-0.0102679,0.0252739,0.0278491
1301,1302,0.00516424,-0.0109684,0.0246952,0.027510509,1.42003e-15,-7.24541e-17,3.73414e-15,3.99569e-15,0.00516424,-0.0109684,0.0246952,0.027510509
1302,1303,0.00449797,-0.0115224,0.0238166,0.026837062,2.08863e-15,-2.02367e-15,1.55348e-15,3.297107e-15,0.00449797,-0.0115224,0.0238166,0.026837062
1303,1304,0.00136723,-0.0121884,0.0212404,0.02452715,4.27819e-17,-1.70482e-15,4.43201e-15,4.7487843e-15,0.00136723,-0.0121884,0.0212404,0.02452715
1304,1305,0.0066303,-0.00985552,0.0277572,0.030191956,1.14405e-15,-5.06149e-16,3.63338e-15,3.8427187e-15,0.0066303,-0.00985552,0.0277572,0.030191956
1305,1306,0.00645276,-0.010923,0.0276413,0.030413674,4.83612e-16,-4.8429e-16,1.85516e-15,1.977381e-15,0.00645276,-0.010923,0.0276413,0.030413674
1306,1307,0.00644423,-0.00674853,0.0279574,0.029473497,2.25761e-15,2.97758e-16,1.61294e-15,2.7905265e-15,0.00644423,-0.00674853,0.0279574,0.029473497
1307,1308,0.00729932,-0.00776121,0.0273877,0.029387115,2.99913e-15,1.44585e-16,-7.48487e-16,3.094498e-15,0.00729932,-0.00776121,0.0273877,0.029387115
1308,1309,0.00951124,-0.00467588,0.0289241,0.030804725,4.6465e-15,-6.29207e-16,3.04773e-15,5.5923627e-15,0.00951124,-0.00467588,0.0289241,0.030804725
1309,1310,0.00717113,-0.00441884,0.0276469,0.028901597,1.16424e-15,-1.20023e-15,1.48938e-15,2.2392542e-15,0.00717113,-0.00441884,0.0276469,0.028901597
1310,1311,0.00741784,-0.00156782,0.0260863,0.02716574,2.41153e-15,1.20359e-16,6.82401e-16,2.5091102e-15,0.00741784,-0.00156782,0.0260863,0.02716574
1311,1312,0.00791889,-0.00947302,0.02471,0.027623016,8.34241e-16,7.42153e-16,3.82826e-15,3.9877714e-15,0.00791889,-0.00947302,0.02471,0.027623016
1312,1313,0.00738304,-0.0104011,0.0243638,0.027500672,2.1814e-15,6.30304e-16,2.00353e-15,3.0281877e-15,0.00738304,-0.0104011,0.0243638,0.027500672
1313,1314,0.0088444,-0.00899099,0.0286739,0.03132497,1.84105e-15,-1.41994e-16,4.48812e-15,4.8531278e-15,0.0088444,-0.00899099,0.0286739,0.03132497
1314,1315,0.009119,-0.00893655,0.027831,0.03061997,-2.84282e-16,-1.9098e-15,5.42504e-15,5.758404e-15,0.009119,-0.00893655,0.027831,0.03061997
1315,1316,0.00870231,-0.00826504,0.0260805,0.028709468,-3.86063e-16,5.0191e-16,1.30849e-15,1.4536521e-15,0.00870231,-0.00826504,0.0260805,0.028709468
1316,1317,0.0098681,-0.00707462,0.0277431,0.03028381,2.46291e-15,-3.07216e-16,4.13423e-15,4.82205e-15,0.0098681,-0.00707462,0.0277431,0.03028381
1317,1318,0.0106459,-0.0062771,0.0264538,0.0291983,-3.4973e-16,-9.66269e-16,6.47422e-15,6.5552663e-15,0.0106459,-0.0062771,0.0264538,0.0291983
1318,1319,0.0105056,-0.00562425,0.0241198,0.026902873,-1.62352e-16,1.06994e-17,4.27134e-15,4.2744374e-15,0.0105056,-0.00562425,0.0241198,0.026902873
1319,1320,0.0117156,-0.00333253,0.0259209,0.028640078,1.4191e-16,-8.7056e-17,1.95235e-15,1.9594356e-15,0.0117156,-0.00333253,0.0259209,0.028640078
1320,1321,0.0110519,-0.00409863,0.0277415,0.0301419,1.97951e-15,1.10119e-15,5.94665e-15,6.363468e-15,0.0110519,-0.00409863,0.0277415,0.0301419
1321,1322,0.00997287,-0.00114456,0.0278518,0.02960559,2.01057e-15,-2.90337e-16,1.721e-15,2.662429e-15,0.00997287,-0.00114456,0.0278518,0.02960559
1322,1323,0.0124098,-0.000765233,0.0253741,0.028256569,2.59835e-16,-4.88789e-16,-5.42593e-16,7.7513616e-16,0.0124098,-0.000765233,0.0253741,0.028256569
1323,1324,0.011998,-0.000935414,0.027583,0.030094,9.04123e-16,-1.50546e-15,1.39418e-15,2.242228e-15,0.011998,-0.000935414,0.027583,0.030094
1324,1325,-0.00986948,-0.00972303,0.0112864,0.017869717,-1.85713e-15,-1.49647e-15,9.33657e-16,2.5612633e-15,-0.00986948,-0.00972303,0.0112864,0.017869717
1325,1326,-0.0104498,-0.00918508,0.011275,0.01790781,-8.39306e-16,8.63682e-16,5.20677e-16,1.312054e-15,-0.0104498,-0.00918508,0.011275,0.01790781
1326,1327,-0.0109088,-0.00957564,0.00958797,0.01739609,-1.3461e-17,1.48705e-15,1.64456e-15,2.2172227e-15,-0.0109088,-0.00957564,0.00958797,0.01739609
1327,1328,-0.0100321,-0.0100039,0.00951023,0.017063573,-9.86704e-16,5.18799e-16,2.92851e-15,3.1335137e-15,-0.0100321,-0.0100039,0.00951023,0.017063573
1328,1329,-0.0114921,-0.0101553,0.00807269,0.017331094,-6.55092e-16,7.35233e-16,1.46752e-15,1.767294e-15,-0.0114921,-0.0101553,0.00807269,0.017331094
1329,1330,-0.0106925,-0.0103977,0.00812831,0.016985616,7.65068e-17,-1.04889e-15,-2.96961e-16,1.0927989e-15,-0.0106925,-0.0103977,0.00812831,0.016985616
1330,1331,-0.0112227,-0.00969709,0.00666562,0.016260782,-2.34603e-15,-1.36911e-15,-4.57489e-16,2.7545626e-15,-0.0112227,-0.00969709,0.00666562,0.016260782
1331,1332,-0.0107775,-0.0101846,0.00688135,0.01634728,-1.92531e-15,6.59566e-16,-7.83707e-16,2.1808352e-15,-0.0107775,-0.0101846,0.00688135,0.01634728
1332,1333,-0.0117022,-0.0102904,0.00576102,0.016613945,1.05417e-16,-3.29534e-16,-9.44953e-16,1.006301e-15,-0.0117022,-0.0102904,0.00576102,0.016613945
1333,1334,-0.0113213,-0.0106252,0.0057508,0.016557125,-3.28854e-16,-1.58074e-16,1.72862e-15,1.7667086e-15,-0.0113213,-0.0106252,0.0057508,0.016557125
1334,1335,-0.012052,-0.010742,0.00447442,0.016752962,-5.63785e-17,-3.86675e-16,7.30251e-16,8.2822855e-16,-0.012052,-0.010742,0.00447442,0.016752962
1335,1336,-0.0115088,-0.0110011,0.0044868,0.016541101,-3.3029e-16,-3.37337e-16,2.70521e-15,2.7460971e-15,-0.0115088,-0.0110011,0.0044868,0.016541101
1336,1337,-0.0116936,-0.0106396,0.00324311,0.016138747,4.75556e-16,-5.2025e-16,2.3758e-15,2.4781522e-15,-0.0116936,-0.0106396,0.00324311,0.016138747
1337,1338,-0.0114626,-0.0109509,0.00333585,0.01620004,-6.70161e-16,8.20255e-16,1.92067e-15,2.193378e-15,-0.0114626,-0.0109509,0.00333585,0.01620004
1338,1339,-0.012013,-0.0109222,0.00239687,0.016411936,3.31013e-16,1.82414e-15,1.66529e-15,2.4920368e-15,-0.012013,-0.0109222,0.00239687,0.016411936
1339,1340,-0.0116167,-0.0110669,0.00206094,0.016176263,-6.57334e-16,1.82347e-15,2.87353e-15,3.466166e-15,-0.0116167,-0.0110669,0.00206094,0.016176263
1340,1341,-0.0105472,-0.0114266,0.00468758,0.016241428,6.6853e-16,1.17472e-15,-4.59671e-16,1.4276543e-15,-0.0105472,-0.0114266,0.00468758,0.016241428
1341,1342,-0.0101535,-0.0113921,0.00376135,0.01571691,-1.04676e-15,-2.39611e-15,3.03498e-15,4.006015e-15,-0.0101535,-0.0113921,0.00376135,0.01571691
1342,1343,-0.0103796,-0.0109761,0.00325194,0.015452702,-7.92424e-17,-2.99186e-16,2.0495e-15,2.0727377e-15,-0.0103796,-0.0109761,0.00325194,0.015452702
1343,1344,-0.0102272,-0.0112983,0.00240723,0.015428608,-8.81046e-16,-1.15884e-16,3.41065e-16,9.518385e-16,-0.0102272,-0.0112983,0.00240723,0.015428608
1344,1345,-0.0109015,-0.0112971,0.00204008,0.01583127,-8.06037e-16,1.90059e-15,-8.96452e-16,2.2506809e-15,-0.0109015,-0.0112971,0.00204008,0.01583127
1345,1346,-0.00943619,-0.0105822,0.0123746,0.018819015,-1.22141e-15,-3.5514e-16,4.99677e-15,5.15613e-15,-0.00943619,-0.0105822,0.0123746,0.018819015
1346,1347,-0.00846566,-0.0111124,0.0130733,0.0191328,1.51446e-16,-1.00996e-18,1.16929e-16,1.9133557e-16,-0.00846566,-0.0111124,0.0130733,0.0191328
1347,1348,-0.00958843,-0.0104693,0.0101695,0.017463189,-2.59985e-16,2.53802e-16,2.83424e-15,2.857433e-15,-0.00958843,-0.0104693,0.0101695,0.017463189
1348,1349,-0.00875992,-0.0106596,0.0108313,0.01754082,-3.38617e-16,-5.30428e-16,6.12663e-15,6.1588647e-15,-0.00875992,-0.0106596,0.0108313,0.01754082
1349,1350,-0.010362,-0.0109697,0.00854453,0.017341118,9.39904e-17,-2.57646e-15,-1.84092e-15,3.1679593e-15,-0.010362,-0.0109697,0.00854453,0.017341118
1350,1351,-0.0094666,-0.0112049,0.0090182,0.017219009,-1.79935e-15,-1.44616e-15,2.51576e-15,3.4143943e-15,-0.0094666,-0.0112049,0.0090182,0.017219009
1351,1352,-0.0104514,-0.0107472,0.00703288,0.016558848,-1.21065e-15,1.61932e-15,-2.36084e-16,2.035585e-15,-0.0104514,-0.0107472,0.00703288,0.016558848
1352,1353,-0.00963555,-0.0108893,0.00724675,0.016246108,-1.84768e-15,1.46479e-15,4.00842e-15,4.65048e-15,-0.00963555,-0.0108893,0.00724675,0.016246108
1353,1354,-0.010783,-0.0109293,0.00575104,0.016395034,7.97023e-16,7.00196e-16,2.68301e-15,2.8851452e-15,-0.010783,-0.0109293,0.00575104,0.016395034
1354,1355,-0.00992188,-0.0108983,0.00603482,0.015925946,2.64704e-16,6.15391e-16,3.63966e-15,3.700797e-15,-0.00992188,-0.0108983,0.00603482,0.015925946
1355,1356,-0.0111628,-0.0112875,0.00451645,0.016504971,9.12649e-16,5.99509e-16,3.79162e-15,3.945722e-15,-0.0111628,-0.0112875,0.00451645,0.016504971
1356,1357,-0.0111055,-0.0111566,0.00318969,0.01606163,-1.30296e-15,-1.23604e-16,3.59118e-15,3.8222446e-15,-0.0111055,-0.0111566,0.00318969,0.01606163
1357,1358,-0.0113312,-0.0112952,0.00198128,0.01612151,-6.9397e-16,1.31855e-15,1.08932e-15,1.8457483e-15,-0.0113312,-0.0112952,0.00198128,0.01612151
1358,1359,-0.00914045,-0.0118212,0.00608475,0.016134212,-3.13927e-16,7.71053e-16,4.5665e-16,9.495273e-16,-0.00914045,-0.0118212,0.00608475,0.016134212
1359,1360,-0.00845107,-0.0116465,0.00499949,0.015233399,1.31837e-16,-4.80296e-16,-3.85553e-16,6.2985423e-16,-0.00845107,-0.0116465,0.00499949,0.015233399
1360,1361,-0.00949534,-0.0115674,0.00438357,0.0155942915,4.10656e-17,-1.84752e-15,-5.70473e-16,1.9340259e-15,-0.00949534,-0.0115674,0.00438357,0.0155942915
1361,1362,-0.00998249,-0.0116042,0.00521662,0.0161716,3.35858e-16,-7.98256e-17,2.87047e-15,2.8911538e-15,-0.00998249,-0.0116042,0.00521662,0.0161716
1362,1363,-0.00942857,-0.0112182,0.00315173,0.014989308,-1.63647e-16,-2.52429e-17,1.90401e-15,1.9111962e-15,-0.00942857,-0.0112182,0.00315173,0.014989308
1363,1364,-0.00867418,-0.0118114,0.00360988,0.015092442,-2.11081e-17,-6.19024e-16,-1.12456e-15,1.2838503e-15,-0.00867418,-0.0118114,0.00360988,0.015092442
1364,1365,-0.00611246,-0.0120038,0.0147718,0.019991484,1.07503e-15,6.02649e-16,3.81007e-16,1.2899774e-15,-0.00611246,-0.0120038,0.0147718,0.019991484
1365,1366,-0.00722642,-0.0112916,0.0135671,0.019073216,-4.73425e-16,-4.29418e-17,1.84351e-15,1.903813e-15,-0.00722642,-0.0112916,0.0135671,0.019073216
1366,1367,-0.00794045,-0.0110395,0.0113229,0.017695462,1.46462e-17,-1.95686e-15,3.48227e-15,3.994461e-15,-0.00794045,-0.0110395,0.0113229,0.017695462
1367,1368,-0.00684741,-0.0116802,0.0126121,0.01850349,-9.94623e-16,-1.14964e-16,3.10436e-15,3.2618313e-15,-0.00684741,-0.0116802,0.0126121,0.01850349
1368,1369,-0.00813076,-0.0108173,0.00958573,0.016583407,-3.94019e-15,-2.81952e-15,7.68938e-15,9.08853e-15,-0.00813076,-0.0108173,0.00958573,0.016583407
1369,1370,-0.00731246,-0.0112809,0.010561,0.017095774,-5.99577e-16,-2.39477e-15,2.29206e-16,2.4793046e-15,-0.00731246,-0.0112809,0.010561,0.017095774
1370,1371,-0.00889773,-0.0112819,0.00808303,0.01648594,-8.53784e-16,-1.19605e-15,-5.23173e-17,1.4704489e-15,-0.00889773,-0.0112819,0.00808303,0.01648594
1371,1372,-0.00832961,-0.0119497,0.00917372,0.01721438,-1.66816e-15,-2.8524e-15,-1.81573e-15,3.770387e-15,-0.00832961,-0.0119497,0.00917372,0.01721438
1372,1373,-0.00946101,-0.0112739,0.00651973,0.016097156,-1.60316e-15,-8.14321e-16,-5.40071e-16,1.8774763e-15,-0.00946101,-0.0112739,0.00651973,0.016097156
1373,1374,-0.00846309,-0.0112678,0.00752858,0.01597707,-2.70523e-15,-8.7416e-16,-1.04916e-15,3.030373e-15,-0.00846309,-0.0112678,0.00752858,0.01597707
1374,1375,-0.00693334,-0.0125265,0.00743974,0.016134873,-1.18601e-15,-3.47874e-17,1.52786e-16,1.1963166e-15,-0.00693334,-0.0125265,0.00743974,0.016134873
1375,1376,-0.00729164,-0.0122012,0.0052311,0.015146013,7.83715e-16,-1.79052e-16,-3.40176e-15,3.4954598e-15,-0.00729164,-0.0122012,0.0052311,0.015146013
1376,1377,-0.00732424,-0.0123051,0.00381882,0.014820371,-4.70526e-16,-1.02378e-15,-1.10958e-15,1.5813564e-15,-0.00732424,-0.0123051,0.00381882,0.014820371
1377,1378,-0.00439867,-0.0119804,0.0155286,0.020100143,2.84893e-16,4.2377e-16,1.27947e-15,1.3776023e-15,-0.00439867,-0.0119804,0.0155286,0.020100143
1378,1379,-0.00554584,-0.0124481,0.0139741,0.019518888,-5.4981e-16,-4.20541e-17,1.49831e-15,1.5965564e-15,-0.00554584,-0.0124481,0.0139741,0.019518888
1379,1380,-0.00459382,-0.0123086,0.0139854,0.019188441,4.31079e-16,-2.31208e-15,5.06853e-16,2.4059183e-15,-0.00459382,-0.0123086,0.0139854,0.019188441
1380,1381,-0.00629415,-0.011925,0.0115412,0.017748838,4.36801e-16,-2.18328e-15,3.29874e-15,3.9798483e-15,-0.00629415,-0.011925,0.0115412,0.017748838
1381,1382,-0.00538651,-0.0125598,0.0117768,0.018040402,1.27245e-15,-9.68549e-16,-8.04201e-16,1.7899598e-15,-0.00538651,-0.0125598,0.0117768,0.018040402
1382,1383,-0.00720891,-0.0121501,0.010055,0.017340599,-6.4485e-17,-1.0837e-15,1.80168e-15,2.103477e-15,-0.00720891,-0.0121501,0.010055,0.017340599
1383,1384,-0.00611549,-0.012231,0.00941146,0.016600367,1.43157e-15,1.03549e-15,-2.2485e-15,2.8596127e-15,-0.00611549,-0.012231,0.00941146,0.016600367
1384,1385,-0.00737642,-0.0117669,0.00855578,0.01631174,-1.38739e-15,-5.21897e-16,-1.85955e-15,2.3780569e-15,-0.00737642,-0.0117669,0.00855578,0.01631174
1385,1386,-0.00806977,-0.0117478,0.00676896,0.015778175,2.27389e-16,8.00179e-16,1.40827e-15,1.6356089e-15,-0.00806977,-0.0117478,0.00676896,0.015778175
1386,1387,-0.0019411,-0.0128571,0.0177325,0.021988962,1.45812e-15,-1.02497e-15,3.02911e-16,1.8078807e-15,-0.0019411,-0.0128571,0.0177325,0.021988962
1387,1388,-0.00261525,-0.0126217,0.0160304,0.020569894,3.87353e-17,-1.59315e-15,2.31578e-16,1.6103588e-15,-0.00261525,-0.0126217,0.0160304,0.020569894
1388,1389,-0.00300868,-0.0128337,0.0139876,0.019220013,1.24256e-15,-6.76627e-16,5.39406e-15,5.576528e-15,-0.00300868,-0.0128337,0.0139876,0.019220013
1389,1390,-0.00447309,-0.0126944,0.0109874,0.017374674,3.30071e-16,2.49908e-16,-1.17911e-15,1.2496804e-15,-0.00447309,-0.0126944,0.0109874,0.017374674
1390,1391,-0.0022144,-0.0131929,0.0141948,0.01950509,6.39748e-16,-8.47803e-17,2.81167e-15,2.8847795e-15,-0.0022144,-0.0131929,0.0141948,0.01950509
1391,1392,-0.00292782,-0.0132117,0.0125356,0.018446203,1.13978e-15,6.54015e-17,-7.77351e-16,1.3811772e-15,-0.00292782,-0.0132117,0.0125356,0.018446203
1392,1393,-0.00511712,-0.0127329,0.00921109,0.016527427,-1.3753e-15,7.73286e-16,-3.04394e-15,3.4285554e-15,-0.00511712,-0.0127329,0.00921109,0.016527427
1393,1394,-0.00348491,-0.0129666,0.0103904,0.016977565,-1.22672e-15,1.42374e-16,-1.18889e-15,1.7142263e-15,-0.00348491,-0.0129666,0.0103904,0.016977565
1394,1395,-0.00404853,-0.0131567,0.00803062,0.015936757,1.14476e-15,-1.16008e-15,2.20475e-15,2.7417485e-15,-0.00404853,-0.0131567,0.00803062,0.015936757
1395,1396,-0.00573203,-0.0127724,0.00668759,0.015514968,7.05931e-16,-3.84299e-16,-2.99124e-15,3.0973443e-15,-0.00573203,-0.0127724,0.00668759,0.015514968
1396,1397,-0.00435306,-0.0127103,0.0058692,0.014661117,6.12174e-16,-9.29841e-16,9.24575e-16,1.4471351e-15,-0.00435306,-0.0127103,0.0058692,0.014661117
1397,1398,-0.00590125,-0.0124552,0.00443091,0.014477214,2.32112e-16,-7.55531e-17,-2.82398e-15,2.8345102e-15,-0.00590125,-0.0124552,0.00443091,0.014477214
1398,1399,-0.00268146,-0.012205,0.017334,0.021368664,-6.25357e-16,-1.39927e-15,3.33045e-15,3.6661864e-15,-0.00268146,-0.012205,0.017334,0.021368664
1399,1400,-0.00111712,-0.0125469,0.0191485,0.022920247,1.76644e-17,-9.94452e-16,1.92845e-15,2.169831e-15,-0.00111712,-0.0125469,0.0191485,0.022920247
1400,1401,-0.00382237,-0.0127248,0.0160215,0.020813925,9.00601e-16,-1.13737e-15,1.56698e-15,2.1354435e-15,-0.00382237,-0.0127248,0.0160215,0.020813925
1401,1402,-0.000696075,-0.0129666,0.0129677,0.018351525,1.25119e-15,-3.92382e-16,1.28492e-15,1.835881e-15,-0.000696075,-0.0129666,0.0129677,0.018351525
1402,1403,-0.000313578,-0.0129769,0.014817,0.019698774,1.08841e-15,-6.30026e-16,8.0365e-17,1.2601697e-15,-0.000313578,-0.0129769,0.014817,0.019698774
1403,1404,-0.00126549,-0.0125652,0.0103919,0.016354734,-2.50898e-16,4.23387e-16,-8.20426e-16,9.567158e-16,-0.00126549,-0.0125652,0.0103919,0.016354734
1404,1405,-0.00167218,-0.0127946,0.00875077,0.015590829,1.96103e-15,1.1039e-15,1.11424e-15,2.511128e-15,-0.00167218,-0.0127946,0.00875077,0.015590829
1405,1406,-0.00215332,-0.0125374,0.00714697,0.014591174,1.72018e-15,1.95962e-16,1.86158e-16,1.7412855e-15,-0.00215332,-0.0125374,0.00714697,0.014591174
1406,1407,0.00104366,-0.0120637,0.0200352,0.023410069,-6.31871e-16,-3.73189e-16,5.21413e-15,5.265518e-15,0.00104366,-0.0120637,0.0200352,0.023410069
1407,1408,0.00047441,-0.0119973,0.0179329,0.021581221,-1.05472e-16,-1.23135e-15,4.17215e-15,4.3513425e-15,0.00047441,-0.0119973,0.0179329,0.021581221
1408,1409,-0.000184978,-0.0121971,0.0167833,0.020748075,-5.70424e-16,-1.8669e-15,4.44308e-15,4.853005e-15,-0.000184978,-0.0121971,0.0167833,0.020748075
1409,1410,-0.000305603,-0.0127013,0.0156642,0.020168876,-7.1474e-17,4.66628e-16,6.17615e-15,6.194165e-15,-0.000305603,-0.0127013,0.0156642,0.020168876
1410,1411,0.00223934,-0.0126769,0.0161182,0.02062801,9.86338e-16,1.27682e-15,3.23805e-15,3.617748e-15,0.00223934,-0.0126769,0.0161182,0.02062801
1411,1412,0.00195696,-0.0125966,0.0142962,0.019154252,-3.3772e-16,3.38972e-16,1.57302e-16,5.0368714e-16,0.00195696,-0.0125966,0.0142962,0.019154252
1412,1413,0.00130732,-0.0125416,0.0123383,0.017641839,-1.45215e-16,8.91628e-16,-4.42684e-16,1.0060104e-15,0.00130732,-0.0125416,0.0123383,0.017641839
1413,1414,0.0010247,-0.0126962,0.0101963,0.016315883,-1.94088e-16,1.12737e-17,-5.6051e-16,5.932695e-16,0.0010247,-0.0126962,0.0101963,0.016315883
1414,1415,0.000529023,-0.0126415,0.00794057,0.014937872,9.16588e-16,3.03639e-16,-3.0228e-15,3.173271e-15,0.000529023,-0.0126415,0.00794057,0.014937872
1415,1416,0.00404245,-0.0117539,0.0226454,0.025832338,-5.60912e-16,-8.85748e-16,1.70736e-15,2.0035592e-15,0.00404245,-0.0117539,0.0226454,0.025832338
1416,1417,0.00361381,-0.0115168,0.0211971,0.024392895,-7.0316e-16,7.24915e-16,5.99257e-17,1.011695e-15,0.00361381,-0.0115168,0.0211971,0.024392895
1417,1418,0.00308924,-0.0117245,0.019612,0.023057273,-5.62094e-16,-2.30929e-16,-8.15554e-16,1.0170576e-15,0.00308924,-0.0117245,0.019612,0.023057273
1418,1419,0.00249771,-0.0119881,0.0180621,0.021821836,-9.20062e-16,-1.38758e-15,2.00919e-16,1.6769797e-15,0.00249771,-0.0119881,0.0180621,0.021821836
1419,1420,0.00229374,-0.0119833,0.0169792,0.020908227,4.11122e-16,-8.55735e-16,2.22363e-15,2.417816e-15,0.00229374,-0.0119833,0.0169792,0.020908227
1420,1421,0.00481772,-0.0112566,0.0162599,0.020354502,-9.37831e-16,6.70922e-16,1.6815e-15,2.038898e-15,0.00481772,-0.0112566,0.0162599,0.020354502
1421,1422,0.00435411,-0.0119598,0.0153161,0.019914266,-1.21185e-15,4.94218e-17,-1.40785e-15,1.8582423e-15,0.00435411,-0.0119598,0.0153161,0.019914266
1422,1423,0.0039302,-0.0123387,0.0139225,0.019013837,4.87009e-16,-7.96766e-17,-1.00845e-15,1.1227188e-15,0.0039302,-0.0123387,0.0139225,0.019013837
1423,1424,0.00362575,-0.0121749,0.0119691,0.017453756,-3.12619e-16,2.91709e-16,4.22804e-16,6.0132187e-16,0.00362575,-0.0121749,0.0119691,0.017453756
1424,1425,0.00327371,-0.0125529,0.00993694,0.016341213,4.62029e-16,-6.94979e-16,-6.10001e-16,1.0337155e-15,0.00327371,-0.0125529,0.00993694,0.016341213
1425,1426,0.00596106,-0.00994082,0.0199727,0.023092486,4.5689e-16,-4.70243e-16,9.46009e-17,6.6243964e-16,0.00596106,-0.00994082,0.0199727,0.023092486
1426,1427,0.00582481,-0.0110769,0.0202855,0.023835428,-3.89768e-17,-1.11275e-15,2.68456e-15,2.9063024e-15,0.00582481,-0.0110769,0.0202855,0.023835428
1427,1428,0.00548443,-0.0114683,0.0192807,0.02309429,-7.96318e-16,3.88236e-16,2.6063e-15,2.752753e-15,0.00548443,-0.0114683,0.0192807,0.02309429
1428,1429,0.00493526,-0.0111008,0.017728,0.02149108,3.72773e-16,-7.04629e-16,-9.62626e-16,1.2498442e-15,0.00493526,-0.0111008,0.017728,0.02149108
1429,1430,0.00672168,-0.0104579,0.0223751,0.025596753,-3.8112e-16,-2.16749e-15,1.91293e-15,2.9159162e-15,0.00672168,-0.0104579,0.0223751,0.025596753
1430,1431,-0.0116927,-0.0115784,0.000340945,0.016458882,-1.93936e-15,2.38862e-16,-1.09092e-15,2.2379184e-15,-0.0116927,-0.0115784,0.000340945,0.016458882
1431,1432,-0.0113632,-0.0111988,-0.00103937,0.015987987,5.49191e-16,-1.35268e-15,-1.59507e-15,2.162314e-15,-0.0113632,-0.0111988,-0.00103937,0.015987987
1432,1433,-0.0119303,-0.0116945,-0.000765937,0.016723637,6.79568e-16,2.997e-16,9.55393e-16,1.2101275e-15,-0.0119303,-0.0116945,-0.000765937,0.016723637
1433,1434,-0.0110212,-0.0109238,-0.00222952,0.015676958,-1.09284e-15,-1.09666e-15,2.40437e-15,2.8597128e-15,-0.0110212,-0.0109238,-0.00222952,0.015676958
1434,1435,-0.0115962,-0.0113922,-0.00225801,0.01641197,-6.50187e-16,-5.12212e-17,5.39377e-16,8.4634166e-16,-0.0115962,-0.0113922,-0.00225801,0.01641197
1435,1436,-0.0118279,-0.011195,-0.000534435,0.016294565,-9.61291e-16,-6.39505e-16,-7.06632e-16,1.3536528e-15,-0.0118279,-0.011195,-0.000534435,0.016294565
1436,1437,-0.0114049,-0.0115351,-0.00359334,0.016614523,-6.7027e-16,-1.40788e-16,1.50834e-15,1.6565545e-15,-0.0114049,-0.0115351,-0.00359334,0.016614523
1437,1438,-0.011739,-0.0115858,-0.00388007,0.016943727,-7.92213e-16,-7.35271e-16,7.61662e-16,1.3222534e-15,-0.011739,-0.0115858,-0.00388007,0.016943727
1438,1439,-0.011479,-0.0107686,0.00110499,0.015778186,-4.79523e-16,-1.28312e-15,2.96141e-15,3.262865e-15,-0.011479,-0.0107686,0.00110499,0.015778186
1439,1440,-0.0121338,-0.0113431,0.00142796,0.016671356,-5.6698e-16,2.30644e-16,4.56323e-15,4.6040993e-15,-0.0121338,-0.0113431,0.00142796,0.016671356
1440,1441,-0.0117384,-0.0111855,0.000727063,0.016230652,-1.26522e-15,-1.20327e-16,1.73868e-15,2.1536639e-15,-0.0117384,-0.0111855,0.000727063,0.016230652
1441,1442,-0.0121252,-0.011586,-0.0035948,0.017151631,-1.41481e-15,-2.39839e-16,-3.76494e-15,4.0291418e-15,-0.0121252,-0.011586,-0.0035948,0.017151631
1442,1443,-0.0115084,-0.0116307,-0.00507204,0.01713015,1.49125e-17,-6.44115e-16,-1.40548e-15,1.5461178e-15,-0.0115084,-0.0116307,-0.00507204,0.01713015
1443,1444,-0.0115126,-0.0112893,-0.00482992,0.016832003,1.65257e-16,-3.509e-16,2.07618e-16,4.3993854e-16,-0.0115126,-0.0112893,-0.00482992,0.016832003
1444,1445,-0.011594,-0.0115179,-0.00630246,0.017515818,-7.4829e-16,-1.12352e-15,-1.0197e-15,1.6917515e-15,-0.011594,-0.0115179,-0.00630246,0.017515818
1445,1446,-0.0117284,-0.0112613,-0.00569625,0.017228452,-3.33869e-16,1.38568e-15,-2.85872e-16,1.4537196e-15,-0.0117284,-0.0112613,-0.00569625,0.017228452
1446,1447,-0.0113023,-0.0112753,-0.00722567,0.01752383,-7.10593e-16,-6.64067e-16,-2.03012e-15,2.2510697e-15,-0.0113023,-0.0112753,-0.00722567,0.01752383
1447,1448,-0.0120269,-0.0118833,-0.00723413,0.018389992,-1.53187e-18,-1.08751e-15,1.59619e-16,1.0991627e-15,-0.0120269,-0.0118833,-0.00723413,0.018389992
1448,1449,-0.0107627,-0.0117527,0.00131736,0.015990533,7.279e-17,-2.74433e-16,-1.60284e-16,3.2604114e-16,-0.0107627,-0.0117527,0.00131736,0.015990533
1449,1450,-0.0109192,-0.0113515,0.000844448,0.01577335,-8.33297e-16,8.12228e-16,-4.61415e-16,1.2517995e-15,-0.0109192,-0.0113515,0.000844448,0.01577335
1450,1451,-0.0103238,-0.0113825,6.30291e-05,0.015367047,-4.91465e-16,-1.09591e-15,2.25195e-17,1.2012759e-15,-0.0103238,-0.0113825,6.30291e-05,0.015367047
1451,1452,-0.01094,-0.0113501,3.03468e-05,0.015764179,-5.78393e-16,7.55098e-16,9.92176e-16,1.3744543e-15,-0.01094,-0.0113501,3.03468e-05,0.015764179
1452,1453,-0.0115056,-0.0116112,-0.00123164,0.016392551,3.84516e-16,-1.51144e-16,-2.11331e-15,2.1533174e-15,-0.0115056,-0.0116112,-0.00123164,0.016392551
1453,1454,-0.0108206,-0.0116058,-0.00101372,0.015899925,-1.00912e-16,2.17305e-15,-2.37437e-15,3.2202427e-15,-0.0108206,-0.0116058,-0.00101372,0.015899925
1454,1455,-0.0108775,-0.0111887,-0.0027361,0.015842766,-2.117e-16,-1.56604e-15,2.32572e-15,2.8118093e-15,-0.0108775,-0.0111887,-0.0027361,0.015842766
1455,1456,-0.0106067,-0.0114783,-0.00248508,0.015824951,-6.21748e-16,-1.69244e-15,-1.37363e-15,2.266668e-15,-0.0106067,-0.0114783,-0.00248508,0.015824951
1456,1457,-0.0110651,-0.011533,-0.003939,0.01646093,-1.21325e-15,-1.85168e-15,6.64018e-15,6.9994775e-15,-0.0110651,-0.011533,-0.003939,0.01646093
1457,1458,-0.0106946,-0.0116836,-0.00396564,0.016328113,5.56767e-16,-7.94397e-16,-2.40518e-16,9.994523e-16,-0.0106946,-0.0116836,-0.00396564,0.016328113
1458,1459,-0.0107762,-0.0115317,-0.00539964,0.01668121,3.06476e-16,-3.77339e-16,2.29985e-15,2.3506642e-15,-0.0107762,-0.0115317,-0.00539964,0.01668121
1459,1460,-0.0102905,-0.0115161,-0.00517451,0.01628774,-4.65817e-16,-1.21951e-17,-1.69304e-15,1.755995e-15,-0.0102905,-0.0115161,-0.00517451,0.01628774
1460,1461,-0.0113226,-0.011124,0.000982375,0.015903134,-6.42723e-16,1.21795e-15,-4.95328e-16,1.4635044e-15,-0.0113226,-0.011124,0.000982375,0.015903134
1461,1462,-0.0111964,-0.0110082,2.94113e-05,0.015701616,-6.46488e-16,2.15089e-15,-2.20653e-15,3.1484994e-15,-0.0111964,-0.0110082,2.94113e-05,0.015701616
1462,1463,-0.0112304,-0.0118011,-0.00522692,0.017108727,4.14047e-16,2.12459e-15,-1.34413e-15,2.547941e-15,-0.0112304,-0.0118011,-0.00522692,0.017108727
1463,1464,-0.0102751,-0.011377,-0.00644677,0.016630534,-5.67369e-16,-1.349e-15,6.51827e-16,1.6020572e-15,-0.0102751,-0.011377,-0.00644677,0.016630534
1464,1465,-0.011105,-0.0116504,-0.00649013,0.017354384,1.82372e-16,5.95781e-16,-1.19472e-15,1.347431e-15,-0.011105,-0.0116504,-0.00649013,0.017354384
1465,1466,-0.0105687,-0.0118251,-0.00773944,0.01764736,7.92976e-16,-9.63546e-16,2.72955e-15,3.0012787e-15,-0.0105687,-0.0118251,-0.00773944,0.01764736
1466,1467,-0.0112027,-0.0116905,-0.00734843,0.017781105,1.49142e-16,-7.59648e-18,-3.21768e-15,3.2211435e-15,-0.0112027,-0.0116905,-0.00734843,0.017781105
1467,1468,-0.0100786,-0.0120907,0.00178211,0.015841058,-4.58245e-16,-2.39322e-17,-6.93143e-16,8.312692e-16,-0.0100786,-0.0120907,0.00178211,0.015841058
1468,1469,-0.00881812,-0.0119024,0.00226799,0.014985665,-1.31612e-15,-9.09383e-16,-1.3216e-15,2.0750363e-15,-0.00881812,-0.0119024,0.00226799,0.014985665
1469,1470,-0.0100511,-0.0119293,0.00041175,0.015604561,-8.3767e-16,-2.40307e-16,-9.36047e-16,1.2789146e-15,-0.0100511,-0.0119293,0.00041175,0.015604561
1470,1471,-0.0091463,-0.0121944,0.000890106,0.015269266,-4.9385e-16,-6.88971e-16,1.10058e-15,1.3891887e-15,-0.0091463,-0.0121944,0.000890106,0.015269266
1471,1472,-0.010327,-0.0119172,-0.00110165,0.0158076,4.24864e-16,3.61533e-16,-1.99361e-15,2.0701924e-15,-0.010327,-0.0119172,-0.00110165,0.0158076
1472,1473,-0.00944493,-0.0123663,-0.000982575,0.015591585,-3.91743e-16,-7.35729e-16,-4.65944e-15,4.733407e-15,-0.00944493,-0.0123663,-0.000982575,0.015591585
1473,1474,-0.00989229,-0.0114365,-0.00230656,0.015296116,-7.29922e-16,-2.2562e-16,-5.02825e-15,5.0859598e-15,-0.00989229,-0.0114365,-0.00230656,0.015296116
1474,1475,-0.00916953,-0.0117197,-0.00289334,0.015159257,-1.12406e-15,-1.00501e-15,1.29371e-15,1.9867666e-15,-0.00916953,-0.0117197,-0.00289334,0.015159257
1475,1476,-0.00987089,-0.0116618,-0.00413865,0.015829101,-6.13431e-16,-7.37242e-16,2.82211e-16,9.997332e-16,-0.00987089,-0.0116618,-0.00413865,0.015829101
1476,1477,-0.00915253,-0.0119534,-0.00412196,0.0156090725,-3.71214e-16,-5.19144e-16,-1.33293e-15,1.4778405e-15,-0.00915253,-0.0119534,-0.00412196,0.0156090725
1477,1478,-0.00968358,-0.0116581,-0.0055606,0.016143212,-8.34974e-16,-8.80933e-16,4.51449e-16,1.2950022e-15,-0.00968358,-0.0116581,-0.0055606,0.016143212
1478,1479,-0.00914916,-0.0121678,-0.00601258,0.016368067,-1.52392e-15,-7.53957e-16,3.35488e-15,3.7611172e-15,-0.00914916,-0.0121678,-0.00601258,0.016368067
1479,1480,-0.0103884,-0.0118998,-0.00671289,0.017163537,-4.67996e-16,9.36131e-17,-8.95417e-16,1.01467e-15,-0.0103884,-0.0118998,-0.00671289,0.017163537
1480,1481,-0.00974403,-0.0120568,-0.00710827,0.017054033,-6.37103e-16,-4.40839e-16,-2.08376e-15,2.2231273e-15,-0.00974403,-0.0120568,-0.00710827,0.017054033
1481,1482,-0.0101106,-0.0120275,-0.00783471,0.017557554,2.94579e-16,3.16421e-16,8.21324e-17,4.4005085e-16,-0.0101106,-0.0120275,-0.00783471,0.017557554
1482,1483,-0.00985381,-0.0124463,-0.00864815,0.01807757,9.6946e-16,1.89723e-16,-3.28875e-16,1.0411563e-15,-0.00985381,-0.0124463,-0.00864815,0.01807757
1483,1484,-0.00757158,-0.0121625,0.00221756,0.014497338,-3.94629e-16,-1.42311e-15,-2.83342e-16,1.5037476e-15,-0.00757158,-0.0121625,0.00221756,0.014497338
1484,1485,-0.00768728,-0.012275,0.00066608,0.014498743,-8.33159e-16,2.43049e-16,1.10955e-15,1.4086616e-15,-0.00768728,-0.012275,0.00066608,0.014498743
1485,1486,-0.00642142,-0.0127966,0.00284441,0.014597201,-2.71516e-17,-5.35388e-16,7.26935e-16,9.032231e-16,-0.00642142,-0.0127966,0.00284441,0.014597201
1486,1487,-0.00640611,-0.0125926,0.00117013,0.014176778,-1.08158e-16,9.77664e-16,7.32112e-16,1.2261782e-15,-0.00640611,-0.0125926,0.00117013,0.014176778
1487,1488,-0.0079842,-0.0121569,-0.00105774,0.014582746,-4.03659e-16,-3.06734e-15,2.20258e-16,3.1016174e-15,-0.0079842,-0.0121569,-0.00105774,0.014582746
1488,1489,-0.00691689,-0.0127776,-0.000947078,0.014560473,5.87546e-16,-1.71398e-15,8.20646e-16,1.9890695e-15,-0.00691689,-0.0127776,-0.000947078,0.014560473
1489,1490,-0.00809003,-0.0122564,-0.00254265,0.0149041265,-5.88971e-16,-1.24337e-15,1.32946e-15,1.9131963e-15,-0.00809003,-0.0122564,-0.00254265,0.0149041265
1490,1491,-0.00678861,-0.0124603,-0.00312528,0.014529682,-1.24359e-15,7.56953e-17,5.41782e-16,1.3585925e-15,-0.00678861,-0.0124603,-0.00312528,0.014529682
1491,1492,-0.00826084,-0.0125237,-0.00457655,0.015685322,2.37422e-16,-4.92642e-16,3.91551e-15,3.9535157e-15,-0.00826084,-0.0125237,-0.00457655,0.015685322
1492,1493,-0.0082043,-0.0126734,-0.0064973,0.016435953,-1.56477e-15,-1.70631e-15,2.23377e-16,2.3259184e-15,-0.0082043,-0.0126734,-0.0064973,0.016435953
1493,1494,-0.00889456,-0.0120143,-0.0074142,0.01668613,-9.84929e-16,9.02447e-17,2.94176e-15,3.1035755e-15,-0.00889456,-0.0120143,-0.0074142,0.01668613
1494,1495,-0.00790957,-0.012134,-0.0083031,0.01669541,-4.80281e-16,8.02775e-16,-1.72262e-15,1.960239e-15,-0.00790957,-0.012134,-0.0083031,0.01669541
1495,1496,-0.00895685,-0.0126386,-0.00934665,0.018091965,2.79594e-16,6.37445e-16,-1.03272e-15,1.2453994e-15,-0.00895685,-0.0126386,-0.00934665,0.018091965
1496,1497,-0.00773906,-0.0124804,-0.00984474,0.017679716,8.56205e-16,-1.93556e-15,-3.85389e-15,4.396811e-15,-0.00773906,-0.0124804,-0.00984474,0.017679716
1497,1498,-0.00473348,-0.0128617,0.00201259,0.013852064,-4.6164e-16,4.40062e-16,3.36204e-15,3.4219993e-15,-0.00473348,-0.0128617,0.00201259,0.013852064
1498,1499,-0.00470549,-0.013241,0.00396791,0.014601713,-3.85002e-17,-6.73053e-16,1.15298e-15,1.3356067e-15,-0.00470549,-0.013241,0.00396791,0.014601713
1499,1500,-0.00518548,-0.0131365,-0.000344067,0.014127109,-1.01758e-15,-1.98189e-15,1.21222e-16,2.2311549e-15,-0.00518548,-0.0131365,-0.000344067,0.014127109
1500,1501,-0.00526827,-0.0126188,-0.00318511,0.01404043,-6.74485e-16,3.83229e-16,-2.23773e-15,2.3683812e-15,-0.00526827,-0.0126188,-0.00318511,0.01404043
1501,1502,-0.00529915,-0.0129824,-0.0053101,0.014994027,-1.79506e-16,-1.39392e-15,5.44987e-16,1.5073972e-15,-0.00529915,-0.0129824,-0.0053101,0.014994027
1502,1503,-0.00702372,-0.0128101,-0.0052256,0.015515741,3.02454e-16,-8.27117e-16,1.11105e-15,1.4177563e-15,-0.00702372,-0.0128101,-0.0052256,0.015515741
1503,1504,-0.00551343,-0.0131295,-0.00679478,0.015778173,-3.24235e-16,-1.54176e-15,-1.50249e-15,2.1770689e-15,-0.00551343,-0.0131295,-0.00679478,0.015778173
1504,1505,-0.00668574,-0.012431,-0.00671932,0.0156326,-1.77787e-16,-1.79e-15,-3.47523e-16,1.83207e-15,-0.00668574,-0.012431,-0.00671932,0.0156326
1505,1506,-0.00676976,-0.0126027,-0.00840694,0.016593201,1.10756e-16,-9.34719e-16,-6.29584e-16,1.1324057e-15,-0.00676976,-0.0126027,-0.00840694,0.016593201
1506,1507,-0.00524864,-0.0130796,-0.00853158,0.016474588,-7.80028e-16,-1.90042e-17,-2.52919e-15,2.6468107e-15,-0.00524864,-0.0130796,-0.00853158,0.016474588
1507,1508,-0.00654661,-0.0129545,-0.0103725,0.01784001,1.74184e-15,-2.64279e-16,7.82117e-16,1.927578e-15,-0.00654661,-0.0129545,-0.0103725,0.01784001
1508,1509,-0.00516016,-0.0135603,-0.0107116,0.018034615,2.94794e-16,-2.68726e-16,-9.81666e-16,1.0596157e-15,-0.00516016,-0.0135603,-0.0107116,0.018034615
1509,1510,-0.00227995,-0.0133575,0.00531861,0.01455708,1.03936e-15,-1.9059e-15,-1.94401e-15,2.9140864e-15,-0.00227995,-0.0133575,0.00531861,0.01455708
1510,1511,-0.00248374,-0.0129975,0.00347015,0.013680128,2.48091e-17,-2.7617e-16,-1.93824e-15,1.9579734e-15,-0.00248374,-0.0129975,0.00347015,0.013680128
1511,1512,-0.00270151,-0.0132982,0.00108806,0.013613381,-2.97601e-15,-1.11216e-15,1.60736e-15,3.5604975e-15,-0.00270151,-0.0132982,0.00108806,0.013613381
1512,1513,-0.00327085,-0.0131067,-0.00181749,0.013630383,5.74347e-17,6.74674e-17,2.82807e-15,2.8294577e-15,-0.00327085,-0.0131067,-0.00181749,0.013630383
1513,1514,-0.00145318,-0.0133149,0.000421185,0.013400585,2.62231e-17,-9.07201e-16,3.49115e-15,3.6071914e-15,-0.00145318,-0.0133149,0.000421185,0.013400585
1514,1515,-0.00161551,-0.0133544,-0.00172384,0.013561766,6.19049e-16,-8.01655e-17,6.86201e-16,9.276422e-16,-0.00161551,-0.0133544,-0.00172384,0.013561766
1515,1516,-0.00334143,-0.0129699,-0.00468308,0.014188541,2.12674e-16,-9.89397e-16,1.20177e-15,1.5711104e-15,-0.00334143,-0.0129699,-0.00468308,0.014188541
1516,1517,-0.00336121,-0.0134939,-0.00663321,0.015407223,-2.03152e-15,5.77424e-17,-5.32653e-16,2.1009824e-15,-0.00336121,-0.0134939,-0.00663321,0.015407223
1517,1518,-0.00333622,-0.0133658,-0.00850871,0.016191762,-4.79936e-16,5.61582e-17,1.72517e-15,1.7915647e-15,-0.00333622,-0.0133658,-0.00850871,0.016191762
1518,1519,-0.00336426,-0.0135714,-0.0103116,0.017373262,-8.28066e-16,2.17588e-17,2.89944e-17,8.2885906e-16,-0.00336426,-0.0135714,-0.0103116,0.017373262
1519,1520,-6.14037e-05,-0.0134243,-0.000821644,0.013449561,2.1095e-15,-1.41519e-16,-3.7332e-15,4.2903146e-15,-6.14037e-05,-0.0134243,-0.000821644,0.013449561
1520,1521,-4.8005e-05,-0.0132214,0.00159839,0.013317754,1.81169e-18,1.19843e-15,-1.53481e-15,1.947275e-15,-4.8005e-05,-0.0132214,0.00159839,0.013317754
1521,1522,0.000408082,-0.0127029,0.00617469,0.014130003,1.40442e-15,3.24119e-16,-8.19319e-17,1.4436626e-15,0.000408082,-0.0127029,0.00617469,0.014130003
1522,1523,-0.000111116,-0.012715,0.00452929,0.013498075,6.66476e-16,-1.52554e-16,-1.11064e-15,1.3042178e-15,-0.000111116,-0.012715,0.00452929,0.013498075
1523,1524,-0.000330933,-0.0132733,0.00297394,0.013606408,-2.25044e-15,9.90593e-16,4.31302e-16,2.4963524e-15,-0.000330933,-0.0132733,0.00297394,0.013606408
1524,1525,-0.00145482,-0.0131657,-0.00387707,0.013801589,-1.00815e-15,-2.24819e-15,-2.75385e-15,3.695188e-15,-0.00145482,-0.0131657,-0.00387707,0.013801589
1525,1526,-1.80109e-05,-0.013222,-0.00289411,0.013535046,-8.17555e-16,-1.40251e-15,-4.32046e-15,4.615388e-15,-1.80109e-05,-0.013222,-0.00289411,0.013535046
1526,1527,0.000121493,-0.0135332,-0.00455254,0.014278932,-1.65874e-15,-1.73277e-15,-4.58691e-15,5.1762586e-15,0.000121493,-0.0135332,-0.00455254,0.014278932
1527,1528,-0.00076163,-0.0135711,-0.00595413,0.014839357,-1.29746e-15,1.44452e-16,-5.85681e-16,1.4308358e-15,-0.00076163,-0.0135711,-0.00595413,0.014839357
1528,1529,-0.00108132,-0.0133008,-0.00796485,0.015540893,-6.78468e-16,-7.28563e-16,1.22982e-15,1.5822705e-15,-0.00108132,-0.0133008,-0.00796485,0.015540893
1529,1530,-0.00125649,-0.0132554,-0.00954906,0.01638502,5.61736e-16,8.36986e-16,5.68508e-16,1.1572788e-15,-0.00125649,-0.0132554,-0.00954906,0.01638502
1530,1531,0.00139597,-0.0131227,0.00425681,0.013866305,-1.07039e-15,1.00131e-15,3.46566e-16,1.5061423e-15,0.00139597,-0.0131227,0.00425681,0.013866305
1531,1532,0.001622,-0.0129935,0.00275883,0.013381818,-1.87741e-15,-1.02839e-15,-3.63469e-16,2.1712586e-15,0.001622,-0.0129935,0.00275883,0.013381818
1532,1533,0.00157655,-0.0130439,0.000360121,0.013143764,1.3833e-16,5.74156e-17,-3.36685e-16,3.6849496e-16,0.00157655,-0.0130439,0.000360121,0.013143764
1533,1534,0.00126978,-0.0129723,-0.00190351,0.013172557,1.04605e-15,-7.87251e-16,-3.32918e-15,3.5773488e-15,0.00126978,-0.0129723,-0.00190351,0.013172557
1534,1535,0.00107148,-0.0132256,-0.00369893,0.013774856,-1.68849e-15,-4.6698e-16,-3.1379e-15,3.593812e-15,0.00107148,-0.0132256,-0.00369893,0.013774856
1535,1536,0.00301407,-0.0124313,0.0080022,0.015088309,8.05159e-16,-4.24074e-16,8.04577e-16,1.2146868e-15,0.00301407,-0.0124313,0.0080022,0.015088309
1536,1537,0.00255104,-0.0125012,0.0059615,0.014082872,7.78983e-16,2.75096e-16,3.51997e-16,8.979946e-16,0.00255104,-0.0125012,0.0059615,0.014082872
1537,1538,0.00337635,-0.0126991,0.0040319,0.01374493,-1.34157e-15,-2.23973e-15,-2.85442e-15,3.8683215e-15,0.00337635,-0.0126991,0.0040319,0.01374493
1538,1539,0.00307258,-0.0122341,0.00139349,0.012690774,5.88256e-16,-1.01945e-15,-3.19792e-15,3.4076407e-15,0.00307258,-0.0122341,0.00139349,0.012690774
1539,1540,0.00260493,-0.012476,-0.00126207,0.012807383,-4.78813e-16,-5.62859e-16,-2.521e-15,2.6270731e-15,0.00260493,-0.012476,-0.00126207,0.012807383
1540,1541,0.00177879,-0.0129811,-0.00404685,0.0137131335,1.8247e-16,-6.34277e-16,-3.7971e-15,3.8540334e-15,0.00177879,-0.0129811,-0.00404685,0.0137131335
1541,1542,0.00136119,-0.0125267,-0.00617771,0.014033359,-2.32899e-17,-1.52592e-15,1.22074e-15,1.9542723e-15,0.00136119,-0.0125267,-0.00617771,0.014033359
1542,1543,0.00117767,-0.0131777,-0.00851834,0.015735336,6.48797e-16,9.31847e-17,-1.85275e-15,1.9652746e-15,0.00117767,-0.0131777,-0.00851834,0.015735336
1543,1544,-0.0114167,-0.0112274,-0.00809873,0.017943941,7.35817e-16,8.2822e-16,4.00065e-15,4.151214e-15,-0.0114167,-0.0112274,-0.00809873,0.017943941
1544,1545,-0.0119308,-0.0115237,-0.0085051,0.018640717,-3.02134e-16,-1.5991e-16,1.38375e-15,1.4253491e-15,-0.0119308,-0.0115237,-0.0085051,0.018640717
1545,1546,-0.0114153,-0.0115118,-0.00937358,0.018726842,-1.50453e-15,-9.87002e-16,-1.8815e-16,1.8091942e-15,-0.0114153,-0.0115118,-0.00937358,0.018726842
1546,1547,-0.012097,-0.011704,-0.00984936,0.019502075,1.3763e-15,1.77817e-15,-3.36543e-16,2.2736207e-15,-0.012097,-0.011704,-0.00984936,0.019502075
1547,1548,-0.0110006,-0.0113791,-0.0102521,0.01885743,-5.27744e-16,3.78056e-16,-8.97252e-16,1.1074751e-15,-0.0110006,-0.0113791,-0.0102521,0.01885743
1548,1549,-0.0116489,-0.0114577,-0.0110027,0.019698609,-1.52466e-15,-3.46511e-16,1.16429e-15,1.9494177e-15,-0.0116489,-0.0114577,-0.0110027,0.019698609
1549,1550,-0.0107974,-0.0114504,-0.0109995,0.019201158,-4.84074e-16,-8.22336e-16,-2.79529e-15,2.9536776e-15,-0.0107974,-0.0114504,-0.0109995,0.019201158
1550,1551,-0.0115566,-0.0116504,-0.0119117,0.020277461,1.26532e-15,1.38774e-15,-3.78268e-16,1.9157096e-15,-0.0115566,-0.0116504,-0.0119117,0.020277461
1551,1552,-0.0115695,-0.0117179,-0.0124428,0.020639423,5.53182e-16,1.29483e-15,-5.77917e-16,1.5220326e-15,-0.0115695,-0.0117179,-0.0124428,0.020639423
1552,1553,-0.0120477,-0.0115693,-0.0125734,0.020906605,9.92527e-16,4.4005e-16,-2.36463e-16,1.1111563e-15,-0.0120477,-0.0115693,-0.0125734,0.020906605
1553,1554,-0.0114515,-0.0116418,-0.0128397,0.020773211,6.90221e-16,5.44166e-16,-2.27467e-15,2.4385744e-15,-0.0114515,-0.0116418,-0.0128397,0.020773211
1554,1555,-0.0116511,-0.011379,-0.0133085,0.02103202,-1.39636e-16,7.94103e-16,-7.82739e-16,1.123734e-15,-0.0116511,-0.011379,-0.0133085,0.02103202
1555,1556,-0.0113015,-0.011722,-0.0135329,0.021172354,-7.3417e-16,-1.65656e-15,2.03647e-17,1.8120739e-15,-0.0113015,-0.011722,-0.0135329,0.021172354
1556,1557,-0.0116238,-0.0115338,-0.0139083,0.02148446,-6.24274e-16,-1.57965e-15,-1.28271e-15,2.1284636e-15,-0.0116238,-0.0115338,-0.0139083,0.02148446
1557,1558,-0.0113939,-0.0119721,-0.0151593,0.022426693,2.98637e-16,-3.87212e-16,-1.44687e-15,1.5272688e-15,-0.0113939,-0.0119721,-0.0151593,0.022426693
1558,1559,-0.0116076,-0.0118024,-0.0150373,0.022364112,-8.32415e-17,-1.43791e-15,1.51142e-15,2.087799e-15,-0.0116076,-0.0118024,-0.0150373,0.022364112
1559,1560,-0.0104874,-0.0117546,-0.00902463,0.018154893,-5.33568e-16,7.14328e-16,-1.18648e-15,1.4841476e-15,-0.0104874,-0.0117546,-0.00902463,0.018154893
1560,1561,-0.0113098,-0.0116503,-0.00869548,0.018418808,4.27816e-16,1.72395e-15,-3.00607e-15,3.491631e-15,-0.0113098,-0.0116503,-0.00869548,0.018418808
1561,1562,-0.0105087,-0.0117526,-0.0100762,0.018710589,7.25353e-17,-7.98092e-16,-7.41967e-16,1.0921206e-15,-0.0105087,-0.0117526,-0.0100762,0.018710589
1562,1563,-0.0109427,-0.0114658,-0.00965938,0.018561004,-5.3887e-16,1.18396e-16,-2.0486e-15,2.121594e-15,-0.0109427,-0.0114658,-0.00965938,0.018561004
1563,1564,-0.0108578,-0.0124854,-0.011492,0.020145547,-2.47849e-15,-1.33879e-15,-8.04976e-16,2.9297199e-15,-0.0108578,-0.0124854,-0.011492,0.020145547
1564,1565,-0.0114896,-0.0121725,-0.0109959,0.020027243,-7.37204e-16,-2.38204e-15,1.25946e-15,2.7935324e-15,-0.0114896,-0.0121725,-0.0109959,0.020027243
1565,1566,-0.010241,-0.0121721,-0.0122201,0.020059137,-1.0879e-15,-2.15108e-15,8.86543e-16,2.5683907e-15,-0.010241,-0.0121721,-0.0122201,0.020059137
1566,1567,-0.0107066,-0.0119138,-0.0117438,0.01986169,-8.70425e-16,-7.53371e-16,1.33302e-15,1.7612921e-15,-0.0107066,-0.0119138,-0.0117438,0.01986169
1567,1568,-0.0107976,-0.0114852,-0.0122989,0.019994022,-6.85662e-16,-2.71867e-16,-2.87345e-15,2.9666073e-15,-0.0107976,-0.0114852,-0.0122989,0.019994022
1568,1569,-0.010955,-0.0122851,-0.0130367,0.02099741,-1.53373e-15,-6.46235e-16,2.67129e-15,3.1473381e-15,-0.010955,-0.0122851,-0.0130367,0.02099741
1569,1570,-0.0108903,-0.0118983,-0.013473,0.02101642,-5.73568e-16,1.20644e-16,-1.04053e-15,1.1942521e-15,-0.0108903,-0.0118983,-0.013473,0.02101642
1570,1571,-0.0102459,-0.0121091,-0.0136684,0.020938814,-2.08517e-16,-6.29778e-16,-1.28653e-15,1.447501e-15,-0.0102459,-0.0121091,-0.0136684,0.020938814
1571,1572,-0.0108958,-0.0120613,-0.0149952,0.022114461,-1.14305e-15,-1.17991e-16,-1.01241e-16,1.1535748e-15,-0.0108958,-0.0120613,-0.0149952,0.022114461
1572,1573,-0.0100472,-0.0120939,-0.0146278,0.021475129,5.26746e-16,-1.36194e-15,-1.20202e-15,1.891347e-15,-0.0100472,-0.0120939,-0.0146278,0.021475129
1573,1574,-0.011096,-0.0122951,-0.0158463,0.022921517,-1.15385e-16,-3.17829e-16,1.2732e-15,1.3173334e-15,-0.011096,-0.0122951,-0.0158463,0.022921517
1574,1575,-0.0103357,-0.0124657,-0.0162541,0.02294376,-1.28336e-16,-1.37074e-15,-1.27942e-15,1.879445e-15,-0.0103357,-0.0124657,-0.0162541,0.02294376
1575,1576,-0.00943103,-0.0122955,-0.00997691,0.018429931,-4.02476e-16,-3.52148e-16,4.5066e-15,4.5382196e-15,-0.00943103,-0.0122955,-0.00997691,0.018429931
1576,1577,-0.00984038,-0.0119416,-0.00906839,0.017935177,-2.16481e-16,8.28356e-17,2.78154e-15,2.7911809e-15,-0.00984038,-0.0119416,-0.00906839,0.017935177
1577,1578,-0.00938812,-0.0126034,-0.0111619,0.019276164,-6.98049e-16,-2.75818e-15,2.4035e-15,3.7244653e-15,-0.00938812,-0.0126034,-0.0111619,0.019276164
1578,1579,-0.0101478,-0.0123527,-0.0105572,0.019157805,-7.88186e-16,-6.47321e-16,-1.96893e-15,2.217419e-15,-0.0101478,-0.0123527,-0.0105572,0.019157805
1579,1580,-0.00898236,-0.0125728,-0.012457,0.019847795,-2.13497e-15,-8.10751e-16,-6.28109e-17,2.2845919e-15,-0.00898236,-0.0125728,-0.012457,0.019847795
1580,1581,-0.00980069,-0.0122992,-0.0116354,0.019562881,-1.95119e-15,-6.47224e-16,-1.82862e-15,2.7513436e-15,-0.00980069,-0.0122992,-0.0116354,0.019562881
1581,1582,-0.00912829,-0.0128521,-0.0137331,0.020906942,-6.04626e-16,1.00483e-15,-3.79487e-15,3.9719382e-15,-0.00912829,-0.0128521,-0.0137331,0.020906942
1582,1583,-0.0095397,-0.0122164,-0.0123338,0.019808305,-8.13576e-16,-6.09958e-16,-2.85749e-15,3.033019e-15,-0.0095397,-0.0122164,-0.0123338,0.019808305
1583,1584,-0.0102409,-0.0126088,-0.0136366,0.021208838,-1.69061e-16,1.45021e-17,4.20314e-15,4.206564e-15,-0.0102409,-0.0126088,-0.0136366,0.021208838
1584,1585,-0.00894371,-0.012012,-0.012982,0.019819446,-3.27622e-16,-1.49545e-15,-1.28379e-15,1.9979548e-15,-0.00894371,-0.012012,-0.012982,0.019819446
1585,1586,-0.00983632,-0.0124029,-0.0144061,0.021403758,-2.95574e-16,-1.66529e-15,-1.52605e-15,2.2780218e-15,-0.00983632,-0.0124029,-0.0144061,0.021403758
1586,1587,-0.00888633,-0.0121995,-0.01431,0.020798335,-1.20806e-15,-1.83594e-15,-3.42534e-16,2.2242784e-15,-0.00888633,-0.0121995,-0.01431,0.020798335
1587,1588,-0.00959556,-0.0125186,-0.0153165,0.021986024,1.00647e-15,-1.71428e-15,1.22524e-15,2.3351555e-15,-0.00959556,-0.0125186,-0.0153165,0.021986024
1588,1589,-0.00901421,-0.0130439,-0.0162339,0.022692263,4.3791e-16,-1.72709e-15,2.33414e-15,2.9364631e-15,-0.00901421,-0.0130439,-0.0162339,0.022692263
1589,1590,-0.00953842,-0.0126926,-0.0164611,0.022870317,1.52607e-17,-1.98603e-15,1.19048e-15,2.315554e-15,-0.00953842,-0.0126926,-0.0164611,0.022870317
1590,1591,-0.00861492,-0.0125606,-0.0109677,0.018769016,-1.00259e-15,-7.83673e-16,4.47102e-16,1.3487885e-15,-0.00861492,-0.0125606,-0.0109677,0.018769016
1591,1592,-0.00745825,-0.0124701,-0.0112516,0.018377362,-5.7458e-16,-8.65988e-16,-4.11136e-15,4.2406785e-15,-0.00745825,-0.0124701,-0.0112516,0.018377362
1592,1593,-0.00846989,-0.0127301,-0.0122321,0.019581081,1.44841e-16,-8.57726e-16,-2.25572e-15,2.4176324e-15,-0.00846989,-0.0127301,-0.0122321,0.019581081
1593,1594,-0.00752145,-0.0131462,-0.0125022,0.01963924,5.04506e-16,-5.11468e-16,-2.73415e-16,7.686882e-16,-0.00752145,-0.0131462,-0.0125022,0.01963924
1594,1595,-0.00793014,-0.0125241,-0.0128432,0.019613465,-1.63053e-15,-7.31562e-16,-1.20022e-15,2.1527514e-15,-0.00793014,-0.0125241,-0.0128432,0.019613465
1595,1596,-0.00714211,-0.0131041,-0.0136225,0.020206427,-8.10309e-16,-1.6209e-17,-8.64e-16,1.1846348e-15,-0.00714211,-0.0131041,-0.0136225,0.020206427
1596,1597,-0.00790231,-0.012802,-0.0142506,0.020722385,-1.44834e-15,-7.12149e-16,1.15439e-15,1.9843039e-15,-0.00790231,-0.012802,-0.0142506,0.020722385
1597,1598,-0.00860457,-0.0127224,-0.0146105,0.021198226,-8.5591e-16,-9.16884e-16,-6.64892e-16,1.4196266e-15,-0.00860457,-0.0127224,-0.0146105,0.021198226
1598,1599,-0.00758456,-0.0127817,-0.0151433,0.021218317,-2.16001e-15,-1.22796e-15,-1.39891e-15,2.8513994e-15,-0.00758456,-0.0127817,-0.0151433,0.021218317
1599,1600,-0.00835931,-0.0128359,-0.0156561,0.02190324,-6.01966e-16,-1.05638e-15,7.15235e-16,1.4106251e-15,-0.00835931,-0.0128359,-0.0156561,0.02190324
1600,1601,-0.00734134,-0.0131745,-0.0163938,0.022275982,-5.5345e-16,8.35254e-16,-3.18567e-16,1.0513996e-15,-0.00734134,-0.0131745,-0.0163938,0.022275982
1601,1602,-0.00799278,-0.0127986,-0.0165841,0.022421442,5.90367e-16,-4.36774e-16,-2.60136e-16,7.7908624e-16,-0.00799278,-0.0127986,-0.0165841,0.022421442
1602,1603,-0.00885739,-0.0130601,-0.0175638,0.02361158,1.50558e-16,-6.01294e-16,-1.67562e-16,6.421053e-16,-0.00885739,-0.0130601,-0.0175638,0.02361158
1603,1604,-0.00780984,-0.0128694,-0.0173347,0.022958808,-2.92295e-17,-9.40183e-16,-1.366e-15,1.6585397e-15,-0.00780984,-0.0128694,-0.0173347,0.022958808
1604,1605,-0.00631232,-0.0128794,-0.0116895,0.01850321,-8.81694e-16,-9.47986e-17,2.06385e-15,2.2462964e-15,-0.00631232,-0.0128794,-0.0116895,0.01850321
1605,1606,-0.00497044,-0.0129809,-0.0119942,0.018359462,-1.88659e-15,-1.36499e-15,2.35097e-15,3.3089996e-15,-0.00497044,-0.0129809,-0.0119942,0.018359462
1606,1607,-0.00633339,-0.0136667,-0.0135153,0.020237437,1.84817e-17,-5.81182e-16,-6.88829e-16,9.01443e-16,-0.00633339,-0.0136667,-0.0135153,0.020237437
1607,1608,-0.00609272,-0.0138303,-0.0148573,0.021192871,-9.89132e-16,6.39613e-16,-1.7329e-15,2.0953353e-15,-0.00609272,-0.0138303,-0.0148573,0.021192871
1608,1609,-0.00681869,-0.01303,-0.0143986,0.020581426,5.4916e-17,-2.32664e-16,-2.17897e-15,2.1920444e-15,-0.00681869,-0.01303,-0.0143986,0.020581426
1609,1610,-0.00575013,-0.0134844,-0.0155965,0.021404294,3.91011e-16,-2.10693e-16,-3.18609e-15,3.216901e-15,-0.00575013,-0.0134844,-0.0155965,0.021404294
1610,1611,-0.00668834,-0.0132936,-0.0152745,0.021325197,-1.52903e-15,-1.4641e-16,-9.1429e-16,1.7875387e-15,-0.00668834,-0.0132936,-0.0152745,0.021325197
1611,1612,-0.0055153,-0.0139968,-0.0168025,0.022553336,-6.5131e-16,-7.35271e-16,-2.5603e-15,2.7422554e-15,-0.0055153,-0.0139968,-0.0168025,0.022553336
1612,1613,-0.00627142,-0.0134182,-0.0162621,0.021996241,4.74769e-18,-5.82055e-16,-1.31056e-15,1.4340077e-15,-0.00627142,-0.0134182,-0.0162621,0.021996241
1613,1614,-0.00699635,-0.0129892,-0.017319,0.022751175,-2.81342e-16,-1.94293e-15,1.6714e-15,2.5783151e-15,-0.00699635,-0.0129892,-0.017319,0.022751175
1614,1615,-0.00596775,-0.0134613,-0.0173234,0.022735894,8.42695e-16,-1.66386e-15,-1.20653e-15,2.2213238e-15,-0.00596775,-0.0134613,-0.0173234,0.022735894
1615,1616,-0.00664086,-0.0133053,-0.0182695,0.023556458,1.83936e-16,-1.13332e-15,8.16472e-16,1.4088553e-15,-0.00664086,-0.0133053,-0.0182695,0.023556458
1616,1617,-0.00539611,-0.0132549,-0.0183484,0.023269597,3.40123e-16,-6.29099e-16,-7.39266e-16,1.0285735e-15,-0.00539611,-0.0132549,-0.0183484,0.023269597
1617,1618,-0.00336197,-0.0129327,-0.0112508,0.017468201,-9.5003e-16,-7.07704e-16,-4.40638e-16,1.2639476e-15,-0.00336197,-0.0129327,-0.0112508,0.017468201
1618,1619,-0.00475551,-0.0136027,-0.0130249,0.019424118,5.23961e-16,1.12387e-15,6.89715e-16,1.4189171e-15,-0.00475551,-0.0136027,-0.0130249,0.019424118
1619,1620,-0.00319186,-0.0139249,-0.0128788,0.019234197,-8.57201e-16,-1.39158e-16,2.74035e-15,2.8746613e-15,-0.00319186,-0.0139249,-0.0128788,0.019234197
1620,1621,-0.00438854,-0.0132618,-0.013739,0.019593231,3.77212e-16,8.00235e-16,-4.03563e-16,9.723827e-16,-0.00438854,-0.0132618,-0.013739,0.019593231
1621,1622,-0.00268821,-0.0135102,-0.0136606,0.019400103,1.62797e-16,3.97244e-16,8.26314e-16,9.311823e-16,-0.00268821,-0.0135102,-0.0136606,0.019400103
1622,1623,-0.00406205,-0.0134599,-0.0146445,0.020301,1.10702e-15,2.62861e-16,-1.47159e-15,1.8601523e-15,-0.00406205,-0.0134599,-0.0146445,0.020301
1623,1624,-0.0037654,-0.0133306,-0.0156966,0.020934813,1.65664e-15,9.24795e-16,-1.542e-15,2.4448856e-15,-0.0037654,-0.0133306,-0.0156966,0.020934813
1624,1625,-0.00507732,-0.0137216,-0.017219,0.022595474,3.28591e-16,-3.98398e-16,-2.46292e-15,2.5164794e-15,-0.00507732,-0.0137216,-0.017219,0.022595474
1625,1626,-0.00359482,-0.0133378,-0.0166296,0.021618586,2.86049e-16,-4.02417e-16,-2.49043e-16,5.529791e-16,-0.00359482,-0.0133378,-0.0166296,0.021618586
1626,1627,-0.00458741,-0.0135491,-0.0173813,0.02251071,5.60419e-16,-1.37503e-15,-3.65243e-15,3.942718e-15,-0.00458741,-0.0135491,-0.0173813,0.02251071
1627,1628,-0.00404773,-0.0131322,-0.0176462,0.022365758,8.20075e-16,8.60667e-16,-2.47071e-16,1.2142137e-15,-0.00404773,-0.0131322,-0.0176462,0.022365758
1628,1629,-0.001465,-0.0134601,-0.0114571,0.017736562,2.11771e-17,-1.36587e-16,-2.80279e-15,2.806196e-15,-0.001465,-0.0134601,-0.0114571,0.017736562
1629,1630,-0.00132378,-0.0140445,-0.0131163,0.019262338,-1.84041e-15,9.52349e-16,-1.6079e-15,2.6228648e-15,-0.00132378,-0.0140445,-0.0131163,0.019262338
1630,1631,-0.00116957,-0.0135467,-0.0141461,0.01962124,-7.80135e-16,4.62433e-16,-1.37103e-15,1.6438304e-15,-0.00116957,-0.0135467,-0.0141461,0.01962124
1631,1632,-0.000883301,-0.0139265,-0.0148299,0.020363044,-1.55815e-15,-3.57714e-16,-1.76512e-15,2.3814784e-15,-0.000883301,-0.0139265,-0.0148299,0.020363044
1632,1633,-0.00200168,-0.013975,-0.015259,0.020788083,-1.207e-16,-1.29756e-15,1.00324e-15,1.6446036e-15,-0.00200168,-0.013975,-0.015259,0.020788083
1633,1634,-0.00198802,-0.0134469,-0.0158996,0.020918142,-5.85726e-19,1.6309e-16,-7.39324e-16,7.570989e-16,-0.00198802,-0.0134469,-0.0158996,0.020918142
1634,1635,-0.00208541,-0.0140119,-0.0172007,0.02228332,4.4736e-17,-2.26156e-16,3.00756e-15,3.0163828e-15,-0.00208541,-0.0140119,-0.0172007,0.02228332
1635,1636,-0.00299711,-0.0134737,-0.0176061,0.022371812,3.12163e-16,-3.34735e-16,-1.44705e-15,1.5177111e-15,-0.00299711,-0.0134737,-0.0176061,0.022371812
1636,1637,-0.00163055,-0.0136487,-0.0182201,0.022823622,1.44142e-15,4.44894e-16,-2.18056e-15,2.6515022e-15,-0.00163055,-0.0136487,-0.0182201,0.022823622
1637,1638,-0.00136036,-0.0140561,-0.0189137,0.02360408,-1.20086e-15,-2.72936e-16,-2.38387e-15,2.683169e-15,-0.00136036,-0.0140561,-0.0189137,0.02360408
1638,1639,-0.00235381,-0.0138486,-0.0191053,0.023713639,9.65527e-16,3.5213e-16,-9.29342e-16,1.3856097e-15,-0.00235381,-0.0138486,-0.0191053,0.023713639
1639,1640,0.000877222,-0.013255,-0.0107203,0.017070131,-2.17481e-16,-8.62051e-16,-4.88384e-15,4.9641035e-15,0.000877222,-0.013255,-0.0107203,0.017070131
1640,1641,0.000951101,-0.013055,-0.0116871,0.017547818,-2.76673e-16,1.19161e-16,-3.09875e-16,4.3216873e-16,0.000951101,-0.013055,-0.0116871,0.017547818
1641,1642,0.00076132,-0.0127953,-0.012489,0.017896213,-8.19702e-16,-1.03957e-15,-4.75878e-16,1.4067967e-15,0.00076132,-0.0127953,-0.012489,0.017896213
1642,1643,0.000880529,-0.0133999,-0.0138037,0.01925811,-4.61871e-16,-5.58194e-16,1.56424e-15,1.7238771e-15,0.000880529,-0.0133999,-0.0138037,0.01925811
1643,1644,0.000388686,-0.0134734,-0.0148415,0.020048782,-2.2397e-16,-9.25148e-16,-3.21878e-15,3.3565764e-15,0.000388686,-0.0134734,-0.0148415,0.020048782
1644,1645,0.000253171,-0.0128575,-0.0151398,0.019864364,-1.38338e-16,4.20311e-16,-1.07712e-15,1.1644682e-15,0.000253171,-0.0128575,-0.0151398,0.019864364
1645,1646,0.000164143,-0.0133067,-0.0162845,0.021030458,-1.28248e-15,-3.08325e-16,5.89317e-16,1.4446847e-15,0.000164143,-0.0133067,-0.0162845,0.021030458
1646,1647,0.000209973,-0.0128783,-0.0172081,0.021494497,1.71197e-18,-6.62154e-16,2.83672e-15,2.9129762e-15,0.000209973,-0.0128783,-0.0172081,0.021494497
1647,1648,0.000280998,-0.0136247,-0.0183531,0.022859303,1.02636e-17,1.26623e-16,-6.30935e-16,6.4359744e-16,0.000280998,-0.0136247,-0.0183531,0.022859303
1648,1649,-9.49597e-06,-0.0136631,-0.0189238,0.02334075,1.40319e-15,-8.85418e-17,-7.6078e-15,7.736628e-15,-9.49597e-06,-0.0136631,-0.0189238,0.02334075
1649,1650,-0.0103169,-0.0119417,-0.0166605,0.022948092,-5.37767e-16,4.90036e-16,-3.7349e-16,8.1781624e-16,-0.0103169,-0.0119417,-0.0166605,0.022948092
1650,1651,-0.0107747,-0.0116827,-0.0158217,0.022425562,-1.02545e-16,4.48987e-16,-2.0261e-15,2.0777839e-15,-0.0107747,-0.0116827,-0.0158217,0.022425562
1651,1652,-0.0105147,-0.0125452,-0.0172857,0.023806227,1.69709e-16,-3.16428e-16,-1.71341e-15,1.750629e-15,-0.0105147,-0.0125452,-0.0172857,0.023806227
1652,1653,-0.0108776,-0.0121666,-0.0165778,0.0232631,9.30088e-17,7.45361e-16,-3.62979e-15,3.706695e-15,-0.0108776,-0.0121666,-0.0165778,0.0232631
1653,1654,-0.011131,-0.0114964,-0.0153383,0.022165962,-9.79047e-16,-5.06959e-16,2.63592e-15,2.857204e-15,-0.011131,-0.0114964,-0.0153383,0.022165962
1654,1655,-0.0096368,-0.0121766,-0.017182,0.023159418,-4.20003e-16,6.14033e-16,-1.16128e-15,1.3791338e-15,-0.0096368,-0.0121766,-0.017182,0.023159418
1655,1656,-0.00923811,-0.0127566,-0.0177247,0.02371157,7.88964e-16,1.52154e-15,-1.28316e-15,2.141039e-15,-0.00923811,-0.0127566,-0.0177247,0.02371157
1656,1657,-0.00980176,-0.0128341,-0.0179191,0.024122246,3.80821e-16,4.42519e-16,-1.47391e-16,6.0213936e-16,-0.00980176,-0.0128341,-0.0179191,0.024122246
1657,1658,-0.00910296,-0.013175,-0.0182281,0.02426331,-1.30209e-15,2.86257e-16,-4.26969e-15,4.472989e-15,-0.00910296,-0.013175,-0.0182281,0.02426331
1658,1659,-0.00957307,-0.0128557,-0.0183046,0.024330456,-4.27261e-17,6.74858e-17,7.69581e-16,7.737149e-16,-0.00957307,-0.0128557,-0.0183046,0.024330456
1659,1660,-0.0103202,-0.0126094,-0.0178602,0.024176233,2.05375e-16,2.57445e-16,-2.20866e-15,2.2330776e-15,-0.0103202,-0.0126094,-0.0178602,0.024176233
1660,1661,-0.00982415,-0.0127002,-0.0181738,0.024250692,1.67723e-16,2.44941e-16,-1.61103e-15,1.6381528e-15,-0.00982415,-0.0127002,-0.0181738,0.024250692
1661,1662,-0.00904921,-0.0128249,-0.0187759,0.024472449,-3.45069e-16,-3.21453e-16,-7.95204e-17,4.782553e-16,-0.00904921,-0.0128249,-0.0187759,0.024472449
1662,1663,-0.0101164,-0.0119072,-0.0165516,0.022761337,2.39923e-16,2.56235e-16,-1.99904e-15,2.0296256e-15,-0.0101164,-0.0119072,-0.0165516,0.022761337
1663,1664,-0.0096538,-0.01309,-0.0188985,0.024933858,1.329e-16,5.69605e-17,-3.23009e-15,3.2333247e-15,-0.0096538,-0.01309,-0.0188985,0.024933858
1664,1665,-0.00879376,-0.0134205,-0.0197332,0.025433034,-1.58367e-15,1.87783e-16,-7.01109e-16,1.7420755e-15,-0.00879376,-0.0134205,-0.0197332,0.025433034
1665,1666,-0.0102292,-0.0121343,-0.0172582,0.023446178,-3.64207e-16,-1.01832e-15,-3.36756e-15,3.5369595e-15,-0.0102292,-0.0121343,-0.0172582,0.023446178
1666,1667,-0.0084047,-0.0130124,-0.0184849,0.024117485,3.07754e-16,1.12304e-15,-2.38536e-15,2.6544064e-15,-0.0084047,-0.0130124,-0.0184849,0.024117485
1667,1668,-0.0072883,-0.0126869,-0.017825,0.02306095,-1.68677e-16,7.32692e-16,-8.61121e-16,1.1431618e-15,-0.0072883,-0.0126869,-0.017825,0.02306095
1668,1669,-0.00817676,-0.0134863,-0.0190966,0.024767313,-1.3467e-15,9.70914e-16,-2.70823e-16,1.6821474e-15,-0.00817676,-0.0134863,-0.0190966,0.024767313
1669,1670,-0.00879177,-0.0131245,-0.0186311,0.024426742,-9.96722e-16,-1.48738e-16,-3.15791e-15,3.3148111e-15,-0.00879177,-0.0131245,-0.0186311,0.024426742
1670,1671,-0.00798438,-0.0133706,-0.0192565,0.024765622,-5.65661e-16,-1.26867e-16,-2.15888e-15,2.2353593e-15,-0.00798438,-0.0133706,-0.0192565,0.024765622
1671,1672,-0.00825424,-0.013269,-0.0191825,0.024742011,2.50049e-17,-1.08613e-15,-2.25024e-17,1.0866508e-15,-0.00825424,-0.013269,-0.0191825,0.024742011
1672,1673,-0.00744117,-0.0135461,-0.0198931,0.025191333,1.68163e-16,-6.47337e-16,-1.43981e-15,1.5875695e-15,-0.00744117,-0.0135461,-0.0198931,0.025191333
1673,1674,-0.00762304,-0.0130752,-0.0192819,0.024512513,-3.09826e-16,-4.69763e-16,-1.38333e-15,1.4934092e-15,-0.00762304,-0.0130752,-0.0192819,0.024512513
1674,1675,-0.00836693,-0.0133044,-0.0195336,0.02507138,-8.40195e-16,1.44022e-16,1.76978e-15,1.9643806e-15,-0.00836693,-0.0133044,-0.0195336,0.02507138
1675,1676,-0.00731102,-0.0135947,-0.0195766,0.024930105,3.67969e-16,1.75999e-16,1.69045e-15,1.7389647e-15,-0.00731102,-0.0135947,-0.0195766,0.024930105
1676,1677,-0.00900101,-0.0129873,-0.0189575,0.024679445,-2.59175e-16,1.21069e-15,1.25339e-15,1.761797e-15,-0.00900101,-0.0129873,-0.0189575,0.024679445
1677,1678,-0.00837978,-0.0130452,-0.0186445,0.024249028,-4.56141e-16,1.93251e-16,2.63375e-16,5.6104985e-16,-0.00837978,-0.0130452,-0.0186445,0.024249028
1678,1679,-0.0077766,-0.0136296,-0.019285,0.024862679,-1.23368e-15,5.44606e-16,-1.45933e-15,1.9870093e-15,-0.0077766,-0.0136296,-0.019285,0.024862679
1679,1680,-0.00652292,-0.0132714,-0.0187631,0.02389001,-1.42841e-15,1.35655e-16,7.58106e-16,1.6228007e-15,-0.00652292,-0.0132714,-0.0187631,0.02389001
1680,1681,-0.00681794,-0.0129,-0.0183671,0.023457296,-3.11873e-16,-1.00023e-15,-6.4889e-16,1.2323892e-15,-0.00681794,-0.0129,-0.0183671,0.023457296
1681,1682,-0.00588943,-0.0134336,-0.019692,0.024554467,1.05245e-16,-7.97771e-16,-2.8704e-15,2.9810588e-15,-0.00588943,-0.0134336,-0.019692,0.024554467
1682,1683,-0.0068669,-0.0131509,-0.0189671,0.024080103,-1.94077e-16,9.37527e-16,-2.99201e-15,3.141456e-15,-0.0068669,-0.0131509,-0.0189671,0.024080103
1683,1684,-0.00590984,-0.0139912,-0.0203848,0.025420856,-2.3612e-15,-5.36642e-16,-2.97725e-17,2.421598e-15,-0.00590984,-0.0139912,-0.0203848,0.025420856
1684,1685,-0.00624274,-0.0133482,-0.0196163,0.024534578,8.40426e-17,7.31145e-17,-4.25502e-15,4.2564778e-15,-0.00624274,-0.0133482,-0.0196163,0.024534578
1685,1686,-0.00602737,-0.0140905,-0.0202402,0.025387736,-4.96504e-16,-2.61705e-16,6.0937e-16,8.2845487e-16,-0.00602737,-0.0140905,-0.0202402,0.025387736
1686,1687,-0.00705406,-0.0139457,-0.0204004,0.025698612,-6.24482e-16,-2.09381e-17,-8.31527e-16,1.0401218e-15,-0.00705406,-0.0139457,-0.0204004,0.025698612
1687,1688,-0.00569084,-0.0137906,-0.0198324,0.024817139,1.32517e-15,3.66636e-16,-3.06958e-15,3.3634535e-15,-0.00569084,-0.0137906,-0.0198324,0.024817139
1688,1689,-0.00602668,-0.0133611,-0.0196534,0.02451726,4.35412e-16,1.44143e-16,1.32056e-16,4.7728353e-16,-0.00602668,-0.0133611,-0.0196534,0.02451726
1689,1690,-0.0059003,-0.0140749,-0.020426,0.0254978,4.74552e-16,-5.20093e-16,-2.03537e-15,2.153701e-15,-0.0059003,-0.0140749,-0.020426,0.0254978
1690,1691,-0.00667652,-0.0136219,-0.0198457,0.02497967,-6.41604e-16,-3.5896e-16,2.0709e-15,2.1975294e-15,-0.00667652,-0.0136219,-0.0198457,0.02497967
1691,1692,-0.00616728,-0.0141355,-0.0204985,0.025652217,1.75612e-16,-2.32584e-15,1.15536e-15,2.602927e-15,-0.00616728,-0.0141355,-0.0204985,0.025652217
1692,1693,-0.00502638,-0.0142544,-0.0208655,0.025764734,1.15319e-15,-1.91034e-15,2.04539e-15,3.0270228e-15,-0.00502638,-0.0142544,-0.0208655,0.025764734
1693,1694,-0.00712561,-0.0138068,-0.0194773,0.024915202,-6.63476e-16,-6.20594e-16,-3.37454e-16,9.691298e-16,-0.00712561,-0.0138068,-0.0194773,0.024915202
1694,1695,-0.00401357,-0.0139369,-0.0189859,0.023891637,-4.19332e-16,-1.17405e-15,6.77502e-16,1.4188874e-15,-0.00401357,-0.0139369,-0.0189859,0.023891637
1695,1696,-0.00518881,-0.013759,-0.0189993,0.024025138,-2.06561e-16,-2.69058e-16,3.94533e-17,3.4149118e-16,-0.00518881,-0.013759,-0.0189993,0.024025138
1696,1697,-0.00373764,-0.0137354,-0.0196285,0.024246838,-9.44289e-16,-4.87778e-16,2.62592e-15,2.8328547e-15,-0.00373764,-0.0137354,-0.0196285,0.024246838
1697,1698,-0.00429422,-0.0132685,-0.0194969,0.023971286,2.10592e-16,-1.38055e-15,-1.83961e-16,1.408584e-15,-0.00429422,-0.0132685,-0.0194969,0.023971286
1698,1699,-0.00447176,-0.01408,-0.0203402,0.02513895,-1.00928e-15,-1.53325e-15,2.41272e-15,3.03162e-15,-0.00447176,-0.01408,-0.0203402,0.02513895
1699,1700,-0.00517738,-0.0137751,-0.0199972,0.024828345,-1.54615e-15,3.9102e-16,-7.52849e-16,1.7635924e-15,-0.00517738,-0.0137751,-0.0199972,0.024828345
1700,1701,-0.00372715,-0.0136469,-0.0203307,0.024768263,-5.67034e-16,5.90295e-16,2.94914e-17,8.190516e-16,-0.00372715,-0.0136469,-0.0203307,0.024768263
1701,1702,-0.0045803,-0.0136474,-0.0195822,0.024304181,-3.52418e-16,-2.52648e-16,3.82168e-16,5.7799813e-16,-0.0045803,-0.0136474,-0.0195822,0.024304181
1702,1703,-0.00438466,-0.0137539,-0.0198768,0.024565876,-2.56696e-16,9.02455e-16,-9.77803e-16,1.3551444e-15,-0.00438466,-0.0137539,-0.0198768,0.024565876
1703,1704,-0.00442406,-0.0134388,-0.0207543,0.025118014,6.29434e-16,-4.7021e-16,-1.18861e-15,1.4248082e-15,-0.00442406,-0.0134388,-0.0207543,0.025118014
1704,1705,-0.00443122,-0.0142596,-0.0211237,0.025868565,1.60617e-15,1.93956e-16,-2.45502e-15,2.9401572e-15,-0.00443122,-0.0142596,-0.0211237,0.025868565
1705,1706,-0.00385218,-0.0142285,-0.021146,0.025776787,1.58291e-15,-2.76727e-15,-1.4373e-15,3.49703e-15,-0.00385218,-0.0142285,-0.021146,0.025776787
1706,1707,-0.00226531,-0.0138418,-0.0196342,0.024129419,1.31638e-15,-1.49262e-16,-1.09866e-16,1.329363e-15,-0.00226531,-0.0138418,-0.0196342,0.024129419
1707,1708,-0.00244736,-0.013598,-0.0199995,0.024307923,-1.43781e-15,-1.00421e-15,-1.99723e-15,2.6579434e-15,-0.00244736,-0.013598,-0.0199995,0.024307923
1708,1709,-0.00269291,-0.0130431,-0.0196456,0.023734443,-1.36677e-16,-1.26797e-15,-2.98995e-16,1.3098956e-15,-0.00269291,-0.0130431,-0.0196456,0.023734443
1709,1710,-0.00272816,-0.0134999,-0.0201837,0.024435053,-1.60057e-15,-7.78346e-16,3.23882e-15,3.695619e-15,-0.00272816,-0.0134999,-0.0201837,0.024435053
1710,1711,-0.00220372,-0.013281,-0.0207395,0.024725862,-7.75906e-16,-5.16326e-17,3.90031e-16,8.699542e-16,-0.00220372,-0.013281,-0.0207395,0.024725862
1711,1712,-0.0018924,-0.014206,-0.0215123,0.025848996,-6.27804e-16,-6.81004e-16,-5.57674e-16,1.0811589e-15,-0.0018924,-0.014206,-0.0215123,0.025848996
1712,1713,-0.00279901,-0.0142788,-0.0211408,0.025664218,7.18366e-16,-1.31687e-15,-8.33113e-16,1.7158886e-15,-0.00279901,-0.0142788,-0.0211408,0.025664218
1713,1714,-0.00255889,-0.0134478,-0.0198727,0.024131214,-5.02011e-16,1.10743e-16,2.66272e-17,5.1476993e-16,-0.00255889,-0.0134478,-0.0198727,0.024131214
1714,1715,-0.00255529,-0.01275,-0.0197773,0.023669254,-9.3746e-17,1.96203e-16,-4.5762e-16,5.0665567e-16,-0.00255529,-0.01275,-0.0197773,0.023669254
1715,1716,-0.00257132,-0.01355,-0.0203392,0.02457432,-4.35953e-16,-1.35443e-15,-4.06166e-16,1.4796982e-15,-0.00257132,-0.01355,-0.0203392,0.02457432
1716,1717,-0.00218802,-0.0135062,-0.0210936,0.02514249,-5.44291e-16,-1.55254e-15,4.52989e-16,1.7064092e-15,-0.00218802,-0.0135062,-0.0210936,0.02514249
1717,1718,-0.0004126,-0.0129402,-0.0184162,0.022511674,7.62391e-16,-4.31511e-16,-3.41697e-15,3.5274816e-15,-0.0004126,-0.0129402,-0.0184162,0.022511674
1718,1719,-0.000478647,-0.0127402,-0.0181825,0.02220687,1.0216e-16,-2.67531e-15,-2.39759e-15,3.5939057e-15,-0.000478647,-0.0127402,-0.0181825,0.02220687
1719,1720,-0.000446079,-0.0124916,-0.018851,0.02261856,3.88021e-16,-1.79138e-15,-1.9225e-15,2.6562398e-15,-0.000446079,-0.0124916,-0.018851,0.02261856
1720,1721,-0.000403013,-0.0136053,-0.0200741,0.024253579,-8.92709e-16,-1.71262e-15,-1.03598e-15,2.1916321e-15,-0.000403013,-0.0136053,-0.0200741,0.024253579
1721,1722,-0.000313375,-0.0134621,-0.02114,0.025064437,-1.88959e-16,-1.86867e-15,2.81895e-16,1.8992363e-15,-0.000313375,-0.0134621,-0.02114,0.025064437
1722,1723,-0.000167524,-0.01337,-0.0215599,0.025369553,-7.30554e-17,-1.56823e-15,4.43939e-18,1.569937e-15,-0.000167524,-0.01337,-0.0215599,0.025369553
1723,1724,-0.000469976,-0.013727,-0.021851,0.025809254,-1.09295e-15,-2.48046e-15,7.63766e-16,2.816125e-15,-0.000469976,-0.013727,-0.021851,0.025809254
1724,1725,-0.000581396,-0.0132388,-0.0209978,0.024829648,1.33785e-15,-8.84703e-16,9.39742e-16,1.8589398e-15,-0.000581396,-0.0132388,-0.0209978,0.024829648
1725,1726,-0.000291998,-0.0130407,-0.0212156,0.024904754,6.03718e-16,3.43156e-17,-6.62771e-17,6.083138e-16,-0.000291998,-0.0130407,-0.0212156,0.024904754
1726,1727,-0.000186984,-0.0139067,-0.0214797,0.025589231,3.81056e-16,-1.99031e-16,-3.81135e-15,3.835519e-15,-0.000186984,-0.0139067,-0.0214797,0.025589231
1727,1728,-0.000109536,-0.013224,-0.0213622,0.025124287,-8.16061e-17,-1.44896e-15,-8.46189e-16,1.6799346e-15,-0.000109536,-0.013224,-0.0213622,0.025124287
1728,1729,-0.00651532,-0.014113,-0.0196152,0.025027629,-1.113e-15,-7.96199e-16,1.17133e-15,1.8013094e-15,-0.00651532,-0.014113,-0.0196152,0.025027629
1729,1730,-0.00564318,-0.0145995,-0.0210693,0.026247025,-6.03608e-16,-1.34478e-15,7.10738e-16,1.6364365e-15,-0.00564318,-0.0145995,-0.0210693,0.026247025
1730,1731,-0.0035901,-0.0139698,-0.0205001,0.025065877,6.30558e-16,-1.84164e-15,7.50304e-17,1.9480428e-15,-0.0035901,-0.0139698,-0.0205001,0.025065877
1731,1732,-0.00400527,-0.0137714,-0.0194924,0.02420015,1.22096e-15,1.59326e-16,-7.39077e-16,1.4360929e-15,-0.00400527,-0.0137714,-0.0194924,0.02420015
1732,1733,-0.00366048,-0.0139121,-0.0197105,0.024401834,-3.44484e-16,3.44282e-17,-5.3571e-16,6.378399e-16,-0.00366048,-0.0139121,-0.0197105,0.024401834
1733,1734,-0.00207774,-0.0139228,-0.021326,0.025553076,7.55336e-16,-1.73479e-15,-2.04047e-15,2.7827228e-15,-0.00207774,-0.0139228,-0.021326,0.025553076
1734,1735,-0.00202157,-0.0138682,-0.0212527,0.02545763,8.57408e-16,3.25308e-16,-1.84375e-15,2.05922e-15,-0.00202157,-0.0138682,-0.0212527,0.02545763
1735,1736,-0.00200239,-0.0138927,-0.0212222,0.025444027,4.71747e-16,3.82771e-16,-2.6663e-15,2.7346323e-15,-0.00200239,-0.0138927,-0.0212222,0.025444027
1736,1737,-0.00315261,-0.0139892,-0.0199124,0.024538547,2.79852e-16,-6.27239e-16,-2.48869e-15,2.581729e-15,-0.00315261,-0.0139892,-0.0199124,0.024538547
1737,1738,-0.00179218,-0.0140456,-0.0211325,0.025437636,-1.38202e-15,8.51271e-16,1.80243e-15,2.4255712e-15,-0.00179218,-0.0140456,-0.0211325,0.025437636
1738,1739,2.51348e-05,-0.0139654,-0.0220901,0.026134375,-4.50972e-16,-1.7751e-15,-2.07531e-15,2.7678993e-15,2.51348e-05,-0.0139654,-0.0220901,0.026134375
1739,1740,8.60002e-05,-0.0137798,-0.0221856,0.026116874,4.28464e-16,-4.63116e-16,-2.99923e-15,3.0648716e-15,8.60002e-05,-0.0137798,-0.0221856,0.026116874
1740,1741,0.000168732,-0.0139746,-0.0223492,0.026359146,9.8878e-17,-6.5981e-16,-2.35383e-15,2.446557e-15,0.000168732,-0.0139746,-0.0223492,0.026359146
1741,1742,0.000176581,-0.0137824,-0.0222787,0.026197828,-1.90995e-16,-1.64236e-15,-2.86248e-16,1.6780237e-15,0.000176581,-0.0137824,-0.0222787,0.026197828
1742,1743,-0.00957838,-0.00570213,0.0272138,0.029408341,-1.51372e-15,-1.99664e-15,4.41558e-15,5.0769346e-15,-0.00957838,-0.00570213,0.0272138,0.029408341
1743,1744,-0.00670303,-0.00320806,0.0260684,0.027106896,-1.86032e-16,-8.85941e-16,2.89305e-15,3.0313755e-15,-0.00670303,-0.00320806,0.0260684,0.027106896
1744,1745,-0.00748407,-0.00275169,0.0261062,0.027296826,-2.5329e-15,-1.25757e-15,4.70195e-15,5.486839e-15,-0.00748407,-0.00275169,0.0261062,0.027296826
1745,1746,-0.00630041,-0.000824702,0.0257012,0.026475025,-2.61611e-15,-5.77176e-16,6.86221e-16,2.765513e-15,-0.00630041,-0.000824702,0.0257012,0.026475025
1746,1747,-0.00521625,0.000858172,0.0243558,0.024922896,-8.36125e-16,-6.55228e-16,-3.05069e-16,1.105213e-15,-0.00521625,0.000858172,0.0243558,0.024922896
1747,1748,-0.00786464,0.00487334,0.0284151,0.029883439,5.42486e-17,1.00521e-15,-2.67393e-16,1.0415801e-15,-0.00786464,0.00487334,0.0284151,0.029883439
1748,1749,-0.00495812,0.00271786,0.0248843,0.025518585,-6.08931e-16,1.1239e-16,2.25276e-15,2.3363125e-15,-0.00495812,0.00271786,0.0248843,0.025518585
1749,1750,-0.00450142,0.00521128,0.0260114,0.026907492,-6.38501e-16,1.70058e-15,-2.67986e-16,1.836157e-15,-0.00450142,0.00521128,0.0260114,0.026907492
1750,1751,-0.00420349,0.00995344,0.029065,0.031008298,-3.35003e-15,2.40157e-15,3.53147e-15,5.427847e-15,-0.00420349,0.00995344,0.029065,0.031008298
1751,1752,-0.0033261,0.0118117,0.0272916,0.029923413,-2.96916e-15,-5.71302e-16,3.24943e-15,4.438591e-15,-0.0033261,0.0118117,0.0272916,0.029923413
1752,1753,-0.00270209,0.0118253,0.0249321,0.027726315,3.82797e-16,1.02412e-15,1.54887e-16,1.1042397e-15,-0.00270209,0.0118253,0.0249321,0.027726315
1753,1754,-0.00707244,-0.00577516,0.0269286,0.02843451,-4.66859e-16,-1.75409e-16,1.94727e-15,2.010121e-15,-0.00707244,-0.00577516,0.0269286,0.02843451
1754,1755,-0.00770748,-0.00431113,0.0273199,0.02871181,-2.58535e-15,-1.77242e-15,7.44905e-15,8.081699e-15,-0.00770748,-0.00431113,0.0273199,0.02871181
1755,1756,-0.00548328,-0.00387926,0.0257924,0.026652634,-1.36426e-15,8.02547e-16,3.44972e-15,3.7955047e-15,-0.00548328,-0.00387926,0.0257924,0.026652634
1756,1757,-0.00449308,-0.00248996,0.0251595,0.025678555,-6.22761e-16,8.27091e-16,3.87191e-15,4.007942e-15,-0.00449308,-0.00248996,0.0251595,0.025678555
1757,1758,-0.00358432,-0.00106328,0.0238414,0.024132764,-5.9933e-16,4.02473e-16,-2.11354e-16,7.52231e-16,-0.00358432,-0.00106328,0.0238414,0.024132764
1758,1759,-0.00198604,0.00205551,0.0220425,0.02222704,-3.20122e-16,1.42088e-16,7.84271e-16,8.589226e-16,-0.00198604,0.00205551,0.0220425,0.02222704
1759,1760,-0.00131747,0.00422445,0.0238066,0.024214374,4.08879e-16,7.08945e-16,1.47761e-15,1.6891171e-15,-0.00131747,0.00422445,0.0238066,0.024214374
1760,1761,-0.00282177,0.00048837,0.0231321,0.023308689,-7.39107e-16,7.5219e-17,3.16828e-15,3.254218e-15,-0.00282177,0.00048837,0.0231321,0.023308689
1761,1762,-0.00413459,0.0076532,0.0274374,0.02878328,-1.75347e-15,4.44204e-16,-9.94604e-16,2.0642701e-15,-0.00413459,0.0076532,0.0274374,0.02878328
1762,1763,-0.00121952,0.00629238,0.0251673,0.025970642,1.32588e-16,1.46052e-15,4.37321e-15,4.612555e-15,-0.00121952,0.00629238,0.0251673,0.025970642
1763,1764,-0.00090852,0.00842362,0.0266414,0.027956162,-3.09811e-16,2.35522e-16,1.18519e-15,1.2474489e-15,-0.00090852,0.00842362,0.0266414,0.027956162
1764,1765,-0.00361847,0.011174,0.0284425,0.030772185,-1.86654e-15,4.31058e-16,-9.91187e-17,1.9182302e-15,-0.00361847,0.011174,0.0284425,0.030772185
1765,1766,-0.000354697,0.0105543,0.0280747,0.02999513,-4.81426e-16,1.93473e-15,4.55197e-16,2.0450319e-15,-0.000354697,0.0105543,0.0280747,0.02999513
1766,1767,-5.87202e-05,0.012003,0.025517,0.028199162,5.77128e-16,2.56996e-15,9.20372e-16,2.7901356e-15,-5.87202e-05,0.012003,0.025517,0.028199162
1767,1768,-0.00280001,0.0120508,0.0261498,0.028928773,1.56466e-15,8.44235e-16,8.3262e-17,1.7798388e-15,-0.00280001,0.0120508,0.0261498,0.028928773
1768,1769,1.7286e-05,0.0122661,0.0234883,0.02649826,2.9032e-15,1.45047e-15,1.87765e-15,3.7494002e-15,1.7286e-05,0.0122661,0.0234883,0.02649826
1769,1770,-0.00243144,0.0123502,0.0238708,0.02698619,-5.3566e-16,2.55967e-15,-3.81716e-16,2.6428298e-15,-0.00243144,0.0123502,0.0238708,0.02698619
1770,1771,-0.00184406,-0.00144253,0.023847,0.023961654,4.98502e-16,5.53464e-16,1.77452e-15,1.9245124e-15,-0.00184406,-0.00144253,0.023847,0.023961654
1771,1772,-0.00113595,-1.12668e-05,0.0237595,0.023786642,2.60189e-16,1.10872e-15,-5.06468e-16,1.246382e-15,-0.00113595,-1.12668e-05,0.0237595,0.023786642
1772,1773,1.78045e-05,0.00165403,0.0238413,0.02389861,-4.60824e-16,7.92795e-16,7.16524e-16,1.1637393e-15,1.78045e-05,0.00165403,0.0238413,0.02389861
1773,1774,0.000955859,0.00742809,0.0263343,0.027378561,-6.99244e-16,2.25153e-15,2.11351e-15,3.1662682e-15,0.000955859,0.00742809,0.0263343,0.027378561
1774,1775,0.00191825,0.00634176,0.0247959,0.025665818,-3.26274e-16,-2.36921e-16,-2.66262e-16,4.831995e-16,0.00191825,0.00634176,0.0247959,0.025665818
1775,1776,0.000637874,0.00348548,0.0229811,0.023252664,-7.43206e-16,1.55972e-15,-1.9857e-15,2.6321259e-15,0.000637874,0.00348548,0.0229811,0.023252664
1776,1777,0.00138803,0.00906966,0.0276172,0.029101461,-2.03325e-15,2.71382e-15,4.12082e-15,5.3366735e-15,0.00138803,0.00906966,0.0276172,0.029101461
1777,1778,0.00291503,0.012343,0.0277976,0.03055411,3.93173e-18,2.68453e-15,3.54212e-15,4.444472e-15,0.00291503,0.012343,0.0277976,0.03055411
1778,1779,-0.000173442,0.0118608,0.0274018,0.029859124,-1.83742e-15,2.30862e-15,1.50597e-15,3.3126705e-15,-0.000173442,0.0118608,0.0274018,0.029859124
1779,1780,0.000103115,0.0123791,0.0246791,0.027609974,1.21572e-15,7.21944e-16,1.81067e-15,2.2973255e-15,0.000103115,0.0123791,0.0246791,0.027609974
1780,1781,0.00270371,0.0122144,0.0251359,0.028076949,3.43152e-16,1.91968e-15,3.24543e-15,3.7862568e-15,0.00270371,0.0122144,0.0251359,0.028076949
1781,1782,0.00295375,0.0127171,0.0245874,0.027838632,-8.56198e-16,2.1946e-15,3.79893e-16,2.3861397e-15,0.00295375,0.0127171,0.0245874,0.027838632
1782,1783,0.000394867,0.012626,0.0225885,0.02588073,1.04139e-15,6.64633e-16,7.1385e-16,1.4268187e-15,0.000394867,0.012626,0.0225885,0.02588073
1783,1784,0.00261073,0.0126436,0.022764,0.026170138,4.71284e-15,1.56923e-15,1.40348e-15,5.1616955e-15,0.00261073,0.0126436,0.022764,0.026170138
1784,1785,0.000382969,-0.000637826,0.0224212,0.02243354,-6.27542e-16,-2.13121e-15,3.35829e-15,4.0266583e-15,0.000382969,-0.000637826,0.0224212,0.02243354
1785,1786,0.00117431,0.000987208,0.0228225,0.022874003,-1.46562e-15,-5.08175e-16,1.92909e-15,2.4754136e-15,0.00117431,0.000987208,0.0228225,0.022874003
1786,1787,0.00239519,0.00299103,0.0235268,0.02383681,-9.43605e-16,-2.38511e-16,-3.91496e-16,1.0490696e-15,0.00239519,0.00299103,0.0235268,0.02383681
1787,1788,0.00359169,0.00561231,0.0247227,0.025604885,-6.30612e-16,5.94704e-16,2.46802e-16,9.012522e-16,0.00359169,0.00561231,0.0247227,0.025604885
1788,1789,0.00539423,0.00860512,0.0271787,0.029014263,-4.4572e-16,6.53464e-16,-2.19922e-15,2.3371458e-15,0.00539423,0.00860512,0.0271787,0.029014263
1789,1790,0.00350852,0.0110854,0.0290213,0.031263903,5.70177e-16,-7.25343e-19,2.50702e-15,2.5710408e-15,0.00350852,0.0110854,0.0290213,0.031263903
1790,1791,0.00492988,0.0120242,0.0262793,0.029317005,-5.34799e-16,3.93613e-16,2.86692e-15,2.942817e-15,0.00492988,0.0120242,0.0262793,0.029317005
1791,1792,0.00600896,0.011335,0.0239149,0.027138758,-6.4987e-16,2.47246e-16,3.45748e-15,3.5267024e-15,0.00600896,0.011335,0.0239149,0.027138758
1792,1793,0.00584175,0.010885,0.0263119,0.0290676,1.32888e-15,-2.44105e-16,4.52954e-15,4.726758e-15,0.00584175,0.010885,0.0263119,0.0290676
1793,1794,0.00480907,0.0118253,0.0237391,0.026953844,9.55885e-16,8.32632e-16,3.06259e-15,3.3145814e-15,0.00480907,0.0118253,0.0237391,0.026953844
1794,1795,0.00652472,0.0114872,0.022131,0.02577419,-6.27928e-16,-1.14365e-16,7.60124e-15,7.627989e-15,0.00652472,0.0114872,0.022131,0.02577419
1795,1796,0.00432103,0.0123943,0.0221594,0.025755174,4.84031e-15,1.68198e-15,-9.85107e-16,5.218055e-15,0.00432103,0.0123943,0.0221594,0.025755174
1796,1797,0.00550538,0.0116185,0.0202544,0.023990402,-8.35732e-16,-1.8785e-16,4.48563e-16,9.669253e-16,0.00550538,0.0116185,0.0202544,0.023990402
1797,1798,0.00517566,0.0121225,0.0225066,0.026082361,2.59661e-15,2.16296e-15,-2.20789e-15,4.0367756e-15,0.00517566,0.0121225,0.0225066,0.026082361
1798,1799,0.00279503,0.0121387,0.0205508,0.02403114,1.22066e-15,-9.9137e-16,1.06613e-15,1.8998576e-15,0.00279503,0.0121387,0.0205508,0.02403114
1799,1800,0.00318676,0.000542187,0.0245777,0.024789367,-6.89099e-16,7.7792e-16,1.08506e-15,1.5024554e-15,0.00318676,0.000542187,0.0245777,0.024789367
1800,1801,0.00422541,0.00224373,0.0240963,0.024566647,-6.18335e-16,1.44232e-15,-8.41919e-16,1.7808573e-15,0.00422541,0.00224373,0.0240963,0.024566647
1801,1802,0.00565833,0.00444014,0.0259549,0.026933035,-6.62677e-16,1.14088e-15,1.57075e-16,1.3286914e-15,0.00565833,0.00444014,0.0259549,0.026933035
1802,1803,0.00679442,0.00729623,0.0263602,0.028182607,4.03269e-16,1.32156e-15,-1.54126e-15,2.0699346e-15,0.00679442,0.00729623,0.0263602,0.028182607
1803,1804,0.00825496,0.0101867,0.028696,0.031549543,1.28535e-15,1.30617e-15,-3.23104e-15,3.7145423e-15,0.00825496,0.0101867,0.028696,0.031549543
1804,1805,0.00833536,0.0112576,0.0271562,0.03055603,-4.27065e-16,-1.23687e-16,2.83942e-15,2.8740196e-15,0.00833536,0.0112576,0.0271562,0.03055603
1805,1806,0.00770795,0.0111035,0.0249775,0.028400276,-5.3189e-16,1.83015e-15,-1.61054e-15,2.4952345e-15,0.00770795,0.0111035,0.0249775,0.028400276
1806,1807,0.00690659,0.0118217,0.0211061,0.025157921,5.7664e-16,1.50287e-15,-3.33471e-15,3.702894e-15,0.00690659,0.0118217,0.0211061,0.025157921
1807,1808,0.00801853,0.0114005,0.0231922,0.027058205,-6.38793e-16,1.30162e-15,-4.80342e-16,1.527416e-15,0.00801853,0.0114005,0.0231922,0.027058205
1808,1809,0.00508212,-0.000360256,0.0237134,0.024254547,2.60519e-15,-6.44383e-17,7.67851e-16,2.7167557e-15,0.00508212,-0.000360256,0.0237134,0.024254547
1809,1810,0.00757764,0.00351002,0.0245333,0.025915703,6.25774e-16,2.02827e-16,-2.83003e-16,7.1611633e-16,0.00757764,0.00351002,0.0245333,0.025915703
1810,1811,0.00961453,0.0057257,0.0287086,0.03081244,-8.73304e-16,1.46013e-15,-1.52659e-15,2.2858514e-15,0.00961453,0.0057257,0.0287086,0.03081244
1811,1812,0.00979142,0.00923262,0.0259239,0.029208934,3.32609e-16,-1.70713e-15,4.73893e-15,5.0480076e-15,0.00979142,0.00923262,0.0259239,0.029208934
1812,1813,0.00864833,0.0106007,0.0242799,0.027869014,-9.92944e-16,5.47608e-16,-1.27046e-15,1.7029036e-15,0.00864833,0.0106007,0.0242799,0.027869014
1813,1814,0.00964591,0.0098042,0.0226376,0.02648824,1.77338e-15,2.45497e-15,-2.10543e-16,3.0358002e-15,0.00964591,0.0098042,0.0226376,0.02648824
1814,1815,0.00945409,0.00990889,0.0243843,0.027967123,1.4548e-15,-5.31487e-16,1.38626e-15,2.0786146e-15,0.00945409,0.00990889,0.0243843,0.027967123
1815,1816,0.0091135,0.0108072,0.0232677,0.027225673,-9.1129e-16,1.74631e-15,-1.11084e-15,2.2614185e-15,0.0091135,0.0108072,0.0232677,0.027225673
1816,1817,0.00984833,0.00944896,0.0208206,0.024895178,1.1764e-15,8.69901e-16,1.65404e-15,2.2082782e-15,0.00984833,0.00944896,0.0208206,0.024895178
1817,1818,0.00847973,0.0115936,0.0223635,0.026579006,-2.59562e-16,1.40716e-16,1.47887e-15,1.5080549e-15,0.00847973,0.0115936,0.0223635,0.026579006
1818,1819,0.00753327,-4.59338e-05,0.0257943,0.026871884,1.77685e-15,1.35281e-16,3.85189e-15,4.24412e-15,0.00753327,-4.59338e-05,0.0257943,0.026871884
1819,1820,0.00618215,0.00132427,0.0242266,0.025037987,2.03968e-15,1.70254e-15,1.13201e-15,2.8879722e-15,0.00618215,0.00132427,0.0242266,0.025037987
1820,1821,0.0104484,0.00418167,0.0262398,0.028551402,4.72154e-16,-6.26819e-16,2.64655e-15,2.7604452e-15,0.0104484,0.00418167,0.0262398,0.028551402
1821,1822,0.0119437,0.00636203,0.0285295,0.031576253,4.4753e-17,1.38849e-16,1.38555e-15,1.3932088e-15,0.0119437,0.00636203,0.0285295,0.031576253
1822,1823,0.0121193,0.00449586,0.0259386,0.028981049,8.28171e-16,-4.86619e-16,9.38436e-16,1.3428802e-15,0.0121193,0.00449586,0.0259386,0.028981049
1823,1824,0.0114265,0.00767902,0.0278614,0.03107716,2.01778e-15,1.69222e-15,1.33663e-16,2.6368373e-15,0.0114265,0.00767902,0.0278614,0.03107716
1824,1825,0.0104193,0.00823664,0.0293206,0.03218853,6.16901e-16,9.34687e-16,8.35467e-17,1.1230257e-15,0.0104193,0.00823664,0.0293206,0.03218853
1825,1826,0.0125039,0.00639637,0.0264529,0.029950242,1.75466e-15,4.8164e-16,-3.40022e-16,1.85106e-15,0.0125039,0.00639637,0.0264529,0.029950242
1826,1827,0.0115974,0.00742341,0.0236732,0.02738662,1.53237e-15,2.4053e-16,1.48884e-15,2.1500364e-15,0.0115974,0.00742341,0.0236732,0.02738662
1827,1828,0.0112119,0.00814229,0.0256612,0.029163346,7.28403e-16,-5.67084e-16,2.33651e-15,2.512257e-15,0.0112119,0.00814229,0.0256612,0.029163346
1828,1829,0.0106648,0.00908907,0.024518,0.028239716,6.19983e-16,4.3081e-16,1.34391e-17,7.5508726e-16,0.0106648,0.00908907,0.024518,0.028239716
1829,1830,0.0109342,0.00893562,0.0232499,0.027202204,3.95481e-16,2.47635e-17,-3.20246e-15,3.2268823e-15,0.0109342,0.00893562,0.0232499,0.027202204
1830,1831,0.011783,0.0073887,0.0225457,0.026490387,2.93148e-15,5.94483e-16,8.98797e-16,3.123271e-15,0.011783,0.0073887,0.0225457,0.026490387
1831,1832,0.0129959,0.00216292,0.0284858,0.031384908,4.00425e-15,-2.22436e-15,9.11685e-16,4.670435e-15,0.0129959,0.00216292,0.0284858,0.031384908
1832,1833,0.0101279,0.00167929,0.0281657,0.029978342,8.24181e-16,1.77963e-16,-7.09698e-16,1.1020964e-15,0.0101279,0.00167929,0.0281657,0.029978342
1833,1834,0.0133377,0.00194769,0.0261331,0.029404534,2.91842e-15,-2.40129e-15,3.08777e-15,4.8803375e-15,0.0133377,0.00194769,0.0261331,0.029404534
1834,1835,0.0122061,0.00415737,0.0239753,0.027222924,-4.75403e-16,4.47066e-16,7.43996e-16,9.896495e-16,0.0122061,0.00415737,0.0239753,0.027222924
1835,1836,0.0128215,0.00196086,0.023904,0.02719627,4.09425e-17,-7.32365e-16,9.42667e-17,7.395411e-16,0.0128215,0.00196086,0.023904,0.02719627
1836,1837,0.0122065,0.00583305,0.0239199,0.027480625,1.87824e-16,-1.02301e-17,8.01263e-17,2.0445717e-16,0.0122065,0.00583305,0.0239199,0.027480625
1837,1838,0.0126234,0.00395243,0.0226285,0.026211083,1.10007e-15,9.36735e-17,-3.33186e-15,3.510017e-15,0.0126234,0.00395243,0.0226285,0.026211083
1838,1839,0.0124755,0.00561348,0.0221968,0.02607388,1.1441e-16,1.34722e-15,-2.94996e-15,3.245051e-15,0.0124755,0.00561348,0.0221968,0.02607388
1839,1840,0.0131171,0.00404809,0.0217343,0.025706518,2.04696e-15,1.27015e-16,-1.359e-15,2.4602966e-15,0.0131171,0.00404809,0.0217343,0.025706518
1840,1841,0.0123441,0.00533936,0.0204338,0.024462743,-2.81729e-16,2.91428e-16,5.15424e-16,6.5571594e-16,0.0123441,0.00533936,0.0204338,0.024462743
1841,1842,0.0120823,0.00811323,0.0214097,0.025887867,-1.04439e-16,-6.23244e-16,1.08511e-15,1.2557087e-15,0.0120823,0.00811323,0.0214097,0.025887867
1842,1843,0.0109432,0.00838092,0.0212816,0.025355471,1.09966e-16,1.98303e-16,1.2609e-15,1.2811266e-15,0.0109432,0.00838092,0.0212816,0.025355471
1843,1844,0.00538768,0.0123588,0.0199238,0.024056701,1.08261e-15,1.50273e-16,4.17881e-15,4.319384e-15,0.00538768,0.0123588,0.0199238,0.024056701
1844,1845,0.0044041,0.011949,0.020742,0.024339376,2.0907e-16,-1.10897e-15,2.19219e-15,2.4656079e-15,0.0044041,0.011949,0.020742,0.024339376
1845,1846,0.00410588,0.0128164,0.0200713,0.024165584,1.48133e-15,1.26654e-15,6.79683e-16,2.0640812e-15,0.00410588,0.0128164,0.0200713,0.024165584
1846,1847,0.00454749,0.0129569,0.0198648,0.024148937,2.57885e-16,-6.00169e-16,1.37645e-15,1.5235887e-15,0.00454749,0.0129569,0.0198648,0.024148937
1847,1848,0.00659269,0.0122556,0.0199827,0.024351008,8.71877e-16,7.65889e-16,8.57725e-16,1.4430688e-15,0.00659269,0.0122556,0.0199827,0.024351008
1848,1849,0.00718285,0.0127134,0.0200739,0.02482308,2.27338e-15,1.89894e-15,8.18923e-16,3.07325e-15,0.00718285,0.0127134,0.0200739,0.02482308
1849,1850,0.00737329,0.0115561,0.0196609,0.02396789,7.53903e-16,1.55525e-15,3.33258e-16,1.7601799e-15,0.00737329,0.0115561,0.0196609,0.02396789
1850,1851,0.00597418,0.0130908,0.0205962,0.025124954,1.21637e-15,9.10137e-16,5.26728e-16,1.6079017e-15,0.00597418,0.0130908,0.0205962,0.025124954
1851,1852,0.00662366,0.0133706,0.0195732,0.02461211,6.22516e-16,5.58216e-16,-1.31262e-15,1.5563106e-15,0.00662366,0.0133706,0.0195732,0.02461211
1852,1853,0.00868947,0.0113846,0.02103,0.025443602,1.43529e-15,1.94937e-15,-5.88708e-16,2.4913206e-15,0.00868947,0.0113846,0.02103,0.025443602
1853,1854,0.00940113,0.0104788,0.0220137,0.02613024,8.96358e-16,5.27839e-16,4.06354e-16,1.116779e-15,0.00940113,0.0104788,0.0220137,0.02613024
1854,1855,0.00802099,0.0118722,0.0191218,0.023894113,8.64073e-16,1.63131e-15,1.2276e-15,2.2169338e-15,0.00802099,0.0118722,0.0191218,0.023894113
1855,1856,0.00849563,0.0123419,0.0186419,0.023916911,6.9514e-16,-6.3338e-16,-3.0179e-15,3.16103e-15,0.00849563,0.0123419,0.0186419,0.023916911
1856,1857,0.00904606,0.0115584,0.020069,0.024863478,6.5769e-16,4.21612e-16,1.69365e-15,1.8651443e-15,0.00904606,0.0115584,0.020069,0.024863478
1857,1858,0.00753037,0.0126585,0.0184171,0.023582486,9.6324e-16,5.41116e-16,2.56958e-16,1.1343127e-15,0.00753037,0.0126585,0.0184171,0.023582486
1858,1859,0.00853613,0.0123969,0.0181434,0.02357396,5.45402e-16,-2.01203e-16,2.0787e-15,2.1584576e-15,0.00853613,0.0123969,0.0181434,0.02357396
1859,1860,0.00952249,0.0119926,0.0195605,0.024841769,-2.3229e-16,-3.27713e-16,2.36199e-15,2.395903e-15,0.00952249,0.0119926,0.0195605,0.024841769
1860,1861,0.00748915,0.0123263,0.0171195,0.022385316,1.09495e-15,8.32836e-16,-6.44688e-17,1.3772027e-15,0.00748915,0.0123263,0.0171195,0.022385316
1861,1862,0.00777932,0.0130586,0.0167981,0.022654383,4.36556e-16,6.29194e-16,-1.25608e-15,1.4711231e-15,0.00777932,0.0130586,0.0167981,0.022654383
1862,1863,0.0112541,0.00905283,0.01957,0.024322694,7.87677e-16,1.94076e-16,-7.67622e-17,8.1485766e-16,0.0112541,0.00905283,0.01957,0.024322694
1863,1864,0.0106227,0.00999339,0.0207539,0.025365999,8.33997e-16,3.75216e-16,3.92415e-15,4.029304e-15,0.0106227,0.00999339,0.0207539,0.025365999
1864,1865,0.00959229,0.0107286,0.0209529,0.025419263,1.03447e-15,9.72053e-16,3.88811e-15,4.139132e-15,0.00959229,0.0107286,0.0209529,0.025419263
1865,1866,0.0116347,0.00942783,0.0193244,0.024447547,1.0815e-15,4.4936e-16,5.90043e-16,1.31138e-15,0.0116347,0.00942783,0.0193244,0.024447547
1866,1867,0.0108002,0.0101311,0.0197447,0.024680695,1.78095e-15,1.54362e-15,3.57781e-15,4.2843054e-15,0.0108002,0.0101311,0.0197447,0.024680695
1867,1868,0.00985325,0.0109179,0.020132,0.024931597,7.36224e-16,1.82446e-15,1.18769e-15,2.2981052e-15,0.00985325,0.0109179,0.020132,0.024931597
1868,1869,0.0105013,0.00986672,0.0186652,0.023580058,2.42766e-16,7.96704e-16,2.38415e-15,2.5254393e-15,0.0105013,0.00986672,0.0186652,0.023580058
1869,1870,0.0100816,0.0108619,0.0192952,0.024329495,-1.65864e-16,2.57453e-16,4.04907e-15,4.0606353e-15,0.0100816,0.0108619,0.0192952,0.024329495
1870,1871,0.0108429,0.0103924,0.0184414,0.023783516,1.41739e-15,2.47481e-15,-1.86261e-16,2.8580363e-15,0.0108429,0.0103924,0.0184414,0.023783516
1871,1872,0.00927781,0.0117129,0.0184151,0.023714675,1.6615e-16,4.23088e-16,5.79491e-16,7.3649107e-16,0.00927781,0.0117129,0.0184151,0.023714675
1872,1873,0.00953686,0.0120067,0.0177364,0.02344552,1.28587e-16,1.05486e-15,1.49711e-15,1.83592e-15,0.00953686,0.0120067,0.0177364,0.02344552
1873,1874,0.0101449,0.0111406,0.0186984,0.024013791,6.05633e-16,1.75834e-15,1.62853e-15,2.4719752e-15,0.0101449,0.0111406,0.0186984,0.024013791
1874,1875,0.00888786,0.0129123,0.0177833,0.02370585,2.90002e-16,-1.17982e-16,3.46275e-15,3.4768748e-15,0.00888786,0.0129123,0.0177833,0.02370585
1875,1876,0.00965303,0.0121814,0.0172681,0.023232624,7.38381e-17,1.48531e-15,-9.73778e-16,1.7775941e-15,0.00965303,0.0121814,0.0172681,0.023232624
1876,1877,0.0103669,0.0114355,0.0181842,0.0238518,-2.25095e-16,2.18757e-17,3.78774e-15,3.7944857e-15,0.0103669,0.0114355,0.0181842,0.0238518
1877,1878,0.00879937,0.012617,0.0166744,0.02268597,1.32801e-15,1.13644e-15,-1.96893e-15,2.6328298e-15,0.00879937,0.012617,0.0166744,0.02268597
1878,1879,0.00881425,0.012578,0.0157419,0.021993283,2.70752e-15,1.25352e-15,-7.6263e-16,3.0795424e-15,0.00881425,0.012578,0.0157419,0.021993283
1879,1880,0.0123987,0.00704734,0.0216159,0.025896717,1.04367e-15,2.60568e-16,4.01849e-15,4.159976e-15,0.0123987,0.00704734,0.0216159,0.025896717
1880,1881,0.0120539,0.00519713,0.019084,0.023162592,2.0766e-16,1.69101e-15,3.56439e-15,3.9506345e-15,0.0120539,0.00519713,0.019084,0.023162592
1881,1882,0.0130427,0.00699963,0.0206265,0.025388174,1.781e-16,1.40674e-15,3.42116e-15,3.703373e-15,0.0130427,0.00699963,0.0206265,0.025388174
1882,1883,0.0122759,0.00829603,0.0205144,0.025305383,1.31073e-15,3.98245e-16,1.39535e-15,1.9554063e-15,0.0122759,0.00829603,0.0205144,0.025305383
1883,1884,0.0127406,0.0066637,0.0195584,0.024274653,-3.75373e-16,1.2116e-15,2.52717e-15,2.827626e-15,0.0127406,0.0066637,0.0195584,0.024274653
1884,1885,0.0124649,0.00886521,0.0197858,0.025008868,-5.20617e-16,-8.69285e-17,-2.06517e-15,2.1315548e-15,0.0124649,0.00886521,0.0197858,0.025008868
1885,1886,0.0128254,0.00845915,0.0209871,0.02600974,3.76926e-16,3.62275e-16,-1.16789e-15,1.2795638e-15,0.0128254,0.00845915,0.0209871,0.02600974
1886,1887,0.0115027,0.00951512,0.0191698,0.024296725,1.68537e-15,5.4931e-16,1.53804e-15,2.3468661e-15,0.0115027,0.00951512,0.0191698,0.024296725
1887,1888,0.012287,0.00890033,0.0191048,0.024396304,4.32575e-16,2.58018e-16,4.67308e-17,5.05844e-16,0.012287,0.00890033,0.0191048,0.024396304
1888,1889,0.0118158,0.0100155,0.0192452,0.024704272,6.54455e-16,1.17676e-15,1.24174e-15,1.8316643e-15,0.0118158,0.0100155,0.0192452,0.024704272
1889,1890,0.0109472,0.0105521,0.0177724,0.02338902,4.84036e-16,4.82121e-16,2.82439e-15,2.9058408e-15,0.0109472,0.0105521,0.0177724,0.02338902
1890,1891,0.011163,0.0109658,0.0171873,0.023243593,-4.69926e-16,1.05808e-15,-1.05426e-15,1.5658314e-15,0.011163,0.0109658,0.0171873,0.023243593
1891,1892,0.0116928,0.0100323,0.0184923,0.024069352,1.00245e-15,1.57653e-15,1.28825e-15,2.2693482e-15,0.0116928,0.0100323,0.0184923,0.024069352
1892,1893,0.0107184,0.0118218,0.0179965,0.024052298,-7.93022e-17,9.23531e-16,-5.3269e-16,1.0690917e-15,0.0107184,0.0118218,0.0179965,0.024052298
1893,1894,0.0107852,0.0117841,0.0175138,0.023704825,1.04242e-15,-3.49756e-16,-2.2185e-15,2.4760272e-15,0.0107852,0.0117841,0.0175138,0.023704825
1894,1895,0.00988973,0.0124217,0.0166364,0.022997286,2.86682e-15,1.02087e-15,-4.34132e-16,3.073972e-15,0.00988973,0.0124217,0.0166364,0.022997286
1895,1896,0.0107758,0.0104885,0.0155931,0.02166267,-1.2243e-15,-7.01218e-16,-1.03138e-15,1.7476733e-15,0.0107758,0.0104885,0.0155931,0.02166267
1896,1897,0.0108784,0.0105034,0.0161445,0.022120258,-2.50974e-16,1.57194e-15,-5.7757e-16,1.6933903e-15,0.0108784,0.0105034,0.0161445,0.022120258
1897,1898,0.00968322,0.0119997,0.0157595,0.022048116,1.48229e-15,5.50392e-16,9.71298e-16,1.8556764e-15,0.00968322,0.0119997,0.0157595,0.022048116
1898,1899,0.0104829,0.0114597,0.0171473,0.02313538,-1.06436e-15,-2.1686e-15,-1.15913e-15,2.679416e-15,0.0104829,0.0114597,0.0171473,0.02313538
1899,1900,0.0113022,0.0106975,0.0165371,0.022707969,-1.77026e-15,-4.11191e-16,2.70616e-15,3.2597853e-15,0.0113022,0.0106975,0.0165371,0.022707969
1900,1901,0.0101776,0.0123046,0.0179121,0.02399646,4.19325e-16,8.85639e-17,2.30745e-15,2.3469134e-15,0.0101776,0.0123046,0.0179121,0.02399646
1901,1902,-0.0120178,-0.0117524,-0.0152185,0.022674857,-1.47015e-15,-1.19899e-15,1.64009e-15,2.5077505e-15,-0.0120178,-0.0117524,-0.0152185,0.022674857
1902,1903,-0.011508,-0.0114273,-0.0155881,0.02249458,-7.58657e-16,1.09087e-17,-6.1271e-16,9.7524e-16,-0.011508,-0.0114273,-0.0155881,0.02249458
1903,1904,-0.0110165,-0.0118294,-0.0161209,0.022829397,-4.06106e-16,1.35012e-15,-3.17345e-15,3.4725395e-15,-0.0110165,-0.0118294,-0.0161209,0.022829397
1904,1905,-0.0116418,-0.0120988,-0.0161071,0.023266954,-1.15719e-15,3.19515e-16,-1.4659e-15,1.8947405e-15,-0.0116418,-0.0120988,-0.0161071,0.023266954
1905,1906,-0.0115701,-0.0121961,-0.0163152,0.023426434,1.49196e-16,8.0448e-18,-1.10596e-15,1.116007e-15,-0.0115701,-0.0121961,-0.0163152,0.023426434
1906,1907,-0.0114183,-0.0119327,-0.0150935,0.02237366,-6.90221e-16,-1.18758e-15,-2.24232e-15,2.6295913e-15,-0.0114183,-0.0119327,-0.0150935,0.02237366
1907,1908,-0.0110349,-0.0120015,-0.0152178,0.022302162,-6.70521e-16,-8.36883e-16,6.18493e-16,1.2379439e-15,-0.0110349,-0.0120015,-0.0152178,0.022302162
1908,1909,-0.0112202,-0.0124287,-0.0164378,0.02346416,-3.39322e-16,-8.74937e-16,-1.72945e-15,1.9676512e-15,-0.0112202,-0.0124287,-0.0164378,0.02346416
1909,1910,-0.0108354,-0.012328,-0.0147817,0.0220881,5.4872e-16,-4.02196e-16,-1.05292e-15,1.2535932e-15,-0.0108354,-0.012328,-0.0147817,0.0220881
1910,1911,-0.0107714,-0.0123742,-0.0166491,0.023373842,-4.10787e-16,-9.24538e-16,-3.28754e-15,3.4396854e-15,-0.0107714,-0.0123742,-0.0166491,0.023373842
1911,1912,-0.0103621,-0.0123695,-0.0154815,0.022361897,5.28104e-16,-2.09986e-16,-2.31598e-15,2.384691e-15,-0.0103621,-0.0123695,-0.0154815,0.022361897
1912,1913,-0.0106038,-0.0127108,-0.015566,0.022722354,-1.41528e-15,1.07869e-16,-2.93576e-15,3.2608803e-15,-0.0106038,-0.0127108,-0.015566,0.022722354
1913,1914,-0.0105419,-0.0130347,-0.0160008,0.023174569,-3.42537e-16,-3.27044e-16,-1.09027e-15,1.1886875e-15,-0.0105419,-0.0130347,-0.0160008,0.023174569
1914,1915,-0.010872,-0.013245,-0.0160419,0.023472812,1.73378e-16,-5.34798e-16,-2.45914e-15,2.5225857e-15,-0.010872,-0.013245,-0.0160419,0.023472812
1915,1916,-0.0103738,-0.01319,-0.016325,0.023411483,-3.645e-16,7.59329e-16,-4.34217e-15,4.423108e-15,-0.0103738,-0.01319,-0.016325,0.023411483
1916,1917,-0.0108896,-0.0120586,-0.0165481,0.023191223,-8.41307e-16,-2.33193e-16,2.97096e-16,9.221944e-16,-0.0108896,-0.0120586,-0.0165481,0.023191223
1917,1918,-0.0107706,-0.0122663,-0.016813,0.023433842,-6.84005e-16,-1.21059e-15,-1.2128e-15,1.8450677e-15,-0.0107706,-0.0122663,-0.016813,0.023433842
1918,1919,-0.0100442,-0.0126175,-0.017839,0.024048226,-8.37561e-16,-1.05446e-15,-4.31739e-15,4.522527e-15,-0.0100442,-0.0126175,-0.017839,0.024048226
1919,1920,-0.0104507,-0.0123788,-0.0169589,0.023453275,-4.0921e-16,-1.63598e-15,-1.85698e-15,2.5084373e-15,-0.0104507,-0.0123788,-0.0169589,0.023453275
1920,1921,-0.0100943,-0.0124655,-0.0165154,0.023022642,-6.70763e-16,2.50199e-16,-3.85204e-15,3.9180013e-15,-0.0100943,-0.0124655,-0.0165154,0.023022642
1921,1922,-0.00990088,-0.0128172,-0.0169704,0.02345853,-9.3743e-16,-5.91514e-17,1.30756e-15,1.6099649e-15,-0.00990088,-0.0128172,-0.0169704,0.02345853
1922,1923,-0.010059,-0.0128595,-0.0163774,0.023125084,-1.03173e-15,7.22995e-16,1.27334e-15,1.791252e-15,-0.010059,-0.0128595,-0.0163774,0.023125084
1923,1924,-0.00938964,-0.0124714,-0.0162605,0.022541184,-1.16387e-15,6.3007e-16,3.49815e-16,1.3689237e-15,-0.00938964,-0.0124714,-0.0162605,0.022541184
1924,1925,-0.00932289,-0.0134138,-0.0171752,0.023703033,-1.89611e-15,1.27098e-15,-2.47103e-15,3.3640174e-15,-0.00932289,-0.0134138,-0.0171752,0.023703033
1925,1926,-0.010006,-0.013343,-0.0168854,0.02373336,-5.45211e-16,5.69967e-17,-1.1611e-16,5.6034385e-16,-0.010006,-0.013343,-0.0168854,0.02373336
1926,1927,-0.00964569,-0.0132562,-0.0183083,0.024575599,-1.12402e-15,-5.90719e-16,-3.58563e-15,3.8038285e-15,-0.00964569,-0.0132562,-0.0183083,0.024575599
1927,1928,-0.0090213,-0.0128692,-0.0165746,0.022841139,-1.04106e-15,2.25205e-16,-1.67266e-15,1.9830066e-15,-0.0090213,-0.0128692,-0.0165746,0.022841139
1928,1929,-0.00866062,-0.0135977,-0.0177985,0.02401438,-6.54108e-16,-1.5193e-15,-3.99077e-16,1.7015852e-15,-0.00866062,-0.0135977,-0.0177985,0.02401438
1929,1930,-0.00801147,-0.0139052,-0.0194745,0.025234785,2.06917e-16,-1.11881e-15,-7.07477e-16,1.3398038e-15,-0.00801147,-0.0139052,-0.0194745,0.025234785
1930,1931,-0.00997766,-0.0132388,-0.0159359,0.022995053,3.65836e-16,-1.52364e-17,-6.28245e-16,7.271588e-16,-0.00997766,-0.0132388,-0.0159359,0.022995053
1931,1932,-0.00972695,-0.0128837,-0.0151479,0.022137348,-1.57952e-15,-1.25346e-15,1.04389e-15,2.270628e-15,-0.00972695,-0.0128837,-0.0151479,0.022137348
1932,1933,-0.00929705,-0.0131618,-0.0161197,0.022792824,1.50731e-16,-3.72132e-16,4.27081e-16,5.861742e-16,-0.00929705,-0.0131618,-0.0161197,0.022792824
1933,1934,-0.00949937,-0.013114,-0.0157856,0.022614159,-1.81103e-15,-7.54088e-16,3.11174e-15,3.6785057e-15,-0.00949937,-0.013114,-0.0157856,0.022614159
1934,1935,-0.00878885,-0.0128126,-0.0157379,0.022115337,-8.93289e-16,-1.7927e-15,-3.70762e-16,2.0369592e-15,-0.00878885,-0.0128126,-0.0157379,0.022115337
1935,1936,-0.00916827,-0.0131162,-0.0160695,0.02267864,-1.28439e-15,-2.0157e-15,1.56084e-15,2.8546323e-15,-0.00916827,-0.0131162,-0.0160695,0.02267864
1936,1937,-0.00935123,-0.0125238,-0.0147813,0.021512274,-1.89978e-15,-5.10996e-16,-1.8043e-15,2.6694157e-15,-0.00935123,-0.0125238,-0.0147813,0.021512274
1937,1938,-0.00942682,-0.0136018,-0.0167177,0.023523508,-8.71979e-16,-3.33336e-15,2.21564e-15,4.096425e-15,-0.00942682,-0.0136018,-0.0167177,0.023523508
1938,1939,-0.00886216,-0.0126724,-0.0157034,0.022039156,-4.82607e-16,3.37984e-16,-2.24239e-16,6.304172e-16,-0.00886216,-0.0126724,-0.0157034,0.022039156
1939,1940,-0.00864935,-0.0133381,-0.0170484,0.023310171,-9.60925e-16,-2.40247e-16,1.15822e-16,9.972514e-16,-0.00864935,-0.0133381,-0.0170484,0.023310171
1940,1941,-0.00910979,-0.0131611,-0.0174685,0.023692856,5.01746e-16,-5.07689e-16,-2.66184e-15,2.7558827e-15,-0.00910979,-0.0131611,-0.0174685,0.023692856
1941,1942,-0.00962942,-0.0125908,-0.0193933,0.025047038,-3.3009e-16,-2.88403e-16,2.13736e-15,2.181844e-15,-0.00962942,-0.0125908,-0.0193933,0.025047038
1942,1943,-0.00875873,-0.0126707,-0.0183899,0.023988549,3.34674e-16,-8.24733e-16,-1.0524e-15,1.3783095e-15,-0.00875873,-0.0126707,-0.0183899,0.023988549
1943,1944,-0.00925905,-0.0128476,-0.0161991,0.022653956,5.8865e-16,7.43673e-16,-1.72009e-15,1.9642474e-15,-0.00925905,-0.0128476,-0.0161991,0.022653956
1944,1945,-0.00926172,-0.01345,-0.0177028,0.024084665,-2.85133e-16,7.59852e-17,-8.15134e-16,8.669014e-16,-0.00926172,-0.01345,-0.0177028,0.024084665
1945,1946,-0.00876895,-0.0132764,-0.0165948,0.022990098,1.42517e-16,-1.51662e-15,-9.30084e-16,1.784798e-15,-0.00876895,-0.0132764,-0.0165948,0.022990098
1946,1947,-0.0089609,-0.0141491,-0.0182347,0.024758818,1.30287e-16,-2.65854e-15,4.0153e-16,2.6918461e-15,-0.0089609,-0.0141491,-0.0182347,0.024758818
1947,1948,-0.00885409,-0.0136352,-0.0171745,0.023649039,-5.48756e-16,-9.92055e-16,-5.64307e-16,1.2663921e-15,-0.00885409,-0.0136352,-0.0171745,0.023649039
1948,1949,-0.00836702,-0.0128981,-0.0159466,0.022150893,-7.82274e-16,-3.11034e-16,5.01697e-17,8.4333374e-16,-0.00836702,-0.0128981,-0.0159466,0.022150893
1949,1950,-0.00846131,-0.0135983,-0.0177154,0.023881853,-1.47083e-16,-8.86209e-16,1.20155e-16,9.063316e-16,-0.00846131,-0.0135983,-0.0177154,0.023881853
1950,1951,-0.00859651,-0.0137146,-0.0166089,0.023191502,-7.9199e-17,-2.0885e-16,-7.10046e-16,7.4434947e-16,-0.00859651,-0.0137146,-0.0166089,0.023191502
1951,1952,-0.00843141,-0.0142367,-0.018366,0.024720076,-1.05428e-15,-1.4692e-17,-7.52493e-16,1.295364e-15,-0.00843141,-0.0142367,-0.018366,0.024720076
1952,1953,-0.00798992,-0.0133093,-0.0169391,0.02297628,-5.21392e-16,8.44265e-17,-3.32069e-16,6.2389683e-16,-0.00798992,-0.0133093,-0.0169391,0.02297628
1953,1954,-0.00865276,-0.0137832,-0.0180288,0.024287537,5.18646e-16,1.79592e-16,4.19858e-16,6.910338e-16,-0.00865276,-0.0137832,-0.0180288,0.024287537
1954,1955,-0.00788166,-0.0135206,-0.017506,0.023481635,9.14241e-16,-4.67087e-16,1.04039e-15,1.4616492e-15,-0.00788166,-0.0135206,-0.017506,0.023481635
1955,1956,-0.00812451,-0.0128111,-0.0178815,0.02344952,-8.67532e-16,-7.98477e-16,9.2064e-16,1.4959129e-15,-0.00812451,-0.0128111,-0.0178815,0.02344952
1956,1957,-0.00736971,-0.0127736,-0.0174957,0.022881804,-2.07463e-16,9.25471e-16,2.58146e-16,9.829429e-16,-0.00736971,-0.0127736,-0.0174957,0.022881804
1957,1958,-0.0085991,-0.0134495,-0.0182065,0.024213843,-7.84576e-16,-9.15645e-16,-2.6325e-15,2.8955175e-15,-0.0085991,-0.0134495,-0.0182065,0.024213843
1958,1959,-0.00789574,-0.0135568,-0.01836,0.02414993,-7.07502e-16,-1.85226e-15,-1.27543e-15,2.3575724e-15,-0.00789574,-0.0135568,-0.01836,0.02414993
1959,1960,-0.00826678,-0.0140571,-0.0185262,0.024681203,-6.57678e-17,-7.04155e-16,-3.84563e-16,8.050145e-16,-0.00826678,-0.0140571,-0.0185262,0.024681203
1960,1961,-0.00752758,-0.0141113,-0.0185134,0.024465062,4.74678e-16,-6.88676e-16,-4.22448e-16,9.370465e-16,-0.00752758,-0.0141113,-0.0185134,0.024465062
1961,1962,-0.00824523,-0.0135498,-0.017694,0.023762545,-5.69315e-16,-1.0622e-16,3.35028e-16,6.6906354e-16,-0.00824523,-0.0135498,-0.017694,0.023762545
1962,1963,-0.00768109,-0.0135523,-0.0180273,0.023825355,-5.0203e-16,9.93781e-16,-3.53301e-15,3.704294e-15,-0.00768109,-0.0135523,-0.0180273,0.023825355
1963,1964,-0.00785647,-0.013642,-0.0180193,0.023927461,-2.95706e-16,-6.23937e-16,3.02978e-15,3.1074598e-15,-0.00785647,-0.013642,-0.0180193,0.023927461
1964,1965,-0.00742246,-0.0140798,-0.0187376,0.024585186,-1.52184e-16,-2.17781e-17,-3.87025e-15,3.873302e-15,-0.00742246,-0.0140798,-0.0187376,0.024585186
1965,1966,-0.00778181,-0.0144108,-0.0189523,0.025048302,-9.38058e-16,-4.34581e-16,1.42508e-15,1.760587e-15,-0.00778181,-0.0144108,-0.0189523,0.025048302
1966,1967,-0.00792696,-0.0140706,-0.0188384,0.02481338,-9.77385e-16,4.99801e-16,3.85693e-16,1.1635469e-15,-0.00792696,-0.0140706,-0.0188384,0.02481338
1967,1968,-0.00727657,-0.0143221,-0.0194807,0.025250122,-3.01788e-16,-9.28406e-16,-2.98286e-18,9.762288e-16,-0.00727657,-0.0143221,-0.0194807,0.025250122
1968,1969,-0.00772772,-0.0142741,-0.0196284,0.025470408,1.16026e-15,-1.14775e-15,-1.80389e-15,2.432602e-15,-0.00772772,-0.0142741,-0.0196284,0.025470408
1969,1970,-0.00678578,-0.0141011,-0.0194998,0.0250026,8.03473e-16,-1.92402e-15,-5.472e-16,2.1556552e-15,-0.00678578,-0.0141011,-0.0194998,0.0250026
1970,1971,-0.00713932,-0.013712,-0.0192442,0.02468457,-4.67285e-16,-1.17271e-15,-3.85225e-16,1.3198494e-15,-0.00713932,-0.013712,-0.0192442,0.02468457
1971,1972,-0.00719827,-0.0136671,-0.019432,0.024823524,-4.79703e-16,-4.78503e-16,-8.04791e-16,1.0520307e-15,-0.00719827,-0.0136671,-0.019432,0.024823524
1972,1973,-0.00671726,-0.0141644,-0.0195441,0.025054414,7.42867e-16,7.21377e-16,-1.94247e-15,2.2012326e-15,-0.00671726,-0.0141644,-0.0195441,0.025054414
1973,1974,-0.0070374,-0.013568,-0.0172732,0.023064671,-2.7798e-16,-8.68014e-16,-5.94719e-16,1.0883069e-15,-0.0070374,-0.013568,-0.0172732,0.023064671
1974,1975,-0.00603333,-0.0133729,-0.0175103,0.022843953,1.02756e-15,-4.99861e-17,1.2086e-17,1.0288461e-15,-0.00603333,-0.0133729,-0.0175103,0.022843953
1975,1976,-0.00665714,-0.0144208,-0.018695,0.024531204,1.48708e-16,-3.62872e-16,1.22625e-15,1.2874312e-15,-0.00665714,-0.0144208,-0.018695,0.024531204
1976,1977,-0.00695434,-0.0141682,-0.0188109,0.024555054,-3.11793e-16,-1.11553e-15,-2.20182e-15,2.4878973e-15,-0.00695434,-0.0141682,-0.0188109,0.024555054
1977,1978,-0.00591136,-0.0141529,-0.0192187,0.024588762,5.3492e-16,-1.85583e-16,-3.04725e-15,3.0994052e-15,-0.00591136,-0.0141529,-0.0192187,0.024588762
1978,1979,-0.00626594,-0.0138569,-0.0192505,0.024532784,-2.86226e-16,-2.23275e-15,-8.44429e-16,2.404196e-15,-0.00626594,-0.0138569,-0.0192505,0.024532784
1979,1980,-0.00526,-0.0139465,-0.0195329,0.024570443,-5.82469e-16,-1.39797e-15,5.99795e-17,1.5156476e-15,-0.00526,-0.0139465,-0.0195329,0.024570443
1980,1981,-0.00592005,-0.0144004,-0.0199264,0.025287941,-2.69704e-17,-3.91619e-16,7.99218e-16,8.904169e-16,-0.00592005,-0.0144004,-0.0199264,0.025287941
1981,1982,-0.00625367,-0.0144165,-0.0205348,0.025857722,-5.79034e-16,-2.64898e-15,7.87594e-16,2.8235934e-15,-0.00625367,-0.0144165,-0.0205348,0.025857722
1982,1983,-0.0052364,-0.0145766,-0.0205032,0.025695883,1.21422e-16,3.14704e-16,2.84862e-16,4.415068e-16,-0.0052364,-0.0145766,-0.0205032,0.025695883
1983,1984,-0.00592248,-0.0139887,-0.0185354,0.023964986,8.05392e-16,-1.99622e-16,-1.95947e-16,8.5258456e-16,-0.00592248,-0.0139887,-0.0185354,0.023964986
1984,1985,-0.00500758,-0.0144322,-0.0200175,0.025180638,-2.37814e-16,5.32328e-16,-8.15585e-16,1.0025505e-15,-0.00500758,-0.0144322,-0.0200175,0.025180638
1985,1986,-0.00514982,-0.0137565,-0.0188364,0.023886647,1.18451e-15,-1.00162e-15,-8.17024e-17,1.5533775e-15,-0.00514982,-0.0137565,-0.0188364,0.023886647
1986,1987,-0.00559095,-0.0140866,-0.0183471,0.023797208,5.68589e-16,-8.4668e-16,2.03537e-15,2.2765965e-15,-0.00559095,-0.0140866,-0.0183471,0.023797208
1987,1988,-0.00453992,-0.0148134,-0.0201255,0.025398495,3.2439e-16,-5.84182e-16,-5.64545e-16,8.74762e-16,-0.00453992,-0.0148134,-0.0201255,0.025398495
1988,1989,-0.00482284,-0.0139341,-0.018814,0.023903672,3.56777e-16,-1.05086e-15,4.21131e-16,1.1869911e-15,-0.00482284,-0.0139341,-0.018814,0.023903672
1989,1990,-0.00461917,-0.014794,-0.0201136,0.025392048,1.27507e-15,-4.89174e-16,-7.72686e-16,1.5691203e-15,-0.00461917,-0.014794,-0.0201136,0.025392048
1990,1991,-0.00419965,-0.0149206,-0.0207726,0.025918378,-2.1951e-16,-1.07866e-15,-3.91774e-15,4.0694444e-15,-0.00419965,-0.0149206,-0.0207726,0.025918378
1991,1992,-0.00451513,-0.0145822,-0.0204723,0.02553707,3.55505e-16,-5.63455e-16,-1.40996e-15,1.5594399e-15,-0.00451513,-0.0145822,-0.0204723,0.02553707
1992,1993,-0.00393574,-0.0146173,-0.0208704,0.025782341,1.64478e-17,-1.46719e-15,9.19925e-16,1.7318137e-15,-0.00393574,-0.0146173,-0.0208704,0.025782341
1993,1994,-0.00368775,-0.013867,-0.0201091,0.024703626,3.08458e-16,-6.2492e-16,-2.02484e-15,2.1414128e-15,-0.00368775,-0.013867,-0.0201091,0.024703626
1994,1995,-0.00301997,-0.0142927,-0.0202458,0.024965854,-1.45901e-16,-6.16178e-16,9.31602e-17,6.400322e-16,-0.00301997,-0.0142927,-0.0202458,0.024965854
1995,1996,-0.00376337,-0.014007,-0.020134,0.024814049,-4.25267e-16,-3.21418e-16,-1.62084e-15,1.7062485e-15,-0.00376337,-0.014007,-0.020134,0.024814049
1996,1997,-0.00252786,-0.014195,-0.0206972,0.025224239,-4.8013e-16,-3.43051e-17,-1.36543e-15,1.4477917e-15,-0.00252786,-0.014195,-0.0206972,0.025224239
1997,1998,-0.00300434,-0.0141726,-0.0203709,0.024997244,6.05238e-16,3.8579e-16,-2.25659e-15,2.3679833e-15,-0.00300434,-0.0141726,-0.0203709,0.024997244
1998,1999,-0.00291333,-0.0145299,-0.020755,0.02550246,7.17641e-16,-2.19886e-16,-1.3297e-15,1.5269121e-15,-0.00291333,-0.0145299,-0.020755,0.02550246
1999,2000,-0.00287815,-0.0142364,-0.0203807,0.025026621,3.57913e-16,-1.39174e-15,-3.32514e-17,1.4374101e-15,-0.00287815,-0.0142364,-0.0203807,0.025026621
2000,2001,-0.00244887,-0.0139764,-0.0206646,0.025067158,2.77966e-16,-1.42703e-15,5.13948e-16,1.5420189e-15,-0.00244887,-0.0139764,-0.0206646,0.025067158
2001,2002,-0.00186011,-0.0136089,-0.0201359,0.024374507,-9.73673e-16,2.82255e-16,-6.88756e-16,1.2255985e-15,-0.00186011,-0.0136089,-0.0201359,0.024374507
2002,2003,-0.00146366,-0.0136511,-0.0204477,0.024629317,2.16506e-16,-1.65657e-15,2.81915e-15,3.2769964e-15,-0.00146366,-0.0136511,-0.0204477,0.024629317
2003,2004,-0.000835953,-0.0139207,-0.0211526,0.025336085,1.23422e-16,6.46877e-16,-3.92316e-16,7.6654724e-16,-0.000835953,-0.0139207,-0.0211526,0.025336085
2004,2005,-0.000551539,-0.0140646,-0.0214838,0.025684057,-3.63065e-16,4.89275e-16,-1.09121e-15,1.2497782e-15,-0.000551539,-0.0140646,-0.0214838,0.025684057
2005,2006,-0.00121321,-0.0138994,-0.0216318,0.025741018,2.36475e-17,4.05036e-16,-1.34628e-15,1.4060879e-15,-0.00121321,-0.0138994,-0.0216318,0.025741018
2006,2007,-0.00127881,-0.0143995,-0.0218363,0.026187878,-6.60795e-16,4.68343e-16,1.57883e-15,1.7744575e-15,-0.00127881,-0.0143995,-0.0218363,0.026187878
2007,2008,-0.000992044,-0.0145296,-0.0219339,0.02632849,7.36167e-16,-1.27667e-15,2.41895e-15,2.8325159e-15,-0.000992044,-0.0145296,-0.0219339,0.02632849
2008,2009,-0.000815171,-0.0140174,-0.0215499,0.025720617,4.53104e-16,-7.89159e-16,8.46401e-16,1.2427671e-15,-0.000815171,-0.0140174,-0.0215499,0.025720617
2009,2010,0.000170214,-0.0137738,-0.022146,0.026080487,4.5509e-16,2.18067e-16,-1.31653e-15,1.4099331e-15,0.000170214,-0.0137738,-0.022146,0.026080487
2010,2011,0.000609356,-0.0139787,-0.0219603,0.026039012,-1.14103e-15,-1.46744e-15,4.63903e-15,4.9975922e-15,0.000609356,-0.0139787,-0.0219603,0.026039012
2011,2012,0.000788878,-0.0133691,-0.0209872,0.024896137,-2.93593e-16,3.62845e-18,1.06234e-15,1.1021689e-15,0.000788878,-0.0133691,-0.0209872,0.024896137
2012,2013,0.00105937,-0.0141795,-0.0219468,0.026150383,-1.3061e-15,6.95149e-16,-4.19035e-15,4.4438906e-15,0.00105937,-0.0141795,-0.0219468,0.026150383
2013,2014,0.000868548,-0.0141797,-0.022366,0.026496343,-3.20517e-16,7.26182e-16,-4.12223e-15,4.197958e-15,0.000868548,-0.0141797,-0.022366,0.026496343
2014,2015,0.00104459,-0.0142585,-0.022739,0.026859973,5.87273e-16,-4.03389e-16,-1.43399e-15,1.6012307e-15,0.00104459,-0.0142585,-0.022739,0.026859973
2015,2016,0.00116544,-0.0141636,-0.0228702,0.026926043,4.08702e-16,1.35429e-15,-2.17999e-15,2.5987488e-15,0.00116544,-0.0141636,-0.0228702,0.026926043
2016,2017,0.00112952,-0.014081,-0.022739,0.02676962,3.95821e-16,3.07548e-16,-3.08951e-15,3.1299091e-15,0.00112952,-0.014081,-0.022739,0.02676962
2017,2018,-0.00984951,-0.0125825,-0.0204678,0.025966575,-6.42876e-16,-2.62143e-16,8.20723e-16,1.0749859e-15,-0.00984951,-0.0125825,-0.0204678,0.025966575
2018,2019,-0.0090948,-0.0128212,-0.0192985,0.024890373,-1.52321e-15,8.71049e-16,-1.17389e-15,2.1111403e-15,-0.0090948,-0.0128212,-0.0192985,0.024890373
2019,2020,-0.00957548,-0.0122124,-0.0210945,0.026187982,5.28226e-16,7.39957e-16,-6.63965e-16,1.1257924e-15,-0.00957548,-0.0122124,-0.0210945,0.026187982
2020,2021,-0.0103803,-0.0110085,-0.0234197,0.027882254,5.31622e-16,-1.02077e-17,-1.73029e-15,1.8101463e-15,-0.0103803,-0.0110085,-0.0234197,0.027882254
2021,2022,-0.00966209,-0.0114617,-0.022617,0.027134024,4.57736e-16,4.06967e-16,1.37476e-15,1.505028e-15,-0.00966209,-0.0114617,-0.022617,0.027134024
2022,2023,-0.011203,-0.0114159,-0.0251469,0.029802626,-8.12966e-16,-2.5141e-15,-1.55053e-15,3.0636182e-15,-0.011203,-0.0114159,-0.0251469,0.029802626
2023,2024,-0.0120306,-0.0105421,-0.0249703,0.029654462,-1.54388e-15,-6.39755e-16,1.94819e-15,2.5667675e-15,-0.0120306,-0.0105421,-0.0249703,0.029654462
2024,2025,-0.0113921,-0.0110902,-0.0256709,0.03019549,-1.17117e-15,-1.98123e-15,8.46798e-16,2.4523414e-15,-0.0113921,-0.0110902,-0.0256709,0.03019549
2025,2026,-0.0120638,-0.0104542,-0.0257978,0.030337304,-1.07612e-15,-9.28022e-16,-4.10225e-16,1.4790346e-15,-0.0120638,-0.0104542,-0.0257978,0.030337304
2026,2027,-0.00847003,-0.013426,-0.0195796,0.025206342,-1.17629e-15,-6.44184e-16,5.36238e-16,1.4443623e-15,-0.00847003,-0.013426,-0.0195796,0.025206342
2027,2028,-0.00864638,-0.0123356,-0.0202684,0.025253415,-5.91776e-16,-4.25075e-16,-1.56765e-17,7.2878895e-16,-0.00864638,-0.0123356,-0.0202684,0.025253415
2028,2029,-0.00811977,-0.0132319,-0.0212432,0.026311355,3.21068e-16,-2.66787e-16,2.5395e-16,4.8862107e-16,-0.00811977,-0.0132319,-0.0212432,0.026311355
2029,2030,-0.00892825,-0.0122008,-0.0221591,0.02682534,-9.16661e-16,3.5615e-16,-2.70048e-15,2.8739697e-15,-0.00892825,-0.0122008,-0.0221591,0.02682534
2030,2031,-0.00785864,-0.0129558,-0.0226056,0.02721441,-2.49401e-16,5.53579e-17,2.38096e-15,2.3946265e-15,-0.00785864,-0.0129558,-0.0226056,0.02721441
2031,2032,-0.0101471,-0.0116111,-0.0240914,0.028603792,9.97959e-16,-2.45854e-15,1.04221e-15,2.850709e-15,-0.0101471,-0.0116111,-0.0240914,0.028603792
2032,2033,-0.00933604,-0.0124692,-0.0240716,0.028672017,1.68697e-15,2.83961e-16,-2.94612e-15,3.4067763e-15,-0.00933604,-0.0124692,-0.0240716,0.028672017
2033,2034,-0.0109121,-0.0115902,-0.0258909,0.03039318,5.788e-16,-1.8847e-15,6.58233e-16,2.078551e-15,-0.0109121,-0.0115902,-0.0258909,0.03039318
2034,2035,-0.0120083,-0.010471,-0.0259509,0.030451441,-1.15095e-15,-1.43578e-15,6.78056e-16,1.9610992e-15,-0.0120083,-0.010471,-0.0259509,0.030451441
2035,2036,-0.0108322,-0.0114811,-0.0272548,0.031495657,7.61128e-16,-9.73765e-18,1.13144e-15,1.3636595e-15,-0.0108322,-0.0114811,-0.0272548,0.031495657
2036,2037,-0.0109858,-0.0103082,-0.0268455,0.030783562,5.91954e-16,-9.78601e-16,4.20454e-16,1.2185447e-15,-0.0109858,-0.0103082,-0.0268455,0.030783562
2037,2038,-0.00734334,-0.0136927,-0.0193051,0.024781074,-2.65565e-16,-2.66669e-17,-2.80395e-15,2.816624e-15,-0.00734334,-0.0136927,-0.0193051,0.024781074
2038,2039,-0.00646524,-0.0140963,-0.0198454,0.025186203,-1.56522e-15,-5.24174e-17,-1.9233e-15,2.4802709e-15,-0.00646524,-0.0140963,-0.0198454,0.025186203
2039,2040,-0.00698832,-0.0136098,-0.0210023,0.025983838,-6.04543e-16,1.98561e-16,1.3982e-15,1.5361842e-15,-0.00698832,-0.0136098,-0.0210023,0.025983838
2040,2041,-0.00598764,-0.0139532,-0.0211882,0.026066903,-7.73113e-16,-1.1128e-16,-2.35734e-15,2.4833725e-15,-0.00598764,-0.0139532,-0.0211882,0.026066903
2041,2042,-0.00679028,-0.0131971,-0.0221393,0.026653705,-5.68441e-16,-1.54536e-17,-1.77802e-16,5.957999e-16,-0.00679028,-0.0131971,-0.0221393,0.026653705
2042,2043,-0.00785937,-0.0129055,-0.0242933,0.028609194,1.54026e-15,6.78396e-16,-1.15639e-15,2.0420234e-15,-0.00785937,-0.0129055,-0.0242933,0.028609194
2043,2044,-0.00646453,-0.0132244,-0.0236881,0.027889084,6.82156e-16,-9.26867e-17,9.13261e-16,1.1436666e-15,-0.00646453,-0.0132244,-0.0236881,0.027889084
2044,2045,-0.00926946,-0.0123403,-0.0257018,0.0299798,8.46078e-16,7.58442e-16,-2.89834e-15,3.1131106e-15,-0.00926946,-0.0123403,-0.0257018,0.0299798
2045,2046,-0.00834914,-0.0137114,-0.0268821,0.03131067,1.28121e-16,1.18199e-15,-3.03039e-15,3.2552694e-15,-0.00834914,-0.0137114,-0.0268821,0.03131067
2046,2047,-0.00972075,-0.0117211,-0.0266178,0.030665688,4.74587e-17,2.49837e-17,-1.03725e-15,1.0386356e-15,-0.00972075,-0.0117211,-0.0266178,0.030665688
2047,2048,-0.00912404,-0.00974917,-0.0251963,0.02851575,-5.66574e-16,1.01375e-15,-1.11733e-15,1.6115587e-15,-0.00912404,-0.00974917,-0.0251963,0.02851575
2048,2049,-0.0056464,-0.0147276,-0.0216226,0.026764171,-1.81786e-15,-6.58774e-16,-9.12916e-16,2.1382267e-15,-0.0056464,-0.0147276,-0.0216226,0.026764171
2049,2050,-0.00518846,-0.0141777,-0.0219831,0.026668033,-1.36227e-16,-1.23595e-15,-1.03333e-15,1.6167564e-15,-0.00518846,-0.0141777,-0.0219831,0.026668033
2050,2051,-0.0050856,-0.0145834,-0.0227881,0.027528828,-4.81993e-16,3.12813e-16,-1.23854e-15,1.3653391e-15,-0.0050856,-0.0145834,-0.0227881,0.027528828
2051,2052,-0.00576273,-0.0142656,-0.0231835,0.02782429,-1.45365e-15,-5.66246e-16,8.03559e-17,1.5621108e-15,-0.00576273,-0.0142656,-0.0231835,0.02782429
2052,2053,-0.00557961,-0.013938,-0.024315,0.02857655,2.43353e-16,-4.78455e-16,-1.87025e-16,5.6843486e-16,-0.00557961,-0.013938,-0.024315,0.02857655
2053,2054,-0.00568519,-0.0145378,-0.0255592,0.029948985,1.03392e-15,-1.7126e-15,7.11276e-16,2.1231823e-15,-0.00568519,-0.0145378,-0.0255592,0.029948985
2054,2055,-0.0065428,-0.0141716,-0.0258214,0.030172624,1.02919e-15,-1.07034e-15,1.74212e-15,2.28907e-15,-0.0065428,-0.0141716,-0.0258214,0.030172624
2055,2056,-0.00653779,-0.0137189,-0.0267389,0.030755809,-6.72687e-16,-4.73564e-16,1.32882e-16,8.333236e-16,-0.00653779,-0.0137189,-0.0267389,0.030755809
2056,2057,-0.0081345,-0.0131113,-0.0282494,0.032188583,-1.78065e-15,-6.80259e-17,-2.54847e-15,3.109669e-15,-0.0081345,-0.0131113,-0.0282494,0.032188583
2057,2058,-0.0076006,-0.0106875,-0.0264532,0.029525643,-2.41251e-16,-1.03185e-16,-1.06171e-15,1.0936532e-15,-0.0076006,-0.0106875,-0.0264532,0.029525643
2058,2059,-0.00453738,-0.0143623,-0.0205581,0.02548527,-1.15213e-15,-7.36779e-16,-1.38299e-15,1.94497e-15,-0.00453738,-0.0143623,-0.0205581,0.02548527
2059,2060,-0.00355161,-0.0150763,-0.0215076,0.026504446,-2.19132e-16,1.52099e-15,-4.43369e-16,1.5993766e-15,-0.00355161,-0.0150763,-0.0215076,0.026504446
2060,2061,-0.00398808,-0.0139901,-0.0212911,0.025786404,4.48155e-17,-5.16088e-16,-3.71523e-15,3.751172e-15,-0.00398808,-0.0139901,-0.0212911,0.025786404
2061,2062,-0.00393191,-0.0145452,-0.0225116,0.027088648,1.146e-15,-7.37512e-16,-7.53195e-16,1.5570943e-15,-0.00393191,-0.0145452,-0.0225116,0.027088648
2062,2063,-0.00423238,-0.0142483,-0.0233222,0.027655961,-1.00338e-15,-1.43432e-15,-2.87416e-15,3.36524e-15,-0.00423238,-0.0142483,-0.0233222,0.027655961
2063,2064,-0.00430794,-0.0147012,-0.0246371,0.029011553,3.84676e-16,-7.8952e-16,1.13825e-15,1.4376823e-15,-0.00430794,-0.0147012,-0.0246371,0.029011553
2064,2065,-0.00465673,-0.0149142,-0.0257221,0.030095596,1.28145e-15,-1.33182e-15,8.53617e-16,2.0358096e-15,-0.00465673,-0.0149142,-0.0257221,0.030095596
2065,2066,-0.0051126,-0.0149047,-0.0268132,0.031100426,1.51259e-16,-1.24327e-15,-1.44692e-15,1.9136814e-15,-0.0051126,-0.0149047,-0.0268132,0.031100426
2066,2067,-0.00516504,-0.0138122,-0.0257817,0.02970102,3.39426e-16,-2.56396e-16,-5.46773e-16,6.927551e-16,-0.00516504,-0.0138122,-0.0257817,0.02970102
2067,2068,-0.00522507,-0.012199,-0.0261708,0.029343273,1.15151e-15,-1.339e-15,-7.79902e-16,1.930581e-15,-0.00522507,-0.012199,-0.0261708,0.029343273
2068,2069,-0.00512822,-0.0104087,-0.0260024,0.028473925,-5.87164e-17,-8.32417e-16,-3.53216e-16,9.061607e-16,-0.00512822,-0.0104087,-0.0260024,0.028473925
2069,2070,-0.00444192,-0.00795213,-0.0238383,0.02551924,-8.95311e-17,-1.02322e-15,9.46139e-16,1.3964864e-15,-0.00444192,-0.00795213,-0.0238383,0.02551924
2070,2071,-0.0021412,-0.0148307,-0.021659,0.026337173,-1.08882e-15,-4.44957e-16,-3.33259e-15,3.534073e-15,-0.0021412,-0.0148307,-0.021659,0.026337173
2071,2072,-0.00190597,-0.0146458,-0.0219283,0.026438277,5.17878e-16,-5.55258e-16,-4.1349e-15,4.2040346e-15,-0.00190597,-0.0146458,-0.0219283,0.026438277
2072,2073,-0.00247388,-0.0143843,-0.0205551,0.025209924,6.30939e-16,-1.50265e-15,-2.36823e-15,2.8748137e-15,-0.00247388,-0.0143843,-0.0205551,0.025209924
2073,2074,-0.00226961,-0.0139835,-0.0213732,0.025641821,-1.22962e-15,-1.45675e-15,-2.23597e-15,2.9383071e-15,-0.00226961,-0.0139835,-0.0213732,0.025641821
2074,2075,-0.00258797,-0.0139244,-0.0222349,0.026362423,-4.28444e-16,-1.69369e-15,-3.92714e-16,1.7906353e-15,-0.00258797,-0.0139244,-0.0222349,0.026362423
2075,2076,-0.00256409,-0.0143936,-0.0237241,0.027867243,1.1989e-16,-4.76964e-16,-1.49012e-15,1.56918e-15,-0.00256409,-0.0143936,-0.0237241,0.027867243
2076,2077,-0.0029985,-0.0150699,-0.0258683,0.03008757,1.12725e-15,-8.54646e-16,-2.50424e-15,2.8761658e-15,-0.0029985,-0.0150699,-0.0258683,0.03008757
2077,2078,-0.00314078,-0.0150852,-0.0276119,0.03162032,-2.79913e-16,-2.11425e-15,-4.42377e-16,2.1780959e-15,-0.00314078,-0.0150852,-0.0276119,0.03162032
2078,2079,-0.00318301,-0.0134368,-0.0258455,0.029303055,6.83477e-16,-5.62854e-16,-3.72659e-15,3.8303287e-15,-0.00318301,-0.0134368,-0.0258455,0.029303055
2079,2080,-0.00343044,-0.012048,-0.0261344,0.02898153,2.81098e-16,-1.97633e-16,-3.21587e-15,3.2341761e-15,-0.00343044,-0.012048,-0.0261344,0.02898153
2080,2081,-0.00336883,-0.0101015,-0.0261609,0.028245034,3.20139e-16,-9.07979e-16,-1.11589e-15,1.4738132e-15,-0.00336883,-0.0101015,-0.0261609,0.028245034
2081,2082,-0.00301405,-0.00748022,-0.0235395,0.02488265,1.58703e-15,5.94057e-16,-9.28086e-16,1.9320745e-15,-0.00301405,-0.00748022,-0.0235395,0.02488265
2082,2083,-0.000483886,-0.0141537,-0.0220355,0.026193982,1.35939e-15,1.04124e-15,-5.64021e-15,5.8944116e-15,-0.000483886,-0.0141537,-0.0220355,0.026193982
2083,2084,-0.000563507,-0.0144434,-0.0224026,0.026660942,-1.12997e-15,-5.73372e-16,-3.71298e-15,3.9232393e-15,-0.000563507,-0.0144434,-0.0224026,0.026660942
2084,2085,-0.000747628,-0.0147695,-0.0232076,0.027518898,-6.3137e-16,-2.16941e-15,7.35433e-16,2.3760953e-15,-0.000747628,-0.0147695,-0.0232076,0.027518898
2085,2086,-0.000658255,-0.0146534,-0.0233376,0.027564453,-1.35672e-15,3.15584e-16,-9.40526e-16,1.6807355e-15,-0.000658255,-0.0146534,-0.0233376,0.027564453
2086,2087,-0.000705846,-0.0148455,-0.0239755,0.028208362,7.50332e-16,-2.74082e-15,-9.92085e-16,3.0098714e-15,-0.000705846,-0.0148455,-0.0239755,0.028208362
2087,2088,-0.00078842,-0.0147321,-0.0243317,0.028455017,4.67939e-16,-9.78108e-16,-4.98297e-17,1.085424e-15,-0.00078842,-0.0147321,-0.0243317,0.028455017
2088,2089,-0.000896933,-0.0154005,-0.0259236,0.030166421,-9.82678e-16,-1.12586e-15,4.99747e-16,1.5757423e-15,-0.000896933,-0.0154005,-0.0259236,0.030166421
2089,2090,-0.00110751,-0.0154614,-0.0269824,0.031118024,-1.41806e-15,-1.7596e-16,-2.28096e-15,2.6915859e-15,-0.00110751,-0.0154614,-0.0269824,0.031118024
2090,2091,-0.00122086,-0.0141393,-0.0257564,0.029407524,3.96043e-17,-1.44221e-15,-9.29777e-16,1.7163983e-15,-0.00122086,-0.0141393,-0.0257564,0.029407524
2091,2092,-0.0015153,-0.0127866,-0.0261945,0.029188098,-1.49532e-16,-1.22891e-15,-2.80548e-15,3.0664797e-15,-0.0015153,-0.0127866,-0.0261945,0.029188098
2092,2093,-0.0016923,-0.0109165,-0.0263797,0.028599344,9.65876e-16,-1.16978e-15,-2.79234e-15,3.1778082e-15,-0.0016923,-0.0109165,-0.0263797,0.028599344
2093,2094,-0.00153782,-0.0079494,-0.0241892,0.025508337,2.39603e-16,5.60789e-16,-2.18883e-15,2.272195e-15,-0.00153782,-0.0079494,-0.0241892,0.025508337
2094,2095,0.00141688,-0.0141799,-0.022562,0.026685596,-1.484e-16,-6.82687e-16,-2.84607e-15,2.930563e-15,0.00141688,-0.0141799,-0.022562,0.026685596
2095,2096,0.00146981,-0.0141097,-0.0226335,0.026711782,-9.57655e-17,-1.4994e-15,2.13907e-16,1.517606e-15,0.00146981,-0.0141097,-0.0226335,0.026711782
2096,2097,0.00133406,-0.014095,-0.0226545,0.026714697,3.52848e-16,-8.48676e-16,-1.08399e-15,1.4211921e-15,0.00133406,-0.014095,-0.0226545,0.026714697
2097,2098,0.0012095,-0.0140568,-0.0230329,0.027010571,-1.0394e-15,2.11146e-16,-2.18476e-15,2.4286027e-15,0.0012095,-0.0140568,-0.0230329,0.027010571
2098,2099,0.00126323,-0.0143167,-0.023768,0.027775556,-7.72667e-16,-9.69831e-16,-9.5693e-16,1.5663019e-15,0.00126323,-0.0143167,-0.023768,0.027775556
2099,2100,0.00115102,-0.014118,-0.0241617,0.028007688,-1.20085e-15,-1.89332e-15,-1.56203e-15,2.7325152e-15,0.00115102,-0.014118,-0.0241617,0.028007688
2100,2101,0.00106471,-0.0153028,-0.0259663,0.03015888,-2.4147e-15,-1.00508e-15,-4.63504e-15,5.322082e-15,0.00106471,-0.0153028,-0.0259663,0.03015888
2101,2102,0.000970071,-0.0152869,-0.0271129,0.031140644,-1.43589e-15,-1.67787e-15,-3.51041e-15,4.1472893e-15,0.000970071,-0.0152869,-0.0271129,0.031140644
2102,2103,0.00056628,-0.013805,-0.0251899,0.028730294,1.5586e-16,-8.58379e-16,-3.7916e-15,3.890673e-15,0.00056628,-0.013805,-0.0251899,0.028730294
2103,2104,0.00036645,-0.0127235,-0.0256166,0.028604753,-6.44734e-16,1.64409e-16,-4.87628e-15,4.9214656e-15,0.00036645,-0.0127235,-0.0256166,0.028604753
2104,2105,-4.46871e-05,-0.0112424,-0.0261729,0.028485334,1.02783e-15,5.73259e-16,-3.16618e-15,3.377833e-15,-4.46871e-05,-0.0112424,-0.0261729,0.028485334
2105,2106,-0.000288655,-0.00815715,-0.0242455,0.025582546,5.03385e-16,1.42656e-17,-1.67314e-15,1.747283e-15,-0.000288655,-0.00815715,-0.0242455,0.025582546
2106,2107,-0.00214809,0.0124529,0.0230896,0.026321448,-2.49405e-16,2.48452e-15,6.97709e-16,2.5926514e-15,-0.00214809,0.0124529,0.0230896,0.026321448
2107,2108,0.000272928,0.0129138,0.0223759,0.025836442,2.05517e-15,9.08286e-16,1.28487e-15,2.5883582e-15,0.000272928,0.0129138,0.0223759,0.025836442
2108,2109,0.00207563,0.0130226,0.0223396,0.025941357,1.86722e-15,-4.29436e-16,5.6354e-15,5.952198e-15,0.00207563,0.0130226,0.0223396,0.025941357
2109,2110,-0.00207106,0.0128829,0.0224501,0.025966622,-2.78261e-15,-4.08642e-16,1.66281e-15,3.267238e-15,-0.00207106,0.0128829,0.0224501,0.025966622
2110,2111,-0.00156209,0.012649,0.0211416,0.02468612,-3.7466e-16,4.28978e-16,6.70301e-16,8.795997e-16,-0.00156209,0.012649,0.0211416,0.02468612
2111,2112,-0.00137419,0.0132625,0.0215705,0.0253588,6.22776e-16,2.94876e-16,2.20132e-15,2.3066452e-15,-0.00137419,0.0132625,0.0215705,0.0253588
2112,2113,-0.00123033,0.0136509,0.0213947,0.025408542,6.88421e-16,1.61703e-15,1.04113e-16,1.7605537e-15,-0.00123033,0.0136509,0.0213947,0.025408542
2113,2114,-0.000907549,0.0134313,0.0207958,0.02477274,2.21016e-16,8.95719e-17,4.37794e-15,4.3844306e-15,-0.000907549,0.0134313,0.0207958,0.02477274
2114,2115,-0.000698793,0.0141533,0.02096,0.025300708,-4.37363e-16,8.67883e-16,2.78178e-15,2.9466605e-15,-0.000698793,0.0141533,0.02096,0.025300708
2115,2116,-0.000335884,0.0142097,0.0205385,0.024977157,7.24766e-16,1.36215e-15,9.11437e-16,1.7920534e-15,-0.000335884,0.0142097,0.0205385,0.024977157
2116,2117,-0.000275579,0.0137356,0.0199351,0.024210552,9.5248e-16,1.36278e-15,2.77128e-15,3.2317767e-15,-0.000275579,0.0137356,0.0199351,0.024210552
2117,2118,7.48806e-06,0.0141485,0.0192239,0.023869194,-5.51046e-16,3.26176e-16,1.65207e-15,1.7718289e-15,7.48806e-06,0.0141485,0.0192239,0.023869194
2118,2119,0.000352882,0.0140108,0.0185026,0.02321149,-4.24757e-17,5.22222e-16,1.79027e-16,5.536883e-16,0.000352882,0.0140108,0.0185026,0.02321149
2119,2120,0.000517941,0.0134719,0.0224808,0.026213484,-1.50953e-15,-2.15508e-16,1.55373e-15,2.1769708e-15,0.000517941,0.0134719,0.0224808,0.026213484
2120,2121,0.000756685,0.0133631,0.0217251,0.02551715,-4.56112e-16,4.31567e-16,-7.31023e-16,9.636819e-16,0.000756685,0.0133631,0.0217251,0.02551715
2121,2122,0.0010013,0.0138099,0.0217626,0.025793929,-1.14349e-15,1.35534e-15,-1.32399e-15,2.2130218e-15,0.0010013,0.0138099,0.0217626,0.025793929
2122,2123,0.00133887,0.0138597,0.0215035,0.025618048,-1.28562e-16,1.95759e-15,-2.42429e-15,3.1186324e-15,0.00133887,0.0138597,0.0215035,0.025618048
2123,2124,0.00123969,0.0140688,0.0212848,0.025544288,-5.74752e-17,2.16874e-16,2.15689e-15,2.1685276e-15,0.00123969,0.0140688,0.0212848,0.025544288
2124,2125,0.00171134,0.0142689,0.0206396,0.025150016,2.73857e-16,9.65396e-16,1.77313e-15,2.0373946e-15,0.00171134,0.0142689,0.0206396,0.025150016
2125,2126,0.00180237,0.0141744,0.0198512,0.024458786,-3.25058e-16,1.50475e-16,-5.54606e-16,6.602221e-16,0.00180237,0.0141744,0.0198512,0.024458786
2126,2127,0.00217996,0.0146129,0.0191053,0.024151638,9.89673e-16,1.16931e-15,2.89078e-15,3.2715972e-15,0.00217996,0.0146129,0.0191053,0.024151638
2127,2128,0.00278412,0.0130739,0.0204264,0.024411391,-2.31055e-16,4.64015e-16,6.01355e-17,5.218358e-16,0.00278412,0.0130739,0.0204264,0.024411391
2128,2129,0.00252119,0.013407,0.021607,0.02555321,9.81748e-16,3.15844e-16,-1.24904e-16,1.0388395e-15,0.00252119,0.013407,0.021607,0.02555321
2129,2130,0.00342459,0.0137749,0.0203624,0.024821423,-2.62185e-16,8.88371e-16,-1.55609e-16,9.392327e-16,0.00342459,0.0137749,0.0203624,0.024821423
2130,2131,0.00363338,0.014116,0.0203892,0.025063567,-6.52923e-16,-2.84993e-16,1.24684e-15,1.4360151e-15,0.00363338,0.014116,0.0203892,0.025063567
2131,2132,0.00358742,0.0141354,0.0200944,0.024828693,1.94384e-17,-3.66411e-16,5.52839e-15,5.5405535e-15,0.00358742,0.0141354,0.0200944,0.024828693
2132,2133,0.00204895,0.0138814,0.019915,0.024361828,7.65593e-16,5.8856e-16,3.25442e-15,3.39467e-15,0.00204895,0.0138814,0.019915,0.024361828
2133,2134,0.00385343,0.0137422,0.0193909,0.024077041,6.77048e-16,-6.65513e-16,-6.61965e-16,1.1573673e-15,0.00385343,0.0137422,0.0193909,0.024077041
2134,2135,0.00347241,0.0145637,0.0194236,0.024524176,-6.17053e-16,1.19114e-15,-2.60587e-15,2.9308918e-15,0.00347241,0.0145637,0.0194236,0.024524176
2135,2136,0.00510357,0.0137495,0.0172107,0.022612019,-1.49179e-15,1.14614e-15,-8.60339e-16,2.0686366e-15,0.00510357,0.0137495,0.0172107,0.022612019
2136,2137,0.00421201,0.0140072,0.0188787,0.023881959,-5.96253e-17,1.48448e-15,-5.12856e-15,5.339416e-15,0.00421201,0.0140072,0.0188787,0.023881959
2137,2138,0.00409391,0.0144428,0.0181795,0.023576446,2.39409e-16,-2.31786e-17,6.58231e-16,7.0080097e-16,0.00409391,0.0144428,0.0181795,0.023576446
2138,2139,0.00395155,0.0142196,0.0184298,0.023610787,-1.5389e-15,2.50756e-16,1.26912e-15,2.0104124e-15,0.00395155,0.0142196,0.0184298,0.023610787
2139,2140,0.00220659,0.0140104,0.0179936,0.02291135,-2.98455e-18,6.41892e-16,2.03714e-15,2.1358779e-15,0.00220659,0.0140104,0.0179936,0.02291135
2140,2141,0.00521753,0.0132189,0.019149,0.023846302,2.04457e-16,3.2416e-16,-2.19458e-17,3.8388018e-16,0.00521753,0.0132189,0.019149,0.023846302
2141,2142,0.00508219,0.0138703,0.0186321,0.02377749,-6.21753e-16,-1.35525e-15,-2.77475e-15,3.1500025e-15,0.00508219,0.0138703,0.0186321,0.02377749
2142,2143,0.00612077,0.0132282,0.0165159,0.022027802,4.09991e-16,-7.71558e-16,1.25941e-15,1.5328105e-15,0.00612077,0.0132282,0.0165159,0.022027802
2143,2144,0.00545439,0.0132375,0.017883,0.022908153,6.0271e-16,4.34709e-16,4.22747e-16,8.54954e-16,0.00545439,0.0132375,0.017883,0.022908153
2144,2145,0.00531567,0.013692,0.0180366,0.023260398,6.94241e-16,2.07681e-16,-9.60929e-16,1.2035309e-15,0.00531567,0.013692,0.0180366,0.023260398
2145,2146,0.00680103,0.0132882,0.0158253,0.021754779,1.78599e-16,1.33045e-15,-2.04554e-15,2.4466771e-15,0.00680103,0.0132882,0.0158253,0.021754779
2146,2147,0.00602105,0.013282,0.0160719,0.021701856,-1.70217e-16,9.54676e-16,-5.84245e-16,1.1321317e-15,0.00602105,0.013282,0.0160719,0.021701856
2147,2148,0.00595497,0.0140877,0.0174132,0.02317638,8.94137e-16,2.35041e-16,-4.9379e-15,5.023702e-15,0.00595497,0.0140877,0.0174132,0.02317638
2148,2149,0.00557891,0.0143276,0.016925,0.022866132,6.79716e-16,9.79612e-16,1.85779e-15,2.2074956e-15,0.00557891,0.0143276,0.016925,0.022866132
2149,2150,0.00671076,0.0128091,0.0178374,0.022962581,-5.92022e-16,-3.81858e-16,6.50656e-16,9.589885e-16,0.00671076,0.0128091,0.0178374,0.022962581
2150,2151,0.00699945,0.0127655,0.0162286,0.021801783,1.13024e-15,1.37335e-15,-2.16489e-15,2.8018355e-15,0.00699945,0.0127655,0.0162286,0.021801783
2151,2152,0.00674517,0.0129783,0.0152473,0.021128505,3.45485e-16,1.96675e-15,-6.211e-16,2.0912271e-15,0.00674517,0.0129783,0.0152473,0.021128505
2152,2153,0.00736548,0.0136614,0.0160431,0.022321856,3.37871e-16,1.16958e-15,1.90757e-15,2.26294e-15,0.00736548,0.0136614,0.0160431,0.022321856
2153,2154,0.0072498,0.0140878,0.015861,0.022418678,4.79306e-16,9.04703e-16,-1.41105e-15,1.7433541e-15,0.0072498,0.0140878,0.015861,0.022418678
2154,2155,0.00744925,0.0134076,0.0153838,0.021723635,1.10705e-15,2.24505e-15,6.30325e-16,2.581302e-15,0.00744925,0.0134076,0.0153838,0.021723635
2155,2156,0.00641616,0.013725,0.0153796,0.021588767,9.14585e-16,2.18162e-15,-2.24769e-15,3.2631337e-15,0.00641616,0.013725,0.0153796,0.021588767
2156,2157,0.00833522,0.013533,0.0170195,0.023286935,2.71887e-16,1.47156e-15,1.33694e-15,2.006694e-15,0.00833522,0.013533,0.0170195,0.023286935
2157,2158,0.00824979,0.0134085,0.0156509,0.022199044,1.1285e-15,1.12894e-15,4.82355e-16,1.6675383e-15,0.00824979,0.0134085,0.0156509,0.022199044
2158,2159,0.0078904,0.0137796,0.0156007,0.022260224,3.13854e-16,4.9862e-17,2.19809e-15,2.2209437e-15,0.0078904,0.0137796,0.0156007,0.022260224
2159,2160,0.00892083,0.0126207,0.0152107,0.021684757,1.39631e-15,1.03852e-15,6.73458e-16,1.8659452e-15,0.00892083,0.0126207,0.0152107,0.021684757
2160,2161,0.00808346,0.0130195,0.0143457,0.020991636,8.76886e-16,-3.47769e-17,2.79455e-15,2.9291037e-15,0.00808346,0.0130195,0.0143457,0.020991636
2161,2162,0.000526035,0.0145871,0.0194272,0.024299718,-4.03159e-16,-2.3464e-15,6.6411e-15,7.0549514e-15,0.000526035,0.0145871,0.0194272,0.024299718
2162,2163,0.000822873,0.0143923,0.019537,0.024279824,-3.04881e-16,-1.92093e-15,4.73114e-15,5.1153306e-15,0.000822873,0.0143923,0.019537,0.024279824
2163,2164,0.000699404,0.0149499,0.020288,0.025210943,-1.19809e-15,2.40691e-16,-1.22092e-16,1.2281117e-15,0.000699404,0.0149499,0.020288,0.025210943
2164,2165,0.000562742,0.0149938,0.0201147,0.025094459,-1.16906e-15,7.15922e-16,-9.00978e-16,1.6404289e-15,0.000562742,0.0149938,0.0201147,0.025094459
2165,2166,0.000385233,0.0151443,0.0199755,0.025070278,9.73406e-17,9.47392e-16,-5.25796e-15,5.3435167e-15,0.000385233,0.0151443,0.0199755,0.025070278
2166,2167,0.000374908,0.0143695,0.0193654,0.024117252,7.04761e-16,5.062e-16,-2.98575e-15,3.1092811e-15,0.000374908,0.0143695,0.0193654,0.024117252
2167,2168,0.000279042,0.0148629,0.0193126,0.024371298,-2.40111e-15,4.79772e-16,5.2443e-15,5.787762e-15,0.000279042,0.0148629,0.0193126,0.024371298
2168,2169,0.000213153,0.0147272,0.0191329,0.02414547,-5.13853e-16,2.2787e-15,-6.40957e-17,2.3367985e-15,0.000213153,0.0147272,0.0191329,0.02414547
2169,2170,8.78102e-05,0.0151787,0.0202993,0.02534684,-8.62843e-16,1.03595e-15,3.00398e-15,3.2926564e-15,8.78102e-05,0.0151787,0.0202993,0.02534684
2170,2171,-7.29434e-05,0.0150821,0.0204061,0.02537487,-3.53106e-16,1.97964e-15,4.18314e-15,4.6413704e-15,-7.29434e-05,0.0150821,0.0204061,0.02537487
2171,2172,0.00259738,0.0145609,0.018482,0.023671724,-1.15863e-15,7.327e-16,3.78491e-15,4.0255207e-15,0.00259738,0.0145609,0.018482,0.023671724
2172,2173,0.000742901,0.0146374,0.0200055,0.024799706,-8.09821e-17,4.02543e-16,2.83889e-16,4.9919124e-16,0.000742901,0.0146374,0.0200055,0.024799706
2173,2174,0.00286289,0.0144756,0.0188501,0.023938784,-2.80476e-16,-7.45063e-16,2.54293e-15,2.6646348e-15,0.00286289,0.0144756,0.0188501,0.023938784
2174,2175,0.00288478,0.0151427,0.0205131,0.025659513,-8.87876e-16,-3.61062e-16,1.25985e-15,1.5830072e-15,0.00288478,0.0151427,0.0205131,0.025659513
2175,2176,0.00278001,0.0153687,0.0212366,0.026361307,1.76656e-17,2.21488e-15,-2.25298e-15,3.1594183e-15,0.00278001,0.0153687,0.0212366,0.026361307
2176,2177,0.00276223,0.0154932,0.0217868,0.026876269,6.73923e-16,1.2991e-15,2.43562e-16,1.4836292e-15,0.00276223,0.0154932,0.0217868,0.026876269
2177,2178,0.00251937,0.0155077,0.021692,0.026783928,-1.95879e-15,1.99363e-15,-2.47719e-15,3.7346873e-15,0.00251937,0.0155077,0.021692,0.026783928
2178,2179,0.00229086,0.0147681,0.0213543,0.026064364,-1.01468e-15,1.01504e-15,-5.00322e-16,1.5199354e-15,0.00229086,0.0147681,0.0213543,0.026064364
2179,2180,0.0024605,0.0152426,0.0212473,0.02626478,6.75614e-16,1.48603e-15,-3.05255e-15,3.4616185e-15,0.0024605,0.0152426,0.0212473,0.02626478
2180,2181,0.00221217,0.0151489,0.0211026,0.026071107,3.9672e-16,1.90763e-15,3.01271e-16,1.9715992e-15,0.00221217,0.0151489,0.0211026,0.026071107
2181,2182,0.00219981,0.0153537,0.0211405,0.026220147,6.40675e-16,2.29303e-15,-5.51502e-15,6.0069874e-15,0.00219981,0.0153537,0.0211405,0.026220147
2182,2183,0.0046781,0.0145798,0.0176387,0.02335763,-7.70078e-16,1.52172e-15,6.47754e-16,1.8243457e-15,0.0046781,0.0145798,0.0176387,0.02335763
2183,2184,0.00448018,0.0136348,0.0170211,0.022264268,1.11163e-15,-7.78899e-16,8.99939e-16,1.628587e-15,0.00448018,0.0136348,0.0170211,0.022264268
2184,2185,0.00459592,0.0141328,0.0178317,0.02321267,1.20808e-15,1.34555e-15,-5.62452e-16,1.8937567e-15,0.00459592,0.0141328,0.0178317,0.02321267
2185,2186,0.00450494,0.0142926,0.0188944,0.024115788,8.92425e-16,1.77127e-15,-4.73402e-15,5.132715e-15,0.00450494,0.0142926,0.0188944,0.024115788
2186,2187,0.0047438,0.0148944,0.019979,0.025367444,-8.21483e-16,9.52676e-17,3.9515e-15,4.0371106e-15,0.0047438,0.0148944,0.019979,0.025367444
2187,2188,0.00453399,0.0152106,0.0210234,0.026342032,-9.88419e-16,9.0358e-16,5.29242e-15,5.4592248e-15,0.00453399,0.0152106,0.0210234,0.026342032
2188,2189,0.00406228,0.0144967,0.0202848,0.025261225,-2.95398e-16,1.63939e-15,-2.16117e-15,2.7286472e-15,0.00406228,0.0144967,0.0202848,0.025261225
2189,2190,0.00416775,0.015127,0.0207743,0.026033973,9.09063e-16,1.80333e-16,-2.6773e-15,2.83317e-15,0.00416775,0.015127,0.0207743,0.026033973
2190,2191,0.00419307,0.0150803,0.0215886,0.0266658,4.31974e-16,-6.02114e-16,-2.41095e-16,7.79275e-16,0.00419307,0.0150803,0.0215886,0.0266658
2191,2192,0.00205472,0.0155772,0.0216112,0.026719188,-2.0024e-16,4.13612e-15,-3.3349e-15,5.3168732e-15,0.00205472,0.0155772,0.0216112,0.026719188
2192,2193,0.00389514,0.0150248,0.0214058,0.026440972,8.80587e-16,2.97664e-17,9.44032e-16,1.2913233e-15,0.00389514,0.0150248,0.0214058,0.026440972
2193,2194,0.00615041,0.0144576,0.0166469,0.022890368,-3.90529e-16,2.06802e-16,1.94977e-15,1.9992205e-15,0.00615041,0.0144576,0.0166469,0.022890368
2194,2195,0.00576002,0.0137282,0.0166497,0.022335036,1.04189e-15,2.45157e-16,3.09324e-15,3.2731896e-15,0.00576002,0.0137282,0.0166497,0.022335036
2195,2196,0.00609832,0.0128398,0.0142914,0.020156737,1.17826e-15,1.94584e-15,2.58378e-15,3.4424569e-15,0.00609832,0.0128398,0.0142914,0.020156737
2196,2197,0.00578238,0.0137049,0.0172475,0.022775786,1.26502e-15,5.89992e-16,2.06492e-15,2.4924408e-15,0.00578238,0.0137049,0.0172475,0.022775786
2197,2198,0.00606863,0.0143499,0.0190494,0.0246095,1.74602e-16,7.8957e-16,3.07029e-15,3.1749942e-15,0.00606863,0.0143499,0.0190494,0.0246095
2198,2199,0.00624386,0.0148614,0.0206968,0.026233653,-5.62972e-16,4.24167e-15,2.44929e-15,4.930286e-15,0.00624386,0.0148614,0.0206968,0.026233653
2199,2200,0.0059706,0.0147516,0.0207642,0.026161226,7.33984e-16,-5.83029e-17,2.33051e-15,2.4440558e-15,0.0059706,0.0147516,0.0207642,0.026161226
2200,2201,0.00573334,0.014359,0.019921,0.025217025,1.31862e-15,1.24753e-15,1.36297e-15,2.269973e-15,0.00573334,0.014359,0.019921,0.025217025
2201,2202,0.00546058,0.014392,0.0196408,0.024954129,4.9241e-16,1.40786e-15,-7.24347e-16,1.658076e-15,0.00546058,0.014392,0.0196408,0.024954129
2202,2203,0.00525745,0.0148592,0.0209864,0.02624625,2.32283e-15,4.77358e-16,-4.46575e-15,5.056316e-15,0.00525745,0.0148592,0.0209864,0.02624625
2203,2204,0.00640545,0.0142427,0.019606,0.025065504,-1.57861e-16,5.98749e-16,2.67457e-15,2.7453134e-15,0.00640545,0.0142427,0.019606,0.025065504
2204,2205,0.00598164,0.0147351,0.0205131,0.025955549,1.72055e-15,-5.19097e-16,5.13177e-16,1.868985e-15,0.00598164,0.0147351,0.0205131,0.025955549
2205,2206,0.0039943,0.0147619,0.0211499,0.026099546,9.70448e-16,2.10734e-15,-2.23905e-15,3.2242824e-15,0.0039943,0.0147619,0.0211499,0.026099546
2206,2207,0.00710034,0.0136804,0.0158046,0.022076085,9.7741e-16,2.36089e-15,-2.23318e-15,3.3935564e-15,0.00710034,0.0136804,0.0158046,0.022076085
2207,2208,0.006273,0.0130054,0.0158843,0.021466298,1.21479e-15,1.48337e-15,-1.79367e-15,2.6255197e-15,0.006273,0.0130054,0.0158843,0.021466298
2208,2209,0.00653153,0.0135321,0.0175592,0.023110693,5.68416e-16,6.45222e-17,3.04178e-15,3.0951067e-15,0.00653153,0.0135321,0.0175592,0.023110693
2209,2210,0.00709638,0.013434,0.0179581,0.023522848,1.20938e-16,2.21819e-18,1.84705e-15,1.8510065e-15,0.00709638,0.013434,0.0179581,0.023522848
2210,2211,0.00681702,0.0140903,0.018532,0.024257852,8.14785e-16,-6.33534e-16,3.82019e-15,3.957157e-15,0.00681702,0.0140903,0.018532,0.024257852
2211,2212,0.0075078,0.0146087,0.0202289,0.026057428,8.33627e-16,-4.62484e-17,7.03678e-16,1.0918955e-15,0.0075078,0.0146087,0.0202289,0.026057428
2212,2213,0.00701975,0.0143975,0.0198655,0.025518678,-4.80791e-16,5.89083e-16,3.05617e-15,3.1493418e-15,0.00701975,0.0143975,0.0198655,0.025518678
2213,2214,0.00617062,0.0140025,0.0182963,0.023851648,1.19632e-15,2.16684e-15,2.54944e-15,3.5533113e-15,0.00617062,0.0140025,0.0182963,0.023851648
2214,2215,0.00688945,0.014019,0.0182488,0.024021149,1.52052e-15,-4.71086e-16,3.92597e-15,4.236407e-15,0.00688945,0.014019,0.0182488,0.024021149
2215,2216,0.00720256,0.0146885,0.0195737,0.02550997,8.12524e-16,1.8557e-15,1.55372e-15,2.5530107e-15,0.00720256,0.0146885,0.0195737,0.02550997
2216,2217,0.00635381,0.0128494,0.01688,0.022145256,7.26483e-16,-1.97562e-16,6.7207e-16,1.0092008e-15,0.00635381,0.0128494,0.01688,0.022145256
2217,2218,0.00602318,0.0128981,0.01737,0.022457885,5.12339e-16,1.15163e-15,-1.35024e-15,1.8471305e-15,0.00602318,0.0128981,0.01737,0.022457885
2218,2219,0.0073325,0.0133129,0.0161696,0.022191323,8.45926e-16,1.61052e-15,1.35171e-15,2.2663815e-15,0.0073325,0.0133129,0.0161696,0.022191323
2219,2220,0.00797227,0.013639,0.0178637,0.023847247,3.60799e-16,-4.41386e-16,1.35291e-15,1.4681155e-15,0.00797227,0.013639,0.0178637,0.023847247
2220,2221,0.00849873,0.0138673,0.0180873,0.02432449,9.24417e-16,3.10612e-16,-2.25849e-16,1.0010168e-15,0.00849873,0.0138673,0.0180873,0.02432449
2221,2222,0.00780019,0.0139706,0.0189643,0.024812605,4.83397e-16,4.3032e-16,4.50122e-15,4.5475077e-15,0.00780019,0.0139706,0.0189643,0.024812605
2222,2223,0.00763662,0.0134318,0.0184784,0.024086976,1.97742e-16,7.8498e-17,5.85718e-16,6.231608e-16,0.00763662,0.0134318,0.0184784,0.024086976
2223,2224,0.0086273,0.0135226,0.0185904,0.0245539,9.95633e-17,1.48893e-15,2.11169e-15,2.5857417e-15,0.0086273,0.0135226,0.0185904,0.0245539
2224,2225,0.00706346,0.0135285,0.0189988,0.024369389,1.13736e-16,-2.92676e-16,1.64963e-15,1.6792482e-15,0.00706346,0.0135285,0.0189988,0.024369389
2225,2226,0.00806156,0.0134704,0.0192708,0.024855666,-4.58298e-16,-4.9971e-16,4.01791e-15,4.0747206e-15,0.00806156,0.0134704,0.0192708,0.024855666
2226,2227,0.00777755,0.0136621,0.0190779,0.02472063,-6.01211e-16,6.05595e-17,5.80551e-15,5.8368714e-15,0.00777755,0.0136621,0.0190779,0.02472063
2227,2228,0.00779296,0.0142322,0.0194016,0.025292447,-1.58511e-15,-9.13248e-16,2.68404e-15,3.248179e-15,0.00779296,0.0142322,0.0194016,0.025292447
2228,2229,0.00732958,0.0137568,0.0190517,0.024615841,9.38202e-16,-4.34097e-16,2.68743e-15,2.8793998e-15,0.00732958,0.0137568,0.0190517,0.024615841
2229,2230,0.00704874,0.013831,0.0181524,0.023884952,-5.92859e-16,-5.47505e-16,-2.10759e-16,8.340641e-16,0.00704874,0.013831,0.0181524,0.023884952
2230,2231,0.00943347,0.0133318,0.0177111,0.024091706,6.51029e-16,2.71057e-16,8.03812e-16,1.0693103e-15,0.00943347,0.0133318,0.0177111,0.024091706
2231,2232,0.0090786,0.0139554,0.0194187,0.025578508,-6.06213e-17,2.34876e-16,3.53821e-16,4.289883e-16,0.0090786,0.0139554,0.0194187,0.025578508
2232,2233,0.0093138,0.0130863,0.0202408,0.02583966,7.13142e-16,2.9559e-16,2.41252e-15,2.5330215e-15,0.0093138,0.0130863,0.0202408,0.02583966
2233,2234,0.0100509,0.0135225,0.0197899,0.025990743,-2.78196e-16,6.06889e-16,1.63991e-16,6.8745935e-16,0.0100509,0.0135225,0.0197899,0.025990743
2234,2235,0.00863523,0.0135259,0.0198663,0.025537955,-6.57115e-16,2.83634e-16,3.2248e-15,3.3032684e-15,0.00863523,0.0135259,0.0198663,0.025537955
2235,2236,0.00926032,0.014034,0.0211916,0.02705163,-5.74736e-16,1.51654e-15,3.40521e-15,3.7716933e-15,0.00926032,0.014034,0.0211916,0.02705163
2236,2237,0.00946523,0.0131271,0.0203145,0.025972875,-9.30362e-16,1.51087e-15,2.8279e-16,1.7967392e-15,0.00946523,0.0131271,0.0203145,0.025972875
2237,2238,0.00921577,0.0132688,0.0203196,0.025959153,1.53934e-15,5.36745e-16,6.05155e-16,1.7389293e-15,0.00921577,0.0132688,0.0203196,0.025959153
2238,2239,0.00962161,0.0127299,0.0200765,0.025645498,-5.71506e-16,2.58822e-15,1.84556e-15,3.2297978e-15,0.00962161,0.0127299,0.0200765,0.025645498
2239,2240,0.00809132,0.0134502,0.0187279,0.024435867,-7.20622e-16,7.02024e-16,3.21665e-15,3.3703073e-15,0.00809132,0.0134502,0.0187279,0.024435867
2240,2241,0.008453,0.0131799,0.018356,0.024126867,8.34279e-16,6.07755e-19,4.1008e-16,9.296169e-16,0.008453,0.0131799,0.018356,0.024126867
2241,2242,0.00939271,0.0134316,0.0199949,0.025853954,4.98739e-16,-1.27645e-15,3.56104e-15,3.815635e-15,0.00939271,0.0134316,0.0199949,0.025853954
2242,2243,0.00805229,0.0144285,0.0200435,0.025976198,-7.63269e-16,7.90798e-17,1.4422e-15,1.6336384e-15,0.00805229,0.0144285,0.0200435,0.025976198
2243,2244,0.0113039,0.0116248,0.0183632,0.024497371,-1.87496e-16,-8.78415e-16,5.49208e-15,5.5650437e-15,0.0113039,0.0116248,0.0183632,0.024497371
2244,2245,0.010682,0.0114772,0.0178112,0.023729097,-4.4328e-16,2.29004e-15,-1.34912e-15,2.6946066e-15,0.010682,0.0114772,0.0178112,0.023729097
2245,2246,0.0106579,0.0124167,0.0185072,0.02470388,-1.49322e-15,-7.69675e-16,1.39137e-15,2.1812877e-15,0.0106579,0.0124167,0.0185072,0.02470388
2246,2247,0.0110084,0.0108355,0.017876,0.023625078,9.29391e-16,8.78827e-16,-1.19641e-15,1.7514284e-15,0.0110084,0.0108355,0.017876,0.023625078
2247,2248,0.0099834,0.0124413,0.0199498,0.025543077,2.30853e-15,-8.10574e-16,2.92035e-15,3.8098276e-15,0.0099834,0.0124413,0.0199498,0.025543077
2248,2249,0.0101953,0.0120902,0.0193912,0.025022702,6.95885e-16,9.91563e-16,3.70128e-15,3.8944737e-15,0.0101953,0.0120902,0.0193912,0.025022702
2249,2250,0.0104417,0.0114959,0.0185829,0.024217946,1.13786e-15,-1.72308e-15,3.03365e-15,3.6697084e-15,0.0104417,0.0114959,0.0185829,0.024217946
2250,2251,0.0100636,0.0117761,0.0188703,0.024413947,-1.22456e-15,1.83914e-15,3.62528e-15,4.245543e-15,0.0100636,0.0117761,0.0188703,0.024413947
2251,2252,0.0109647,0.0114813,0.0186464,0.02448945,-3.13826e-16,1.27137e-15,4.36381e-15,4.5560627e-15,0.0109647,0.0114813,0.0186464,0.02448945
2252,2253,0.011196,0.011261,0.01841,0.024312314,1.52562e-16,1.10042e-15,-2.59524e-15,2.8230249e-15,0.011196,0.011261,0.01841,0.024312314
2253,2254,0.0112261,0.0115264,0.0189163,0.024833638,4.82615e-16,9.0652e-16,6.81998e-16,1.2328086e-15,0.0112261,0.0115264,0.0189163,0.024833638
2254,2255,0.0100013,0.0125917,0.0199965,0.025660025,6.55606e-16,8.19081e-16,-6.96698e-17,1.0514594e-15,0.0100013,0.0125917,0.0199965,0.025660025
2255,2256,0.0103876,0.0126296,0.0197433,0.025636047,1.24029e-15,-5.1333e-16,-5.96759e-17,1.3436474e-15,0.0103876,0.0126296,0.0197433,0.025636047
2256,2257,0.0102634,0.0114436,0.0182791,0.023883443,6.21417e-16,1.81189e-15,-5.15046e-17,1.9161831e-15,0.0102634,0.0114436,0.0182791,0.023883443
2257,2258,0.0102454,0.0118551,0.0183596,0.024136828,1.1781e-15,-5.6883e-16,1.1455e-15,1.7388667e-15,0.0102454,0.0118551,0.0183596,0.024136828
2258,2259,0.01074,0.0113737,0.0185265,0.024247471,8.98046e-17,-5.79376e-17,-5.40723e-16,5.511833e-16,0.01074,0.0113737,0.0185265,0.024247471
2259,2260,0.00945964,0.0127279,0.0189319,0.024696175,-3.08316e-16,3.86157e-16,1.60368e-15,1.6780839e-15,0.00945964,0.0127279,0.0189319,0.024696175
2260,2261,3.70303e-05,0.014464,0.0202172,0.024858477,7.43987e-16,1.69509e-15,2.89067e-15,3.4326112e-15,3.70303e-05,0.014464,0.0202172,0.024858477
2261,2262,-0.000310972,0.0145536,0.0200796,0.024801096,6.58906e-16,3.11576e-16,2.62318e-15,2.7225557e-15,-0.000310972,0.0145536,0.0200796,0.024801096
2262,2263,-0.0003878,0.0149606,0.0201796,0.02512342,-1.35629e-15,1.47228e-15,3.82332e-15,4.3156583e-15,-0.0003878,0.0149606,0.0201796,0.02512342
2263,2264,-0.000257738,0.0146474,0.0199357,0.02473954,-1.43909e-15,3.13303e-16,3.33223e-15,3.6431984e-15,-0.000257738,0.0146474,0.0199357,0.02473954
2264,2265,-0.000571549,0.0149186,0.0198725,0.024855735,7.45791e-17,2.38191e-16,1.45346e-15,1.474735e-15,-0.000571549,0.0149186,0.0198725,0.024855735
2265,2266,-0.000703076,0.0146699,0.0194434,0.024366906,1.16624e-15,7.09303e-18,-1.37918e-15,1.8061847e-15,-0.000703076,0.0146699,0.0194434,0.024366906
2266,2267,-0.000729205,0.0146475,0.0191437,0.024115603,1.93418e-16,2.24045e-16,-3.95821e-16,4.9424785e-16,-0.000729205,0.0146475,0.0191437,0.024115603
2267,2268,-0.000837093,0.0149282,0.0186736,0.023921857,1.60038e-15,-2.24156e-16,5.30092e-16,1.7007233e-15,-0.000837093,0.0149282,0.0186736,0.023921857
2268,2269,0.00190432,0.0150105,0.0216252,0.026393007,6.20094e-16,8.52237e-16,1.54808e-15,1.872799e-15,0.00190432,0.0150105,0.0216252,0.026393007
2269,2270,0.00177786,0.0154687,0.0219687,0.026927035,-6.18259e-16,-2.19524e-16,2.95502e-15,3.026975e-15,0.00177786,0.0154687,0.0219687,0.026927035
2270,2271,0.00173817,0.0157044,0.0219199,0.027020946,-1.2933e-15,7.99435e-16,2.93903e-16,1.54858e-15,0.00173817,0.0157044,0.0219199,0.027020946
2271,2272,0.00166229,0.0150225,0.021364,0.026169816,-3.58022e-16,6.81299e-16,-1.7346e-15,1.897679e-15,0.00166229,0.0150225,0.021364,0.026169816
2272,2273,0.00154689,0.0155465,0.0210795,0.026237983,9.04944e-17,1.14802e-15,-3.39608e-15,3.586014e-15,0.00154689,0.0155465,0.0210795,0.026237983
2273,2274,0.00142325,0.0155435,0.0205944,0.025840962,-9.24287e-16,1.08112e-15,2.83943e-15,3.175766e-15,0.00142325,0.0155435,0.0205944,0.025840962
2274,2275,0.00120722,0.0147782,0.0199083,0.024823233,-7.45021e-16,-3.54181e-16,2.0599e-15,2.2189388e-15,0.00120722,0.0147782,0.0199083,0.024823233
2275,2276,0.00366334,0.0147232,0.0208089,0.025752729,-1.65686e-16,5.03766e-16,5.24917e-15,5.27589e-15,0.00366334,0.0147232,0.0208089,0.025752729
2276,2277,0.00378202,0.0150751,0.0207186,0.025900245,5.91707e-16,8.91823e-17,2.08893e-15,2.172947e-15,0.00378202,0.0150751,0.0207186,0.025900245
2277,2278,0.00374894,0.0147267,0.0204145,0.025449598,-5.40049e-16,1.00395e-15,3.65967e-15,3.8331125e-15,0.00374894,0.0147267,0.0204145,0.025449598
2278,2279,0.00346532,0.0145706,0.0203065,0.025232216,-9.35171e-18,-3.72468e-16,2.17665e-15,2.2083083e-15,0.00346532,0.0145706,0.0203065,0.025232216
2279,2280,0.00346138,0.0147983,0.0202915,0.025351841,1.62013e-15,1.51673e-15,-1.12761e-15,2.4893364e-15,0.00346138,0.0147983,0.0202915,0.025351841
2280,2281,0.00320691,0.0144039,0.0202748,0.025076365,-1.29688e-18,8.74138e-16,1.60647e-15,1.8288972e-15,0.00320691,0.0144039,0.0202748,0.025076365
2281,2282,0.000927058,0.0155243,0.0211089,0.026219247,3.45873e-16,-5.36351e-16,7.7509e-15,7.77713e-15,0.000927058,0.0155243,0.0211089,0.026219247
2282,2283,0.00287474,0.0152532,0.020603,0.0257955,-1.97178e-16,-5.84329e-16,3.90447e-15,3.9528732e-15,0.00287474,0.0152532,0.020603,0.0257955
2283,2284,0.00527095,0.0142076,0.0198107,0.024941986,-4.68509e-17,1.78477e-15,-7.91131e-16,1.9528152e-15,0.00527095,0.0142076,0.0198107,0.024941986
2284,2285,0.00532112,0.014489,0.0204456,0.025617728,-1.97722e-15,1.41378e-15,5.99416e-16,2.503492e-15,0.00532112,0.014489,0.0204456,0.025617728
2285,2286,0.00557946,0.0144075,0.0197217,0.025052981,5.6722e-16,-1.84053e-16,3.21644e-15,3.2712535e-15,0.00557946,0.0144075,0.0197217,0.025052981
2286,2287,0.0054016,0.0144637,0.0195328,0.024897914,-2.60916e-16,-3.68452e-16,2.35543e-15,2.3983088e-15,0.0054016,0.0144637,0.0195328,0.024897914
2287,2288,0.00531961,0.0152082,0.0202504,0.025877912,1.19964e-16,2.87972e-16,1.36427e-15,1.3994828e-15,0.00531961,0.0152082,0.0202504,0.025877912
2288,2289,0.00534702,0.0154913,0.0206088,0.02633047,5.70368e-16,3.38545e-16,2.60896e-15,2.6919518e-15,0.00534702,0.0154913,0.0206088,0.02633047
2289,2290,0.0047097,0.0147911,0.020553,0.025756236,-3.49344e-16,6.62644e-16,-1.39034e-15,1.5792984e-15,0.0047097,0.0147911,0.020553,0.025756236
2290,2291,0.00290151,0.015009,0.0199766,0.025154589,-1.11501e-15,-6.78301e-17,3.65692e-15,3.82373e-15,0.00290151,0.015009,0.0199766,0.025154589
2291,2292,0.00462272,0.0150388,0.0205028,0.025843758,-1.31335e-15,-3.11144e-16,1.87084e-15,2.3068898e-15,0.00462272,0.0150388,0.0205028,0.025843758
2292,2293,0.0029236,0.0150137,0.0202784,0.025400238,-2.90485e-16,8.87965e-16,1.96103e-15,2.1722113e-15,0.0029236,0.0150137,0.0202784,0.025400238
2293,2294,0.00431115,0.0144252,0.0196878,0.02478471,-1.77629e-16,-2.58219e-16,9.37775e-16,9.887623e-16,0.00431115,0.0144252,0.0196878,0.02478471
2294,2295,0.00645741,0.0141401,0.0194927,0.024932027,1.53992e-16,1.71622e-15,-1.37626e-15,2.20527e-15,0.00645741,0.0141401,0.0194927,0.024932027
2295,2296,0.00663571,0.0147525,0.0198912,0.025638424,4.37484e-16,-8.65124e-16,1.2912e-15,1.6146298e-15,0.00663571,0.0147525,0.0198912,0.025638424
2296,2297,0.00666088,0.0130714,0.0179246,0.023162903,9.29928e-18,2.69478e-15,-1.42418e-15,3.0479854e-15,0.00666088,0.0130714,0.0179246,0.023162903
2297,2298,0.00620225,0.0139989,0.0187307,0.024192482,-7.60736e-16,1.19528e-15,-9.77746e-16,1.721453e-15,0.00620225,0.0139989,0.0187307,0.024192482
2298,2299,0.00600081,0.0132868,0.018116,0.023253778,8.1688e-17,5.53363e-16,-1.48342e-15,1.5853764e-15,0.00600081,0.0132868,0.018116,0.023253778
2299,2300,0.00581015,0.0136126,0.0187239,0.02386724,-3.0918e-16,8.17486e-16,-9.07763e-16,1.2601228e-15,0.00581015,0.0136126,0.0187239,0.02386724
2300,2301,0.00558989,0.0141185,0.0190531,0.024363898,-3.49886e-16,4.2989e-16,1.32472e-15,1.4360044e-15,0.00558989,0.0141185,0.0190531,0.024363898
2301,2302,0.00626102,0.0146037,0.0191663,0.024896093,-8.89314e-16,-1.88094e-16,3.48791e-15,3.6044102e-15,0.00626102,0.0146037,0.0191663,0.024896093
2302,2303,0.00597391,0.0136153,0.0188855,0.024035934,-5.75105e-16,8.29242e-16,1.02749e-15,1.4401819e-15,0.00597391,0.0136153,0.0188855,0.024035934
2303,2304,0.00530173,0.0136913,0.0180304,0.023251997,-2.59402e-17,7.72525e-16,1.06314e-15,1.3144331e-15,0.00530173,0.0136913,0.0180304,0.023251997
2304,2305,0.00526545,0.0137984,0.01873,0.02385233,1.91367e-16,1.22741e-15,1.35892e-15,1.8411464e-15,0.00526545,0.0137984,0.01873,0.02385233
2305,2306,0.00456177,0.0148639,0.0200413,0.02536531,-2.81968e-16,-1.38502e-16,3.1526e-15,3.1682134e-15,0.00456177,0.0148639,0.0200413,0.02536531
2306,2307,0.0045207,0.0155074,0.0206832,0.026243303,5.98904e-16,-4.32918e-16,5.79479e-15,5.8417203e-15,0.0045207,0.0155074,0.0206832,0.026243303
2307,2308,0.00735076,0.0136308,0.0195786,0.024963053,6.0721e-16,2.54611e-15,-1.17998e-15,2.8711901e-15,0.00735076,0.0136308,0.0195786,0.024963053
2308,2309,0.00702788,0.0142697,0.0192194,0.024947962,2.67629e-16,8.15485e-16,4.18743e-15,4.274484e-15,0.00702788,0.0142697,0.0192194,0.024947962
2309,2310,0.00689389,0.0135474,0.0193434,0.024601318,-2.39648e-16,1.3033e-15,2.7798e-15,3.0794982e-15,0.00689389,0.0135474,0.0193434,0.024601318
2310,2311,0.00776013,0.0142915,0.0202935,0.02600563,3.4422e-16,1.38672e-15,-2.64835e-15,3.0091921e-15,0.00776013,0.0142915,0.0202935,0.02600563
2311,2312,0.00726719,0.0142085,0.0197286,0.025375405,-9.6403e-16,9.06331e-16,7.81467e-16,1.5367108e-15,0.00726719,0.0142085,0.0197286,0.025375405
2312,2313,0.00701395,0.0134871,0.0191444,0.024445968,-1.05583e-15,-7.76102e-16,1.4112e-15,1.9257718e-15,0.00701395,0.0134871,0.0191444,0.024445968
2313,2314,0.00685143,0.0138734,0.0191517,0.024621148,-1.2937e-15,-1.98933e-16,1.14439e-15,1.7386381e-15,0.00685143,0.0138734,0.0191517,0.024621148
2314,2315,0.00620854,0.013848,0.0184481,0.023888186,5.04751e-16,2.50668e-16,1.16438e-15,1.2935953e-15,0.00620854,0.013848,0.0184481,0.023888186
2315,2316,0.00700368,0.0138161,0.0185471,0.024164664,-1.88748e-16,7.8848e-16,-9.88422e-16,1.2783993e-15,0.00700368,0.0138161,0.0185471,0.024164664
2316,2317,0.00645558,0.0138264,0.0176257,0.023313282,-1.35734e-15,-8.25152e-16,2.40583e-15,2.8829266e-15,0.00645558,0.0138264,0.0176257,0.023313282
2317,2318,0.00664868,0.0129797,0.0177634,0.02298295,-3.62633e-16,-1.04078e-15,3.15819e-15,3.34498e-15,0.00664868,0.0129797,0.0177634,0.02298295
2318,2319,0.00542273,0.0141615,0.0176498,0.023269499,1.71827e-16,7.76294e-16,1.19123e-15,1.4321961e-15,0.00542273,0.0141615,0.0176498,0.023269499
2319,2320,0.00804437,0.0133671,0.0196512,0.025091052,2.84063e-16,1.36247e-15,-1.52527e-15,2.064816e-15,0.00804437,0.0133671,0.0196512,0.025091052
2320,2321,0.00857292,0.0137129,0.0192244,0.025122024,-4.64716e-16,9.88403e-16,-1.85121e-15,2.1493906e-15,0.00857292,0.0137129,0.0192244,0.025122024
2321,2322,0.00909548,0.0132833,0.0194364,0.025237817,-3.90073e-16,7.6753e-16,-1.00491e-15,1.3232927e-15,0.00909548,0.0132833,0.0194364,0.025237817
2322,2323,0.00724591,0.0130549,0.019583,0.02462575,1.26317e-16,1.4688e-15,-2.05807e-16,1.4885181e-15,0.00724591,0.0130549,0.019583,0.02462575
2323,2324,0.00775339,0.0131854,0.0193279,0.024648275,-7.13466e-16,-4.77878e-16,-1.01417e-15,1.3288875e-15,0.00775339,0.0131854,0.0193279,0.024648275
2324,2325,0.00853114,0.012987,0.0195864,0.025001392,1.08567e-15,3.532e-16,-2.39781e-15,2.655734e-15,0.00853114,0.012987,0.0195864,0.025001392
2325,2326,0.00823626,0.0140002,0.0200844,0.025830694,-2.15206e-16,-8.84296e-16,-4.06747e-15,4.1680454e-15,0.00823626,0.0140002,0.0200844,0.025830694
2326,2327,0.00819275,0.0136253,0.0196334,0.025263418,-1.58595e-15,1.37103e-16,9.00307e-16,1.8288212e-15,0.00819275,0.0136253,0.0196334,0.025263418
2327,2328,0.00826095,0.0141237,0.0201865,0.025984937,-1.17288e-15,5.98197e-16,9.42463e-16,1.6191737e-15,0.00826095,0.0141237,0.0201865,0.025984937
2328,2329,0.00727652,0.0139683,0.0192079,0.024839576,-1.37929e-15,2.59449e-16,2.2152e-15,2.6223778e-15,0.00727652,0.0139683,0.0192079,0.024839576
2329,2330,0.00783282,0.0133368,0.0207105,0.02584856,-8.6554e-18,4.44472e-16,-8.63468e-16,9.711886e-16,0.00783282,0.0133368,0.0207105,0.02584856
2330,2331,0.0098487,0.0125034,0.0190527,0.024826141,-1.10435e-15,4.96834e-16,1.75689e-15,2.1337984e-15,0.0098487,0.0125034,0.0190527,0.024826141
2331,2332,0.011011,0.0114398,0.0190641,0.024810301,8.0136e-16,2.50908e-15,-1.03205e-15,2.8289198e-15,0.011011,0.0114398,0.0190641,0.024810301
2332,2333,0.0104983,0.0115974,0.0186028,0.024305928,-4.23197e-16,1.93393e-15,-1.00892e-15,2.2219586e-15,0.0104983,0.0115974,0.0186028,0.024305928
2333,2334,0.00977618,0.01337,0.0209024,0.0266691,-1.95524e-15,1.81698e-16,1.80141e-15,2.6647807e-15,0.00977618,0.01337,0.0209024,0.0266691
2334,2335,0.00958171,0.0124883,0.0206463,0.025962213,2.07337e-15,7.31643e-16,7.68022e-16,2.328953e-15,0.00958171,0.0124883,0.0206463,0.025962213
2335,2336,0.0103228,0.0121938,0.0196651,0.025337031,1.10952e-15,3.60183e-16,2.46502e-15,2.7271028e-15,0.0103228,0.0121938,0.0196651,0.025337031
2336,2337,0.00903023,0.0132817,0.0205225,0.026059961,1.14111e-16,1.50321e-15,8.063e-16,1.7096143e-15,0.00903023,0.0132817,0.0205225,0.026059961
2337,2338,0.00949555,0.0131585,0.0205362,0.026173403,-1.81465e-16,1.30339e-15,-3.29154e-16,1.356502e-15,0.00949555,0.0131585,0.0205362,0.026173403
2338,2339,0.00973704,0.0122143,0.019607,0.025068577,-4.61956e-17,6.45078e-16,2.12522e-15,2.2214455e-15,0.00973704,0.0122143,0.019607,0.025068577
2339,2340,0.0103948,0.0112437,0.0187588,0.02421498,2.87039e-16,9.01913e-16,1.31309e-15,1.6186549e-15,0.0103948,0.0112437,0.0187588,0.02421498
2340,2341,0.00981012,0.011564,0.0188108,0.024162175,4.21399e-16,1.13408e-15,-8.06346e-16,1.4539287e-15,0.00981012,0.011564,0.0188108,0.024162175
2341,2342,0.00923991,0.0137259,0.0215604,0.027177695,-1.43585e-15,9.77797e-16,-1.73723e-16,1.7458328e-15,0.00923991,0.0137259,0.0215604,0.027177695
2342,2343,0.0101114,0.0122604,0.0209338,0.026282728,1.72815e-16,1.58686e-15,5.09601e-16,1.6756142e-15,0.0101114,0.0122604,0.0209338,0.026282728
2343,2344,0.00976427,0.0130724,0.0214267,0.02693199,-1.33234e-15,8.99802e-16,1.28564e-15,2.058554e-15,0.00976427,0.0130724,0.0214267,0.02693199
2344,2345,0.00881586,0.0125507,0.0208421,0.02587726,-3.36612e-16,5.57471e-16,2.74254e-15,2.8187954e-15,0.00881586,0.0125507,0.0208421,0.02587726
2345,2346,0.0104081,0.0117859,0.0194852,0.025038151,-8.585e-16,7.10859e-16,-1.0777e-15,1.5504129e-15,0.0104081,0.0117859,0.0194852,0.025038151
2346,2347,0.00857268,0.0137514,0.0210955,0.026600976,-1.17931e-15,1.58287e-15,2.02912e-15,2.8308262e-15,0.00857268,0.0137514,0.0210955,0.026600976
2347,2348,0.00573052,0.0144622,0.0182346,0.02396862,2.3128e-16,1.4084e-15,3.89729e-15,4.150416e-15,0.00573052,0.0144622,0.0182346,0.02396862
2348,2349,0.00761942,0.0136302,0.0195165,0.024994632,-2.48656e-16,7.58601e-16,2.69531e-15,2.81105e-15,0.00761942,0.0136302,0.0195165,0.024994632
2349,2350,0.00668302,0.0146565,0.0186619,0.024652429,1.99857e-16,2.00958e-16,3.45566e-16,4.469259e-16,0.00668302,0.0146565,0.0186619,0.024652429
2350,2351,0.00642889,0.0141697,0.0182949,0.024016961,-2.91393e-16,8.30984e-16,1.54446e-15,1.7778641e-15,0.00642889,0.0141697,0.0182949,0.024016961
2351,2352,0.00900312,0.0133772,0.020455,0.026046358,1.72802e-16,1.4343e-16,1.53266e-15,1.5490253e-15,0.00900312,0.0133772,0.020455,0.026046358
2352,2353,0.00940295,0.0125159,0.0203413,0.025667716,2.81478e-16,3.33052e-16,-1.16392e-15,1.2429253e-15,0.00940295,0.0125159,0.0203413,0.025667716
2353,2354,0.00882362,0.01309,0.0200626,0.025528656,-8.4708e-16,1.30468e-15,2.15975e-15,2.6616263e-15,0.00882362,0.01309,0.0200626,0.025528656
2354,2355,0.00971176,0.0121723,0.0192684,0.024774067,1.40477e-15,5.0836e-16,1.24418e-15,1.9441689e-15,0.00971176,0.0121723,0.0192684,0.024774067
2355,2356,0.00752194,0.0134441,0.0190725,0.024517007,-3.71034e-16,9.47712e-17,1.5655e-16,4.1370968e-16,0.00752194,0.0134441,0.0190725,0.024517007
2356,2357,0.00756059,0.014193,0.0200306,0.02568713,-2.14972e-16,6.82659e-17,-2.17189e-15,2.1835705e-15,0.00756059,0.014193,0.0200306,0.02568713
2357,2358,-0.0125742,-0.00906732,-0.0248779,0.02931274,-1.09518e-15,-7.87079e-16,1.32928e-15,1.8936468e-15,-0.0125742,-0.00906732,-0.0248779,0.02931274
2358,2359,-0.0136685,-0.00761129,-0.0267546,0.030993037,-1.40539e-15,-1.98088e-15,-9.72527e-16,2.6162597e-15,-0.0136685,-0.00761129,-0.0267546,0.030993037
2359,2360,-0.0122692,-0.00893973,-0.0255283,0.029700946,-4.17961e-16,-1.35489e-15,2.27517e-15,2.6808241e-15,-0.0122692,-0.00893973,-0.0255283,0.029700946
2360,2361,-0.0123618,-0.0070775,-0.0259079,0.029565595,-4.56316e-17,-6.27957e-16,-3.18049e-15,3.2422105e-15,-0.0123618,-0.0070775,-0.0259079,0.029565595
2361,2362,-0.011844,-0.00571164,-0.0243061,0.027634935,-1.43363e-16,-1.73199e-16,-6.46134e-16,6.841345e-16,-0.011844,-0.00571164,-0.0243061,0.027634935
2362,2363,-0.012278,-0.0041178,-0.0261931,0.029219583,-2.20389e-15,-6.3199e-17,5.88015e-16,2.2818604e-15,-0.012278,-0.0041178,-0.0261931,0.029219583
2363,2364,-0.0113663,-0.00224177,-0.0247527,0.027329735,-5.60037e-16,-8.55162e-17,-3.23774e-16,6.525213e-16,-0.0113663,-0.00224177,-0.0247527,0.027329735
2364,2365,-0.0116744,-7.28867e-05,-0.0248082,0.027417945,-2.82844e-16,-1.72907e-16,1.41231e-15,1.4506954e-15,-0.0116744,-7.28867e-05,-0.0248082,0.027417945
2365,2366,-0.00977942,-0.000144565,-0.0241214,0.026028827,1.8668e-16,-1.69994e-15,-9.03214e-16,1.9340219e-15,-0.00977942,-0.000144565,-0.0241214,0.026028827
2366,2367,-0.00942434,-0.00180811,-0.0228637,0.02479589,-6.65998e-16,-7.37042e-16,-9.62701e-16,1.3833212e-15,-0.00942434,-0.00180811,-0.0228637,0.02479589
2367,2368,-0.0119391,0.00259115,-0.0249635,0.02779267,-1.15286e-15,-1.04807e-15,8.55817e-16,1.7776276e-15,-0.0119391,0.00259115,-0.0249635,0.02779267
2368,2369,-0.0102625,0.00269568,-0.0246774,0.026861861,4.59113e-16,-1.0144e-15,-6.89665e-16,1.3097442e-15,-0.0102625,0.00269568,-0.0246774,0.026861861
2369,2370,-0.0116161,0.00554783,-0.0265525,0.02950843,-1.96142e-15,-8.36243e-16,-7.22768e-17,2.1334702e-15,-0.0116161,0.00554783,-0.0265525,0.02950843
2370,2371,-0.00967985,0.00548727,-0.0249817,0.027347667,-1.24474e-15,-8.20975e-17,-4.54712e-15,4.7151266e-15,-0.00967985,0.00548727,-0.0249817,0.027347667
2371,2372,-0.0112854,-0.00856528,-0.0261715,0.029760238,-8.31951e-16,-2.07999e-15,-3.80401e-16,2.2722688e-15,-0.0112854,-0.00856528,-0.0261715,0.029760238
2372,2373,-0.0106145,-0.00643107,-0.0247021,0.02764453,-1.81665e-16,-1.68568e-15,-1.47923e-15,2.2500312e-15,-0.0106145,-0.00643107,-0.0247021,0.02764453
2373,2374,-0.00977998,-0.00462582,-0.0236897,0.026043197,-3.64245e-16,-1.37757e-15,-1.847e-15,2.3327628e-15,-0.00977998,-0.00462582,-0.0236897,0.026043197
2374,2375,-0.0102547,-0.00359604,-0.0241186,0.026453681,-7.39913e-16,-2.3736e-16,-1.49551e-15,1.6853371e-15,-0.0102547,-0.00359604,-0.0241186,0.026453681
2375,2376,-0.00820679,-0.00330451,-0.0225617,0.024234302,-5.24222e-16,-7.02766e-16,-2.88087e-15,3.0113288e-15,-0.00820679,-0.00330451,-0.0225617,0.024234302
2376,2377,-0.00801948,-0.00298215,-0.0237835,0.025275681,-4.1142e-16,1.47753e-15,-3.39719e-15,3.7273664e-15,-0.00801948,-0.00298215,-0.0237835,0.025275681
2377,2378,-0.00747612,-0.00173743,-0.0216842,0.023002513,-6.03527e-16,3.38703e-17,-2.80298e-15,2.8674185e-15,-0.00747612,-0.00173743,-0.0216842,0.023002513
2378,2379,-0.00775039,4.10436e-05,-0.0216163,0.02296377,5.62714e-16,-6.19753e-16,-1.83701e-15,2.0187487e-15,-0.00775039,4.10436e-05,-0.0216163,0.02296377
2379,2380,-0.00862942,0.00279461,-0.0235142,0.025203062,5.30573e-17,-1.11622e-15,-2.62433e-15,2.8523447e-15,-0.00862942,0.00279461,-0.0235142,0.025203062
2380,2381,-0.00747499,0.00546052,-0.0251293,0.026780114,-5.18818e-16,-7.33309e-16,-1.8097e-15,2.0203783e-15,-0.00747499,0.00546052,-0.0251293,0.026780114
2381,2382,-0.00930983,-0.00845365,-0.0255244,0.028454036,-1.40883e-15,-1.28389e-15,-1.17519e-15,2.2392515e-15,-0.00930983,-0.00845365,-0.0255244,0.028454036
2382,2383,-0.00848429,-0.0059856,-0.0239885,0.026139218,-2.04611e-16,-1.60183e-15,-1.87518e-15,2.4746768e-15,-0.00848429,-0.0059856,-0.0239885,0.026139218
2383,2384,-0.00772292,-0.00683567,-0.0240877,0.026202807,-1.50152e-15,-1.21544e-15,-2.69157e-15,3.313066e-15,-0.00772292,-0.00683567,-0.0240877,0.026202807
2384,2385,-0.00672637,-0.00530866,-0.0223254,0.023913372,1.23698e-16,-2.03796e-15,-3.25179e-15,3.839625e-15,-0.00672637,-0.00530866,-0.0223254,0.023913372
2385,2386,-0.00792706,-0.00486412,-0.0197142,0.021797882,-1.29407e-15,2.54037e-16,-1.67189e-15,2.1294057e-15,-0.00792706,-0.00486412,-0.0197142,0.021797882
2386,2387,-0.00676005,-0.00345464,-0.0193551,0.020790689,-4.2853e-16,9.45639e-17,-1.70457e-15,1.7601531e-15,-0.00676005,-0.00345464,-0.0193551,0.020790689
2387,2388,-0.00499792,-0.00216747,-0.0169499,0.017803825,-3.33856e-16,6.89203e-16,-1.77581e-16,7.86127e-16,-0.00499792,-0.00216747,-0.0169499,0.017803825
2388,2389,-0.00471113,-0.00146402,-0.015978,0.016722279,-1.14367e-15,2.62672e-16,-7.11387e-16,1.3722424e-15,-0.00471113,-0.00146402,-0.015978,0.016722279
2389,2390,-0.00435335,0.000386665,-0.0139352,0.014604484,4.81513e-16,7.89353e-16,-2.13874e-15,2.330052e-15,-0.00435335,0.000386665,-0.0139352,0.014604484
2390,2391,-0.00585694,0.00255853,-0.0148643,0.01618015,-1.18174e-15,1.47541e-16,-3.05336e-15,3.27739e-15,-0.00585694,0.00255853,-0.0148643,0.01618015
2391,2392,-0.00468055,0.00445825,-0.0213026,0.022261722,-1.39745e-15,-1.57001e-15,3.7033e-15,4.2581956e-15,-0.00468055,0.00445825,-0.0213026,0.022261722
2392,2393,-0.00714276,-0.00862073,-0.0252273,0.027599867,-8.0434e-16,-1.30616e-15,-2.33421e-15,2.7931259e-15,-0.00714276,-0.00862073,-0.0252273,0.027599867
2393,2394,-0.00626208,-0.00660869,-0.023356,0.025067732,-1.46821e-15,1.23384e-16,1.46464e-16,1.4806472e-15,-0.00626208,-0.00660869,-0.023356,0.025067732
2394,2395,-0.00508903,-0.00458325,-0.0211374,0.022219228,6.96678e-17,-1.35677e-15,-3.26961e-15,3.5406255e-15,-0.00508903,-0.00458325,-0.0211374,0.022219228
2395,2396,-0.00588352,-0.00441254,-0.0186875,0.020082554,-1.02723e-15,-7.31463e-16,-4.26605e-15,4.4485306e-15,-0.00588352,-0.00441254,-0.0186875,0.020082554
2396,2397,-0.00412116,-0.00311951,-0.0126861,0.013698629,2.98014e-16,-6.34633e-16,3.60539e-16,7.8839063e-16,-0.00412116,-0.00311951,-0.0126861,0.013698629
2397,2398,0.0,0.0,0.0,0.0,0.0,0.0,0.0,0.0,0.0,0.0,0.0,0.0
2398,2399,0.0,0.0,0.0,0.0,0.0,0.0,0.0,0.0,0.0,0.0,0.0,0.0
2399,2400,0.0,0.0,0.0,0.0,0.0,0.0,0.0,0.0,0.0,0.0,0.0,0.0
2400,2401,0.0,0.0,0.0,0.0,0.0,0.0,0.0,0.0,0.0,0.0,0.0,0.0
2401,2402,-0.00249741,0.00413125,-0.0155555,0.016287353,-1.11026e-15,1.54839e-15,1.87612e-15,2.673951e-15,-0.00249741,0.00413125,-0.0155555,0.016287353
2402,2403,-0.00383186,-0.00567804,-0.0215004,0.02256525,8.06501e-16,-1.43664e-15,-1.61163e-16,1.6554009e-15,-0.00383186,-0.00567804,-0.0215004,0.02256525
2403,2404,-0.00344169,-0.00408419,-0.0196489,0.020361854,-3.39142e-16,-2.17537e-15,-1.27974e-15,2.5465635e-15,-0.00344169,-0.00408419,-0.0196489,0.020361854
2404,2405,0.0,0.0,0.0,0.0,0.0,0.0,0.0,0.0,0.0,0.0,0.0,0.0
2405,2406,0.0,0.0,0.0,0.0,0.0,0.0,0.0,0.0,0.0,0.0,0.0,0.0
2406,2407,0.0,0.0,0.0,0.0,0.0,0.0,0.0,0.0,0.0,0.0,0.0,0.0
2407,2408,0.0,0.0,0.0,0.0,0.0,0.0,0.0,0.0,0.0,0.0,0.0,0.0
2408,2409,0.0,0.0,0.0,0.0,0.0,0.0,0.0,0.0,0.0,0.0,0.0,0.0
2409,2410,-0.00224004,0.00569894,-0.0156725,0.016826257,1.01262e-15,1.46597e-15,1.97261e-15,2.6581304e-15,-0.00224004,0.00569894,-0.0156725,0.016826257
2410,2411,-0.00242589,-0.00473542,-0.0200862,0.020778947,4.88795e-16,3.69389e-16,2.82911e-16,6.7483877e-16,-0.00242589,-0.00473542,-0.0200862,0.020778947
2411,2412,-0.00143337,-0.0025385,-0.0160144,0.016277578,-1.99063e-16,5.52567e-16,9.90438e-16,1.1514876e-15,-0.00143337,-0.0025385,-0.0160144,0.016277578
2412,2413,0.0,0.0,0.0,0.0,0.0,0.0,0.0,0.0,0.0,0.0,0.0,0.0
2413,2414,0.0,0.0,0.0,0.0,0.0,0.0,0.0,0.0,0.0,0.0,0.0,0.0
2414,2415,0.0,0.0,0.0,0.0,0.0,0.0,0.0,0.0,0.0,0.0,0.0,0.0
2415,2416,0.0,0.0,0.0,0.0,0.0,0.0,0.0,0.0,0.0,0.0,0.0,0.0
2416,2417,0.0,0.0,0.0,0.0,0.0,0.0,0.0,0.0,0.0,0.0,0.0,0.0
2417,2418,-0.00123397,0.00388621,-0.0170226,0.01750412,-9.00792e-16,1.72695e-15,-1.96797e-15,2.7688787e-15,-0.00123397,0.00388621,-0.0170226,0.01750412
2418,2419,-0.00118396,-0.00533543,-0.0220166,0.02268478,2.07397e-16,7.42798e-16,-2.23391e-15,2.3632852e-15,-0.00118396,-0.00533543,-0.0220166,0.02268478
2419,2420,-0.000823996,-0.00397651,-0.0160384,0.016544541,-3.9254e-16,-6.02051e-16,9.24258e-16,1.1708142e-15,-0.000823996,-0.00397651,-0.0160384,0.016544541
2420,2421,0.0,0.0,0.0,0.0,0.0,0.0,0.0,0.0,0.0,0.0,0.0,0.0
2421,2422,0.0,0.0,0.0,0.0,0.0,0.0,0.0,0.0,0.0,0.0,0.0,0.0
2422,2423,0.0,0.0,0.0,0.0,0.0,0.0,0.0,0.0,0.0,0.0,0.0,0.0
2423,2424,0.0,0.0,0.0,0.0,0.0,0.0,0.0,0.0,0.0,0.0,0.0,0.0
2424,2425,0.000698848,0.00246417,-0.0183567,0.018534534,-2.78297e-16,-1.44271e-15,1.1761e-15,1.8820394e-15,0.000698848,0.00246417,-0.0183567,0.018534534
2425,2426,0.000352245,0.00424364,-0.0200035,0.020451711,-1.35357e-15,3.54255e-16,8.63199e-16,1.6440075e-15,0.000352245,0.00424364,-0.0200035,0.020451711
2426,2427,-7.80881e-05,-0.00543461,-0.0230079,0.023641162,1.53455e-16,-8.25049e-16,-1.43768e-15,1.6646856e-15,-7.80881e-05,-0.00543461,-0.0230079,0.023641162
2427,2428,0.000413388,-0.00387044,-0.0203996,0.02076764,7.55799e-16,5.23395e-16,-1.14745e-15,1.4703116e-15,0.000413388,-0.00387044,-0.0203996,0.02076764
2428,2429,0.00120294,-0.00201391,-0.00969017,0.00997007,3.96088e-16,-2.45221e-16,-1.88757e-15,1.9442066e-15,0.00120294,-0.00201391,-0.00969017,0.00997007
2429,2430,0.0,0.0,0.0,0.0,0.0,0.0,0.0,0.0,0.0,0.0,0.0,0.0
2430,2431,0.0,0.0,0.0,0.0,0.0,0.0,0.0,0.0,0.0,0.0,0.0,0.0
2431,2432,0.00175087,0.00143194,-0.0136751,0.013860893,-8.55024e-16,2.92269e-16,-5.27138e-17,9.051332e-16,0.00175087,0.00143194,-0.0136751,0.013860893
2432,2433,0.00196212,0.00258678,-0.0185339,0.018816132,-1.23364e-16,1.2849e-16,-2.79014e-15,2.79582e-15,0.00196212,0.00258678,-0.0185339,0.018816132
2433,2434,0.00193921,0.00419309,-0.0213068,0.021801887,-4.97865e-16,1.04532e-15,-4.73195e-16,1.2507905e-15,0.00193921,0.00419309,-0.0213068,0.021801887
2434,2435,-0.00107806,0.0152045,0.0193757,0.024652723,-1.11236e-15,-1.59212e-15,2.87658e-15,3.470865e-15,-0.00107806,0.0152045,0.0193757,0.024652723
2435,2436,-0.00108926,0.0146374,0.0191875,0.024157818,-8.57144e-16,-5.10496e-16,2.86001e-16,1.0378336e-15,-0.00108926,0.0146374,0.0191875,0.024157818
2436,2437,-0.00137851,0.0150405,0.0188647,0.024165966,5.02065e-16,9.48756e-16,2.89449e-15,3.0871151e-15,-0.00137851,0.0150405,0.0188647,0.024165966
2437,2438,0.000931682,0.0156668,0.0214411,0.026571363,-4.42038e-16,6.40051e-16,2.37352e-15,2.497731e-15,0.000931682,0.0156668,0.0214411,0.026571363
2438,2439,0.000723206,0.0151703,0.0212076,0.026084926,-4.40719e-16,1.48858e-15,-1.20833e-15,1.9672736e-15,0.000723206,0.0151703,0.0212076,0.026084926
2439,2440,0.00063695,0.0156521,0.0205755,0.025860107,-2.8232e-16,1.33937e-15,-4.31105e-15,4.523137e-15,0.00063695,0.0156521,0.0205755,0.025860107
2440,2441,0.0025448,0.0149771,0.0203162,0.025368042,4.29496e-16,9.85893e-16,4.65683e-15,4.7793847e-15,0.0025448,0.0149771,0.0203162,0.025368042
2441,2442,0.00262819,0.0152752,0.0202681,0.025515387,1.01005e-16,-1.9655e-16,5.43761e-15,5.4420986e-15,0.00262819,0.0152752,0.0202681,0.025515387
2442,2443,0.00455962,0.015715,0.0205737,0.02628742,-9.39036e-17,-1.50956e-15,4.99884e-15,5.222642e-15,0.00455962,0.015715,0.0205737,0.02628742
2443,2444,-0.00157893,0.0148157,0.0181548,0.023486055,7.80716e-16,1.46551e-15,-7.55124e-16,1.8241297e-15,-0.00157893,0.0148157,0.0181548,0.023486055
2444,2445,-0.0012738,0.0143345,0.0175137,0.022667821,6.56965e-16,5.51468e-16,1.05649e-15,1.3608421e-15,-0.0012738,0.0143345,0.0175137,0.022667821
2445,2446,-0.00164886,0.0142494,0.0170328,0.022268374,-4.6015e-17,-5.76367e-16,-1.08723e-15,1.231416e-15,-0.00164886,0.0142494,0.0170328,0.022268374
2446,2447,-0.00181159,0.0145957,0.016616,0.022190263,-7.81549e-17,1.48464e-15,-4.21761e-15,4.471968e-15,-0.00181159,0.0145957,0.016616,0.022190263
2447,2448,-0.00175037,0.0146808,0.0165422,0.022186348,-1.33868e-15,6.4498e-17,-9.12323e-16,1.6212826e-15,-0.00175037,0.0146808,0.0165422,0.022186348
2448,2449,-0.00214583,0.014926,0.0165186,0.022366364,-1.21224e-15,4.9852e-16,-8.65805e-16,1.5708807e-15,-0.00214583,0.014926,0.0165186,0.022366364
2449,2450,-0.00243226,0.0150266,0.0159555,0.022052042,1.01407e-15,2.3185e-15,-7.7065e-16,2.6453131e-15,-0.00243226,0.0150266,0.0159555,0.022052042
2450,2451,-0.00219529,0.0148834,0.0152614,0.021430008,7.09695e-16,1.20804e-15,-3.68945e-15,3.9465264e-15,-0.00219529,0.0148834,0.0152614,0.021430008
2451,2452,-0.00404955,0.0147237,0.0141853,0.02084248,-1.33653e-15,7.34129e-16,-1.4294e-15,2.0900817e-15,-0.00404955,0.0147237,0.0141853,0.02084248
2452,2453,-0.00238573,0.0139555,0.0130685,0.019267417,-2.99619e-16,-1.0354e-15,-1.00193e-15,1.4716278e-15,-0.00238573,0.0139555,0.0130685,0.019267417
2453,2454,-0.00274205,0.0143017,0.01197,0.018850422,-4.29936e-16,-3.19324e-16,-8.94923e-19,5.355498e-16,-0.00274205,0.0143017,0.01197,0.018850422
2454,2455,0.000491967,0.0149439,0.0188418,0.024053598,3.15527e-17,7.30722e-16,2.26778e-15,2.3828085e-15,0.000491967,0.0149439,0.0188418,0.024053598
2455,2456,0.000332194,0.0155267,0.019427,0.024871612,1.24805e-15,-1.31415e-16,1.2277e-15,1.7556042e-15,0.000332194,0.0155267,0.019427,0.024871612
2456,2457,0.000172223,0.015698,0.0193849,0.024944562,9.07369e-16,7.57033e-16,4.83502e-16,1.2767896e-15,0.000172223,0.015698,0.0193849,0.024944562
2457,2458,0.000147253,0.0151831,0.0190135,0.024332311,-6.37769e-16,-2.81952e-16,1.18477e-15,1.3747458e-15,0.000147253,0.0151831,0.0190135,0.024332311
2458,2459,-2.61797e-05,0.0155863,0.0185208,0.024206476,-8.95306e-16,1.42441e-16,9.22162e-16,1.2931531e-15,-2.61797e-05,0.0155863,0.0185208,0.024206476
2459,2460,-0.000243591,0.0155102,0.017384,0.023298694,9.40135e-16,-2.77781e-16,1.26324e-15,1.5989969e-15,-0.000243591,0.0155102,0.017384,0.023298694
2460,2461,-0.00040648,0.0148111,0.0157296,0.021609124,4.45637e-17,1.24296e-16,2.44971e-15,2.453266e-15,-0.00040648,0.0148111,0.0157296,0.021609124
2461,2462,-0.000585045,0.0143749,0.0147822,0.020627493,6.77568e-16,5.68611e-16,-1.76316e-15,1.9725998e-15,-0.000585045,0.0143749,0.0147822,0.020627493
2462,2463,-0.000823956,0.0150476,0.0136152,0.020309674,1.61884e-15,1.18385e-15,-2.9347e-15,3.5545196e-15,-0.000823956,0.0150476,0.0136152,0.020309674
2463,2464,-0.00105261,0.0149383,0.012399,0.019442119,-7.90869e-16,9.32666e-16,-8.74609e-16,1.5034229e-15,-0.00105261,0.0149383,0.012399,0.019442119
2464,2465,-0.00282313,0.0145221,0.0111949,0.018552285,9.54129e-16,1.0045e-15,-2.65393e-15,2.9937814e-15,-0.00282313,0.0145221,0.0111949,0.018552285
2465,2466,0.000583435,0.015581,0.019776,0.02518329,2.2635e-15,4.03855e-16,4.83513e-18,2.2992508e-15,0.000583435,0.015581,0.019776,0.02518329
2466,2467,0.00253593,0.0148432,0.0198811,0.02494012,1.0796e-15,1.40989e-16,3.32341e-15,3.4972087e-15,0.00253593,0.0148432,0.0198811,0.02494012
2467,2468,0.00219556,0.0150388,0.0195979,0.024800478,8.96886e-16,1.39707e-15,1.53971e-15,2.2642694e-15,0.00219556,0.0150388,0.0195979,0.024800478
2468,2469,0.00219579,0.0155941,0.0196702,0.025197502,-4.68004e-16,2.00121e-15,-8.36462e-16,2.2189047e-15,0.00219579,0.0155941,0.0196702,0.025197502
2469,2470,0.00224426,0.0155377,0.0192877,0.024869101,3.42988e-16,8.67914e-16,1.95923e-16,9.53573e-16,0.00224426,0.0155377,0.0192877,0.024869101
2470,2471,0.00198934,0.0147062,0.0185119,0.02372594,-1.88452e-16,1.12582e-15,3.2801e-16,1.1876765e-15,0.00198934,0.0147062,0.0185119,0.02372594
2471,2472,0.0020487,0.0150554,0.0180441,0.023589231,-3.60845e-17,9.45758e-16,-4.72464e-17,9.476247e-16,0.0020487,0.0150554,0.0180441,0.023589231
2472,2473,0.00188396,0.0148448,0.0174211,0.022965455,-7.38739e-16,-4.61623e-16,1.24642e-15,1.5206557e-15,0.00188396,0.0148448,0.0174211,0.022965455
2473,2474,0.00150006,0.0148956,0.0164817,0.022266017,1.51023e-15,-1.4757e-15,6.43345e-16,2.2073463e-15,0.00150006,0.0148956,0.0164817,0.022266017
2474,2475,0.00109708,0.0147078,0.0151618,0.021151908,-6.72803e-16,9.52418e-16,-8.82595e-16,1.4624424e-15,0.00109708,0.0147078,0.0151618,0.021151908
2475,2476,0.00126091,0.0149264,0.0146028,0.020919586,-5.36407e-16,1.08433e-15,4.87165e-16,1.3041601e-15,0.00126091,0.0149264,0.0146028,0.020919586
2476,2477,0.00419739,0.0149301,0.0200625,0.025358034,1.70209e-15,-1.34038e-16,2.52919e-15,3.0515372e-15,0.00419739,0.0149301,0.0200625,0.025358034
2477,2478,0.00395694,0.0151191,0.0194001,0.024912015,9.29995e-17,1.27344e-16,1.53882e-15,1.5468782e-15,0.00395694,0.0151191,0.0194001,0.024912015
2478,2479,0.00399916,0.0146964,0.0188632,0.02424454,1.36237e-15,2.18716e-15,7.5699e-16,2.6856573e-15,0.00399916,0.0146964,0.0188632,0.02424454
2479,2480,0.00398813,0.0146164,0.0186323,0.024014724,-9.94222e-16,1.59541e-16,3.30276e-15,3.4528472e-15,0.00398813,0.0146164,0.0186323,0.024014724
2480,2481,0.00388664,0.0149676,0.0187089,0.024272576,-2.9117e-16,2.06924e-15,7.51851e-16,2.220769e-15,0.00388664,0.0149676,0.0187089,0.024272576
2481,2482,0.00396885,0.0155858,0.01886,0.024786457,-7.87303e-16,-2.12356e-17,1.00439e-15,1.2763605e-15,0.00396885,0.0155858,0.01886,0.024786457
2482,2483,0.00354572,0.0152356,0.0186898,0.024372203,6.59621e-16,5.05509e-16,2.12811e-15,2.2846204e-15,0.00354572,0.0152356,0.0186898,0.024372203
2483,2484,0.00350568,0.0156104,0.0185693,0.024511084,9.20341e-17,3.39848e-16,-6.14294e-16,7.080424e-16,0.00350568,0.0156104,0.0185693,0.024511084
2484,2485,0.00314787,0.0154009,0.017835,0.0237736,9.20074e-16,8.93158e-16,-5.19445e-16,1.3835067e-15,0.00314787,0.0154009,0.017835,0.0237736
2485,2486,0.000750805,0.0149683,0.0138248,0.020389674,-1.75707e-15,1.01522e-15,1.52208e-15,2.53667e-15,0.000750805,0.0149683,0.0138248,0.020389674
2486,2487,0.002954,0.0157235,0.0174509,0.023674639,-1.5939e-16,-1.31875e-15,3.67612e-16,1.3782762e-15,0.002954,0.0157235,0.0174509,0.023674639
2487,2488,0.00537814,0.0139295,0.0180203,0.023402704,1.5061e-15,1.80492e-15,5.99433e-16,2.425983e-15,0.00537814,0.0139295,0.0180203,0.023402704
2488,2489,0.00536737,0.0141547,0.0179337,0.02346874,1.03813e-15,1.88721e-15,-8.23317e-16,2.3058894e-15,0.00536737,0.0141547,0.0179337,0.02346874
2489,2490,0.00525123,0.0147642,0.0178637,0.02376276,-7.46875e-17,6.2708e-16,8.74488e-16,1.0786736e-15,0.00525123,0.0147642,0.0178637,0.02376276
2490,2491,0.00504352,0.0139653,0.017251,0.022761013,9.06948e-16,-1.2833e-15,2.82126e-15,3.229384e-15,0.00504352,0.0139653,0.017251,0.022761013
2491,2492,0.00511039,0.0143493,0.017348,0.023086179,2.13517e-16,-5.46479e-16,-4.49748e-17,5.884314e-16,0.00511039,0.0143493,0.017348,0.023086179
2492,2493,0.00518438,0.0146439,0.0179099,0.023708355,-5.79679e-16,8.70538e-16,-3.63858e-15,3.7859116e-15,0.00518438,0.0146439,0.0179099,0.023708355
2493,2494,0.00467816,0.0143833,0.0176945,0.023277882,-8.03165e-17,2.9474e-15,-2.91991e-15,4.1496377e-15,0.00467816,0.0143833,0.0176945,0.023277882
2494,2495,0.00495974,0.0147658,0.0175006,0.02342859,8.74938e-16,8.49929e-16,1.6584e-15,2.0586856e-15,0.00495974,0.0147658,0.0175006,0.02342859
2495,2496,0.00442775,0.0146793,0.0169934,0.022888042,2.85417e-16,-4.7505e-16,1.71575e-15,1.8030346e-15,0.00442775,0.0146793,0.0169934,0.022888042
2496,2497,0.00634532,0.013917,0.0179611,0.02359125,3.51356e-17,5.11653e-16,-5.21221e-16,7.3122814e-16,0.00634532,0.013917,0.0179611,0.02359125
2497,2498,0.00611109,0.0138987,0.0177385,0.023348954,-1.04997e-15,3.51204e-16,1.57786e-15,1.9275433e-15,0.00611109,0.0138987,0.0177385,0.023348954
2498,2499,0.00597742,0.0138403,0.0176739,0.023230372,2.96353e-16,9.65836e-16,1.1519e-15,1.5321677e-15,0.00597742,0.0138403,0.0176739,0.023230372
2499,2500,0.00583694,0.014042,0.0175235,0.023201738,-7.96686e-17,9.55829e-17,-1.53264e-15,1.5376829e-15,0.00583694,0.014042,0.0175235,0.023201738
2500,2501,0.00542587,0.0132273,0.0171591,0.022334643,1.37421e-15,-3.01213e-16,9.29262e-16,1.6860338e-15,0.00542587,0.0132273,0.0171591,0.022334643
2501,2502,0.00531139,0.0133861,0.0170113,0.022288626,-1.58216e-16,7.2007e-16,-1.63974e-16,7.552619e-16,0.00531139,0.0133861,0.0170113,0.022288626
2502,2503,0.00578326,0.0145057,0.0175094,0.023461469,-7.12438e-16,-9.02981e-16,1.74322e-15,2.0884823e-15,0.00578326,0.0145057,0.0175094,0.023461469
2503,2504,0.00425509,0.014763,0.0164056,0.02247656,-9.90978e-18,3.93187e-16,-2.1161e-15,2.1523414e-15,0.00425509,0.014763,0.0164056,0.02247656
2504,2505,0.00565967,0.014738,0.0171892,0.023339003,-2.60134e-16,1.24455e-16,-1.27916e-15,1.3112624e-15,0.00565967,0.014738,0.0171892,0.023339003
2505,2506,0.00743578,0.0144646,0.0201086,0.025862545,-3.65624e-16,7.76372e-16,-9.85126e-16,1.3064868e-15,0.00743578,0.0144646,0.0201086,0.025862545
2506,2507,0.00728769,0.0140162,0.0199049,0.025411991,-1.77364e-16,4.29268e-16,1.57591e-15,1.6429307e-15,0.00728769,0.0140162,0.0199049,0.025411991
2507,2508,0.00727236,0.0143972,0.0194502,0.0252681,2.09256e-16,3.27277e-17,8.93197e-16,9.179652e-16,0.00727236,0.0143972,0.0194502,0.0252681
2508,2509,0.00690788,0.0133729,0.0188044,0.024086483,3.26089e-16,-3.82923e-16,1.99691e-15,2.059275e-15,0.00690788,0.0133729,0.0188044,0.024086483
2509,2510,0.00672793,0.013926,0.0182739,0.023940215,-3.8549e-17,1.92152e-16,4.03557e-16,4.486275e-16,0.00672793,0.013926,0.0182739,0.023940215
2510,2511,0.00661064,0.0134816,0.0176333,0.023160039,1.19448e-15,4.42154e-16,1.01975e-15,1.6316166e-15,0.00661064,0.0134816,0.0176333,0.023160039
2511,2512,0.00482111,0.0136963,0.0162213,0.021770675,-1.45911e-16,-3.00883e-16,-1.33538e-15,1.3766119e-15,0.00482111,0.0136963,0.0162213,0.021770675
2512,2513,0.00621593,0.0136209,0.0173234,0.022896877,1.38195e-15,3.04755e-16,1.06035e-16,1.4191211e-15,0.00621593,0.0136209,0.0173234,0.022896877
2513,2514,0.00811085,0.0132372,0.0202635,0.025526825,-1.10832e-15,1.01074e-15,2.49212e-15,2.9087162e-15,0.00811085,0.0132372,0.0202635,0.025526825
2514,2515,0.00893627,0.0119371,0.0190333,0.02417887,1.99597e-16,1.31264e-15,-3.33989e-15,3.5941243e-15,0.00893627,0.0119371,0.0190333,0.02417887
2515,2516,0.00895677,0.0129151,0.0199381,0.025388015,-1.06208e-15,-3.60044e-16,3.14831e-15,3.3420805e-15,0.00895677,0.0129151,0.0199381,0.025388015
2516,2517,0.0084954,0.012992,0.0189268,0.024478309,3.73291e-16,1.8392e-16,1.27108e-15,1.3374667e-15,0.0084954,0.012992,0.0189268,0.024478309
2517,2518,0.00841858,0.0134266,0.0198813,0.025424637,-4.69246e-16,-1.52024e-16,4.5461e-15,4.572781e-15,0.00841858,0.0134266,0.0198813,0.025424637
2518,2519,0.0079574,0.0122542,0.0183987,0.023494633,2.66298e-16,-9.2219e-16,2.47132e-15,2.651183e-15,0.0079574,0.0122542,0.0183987,0.023494633
2519,2520,0.00809395,0.0125082,0.0180021,0.023367556,-5.13422e-16,-1.29955e-15,6.15203e-16,1.5267308e-15,0.00809395,0.0125082,0.0180021,0.023367556
2520,2521,0.00798581,0.0131,0.0180658,0.0237014,-4.60806e-17,-1.38974e-15,-3.49291e-16,1.4337032e-15,0.00798581,0.0131,0.0180658,0.0237014
2521,2522,-0.00469575,0.0142945,0.00969089,0.01789682,5.85678e-16,2.09745e-15,1.71741e-15,2.7734118e-15,-0.00469575,0.0142945,0.00969089,0.01789682
2522,2523,-0.00328819,0.0147654,0.00865362,0.017427403,-3.59263e-16,4.03482e-16,1.22965e-15,1.343096e-15,-0.00328819,0.0147654,0.00865362,0.017427403
2523,2524,-0.00353944,0.0140156,0.00659765,0.015890049,-2.19165e-15,-4.91753e-16,-9.49251e-16,2.438489e-15,-0.00353944,0.0140156,0.00659765,0.015890049
2524,2525,-0.00391914,0.0144005,0.00448832,0.015584578,9.75537e-16,1.58235e-16,-1.81236e-15,2.064306e-15,-0.00391914,0.0144005,0.00448832,0.015584578
2525,2526,-0.00418645,0.0138045,0.00195211,0.014556831,3.39119e-16,1.55201e-16,1.34629e-17,3.7318938e-16,-0.00418645,0.0138045,0.00195211,0.014556831
2526,2527,-0.00441106,0.0134318,-0.000350275,0.014141901,5.23118e-16,7.04285e-16,9.78684e-16,1.314341e-15,-0.00441106,0.0134318,-0.000350275,0.014141901
2527,2528,-0.00528708,0.0135593,-0.00421179,0.015150809,3.96279e-16,1.04545e-15,1.56451e-15,1.9229389e-15,-0.00528708,0.0135593,-0.00421179,0.015150809
2528,2529,-0.0011849,0.0148105,0.0112767,0.018652583,8.39112e-16,2.07554e-15,-1.98333e-15,2.9909153e-15,-0.0011849,0.0148105,0.0112767,0.018652583
2529,2530,-0.00290379,0.0148131,0.0102379,0.018239368,2.32143e-16,1.6325e-15,-2.84274e-15,3.2863532e-15,-0.00290379,0.0148131,0.0102379,0.018239368
2530,2531,-0.00162885,0.0148456,0.00943842,0.017667167,1.16959e-15,7.62181e-16,3.33035e-16,1.4351909e-15,-0.00162885,0.0148456,0.00943842,0.017667167
2531,2532,-0.00210851,0.014259,0.00732304,0.016167616,-4.9672e-16,2.3946e-16,1.44597e-15,1.5475469e-15,-0.00210851,0.014259,0.00732304,0.016167616
2532,2533,-0.00209708,0.0138631,0.00528634,0.014984281,3.11134e-17,1.29486e-15,6.21003e-16,1.4364105e-15,-0.00209708,0.0138631,0.00528634,0.014984281
2533,2534,-0.00274852,0.0142666,0.00317671,0.01487218,6.16781e-16,2.2442e-15,-1.58934e-15,2.818307e-15,-0.00274852,0.0142666,0.00317671,0.01487218
2534,2535,-0.00395232,0.0143876,-0.00282901,0.015186414,-6.70986e-16,2.27366e-15,-3.43404e-16,2.3953452e-15,-0.00395232,0.0143876,-0.00282901,0.015186414
2535,2536,-0.00423938,0.013733,-0.00659125,0.015811775,1.69743e-17,-5.50901e-16,-8.89019e-16,1.046009e-15,-0.00423938,0.013733,-0.00659125,0.015811775
2536,2537,-0.00549816,0.013321,-0.00710199,0.016066022,9.2291e-16,1.61607e-16,-1.95679e-15,2.1695409e-15,-0.00549816,0.013321,-0.00710199,0.016066022
2537,2538,-0.0023972,0.014745,0.000444427,0.014945203,-1.61811e-15,2.14278e-15,2.4601e-16,2.6963507e-15,-0.0023972,0.014745,0.000444427,0.014945203
2538,2539,-0.00284459,0.0145859,-0.00189848,0.014981469,1.18574e-15,1.30027e-15,-7.30924e-16,1.9055004e-15,-0.00284459,0.0145859,-0.00189848,0.014981469
2539,2540,-0.00320668,0.0140374,-0.00497686,0.015234846,-1.96093e-16,-7.81795e-16,6.69704e-16,1.047931e-15,-0.00320668,0.0140374,-0.00497686,0.015234846
2540,2541,0.000728697,0.0150802,0.0134736,0.020235645,-3.95908e-16,-8.04276e-16,2.51473e-15,2.6697322e-15,0.000728697,0.0150802,0.0134736,0.020235645
2541,2542,0.000244828,0.0152586,0.0119401,0.019376554,-5.84077e-16,6.80625e-16,-5.00776e-16,1.0272161e-15,0.000244828,0.0152586,0.0119401,0.019376554
2542,2543,-0.000450222,0.0141961,0.00748172,0.01605329,-7.0928e-16,5.75827e-16,1.04668e-15,1.3893141e-15,-0.000450222,0.0141961,0.00748172,0.01605329
2543,2544,-0.000996555,0.014849,0.00545968,0.015852256,1.46381e-15,2.63627e-15,-1.27889e-15,3.275396e-15,-0.000996555,0.014849,0.00545968,0.015852256
2544,2545,-0.00134833,0.0144824,0.00329046,0.01491258,2.67618e-16,1.68482e-15,-7.77848e-17,1.7077143e-15,-0.00134833,0.0144824,0.00329046,0.01491258
2545,2546,-0.0028992,0.0143655,0.0011141,0.01469742,-2.52221e-16,1.78569e-15,-1.37632e-15,2.2686035e-15,-0.0028992,0.0143655,0.0011141,0.01469742
2546,2547,-0.00162842,0.0141593,-0.000109261,0.014253051,2.90628e-16,6.14264e-17,-1.69268e-15,1.7185469e-15,-0.00162842,0.0141593,-0.000109261,0.014253051
2547,2548,0.00269439,0.0157584,0.0167418,0.023148969,7.26833e-17,-1.83211e-16,-4.38169e-16,4.804594e-16,0.00269439,0.0157584,0.0167418,0.023148969
2548,2549,0.00242368,0.015264,0.0156667,0.022007031,1.1156e-15,-6.46722e-17,1.48155e-15,1.8557306e-15,0.00242368,0.015264,0.0156667,0.022007031
2549,2550,-7.8865e-05,0.0145178,0.00968262,0.01745067,-8.39484e-16,8.59773e-16,3.0061e-15,3.2373724e-15,-7.8865e-05,0.0145178,0.00968262,0.01745067
2550,2551,0.00211574,0.015515,0.0141477,0.021103293,2.19128e-15,2.14758e-16,4.72476e-16,2.251902e-15,0.00211574,0.015515,0.0141477,0.021103293
2551,2552,0.00127318,0.0151201,0.0102904,0.018333869,-4.90189e-16,4.00562e-16,-1.18509e-15,1.3435675e-15,0.00127318,0.0151201,0.0102904,0.018333869
2552,2553,0.000884379,0.0154179,0.00837782,0.017569337,2.5398e-15,-3.53368e-17,-4.1398e-17,2.540383e-15,0.000884379,0.0154179,0.00837782,0.017569337
2553,2554,0.000602125,0.0150339,0.00637117,0.016339295,1.293e-16,1.32041e-15,-2.18695e-16,1.3446297e-15,0.000602125,0.0150339,0.00637117,0.016339295
2554,2555,-0.00128993,0.0141647,0.00195444,0.014356967,-1.40109e-15,-1.07868e-15,7.03371e-16,1.9029804e-15,-0.00128993,0.0141647,0.00195444,0.014356967
2555,2556,0.000100802,0.0145074,0.00428888,0.015128427,-4.9904e-16,-4.31095e-16,-1.7961e-15,1.913337e-15,0.000100802,0.0145074,0.00428888,0.015128427
2556,2557,-0.00205887,0.0145201,-0.00347915,0.015072384,-2.82715e-16,4.128e-15,-9.53566e-17,4.138768e-15,-0.00205887,0.0145201,-0.00347915,0.015072384
2557,2558,-0.000128613,0.0146758,0.0016648,0.0147704845,1.11006e-15,-2.27213e-16,-1.07556e-15,1.5622702e-15,-0.000128613,0.0146758,0.0016648,0.0147704845
2558,2559,0.00407664,0.0147362,0.0157696,0.021964855,1.21039e-15,4.7807e-16,-7.58407e-16,1.5062457e-15,0.00407664,0.0147362,0.0157696,0.021964855
2559,2560,0.00385555,0.0146284,0.0148155,0.02117438,1.03778e-15,-8.97433e-17,2.28541e-15,2.5116011e-15,0.00385555,0.0146284,0.0148155,0.02117438
2560,2561,0.0017113,0.0149151,0.0122985,0.019407263,-2.77171e-16,4.75312e-16,1.77866e-15,1.8618208e-15,0.0017113,0.0149151,0.0122985,0.019407263
2561,2562,0.00351009,0.0146831,0.0139151,0.02053154,1.89759e-15,-1.0237e-16,2.91531e-15,3.479994e-15,0.00351009,0.0146831,0.0139151,0.02053154
2562,2563,0.00315264,0.0144416,0.0129278,0.019637387,-9.73654e-16,4.76372e-16,1.42911e-15,1.79368e-15,0.00315264,0.0144416,0.0129278,0.019637387
2563,2564,0.00286024,0.0148425,0.0110249,0.018709067,5.38822e-16,5.75584e-16,9.53048e-16,1.236902e-15,0.00286024,0.0148425,0.0110249,0.018709067
2564,2565,0.0026367,0.014456,0.00928153,0.017380303,5.18368e-16,5.73933e-16,-2.59597e-16,8.1577886e-16,0.0026367,0.014456,0.00928153,0.017380303
2565,2566,0.00216403,0.0146466,0.00726467,0.016491856,2.2423e-16,1.29928e-15,2.28798e-17,1.3186854e-15,0.00216403,0.0146466,0.00726467,0.016491856
2566,2567,0.00161931,0.0146724,0.00497462,0.015577174,5.69139e-16,-2.03306e-16,-3.96182e-15,4.0076513e-15,0.00161931,0.0146724,0.00497462,0.015577174
2567,2568,-0.000449482,0.0145624,-0.00125913,0.014623643,1.27566e-15,3.19847e-15,-4.26474e-15,5.48138e-15,-0.000449482,0.0145624,-0.00125913,0.014623643
2568,2569,0.00146968,0.0143004,0.0021983,0.014542831,-1.08841e-15,3.22555e-16,2.49509e-16,1.1622964e-15,0.00146968,0.0143004,0.0021983,0.014542831
2569,2570,0.00485507,0.0139387,0.015607,0.021481097,-4.16596e-17,2.8375e-17,-1.39942e-15,1.4003274e-15,0.00485507,0.0139387,0.015607,0.021481097
2570,2571,0.0042095,0.0145062,0.0142129,0.02074021,3.60604e-16,-2.05586e-17,3.42486e-15,3.443853e-15,0.0042095,0.0145062,0.0142129,0.02074021
2571,2572,0.0045594,0.0134189,0.0134176,0.019516326,-4.35317e-16,-7.23807e-16,2.92579e-15,3.045266e-15,0.0045594,0.0134189,0.0134176,0.019516326
2572,2573,0.00469507,0.0142699,0.0146479,0.02098177,-1.46113e-16,-5.54366e-16,3.65259e-15,3.6973077e-15,0.00469507,0.0142699,0.0146479,0.02098177
2573,2574,0.00436429,0.0145675,0.0124735,0.019668434,-6.28502e-16,4.22327e-16,3.17945e-15,3.2683753e-15,0.00436429,0.0145675,0.0124735,0.019668434
2574,2575,0.00431616,0.014582,0.0138026,0.020537179,4.67966e-16,-5.81516e-16,3.34261e-15,3.424937e-15,0.00431616,0.014582,0.0138026,0.020537179
2575,2576,0.00394185,0.0142363,0.0109516,0.0183888,-1.25448e-16,3.12887e-16,-6.80006e-16,7.589754e-16,0.00394185,0.0142363,0.0109516,0.0183888
2576,2577,0.00267729,0.014337,0.00595593,0.015754065,-4.67867e-16,-4.17851e-16,2.58289e-15,2.6579729e-15,0.00267729,0.014337,0.00595593,0.015754065
2577,2578,0.00359827,0.0138703,0.00562828,0.015395139,-2.09825e-16,1.02757e-15,-1.11415e-15,1.5301165e-15,0.00359827,0.0138703,0.00562828,0.015395139
2578,2579,0.0038329,0.0145861,0.00835419,0.01724059,2.98798e-16,-7.93152e-16,1.29139e-15,1.5446872e-15,0.0038329,0.0145861,0.00835419,0.01724059
2579,2580,0.00242136,0.0147223,0.00107346,0.014958656,7.01413e-16,1.55583e-16,-1.47577e-15,1.6413664e-15,0.00242136,0.0147223,0.00107346,0.014958656
2580,2581,0.00262701,0.0146535,0.00409963,0.015441283,-1.29187e-15,9.76625e-16,-2.01289e-16,1.6319442e-15,0.00262701,0.0146535,0.00409963,0.015441283
2581,2582,0.00101765,0.0141276,-0.000659548,0.014179552,1.9783e-15,1.77686e-16,-8.00504e-16,2.1415066e-15,0.00101765,0.0141276,-0.000659548,0.014179552
2582,2583,0.00618608,0.0138404,0.0170058,0.022782043,-1.1948e-16,1.39577e-16,-3.44382e-17,1.86931e-16,0.00618608,0.0138404,0.0170058,0.022782043
2583,2584,0.00623433,0.0145,0.0164109,0.022769157,-2.18145e-16,-2.07116e-16,-1.00438e-15,1.0484577e-15,0.00623433,0.0145,0.0164109,0.022769157
2584,2585,0.00611818,0.0145245,0.0151217,0.02184168,4.76197e-16,-1.45473e-15,1.49458e-15,2.1393393e-15,0.00611818,0.0145245,0.0151217,0.02184168
2585,2586,0.00533979,0.014168,0.0128008,0.019826902,-4.32667e-16,8.11309e-16,2.12309e-15,2.3136408e-15,0.00533979,0.014168,0.0128008,0.019826902
2586,2587,0.00565383,0.0131907,0.0133843,0.019623961,-4.90819e-16,-8.51754e-16,-6.04537e-16,1.1540594e-15,0.00565383,0.0131907,0.0133843,0.019623961
2587,2588,0.00513484,0.0138549,0.0108454,0.018328872,-9.08582e-16,-1.24732e-15,1.35981e-15,2.0567963e-15,0.00513484,0.0138549,0.0108454,0.018328872
2588,2589,0.00641216,0.0138,0.0129566,0.019985726,-1.77449e-16,1.05745e-15,2.02767e-15,2.2937163e-15,0.00641216,0.0138,0.0129566,0.019985726
2589,2590,0.00492333,0.0134633,0.00852969,0.016680984,-7.40144e-16,1.19436e-15,-1.78308e-15,2.2701726e-15,0.00492333,0.0134633,0.00852969,0.016680984
2590,2591,0.00347378,0.0136799,0.00190823,0.014242477,1.58215e-16,-7.80577e-18,3.9015e-16,4.2108186e-16,0.00347378,0.0136799,0.00190823,0.014242477
2591,2592,0.00490386,0.0135847,0.00550187,0.015455177,-9.04479e-16,1.6246e-15,-7.3467e-16,1.9992868e-15,0.00490386,0.0135847,0.00550187,0.015455177
2592,2593,0.0079917,0.0135764,0.0178867,0.023835266,7.52589e-16,-5.99307e-16,-1.57679e-15,1.8471127e-15,0.0079917,0.0135764,0.0178867,0.023835266
2593,2594,0.00727334,0.0138752,0.0164711,0.02273147,3.60798e-16,-1.17685e-15,4.85747e-15,5.0110046e-15,0.00727334,0.0138752,0.0164711,0.02273147
2594,2595,0.00844822,0.0125742,0.0153187,0.021544036,1.45051e-15,5.46425e-16,3.67918e-15,3.9923585e-15,0.00844822,0.0125742,0.0153187,0.021544036
2595,2596,0.00778369,0.0130242,0.0168563,0.022679297,1.16901e-15,-1.9251e-15,5.71519e-16,2.323624e-15,0.00778369,0.0130242,0.0168563,0.022679297
2596,2597,0.00698262,0.0128066,0.0137947,0.020076348,-1.12849e-15,-1.03025e-15,-9.9097e-16,1.821243e-15,0.00698262,0.0128066,0.0137947,0.020076348
2597,2598,0.00723392,0.0132324,0.0152065,0.021416435,6.03908e-16,-1.33768e-15,9.86846e-16,1.7686033e-15,0.00723392,0.0132324,0.0152065,0.021416435
2598,2599,0.00620669,0.0131916,0.0112763,0.01843085,-4.40831e-16,-1.72482e-16,1.72616e-15,1.7898912e-15,0.00620669,0.0131916,0.0112763,0.01843085
2599,2600,0.00739769,0.0126322,0.0129408,0.019538745,-7.90155e-17,7.2714e-16,-5.31706e-16,9.042606e-16,0.00739769,0.0126322,0.0129408,0.019538745
2600,2601,0.00641157,0.0132531,0.00926751,0.01739654,-6.25268e-16,-3.97324e-16,2.62596e-15,2.7284596e-15,0.00641157,0.0132531,0.00926751,0.01739654
2601,2602,0.00753702,0.0131439,0.0119062,0.019269831,7.249e-17,-6.12287e-16,3.32233e-15,3.379057e-15,0.00753702,0.0131439,0.0119062,0.019269831
2602,2603,0.00625978,0.0129802,0.00634964,0.015747648,-3.87831e-16,1.84272e-15,7.04233e-16,2.0104662e-15,0.00625978,0.0129802,0.00634964,0.015747648
2603,2604,0.00759749,0.0125574,0.00919912,0.01732149,1.95583e-17,-1.76651e-16,-4.05291e-16,4.425482e-16,0.00759749,0.0125574,0.00919912,0.01732149
2604,2605,0.0044375,0.0127633,0.00239642,0.013723559,-1.35933e-16,1.24788e-15,-1.08899e-15,1.6618006e-15,0.0044375,0.0127633,0.00239642,0.013723559
2605,2606,-0.0109381,0.0080261,-0.0256217,0.028991926,-1.5002e-15,-7.78451e-17,-1.25988e-16,1.5074923e-15,-0.0109381,0.0080261,-0.0256217,0.028991926
2606,2607,-0.0101699,0.0109921,-0.0248722,0.029032387,-2.53826e-15,1.06215e-15,-5.56731e-15,6.2101423e-15,-0.0101699,0.0109921,-0.0248722,0.029032387
2607,2608,-0.0107311,0.0101194,-0.026065,0.029949006,-2.13816e-15,2.23375e-17,-3.5559e-16,2.1676418e-15,-0.0107311,0.0101194,-0.026065,0.029949006
2608,2609,-0.00823132,0.0121131,-0.0188732,0.023888899,-5.18279e-16,1.53458e-15,-2.62271e-15,3.0825568e-15,-0.00823132,0.0121131,-0.0188732,0.023888899
2609,2610,-0.00843816,0.0114389,-0.0218533,0.026069477,-7.66549e-16,3.34813e-15,-2.35315e-15,4.1635185e-15,-0.00843816,0.0114389,-0.0218533,0.026069477
2610,2611,-0.00853726,0.0114163,-0.0241446,0.028038872,7.76236e-16,2.57876e-16,-3.03841e-16,8.725604e-16,-0.00853726,0.0114163,-0.0241446,0.028038872
2611,2612,-0.0060968,0.0133864,-0.0108126,0.01825593,-2.06901e-16,1.48279e-15,-2.00252e-15,2.500312e-15,-0.0060968,0.0133864,-0.0108126,0.01825593
2612,2613,-0.00625598,0.0124744,-0.014291,0.0199745,7.73612e-16,5.85435e-16,-3.74292e-15,3.8666084e-15,-0.00625598,0.0124744,-0.014291,0.0199745
2613,2614,-0.00698027,0.0126332,-0.0175754,0.022742396,-7.74352e-17,2.05244e-15,-3.89241e-15,4.4010633e-15,-0.00698027,0.0126332,-0.0175754,0.022742396
2614,2615,-0.00985961,0.00849166,-0.0268854,0.029868795,-1.78721e-15,-6.12534e-16,4.61536e-16,1.9448222e-15,-0.00985961,0.00849166,-0.0268854,0.029868795
2615,2616,-0.00764932,0.00804186,-0.0265644,0.028789772,-1.03754e-16,-9.5609e-16,7.63471e-16,1.2279091e-15,-0.00764932,0.00804186,-0.0265644,0.028789772
2616,2617,-0.00893084,0.0110382,-0.0268265,0.030352313,-1.56096e-16,-2.51565e-16,3.47578e-15,3.488366e-15,-0.00893084,0.0110382,-0.0268265,0.030352313
2617,2618,-0.00797566,0.0100708,-0.0274157,0.030276274,6.66545e-16,4.1232e-16,1.84996e-15,2.0091397e-15,-0.00797566,0.0100708,-0.0274157,0.030276274
2618,2619,-0.00724052,0.0126311,-0.020864,0.025441626,-9.2288e-16,3.73197e-16,-1.73488e-15,2.000198e-15,-0.00724052,0.0126311,-0.020864,0.025441626
2619,2620,-0.00757984,0.0125204,-0.0260761,0.029902799,4.79433e-16,8.57838e-16,-7.75756e-16,1.2520141e-15,-0.00757984,0.0125204,-0.0260761,0.029902799
2620,2621,-0.00483492,0.0135708,-0.00967461,0.01735342,-6.62771e-16,3.69427e-15,-3.19864e-16,3.7668567e-15,-0.00483492,0.0135708,-0.00967461,0.01735342
2621,2622,-0.00512062,0.012803,-0.0129973,0.018949075,7.35237e-16,6.33619e-16,-3.69819e-16,1.038659e-15,-0.00512062,0.012803,-0.0129973,0.018949075
2622,2623,-0.00580718,0.0135718,-0.0167769,0.022346845,9.97721e-16,1.14917e-15,-1.78074e-15,2.3424503e-15,-0.00580718,0.0135718,-0.0167769,0.022346845
2623,2624,-0.00598601,0.0134274,-0.0198355,0.02468956,-7.90037e-16,-3.53899e-16,3.33386e-16,9.276579e-16,-0.00598601,0.0134274,-0.0198355,0.02468956
2624,2625,-0.00629498,0.013258,-0.0216886,0.02618772,-3.38088e-16,-2.42012e-16,6.97926e-17,4.2159736e-16,-0.00629498,0.013258,-0.0216886,0.02618772
2625,2626,-0.00747256,0.0130581,-0.0239207,0.02825868,3.12621e-17,2.32002e-16,-1.14619e-15,1.1698519e-15,-0.00747256,0.0130581,-0.0239207,0.02825868
2626,2627,-0.00376449,0.0142027,-0.00873375,0.017092878,-1.46991e-15,4.82047e-16,-1.07637e-16,1.5506741e-15,-0.00376449,0.0142027,-0.00873375,0.017092878
2627,2628,-0.00535232,0.00712561,-0.0233097,0.024955235,-9.60946e-16,-7.69111e-16,9.36515e-16,1.5466122e-15,-0.00535232,0.00712561,-0.0233097,0.024955235
2628,2629,-0.00605482,0.0112396,-0.0255431,0.0285559,8.85483e-16,2.30702e-15,-1.54744e-15,2.9156462e-15,-0.00605482,0.0112396,-0.0255431,0.0285559
2629,2630,-0.00646889,0.00985948,-0.0257786,0.028347699,-4.32478e-16,2.01982e-15,-4.52422e-16,2.1145674e-15,-0.00646889,0.00985948,-0.0257786,0.028347699
2630,2631,-0.00611022,0.0141453,-0.0244799,0.02892559,-4.69056e-16,-3.05757e-16,-4.57257e-15,4.6067234e-15,-0.00611022,0.0141453,-0.0244799,0.02892559
2631,2632,-0.00620915,0.0127729,-0.0250884,0.028829297,1.57185e-15,7.88936e-16,-4.16683e-15,4.522787e-15,-0.00620915,0.0127729,-0.0250884,0.028829297
2632,2633,-0.00405526,0.0134255,-0.0127408,0.018947748,3.14361e-16,3.17068e-16,1.13765e-15,1.2221303e-15,-0.00405526,0.0134255,-0.0127408,0.018947748
2633,2634,-0.00443923,0.0136571,-0.0158076,0.021356577,8.10525e-16,5.21949e-16,3.55231e-15,3.6808e-15,-0.00443923,0.0136571,-0.0158076,0.021356577
2634,2635,-0.00450684,0.0130567,-0.0187523,0.023290293,5.71246e-17,-5.18896e-16,1.1856e-15,1.2954395e-15,-0.00450684,0.0130567,-0.0187523,0.023290293
2635,2636,-0.00520992,0.0137683,-0.0216745,0.026201019,1.44907e-15,2.88394e-16,1.19046e-17,1.4775374e-15,-0.00520992,0.0137683,-0.0216745,0.026201019
2636,2637,-0.00246123,0.0143335,-0.00725248,0.016251318,1.30572e-16,4.52235e-16,-2.92947e-15,2.9670457e-15,-0.00246123,0.0143335,-0.00725248,0.016251318
2637,2638,-0.00278545,0.013813,-0.0109657,0.017855091,-5.64986e-16,1.88472e-16,4.00643e-16,7.1780616e-16,-0.00278545,0.013813,-0.0109657,0.017855091
2638,2639,-0.00428585,0.00762927,-0.0223413,0.023993915,-2.71776e-16,4.38485e-16,8.14867e-16,9.644373e-16,-0.00428585,0.00762927,-0.0223413,0.023993915
2639,2640,-0.00455049,0.0115254,-0.024295,0.027272493,1.0353e-16,4.41572e-15,-2.03799e-15,4.8644327e-15,-0.00455049,0.0115254,-0.024295,0.027272493
2640,2641,-0.00451425,0.0100852,-0.0237856,0.026226789,-1.2884e-15,2.34731e-15,-2.31008e-15,3.5364259e-15,-0.00451425,0.0100852,-0.0237856,0.026226789
2641,2642,-0.00450359,0.0149212,-0.0248193,0.029307375,-2.27639e-15,2.03923e-15,-3.81567e-15,4.8887366e-15,-0.00450359,0.0149212,-0.0248193,0.029307375
2642,2643,-0.00486103,0.0135482,-0.025983,0.02970353,4.45202e-16,3.58088e-15,-3.25118e-15,4.857065e-15,-0.00486103,0.0135482,-0.025983,0.02970353
2643,2644,-0.00301965,0.0141934,-0.0144729,0.020494774,6.13366e-16,1.31884e-15,-2.15869e-16,1.4704273e-15,-0.00301965,0.0141934,-0.0144729,0.020494774
2644,2645,-0.00308133,0.0136314,-0.0178028,0.022632925,-5.73555e-16,4.72481e-16,-5.0154e-16,8.965188e-16,-0.00308133,0.0136314,-0.0178028,0.022632925
2645,2646,-0.00373721,0.0145975,-0.0215318,0.026280642,3.48058e-16,1.98776e-15,-2.39889e-15,3.1348058e-15,-0.00373721,0.0145975,-0.0215318,0.026280642
2646,2647,-0.000901738,0.0138937,-0.00523013,0.014872871,-2.26863e-16,-8.97883e-17,-1.85676e-15,1.8727217e-15,-0.000901738,0.0138937,-0.00523013,0.014872871
2647,2648,-0.00141836,0.014396,-0.00959049,0.017356096,-1.14908e-15,-3.08439e-16,-2.31894e-16,1.2121446e-15,-0.00141836,0.014396,-0.00959049,0.017356096
2648,2649,-0.00150609,0.0142769,-0.0133345,0.019593546,-2.90756e-16,-1.46814e-15,3.18176e-15,3.516187e-15,-0.00150609,0.0142769,-0.0133345,0.019593546
2649,2650,-0.00260282,0.00779797,-0.0215882,0.023100507,-1.71735e-15,2.40011e-15,-1.32114e-15,3.2334547e-15,-0.00260282,0.00779797,-0.0215882,0.023100507
2650,2651,-0.00248824,0.00983306,-0.0229008,0.025046498,-1.25109e-15,2.58299e-15,4.58308e-16,2.906391e-15,-0.00248824,0.00983306,-0.0229008,0.025046498
2651,2652,-0.00280499,0.0120624,-0.025149,0.028032867,-2.98295e-16,1.9563e-15,3.32823e-16,2.006704e-15,-0.00280499,0.0120624,-0.025149,0.028032867
2652,2653,-0.00271546,0.0138292,-0.0252442,0.028911764,-6.16183e-16,3.03683e-16,1.927e-15,2.0457843e-15,-0.00271546,0.0138292,-0.0252442,0.028911764
2653,2654,-0.00161468,0.0146951,-0.020701,0.025437856,8.8284e-17,-4.42302e-16,1.23694e-15,1.3166039e-15,-0.00161468,0.0146951,-0.020701,0.025437856
2654,2655,-0.00241369,0.0149415,-0.0238642,0.028259058,-5.03869e-16,-3.25749e-16,1.57292e-15,1.6834707e-15,-0.00241369,0.0149415,-0.0238642,0.028259058
2655,2656,0.000618078,0.0136643,-0.00396239,0.014240634,2.03352e-16,6.21098e-17,3.17449e-15,3.1816027e-15,0.000618078,0.0136643,-0.00396239,0.014240634
2656,2657,0.000129214,0.0143499,-0.00800967,0.01643445,-2.87869e-15,4.87994e-16,2.5543e-15,3.879361e-15,0.000129214,0.0143499,-0.00800967,0.01643445
2657,2658,-0.00043121,0.0144908,-0.0143375,0.020389535,-5.72265e-16,5.52087e-16,1.08689e-15,1.346706e-15,-0.00043121,0.0144908,-0.0143375,0.020389535
2658,2659,-0.00127206,0.0142277,-0.0166471,0.021935623,2.41852e-16,3.10842e-16,1.70212e-15,1.7470912e-15,-0.00127206,0.0142277,-0.0166471,0.021935623
2659,2660,-0.00111957,0.00667797,-0.0207368,0.021814298,-8.23179e-16,1.37064e-15,6.9328e-16,1.7426747e-15,-0.00111957,0.00667797,-0.0207368,0.021814298
2660,2661,-0.000974805,0.00909931,-0.0223791,0.02417792,-2.61777e-16,-4.64494e-16,-2.07128e-16,5.719999e-16,-0.000974805,0.00909931,-0.0223791,0.02417792
2661,2662,-0.00107181,0.0113399,-0.0242548,0.026796222,4.75617e-16,1.45274e-15,-8.58168e-16,1.7530309e-15,-0.00107181,0.0113399,-0.0242548,0.026796222
2662,2663,-0.000848808,0.0138341,-0.025763,0.029254656,9.12373e-16,6.05111e-17,1.11676e-15,1.443343e-15,-0.000848808,0.0138341,-0.025763,0.029254656
2663,2664,0.000802418,0.0145888,-0.0154104,0.021235757,9.19697e-16,8.68422e-16,-7.50083e-16,1.4705862e-15,0.000802418,0.0145888,-0.0154104,0.021235757
2664,2665,0.000134774,0.014509,-0.0201988,0.024870077,-7.69359e-16,-5.7299e-16,-2.97862e-15,3.1292823e-15,0.000134774,0.014509,-0.0201988,0.024870077
2665,2666,-0.000268977,0.0152122,-0.0240159,0.028429681,-6.4702e-16,8.69815e-16,7.94053e-16,1.3437757e-15,-0.000268977,0.0152122,-0.0240159,0.028429681
2666,2667,0.00193452,0.0141221,-0.00269711,0.014506911,6.00478e-17,7.82921e-16,9.64495e-16,1.2437129e-15,0.00193452,0.0141221,-0.00269711,0.014506911
2667,2668,0.00152277,0.0141361,-0.00639045,0.015588009,-1.28454e-16,-5.39573e-16,-1.4007e-15,1.5065191e-15,0.00152277,0.0141361,-0.00639045,0.015588009
2668,2669,0.00334583,0.0143137,-0.00167672,0.014794863,1.34464e-15,2.60085e-16,1.41814e-15,1.9715026e-15,0.00334583,0.0143137,-0.00167672,0.014794863
2669,2670,0.000921111,0.0144201,-0.0108421,0.018064851,-1.06589e-15,2.38431e-15,-4.57703e-16,2.651518e-15,0.000921111,0.0144201,-0.0108421,0.018064851
2670,2671,0.00257628,0.0135743,-0.0057847,0.014978705,1.75719e-16,5.33883e-16,9.8181e-16,1.1313085e-15,0.00257628,0.0135743,-0.0057847,0.014978705
2671,2672,-0.000278035,0.0142637,-0.0117402,0.018476004,-4.25473e-16,2.5076e-15,4.2724e-16,2.579073e-15,-0.000278035,0.0142637,-0.0117402,0.018476004
2672,2673,0.000376767,0.0146336,-0.0138575,0.020157244,-1.75938e-16,1.71936e-15,1.49725e-15,2.286681e-15,0.000376767,0.0146336,-0.0138575,0.020157244
2673,2674,0.0019139,0.014173,-0.0102508,0.017595904,-5.23918e-16,1.15615e-15,8.87592e-18,1.2693509e-15,0.0019139,0.014173,-0.0102508,0.017595904
2674,2675,0.000262323,0.00724742,-0.0234115,0.024509024,-3.12701e-16,1.17061e-15,-2.25736e-15,2.5619882e-15,0.000262323,0.00724742,-0.0234115,0.024509024
2675,2676,0.000354488,0.00989563,-0.0243288,0.026266702,8.68655e-16,1.41281e-15,-1.48933e-15,2.2290576e-15,0.000354488,0.00989563,-0.0243288,0.026266702
2676,2677,0.000670591,0.0114703,-0.0240087,0.026616447,1.07465e-15,5.32637e-16,-2.99457e-16,1.2362237e-15,0.000670591,0.0114703,-0.0240087,0.026616447
2677,2678,0.00116378,0.0134211,-0.0236309,0.0272011,6.14764e-16,8.93083e-16,-8.84926e-16,1.3995092e-15,0.00116378,0.0134211,-0.0236309,0.0272011
2678,2679,0.00425063,0.0133565,-0.000758314,0.014037058,1.62681e-15,-2.46834e-16,2.59759e-15,3.074884e-15,0.00425063,0.0133565,-0.000758314,0.014037058
2679,2680,0.00325005,0.0137101,-0.00856196,0.016487475,-2.91117e-16,6.99921e-16,4.00022e-15,4.071412e-15,0.00325005,0.0137101,-0.00856196,0.016487475
2680,2681,0.00247667,0.0135572,-0.0129881,0.018937325,7.2453e-16,1.22916e-16,-2.96672e-15,3.0563833e-15,0.00247667,0.0135572,-0.0129881,0.018937325
2681,2682,0.0022796,0.0146618,-0.0180634,0.023376299,-3.93311e-16,8.41429e-16,-1.45767e-15,1.7284381e-15,0.0022796,0.0146618,-0.0180634,0.023376299
2682,2683,0.00168767,0.0147934,-0.0218791,0.026464842,-2.45367e-16,1.37223e-15,-4.07792e-15,4.3096e-15,0.00168767,0.0147934,-0.0218791,0.026464842
2683,2684,0.00178808,0.00725637,-0.0246939,0.025800018,-8.12785e-17,-6.4857e-17,2.19152e-15,2.1939856e-15,0.00178808,0.00725637,-0.0246939,0.025800018
2684,2685,0.00269647,0.012111,-0.0249813,0.027892878,7.44606e-16,1.4756e-15,-1.83654e-15,2.4707716e-15,0.00269647,0.012111,-0.0249813,0.027892878
2685,2686,0.00204594,0.0100274,-0.02592,0.027867204,4.18919e-17,1.92297e-15,4.09611e-16,1.9665579e-15,0.00204594,0.0100274,-0.02592,0.027867204
2686,2687,0.00315515,0.0133578,-0.022886,0.026686229,1.56655e-15,1.24212e-15,7.59614e-17,2.0006776e-15,0.00315515,0.0133578,-0.022886,0.026686229
2687,2688,0.00577618,0.0123444,0.00360858,0.014098593,-8.59695e-16,7.17162e-16,6.99692e-16,1.3202142e-15,0.00577618,0.0123444,0.00360858,0.014098593
2688,2689,0.00364692,0.0128654,-0.0042185,0.014021922,-1.28106e-16,1.50507e-15,-2.12746e-16,1.5254205e-15,0.00364692,0.0128654,-0.0042185,0.014021922
2689,2690,0.00562007,0.0131462,0.000397336,0.014302644,1.17607e-15,-8.26182e-17,1.99408e-15,2.3165322e-15,0.00562007,0.0131462,0.000397336,0.014302644
2690,2691,0.00517875,0.0127086,-0.00304613,0.014057271,6.46243e-16,-1.76611e-17,1.17567e-15,1.3416936e-15,0.00517875,0.0127086,-0.00304613,0.014057271
2691,2692,0.00398029,0.0134887,-0.0132278,0.019307056,2.10512e-16,1.08732e-15,-6.09917e-17,1.1091889e-15,0.00398029,0.0134887,-0.0132278,0.019307056
2692,2693,0.00356276,0.0132004,-0.0170638,0.02186589,2.81654e-16,-4.03128e-17,-1.30135e-15,1.3320908e-15,0.00356276,0.0132004,-0.0170638,0.02186589
2693,2694,0.00355191,0.0142449,-0.0205123,0.025224743,4.31926e-16,1.26787e-15,-2.24198e-15,2.6116143e-15,0.00355191,0.0142449,-0.0205123,0.025224743
2694,2695,0.00996671,-0.00690378,0.0236981,0.026619494,1.97765e-16,1.2841e-15,-8.61092e-16,1.5586864e-15,0.00996671,-0.00690378,0.0236981,0.026619494
2695,2696,0.00966488,-0.00731317,0.0224293,0.025494428,2.2764e-16,-5.74316e-16,1.57055e-15,1.6876867e-15,0.00966488,-0.00731317,0.0224293,0.025494428
2696,2697,0.00878492,-0.00865753,0.0230715,0.026161455,-6.61372e-16,2.04575e-15,2.56977e-15,3.3505557e-15,0.00878492,-0.00865753,0.0230715,0.026161455
2697,2698,0.0113693,-0.0046614,0.0207562,0.024120726,1.11184e-15,5.53562e-16,8.43355e-16,1.5012884e-15,0.0113693,-0.0046614,0.0207562,0.024120726
2698,2699,0.0110108,-0.00488094,0.0223437,0.02538311,1.47447e-15,1.19838e-15,-3.82764e-15,4.2732893e-15,0.0110108,-0.00488094,0.0223437,0.02538311
2699,2700,0.0119007,-0.00308591,0.0241994,0.027143333,6.9999e-16,5.35989e-16,1.66068e-15,1.8801935e-15,0.0119007,-0.00308591,0.0241994,0.027143333
2700,2701,0.0120422,-0.00263434,0.022348,0.025522292,1.22537e-15,-2.26249e-16,2.25369e-15,2.5752358e-15,0.0120422,-0.00263434,0.022348,0.025522292
2701,2702,0.0124649,-0.00249303,0.0209103,0.024470994,3.45328e-16,-5.10166e-16,-1.12328e-15,1.281124e-15,0.0124649,-0.00249303,0.0209103,0.024470994
2702,2703,0.0125943,-0.00041903,0.0237587,0.026893638,-7.52783e-17,-1.23157e-16,4.07261e-15,4.075167e-15,0.0125943,-0.00041903,0.0237587,0.026893638
2703,2704,0.0127805,-0.000320682,0.022422,0.02581066,9.61345e-16,-2.93691e-16,3.63602e-15,3.7724103e-15,0.0127805,-0.000320682,0.022422,0.02581066
2704,2705,0.0131367,-0.000223659,0.0212959,0.025022754,4.60083e-16,6.93386e-16,5.54479e-15,5.6068846e-15,0.0131367,-0.000223659,0.0212959,0.025022754
2705,2706,0.00603797,-0.0113546,0.0164557,0.020884782,8.81209e-16,6.93526e-16,1.89098e-16,1.1372184e-15,0.00603797,-0.0113546,0.0164557,0.020884782
2706,2707,0.0060668,-0.0115447,0.0152828,0.020091048,-1.39769e-16,4.80522e-16,5.5918e-16,7.504126e-16,0.0060668,-0.0115447,0.0152828,0.020091048
2707,2708,0.00579939,-0.0112053,0.0133267,0.01835191,-1.35408e-15,5.46362e-16,2.45029e-15,2.8523612e-15,0.00579939,-0.0112053,0.0133267,0.01835191
2708,2709,0.005731,-0.0113291,0.0111463,0.016894758,1.21492e-16,-1.57762e-15,1.19704e-15,1.984074e-15,0.005731,-0.0113291,0.0111463,0.016894758
2709,2710,0.00760698,-0.0101942,0.0207598,0.024346605,-1.20085e-17,-2.90236e-16,-2.90412e-15,2.9186117e-15,0.00760698,-0.0101942,0.0207598,0.024346605
2710,2711,0.00793229,-0.0102047,0.0201342,0.023925783,-5.50421e-16,-1.01434e-15,5.64496e-15,5.7617205e-15,0.00793229,-0.0102047,0.0201342,0.023925783
2711,2712,0.00749282,-0.0103217,0.0187521,0.022678649,-1.41376e-15,5.15145e-16,6.65002e-15,6.8181273e-15,0.00749282,-0.0103217,0.0187521,0.022678649
2712,2713,0.00717366,-0.0104295,0.0175794,0.021662667,8.2464e-16,1.11356e-15,2.6907e-15,3.0265347e-15,0.00717366,-0.0104295,0.0175794,0.021662667
2713,2714,0.00795399,-0.0107216,0.0167709,0.021435525,-1.29127e-15,5.49535e-16,2.67013e-15,3.0164484e-15,0.00795399,-0.0107216,0.0167709,0.021435525
2714,2715,0.0075721,-0.0103026,0.0143011,0.019183371,-8.29929e-16,1.75535e-15,-2.44851e-15,3.124938e-15,0.0075721,-0.0103026,0.0143011,0.019183371
2715,2716,0.00854229,-0.00853066,0.0213992,0.024569668,1.52346e-15,-4.16125e-16,5.94649e-16,1.6875124e-15,0.00854229,-0.00853066,0.0213992,0.024569668
2716,2717,0.00862169,-0.00884997,0.020704,0.024110394,6.15903e-16,-6.72505e-16,2.65552e-15,2.807737e-15,0.00862169,-0.00884997,0.020704,0.024110394
2717,2718,0.00992639,-0.00851839,0.0199625,0.023866244,-1.41425e-15,-2.05042e-15,5.90791e-15,6.4115308e-15,0.00992639,-0.00851839,0.0199625,0.023866244
2718,2719,0.00946131,-0.0090337,0.0190596,0.023116931,-6.18593e-16,-1.394e-15,7.89905e-15,8.044929e-15,0.00946131,-0.0090337,0.0190596,0.023116931
2719,2720,0.00917878,-0.00893574,0.0179441,0.022047408,7.52939e-16,-3.40305e-16,2.48221e-15,2.6161214e-15,0.00917878,-0.00893574,0.0179441,0.022047408
2720,2721,0.0100998,-0.00663657,0.0207735,0.024033068,1.1408e-15,-6.65879e-16,1.95713e-15,2.3611812e-15,0.0100998,-0.00663657,0.0207735,0.024033068
2721,2722,0.0105463,-0.00650642,0.019525,0.023125388,5.66774e-17,2.39856e-16,-8.14468e-16,8.509415e-16,0.0105463,-0.00650642,0.019525,0.023125388
2722,2723,0.0113317,-0.00632444,0.0186818,0.022746772,4.27919e-16,-6.45153e-16,-1.63184e-15,1.8061669e-15,0.0113317,-0.00632444,0.0186818,0.022746772
2723,2724,0.0114316,-0.00407375,0.0180115,0.021718448,-5.11766e-16,-1.03768e-15,-1.49239e-16,1.1666005e-15,0.0114316,-0.00407375,0.0180115,0.021718448
2724,2725,0.0112597,-0.00443847,0.0191455,0.022650188,3.61342e-16,1.46761e-15,1.86989e-15,2.4043577e-15,0.0112597,-0.00443847,0.0191455,0.022650188
2725,2726,0.0128302,-0.00235274,0.0201145,0.023973789,1.66488e-15,-2.6321e-16,-2.85629e-15,3.316549e-15,0.0128302,-0.00235274,0.0201145,0.023973789
2726,2727,0.0135247,-0.000160649,0.0209466,0.024933979,1.66161e-15,1.94779e-15,2.89805e-15,3.866979e-15,0.0135247,-0.000160649,0.0209466,0.024933979
2727,2728,0.00972902,-0.00915229,0.0165341,0.021255463,-1.1442e-15,2.14153e-16,-3.08268e-16,1.2041944e-15,0.00972902,-0.00915229,0.0165341,0.021255463
2728,2729,0.00925364,-0.00916579,0.0147384,0.019668806,-8.86025e-16,3.29864e-15,-3.35496e-16,3.432e-15,0.00925364,-0.00916579,0.0147384,0.019668806
2729,2730,0.00762164,-0.0104309,0.0122328,0.017791416,-4.55849e-16,-6.014e-16,-1.03961e-15,1.2846281e-15,0.00762164,-0.0104309,0.0122328,0.017791416
2730,2731,0.00918087,-0.00926006,0.0129799,0.018398775,7.73159e-16,1.52824e-16,-1.15143e-15,1.3953212e-15,0.00918087,-0.00926006,0.0129799,0.018398775
2731,2732,0.0108305,-0.00749411,0.0190628,0.023170063,1.15141e-17,-3.61834e-15,8.88337e-15,9.592016e-15,0.0108305,-0.00749411,0.0190628,0.023170063
2732,2733,0.010717,-0.00758104,0.0180788,0.022342097,-1.68645e-16,1.25783e-15,6.46558e-15,6.588953e-15,0.010717,-0.00758104,0.0180788,0.022342097
2733,2734,0.0102201,-0.00702114,0.0165932,0.020714272,-5.59372e-16,-1.3132e-16,3.11397e-15,3.1665363e-15,0.0102201,-0.00702114,0.0165932,0.020714272
2734,2735,0.010943,-0.00801899,0.0150315,0.020248443,1.8479e-15,1.28243e-15,-1.54912e-15,2.7311415e-15,0.010943,-0.00801899,0.0150315,0.020248443
2735,2736,0.0109402,-0.0073345,0.0155233,0.020358184,-3.03946e-16,7.36624e-16,-2.90257e-15,3.0099684e-15,0.0109402,-0.0073345,0.0155233,0.020358184
2736,2737,0.0106223,-0.00818298,0.0136525,0.019135965,6.14503e-16,-9.98815e-18,-1.58773e-15,1.7025275e-15,0.0106223,-0.00818298,0.0136525,0.019135965
2737,2738,0.01225,-0.00603469,0.0186137,0.023085706,3.97222e-16,-9.87847e-16,-1.83095e-15,2.118019e-15,0.01225,-0.00603469,0.0186137,0.023085706
2738,2739,0.0118953,-0.00613999,0.0189276,0.023183003,9.31231e-16,-1.43292e-15,5.31713e-16,1.7897402e-15,0.0118953,-0.00613999,0.0189276,0.023183003
2739,2740,0.0120228,-0.00575233,0.0177906,0.022229316,-7.8778e-16,-4.54467e-16,3.23163e-15,3.3571668e-15,0.0120228,-0.00575233,0.0177906,0.022229316
2740,2741,0.012113,-0.00558343,0.0167386,0.021402808,3.95582e-16,1.56568e-15,2.86509e-15,3.288857e-15,0.012113,-0.00558343,0.0167386,0.021402808
2741,2742,0.0121085,-0.00407498,0.017465,0.021639025,2.13834e-16,-1.56163e-15,2.214e-15,2.7177582e-15,0.0121085,-0.00407498,0.017465,0.021639025
2742,2743,0.0126889,-0.0041662,0.0176621,0.022143062,-7.57364e-16,-1.84627e-15,3.59964e-15,4.1157894e-15,0.0126889,-0.0041662,0.0176621,0.022143062
2743,2744,0.0128594,-0.0039938,0.0174687,0.022056067,-4.74801e-16,-9.40453e-16,4.09734e-15,4.2306128e-15,0.0128594,-0.0039938,0.0174687,0.022056067
2744,2745,0.0131122,-0.00407536,0.017454,0.022207666,3.20742e-16,-4.77873e-16,-7.10548e-16,9.143941e-16,0.0131122,-0.00407536,0.017454,0.022207666
2745,2746,0.0124243,-0.0021771,0.0191611,0.022940155,9.05144e-16,-1.39771e-15,-2.65939e-15,3.1377116e-15,0.0124243,-0.0021771,0.0191611,0.022940155
2746,2747,0.0131191,-0.00212597,0.0188344,0.023051359,3.8326e-16,-1.91112e-15,2.66643e-15,3.3028953e-15,0.0131191,-0.00212597,0.0188344,0.023051359
2747,2748,0.0137444,-0.00207767,0.0188533,0.023423752,-6.79182e-16,-1.18787e-15,4.99158e-15,5.1757313e-15,0.0137444,-0.00207767,0.0188533,0.023423752
2748,2749,0.0138193,-0.00217325,0.0182099,0.022962939,-6.3602e-16,-1.81443e-15,1.63204e-15,2.52195e-15,0.0138193,-0.00217325,0.0182099,0.022962939
2749,2750,0.0130714,-0.000179521,0.0201717,0.024037289,-3.00575e-16,-1.8706e-15,-2.62934e-16,1.912753e-15,0.0130714,-0.000179521,0.0201717,0.024037289
2750,2751,0.0135682,-0.00024444,0.019447,0.023713743,6.98395e-16,-2.17138e-16,3.49451e-17,7.3220604e-16,0.0135682,-0.00024444,0.019447,0.023713743
2751,2752,0.0138114,0.000112465,0.0187909,0.02332092,-1.07441e-15,9.69476e-16,8.26884e-16,1.6667267e-15,0.0138114,0.000112465,0.0187909,0.02332092
2752,2753,0.0141268,-0.000290045,0.0180563,0.022927724,1.16704e-16,-3.43308e-16,8.47845e-16,9.221288e-16,0.0141268,-0.000290045,0.0180563,0.022927724
2753,2754,0.0119035,-0.00675912,0.0152008,0.020455888,-8.40944e-16,-1.36743e-15,9.81122e-16,1.8813961e-15,0.0119035,-0.00675912,0.0152008,0.020455888
2754,2755,0.0119243,-0.00676368,0.0143451,0.019842334,1.41489e-15,3.939e-16,-1.63583e-16,1.4777788e-15,0.0119243,-0.00676368,0.0143451,0.019842334
2755,2756,0.011498,-0.00675037,0.0127846,0.018472074,7.5014e-16,4.18419e-16,-4.07778e-15,4.1672623e-15,0.011498,-0.00675037,0.0127846,0.018472074
2756,2757,0.0126589,-0.00526351,0.014207,0.019743128,2.39181e-16,2.76701e-16,3.59908e-15,3.6176163e-15,0.0126589,-0.00526351,0.014207,0.019743128
2757,2758,0.0128003,-0.00557268,0.0156699,0.020986859,1.542e-16,7.06215e-16,3.29699e-17,7.23605e-16,0.0128003,-0.00557268,0.0156699,0.020986859
2758,2759,0.0128604,-0.00534353,0.0129338,0.019005956,-2.35691e-16,1.00866e-15,3.79167e-15,3.9306115e-15,0.0128604,-0.00534353,0.0129338,0.019005956
2759,2760,0.0135594,-0.0040337,0.0167363,0.021914192,1.40544e-15,8.87845e-16,1.64385e-16,1.6704947e-15,0.0135594,-0.0040337,0.0167363,0.021914192
2760,2761,0.0132768,-0.00377742,0.0155228,0.020772569,-3.51807e-16,7.93196e-16,5.58864e-16,1.0321129e-15,0.0132768,-0.00377742,0.0155228,0.020772569
2761,2762,0.0132639,-0.00360271,0.0134568,0.019235281,3.57428e-16,3.90149e-16,-1.39777e-15,1.4945675e-15,0.0132639,-0.00360271,0.0134568,0.019235281
2762,2763,0.013949,-0.00369537,0.0126974,0.019221194,6.1244e-16,2.91416e-16,1.12744e-15,1.315723e-15,0.013949,-0.00369537,0.0126974,0.019221194
2763,2764,0.0142118,-0.00218541,0.0177606,0.022851482,6.78664e-16,-3.77282e-16,1.16917e-15,1.4035259e-15,0.0142118,-0.00218541,0.0177606,0.022851482
2764,2765,0.0142513,-0.00204075,0.0164981,0.02189638,7.94278e-16,1.58284e-15,1.04698e-15,2.0572863e-15,0.0142513,-0.00204075,0.0164981,0.02189638
2765,2766,0.0135067,-0.0020261,0.0146419,0.020023018,4.74288e-16,7.00113e-16,-1.80227e-15,1.9907997e-15,0.0135067,-0.0020261,0.0146419,0.020023018
2766,2767,0.013803,-0.00208503,0.0139856,0.019760242,5.55494e-17,-5.37113e-16,-1.94085e-15,2.0145658e-15,0.013803,-0.00208503,0.0139856,0.019760242
2767,2768,0.0144153,-0.00208771,0.0130501,0.0195567,-7.7103e-16,3.13884e-17,-4.50193e-15,4.5675866e-15,0.0144153,-0.00208771,0.0130501,0.0195567
2768,2769,0.014427,-0.000222124,0.0174875,0.022671575,5.73601e-16,3.05148e-16,2.52203e-16,6.969504e-16,0.014427,-0.000222124,0.0174875,0.022671575
2769,2770,0.014182,-4.40775e-05,0.0166495,0.021870915,-5.80244e-16,1.19445e-16,2.48201e-16,6.423036e-16,0.014182,-4.40775e-05,0.0166495,0.021870915
2770,2771,0.0140787,-0.000329264,0.0155898,0.021008572,7.14779e-16,7.44287e-16,-1.68382e-15,1.9748726e-15,0.0140787,-0.000329264,0.0155898,0.021008572
2771,2772,0.0143724,-0.000171938,0.0141668,0.020181518,3.97062e-16,2.38513e-16,-8.73087e-16,9.883459e-16,0.0143724,-0.000171938,0.0141668,0.020181518
2772,2773,0.0147382,-0.000144604,0.013103,0.019721158,8.47426e-16,1.42853e-15,-1.22404e-15,2.0632746e-15,0.0147382,-0.000144604,0.013103,0.019721158
2773,2774,0.0147898,-0.000147891,0.0121577,0.01914601,2.06736e-15,-4.2613e-17,-1.09572e-15,2.3401701e-15,0.0147898,-0.000147891,0.0121577,0.01914601
2774,2775,0.00547488,-0.0114681,0.00936902,0.015788293,6.20702e-16,-6.23762e-17,8.06368e-16,1.0195054e-15,0.00547488,-0.0114681,0.00936902,0.015788293
2775,2776,0.00527597,-0.0117999,0.00721237,0.014801749,-5.01865e-17,-6.17309e-16,-2.94449e-15,3.0089217e-15,0.00527597,-0.0117999,0.00721237,0.014801749
2776,2777,0.00544174,-0.0118532,0.00539363,0.014113899,8.27643e-16,-2.10036e-15,-2.76578e-15,3.5701604e-15,0.00544174,-0.0118532,0.00539363,0.014113899
2777,2778,0.00541484,-0.0121977,0.00265139,0.013606405,-4.88793e-16,-1.62855e-15,-3.5604e-15,3.9455722e-15,0.00541484,-0.0121977,0.00265139,0.013606405
2778,2779,0.00505193,-0.0123479,-0.000173912,0.013342521,-1.30443e-15,-1.83672e-15,-2.53476e-15,3.3911777e-15,0.00505193,-0.0123479,-0.000173912,0.013342521
2779,2780,0.00447902,-0.0121754,-0.00306379,0.013329996,-6.33145e-16,-8.8912e-16,-2.32377e-16,1.1159777e-15,0.00447902,-0.0121754,-0.00306379,0.013329996
2780,2781,0.00407397,-0.0125288,-0.00549584,0.014274885,4.52042e-16,-9.33768e-16,-7.64744e-16,1.2888359e-15,0.00407397,-0.0125288,-0.00549584,0.014274885
2781,2782,0.00393022,-0.0126359,-0.00708096,0.015008417,5.62637e-16,-1.96484e-15,1.66712e-15,2.6375075e-15,0.00393022,-0.0126359,-0.00708096,0.015008417
2782,2783,0.00744682,-0.0102668,0.00966708,0.015947249,4.87853e-16,-6.4153e-16,-3.56894e-15,3.6588105e-15,0.00744682,-0.0102668,0.00966708,0.015947249
2783,2784,0.00734458,-0.0106614,0.00803884,0.015239135,1.06994e-15,-2.97295e-16,3.65358e-15,3.818613e-15,0.00734458,-0.0106614,0.00803884,0.015239135
2784,2785,0.00712951,-0.0104606,0.0057521,0.013904702,1.93917e-15,-3.9348e-17,2.55255e-15,3.2058448e-15,0.00712951,-0.0104606,0.0057521,0.013904702
2785,2786,0.0071984,-0.010791,0.00401882,0.013579895,8.95888e-16,-9.2419e-16,1.79416e-15,2.2081107e-15,0.0071984,-0.010791,0.00401882,0.013579895
2786,2787,0.00690001,-0.010775,0.00141277,0.012872711,-4.64668e-16,-4.75414e-16,2.25986e-15,2.3556107e-15,0.00690001,-0.010775,0.00141277,0.012872711
2787,2788,0.00663015,-0.0110514,-0.000847432,0.012915513,5.37243e-16,3.39854e-16,3.45138e-15,3.509438e-15,0.00663015,-0.0110514,-0.000847432,0.012915513
2788,2789,0.00623309,-0.0113163,-0.00368531,0.013434716,2.7268e-16,-1.75856e-15,5.66235e-16,1.8674876e-15,0.00623309,-0.0113163,-0.00368531,0.013434716
2789,2790,0.00603398,-0.0114171,-0.00515348,0.013903865,1.09925e-15,-1.22775e-15,-3.55957e-16,1.6859496e-15,0.00603398,-0.0114171,-0.00515348,0.013903865
2790,2791,0.00911338,-0.00940455,0.0111483,0.017198367,1.76946e-15,-1.14661e-15,-1.98833e-15,2.8981304e-15,0.00911338,-0.00940455,0.0111483,0.017198367
2791,2792,0.00909838,-0.00974733,0.00915875,0.01617633,-1.31784e-15,-9.90493e-16,-8.94309e-16,1.875518e-15,0.00909838,-0.00974733,0.00915875,0.01617633
2792,2793,0.00888199,-0.00966381,0.00682123,0.014792165,1.69002e-15,-1.01989e-16,-2.10721e-15,2.7031284e-15,0.00888199,-0.00966381,0.00682123,0.014792165
2793,2794,0.00888002,-0.00987548,0.00480553,0.01412349,-4.32706e-16,-1.37762e-15,-3.25422e-16,1.4801928e-15,0.00888002,-0.00987548,0.00480553,0.01412349
2794,2795,0.00843169,-0.00954445,0.00323987,0.01314103,-4.96846e-16,-7.07954e-16,1.7806e-15,1.9795433e-15,0.00843169,-0.00954445,0.00323987,0.01314103
2795,2796,0.00851885,-0.0102275,0.000927633,0.013342904,3.84548e-16,4.5701e-16,-3.71341e-16,7.0329897e-16,0.00851885,-0.0102275,0.000927633,0.013342904
2796,2797,0.00812625,-0.0104344,-0.00123276,0.013282783,2.17837e-16,-7.18484e-16,-4.7614e-16,8.89034e-16,0.00812625,-0.0104344,-0.00123276,0.013282783
2797,2798,0.0105623,-0.00831029,0.0122566,0.018189209,1.46552e-15,-8.65396e-16,-1.56524e-15,2.3122792e-15,0.0105623,-0.00831029,0.0122566,0.018189209
2798,2799,0.0107694,-0.00857844,0.0103878,0.017247492,2.89065e-16,-1.04294e-15,-1.20388e-15,1.6188297e-15,0.0107694,-0.00857844,0.0103878,0.017247492
2799,2800,0.0106084,-0.00855663,0.00810923,0.015859183,4.16766e-16,7.3087e-16,-1.68959e-15,1.8874795e-15,0.0106084,-0.00855663,0.00810923,0.015859183
2800,2801,0.010831,-0.00880447,0.00612582,0.015243193,1.07266e-15,-5.26963e-16,1.12967e-16,1.2004379e-15,0.010831,-0.00880447,0.00612582,0.015243193
2801,2802,0.0103409,-0.00864804,0.00419907,0.014119313,3.99958e-16,-7.74674e-16,1.00834e-15,1.3329801e-15,0.0103409,-0.00864804,0.00419907,0.014119313
2802,2803,0.0103599,-0.00917038,0.00206308,0.013988556,6.13178e-18,1.04122e-16,2.20221e-15,2.2046787e-15,0.0103599,-0.00917038,0.00206308,0.013988556
2803,2804,0.0101124,-0.00950434,-4.03643e-05,0.013877851,4.27073e-17,-8.22206e-16,1.19667e-16,8.319656e-16,0.0101124,-0.00950434,-4.03643e-05,0.013877851
2804,2805,0.00761539,-0.0103308,-0.00309425,0.013202044,3.80974e-16,-2.00423e-16,-1.61935e-15,1.6755909e-15,0.00761539,-0.0103308,-0.00309425,0.013202044
2805,2806,0.00975152,-0.00946141,-0.00204225,0.0137397675,-3.98426e-16,-9.34906e-16,1.0204e-15,1.4401419e-15,0.00975152,-0.00946141,-0.00204225,0.0137397675
2806,2807,0.0117922,-0.00679668,0.0118437,0.018042285,1.89646e-15,1.01669e-15,7.41125e-16,2.2758484e-15,0.0117922,-0.00679668,0.0118437,0.018042285
2807,2808,0.0120872,-0.00682594,0.00997552,0.017094001,1.25456e-15,1.22975e-16,-7.81006e-16,1.4829073e-15,0.0120872,-0.00682594,0.00997552,0.017094001
2808,2809,0.0116352,-0.00683743,0.00808204,0.01573047,-7.70566e-16,-5.55489e-16,3.98952e-15,4.1010498e-15,0.0116352,-0.00683743,0.00808204,0.01573047
2809,2810,0.0116179,-0.00687286,0.0063324,0.0149101,-4.88629e-17,5.17505e-16,2.86838e-15,2.9150993e-15,0.0116179,-0.00687286,0.0063324,0.0149101
2810,2811,0.0111753,-0.0070805,0.00460696,0.014008744,-2.88159e-16,-4.44598e-16,-1.47173e-15,1.5641905e-15,0.0111753,-0.0070805,0.00460696,0.014008744
2811,2812,0.0114772,-0.00757193,0.00273988,0.014020243,2.59245e-16,-5.66645e-16,9.55546e-16,1.1407729e-15,0.0114772,-0.00757193,0.00273988,0.014020243
2812,2813,0.0112142,-0.0078135,0.000810378,0.013691815,1.36031e-15,-6.67417e-16,-4.88419e-16,1.5919931e-15,0.0112142,-0.0078135,0.000810378,0.013691815
2813,2814,0.0106679,-0.00752702,-0.00112632,0.01310453,-6.9438e-16,1.68061e-16,-2.92822e-15,3.0141136e-15,0.0106679,-0.00752702,-0.00112632,0.01310453
2814,2815,0.0124895,-0.00500167,0.0112214,0.01751925,7.50198e-16,-2.15979e-16,-2.71271e-16,8.2645746e-16,0.0124895,-0.00500167,0.0112214,0.01751925
2815,2816,0.0129566,-0.00510218,0.00991279,0.017092954,2.79495e-15,8.83234e-17,1.23476e-15,3.056825e-15,0.0129566,-0.00510218,0.00991279,0.017092954
2816,2817,0.0130512,-0.00575616,0.00857502,0.016643262,-1.92946e-15,1.28909e-15,1.13938e-15,2.5851026e-15,0.0130512,-0.00575616,0.00857502,0.016643262
2817,2818,0.0126761,-0.0059287,0.00674246,0.0155336335,1.45273e-15,-6.00993e-16,-1.08665e-15,1.9111319e-15,0.0126761,-0.0059287,0.00674246,0.0155336335
2818,2819,0.0124401,-0.00614891,0.00494976,0.014733137,1.07438e-16,-8.37045e-16,3.63148e-16,9.187294e-16,0.0124401,-0.00614891,0.00494976,0.014733137
2819,2820,0.0142067,-0.00360689,0.0118008,0.018817514,5.30431e-16,4.72825e-16,-9.2967e-17,7.1663334e-16,0.0142067,-0.00360689,0.0118008,0.018817514
2820,2821,0.0138386,-0.0035302,0.010737,0.017867634,1.24152e-16,-7.31278e-16,-4.25375e-16,8.5505853e-16,0.0138386,-0.0035302,0.010737,0.017867634
2821,2822,0.0145823,-0.0020453,0.0122253,0.019138565,3.85876e-16,-6.96188e-17,-2.72836e-15,2.7563917e-15,0.0145823,-0.0020453,0.0122253,0.019138565
2822,2823,0.0123558,-0.00628741,0.00351198,0.014301444,4.05725e-17,8.60523e-16,1.51776e-15,1.7452053e-15,0.0123558,-0.00628741,0.00351198,0.014301444
2823,2824,0.012203,-0.00639966,0.00146747,0.013857212,9.31727e-16,-7.70301e-16,1.51116e-15,1.9352219e-15,0.012203,-0.00639966,0.00146747,0.013857212
2824,2825,0.0121652,-0.00666905,0.000147501,0.013874079,4.88944e-16,-1.42261e-15,-1.29381e-15,1.9841446e-15,0.0121652,-0.00666905,0.000147501,0.013874079
2825,2826,0.0135731,-0.0044395,0.00943631,0.017116722,8.02933e-17,-1.18635e-17,2.27518e-15,2.2766272e-15,0.0135731,-0.0044395,0.00943631,0.017116722
2826,2827,0.0137154,-0.00463828,0.00854833,0.016813679,-3.09036e-16,1.7203e-15,3.30913e-16,1.778887e-15,0.0137154,-0.00463828,0.00854833,0.016813679
2827,2828,0.0135265,-0.00491583,0.00705423,0.016027905,6.02339e-16,-4.25116e-16,-1.02169e-15,1.2599151e-15,0.0135265,-0.00491583,0.00705423,0.016027905
2828,2829,0.0136837,-0.00508816,0.00547252,0.01559107,1.1843e-15,-4.93181e-16,1.86568e-15,2.26419e-15,0.0136837,-0.00508816,0.00547252,0.01559107
2829,2830,0.013149,-0.00493805,0.00379502,0.01454932,7.96914e-16,1.21066e-15,1.48686e-15,2.0764206e-15,0.013149,-0.00493805,0.00379502,0.01454932
2830,2831,0.0131809,-0.00510719,0.00217138,0.014301552,1.93081e-15,-1.3075e-15,3.14814e-15,3.9176993e-15,0.0131809,-0.00510719,0.00217138,0.014301552
2831,2832,0.013746,-0.00544212,0.000953874,0.014814826,-1.06725e-16,-4.52006e-16,1.38678e-15,1.4624837e-15,0.013746,-0.00544212,0.000953874,0.014814826
2832,2833,0.0138493,-0.00324887,0.00834969,0.016494714,2.18256e-15,3.41032e-16,2.84168e-16,2.2272454e-15,0.0138493,-0.00324887,0.00834969,0.016494714
2833,2834,0.014116,-0.00341517,0.00968048,0.01745384,1.54301e-15,-5.8434e-16,2.68269e-15,3.1494695e-15,0.014116,-0.00341517,0.00968048,0.01745384
2834,2835,0.0139874,-0.00361619,0.00682954,0.015980199,1.11649e-15,2.03403e-17,2.64074e-15,2.8671364e-15,0.0139874,-0.00361619,0.00682954,0.015980199
2835,2836,0.0140756,-0.00355143,0.00528611,0.015449211,2.45877e-16,-3.75503e-16,8.89641e-16,9.964533e-16,0.0140756,-0.00355143,0.00528611,0.015449211
2836,2837,0.0135537,-0.00332616,0.00372225,0.014443728,-2.61618e-16,-8.72425e-16,2.56172e-15,2.7188195e-15,0.0135537,-0.00332616,0.00372225,0.014443728
2837,2838,0.0134831,-0.00351375,0.00277258,0.014206605,1.9187e-15,1.42072e-15,2.96262e-17,2.3876207e-15,0.0134831,-0.00351375,0.00277258,0.014206605
2838,2839,0.0141996,-0.0019347,0.0113927,0.01830752,-2.98739e-16,-1.16713e-15,1.45156e-15,1.8863892e-15,0.0141996,-0.0019347,0.0113927,0.01830752
2839,2840,0.0142079,-0.00171168,0.0100543,0.017489517,1.03325e-15,2.29007e-16,1.46971e-15,1.8111038e-15,0.0142079,-0.00171168,0.0100543,0.017489517
2840,2841,0.0145163,-0.00198161,0.00904965,0.017220508,7.06135e-16,5.37326e-16,8.15324e-16,1.2050308e-15,0.0145163,-0.00198161,0.00904965,0.017220508
2841,2842,0.0151398,-0.00223767,0.00742514,0.01701039,3.65618e-16,4.35231e-17,-1.30788e-15,1.3587203e-15,0.0151398,-0.00223767,0.00742514,0.01701039
2842,2843,0.0152262,-0.00229501,0.00578178,0.016447894,-3.00644e-16,1.30765e-16,-2.77999e-15,2.7992554e-15,0.0152262,-0.00229501,0.00578178,0.016447894
2843,2844,0.0145781,-0.00222214,0.00420235,0.015333579,-7.62234e-17,5.69338e-16,6.21546e-16,8.463304e-16,0.0145781,-0.00222214,0.00420235,0.015333579
2844,2845,0.0144033,-0.00230831,0.00274817,0.014843713,1.4971e-15,8.08837e-17,-3.94507e-15,4.2203586e-15,0.0144033,-0.00230831,0.00274817,0.014843713
2845,2846,0.0144926,-0.00379924,0.00148577,0.015055803,5.54804e-16,1.147e-15,-5.09989e-17,1.2751539e-15,0.0144926,-0.00379924,0.00148577,0.015055803
2846,2847,0.0142783,-0.000278816,0.0110856,0.018078664,1.68548e-15,3.37967e-16,-6.35146e-16,1.8326142e-15,0.0142783,-0.000278816,0.0110856,0.018078664
2847,2848,0.014071,-0.000209265,0.0102326,0.01739951,1.1754e-15,5.71245e-16,3.32778e-16,1.3485649e-15,0.014071,-0.000209265,0.0102326,0.01739951
2848,2849,0.0147763,-0.000417302,0.00940889,0.017522568,1.12728e-16,-2.0141e-16,6.74818e-16,7.131991e-16,0.0147763,-0.000417302,0.00940889,0.017522568
2849,2850,0.0154463,-0.000676325,0.00769903,0.01727196,5.06643e-17,-7.51621e-16,-1.49791e-15,1.6766739e-15,0.0154463,-0.000676325,0.00769903,0.01727196
2850,2851,0.0150325,-0.000820957,0.00599477,0.016204545,-3.73322e-16,-6.34864e-16,2.43953e-16,7.758445e-16,0.0150325,-0.000820957,0.00599477,0.016204545
2851,2852,0.0150453,-0.000921794,0.00479718,0.01581846,5.66366e-16,3.60448e-16,2.39018e-15,2.4826707e-15,0.0150453,-0.000921794,0.00479718,0.01581846
2852,2853,0.0156404,-0.00116533,0.00338355,0.01604458,6.84004e-16,-3.19646e-16,-1.96251e-15,2.1027316e-15,0.0156404,-0.00116533,0.00338355,0.01604458
2853,2854,0.0140729,-0.00230883,0.00174869,0.01436785,-3.62583e-16,-6.5417e-16,1.73967e-15,1.8936358e-15,0.0140729,-0.00230883,0.00174869,0.01436785
2854,2855,0.00356314,-0.0129607,-0.00923281,0.016307069,4.09093e-17,-1.74542e-15,-2.51467e-15,3.061328e-15,0.00356314,-0.0129607,-0.00923281,0.016307069
2855,2856,0.00334776,-0.0127267,-0.0108933,0.017083336,-1.35855e-15,-4.09395e-16,2.61645e-15,2.9764196e-15,0.00334776,-0.0127267,-0.0108933,0.017083336
2856,2857,0.00304356,-0.0128258,-0.0121364,0.017918052,-2.98947e-16,-8.18212e-16,-4.19445e-16,9.668373e-16,0.00304356,-0.0128258,-0.0121364,0.017918052
2857,2858,0.00334434,-0.0127975,-0.0123808,0.018117528,-1.00877e-15,-1.89244e-15,-1.36297e-15,2.5409904e-15,0.00334434,-0.0127975,-0.0123808,0.018117528
2858,2859,0.00295876,-0.0126811,-0.0135893,0.018821096,3.68751e-16,-1.27116e-15,-2.95501e-15,3.2378866e-15,0.00295876,-0.0126811,-0.0135893,0.018821096
2859,2860,0.00263088,-0.0127689,-0.0150257,0.019893164,8.92463e-16,6.47593e-16,-2.32169e-15,2.5702357e-15,0.00263088,-0.0127689,-0.0150257,0.019893164
2860,2861,0.00256921,-0.0128982,-0.0164959,0.021096898,7.22348e-17,-5.91148e-16,-1.60134e-15,1.7084975e-15,0.00256921,-0.0128982,-0.0164959,0.021096898
2861,2862,0.00248481,-0.0127371,-0.0177377,0.021978034,1.77648e-15,-1.27326e-15,-1.01937e-17,2.1856753e-15,0.00248481,-0.0127371,-0.0177377,0.021978034
2862,2863,0.00257226,-0.0128548,-0.0185459,0.022711512,1.32361e-15,1.8973e-16,-5.57832e-15,5.73634e-15,0.00257226,-0.0128548,-0.0185459,0.022711512
2863,2864,0.00233719,-0.013126,-0.019617,0.02371879,1.59379e-15,-5.74359e-16,-4.02856e-15,4.37028e-15,0.00233719,-0.013126,-0.019617,0.02371879
2864,2865,0.00552519,-0.0115115,-0.00713122,0.014625206,-5.39754e-16,-2.75807e-16,2.05257e-15,2.1401981e-15,0.00552519,-0.0115115,-0.00713122,0.014625206
2865,2866,0.00519779,-0.0117824,-0.0087816,0.015587125,3.74266e-16,-4.68332e-16,2.20273e-15,2.2828554e-15,0.00519779,-0.0117824,-0.0087816,0.015587125
2866,2867,0.00483661,-0.012112,-0.0101581,0.016531194,7.92075e-16,5.0729e-16,-1.22114e-15,1.5413984e-15,0.00483661,-0.012112,-0.0101581,0.016531194
2867,2868,0.0071165,-0.0103759,-0.00521244,0.013618862,1.56559e-16,-8.6514e-16,-1.14936e-15,1.4470681e-15,0.0071165,-0.0103759,-0.00521244,0.013618862
2868,2869,0.00693173,-0.0110636,-0.00733586,0.014975545,3.34465e-16,1.1949e-15,2.32534e-15,2.6356896e-15,0.00693173,-0.0110636,-0.00733586,0.014975545
2869,2870,0.00556689,-0.0109664,-0.00949386,0.015536588,-2.63068e-16,-3.53001e-16,-4.29565e-16,6.1509394e-16,0.00556689,-0.0109664,-0.00949386,0.015536588
2870,2871,0.0054041,-0.0110519,-0.010869,0.016415967,1.72266e-15,-7.77401e-16,-4.53331e-15,4.9114977e-15,0.0054041,-0.0110519,-0.010869,0.016415967
2871,2872,0.00532016,-0.0116362,-0.0136155,0.018683873,1.48479e-15,1.71814e-15,-5.63399e-17,2.271515e-15,0.00532016,-0.0116362,-0.0136155,0.018683873
2872,2873,0.00503442,-0.0119014,-0.0156448,0.020291585,3.48031e-16,4.89594e-16,-1.83555e-15,1.9313393e-15,0.00503442,-0.0119014,-0.0156448,0.020291585
2873,2874,0.00478567,-0.0118126,-0.0166141,0.020939639,3.00133e-16,-5.23694e-16,-1.17576e-15,1.3216455e-15,0.00478567,-0.0118126,-0.0166141,0.020939639
2874,2875,0.00510822,-0.0118545,-0.0173296,0.021608751,1.30562e-15,-1.82231e-16,-1.59378e-15,2.0683293e-15,0.00510822,-0.0118545,-0.0173296,0.021608751
2875,2876,0.0048918,-0.0114136,-0.0178978,0.021783737,7.93966e-16,-8.43983e-16,-1.75812e-15,2.1056295e-15,0.0048918,-0.0114136,-0.0178978,0.021783737
2876,2877,0.00934616,-0.00956461,-0.0042868,0.014043117,6.11259e-16,-1.19824e-16,-3.97265e-15,4.021187e-15,0.00934616,-0.00956461,-0.0042868,0.014043117
2877,2878,0.00919047,-0.0100505,-0.0060833,0.014915892,7.80434e-16,8.54147e-16,-1.91282e-15,2.2355143e-15,0.00919047,-0.0100505,-0.0060833,0.014915892
2878,2879,0.00837214,-0.0100143,-0.00795744,0.015287243,6.7553e-16,-6.12724e-16,-3.44513e-15,3.563803e-15,0.00837214,-0.0100143,-0.00795744,0.015287243
2879,2880,0.00803245,-0.0101522,-0.00973036,0.01619467,1.14851e-15,-7.12141e-17,-5.27755e-15,5.4015444e-15,0.00803245,-0.0101522,-0.00973036,0.01619467
2880,2881,0.00764646,-0.0104773,-0.0120185,0.017682943,-7.13621e-16,4.30691e-16,5.45275e-16,9.960294e-16,0.00764646,-0.0104773,-0.0120185,0.017682943
2881,2882,0.00710601,-0.0108547,-0.0142153,0.01924564,9.22455e-16,-4.309e-16,1.75607e-16,1.0331678e-15,0.00710601,-0.0108547,-0.0142153,0.01924564
2882,2883,0.00653569,-0.011091,-0.0155343,0.020175232,4.84997e-16,-1.61219e-16,-2.64046e-15,2.6894687e-15,0.00653569,-0.011091,-0.0155343,0.020175232
2883,2884,0.0103576,-0.00764742,-0.0025217,0.0131195225,1.2046e-15,1.07613e-16,3.24472e-16,1.2521676e-15,0.0103576,-0.00764742,-0.0025217,0.0131195225
2884,2885,0.00983234,-0.0081887,-0.00589707,0.014089186,1.07682e-15,6.01078e-17,-8.87336e-16,1.3966099e-15,0.00983234,-0.0081887,-0.00589707,0.014089186
2885,2886,0.0103902,-0.00812119,-0.00415187,0.013825628,6.92444e-16,4.58068e-16,-8.81016e-16,1.210576e-15,0.0103902,-0.00812119,-0.00415187,0.013825628
2886,2887,0.00958195,-0.00859779,-0.00760814,0.014953914,7.91872e-16,5.46893e-16,-1.33567e-15,1.6462586e-15,0.00958195,-0.00859779,-0.00760814,0.014953914
2887,2888,0.00934179,-0.00897082,-0.00955925,0.016097328,1.8651e-17,-6.2584e-16,-3.56041e-17,6.271293e-16,0.00934179,-0.00897082,-0.00955925,0.016097328
2888,2889,0.00859587,-0.00955273,-0.0120266,0.017600646,-7.28007e-16,8.76056e-17,7.33122e-16,1.036888e-15,0.00859587,-0.00955273,-0.0120266,0.017600646
2889,2890,0.00783405,-0.0106035,-0.0153492,0.020233745,-8.66592e-16,-1.87902e-15,-7.67284e-16,2.2069035e-15,0.00783405,-0.0106035,-0.0153492,0.020233745
2890,2891,0.00736715,-0.0104607,-0.0170222,0.021294516,7.533e-16,-7.13049e-16,-4.84546e-16,1.1448513e-15,0.00736715,-0.0104607,-0.0170222,0.021294516
2891,2892,0.0106319,-0.0075249,-0.00724631,0.014905383,-1.08574e-16,-8.5926e-16,1.48646e-15,1.7203719e-15,0.0106319,-0.0075249,-0.00724631,0.014905383
2892,2893,0.00976265,-0.00851549,-0.0117889,0.017515738,1.91112e-15,-1.31691e-15,-8.24343e-16,2.4629603e-15,0.00976265,-0.00851549,-0.0117889,0.017515738
2893,2894,0.0102329,-0.00812528,-0.00944163,0.016120695,-5.35133e-17,2.21548e-16,1.88198e-15,1.8957309e-15,0.0102329,-0.00812528,-0.00944163,0.016120695
2894,2895,0.0117309,-0.00669248,-0.0012099,0.013559762,1.13225e-15,-1.45643e-15,5.01817e-15,5.346514e-15,0.0117309,-0.00669248,-0.0012099,0.013559762
2895,2896,0.0117991,-0.0070761,-0.0026935,0.014019446,-5.26575e-16,2.04241e-15,2.9688e-15,3.6417707e-15,0.0117991,-0.0070761,-0.0026935,0.014019446
2896,2897,0.0111635,-0.00707605,-0.0042552,0.013885278,1.3606e-15,1.2225e-15,7.94815e-16,1.9943594e-15,0.0111635,-0.00707605,-0.0042552,0.013885278
2897,2898,0.0108878,-0.00743086,-0.00592463,0.014452097,-6.35912e-16,6.50661e-16,-6.95913e-16,1.1454425e-15,0.0108878,-0.00743086,-0.00592463,0.014452097
2898,2899,0.0130553,-0.00551916,-0.000184104,0.014175186,4.79077e-16,-5.733e-16,1.23895e-15,1.4467843e-15,0.0130553,-0.00551916,-0.000184104,0.014175186
2899,2900,0.0132165,-0.00579652,-0.00141086,0.014500554,-7.90998e-16,-4.50468e-16,-4.16566e-15,4.2639567e-15,0.0132165,-0.00579652,-0.00141086,0.014500554
2900,2901,0.0126308,-0.00586415,-0.0027043,0.014185859,2.17119e-15,1.97512e-15,9.80545e-17,2.9367975e-15,0.0126308,-0.00586415,-0.0027043,0.014185859
2901,2902,0.0124422,-0.00615318,-0.00413982,0.014484754,1.04736e-16,-9.56635e-16,-1.18682e-15,1.5279601e-15,0.0124422,-0.00615318,-0.00413982,0.014484754
2902,2903,0.0118524,-0.00615174,-0.005634,0.0144936275,1.35685e-15,-1.27634e-15,8.99363e-16,2.0685597e-15,0.0118524,-0.00615174,-0.005634,0.0144936275
2903,2904,0.0118192,-0.0066551,-0.00709899,0.015309458,-2.67971e-16,-1.78188e-16,1.00706e-15,1.0572272e-15,0.0118192,-0.0066551,-0.00709899,0.015309458
2904,2905,0.0111732,-0.00691914,-0.00865578,0.0157365,5.4026e-16,-4.71903e-16,3.06953e-15,3.1522354e-15,0.0111732,-0.00691914,-0.00865578,0.0157365
2905,2906,0.00914121,-0.00886556,-0.0134269,0.018505175,1.01269e-16,-2.91123e-17,-1.14818e-15,1.1530049e-15,0.00914121,-0.00886556,-0.0134269,0.018505175
2906,2907,0.0108921,-0.00742996,-0.0103506,0.01676237,8.54654e-16,9.76334e-16,-1.14111e-15,1.7279449e-15,0.0108921,-0.00742996,-0.0103506,0.01676237
2907,2908,0.0140888,-0.00399352,0.000429964,0.014650166,9.98804e-17,3.70997e-16,-1.57491e-15,1.6210972e-15,0.0140888,-0.00399352,0.000429964,0.014650166
2908,2909,0.0142206,-0.00405705,-0.000534166,0.01479765,1.84218e-16,-8.48717e-16,-2.00818e-15,2.1879314e-15,0.0142206,-0.00405705,-0.000534166,0.01479765
2909,2910,0.0134463,-0.00433311,-0.00228381,0.014310647,1.23996e-16,1.30699e-15,-1.97463e-15,2.3712363e-15,0.0134463,-0.00433311,-0.00228381,0.014310647
2910,2911,0.013569,-0.00419825,-0.00145742,0.014278205,7.18324e-16,8.30784e-16,-2.32238e-15,2.5689764e-15,0.013569,-0.00419825,-0.00145742,0.014278205
2911,2912,0.0126204,-0.00432113,-0.00314629,0.013705685,2.39e-16,5.17208e-16,-1.21796e-15,1.3446381e-15,0.0126204,-0.00432113,-0.00314629,0.013705685
2912,2913,0.012914,-0.00463733,-0.0040287,0.014300582,-1.41642e-15,-2.21903e-16,2.77016e-15,3.1191783e-15,0.012914,-0.00463733,-0.0040287,0.014300582
2913,2914,0.012159,-0.00507887,-0.00523662,0.014179506,2.74149e-16,2.80078e-16,1.00825e-16,4.046814e-16,0.012159,-0.00507887,-0.00523662,0.014179506
2914,2915,0.0143771,-0.00263481,0.000821653,0.014639616,-9.47392e-16,1.39843e-15,2.0358e-15,2.6453053e-15,0.0143771,-0.00263481,0.000821653,0.014639616
2915,2916,0.0142945,-0.0025689,-3.48773e-05,0.01452354,-7.38038e-16,-1.6563e-15,-1.66355e-15,2.460778e-15,0.0142945,-0.0025689,-3.48773e-05,0.01452354
2916,2917,0.014495,-0.00263622,-0.000604247,0.014745162,5.12266e-16,-7.68869e-16,-7.26874e-17,9.267467e-16,0.014495,-0.00263622,-0.000604247,0.014745162
2917,2918,0.0145267,-0.00267983,-0.00142645,0.014840527,6.69947e-18,-3.33952e-16,-2.06097e-15,2.0878617e-15,0.0145267,-0.00267983,-0.00142645,0.014840527
2918,2919,0.013845,-0.00303358,-0.0021697,0.014338558,1.03918e-15,5.12577e-16,-2.6574e-15,2.8990353e-15,0.013845,-0.00303358,-0.0021697,0.014338558
2919,2920,0.0135962,-0.00308486,-0.00307206,0.014276224,-8.02226e-16,8.58799e-16,-1.8812e-15,2.218111e-15,0.0135962,-0.00308486,-0.00307206,0.014276224
2920,2921,0.0132803,-0.00352308,-0.00380227,0.014256077,1.02546e-16,-5.47109e-16,-5.51667e-16,7.8369664e-16,0.0132803,-0.00352308,-0.00380227,0.014256077
2921,2922,0.0122679,-0.00569029,-0.00657457,0.015036813,-2.26428e-17,6.16286e-16,7.18671e-16,9.470001e-16,0.0122679,-0.00569029,-0.00657457,0.015036813
2922,2923,0.0158597,-0.00145866,0.00119645,0.015971515,1.36742e-16,2.44323e-16,2.77292e-15,2.7870194e-15,0.0158597,-0.00145866,0.00119645,0.015971515
2923,2924,0.0149837,-0.00132913,0.00219735,0.015202177,-3.01584e-16,-7.62609e-16,-2.82628e-15,2.9428531e-15,0.0149837,-0.00132913,0.00219735,0.015202177
2924,2925,0.0158388,-0.00143589,0.000419888,0.015909296,-6.63394e-16,-2.71354e-16,4.77718e-16,8.6135887e-16,0.0158388,-0.00143589,0.000419888,0.015909296
2925,2926,0.0150209,-0.00111985,-0.000225662,0.015064277,6.29823e-16,-2.118e-16,-2.13669e-15,2.2376283e-15,0.0150209,-0.00111985,-0.000225662,0.015064277
2926,2927,0.0149524,-0.00123589,-0.000610867,0.01501582,1.82384e-16,-5.67507e-16,7.53502e-16,9.607775e-16,0.0149524,-0.00123589,-0.000610867,0.01501582
2927,2928,0.0154981,-0.00186724,-0.0010954,0.015648564,4.69093e-16,1.14309e-15,1.38257e-15,1.8542392e-15,0.0154981,-0.00186724,-0.0010954,0.015648564
2928,2929,0.0151948,-0.00210766,-0.00165051,0.015428816,2.0031e-17,-9.90176e-16,1.53933e-15,1.8304062e-15,0.0151948,-0.00210766,-0.00165051,0.015428816
2929,2930,0.0150687,-0.00222269,-0.00211299,0.015377607,4.24082e-16,-1.73738e-15,1.50824e-15,2.3394707e-15,0.0150687,-0.00222269,-0.00211299,0.015377607
2930,2931,0.0133892,-0.00414781,-0.00504206,0.01489622,-2.36234e-16,-3.93151e-17,6.8223e-16,7.2304215e-16,0.0133892,-0.00414781,-0.00504206,0.01489622
2931,2932,0.00218709,-0.0130683,-0.0202307,0.02418357,1.75889e-15,8.76486e-16,-4.7658e-15,5.155072e-15,0.00218709,-0.0130683,-0.0202307,0.02418357
2932,2933,0.00227059,-0.0134507,-0.0207576,0.024838576,2.91175e-15,-1.9401e-15,-1.34784e-15,3.7495264e-15,0.00227059,-0.0134507,-0.0207576,0.024838576
2933,2934,0.00220236,-0.0132212,-0.0208034,0.024747362,-2.26402e-17,-1.013e-15,-1.40472e-15,1.7320276e-15,0.00220236,-0.0132212,-0.0208034,0.024747362
2934,2935,0.00226095,-0.013266,-0.0212072,0.025116608,-4.5112e-16,-2.08392e-15,-3.16402e-15,3.815397e-15,0.00226095,-0.013266,-0.0212072,0.025116608
2935,2936,0.00216262,-0.0132659,-0.0217319,0.025552623,4.59991e-16,-1.79179e-15,1.26086e-15,2.2387208e-15,0.00216262,-0.0132659,-0.0217319,0.025552623
2936,2937,0.00201927,-0.0130651,-0.0218723,0.025557226,5.99521e-16,-5.79463e-16,-1.01861e-15,1.3163469e-15,0.00201927,-0.0130651,-0.0218723,0.025557226
2937,2938,0.00206378,-0.0133414,-0.0220279,0.025835644,-1.37156e-15,-6.94722e-16,-2.07706e-16,1.5514372e-15,0.00206378,-0.0133414,-0.0220279,0.025835644
2938,2939,0.00210066,-0.0132009,-0.0226851,0.026330406,1.46255e-16,-2.69886e-17,-1.02784e-15,1.0385441e-15,0.00210066,-0.0132009,-0.0226851,0.026330406
2939,2940,0.00227012,-0.0135208,-0.0232962,0.027031064,2.0337e-15,1.01665e-15,-2.94699e-15,3.7221317e-15,0.00227012,-0.0135208,-0.0232962,0.027031064
2940,2941,0.00246353,-0.0136934,-0.0235025,0.027312007,2.41334e-16,5.62692e-16,-3.44766e-15,3.501603e-15,0.00246353,-0.0136934,-0.0235025,0.027312007
2941,2942,0.00233428,-0.0132319,-0.0237847,0.027317468,8.22448e-16,-1.46137e-15,-1.25436e-15,2.0941445e-15,0.00233428,-0.0132319,-0.0237847,0.027317468
2942,2943,0.00475003,-0.0118954,-0.0193415,0.02319821,-1.93566e-16,1.35867e-16,-5.75532e-15,5.760177e-15,0.00475003,-0.0118954,-0.0193415,0.02319821
2943,2944,0.00478857,-0.0124157,-0.0201737,0.024167296,6.27738e-16,4.67895e-16,-1.8065e-15,1.9688633e-15,0.00478857,-0.0124157,-0.0201737,0.024167296
2944,2945,0.00486085,-0.0121162,-0.0202684,0.024108881,2.69766e-16,5.09642e-16,-2.71868e-15,2.7791598e-15,0.00486085,-0.0121162,-0.0202684,0.024108881
2945,2946,0.00480875,-0.0120392,-0.020069,0.023892073,1.35748e-15,-8.21821e-16,-2.5378e-15,2.9930873e-15,0.00480875,-0.0120392,-0.020069,0.023892073
2946,2947,0.00455931,-0.0120875,-0.0206384,0.024348276,6.14565e-16,-1.41802e-15,1.0498e-15,1.8683016e-15,0.00455931,-0.0120875,-0.0206384,0.024348276
2947,2948,0.00454798,-0.0124722,-0.0212425,0.025049625,1.16533e-15,3.25106e-16,2.3127e-15,2.6100325e-15,0.00454798,-0.0124722,-0.0212425,0.025049625
2948,2949,0.00471204,-0.0120161,-0.0207576,0.024443159,5.15886e-16,5.27725e-16,-7.19004e-16,1.0303391e-15,0.00471204,-0.0120161,-0.0207576,0.024443159
2949,2950,0.00462719,-0.0116741,-0.0209709,0.024443286,1.30797e-17,3.24973e-16,-7.39208e-16,8.0759335e-16,0.00462719,-0.0116741,-0.0209709,0.024443286
2950,2951,0.00480074,-0.0124035,-0.021767,0.025508748,2.32611e-16,-1.41896e-15,-9.08679e-16,1.7009565e-15,0.00480074,-0.0124035,-0.021767,0.025508748
2951,2952,0.0049744,-0.0122366,-0.0220337,0.025689745,3.52334e-16,-6.29493e-16,-2.79677e-15,2.888308e-15,0.0049744,-0.0122366,-0.0220337,0.025689745
2952,2953,0.00470697,-0.0120817,-0.0219653,0.025506813,1.69792e-16,-7.33267e-16,-2.12905e-15,2.258177e-15,0.00470697,-0.0120817,-0.0219653,0.025506813
2953,2954,0.00698634,-0.0109851,-0.0184283,0.022562882,3.42473e-16,-4.94897e-16,-2.41355e-15,2.4874556e-15,0.00698634,-0.0109851,-0.0184283,0.022562882
2954,2955,0.00658226,-0.011568,-0.0193018,0.023445772,1.5365e-16,7.47174e-16,-1.63996e-16,7.802384e-16,0.00658226,-0.011568,-0.0193018,0.023445772
2955,2956,0.00872699,-0.00978498,-0.016022,0.020702913,3.75699e-16,-8.73812e-16,-1.16956e-15,1.5075038e-15,0.00872699,-0.00978498,-0.016022,0.020702913
2956,2957,0.00760614,-0.010916,-0.0184362,0.022735566,6.37924e-16,7.37355e-16,-3.59581e-16,1.0392006e-15,0.00760614,-0.010916,-0.0184362,0.022735566
2957,2958,0.00735394,-0.0112054,-0.0192447,0.023452077,1.49734e-15,1.08153e-15,-1.44349e-15,2.3442264e-15,0.00735394,-0.0112054,-0.0192447,0.023452077
2958,2959,0.00687861,-0.0116077,-0.0202201,0.024308568,-4.40809e-16,-4.08636e-17,-3.56789e-15,3.59525e-15,0.00687861,-0.0116077,-0.0202201,0.024308568
2959,2960,0.00634007,-0.0118667,-0.0210315,0.02496676,1.17732e-16,-6.48784e-16,-2.61489e-15,2.6967447e-15,0.00634007,-0.0118667,-0.0210315,0.02496676
2960,2961,0.00934616,-0.00840452,-0.0126453,0.017829478,-5.31503e-16,1.23658e-15,-2.33769e-15,2.6974842e-15,0.00934616,-0.00840452,-0.0126453,0.017829478
2961,2962,0.0100841,-0.00799906,-0.0117261,0.017411934,-4.73612e-16,1.20397e-15,-2.98174e-15,3.250327e-15,0.0100841,-0.00799906,-0.0117261,0.017411934
2962,2963,0.00857682,-0.00887943,-0.014444,0.019000927,-9.19225e-16,-6.35763e-17,4.60712e-16,1.0301806e-15,0.00857682,-0.00887943,-0.014444,0.019000927
2963,2964,0.00838692,-0.00999837,-0.0175155,0.02184263,-1.60355e-16,-1.58397e-15,-1.44719e-16,1.5986302e-15,0.00838692,-0.00999837,-0.0175155,0.02184263
2964,2965,0.00740914,-0.0111893,-0.020969,0.024895677,-1.26675e-15,5.95834e-17,1.7005e-16,1.279501e-15,0.00740914,-0.0111893,-0.020969,0.024895677
2965,2966,0.00687587,-0.0109352,-0.0215505,0.025125291,-9.39754e-16,-1.27e-15,-7.16748e-16,1.7348676e-15,0.00687587,-0.0109352,-0.0215505,0.025125291
2966,2967,0.00660438,-0.0115365,-0.0217623,0.025501106,1.30605e-15,6.96158e-17,-3.84204e-15,4.0585567e-15,0.00660438,-0.0115365,-0.0217623,0.025501106
2967,2968,0.009265,-0.00923013,-0.0175884,0.02191774,5.5883e-16,5.24834e-17,5.63359e-16,7.952477e-16,0.009265,-0.00923013,-0.0175884,0.02191774
2968,2969,0.00846206,-0.00962067,-0.0192572,0.023130143,3.81585e-16,-1.7326e-15,1.72127e-15,2.4718982e-15,0.00846206,-0.00962067,-0.0192572,0.023130143
2969,2970,0.00762906,-0.0108926,-0.0214536,0.025241002,1.33746e-15,-4.39914e-16,-4.7069e-15,4.9129656e-15,0.00762906,-0.0108926,-0.0214536,0.025241002
2970,2971,0.00703611,-0.0109831,-0.021442,0.025097702,4.41874e-16,-1.86503e-16,-7.64145e-16,9.021937e-16,0.00703611,-0.0109831,-0.021442,0.025097702
2971,2972,0.0101052,-0.00809495,-0.0155612,0.020243375,4.97381e-16,-3.46545e-16,-1.24021e-15,1.3804355e-15,0.0101052,-0.00809495,-0.0155612,0.020243375
2972,2973,0.00915043,-0.00869945,-0.0167045,0.020939223,-3.39184e-16,-5.22509e-16,-1.49696e-15,1.6214038e-15,0.00915043,-0.00869945,-0.0167045,0.020939223
2973,2974,0.0113773,-0.00625356,-0.00851311,0.015524915,-1.09177e-15,-4.10083e-16,1.48694e-15,1.8897409e-15,0.0113773,-0.00625356,-0.00851311,0.015524915
2974,2975,0.010829,-0.0068555,-0.0102994,0.016442103,-1.26021e-15,-4.14635e-16,3.12689e-15,3.3966885e-15,0.010829,-0.0068555,-0.0102994,0.016442103
2975,2976,0.0102817,-0.00756625,-0.012149,0.017622704,1.17225e-16,-5.77352e-16,-5.54765e-16,8.0922267e-16,0.0102817,-0.00756625,-0.012149,0.017622704
2976,2977,0.0101217,-0.00842628,-0.0149307,0.019909214,9.20752e-16,-9.13189e-16,3.4687e-16,1.3423923e-15,0.0101217,-0.00842628,-0.0149307,0.019909214
2977,2978,0.012788,-0.00452979,-0.0061814,0.014908442,-6.09866e-16,-5.33908e-16,1.4114e-16,8.2274835e-16,0.012788,-0.00452979,-0.0061814,0.014908442
2978,2979,0.0128385,-0.00543826,-0.00772184,0.015938273,-5.79007e-16,-4.39858e-17,-2.54803e-15,2.613358e-15,0.0128385,-0.00543826,-0.00772184,0.015938273
2979,2980,0.0120615,-0.00609918,-0.00954998,0.016549377,1.86327e-15,-6.4511e-16,-1.40361e-15,2.4203437e-15,0.0120615,-0.00609918,-0.00954998,0.016549377
2980,2981,0.0114723,-0.00645928,-0.0112062,0.017289154,-3.30132e-16,-1.50588e-15,-1.33255e-15,2.0377317e-15,0.0114723,-0.00645928,-0.0112062,0.017289154
2981,2982,0.0106146,-0.00730138,-0.014087,0.019089878,4.0998e-16,-1.3389e-15,6.8758e-16,1.5599689e-15,0.0106146,-0.00730138,-0.014087,0.019089878
2982,2983,0.0147231,-0.00269337,-0.00292483,0.015250526,1.0444e-16,-7.72495e-17,3.90833e-15,3.910488e-15,0.0147231,-0.00269337,-0.00292483,0.015250526
2983,2984,0.0132871,-0.00281153,-0.00387458,0.014123175,1.7921e-16,-3.39784e-16,-6.4835e-16,7.536094e-16,0.0132871,-0.00281153,-0.00387458,0.014123175
2984,2985,0.0135586,-0.00343392,-0.00473195,0.01476546,-1.54548e-16,1.29792e-15,-8.73469e-16,1.5720781e-15,0.0135586,-0.00343392,-0.00473195,0.01476546
2985,2986,0.0130496,-0.00410382,-0.00650633,0.015148126,2.08927e-15,1.28209e-15,-4.65911e-15,5.264609e-15,0.0130496,-0.00410382,-0.00650633,0.015148126
2986,2987,0.0124082,-0.00460128,-0.00809124,0.015511395,-2.9969e-16,-1.41852e-15,-6.05959e-17,1.451098e-15,0.0124082,-0.00460128,-0.00809124,0.015511395
2987,2988,0.0117948,-0.00521033,-0.00986295,0.016233996,4.28392e-16,6.01743e-16,2.82133e-15,2.916422e-15,0.0117948,-0.00521033,-0.00986295,0.016233996
2988,2989,0.0118906,-0.00652757,-0.0120587,0.018149596,1.25198e-16,8.09443e-16,-2.00806e-15,2.1686811e-15,0.0118906,-0.00652757,-0.0120587,0.018149596
2989,2990,0.010883,-0.0072327,-0.0139468,0.019111903,5.46975e-17,2.15959e-16,-1.81139e-15,1.825038e-15,0.010883,-0.0072327,-0.0139468,0.019111903
2990,2991,0.00880089,-0.00966228,-0.019184,0.023212954,-9.10647e-16,6.20453e-16,-7.56101e-16,1.3363864e-15,0.00880089,-0.00966228,-0.019184,0.023212954
2991,2992,0.0105801,-0.00813392,-0.0163241,0.021084957,7.41393e-16,1.89894e-15,-1.50272e-15,2.5325489e-15,0.0105801,-0.00813392,-0.0163241,0.021084957
2992,2993,0.00247117,-0.0137146,-0.0240219,0.027771363,6.36326e-16,-7.14357e-16,-7.52843e-16,1.2173697e-15,0.00247117,-0.0137146,-0.0240219,0.027771363
2993,2994,0.00259117,-0.0135671,-0.023981,0.027674332,2.01837e-15,-1.45297e-15,-8.24335e-16,2.6200129e-15,0.00259117,-0.0135671,-0.023981,0.027674332
2994,2995,0.00241031,-0.0133391,-0.0229546,0.02665811,-3.28353e-16,-1.00623e-15,3.9917e-16,1.1312167e-15,0.00241031,-0.0133391,-0.0229546,0.02665811
2995,2996,0.00253728,-0.0129867,-0.0231991,0.026707496,-8.65719e-16,-5.37763e-16,3.48303e-15,3.629071e-15,0.00253728,-0.0129867,-0.0231991,0.026707496
2996,2997,0.00273728,-0.0138403,-0.0237431,0.027618498,-1.04826e-15,-1.62081e-16,1.20427e-15,1.6048008e-15,0.00273728,-0.0138403,-0.0237431,0.027618498
2997,2998,0.00479458,-0.0122782,-0.0222996,0.025903946,1.17788e-15,-1.5139e-15,-9.10305e-16,2.1231933e-15,0.00479458,-0.0122782,-0.0222996,0.025903946
2998,2999,0.00500837,-0.0120461,-0.0223112,0.025845347,6.75022e-17,-1.18417e-15,1.28992e-15,1.7523438e-15,0.00500837,-0.0120461,-0.0223112,0.025845347
2999,3000,0.0049595,-0.0118771,-0.0223936,0.025828965,4.91786e-16,-8.25034e-16,2.59953e-15,2.7712976e-15,0.0049595,-0.0118771,-0.0223936,0.025828965
3000,3001,0.00502989,-0.0122871,-0.023186,0.026718218,5.68592e-16,1.29216e-15,3.48653e-16,1.4541435e-15,0.00502989,-0.0122871,-0.023186,0.026718218
3001,3002,0.00542017,-0.0123355,-0.0232512,0.026873056,8.95716e-16,1.59558e-16,3.09336e-15,3.2243825e-15,0.00542017,-0.0123355,-0.0232512,0.026873056
3002,3003,0.00674046,-0.0116429,-0.0220559,0.025835125,1.58804e-17,5.93581e-16,-1.12693e-15,1.2737982e-15,0.00674046,-0.0116429,-0.0220559,0.025835125
3003,3004,0.00789123,-0.011005,-0.0218545,0.025709935,1.25841e-15,-9.70667e-16,5.28498e-16,1.6748433e-15,0.00789123,-0.011005,-0.0218545,0.025709935
3004,3005,0.00728909,-0.0109458,-0.0223109,0.025898216,4.24597e-16,-7.32621e-16,-4.97625e-16,9.821642e-16,0.00728909,-0.0109458,-0.0223109,0.025898216
3005,3006,0.00712412,-0.0116451,-0.022732,0.026516132,-6.44728e-17,8.81853e-17,4.20939e-16,4.3488278e-16,0.00712412,-0.0116451,-0.022732,0.026516132
3006,3007,0.00945569,-0.00883062,-0.0181817,0.022315111,8.16206e-16,-7.74997e-16,-8.77155e-16,1.4269595e-15,0.00945569,-0.00883062,-0.0181817,0.022315111
3007,3008,0.0133888,0.00186869,0.0228563,0.026554896,5.39073e-16,4.85622e-16,1.94783e-15,2.0785742e-15,0.0133888,0.00186869,0.0228563,0.026554896
3008,3009,0.0137321,0.00185947,0.0222636,0.02622396,9.05638e-16,2.22185e-16,2.1515e-15,2.3448877e-15,0.0137321,0.00185947,0.0222636,0.02622396
3009,3010,0.0135803,0.00404349,0.0209838,0.025319839,2.69169e-15,1.97866e-15,-7.70883e-16,3.4284912e-15,0.0135803,0.00404349,0.0209838,0.025319839
3010,3011,0.0134886,0.00189617,0.0215277,0.02547508,2.02889e-15,-1.71689e-16,3.26022e-15,3.843814e-15,0.0134886,0.00189617,0.0215277,0.02547508
3011,3012,0.01338,0.00370493,0.0202131,0.024521833,2.17482e-15,1.18018e-15,-7.30757e-16,2.5800528e-15,0.01338,0.00370493,0.0202131,0.024521833
3012,3013,0.0122013,0.00500355,0.01846,0.022686534,-1.31903e-15,9.81643e-16,2.04495e-15,2.6239825e-15,0.0122013,0.00500355,0.01846,0.022686534
3013,3014,0.0131374,0.00445806,0.0179675,0.022700146,-4.38934e-16,1.09939e-15,-2.75989e-15,3.003051e-15,0.0131374,0.00445806,0.0179675,0.022700146
3014,3015,0.0133136,0.00552475,0.0184421,0.023406962,1.3985e-16,1.73559e-15,-1.93685e-15,2.6044614e-15,0.0133136,0.00552475,0.0184421,0.023406962
3015,3016,0.0130732,0.00452699,0.0171605,0.022042798,-1.0811e-15,-8.30814e-16,-8.3015e-17,1.3659871e-15,0.0130732,0.00452699,0.0171605,0.022042798
3016,3017,0.0132492,0.00680441,0.019051,0.024182266,-1.31997e-16,4.71118e-16,8.41442e-16,9.733447e-16,0.0132492,0.00680441,0.019051,0.024182266
3017,3018,0.0132223,0.00557394,0.0176788,0.022769233,5.98901e-16,-7.31469e-16,1.48588e-15,1.7611271e-15,0.0132223,0.00557394,0.0176788,0.022769233
3018,3019,0.0132857,0.00690831,0.0182819,0.02363181,2.72882e-16,4.81114e-16,-1.34696e-15,1.4561032e-15,0.0132857,0.00690831,0.0182819,0.02363181
3019,3020,0.0133665,0.00608642,0.0172598,0.022662934,6.55131e-16,-1.11737e-16,8.06769e-16,1.0452551e-15,0.0133665,0.00608642,0.0172598,0.022662934
3020,3021,0.0132468,0.0078702,0.0201658,0.025378676,-1.1519e-15,-6.36321e-16,-1.62454e-15,2.0906717e-15,0.0132468,0.0078702,0.0201658,0.025378676
3021,3022,0.0130798,0.00800041,0.0194064,0.024732493,1.18181e-15,-1.85278e-15,-5.45264e-16,2.2642398e-15,0.0130798,0.00800041,0.0194064,0.024732493
3022,3023,0.0126513,0.00682346,0.0172257,0.022435235,6.07132e-16,1.03758e-15,3.73175e-16,1.2587458e-15,0.0126513,0.00682346,0.0172257,0.022435235
3023,3024,0.0125988,0.00789538,0.0184908,0.023727125,9.31467e-16,1.39175e-15,-1.00949e-15,1.9554205e-15,0.0125988,0.00789538,0.0184908,0.023727125
3024,3025,0.0134438,0.00753059,0.0171733,0.023073096,-1.83376e-15,8.85236e-16,3.76172e-15,4.2774825e-15,0.0134438,0.00753059,0.0171733,0.023073096
3025,3026,0.0129871,0.00839513,0.0187655,0.024316393,2.70691e-17,2.13715e-15,8.68942e-16,2.3072068e-15,0.0129871,0.00839513,0.0187655,0.024316393
3026,3027,0.0122615,0.00922534,0.0185254,0.024054972,6.01569e-16,1.90264e-15,2.57572e-16,2.0120306e-15,0.0122615,0.00922534,0.0185254,0.024054972
3027,3028,0.0131718,0.00867531,0.0178109,0.023790449,1.80075e-15,1.16566e-15,8.11665e-16,2.2935264e-15,0.0131718,0.00867531,0.0178109,0.023790449
3028,3029,0.0123986,0.00935751,0.017845,0.023658661,4.58876e-17,1.09887e-15,2.25655e-15,2.5103064e-15,0.0123986,0.00935751,0.017845,0.023658661
3029,3030,0.0117537,0.010091,0.0174077,0.023302484,1.21101e-15,1.47848e-15,-2.04582e-16,1.9220569e-15,0.0117537,0.010091,0.0174077,0.023302484
3030,3031,0.0133902,0.00882118,0.0164358,0.022961842,-8.01905e-16,1.82151e-15,3.25257e-15,3.8131564e-15,0.0133902,0.00882118,0.0164358,0.022961842
3031,3032,0.0127367,0.00965254,0.0168652,0.023234243,-9.85925e-16,1.42495e-15,1.28824e-15,2.159188e-15,0.0127367,0.00965254,0.0168652,0.023234243
3032,3033,0.0115296,0.0099803,0.0164966,0.022464992,5.08611e-17,1.49938e-15,-8.36417e-16,1.7176497e-15,0.0115296,0.0099803,0.0164966,0.022464992
3033,3034,0.0126691,0.00944467,0.0158378,0.022372836,8.88935e-16,5.48707e-16,3.51579e-16,1.1022216e-15,0.0126691,0.00944467,0.0158378,0.022372836
3034,3035,0.0118871,0.0101184,0.0160185,0.022366883,9.70749e-16,1.28765e-15,-9.30899e-16,1.8619798e-15,0.0118871,0.0101184,0.0160185,0.022366883
3035,3036,0.0136646,0.00160368,0.0208333,0.024966368,4.55063e-16,-1.18858e-15,8.14681e-16,1.5111287e-15,0.0136646,0.00160368,0.0208333,0.024966368
3036,3037,0.0141718,0.00181006,0.0203411,0.024857124,-1.38594e-15,-1.42293e-15,-2.18201e-15,2.9507164e-15,0.0141718,0.00181006,0.0203411,0.024857124
3037,3038,0.0140305,0.00196255,0.0196413,0.0242175,-1.88191e-17,1.86864e-15,9.63171e-16,2.1023483e-15,0.0140305,0.00196255,0.0196413,0.0242175
3038,3039,0.0139136,0.00302617,0.0204072,0.024883725,1.55641e-15,-3.29248e-16,3.33548e-15,3.6954353e-15,0.0139136,0.00302617,0.0204072,0.024883725
3039,3040,0.0139827,0.00341201,0.0196347,0.024345003,-2.3371e-16,-7.82889e-16,1.15552e-16,8.251593e-16,0.0139827,0.00341201,0.0196347,0.024345003
3040,3041,0.0138252,0.00348395,0.0189773,0.0237363,-1.84845e-16,1.37327e-16,5.07298e-16,5.5711543e-16,0.0138252,0.00348395,0.0189773,0.0237363
3041,3042,0.014707,0.00194116,0.0194314,0.024446743,3.94947e-16,-2.41538e-15,1.65759e-15,2.9559514e-15,0.014707,0.00194116,0.0194314,0.024446743
3042,3043,0.0147117,0.00397755,0.0193189,0.0246064,8.39407e-16,-6.73707e-17,2.03547e-16,8.663569e-16,0.0147117,0.00397755,0.0193189,0.0246064
3043,3044,0.0139851,0.00508012,0.0179398,0.023307232,6.94567e-16,-1.13914e-16,3.05257e-16,7.6719067e-16,0.0139851,0.00508012,0.0179398,0.023307232
3044,3045,0.01483,0.00376282,0.0187975,0.024237031,1.89711e-16,-1.239e-15,1.51716e-15,1.9679648e-15,0.01483,0.00376282,0.0187975,0.024237031
3045,3046,0.0144935,0.00527406,0.0178279,0.023573529,7.5026e-16,8.73128e-17,1.23438e-16,7.653434e-16,0.0144935,0.00527406,0.0178279,0.023573529
3046,3047,0.01366,0.00648933,0.0164533,0.022347663,-1.04284e-15,5.84108e-17,-5.57624e-16,1.1840066e-15,0.01366,0.00648933,0.0164533,0.022347663
3047,3048,0.0138438,0.00565029,0.0161795,0.022030724,5.80977e-16,9.83959e-16,-2.05831e-15,2.3542194e-15,0.0138438,0.00565029,0.0161795,0.022030724
3048,3049,0.0132438,0.00635261,0.01512,0.021080045,1.44775e-15,2.01808e-16,-1.79469e-15,2.314653e-15,0.0132438,0.00635261,0.01512,0.021080045
3049,3050,0.0142796,0.00610001,0.0147919,0.021445686,1.75076e-15,1.31767e-15,9.53932e-16,2.3898537e-15,0.0142796,0.00610001,0.0147919,0.021445686
3050,3051,0.0135847,0.00772247,0.0165762,0.022780497,-8.03582e-17,8.30135e-16,8.08804e-16,1.1617855e-15,0.0135847,0.00772247,0.0165762,0.022780497
3051,3052,0.0133988,0.00674777,0.0136683,0.020294892,1.90717e-15,1.90201e-15,-1.09825e-15,2.9087956e-15,0.0133988,0.00674777,0.0136683,0.020294892
3052,3053,0.0135042,0.00772656,0.0152081,0.021756595,3.28834e-16,2.08751e-15,-4.28795e-16,2.156315e-15,0.0135042,0.00772656,0.0152081,0.021756595
3053,3054,0.0134133,0.00676374,0.0130599,0.01990542,-1.20237e-17,1.00425e-15,2.29521e-15,2.5053246e-15,0.0134133,0.00676374,0.0130599,0.01990542
3054,3055,0.0132312,0.00759003,0.0140806,0.02075901,7.31507e-16,1.07653e-15,-7.07862e-16,1.4815829e-15,0.0132312,0.00759003,0.0140806,0.02075901
3055,3056,0.0130521,0.00851174,0.0150774,0.021682598,1.23842e-15,1.11127e-15,-1.0902e-17,1.6639483e-15,0.0130521,0.00851174,0.0150774,0.021682598
3056,3057,0.0147823,0.0019442,0.0185299,0.023783471,1.01766e-15,-2.30417e-15,3.20956e-16,2.5392604e-15,0.0147823,0.0019442,0.0185299,0.023783471
3057,3058,0.014658,0.0017479,0.017526,0.022914467,1.25633e-15,-1.90687e-15,7.62392e-16,2.4074383e-15,0.014658,0.0017479,0.017526,0.022914467
3058,3059,0.0145311,0.00154798,0.0156872,0.021439154,8.80555e-16,8.98704e-16,-2.94852e-15,3.2057474e-15,0.0145311,0.00154798,0.0156872,0.021439154
3059,3060,0.0144845,0.00172211,0.0142884,0.020418735,-1.65272e-16,5.88819e-16,-3.25902e-16,6.929897e-16,0.0144845,0.00172211,0.0142884,0.020418735
3060,3061,0.0149933,0.00354141,0.0183521,0.023961224,1.35016e-15,-9.6848e-16,1.79274e-15,2.4443408e-15,0.0149933,0.00354141,0.0183521,0.023961224
3061,3062,0.0151206,0.00345547,0.0173324,0.023259083,4.20468e-16,1.73185e-15,-1.2506e-15,2.1771766e-15,0.0151206,0.00345547,0.0173324,0.023259083
3062,3063,0.014458,0.00336664,0.0152151,0.02125717,-5.57447e-17,3.41472e-16,1.34409e-16,3.7118238e-16,0.014458,0.00336664,0.0152151,0.02125717
3063,3064,0.0149835,0.00173259,0.0136495,0.020342467,1.16358e-15,1.35873e-15,1.98336e-15,2.6709143e-15,0.0149835,0.00173259,0.0136495,0.020342467
3064,3065,0.0149938,0.00476677,0.0183378,0.024162183,-4.54655e-16,-4.30998e-16,-1.02961e-15,1.205225e-15,0.0149938,0.00476677,0.0183378,0.024162183
3065,3066,0.014778,0.00492848,0.0172714,0.023258988,1.16499e-15,-4.22123e-16,-2.06361e-15,2.4070472e-15,0.014778,0.00492848,0.0172714,0.023258988
3066,3067,0.0143854,0.00481745,0.0154944,0.021684648,1.4741e-15,5.82881e-16,-8.81522e-16,1.813781e-15,0.0143854,0.00481745,0.0154944,0.021684648
3067,3068,0.0148424,0.00351206,0.0141223,0.020786311,7.61861e-16,-1.13914e-16,3.05503e-15,3.1506532e-15,0.0148424,0.00351206,0.0141223,0.020786311
3068,3069,0.0145812,0.0049595,0.0141624,0.02092323,7.10931e-17,-8.73122e-17,1.43799e-15,1.4423914e-15,0.0145812,0.0049595,0.0141624,0.02092323
3069,3070,0.0140176,0.00608354,0.0134126,0.02033225,2.13998e-15,6.17212e-16,3.8888e-16,2.2609054e-15,0.0140176,0.00608354,0.0134126,0.02033225
3070,3071,0.0131674,0.00951122,0.0159147,0.022740304,-1.06867e-15,2.05347e-15,-2.0014e-15,3.0601301e-15,0.0131674,0.00951122,0.0159147,0.022740304
3071,3072,0.0124221,0.0103519,0.0169063,0.023394302,-1.69434e-15,-1.19703e-16,2.57216e-15,3.0823893e-15,0.0124221,0.0103519,0.0169063,0.023394302
3072,3073,0.0126245,0.0087576,0.0148646,0.021378258,6.08147e-16,8.49658e-18,-6.13861e-16,8.6414137e-16,0.0126245,0.0087576,0.0148646,0.021378258
3073,3074,0.0125145,0.00974311,0.016732,0.0230543,2.94838e-16,-1.21013e-15,4.7237e-16,1.3320952e-15,0.0125145,0.00974311,0.016732,0.0230543
3074,3075,0.0118747,0.0106369,0.0171646,0.023425959,2.62444e-16,-5.57171e-16,-1.09228e-15,1.2539505e-15,0.0118747,0.0106369,0.0171646,0.023425959
3075,3076,0.0127988,0.00978805,0.0171224,0.023511527,1.16445e-15,2.19152e-15,-2.48977e-15,3.5153462e-15,0.0127988,0.00978805,0.0171224,0.023511527
3076,3077,0.0118723,0.0103377,0.0174256,0.023483424,9.19256e-16,1.99613e-15,-1.73237e-15,2.7983336e-15,0.0118723,0.0103377,0.0174256,0.023483424
3077,3078,0.0128379,0.00944479,0.0172113,0.023457292,6.37919e-16,7.43303e-16,-1.01396e-15,1.4098066e-15,0.0128379,0.00944479,0.0172113,0.023457292
3078,3079,0.013938,0.00663772,0.0125498,0.019895343,3.37792e-15,-1.01367e-15,-6.06468e-16,3.5785016e-15,0.013938,0.00663772,0.0125498,0.019895343
3079,3080,0.0142394,0.00777457,0.01397,0.021409469,1.79432e-15,-1.15374e-15,-8.03049e-16,2.2793832e-15,0.0142394,0.00777457,0.01397,0.021409469
3080,3081,0.0136635,0.00634217,0.0126229,0.019653294,2.36932e-15,-3.91939e-16,5.47013e-15,5.9740785e-15,0.0136635,0.00634217,0.0126229,0.019653294
3081,3082,0.0132049,0.00834575,0.014617,0.0213934,1.82145e-15,1.22631e-17,-1.22314e-15,2.1940605e-15,0.0132049,0.00834575,0.014617,0.0213934
3082,3083,0.0136691,0.00713451,0.013393,0.020423466,1.78603e-15,-1.31578e-15,5.68881e-16,2.2901541e-15,0.0136691,0.00713451,0.013393,0.020423466
3083,3084,0.0132391,0.00799392,0.0146942,0.02133298,2.44404e-15,-1.0441e-15,-2.66548e-15,3.764075e-15,0.0132391,0.00799392,0.0146942,0.02133298
3084,3085,0.0148394,0.0076456,0.0149781,0.022427805,2.88487e-15,2.15886e-16,2.23854e-15,3.6578876e-15,0.0148394,0.0076456,0.0149781,0.022427805
3085,3086,0.0138528,0.00812554,0.0147059,0.021775858,2.55331e-15,9.18008e-16,1.10162e-15,2.9284292e-15,0.0138528,0.00812554,0.0147059,0.021775858
3086,3087,0.0134824,0.00897726,0.0162908,0.022972953,9.54921e-16,3.20507e-15,-1.83127e-15,3.8128595e-15,0.0134824,0.00897726,0.0162908,0.022972953
3087,3088,0.0136302,0.00793669,0.014334,0.021312835,4.70465e-16,1.97894e-17,2.17115e-15,2.2216258e-15,0.0136302,0.00793669,0.014334,0.021312835
3088,3089,0.0135003,0.00878518,0.0165237,0.023075316,1.31965e-15,1.49846e-15,1.24783e-15,2.354557e-15,0.0135003,0.00878518,0.0165237,0.023075316
3089,3090,0.0143578,0.00780349,0.0148288,0.022066586,1.01471e-15,1.66102e-15,2.03607e-15,2.816772e-15,0.0143578,0.00780349,0.0148288,0.022066586
3090,3091,0.0139734,0.00867664,0.0163736,0.023208506,-4.04913e-16,2.78566e-15,1.89179e-15,3.3915667e-15,0.0139734,0.00867664,0.0163736,0.023208506
3091,3092,0.0130807,0.00932245,0.016966,0.023363603,9.87603e-17,9.11209e-16,8.81457e-16,1.2716218e-15,0.0130807,0.00932245,0.016966,0.023363603
3092,3093,0.0123581,0.0103531,0.0177047,0.023945056,1.97537e-16,2.46993e-17,-3.1271e-15,3.1334303e-15,0.0123581,0.0103531,0.0177047,0.023945056
3093,3094,0.0124402,0.0100903,0.0179299,0.024042755,-7.86516e-16,1.27056e-16,1.2397e-16,8.0629966e-16,0.0124402,0.0100903,0.0179299,0.024042755
3094,3095,0.0131342,0.00797432,0.0154092,0.021760985,-3.43172e-16,-6.75205e-16,1.99396e-15,2.1329664e-15,0.0131342,0.00797432,0.0154092,0.021760985
3095,3096,0.012492,0.0087767,0.0163657,0.022381166,-1.32664e-15,-1.88932e-16,-2.55807e-15,2.8878004e-15,0.012492,0.0087767,0.0163657,0.022381166
3096,3097,0.0124397,0.0097511,0.0175162,0.023593374,-1.25594e-15,-6.36205e-16,-2.09541e-15,2.5244574e-15,0.0124397,0.0097511,0.0175162,0.023593374
3097,3098,0.0139653,0.00793305,0.0144427,0.021599872,9.21665e-16,-1.10468e-16,3.46717e-15,3.589281e-15,0.0139653,0.00793305,0.0144427,0.021599872
3098,3099,0.0150573,0.00171601,0.0129442,0.01993036,1.26403e-15,1.17567e-15,4.39462e-15,4.72151e-15,0.0150573,0.00171601,0.0129442,0.01993036
3099,3100,0.0148325,0.00349146,0.0133636,0.020267688,1.40945e-15,-4.93728e-16,-1.62231e-15,2.205041e-15,0.0148325,0.00349146,0.0133636,0.020267688
3100,3101,0.014194,0.00476356,0.0130277,0.019846462,1.49407e-15,-1.25101e-15,1.77973e-15,2.6390737e-15,0.014194,0.00476356,0.0130277,0.019846462
3101,3102,0.0147458,0.00311162,0.0127658,0.019750606,7.82596e-16,1.71772e-15,-3.72687e-18,1.8875996e-15,0.0147458,0.00311162,0.0127658,0.019750606
3102,3103,0.0139734,0.00589295,0.0125471,0.019682797,2.48724e-15,-3.7887e-17,-2.22281e-17,2.487628e-15,0.0139734,0.00589295,0.0125471,0.019682797
3103,3104,0.0145649,0.00469678,0.0120561,0.01948193,-1.37327e-16,2.5163e-16,-1.16136e-15,1.1962162e-15,0.0145649,0.00469678,0.0120561,0.01948193
3104,3105,0.0136932,0.0057159,0.0123123,0.019281285,-1.41702e-15,-5.99566e-16,6.62708e-16,1.6752931e-15,0.0136932,0.0057159,0.0123123,0.019281285
3105,3106,0.0145784,0.0051514,0.0116773,0.019375913,4.01113e-16,-9.50777e-16,9.41958e-16,1.3971948e-15,0.0145784,0.0051514,0.0116773,0.019375913
3106,3107,0.0147378,0.00597899,0.0129554,0.02051325,7.20616e-17,-1.94749e-15,2.09049e-15,2.8579817e-15,0.0147378,0.00597899,0.0129554,0.02051325
3107,3108,0.0156021,0.00505267,0.011849,0.020232493,-1.03981e-15,1.52898e-15,1.79285e-15,2.5755184e-15,0.0156021,0.00505267,0.011849,0.020232493
3108,3109,0.0147945,0.00669959,0.0133547,0.021026406,2.81439e-15,-1.1912e-15,6.04931e-15,6.7774554e-15,0.0147945,0.00669959,0.0133547,0.021026406
3109,3110,0.0146359,0.0057073,0.0124484,0.020043591,-1.42529e-15,-6.02143e-16,3.33747e-15,3.6786865e-15,0.0146359,0.0057073,0.0124484,0.020043591
3110,3111,0.0144819,0.00642152,0.0129651,0.020470837,-1.41474e-15,2.95129e-16,2.8528e-15,3.1979771e-15,0.0144819,0.00642152,0.0129651,0.020470837
3111,3112,0.0147328,0.00533188,0.0114724,0.01941907,-5.93031e-16,-7.8901e-16,1.36468e-15,1.6842132e-15,0.0147328,0.00533188,0.0114724,0.01941907
3112,3113,0.0148339,0.00613011,0.0127334,0.020488102,-7.67754e-17,-2.79925e-16,9.91389e-16,1.0330075e-15,0.0148339,0.00613011,0.0127334,0.020488102
3113,3114,0.0155329,0.00527583,0.0103266,0.019384118,1.59555e-15,7.07238e-16,-1.20845e-15,2.1228088e-15,0.0155329,0.00527583,0.0103266,0.019384118
3114,3115,0.014218,0.00725913,0.0146144,0.021643179,9.83084e-16,9.29736e-16,1.51002e-15,2.027566e-15,0.014218,0.00725913,0.0146144,0.021643179
3115,3116,0.0143291,0.00687998,0.0134697,0.020834828,4.18199e-16,7.70968e-16,1.07336e-15,1.3861399e-15,0.0143291,0.00687998,0.0134697,0.020834828
3116,3117,0.0153433,0.00614466,0.0120288,0.020441765,2.57465e-15,4.2034e-16,9.64626e-16,2.7813688e-15,0.0153433,0.00614466,0.0120288,0.020441765
3117,3118,0.0141617,0.00655117,0.0125964,0.020053452,3.74438e-16,-1.15278e-15,1.57548e-15,1.9877733e-15,0.0141617,0.00655117,0.0125964,0.020053452
3118,3119,0.014754,0.00528275,0.0104619,0.018842487,4.17134e-16,-8.87871e-16,4.30353e-15,4.4139196e-15,0.014754,0.00528275,0.0104619,0.018842487
3119,3120,0.0145473,0.00612213,0.0111684,0.019334879,6.04056e-16,1.00473e-15,-7.53215e-16,1.3934485e-15,0.0145473,0.00612213,0.0111684,0.019334879
3120,3121,0.0154768,0.00498957,0.00928401,0.01872485,7.01643e-16,-3.54503e-16,2.29926e-15,2.4299323e-15,0.0154768,0.00498957,0.00928401,0.01872485
3121,3122,0.0138049,0.00735721,0.014443,0.02129094,2.66484e-16,-1.02747e-15,1.41611e-15,1.7697672e-15,0.0138049,0.00735721,0.014443,0.02129094
3122,3123,0.0146843,0.00721005,0.0135037,0.02121234,2.53513e-15,-3.82131e-16,2.6525e-15,3.688992e-15,0.0146843,0.00721005,0.0135037,0.02121234
3123,3124,0.0151775,0.0056003,0.00897438,0.018500254,9.2541e-19,-5.41715e-16,-2.10727e-15,2.1757856e-15,0.0151775,0.0056003,0.00897438,0.018500254
3124,3125,0.0147919,0.00665857,0.0118597,0.02009451,2.45748e-16,-4.57288e-16,1.80916e-15,1.8821703e-15,0.0147919,0.00665857,0.0118597,0.02009451
3125,3126,0.0138548,0.00743297,0.0130037,0.02040345,-3.02637e-16,-5.35314e-16,1.21996e-15,1.3661818e-15,0.0138548,0.00743297,0.0130037,0.02040345
3126,3127,0.0134762,0.00883251,0.015885,0.02262641,1.54093e-15,-6.93599e-16,9.10405e-16,1.9194743e-15,0.0134762,0.00883251,0.015885,0.02262641
3127,3128,0.0140299,0.00847515,0.015377,0.022474838,1.73649e-15,3.06872e-16,4.91231e-15,5.2192294e-15,0.0140299,0.00847515,0.015377,0.022474838
3128,3129,0.0143963,0.00157694,0.0119438,0.018772174,2.3797e-16,1.02756e-15,-1.248e-16,1.0621131e-15,0.0143963,0.00157694,0.0119438,0.018772174
3129,3130,0.0150443,0.0013396,0.0110239,0.01869898,4.81574e-17,6.14938e-16,3.72523e-15,3.775951e-15,0.0150443,0.0013396,0.0110239,0.01869898
3130,3131,0.0151944,0.000991662,0.00941614,0.017902985,1.0008e-16,4.10974e-16,1.11941e-15,1.1966598e-15,0.0151944,0.000991662,0.00941614,0.017902985
3131,3132,0.0151464,0.00076771,0.00818123,0.01723181,1.60294e-16,3.57828e-16,3.33805e-16,5.149377e-16,0.0151464,0.00076771,0.00818123,0.01723181
3132,3133,0.0145915,0.000430421,0.00692906,0.016158868,5.95666e-16,8.07383e-17,3.53567e-15,3.586405e-15,0.0145915,0.000430421,0.00692906,0.016158868
3133,3134,0.0152953,0.00041941,0.00564367,0.016308682,1.15575e-16,6.4477e-16,2.77746e-15,2.853659e-15,0.0152953,0.00041941,0.00564367,0.016308682
3134,3135,0.0152751,-0.000265117,0.00268638,0.015511789,1.48099e-15,-1.68707e-15,-3.74021e-15,4.3621905e-15,0.0152751,-0.000265117,0.00268638,0.015511789
3135,3136,0.0157523,0.000134987,0.0040656,0.01626906,-1.04116e-15,-1.30339e-15,-9.8067e-16,1.9350849e-15,0.0157523,0.000134987,0.0040656,0.01626906
3136,3137,0.0150955,0.00316151,0.0123878,0.019781983,9.11719e-16,1.97604e-15,-1.07286e-15,2.426313e-15,0.0150955,0.00316151,0.0123878,0.019781983
3137,3138,0.0156767,0.00281445,0.011155,0.019445155,2.25336e-16,9.97378e-16,-1.82558e-15,2.0924344e-15,0.0156767,0.00281445,0.011155,0.019445155
3138,3139,0.0155693,0.00245767,0.00928061,0.018291336,8.28927e-16,-1.69931e-16,-2.92959e-15,3.0493434e-15,0.0155693,0.00245767,0.00928061,0.018291336
3139,3140,0.0150861,0.00171154,0.00729126,0.01684287,9.09232e-16,-1.00551e-15,-2.61433e-15,2.9449063e-15,0.0150861,0.00171154,0.00729126,0.01684287
3140,3141,0.0158006,0.00152687,0.00576648,0.016889127,4.99253e-16,2.31199e-16,3.97533e-15,4.0132226e-15,0.0158006,0.00152687,0.00576648,0.016889127
3141,3142,0.0153379,0.0012793,0.00447093,0.016027384,1.68349e-15,6.5251e-16,8.29787e-16,1.9870717e-15,0.0153379,0.0012793,0.00447093,0.016027384
3142,3143,0.0151571,0.00426484,0.0124413,0.020067697,-9.43419e-16,1.43306e-15,1.64267e-16,1.7235673e-15,0.0151571,0.00426484,0.0124413,0.020067697
3143,3144,0.0152101,0.00424496,0.0115528,0.019566145,9.09153e-16,2.9749e-17,-5.19017e-15,5.2692793e-15,0.0152101,0.00424496,0.0115528,0.019566145
3144,3145,0.0156189,0.00385066,0.0104466,0.019180955,1.43273e-15,8.86938e-16,-6.20196e-15,6.4267943e-15,0.0156189,0.00385066,0.0104466,0.019180955
3145,3146,0.0152326,0.00319872,0.00887514,0.017917367,7.12795e-17,-2.67763e-15,1.50714e-15,3.0734758e-15,0.0152326,0.00319872,0.00887514,0.017917367
3146,3147,0.0160717,0.00306693,0.00741146,0.017962052,1.76097e-16,1.12688e-16,-1.67292e-15,1.6859331e-15,0.0160717,0.00306693,0.00741146,0.017962052
3147,3148,0.0153003,0.00256655,0.00562164,0.016501186,1.27733e-15,-2.16901e-16,-2.51597e-16,1.3198178e-15,0.0153003,0.00256655,0.00562164,0.016501186
3148,3149,0.0156545,0.000896158,0.00333369,0.016030595,1.94388e-15,6.12218e-17,3.8865e-16,1.983297e-15,0.0156545,0.000896158,0.00333369,0.016030595
3149,3150,0.0152388,0.00443419,0.0105919,0.019080656,4.8441e-16,-1.20741e-15,3.64566e-15,3.8708305e-15,0.0152388,0.00443419,0.0105919,0.019080656
3150,3151,0.0156383,0.00436667,0.00862695,0.018386094,3.60012e-16,2.46687e-16,-1.36941e-15,1.4372707e-15,0.0156383,0.00436667,0.00862695,0.018386094
3151,3152,0.0152714,0.00369818,0.00642592,0.016976003,1.0841e-15,3.41516e-16,1.08307e-15,1.5700148e-15,0.0152714,0.00369818,0.00642592,0.016976003
3152,3153,0.0162539,0.00225365,0.0041659,0.016929941,9.73683e-16,1.14016e-16,-3.17136e-16,1.030356e-15,0.0162539,0.00225365,0.0041659,0.016929941
3153,3154,0.0151685,0.00461361,0.00882241,0.018143972,2.92737e-16,-9.30637e-16,2.13966e-15,2.3515795e-15,0.0151685,0.00461361,0.00882241,0.018143972
3154,3155,0.0158119,0.00341832,0.00499863,0.016931845,8.0656e-16,-9.60446e-16,2.82654e-15,3.0923009e-15,0.0158119,0.00341832,0.00499863,0.016931845
3155,3156,0.0159564,0.00435945,0.00727693,0.018071117,1.66294e-15,-3.67162e-16,2.1541e-15,2.745965e-15,0.0159564,0.00435945,0.00727693,0.018071117
3156,3157,0.0152075,0.00434997,0.00784616,0.017656514,-4.73793e-16,-2.23371e-15,2.23697e-15,3.1965567e-15,0.0152075,0.00434997,0.00784616,0.017656514
3157,3158,0.0148612,0.00483645,0.00791091,0.017516535,6.49504e-16,-1.31647e-15,-9.49257e-16,1.7481527e-15,0.0148612,0.00483645,0.00791091,0.017516535
3158,3159,0.0142766,0.005556,0.0101769,0.018391838,3.38342e-16,4.23885e-16,9.02599e-16,1.0530142e-15,0.0142766,0.005556,0.0101769,0.018391838
3159,3160,0.0158011,0.00456516,0.00698938,0.017870838,6.51382e-16,-9.38368e-16,7.08465e-16,1.3441561e-15,0.0158011,0.00456516,0.00698938,0.017870838
3160,3161,0.0151451,0.00503918,0.00885482,0.018253088,5.90908e-17,8.01588e-17,3.02078e-17,1.0406568e-16,0.0151451,0.00503918,0.00885482,0.018253088
3161,3162,0.0156703,0.00403421,0.00591293,0.017227765,1.18601e-15,1.01452e-15,8.40649e-16,1.7727271e-15,0.0156703,0.00403421,0.00591293,0.017227765
3162,3163,0.0148295,0.00440194,0.00759579,0.017233316,4.8986e-16,1.23475e-15,1.10321e-15,1.7267434e-15,0.0148295,0.00440194,0.00759579,0.017233316
3163,3164,0.015861,0.00395078,0.00507988,0.017116811,-1.01088e-16,-1.67064e-16,3.91219e-15,3.91706e-15,0.015861,0.00395078,0.00507988,0.017116811
3164,3165,0.0154071,0.00449987,0.00630565,0.017244965,9.56877e-16,-2.14794e-15,3.42286e-15,4.1527374e-15,0.0154071,0.00449987,0.00630565,0.017244965
3165,3166,0.0158814,0.00377551,0.0042206,0.016860807,1.28416e-15,2.99454e-15,3.58418e-17,3.2584693e-15,0.0158814,0.00377551,0.0042206,0.016860807
3166,3167,0.0152478,0.00414331,0.00506018,0.016591199,-2.55666e-16,1.62923e-16,-3.34292e-17,3.0500248e-16,0.0152478,0.00414331,0.00506018,0.016591199
3167,3168,0.0158882,0.00372152,0.0039975,0.016800731,-4.21625e-16,1.05161e-15,4.35854e-15,4.5033904e-15,0.0158882,0.00372152,0.0039975,0.016800731
3168,3169,0.0146895,0.00355238,0.00438726,0.015736863,-2.11039e-18,2.95093e-16,6.07165e-17,3.0128197e-16,0.0146895,0.00355238,0.00438726,0.015736863
3169,3170,0.016412,0.00369301,0.00393958,0.017277509,1.33079e-15,-8.15847e-16,-1.02413e-15,1.8669362e-15,0.016412,0.00369301,0.00393958,0.017277509
3170,3171,0.015206,0.00345809,0.00432015,0.01618161,-4.89476e-16,-1.53116e-16,-2.61747e-15,2.6672422e-15,0.015206,0.00345809,0.00432015,0.01618161
3171,3172,0.0172975,0.00367911,0.00456365,0.018263796,2.32854e-16,-4.44853e-16,2.40617e-15,2.458001e-15,0.0172975,0.00367911,0.00456365,0.018263796
3172,3173,0.0143936,0.00665817,0.0119282,0.019844115,8.93244e-16,5.75642e-16,1.14918e-15,1.5652038e-15,0.0143936,0.00665817,0.0119282,0.019844115
3173,3174,0.0139556,0.00759638,0.0141206,0.021256883,5.10301e-16,7.02109e-16,-3.71894e-16,9.442825e-16,0.0139556,0.00759638,0.0141206,0.021256883
3174,3175,0.0154816,0.00631895,0.0105812,0.01978815,1.35247e-15,1.46522e-17,3.94976e-16,1.4090407e-15,0.0154816,0.00631895,0.0105812,0.01978815
3175,3176,0.0147347,0.0054163,0.00840761,0.017808301,1.50739e-15,1.27437e-15,-1.33883e-15,2.3851016e-15,0.0147347,0.0054163,0.00840761,0.017808301
3176,3177,0.0158022,0.00508656,0.00690581,0.01797979,-2.13283e-16,-1.23162e-15,1.2569e-15,1.7726181e-15,0.0158022,0.00508656,0.00690581,0.01797979
3177,3178,0.0161916,0.00441695,0.00570725,0.0177271,-5.89864e-16,-1.49629e-16,-1.367e-16,6.2371086e-16,0.0161916,0.00441695,0.00570725,0.0177271
3178,3179,0.0155871,0.00386303,0.00511975,0.016855044,1.85389e-15,2.28177e-15,-3.01102e-17,2.9401172e-15,0.0155871,0.00386303,0.00511975,0.016855044
3179,3180,0.0152654,0.00357706,0.00493127,0.016436094,5.15723e-16,3.33407e-16,-4.53079e-16,7.631586e-16,0.0152654,0.00357706,0.00493127,0.016436094
3180,3181,0.0168156,0.00373347,0.00523756,0.018003756,1.35316e-15,8.17651e-16,2.09012e-16,1.5947668e-15,0.0168156,0.00373347,0.00523756,0.018003756
3181,3182,0.0157771,-0.000182836,0.00196305,0.01589981,8.81492e-16,-9.4026e-16,6.14091e-16,1.4276641e-15,0.0157771,-0.000182836,0.00196305,0.01589981
3182,3183,0.0158556,4.13424e-06,0.00109621,0.015893448,-1.63152e-15,-3.74307e-17,1.86171e-15,2.4757267e-15,0.0158556,4.13424e-06,0.00109621,0.015893448
3183,3184,0.016098,-0.000148322,0.000680241,0.016113048,4.3171e-18,1.42698e-15,-1.19102e-15,1.8587143e-15,0.016098,-0.000148322,0.000680241,0.016113048
3184,3185,0.0160826,-0.000266534,0.000432757,0.01609063,-2.29941e-16,8.54839e-16,4.7339e-16,1.0038529e-15,0.0160826,-0.000266534,0.000432757,0.01609063
3185,3186,0.0158638,-0.000411476,0.000325277,0.01587247,-3.00612e-16,1.12476e-16,-2.97726e-15,2.994511e-15,0.0158638,-0.000411476,0.000325277,0.01587247
3186,3187,0.0162873,-0.000787701,2.82111e-05,0.016306361,7.88722e-16,-1.07089e-15,1.72916e-15,2.1814861e-15,0.0162873,-0.000787701,2.82111e-05,0.016306361
3187,3188,0.015323,-0.00117594,-0.000294584,0.015370879,1.38058e-15,-1.33783e-15,1.24594e-15,2.2908855e-15,0.015323,-0.00117594,-0.000294584,0.015370879
3188,3189,0.0159706,0.000880868,0.00220665,0.016146373,1.67236e-15,-2.03945e-15,-9.80053e-16,2.813654e-15,0.0159706,0.000880868,0.00220665,0.016146373
3189,3190,0.015133,0.000887943,0.00178131,0.015263328,-1.93234e-16,-8.48212e-17,2.13946e-15,2.1498425e-15,0.015133,0.000887943,0.00178131,0.015263328
3190,3191,0.0164634,0.00094986,0.00137292,0.01654783,9.87612e-16,6.14048e-16,3.23951e-15,3.4419264e-15,0.0164634,0.00094986,0.00137292,0.01654783
3191,3192,0.016359,0.000988355,0.00119884,0.016432617,-8.2104e-16,3.23337e-16,-1.03447e-15,1.3596991e-15,0.016359,0.000988355,0.00119884,0.016432617
3192,3193,0.0154441,0.000347266,0.000995957,0.015480076,2.37648e-16,-2.0519e-16,-1.15993e-15,1.2016726e-15,0.0154441,0.000347266,0.000995957,0.015480076
3193,3194,0.0161256,0.000141333,0.000716058,0.016142111,1.20521e-15,-4.78875e-16,-1.01206e-15,1.6450282e-15,0.0161256,0.000141333,0.000716058,0.016142111
3194,3195,0.0159238,-0.000189046,0.000341444,0.015928583,2.15329e-15,-9.02445e-16,3.11223e-15,3.8906354e-15,0.0159238,-0.000189046,0.000341444,0.015928583
3195,3196,0.0153755,-0.00135479,-0.00124953,0.015485566,3.85136e-16,2.94211e-16,1.42374e-15,1.5039699e-15,0.0153755,-0.00135479,-0.00124953,0.015485566
3196,3197,0.0156063,0.00212542,0.00307136,0.016047033,1.7239e-15,2.24355e-17,1.55516e-15,2.321822e-15,0.0156063,0.00212542,0.00307136,0.016047033
3197,3198,0.0152895,0.00169432,0.0021334,0.015530323,5.24023e-16,-8.54062e-16,1.12827e-15,1.5089782e-15,0.0152895,0.00169432,0.0021334,0.015530323
3198,3199,0.0157492,0.00159972,0.00186847,0.015940124,1.34187e-15,-1.04089e-15,1.44201e-16,1.7043653e-15,0.0157492,0.00159972,0.00186847,0.015940124
3199,3200,0.0152682,0.00155116,0.00174587,0.015445779,7.60346e-16,1.5414e-15,-6.95527e-16,1.85413e-15,0.0152682,0.00155116,0.00174587,0.015445779
3200,3201,0.0152524,0.00125367,0.0016522,0.015392764,9.95591e-17,4.4138e-16,-4.93404e-16,6.6945937e-16,0.0152524,0.00125367,0.0016522,0.015392764
3201,3202,0.0158823,0.00132903,0.00159419,0.01601734,1.87066e-16,-1.43372e-15,-1.765e-15,2.281616e-15,0.0158823,0.00132903,0.00159419,0.01601734
3202,3203,0.0158667,0.00110354,0.00129277,0.015957482,2.2832e-15,9.12916e-16,-2.13905e-17,2.4590396e-15,0.0158667,0.00110354,0.00129277,0.015957482
3203,3204,0.0156603,-0.000209474,3.9563e-05,0.015661752,8.49373e-16,5.96052e-17,-6.3329e-16,1.061152e-15,0.0156603,-0.000209474,3.9563e-05,0.015661752
3204,3205,0.0160658,0.00306804,0.00377868,0.016786937,-4.35026e-16,-1.55945e-15,1.55652e-15,2.2458598e-15,0.0160658,0.00306804,0.00377868,0.016786937
3205,3206,0.016495,0.00262435,0.00299866,0.016969508,6.97755e-16,-7.81182e-16,-1.09048e-15,1.5120363e-15,0.016495,0.00262435,0.00299866,0.016969508
3206,3207,0.0168165,0.00232811,0.00264504,0.017181706,7.53923e-16,-3.36855e-16,-7.69065e-16,1.1284202e-15,0.0168165,0.00232811,0.00264504,0.017181706
3207,3208,0.0159764,0.0021182,0.00245383,0.016301945,4.34158e-16,1.54908e-15,-1.79424e-15,2.409863e-15,0.0159764,0.0021182,0.00245383,0.016301945
3208,3209,0.0157418,0.00220628,0.00187409,0.016005754,1.85654e-16,-1.2528e-15,1.13223e-15,1.6987995e-15,0.0157418,0.00220628,0.00187409,0.016005754
3209,3210,0.0164458,0.00199576,0.00227987,0.016722597,1.68243e-15,-1.26244e-16,1.58412e-17,1.6872342e-15,0.0164458,0.00199576,0.00227987,0.016722597
3210,3211,0.0158147,0.00204621,0.00168585,0.016035391,5.04246e-16,-6.03485e-16,4.63848e-15,4.704674e-15,0.0158147,0.00204621,0.00168585,0.016035391
3211,3212,0.0154962,0.000806821,0.000895785,0.015543025,1.09861e-15,-5.11179e-16,4.08968e-17,1.2124027e-15,0.0154962,0.000806821,0.000895785,0.015543025
3212,3213,0.0155546,0.00371804,0.00588955,0.017042775,-7.51384e-17,-2.08626e-15,3.61324e-16,2.118651e-15,0.0155546,0.00371804,0.00588955,0.017042775
3213,3214,0.0156392,0.00349071,0.00509719,0.0168152,7.7858e-16,2.02404e-16,8.61138e-16,1.1784366e-15,0.0156392,0.00349071,0.00509719,0.0168152
3214,3215,0.0158494,0.00290164,0.00439748,0.016702121,-1.97578e-17,9.74257e-16,-9.93103e-16,1.3913377e-15,0.0158494,0.00290164,0.00439748,0.016702121
3215,3216,0.016046,0.00286548,0.00394614,0.016770722,7.99574e-16,1.63317e-15,-9.35655e-16,2.0449972e-15,0.016046,0.00286548,0.00394614,0.016770722
3216,3217,0.0164409,0.00284328,0.00341502,0.017030848,9.16829e-16,-5.33435e-16,2.88453e-15,3.0733763e-15,0.0164409,0.00284328,0.00341502,0.017030848
3217,3218,0.0165349,0.00279286,0.00282485,0.017005375,1.35758e-15,1.55518e-16,9.88619e-16,1.6865873e-15,0.0165349,0.00279286,0.00282485,0.017005375
3218,3219,0.017073,0.00274758,0.00249442,0.017471652,2.07256e-15,-4.74851e-16,1.75102e-15,2.7544618e-15,0.017073,0.00274758,0.00249442,0.017471652
3219,3220,0.016468,0.0019821,0.00176226,0.016680207,9.28556e-16,-4.66633e-16,3.79228e-15,3.9320925e-15,0.016468,0.0019821,0.00176226,0.016680207
3220,3221,0.0161291,0.0040488,0.00648317,0.01784859,5.14471e-16,-1.59725e-16,3.18479e-15,3.230028e-15,0.0161291,0.0040488,0.00648317,0.01784859
3221,3222,0.0164303,0.00362939,0.00533025,0.017650463,1.51136e-16,3.40856e-15,8.84359e-16,3.5246578e-15,0.0164303,0.00362939,0.00533025,0.017650463
3222,3223,0.0157028,0.00333735,0.00431012,0.016622063,7.49389e-16,2.64593e-16,1.53576e-15,1.7292056e-15,0.0157028,0.00333735,0.00431012,0.016622063
3223,3224,0.015934,0.00332086,0.00393002,0.016744118,-3.36669e-16,-5.82845e-16,2.08688e-15,2.1927432e-15,0.015934,0.00332086,0.00393002,0.016744118
3224,3225,0.0169945,0.00350447,0.00357639,0.017716797,5.21649e-16,-1.23099e-15,8.14453e-16,1.5654992e-15,0.0169945,0.00350447,0.00357639,0.017716797
3225,3226,0.0170077,0.0033353,0.00342187,0.017666217,1.536e-15,-1.71415e-15,1.41947e-15,2.7041637e-15,0.0170077,0.0033353,0.00342187,0.017666217
3226,3227,0.0162288,0.00261589,0.00239489,0.016611814,-1.02907e-16,1.11936e-15,1.25858e-15,1.6874775e-15,0.0162288,0.00261589,0.00239489,0.016611814
3227,3228,0.016937,0.003229,0.00322979,0.017541949,-6.18959e-16,7.12079e-16,-9.59719e-16,1.3458185e-15,0.016937,0.003229,0.00322979,0.017541949
3228,3229,0.0158041,0.003081,0.00502852,0.016868556,1.38381e-15,1.38997e-16,1.25226e-15,1.8714714e-15,0.0158041,0.003081,0.00502852,0.016868556
3229,3230,0.0172938,0.00362391,0.00604285,0.01867416,2.86061e-16,-7.0106e-16,-1.5403e-15,1.716345e-15,0.0172938,0.00362391,0.00604285,0.01867416
3230,3231,0.0161106,0.00302578,0.00532952,0.017236896,5.02918e-16,1.02142e-15,-4.26937e-15,4.418568e-15,0.0161106,0.00302578,0.00532952,0.017236896
3231,3232,0.0166141,0.00320543,0.00593546,0.017931337,-3.6034e-16,2.44547e-16,2.08671e-16,4.828993e-16,0.0166141,0.00320543,0.00593546,0.017931337
3232,3233,0.0154739,0.00290319,0.00533964,0.016624736,-2.15149e-16,1.51926e-16,-1.58432e-15,1.6060636e-15,0.0154739,0.00290319,0.00533964,0.016624736
3233,3234,0.0174686,0.00319608,0.00576762,0.018671699,-6.26376e-17,7.38227e-16,1.40242e-15,1.5860909e-15,0.0174686,0.00319608,0.00576762,0.018671699
3234,3235,0.0147547,-0.00165976,-0.00222353,0.01501333,2.11845e-16,1.30421e-15,-2.74993e-16,1.3496159e-15,0.0147547,-0.00165976,-0.00222353,0.01501333
3235,3236,0.0139721,-0.00196737,-0.00335057,0.014502291,-7.71519e-16,8.96125e-16,-1.38032e-15,1.8175711e-15,0.0139721,-0.00196737,-0.00335057,0.014502291
3236,3237,0.0140508,-0.00245366,-0.00446278,0.014945295,-8.46824e-16,-2.08248e-17,-1.88898e-16,8.6788653e-16,0.0140508,-0.00245366,-0.00446278,0.014945295
3237,3238,0.0140877,-0.00317429,-0.00565991,0.015510448,-6.99092e-16,-1.7594e-15,3.30154e-15,3.8058355e-15,0.0140877,-0.00317429,-0.00565991,0.015510448
3238,3239,0.0132069,-0.00368788,-0.00704352,0.015415377,-2.30792e-16,8.06117e-16,2.54876e-16,8.763854e-16,0.0132069,-0.00368788,-0.00704352,0.015415377
3239,3240,0.0125048,-0.00446685,-0.00826063,0.015638439,2.37e-16,9.48328e-16,4.61366e-16,1.080904e-15,0.0125048,-0.00446685,-0.00826063,0.015638439
3240,3241,0.0120736,-0.0052317,-0.00978716,0.016399115,-7.23854e-16,-1.72726e-16,-1.02917e-15,1.2700354e-15,0.0120736,-0.0052317,-0.00978716,0.016399115
3241,3242,0.0161503,-0.000287678,-0.000242865,0.016154688,9.79379e-16,6.93647e-16,-8.19927e-17,1.2029348e-15,0.0161503,-0.000287678,-0.000242865,0.016154688
3242,3243,0.0150757,-0.000701716,-0.00069544,0.015108037,-8.40918e-16,1.22084e-16,2.07819e-15,2.2451997e-15,0.0150757,-0.000701716,-0.00069544,0.015108037
3243,3244,0.015286,-0.00104606,-0.0013034,0.01537709,-1.58429e-16,9.73658e-17,3.31498e-15,3.3201915e-15,0.015286,-0.00104606,-0.0013034,0.01537709
3244,3245,0.0151222,-0.00156112,-0.00255279,0.015415408,-5.47266e-16,-7.29158e-16,1.44884e-15,1.7118145e-15,0.0151222,-0.00156112,-0.00255279,0.015415408
3245,3246,0.0139608,-0.00219144,-0.00385401,0.014647858,-4.89321e-16,9.1176e-16,-1.6809e-15,1.973871e-15,0.0139608,-0.00219144,-0.00385401,0.014647858
3246,3247,0.0142856,-0.00285689,-0.00515066,0.015452168,1.64063e-15,-9.04916e-17,-2.4e-15,2.9085832e-15,0.0142856,-0.00285689,-0.00515066,0.015452168
3247,3248,0.013058,-0.00343452,-0.00646587,0.014970464,4.56343e-16,-1.49859e-15,-1.65722e-15,2.2804382e-15,0.013058,-0.00343452,-0.00646587,0.014970464
3248,3249,0.0119505,-0.00635594,-0.0122,0.018222306,8.62058e-16,1.55531e-15,-1.93439e-15,2.6275462e-15,0.0119505,-0.00635594,-0.0122,0.018222306
3249,3250,0.0155446,0.000782288,0.000572016,0.015574779,-1.10809e-16,5.42393e-16,-1.76907e-15,1.853666e-15,0.0155446,0.000782288,0.000572016,0.015574779
3250,3251,0.0156898,0.000499999,5.96698e-05,0.015697878,-1.05956e-15,-1.67773e-16,-1.7716e-15,2.0710822e-15,0.0156898,0.000499999,5.96698e-05,0.015697878
3251,3252,0.0157095,0.000119149,-0.000515778,0.015718417,1.29941e-18,-7.2733e-16,-6.09902e-16,9.492054e-16,0.0157095,0.000119149,-0.000515778,0.015718417
3252,3253,0.0147183,-0.000215635,-0.00100754,0.014754321,5.70305e-16,-6.72177e-16,1.17886e-15,1.4719988e-15,0.0147183,-0.000215635,-0.00100754,0.014754321
3253,3254,0.0143721,-0.000775019,-0.00186009,0.01451268,2.04322e-15,5.50659e-16,1.5709e-15,2.6354697e-15,0.0143721,-0.000775019,-0.00186009,0.01451268
3254,3255,0.0144429,-0.00122443,-0.00271988,0.0147476895,9.46742e-16,8.51235e-16,9.73794e-16,1.6028712e-15,0.0144429,-0.00122443,-0.00271988,0.0147476895
3255,3256,0.0137088,-0.00181271,-0.0036979,0.014314035,6.80581e-16,-6.60494e-16,1.41207e-15,1.7009952e-15,0.0137088,-0.00181271,-0.0036979,0.014314035
3256,3257,0.0128909,-0.0044539,-0.00800584,0.01581474,2.2109e-15,8.74455e-16,-3.53968e-15,4.2640456e-15,0.0128909,-0.0044539,-0.00800584,0.01581474
3257,3258,0.0161727,0.00179007,0.00172096,0.01636222,-9.3229e-16,2.29621e-17,-1.18218e-16,9.400359e-16,0.0161727,0.00179007,0.00172096,0.01636222
3258,3259,0.0167237,0.00174169,0.00178145,0.016908258,1.12341e-15,1.09232e-15,-8.06641e-16,1.7623516e-15,0.0167237,0.00174169,0.00178145,0.016908258
3259,3260,0.0167688,0.00130916,0.00163413,0.016899021,6.1664e-16,-7.03619e-16,3.88425e-17,9.363938e-16,0.0167688,0.00130916,0.00163413,0.016899021
3260,3261,0.0157791,0.000720845,0.00121739,0.0158424,1.37961e-15,-1.2467e-15,1.15176e-15,2.1872667e-15,0.0157791,0.000720845,0.00121739,0.0158424
3261,3262,0.0163832,0.000236242,0.000786455,0.016403768,-9.94111e-17,-4.51336e-16,-5.83615e-16,7.444416e-16,0.0163832,0.000236242,0.000786455,0.016403768
3262,3263,0.016247,-0.000208189,0.000278929,0.016250728,-3.20006e-16,5.42489e-16,1.78626e-15,1.8940493e-15,0.016247,-0.000208189,0.000278929,0.016250728
3263,3264,0.0151315,-0.000787339,-0.000350415,0.01515602,1.17196e-16,8.7605e-16,2.01356e-16,9.065003e-16,0.0151315,-0.000787339,-0.000350415,0.01515602
3264,3265,0.0141799,-0.0030659,-0.00523093,0.015421801,1.10554e-15,-2.60997e-16,1.88314e-15,2.1992167e-15,0.0141799,-0.0030659,-0.00523093,0.015421801
3265,3266,0.0157489,0.00245034,0.00240802,0.01611926,1.12871e-15,1.58291e-16,1.52919e-15,1.9072137e-15,0.0157489,0.00245034,0.00240802,0.01611926
3266,3267,0.015157,0.00217872,0.00241045,0.015501346,1.62914e-15,1.39585e-15,-1.55943e-15,2.6522285e-15,0.015157,0.00217872,0.00241045,0.015501346
3267,3268,0.0159093,0.00182368,0.00252269,0.016210971,3.55774e-16,-2.09416e-16,-4.04085e-15,4.0618834e-15,0.0159093,0.00182368,0.00252269,0.016210971
3268,3269,0.0154474,0.00143112,0.00246513,0.015708188,4.72032e-16,-8.85939e-19,-1.80803e-16,5.054747e-16,0.0154474,0.00143112,0.00246513,0.015708188
3269,3270,0.0166162,0.00133513,0.00254866,0.016863462,1.47473e-15,-5.19344e-16,-1.10724e-15,1.915862e-15,0.0166162,0.00133513,0.00254866,0.016863462
3270,3271,0.016456,0.000891137,0.002484,0.016666263,8.17388e-16,3.14745e-16,-3.37369e-15,3.4855376e-15,0.016456,0.000891137,0.002484,0.016666263
3271,3272,0.0151612,0.00013628,0.00223965,0.015326337,-1.56483e-15,-1.29084e-15,1.09792e-15,2.306597e-15,0.0151612,0.00013628,0.00223965,0.015326337
3272,3273,0.0155767,-0.00166459,-0.00122182,0.015712965,2.04247e-15,-4.50874e-16,-3.08359e-16,2.1142508e-15,0.0155767,-0.00166459,-0.00122182,0.015712965
3273,3274,0.0163275,0.0030287,0.00327826,0.016926527,3.49549e-16,6.95606e-16,1.35427e-15,1.5620818e-15,0.0163275,0.0030287,0.00327826,0.016926527
3274,3275,0.0161222,0.00254436,0.00337171,0.016666358,2.74398e-16,1.80293e-15,-1.51927e-15,2.3736114e-15,0.0161222,0.00254436,0.00337171,0.016666358
3275,3276,0.0163623,0.00238307,0.003105,0.016823938,1.36344e-15,9.3746e-17,5.0283e-16,1.4562262e-15,0.0163623,0.00238307,0.003105,0.016823938
3276,3277,0.0159616,0.0022043,0.00325076,0.016437734,9.61189e-16,8.98984e-16,1.68537e-16,1.3268237e-15,0.0159616,0.0022043,0.00325076,0.016437734
3277,3278,0.0153586,0.00196995,0.00304933,0.015781816,2.03342e-15,1.13736e-16,-3.3469e-15,3.9178404e-15,0.0153586,0.00196995,0.00304933,0.015781816
3278,3279,0.0157651,0.00150028,0.00292931,0.01610497,2.60164e-15,8.158e-16,-2.71068e-15,3.844717e-15,0.0157651,0.00150028,0.00292931,0.01610497
3279,3280,0.0151733,0.000857263,0.0026635,0.015429134,-1.5821e-16,-1.61502e-16,-1.88438e-15,1.897894e-15,0.0151733,0.000857263,0.0026635,0.015429134
3280,3281,0.0153978,-0.000489163,0.000930729,0.015433658,2.10771e-16,7.04952e-16,8.6819e-16,1.1380402e-15,0.0153978,-0.000489163,0.000930729,0.015433658
3281,3282,0.0170554,0.00335704,0.00481271,0.018036589,1.28812e-18,7.91058e-16,1.58674e-15,1.772997e-15,0.0170554,0.00335704,0.00481271,0.018036589
3282,3283,0.0166213,0.00294303,0.00483308,0.017558122,-1.11776e-15,5.56508e-16,1.96517e-15,2.3283002e-15,0.0166213,0.00294303,0.00483308,0.017558122
3283,3284,0.017012,0.0028455,0.00438112,0.017796045,-9.88329e-17,8.89158e-16,2.39841e-15,2.559832e-15,0.017012,0.0028455,0.00438112,0.017796045
3284,3285,0.0161626,0.00273129,0.00372763,0.016810259,-6.28766e-17,1.83298e-15,-8.3534e-16,2.0153317e-15,0.0161626,0.00273129,0.00372763,0.016810259
3285,3286,0.01656,0.00214115,0.00444734,0.017279958,1.05838e-15,-9.12768e-16,1.93739e-15,2.3888896e-15,0.01656,0.00214115,0.00444734,0.017279958
3286,3287,0.0172237,0.00173758,0.00495809,0.018007157,3.93027e-16,4.59091e-16,1.94995e-15,2.0414555e-15,0.0172237,0.00173758,0.00495809,0.018007157
3287,3288,0.0169025,0.00146295,0.005118,0.017720854,-6.01659e-16,1.12364e-15,-1.85599e-15,2.2515015e-15,0.0169025,0.00146295,0.005118,0.017720854
3288,3289,0.0157288,0.000535099,0.00312313,0.016044794,4.62908e-16,-2.16633e-16,-5.57803e-16,7.5654336e-16,0.0157288,0.000535099,0.00312313,0.016044794
3289,3290,0.0167937,0.00287198,0.00565805,0.017952442,-1.00396e-15,-1.11247e-15,2.22913e-15,2.6859906e-15,0.0167937,0.00287198,0.00565805,0.017952442
3290,3291,0.0164656,0.00292076,0.00551842,0.01760965,-1.46292e-15,-2.00903e-15,-1.7763e-15,3.0547631e-15,0.0164656,0.00292076,0.00551842,0.01760965
3291,3292,0.0167758,0.00293378,0.00599073,0.018053347,8.19585e-16,-5.63866e-16,-2.59088e-15,2.7753062e-15,0.0167758,0.00293378,0.00599073,0.018053347
3292,3293,0.0169653,0.00236501,0.00628369,0.018245531,-7.20652e-16,-1.83872e-15,3.46993e-15,3.9925737e-15,0.0169653,0.00236501,0.00628369,0.018245531
3293,3294,0.0169616,0.00263978,0.00699308,0.018535575,-7.34017e-16,-1.57011e-15,1.18289e-15,2.0983935e-15,0.0169616,0.00263978,0.00699308,0.018535575
3294,3295,0.0165525,0.00210751,0.00649346,0.017905079,1.39948e-16,7.53987e-16,9.28674e-16,1.2043742e-15,0.0165525,0.00210751,0.00649346,0.017905079
3295,3296,0.0167223,0.00246181,0.00735912,0.018435087,4.05713e-16,2.58147e-16,-8.61364e-17,4.8853086e-16,0.0167223,0.00246181,0.00735912,0.018435087
3296,3297,0.0168719,0.0018988,0.00668024,0.018245328,-1.22946e-17,1.42236e-17,2.27846e-16,2.2862036e-16,0.0168719,0.0018988,0.00668024,0.018245328
3297,3298,0.0153634,0.00117622,0.00462226,0.01608673,4.53883e-16,-1.52384e-16,-8.66062e-16,9.895929e-16,0.0153634,0.00117622,0.00462226,0.01608673
3298,3299,0.00296318,-0.0138394,-0.0239785,0.027843812,-3.78573e-16,-8.74403e-16,1.71762e-16,9.681943e-16,0.00296318,-0.0138394,-0.0239785,0.027843812
3299,3300,0.003166,-0.0136669,-0.0235584,0.027419081,-7.13953e-16,-1.03955e-15,-1.75576e-15,2.1617323e-15,0.003166,-0.0136669,-0.0235584,0.027419081
3300,3301,0.00345584,-0.0137168,-0.0236937,0.027595015,6.14648e-16,-5.69538e-16,-1.38721e-15,1.6206533e-15,0.00345584,-0.0137168,-0.0236937,0.027595015
3301,3302,0.00326515,-0.0139353,-0.0236222,0.027619958,-1.60584e-15,-2.27449e-15,9.2023e-16,2.9323794e-15,0.00326515,-0.0139353,-0.0236222,0.027619958
3302,3303,0.00326601,-0.0136712,-0.0227626,0.026752653,4.24751e-16,8.80845e-18,-2.92775e-15,2.9584136e-15,0.00326601,-0.0136712,-0.0227626,0.026752653
3303,3304,0.00347149,-0.0133067,-0.0229379,0.026744472,-1.31293e-15,2.23517e-17,-1.22933e-16,1.3188621e-15,0.00347149,-0.0133067,-0.0229379,0.026744472
3304,3305,0.00373078,-0.0140675,-0.0233489,0.027513348,-1.40658e-15,1.07552e-15,1.60931e-15,2.3927158e-15,0.00373078,-0.0140675,-0.0233489,0.027513348
3305,3306,0.00541702,-0.0124379,-0.023059,0.026753746,-1.5407e-16,-7.66616e-16,2.59627e-16,8.239198e-16,0.00541702,-0.0124379,-0.023059,0.026753746
3306,3307,0.00529914,-0.0124757,-0.0225978,0.026351176,8.19027e-16,9.1475e-16,-2.4947e-15,2.7804858e-15,0.00529914,-0.0124757,-0.0225978,0.026351176
3307,3308,0.00571077,-0.012515,-0.0223618,0.026254298,-5.5181e-17,-6.18959e-16,-4.5031e-15,4.5457743e-15,0.00571077,-0.012515,-0.0223618,0.026254298
3308,3309,0.00564218,-0.0124648,-0.022171,0.026052997,-3.02944e-16,-1.01912e-15,7.81851e-17,1.0660646e-15,0.00564218,-0.0124648,-0.022171,0.026052997
3309,3310,0.00552387,-0.0127426,-0.0223605,0.026322594,5.31611e-16,9.99791e-16,-3.37636e-15,3.5611793e-15,0.00552387,-0.0127426,-0.0223605,0.026322594
3310,3311,0.00580591,-0.0126163,-0.0222466,0.026225766,-5.57406e-16,1.30989e-15,2.49031e-15,2.8684764e-15,0.00580591,-0.0126163,-0.0222466,0.026225766
3311,3312,0.00562275,-0.0125716,-0.0216629,0.02566986,-3.22515e-16,9.06057e-16,3.81019e-16,1.0344712e-15,0.00562275,-0.0125716,-0.0216629,0.02566986
3312,3313,0.00920232,-0.00977232,-0.0195273,0.023695914,2.42221e-16,-7.2615e-16,-1.41776e-16,7.7850195e-16,0.00920232,-0.00977232,-0.0195273,0.023695914
3313,3314,0.00823956,-0.0111009,-0.0221602,0.026118858,4.04624e-16,1.92325e-15,-3.50689e-15,4.0200607e-15,0.00823956,-0.0111009,-0.0221602,0.026118858
3314,3315,0.00749001,-0.0112132,-0.0218987,0.025717488,6.8985e-16,2.92879e-16,2.6144e-16,7.937393e-16,0.00749001,-0.0112132,-0.0218987,0.025717488
3315,3316,0.00712245,-0.011862,-0.0220319,0.026016166,2.13559e-15,2.84401e-15,-1.87416e-15,4.020151e-15,0.00712245,-0.011862,-0.0220319,0.026016166
3316,3317,0.0104506,-0.00803549,-0.0151841,0.020108232,5.57473e-17,-2.2758e-15,-1.04927e-15,2.5066595e-15,0.0104506,-0.00803549,-0.0151841,0.020108232
3317,3318,0.00947311,-0.00878751,-0.0171233,0.021451516,-1.5733e-16,7.91886e-16,-3.33136e-15,3.4277975e-15,0.00947311,-0.00878751,-0.0171233,0.021451516
3318,3319,0.00896749,-0.00967456,-0.0187687,0.02294073,5.63705e-16,-8.77943e-17,-1.49817e-15,1.6031171e-15,0.00896749,-0.00967456,-0.0187687,0.02294073
3319,3320,0.00812123,-0.0112288,-0.0209696,0.025134925,6.93691e-16,2.94455e-15,-1.71989e-15,3.4798854e-15,0.00812123,-0.0112288,-0.0209696,0.025134925
3320,3321,0.00752231,-0.01102,-0.0201276,0.024148412,-7.20148e-16,-7.12464e-16,5.97255e-16,1.1759812e-15,0.00752231,-0.01102,-0.0201276,0.024148412
3321,3322,0.00737949,-0.0119677,-0.0211881,0.02542869,1.66532e-15,-5.09541e-16,-4.50351e-15,4.8285117e-15,0.00737949,-0.0119677,-0.0211881,0.02542869
3322,3323,0.010631,-0.00801756,-0.0146079,0.019765884,-1.5594e-16,8.8304e-16,-3.54712e-15,3.658707e-15,0.010631,-0.00801756,-0.0146079,0.019765884
3323,3324,0.00991378,-0.00908394,-0.0163335,0.021156186,-5.74857e-16,-6.52802e-17,-2.36823e-15,2.4378752e-15,0.00991378,-0.00908394,-0.0163335,0.021156186
3324,3325,0.00915179,-0.00984858,-0.0185314,0.022894599,1.16451e-15,-9.41871e-16,-5.15782e-16,1.5840567e-15,0.00915179,-0.00984858,-0.0185314,0.022894599
3325,3326,0.00844109,-0.0114788,-0.0210449,0.025414616,1.05262e-15,-1.17345e-15,-2.38845e-15,2.861763e-15,0.00844109,-0.0114788,-0.0210449,0.025414616
3326,3327,0.00729583,-0.0117733,-0.0203793,0.024640528,1.18148e-15,-7.28609e-16,-2.50711e-15,2.8657225e-15,0.00729583,-0.0117733,-0.0203793,0.024640528
3327,3328,0.0105612,-0.00845414,-0.015142,0.020304965,6.8104e-16,3.47333e-16,-2.78052e-15,2.8837036e-15,0.0105612,-0.00845414,-0.015142,0.020304965
3328,3329,0.0097056,-0.00928676,-0.0157691,0.020714901,3.99419e-16,-2.37153e-16,-4.53449e-15,4.5582206e-15,0.0097056,-0.00928676,-0.0157691,0.020714901
3329,3330,0.0108592,-0.00725759,-0.0141105,0.019227613,6.7525e-16,-1.03517e-15,-5.72566e-15,5.8575352e-15,0.0108592,-0.00725759,-0.0141105,0.019227613
3330,3331,0.0121805,-0.00550096,-0.00952498,0.016411897,1.08381e-15,-1.35456e-15,-1.39294e-16,1.7403677e-15,0.0121805,-0.00550096,-0.00952498,0.016411897
3331,3332,0.0120224,-0.00639964,-0.0115489,0.017856948,6.45787e-16,-1.27973e-15,4.34577e-16,1.4978674e-15,0.0120224,-0.00639964,-0.0115489,0.017856948
3332,3333,0.0110115,-0.00718616,-0.0130935,0.018556232,-2.79939e-16,-1.40382e-16,-2.23737e-15,2.2591807e-15,0.0110115,-0.00718616,-0.0130935,0.018556232
3333,3334,0.0131405,-0.0037578,-0.00687951,0.015301028,-1.28534e-16,-1.91847e-15,-2.59292e-16,1.9401753e-15,0.0131405,-0.0037578,-0.00687951,0.015301028
3334,3335,0.0123248,-0.00436472,-0.00821707,0.01544253,7.50509e-17,-7.53118e-16,-3.52962e-16,8.351057e-16,0.0123248,-0.00436472,-0.00821707,0.01544253
3335,3336,0.0120599,-0.00546998,-0.0102594,0.016751632,2.14396e-16,-1.41644e-15,-1.04419e-15,1.7727382e-15,0.0120599,-0.00546998,-0.0102594,0.016751632
3336,3337,0.0116105,-0.00641874,-0.0125738,0.018278522,1.44696e-15,-6.83315e-16,-4.84279e-15,5.1003166e-15,0.0116105,-0.00641874,-0.0125738,0.018278522
3337,3338,0.0110605,-0.0075065,-0.014048,0.019391453,7.82099e-16,1.12526e-15,-1.689e-15,2.1749966e-15,0.0110605,-0.0075065,-0.014048,0.019391453
3338,3339,0.0146506,-0.00234548,-0.00202335,0.014974489,4.9954e-16,-1.1142e-15,-1.27279e-15,1.763796e-15,0.0146506,-0.00234548,-0.00202335,0.014974489
3339,3340,0.0137493,-0.00298181,-0.00334942,0.014462124,9.3124e-16,-5.64529e-16,-1.08573e-15,1.5377615e-15,0.0137493,-0.00298181,-0.00334942,0.014462124
3340,3341,0.0141276,-0.00402909,-0.00539878,0.0156515,4.22778e-16,8.32326e-16,2.38477e-16,9.635243e-16,0.0141276,-0.00402909,-0.00539878,0.0156515
3341,3342,0.0130909,-0.00501277,-0.00740212,0.015852159,-9.02676e-16,-5.16774e-16,-1.34792e-15,1.7025768e-15,0.0130909,-0.00501277,-0.00740212,0.015852159
3342,3343,0.0127145,-0.00606025,-0.00939954,0.016933296,-3.84552e-16,7.99412e-17,-3.96519e-16,5.5812017e-16,0.0127145,-0.00606025,-0.00939954,0.016933296
3343,3344,0.0116821,-0.00687621,-0.0110371,0.017480599,-1.81411e-16,8.29135e-17,-1.87606e-15,1.8866335e-15,0.0116821,-0.00687621,-0.0110371,0.017480599
3344,3345,0.0110852,-0.00778009,-0.0129299,0.01872415,5.30285e-16,-1.4956e-16,-3.29193e-16,6.418243e-16,0.0110852,-0.00778009,-0.0129299,0.01872415
3345,3346,0.00925755,-0.0104992,-0.0180078,0.02280825,3.32201e-16,-1.64782e-15,-4.26919e-15,4.588208e-15,0.00925755,-0.0104992,-0.0180078,0.02280825
3346,3347,0.0105795,-0.00887218,-0.0144653,0.019997159,-6.85653e-16,-2.43613e-15,-2.36337e-15,3.462711e-15,0.0105795,-0.00887218,-0.0144653,0.019997159
3347,3348,0.015373,-0.00116794,-0.000300047,0.015420222,-7.96224e-16,-2.05025e-17,3.45011e-15,3.5408548e-15,0.015373,-0.00116794,-0.000300047,0.015420222
3348,3349,0.0148466,-0.00180496,-0.00128247,0.015010801,-2.32834e-16,-7.34691e-17,5.21498e-16,5.758208e-16,0.0148466,-0.00180496,-0.00128247,0.015010801
3349,3350,0.0142434,-0.0024055,-0.00193567,0.014574213,-6.27986e-17,9.76961e-16,-3.01083e-16,1.0242302e-15,0.0142434,-0.0024055,-0.00193567,0.014574213
3350,3351,0.0139736,-0.00343344,-0.00291142,0.014680817,-3.65207e-16,-4.47811e-16,-2.1887e-15,2.2636958e-15,0.0139736,-0.00343344,-0.00291142,0.014680817
3351,3352,0.0134432,-0.00408118,-0.00375864,0.014543144,-1.32313e-16,3.64279e-16,-4.6179e-16,6.0287305e-16,0.0134432,-0.00408118,-0.00375864,0.014543144
3352,3353,0.0133091,-0.00516377,-0.00610797,0.015527523,1.00188e-15,7.14119e-16,3.45593e-16,1.2779531e-15,0.0133091,-0.00516377,-0.00610797,0.015527523
3353,3354,0.0123295,-0.00602284,-0.00781897,0.015793273,-1.87262e-16,-2.66611e-17,3.97978e-16,4.4064086e-16,0.0123295,-0.00602284,-0.00781897,0.015793273
3354,3355,0.0157167,1.64461e-05,0.00301584,0.016003445,-1.70549e-16,4.6349e-16,1.03972e-15,1.151055e-15,0.0157167,1.64461e-05,0.00301584,0.016003445
3355,3356,0.0153816,-0.000692186,0.00239409,0.015582182,-3.82181e-16,1.02008e-15,-1.78928e-15,2.0947908e-15,0.0153816,-0.000692186,0.00239409,0.015582182
3356,3357,0.0154714,-0.00119735,0.00129528,0.015571628,3.58628e-16,7.12466e-16,-2.42619e-15,2.553942e-15,0.0154714,-0.00119735,0.00129528,0.015571628
3357,3358,0.0153252,-0.0019143,0.000164919,0.015445177,-2.59479e-16,9.19248e-17,9.4554e-16,9.847971e-16,0.0153252,-0.0019143,0.000164919,0.015445177
3358,3359,0.0142246,-0.00259027,-0.00103819,0.014495743,4.76734e-17,-9.22812e-17,6.00547e-16,6.094631e-16,0.0142246,-0.00259027,-0.00103819,0.014495743
3359,3360,0.0136249,-0.00297019,-0.00188084,0.014071157,-3.05035e-17,-5.54677e-16,5.14509e-15,5.1749923e-15,0.0136249,-0.00297019,-0.00188084,0.014071157
3360,3361,0.013071,-0.00395692,-0.00378335,0.014171167,-7.56053e-16,-8.55808e-17,3.6903e-15,3.7679244e-15,0.013071,-0.00395692,-0.00378335,0.014171167
3361,3362,0.0116934,-0.0072192,-0.00917173,0.016521897,-1.10646e-15,-9.22144e-16,4.22789e-17,1.4409687e-15,0.0116934,-0.0072192,-0.00917173,0.016521897
3362,3363,0.0166093,0.000614677,0.00443007,0.017200936,-1.40451e-15,4.19747e-16,-7.07929e-16,1.6278819e-15,0.0166093,0.000614677,0.00443007,0.017200936
3363,3364,0.0159811,0.000282293,0.00377283,0.016422834,-4.00458e-16,-6.73602e-17,-3.05253e-15,3.0794224e-15,0.0159811,0.000282293,0.00377283,0.016422834
3364,3365,0.0157941,3.18186e-05,0.00336065,0.016147712,1.03696e-15,-4.30917e-16,-1.42052e-15,1.8107601e-15,0.0157941,3.18186e-05,0.00336065,0.016147712
3365,3366,0.0153362,-0.00060303,0.00256523,0.015560947,1.1807e-16,-6.00146e-17,-5.04942e-16,5.2202365e-16,0.0153362,-0.00060303,0.00256523,0.015560947
3366,3367,0.0149969,-0.00129652,0.00110497,0.015093341,-5.70575e-16,-7.10494e-17,-1.62967e-15,1.7281286e-15,0.0149969,-0.00129652,0.00110497,0.015093341
3367,3368,0.0142195,-0.00155679,-0.000359773,0.014308991,8.40364e-16,9.45017e-16,-2.37061e-15,2.6868309e-15,0.0142195,-0.00155679,-0.000359773,0.014308991
3368,3369,0.0145873,-0.00269005,-0.000759245,0.014852681,-4.78498e-16,-2.99813e-16,2.94328e-16,6.367709e-16,0.0145873,-0.00269005,-0.000759245,0.014852681
3369,3370,0.0126377,-0.00518736,-0.00644513,0.015104962,-2.16709e-15,-6.15107e-16,4.29089e-15,4.8462744e-15,0.0126377,-0.00518736,-0.00644513,0.015104962
3370,3371,0.0162076,0.00164722,0.00613039,0.017406357,-8.43113e-16,-4.95167e-16,-1.75879e-15,2.0123053e-15,0.0162076,0.00164722,0.00613039,0.017406357
3371,3372,0.0164348,0.00147151,0.00594443,0.01753865,-7.77375e-16,-2.7056e-16,-2.77938e-17,8.235819e-16,0.0164348,0.00147151,0.00594443,0.01753865
3372,3373,0.0161576,0.00128241,0.00516737,0.01701218,-1.60575e-16,-4.95672e-16,-8.81119e-16,1.0236433e-15,0.0161576,0.00128241,0.00516737,0.01701218
3373,3374,0.0154169,0.000833953,0.00417683,0.015994443,-3.27257e-16,-1.96072e-16,-4.10395e-16,5.603262e-16,0.0154169,0.000833953,0.00417683,0.015994443
3374,3375,0.0157874,0.000512765,0.00344313,0.016166635,2.36254e-16,6.86754e-16,-3.88064e-15,3.948014e-15,0.0157874,0.000512765,0.00344313,0.016166635
3375,3376,0.0156917,0.00031314,0.00340222,0.016059345,2.55492e-16,5.38412e-16,-1.4845e-15,1.5996574e-15,0.0156917,0.00031314,0.00340222,0.016059345
3376,3377,0.0154126,-0.000968171,0.00221274,0.015600699,9.65306e-17,-9.05197e-16,3.05164e-15,3.184526e-15,0.0154126,-0.000968171,0.00221274,0.015600699
3377,3378,0.0149579,-0.000336037,0.00266003,0.015196297,-9.8759e-16,1.17113e-15,2.47312e-15,2.9091584e-15,0.0149579,-0.000336037,0.00266003,0.015196297
3378,3379,0.0148398,-0.00151063,0.00168854,0.015011757,1.33926e-16,-4.31986e-16,4.47853e-16,6.364907e-16,0.0148398,-0.00151063,0.00168854,0.015011757
3379,3380,0.0145589,-0.00285991,-0.000446607,0.014843858,1.24521e-15,-8.10493e-16,-1.15261e-16,1.4902121e-15,0.0145589,-0.00285991,-0.000446607,0.014843858
3380,3381,0.0141765,-0.00326081,-0.00151128,0.014624978,5.51915e-16,-1.71484e-15,1.23331e-15,2.1831948e-15,0.0141765,-0.00326081,-0.00151128,0.014624978
3381,3382,0.00364229,-0.0141753,-0.023313,0.027526375,2.16372e-15,-3.34929e-16,2.98633e-16,2.209761e-15,0.00364229,-0.0141753,-0.023313,0.027526375
3382,3383,0.00363282,-0.013919,-0.0221589,0.026418796,1.03905e-16,-5.05698e-16,-1.27699e-15,1.3773998e-15,0.00363282,-0.013919,-0.0221589,0.026418796
3383,3384,0.00357387,-0.013416,-0.023053,0.02691101,-1.02653e-15,-1.74053e-15,1.67685e-16,2.0276406e-15,0.00357387,-0.013416,-0.023053,0.02691101
3384,3385,0.00354857,-0.0143361,-0.024076,0.02824482,-1.78831e-15,-1.85924e-18,1.81852e-16,1.7975333e-15,0.00354857,-0.0143361,-0.024076,0.02824482
3385,3386,0.00354058,-0.0144095,-0.0246493,0.028770773,-5.25591e-16,-8.28634e-16,-1.20535e-15,1.554268e-15,0.00354058,-0.0144095,-0.0246493,0.028770773
3386,3387,0.00311557,-0.0142432,-0.0242555,0.028300261,2.06948e-16,-8.35331e-16,-3.11567e-15,3.2323374e-15,0.00311557,-0.0142432,-0.0242555,0.028300261
3387,3388,0.0030432,-0.0139981,-0.0254779,0.029228944,1.02528e-15,-4.13832e-16,-2.86637e-15,3.0722196e-15,0.0030432,-0.0139981,-0.0254779,0.029228944
3388,3389,0.00279367,-0.0145543,-0.0265587,0.03041376,2.14577e-15,-1.91711e-16,-3.92858e-15,4.4804934e-15,0.00279367,-0.0145543,-0.0265587,0.03041376
3389,3390,0.00252811,-0.0136693,-0.0259088,0.0294025,9.20693e-16,-9.66294e-16,-5.4053e-15,5.567645e-15,0.00252811,-0.0136693,-0.0259088,0.0294025
3390,3391,0.00240145,-0.0128871,-0.0271437,0.030143404,4.11471e-16,-1.82096e-15,-7.81742e-15,8.037242e-15,0.00240145,-0.0128871,-0.0271437,0.030143404
3391,3392,0.00173911,-0.0112724,-0.0276283,0.02989004,3.71404e-16,-8.40838e-16,-3.28865e-15,3.414699e-15,0.00173911,-0.0112724,-0.0276283,0.02989004
3392,3393,0.00118415,-0.00804953,-0.0255296,0.026794732,-5.89358e-16,1.08341e-15,-2.83718e-15,3.0936565e-15,0.00118415,-0.00804953,-0.0255296,0.026794732
3393,3394,0.00515678,-0.0126748,-0.021083,0.025134355,1.75563e-15,7.06645e-16,-1.1199e-15,2.1990362e-15,0.00515678,-0.0126748,-0.021083,0.025134355
3394,3395,0.00611178,-0.0120472,-0.0206964,0.024714973,5.83395e-16,4.62249e-16,-1.37834e-15,1.5664753e-15,0.00611178,-0.0120472,-0.0206964,0.024714973
3395,3396,0.00557039,-0.0123335,-0.0214695,0.025378808,1.05598e-15,2.5609e-16,-1.74388e-15,2.0547003e-15,0.00557039,-0.0123335,-0.0214695,0.025378808
3396,3397,0.00553103,-0.0125235,-0.0220362,0.025942715,6.5264e-16,-1.84832e-17,-1.28713e-15,1.4432548e-15,0.00553103,-0.0125235,-0.0220362,0.025942715
3397,3398,0.00555156,-0.0129692,-0.0225459,0.026595818,1.23401e-16,6.61556e-16,-8.84167e-17,6.787501e-16,0.00555156,-0.0129692,-0.0225459,0.026595818
3398,3399,0.00522772,-0.0132359,-0.0228508,0.026919829,1.4727e-15,-1.60537e-16,-2.34002e-15,2.7695326e-15,0.00522772,-0.0132359,-0.0228508,0.026919829
3399,3400,0.00472971,-0.0131935,-0.0241982,0.027964111,9.69339e-16,-5.09178e-16,-2.20538e-15,2.462231e-15,0.00472971,-0.0131935,-0.0241982,0.027964111
3400,3401,0.00517464,-0.0141574,-0.0265445,0.030525716,1.31333e-15,-1.25204e-15,-1.29499e-15,2.2292239e-15,0.00517464,-0.0141574,-0.0265445,0.030525716
3401,3402,0.00454823,-0.0128943,-0.0259238,0.02930858,9.51411e-16,-1.41956e-15,7.96477e-17,1.7107534e-15,0.00454823,-0.0128943,-0.0259238,0.02930858
3402,3403,0.00424778,-0.0118645,-0.0258966,0.028800067,2.78101e-16,-1.37539e-15,5.62937e-16,1.5119312e-15,0.00424778,-0.0118645,-0.0258966,0.028800067
3403,3404,0.0038684,-0.0105118,-0.0266895,0.028944634,2.16639e-16,-3.37007e-16,8.26915e-16,9.18855e-16,0.0038684,-0.0105118,-0.0266895,0.028944634
3404,3405,0.00338893,-0.00777384,-0.0249332,0.026335943,-2.35014e-16,-8.22691e-16,9.66152e-16,1.2905432e-15,0.00338893,-0.00777384,-0.0249332,0.026335943
3405,3406,0.00838482,-0.0111264,-0.0197834,0.024196796,6.1915e-16,3.80851e-16,-2.15684e-15,2.276039e-15,0.00838482,-0.0111264,-0.0197834,0.024196796
3406,3407,0.00774289,-0.0119824,-0.0208196,0.025238583,1.30128e-15,-4.66634e-16,-1.47344e-15,2.0204213e-15,0.00774289,-0.0119824,-0.0208196,0.025238583
3407,3408,0.00705602,-0.0119991,-0.0208891,0.025102196,2.28777e-16,-3.21211e-16,-1.19831e-15,1.2615317e-15,0.00705602,-0.0119991,-0.0208891,0.025102196
3408,3409,0.00951321,-0.00949879,-0.0155003,0.020517979,5.10257e-16,2.42286e-16,-1.96207e-15,2.04176e-15,0.00951321,-0.00949879,-0.0155003,0.020517979
3409,3410,0.00886405,-0.0106838,-0.0176266,0.022436844,9.04047e-16,-8.15013e-16,-1.02975e-15,1.5943439e-15,0.00886405,-0.0106838,-0.0176266,0.022436844
3410,3411,0.00735502,-0.0113813,-0.0190052,0.02334155,-8.4033e-16,1.00444e-15,-1.11893e-15,1.7225152e-15,0.00735502,-0.0113813,-0.0190052,0.02334155
3411,3412,0.00681915,-0.0119179,-0.0211432,0.025210554,-2.75596e-16,6.88415e-16,-2.63999e-15,2.7421552e-15,0.00681915,-0.0119179,-0.0211432,0.025210554
3412,3413,0.00639358,-0.0128901,-0.0234843,0.027541695,3.09014e-17,-1.04264e-15,-1.24493e-15,1.6241624e-15,0.00639358,-0.0128901,-0.0234843,0.027541695
3413,3414,0.00870371,-0.00968111,-0.0168768,0.02131443,-1.10271e-15,5.02081e-16,-1.10262e-15,1.6382385e-15,0.00870371,-0.00968111,-0.0168768,0.02131443
3414,3415,0.00796431,-0.0105733,-0.0197166,0.023748036,-5.41718e-16,3.94191e-16,-1.26557e-15,1.4319611e-15,0.00796431,-0.0105733,-0.0197166,0.023748036
3415,3416,0.00740535,-0.0127344,-0.0247072,0.028765429,1.3824e-15,-3.61987e-16,-3.05627e-15,3.373848e-15,0.00740535,-0.0127344,-0.0247072,0.028765429
3416,3417,0.00697489,-0.0126907,-0.0265523,0.030244464,1.51739e-15,-4.99431e-16,-2.40267e-15,2.8852602e-15,0.00697489,-0.0126907,-0.0265523,0.030244464
3417,3418,0.00682013,-0.0116992,-0.0262228,0.029513061,1.40946e-15,-5.91155e-16,-1.55402e-16,1.5362914e-15,0.00682013,-0.0116992,-0.0262228,0.029513061
3418,3419,0.00634393,-0.0105251,-0.0277388,0.030339152,1.29724e-15,-4.07678e-16,-2.70595e-15,3.0283986e-15,0.00634393,-0.0105251,-0.0277388,0.030339152
3419,3420,0.0059573,-0.00814095,-0.0255412,0.027461197,3.79021e-16,5.05682e-16,8.4895e-16,1.0583417e-15,0.0059573,-0.00814095,-0.0255412,0.027461197
3420,3421,0.0109279,-0.00802243,-0.0110932,0.017516777,-4.36363e-16,-4.95188e-16,1.13217e-15,1.3105085e-15,0.0109279,-0.00802243,-0.0110932,0.017516777
3421,3422,0.0100412,-0.00915441,-0.0139996,0.019509425,-1.33014e-15,-5.47034e-17,9.51443e-16,1.6363095e-15,0.0100412,-0.00915441,-0.0139996,0.019509425
3422,3423,0.0119834,-0.00627109,-0.00943622,0.016491534,2.70175e-16,9.4461e-17,-1.26968e-15,1.3015394e-15,0.0119834,-0.00627109,-0.00943622,0.016491534
3423,3424,0.0110742,-0.00760636,-0.012277,0.018199433,-1.92557e-17,4.28346e-17,3.1332e-16,3.1682015e-16,0.0110742,-0.00760636,-0.012277,0.018199433
3424,3425,0.0101941,-0.0083719,-0.0149808,0.019960782,-1.34226e-16,-6.77872e-16,-2.91553e-15,2.9963047e-15,0.0101941,-0.0083719,-0.0149808,0.019960782
3425,3426,0.00914472,-0.00905536,-0.0176177,0.021817626,-1.30393e-15,-1.7562e-15,-2.93663e-17,2.1875407e-15,0.00914472,-0.00905536,-0.0176177,0.021817626
3426,3427,0.00900458,-0.0106452,-0.0214745,0.025603844,4.13358e-16,-5.59687e-16,-6.5248e-16,9.538578e-16,0.00900458,-0.0106452,-0.0214745,0.025603844
3427,3428,0.0084872,-0.0112842,-0.0237416,0.027622985,-2.76697e-16,-1.09596e-15,6.52532e-16,1.3051773e-15,0.0084872,-0.0112842,-0.0237416,0.027622985
3428,3429,0.0130189,-0.00475456,-0.0049733,0.014725193,9.71478e-17,3.1588e-16,-2.05237e-15,2.0788075e-15,0.0130189,-0.00475456,-0.0049733,0.014725193
3429,3430,0.0119064,-0.00608525,-0.00819062,0.015680525,3.20083e-17,-2.01481e-16,-9.48993e-16,9.706733e-16,0.0119064,-0.00608525,-0.00819062,0.015680525
3430,3431,0.0118298,-0.00731339,-0.011757,0.018211449,1.73822e-15,-1.29975e-15,-7.34416e-16,2.2913154e-15,0.0118298,-0.00731339,-0.011757,0.018211449
3431,3432,0.0104793,-0.00793708,-0.0149545,0.019911053,2.08108e-16,-1.317e-15,2.82899e-15,3.1274563e-15,0.0104793,-0.00793708,-0.0149545,0.019911053
3432,3433,0.0104435,-0.00945503,-0.0194955,0.024052834,-1.63873e-16,-1.79645e-15,2.03976e-15,2.722996e-15,0.0104435,-0.00945503,-0.0194955,0.024052834
3433,3434,0.00910223,-0.00985149,-0.0232328,0.026826581,2.23865e-16,-2.90807e-16,-9.38627e-16,1.0078218e-15,0.00910223,-0.00985149,-0.0232328,0.026826581
3434,3435,0.00789842,-0.00951761,-0.0251525,0.028028881,-5.05863e-16,6.73782e-16,-1.22304e-15,1.485162e-15,0.00789842,-0.00951761,-0.0251525,0.028028881
3435,3436,0.00978332,-0.00768896,-0.0212492,0.024624417,6.5802e-16,9.3367e-16,-2.93211e-15,3.1467443e-15,0.00978332,-0.00768896,-0.0212492,0.024624417
3436,3437,0.00820792,-0.00806468,-0.0239928,0.026609462,1.4999e-15,1.20391e-15,-1.48092e-15,2.4273902e-15,0.00820792,-0.00806468,-0.0239928,0.026609462
3437,3438,0.0136531,-0.00365858,-0.00213216,0.0142947,2.00559e-16,-3.48838e-16,-8.01176e-16,8.96546e-16,0.0136531,-0.00365858,-0.00213216,0.0142947
3438,3439,0.0128129,-0.00479414,-0.00471317,0.01446956,1.47038e-15,5.7984e-17,1.29355e-15,1.9592476e-15,0.0128129,-0.00479414,-0.00471317,0.01446956
3439,3440,0.0127505,-0.00569891,-0.00803747,0.016113775,7.1386e-16,-2.86349e-16,-1.96572e-15,2.1108404e-15,0.0127505,-0.00569891,-0.00803747,0.016113775
3440,3441,0.0118044,-0.00666187,-0.0120358,0.01812691,2.45146e-16,1.61931e-16,1.05061e-15,1.0909169e-15,0.0118044,-0.00666187,-0.0120358,0.01812691
3441,3442,0.0116508,-0.00780559,-0.0164324,0.021603059,8.85818e-16,-3.41056e-16,3.23466e-16,1.0028076e-15,0.0116508,-0.00780559,-0.0164324,0.021603059
3442,3443,0.01084,-0.00839645,-0.019582,0.023905244,2.68288e-16,1.1632e-15,-3.5405e-15,3.736329e-15,0.01084,-0.00839645,-0.019582,0.023905244
3443,3444,0.0139018,-0.00227722,0.0001068,0.014087483,4.24445e-16,-3.82837e-16,-2.81356e-15,2.871034e-15,0.0139018,-0.00227722,0.0001068,0.014087483
3444,3445,0.0144437,-0.00181964,0.00111577,0.014600566,-1.31016e-15,1.60993e-15,-4.58192e-16,2.1256372e-15,0.0144437,-0.00181964,0.00111577,0.014600566
3445,3446,0.0136141,-0.00316637,-0.00187713,0.014102952,9.19597e-16,-4.03158e-16,2.15415e-15,2.3766694e-15,0.0136141,-0.00316637,-0.00187713,0.014102952
3446,3447,0.0131377,-0.00374381,-0.00454111,0.014395727,-4.37239e-17,-3.90197e-17,-2.24921e-16,2.3243016e-16,0.0131377,-0.00374381,-0.00454111,0.014395727
3447,3448,0.0124649,-0.00475434,-0.00879604,0.015979607,1.39681e-15,3.10135e-16,2.54163e-16,1.4532241e-15,0.0124649,-0.00475434,-0.00879604,0.015979607
3448,3449,0.0121987,-0.00584781,-0.0135568,0.019151814,4.96931e-16,-2.91521e-16,-3.24328e-16,6.6114564e-16,0.0121987,-0.00584781,-0.0135568,0.019151814
3449,3450,0.0114437,-0.00696662,-0.0180172,0.022452429,8.43306e-16,7.19571e-16,-2.14884e-15,2.4179455e-15,0.0114437,-0.00696662,-0.0180172,0.022452429
3450,3451,0.0118718,0.011161,0.0187264,0.024823086,2.08603e-15,5.29466e-16,-1.50851e-15,2.6282043e-15,0.0118718,0.011161,0.0187264,0.024823086
3451,3452,0.0119532,0.010889,0.0187262,0.024741057,-4.1963e-16,2.55665e-15,-1.38251e-15,2.9366448e-15,0.0119532,0.010889,0.0187262,0.024741057
3452,3453,0.0118335,0.010545,0.0177988,0.023833297,5.39473e-17,2.02539e-15,-8.37875e-17,2.02784e-15,0.0118335,0.010545,0.0177988,0.023833297
3453,3454,0.0121892,0.0103663,0.0174164,0.023650957,1.14179e-15,-4.02978e-16,3.12517e-15,3.3515315e-15,0.0121892,0.0103663,0.0174164,0.023650957
3454,3455,0.0117477,0.0112477,0.0189272,0.024955122,1.04903e-15,2.33269e-16,-2.26714e-15,2.5089444e-15,0.0117477,0.0112477,0.0189272,0.024955122
3455,3456,0.0122199,0.0098036,0.0172362,0.023292126,6.67707e-16,1.63704e-15,-5.17767e-15,5.4711976e-15,0.0122199,0.0098036,0.0172362,0.023292126
3456,3457,0.011859,0.0106734,0.0186216,0.024521854,-8.06676e-17,1.99633e-15,2.53719e-15,3.2294232e-15,0.011859,0.0106734,0.0186216,0.024521854
3457,3458,0.0111198,0.0112456,0.0186769,0.024473252,3.22051e-16,5.42336e-16,-1.43117e-15,1.5639989e-15,0.0111198,0.0112456,0.0186769,0.024473252
3458,3459,0.0128284,0.0095656,0.0173242,0.023583816,8.47576e-16,-1.02703e-15,-1.12781e-15,1.7450304e-15,0.0128284,0.0095656,0.0173242,0.023583816
3459,3460,0.013285,0.00930921,0.0170473,0.023532169,1.7236e-15,-1.55247e-15,3.41955e-16,2.3447587e-15,0.013285,0.00930921,0.0170473,0.023532169
3460,3461,0.0120651,0.010028,0.017668,0.02362807,3.34154e-17,-6.49447e-16,9.96119e-16,1.1896011e-15,0.0120651,0.010028,0.017668,0.02362807
3461,3462,0.0116683,0.0112574,0.0187805,0.024810996,2.7239e-15,-4.09072e-16,1.58942e-15,3.18013e-15,0.0116683,0.0112574,0.0187805,0.024810996
3462,3463,0.0120967,0.00973047,0.0172595,0.023214275,-3.09131e-16,2.14164e-15,4.12943e-15,4.6620143e-15,0.0120967,0.00973047,0.0172595,0.023214275
3463,3464,0.0113565,0.0105185,0.0174197,0.023303539,1.08902e-16,2.64162e-15,-1.08816e-15,2.8590399e-15,0.0113565,0.0105185,0.0174197,0.023303539
3464,3465,0.0123884,0.0103123,0.0184754,0.02451849,1.50873e-15,-7.12475e-16,-3.35504e-15,3.7470226e-15,0.0123884,0.0103123,0.0184754,0.02451849
3465,3466,0.0112736,0.0109359,0.0192551,0.024848478,1.49447e-15,1.89709e-15,-1.0414e-15,2.6300009e-15,0.0112736,0.0109359,0.0192551,0.024848478
3466,3467,0.0104181,0.011715,0.0199654,0.025384942,1.56735e-15,5.38233e-16,2.46553e-15,2.9707101e-15,0.0104181,0.011715,0.0199654,0.025384942
3467,3468,0.011912,0.00937126,0.0177186,0.023316626,1.43892e-15,1.48239e-15,-6.33561e-16,2.1608725e-15,0.011912,0.00937126,0.0177186,0.023316626
3468,3469,0.0113707,0.0102686,0.0185811,0.024083069,9.81734e-16,1.72791e-15,-1.78977e-15,2.6744627e-15,0.0113707,0.0102686,0.0185811,0.024083069
3469,3470,0.0108975,0.0113282,0.0196046,0.02512815,3.29236e-16,1.62871e-15,-3.2805e-16,1.6937266e-15,0.0108975,0.0113282,0.0196046,0.02512815
3470,3471,0.0121832,0.010181,0.0183965,0.024300503,2.31107e-15,4.33542e-16,-9.41721e-16,2.5329512e-15,0.0121832,0.010181,0.0183965,0.024300503
3471,3472,0.0108876,0.0109526,0.0188467,0.024365908,1.90091e-15,1.46843e-15,-7.00795e-17,2.4030515e-15,0.0108876,0.0109526,0.0188467,0.024365908
3472,3473,0.0124665,0.00975961,0.0176488,0.02370957,1.40147e-15,6.36169e-16,2.54667e-15,2.9756272e-15,0.0124665,0.00975961,0.0176488,0.02370957
3473,3474,0.0112763,0.0104546,0.0182826,0.023889475,8.51395e-16,-1.30566e-16,1.51444e-15,1.7422541e-15,0.0112763,0.0104546,0.0182826,0.023889475
3474,3475,0.012077,0.0102586,0.0186314,0.024458576,7.09141e-16,1.80529e-15,4.37226e-15,4.783159e-15,0.012077,0.0102586,0.0186314,0.024458576
3475,3476,0.0110902,0.01128,0.0194514,0.025071656,3.65029e-16,2.0263e-15,3.06192e-15,3.689782e-15,0.0110902,0.01128,0.0194514,0.025071656
3476,3477,0.0123923,0.00971009,0.0175848,0.023602545,6.61112e-16,3.04361e-16,-1.28146e-15,1.4737179e-15,0.0123923,0.00971009,0.0175848,0.023602545
3477,3478,0.0134186,0.00850485,0.0159811,0.022534126,1.10367e-16,-2.9139e-16,1.62408e-15,1.6537004e-15,0.0134186,0.00850485,0.0159811,0.022534126
3478,3479,0.0122615,0.00895174,0.0163431,0.022306388,3.80107e-16,-3.17437e-16,-2.4211e-16,5.5123935e-16,0.0122615,0.00895174,0.0163431,0.022306388
3479,3480,0.0136167,0.00814309,0.0146298,0.021581369,1.01077e-15,1.97858e-15,-6.75862e-16,2.3223316e-15,0.0136167,0.00814309,0.0146298,0.021581369
3480,3481,0.0130138,0.00899555,0.0161404,0.022600695,6.14965e-16,2.28244e-15,2.27603e-15,3.2814673e-15,0.0130138,0.00899555,0.0161404,0.022600695
3481,3482,0.0142764,0.00754329,0.013507,0.021051267,3.23422e-16,-6.70584e-16,-3.26313e-15,3.346984e-15,0.0142764,0.00754329,0.013507,0.021051267
3482,3483,0.0137381,0.00855972,0.0156542,0.022517953,1.22052e-15,5.7094e-16,5.36052e-16,1.4501701e-15,0.0137381,0.00855972,0.0156542,0.022517953
3483,3484,0.0126088,0.00913748,0.016767,0.022882476,1.02703e-15,-8.44904e-17,2.48984e-15,2.6946674e-15,0.0126088,0.00913748,0.016767,0.022882476
3484,3485,0.0134768,0.00771464,0.0140889,0.02096752,7.70648e-16,9.43534e-16,6.22971e-16,1.368301e-15,0.0134768,0.00771464,0.0140889,0.02096752
3485,3486,0.0129718,0.00885339,0.016843,0.02302904,1.56058e-15,1.60757e-15,1.88426e-16,2.2483761e-15,0.0129718,0.00885339,0.016843,0.02302904
3486,3487,0.0141569,0.00717739,0.0136225,0.020916628,1.03719e-16,-1.41319e-15,9.33033e-16,1.6965889e-15,0.0141569,0.00717739,0.0136225,0.020916628
3487,3488,0.0133939,0.00803875,0.0159055,0.022293564,5.79957e-16,-1.88242e-15,1.47255e-15,2.4593208e-15,0.0133939,0.00803875,0.0159055,0.022293564
3488,3489,0.0125048,0.00882343,0.0169164,0.022812005,2.33142e-15,-5.93337e-16,-2.01318e-15,3.1369512e-15,0.0125048,0.00882343,0.0169164,0.022812005
3489,3490,0.0140293,0.00778141,0.0154717,0.022287779,3.31617e-16,1.17214e-15,-4.69108e-16,1.3053522e-15,0.0140293,0.00778141,0.0154717,0.022287779
3490,3491,0.0130223,0.00852124,0.0164791,0.022666112,2.02197e-15,3.35352e-16,-1.63948e-15,2.6246368e-15,0.0130223,0.00852124,0.0164791,0.022666112
3491,3492,0.013733,0.00695702,0.0141679,0.020921875,2.18028e-15,1.61228e-15,8.9792e-16,2.8564537e-15,0.013733,0.00695702,0.0141679,0.020921875
3492,3493,0.0129813,0.00781157,0.0158009,0.021890711,1.77749e-15,6.3798e-16,1.32592e-15,2.3074992e-15,0.0129813,0.00781157,0.0158009,0.021890711
3493,3494,0.0142865,0.00640192,0.0132844,0.020532023,8.6195e-16,-2.46961e-16,9.24353e-16,1.2877794e-15,0.0142865,0.00640192,0.0132844,0.020532023
3494,3495,0.0120806,0.00877511,0.0164608,0.022223892,1.74835e-15,1.35527e-15,1.26361e-15,2.547586e-15,0.0120806,0.00877511,0.0164608,0.022223892
3495,3496,0.0134615,0.00715328,0.0149784,0.021371333,-2.64469e-16,-1.46776e-15,3.91878e-15,4.192982e-15,0.0134615,0.00715328,0.0149784,0.021371333
3496,3497,0.0128139,0.00826897,0.0153167,0.021614188,-2.01951e-17,-1.20563e-15,1.80104e-15,2.1674171e-15,0.0128139,0.00826897,0.0153167,0.021614188
3497,3498,0.0144375,0.00729923,0.0127715,0.020611439,8.38783e-16,1.06057e-15,9.11679e-16,1.6308048e-15,0.0144375,0.00729923,0.0127715,0.020611439
3498,3499,0.0143373,0.00634931,0.0109016,0.019097561,6.88799e-17,-8.2843e-16,1.0198e-15,1.3156872e-15,0.0143373,0.00634931,0.0109016,0.019097561
3499,3500,0.0149149,0.00598832,0.0101563,0.019012224,6.59252e-16,-6.90698e-16,4.389e-16,1.0508617e-15,0.0149149,0.00598832,0.0101563,0.019012224
3500,3501,0.0147969,0.00492225,0.00900784,0.01800883,1.25281e-15,3.34765e-16,-7.35137e-16,1.4906465e-15,0.0147969,0.00492225,0.00900784,0.01800883
3501,3502,0.0158674,0.00474532,0.007695,0.018262133,6.56204e-16,1.21979e-15,4.62466e-15,4.8276257e-15,0.0158674,0.00474532,0.007695,0.018262133
3502,3503,0.0151365,0.0041778,0.0068466,0.017130196,-1.47099e-16,8.81311e-16,3.4115e-15,3.5265677e-15,0.0151365,0.0041778,0.0068466,0.017130196
3503,3504,0.0139544,0.00676472,0.0116751,0.019411199,1.16073e-15,-6.23542e-16,-1.69194e-15,2.1444719e-15,0.0139544,0.00676472,0.0116751,0.019411199
3504,3505,0.0147214,0.00587627,0.0100484,0.018767538,1.19052e-15,1.74209e-15,-8.07009e-16,2.259088e-15,0.0147214,0.00587627,0.0100484,0.018767538
3505,3506,0.0149896,0.00563225,0.00919991,0.018467503,-2.05767e-16,-1.00048e-16,1.10621e-15,1.1296239e-15,0.0149896,0.00563225,0.00919991,0.018467503
3506,3507,0.0153199,0.00507208,0.00831349,0.01815322,1.69816e-15,6.76293e-17,2.05834e-15,2.6692854e-15,0.0153199,0.00507208,0.00831349,0.01815322
3507,3508,0.0161775,0.00373269,0.0064521,0.017812189,3.89799e-16,-4.18115e-16,5.92413e-17,5.7469375e-16,0.0161775,0.00373269,0.0064521,0.017812189
3508,3509,0.0146358,0.00677709,0.0128095,0.020596575,-5.16602e-16,1.90646e-15,-2.25242e-15,2.9958077e-15,0.0146358,0.00677709,0.0128095,0.020596575
3509,3510,0.0146206,0.00617422,0.0118138,0.019785065,2.00472e-15,1.1672e-15,2.54118e-16,2.3336313e-15,0.0146206,0.00617422,0.0118138,0.019785065
3510,3511,0.0159972,0.00441505,0.00730274,0.018130997,-8.76304e-16,1.90624e-16,3.2396e-15,3.3614363e-15,0.0159972,0.00441505,0.00730274,0.018130997
3511,3512,0.0150364,0.00557101,0.0106795,0.019266063,1.06191e-16,2.00251e-16,3.99926e-15,4.0056785e-15,0.0150364,0.00557101,0.0106795,0.019266063
3512,3513,0.011174,0.0100358,0.0174567,0.023028502,6.99385e-16,-6.85149e-16,2.67e-15,2.8438475e-15,0.011174,0.0100358,0.0174567,0.023028502
3513,3514,0.0115566,0.010878,0.0187377,0.0245558,-7.7878e-16,1.41508e-15,1.18527e-15,2.0034508e-15,0.0115566,0.010878,0.0187377,0.0245558
3514,3515,0.0102812,0.0109117,0.0182077,0.023585772,1.45554e-15,1.56949e-16,1.92297e-15,2.4168251e-15,0.0102812,0.0109117,0.0182077,0.023585772
3515,3516,0.0117045,0.010066,0.0178141,0.02357248,-3.54415e-17,2.50465e-16,3.75509e-15,3.7636007e-15,0.0117045,0.010066,0.0178141,0.02357248
3516,3517,0.00958762,0.0115094,0.0191654,0.024324913,4.45472e-16,2.51444e-16,6.2675e-16,8.0900244e-16,0.00958762,0.0115094,0.0191654,0.024324913
3517,3518,0.0115573,0.0109622,0.0193216,0.025041271,2.10428e-15,-6.38352e-16,-2.81873e-16,2.2169664e-15,0.0115573,0.0109622,0.0193216,0.025041271
3518,3519,0.0107651,0.0109162,0.0189454,0.024371684,-2.943e-16,7.91286e-16,-1.02614e-15,1.3288e-15,0.0107651,0.0109162,0.0189454,0.024371684
3519,3520,0.0100288,0.01102,0.0187719,0.023966674,-1.45614e-15,6.47569e-16,1.33594e-15,2.0795252e-15,0.0100288,0.01102,0.0187719,0.023966674
3520,3521,0.0104368,0.0120115,0.0197143,0.025334887,-1.28413e-16,1.0412e-16,4.39593e-16,4.6965187e-16,0.0104368,0.0120115,0.0197143,0.025334887
3521,3522,0.0114937,0.0100398,0.0174172,0.023157323,1.23685e-16,-6.75538e-16,-1.91696e-15,2.0362676e-15,0.0114937,0.0100398,0.0174172,0.023157323
3522,3523,0.0110647,0.010127,0.0183032,0.023664126,-1.75989e-19,-9.32808e-16,1.08533e-15,1.4311086e-15,0.0110647,0.010127,0.0183032,0.023664126
3523,3524,0.00955356,0.0120451,0.018331,0.023924476,-1.19594e-16,-4.13074e-16,1.42994e-16,4.5318883e-16,0.00955356,0.0120451,0.018331,0.023924476
3524,3525,0.014183,0.00724948,0.0142314,0.021359896,-5.53412e-16,3.31412e-15,-1.55628e-15,3.7029265e-15,0.014183,0.00724948,0.0142314,0.021359896
3525,3526,0.0126644,0.00771765,0.0145176,0.020753551,-2.2376e-16,4.83296e-16,-5.41062e-16,7.592046e-16,0.0126644,0.00771765,0.0145176,0.020753551
3526,3527,0.0139561,0.00673457,0.0130841,0.020281047,-1.49423e-15,-2.4543e-17,2.06981e-15,2.5529274e-15,0.0139561,0.00673457,0.0130841,0.020281047
3527,3528,0.0119311,0.00889948,0.0163538,0.022113316,1.67538e-15,-1.181e-15,2.61657e-15,3.3238678e-15,0.0119311,0.00889948,0.0163538,0.022113316
3528,3529,0.01316,0.0077045,0.0137923,0.02056143,-9.12076e-17,-6.57414e-16,2.14837e-15,2.2485563e-15,0.01316,0.0077045,0.0137923,0.02056143
3529,3530,0.0122633,0.00884248,0.0156177,0.021736847,-1.61499e-15,-1.08358e-15,3.27541e-15,3.8092846e-15,0.0122633,0.00884248,0.0156177,0.021736847
3530,3531,0.0138538,0.00749519,0.0142436,0.021236425,6.8436e-16,3.58511e-17,3.44471e-15,3.512216e-15,0.0138538,0.00749519,0.0142436,0.021236425
3531,3532,0.0126995,0.00840512,0.01527,0.02156609,-1.20659e-16,-3.02665e-16,3.90499e-15,3.91856e-15,0.0126995,0.00840512,0.01527,0.02156609
3532,3533,0.0138667,0.00692111,0.0138038,0.020754084,1.95135e-15,8.45252e-17,4.11679e-15,4.5566294e-15,0.0138667,0.00692111,0.0138038,0.020754084
3533,3534,0.012103,0.00960581,0.0175813,0.02340633,5.98747e-16,-7.51728e-16,1.98934e-15,2.2093137e-15,0.012103,0.00960581,0.0175813,0.02340633
3534,3535,0.0131965,0.00807965,0.0150361,0.021575741,1.6082e-15,3.6736e-16,-9.7688e-16,1.9171737e-15,0.0131965,0.00807965,0.0150361,0.021575741
3535,3536,0.0120659,0.0092551,0.0171188,0.022897514,1.09372e-16,4.92501e-16,3.53401e-17,5.057355e-16,0.0120659,0.0092551,0.0171188,0.022897514
3536,3537,0.01323,0.00762203,0.0140035,0.020717777,1.01367e-15,-3.87095e-16,-1.08181e-15,1.5322148e-15,0.01323,0.00762203,0.0140035,0.020717777
3537,3538,0.0122707,0.00885027,0.0161909,0.02215948,2.75138e-15,9.47055e-16,7.5362e-17,2.9107876e-15,0.0122707,0.00885027,0.0161909,0.02215948
3538,3539,0.0130907,0.00747193,0.0132494,0.020068452,5.55808e-16,-1.67759e-16,-1.10867e-15,1.251485e-15,0.0130907,0.00747193,0.0132494,0.020068452
3539,3540,0.012187,0.00839654,0.0153016,0.021287644,-2.22517e-16,-8.75033e-16,-2.35214e-16,9.330178e-16,0.012187,0.00839654,0.0153016,0.021287644
3540,3541,0.0116987,0.00969493,0.0173363,0.023052083,1.31921e-15,-6.53443e-16,-2.46654e-17,1.4723829e-15,0.0116987,0.00969493,0.0173363,0.023052083
3541,3542,0.010766,0.0112079,0.0185034,0.024164014,1.1796e-15,-4.087e-16,-1.90296e-15,2.2759062e-15,0.010766,0.0112079,0.0185034,0.024164014
3542,3543,0.0107955,0.0107454,0.0181964,0.023730053,1.59789e-15,4.46117e-16,-2.06384e-15,2.647963e-15,0.0107955,0.0107454,0.0181964,0.023730053
3543,3544,0.0129793,0.00833545,0.0153399,0.021754412,-4.28108e-17,4.15716e-17,2.1938e-16,2.2735113e-16,0.0129793,0.00833545,0.0153399,0.021754412
3544,3545,0.012078,0.00934708,0.0170699,0.022904748,1.37235e-16,-3.57062e-16,2.42496e-15,2.4549456e-15,0.012078,0.00934708,0.0170699,0.022904748
3545,3546,0.0109957,0.0103405,0.0174685,0.023086356,-9.86872e-16,-9.5706e-16,1.1666e-15,1.8030075e-15,0.0109957,0.0103405,0.0174685,0.023086356
3546,3547,0.0134358,0.00806089,0.0147212,0.021499125,2.37667e-16,1.51852e-16,1.6432e-16,3.2641338e-16,0.0134358,0.00806089,0.0147212,0.021499125
3547,3548,0.0159471,0.00345221,0.00602099,0.017391954,-9.67036e-16,3.82757e-16,4.16353e-18,1.040038e-15,0.0159471,0.00345221,0.00602099,0.017391954
3548,3549,0.0152794,0.00310797,0.00563201,0.016578272,6.73655e-16,-8.50128e-16,2.98692e-15,3.1777697e-15,0.0152794,0.00310797,0.00563201,0.016578272
3549,3550,0.0168308,0.00318922,0.00589804,0.018117225,-5.02068e-17,-8.86857e-16,3.38908e-17,8.889233e-16,0.0168308,0.00318922,0.00589804,0.018117225
3550,3551,0.0161842,0.00276894,0.00640692,0.017625095,8.90251e-16,-1.00692e-15,-2.90851e-15,3.204039e-15,0.0161842,0.00276894,0.00640692,0.017625095
3551,3552,0.0170227,0.00296381,0.00730102,0.018757967,1.12588e-15,1.3361e-17,1.82802e-15,2.1469609e-15,0.0170227,0.00296381,0.00730102,0.018757967
3552,3553,0.0158782,0.00414924,0.00679188,0.01776128,-2.60264e-16,-1.44335e-15,7.44689e-15,7.589939e-15,0.0158782,0.00414924,0.00679188,0.01776128
3553,3554,0.0160736,0.00309954,0.00581915,0.017373264,6.82872e-16,3.57937e-16,-2.6442e-15,2.7543104e-15,0.0160736,0.00309954,0.00581915,0.017373264
3554,3555,0.0154799,0.0036886,0.00618949,0.017074626,3.39405e-16,-4.69342e-16,-1.85528e-15,1.94359e-15,0.0154799,0.0036886,0.00618949,0.017074626
3555,3556,0.0155563,0.00254393,0.00563546,0.016740026,1.33554e-16,-2.56736e-16,-1.34009e-16,3.1891765e-16,0.0155563,0.00254393,0.00563546,0.016740026
3556,3557,0.0155642,0.00292121,0.00558458,0.016791822,3.55489e-16,1.76113e-16,1.52196e-15,1.5728161e-15,0.0155642,0.00292121,0.00558458,0.016791822
3557,3558,0.0169524,0.00277872,0.00778733,0.018861273,-1.06851e-15,1.29648e-15,1.69919e-15,2.3895231e-15,0.0169524,0.00277872,0.00778733,0.018861273
3558,3559,0.0156828,0.00249978,0.005991,0.01697325,-6.51601e-17,-1.46472e-15,4.72167e-16,1.540322e-15,0.0156828,0.00249978,0.005991,0.01697325
3559,3560,0.0172915,0.00299036,0.00790525,0.01924659,1.05682e-18,2.36343e-16,-1.23878e-16,2.6684243e-16,0.0172915,0.00299036,0.00790525,0.01924659
3560,3561,0.0158465,0.00528406,0.0095472,0.019240111,-1.01585e-15,-7.39674e-16,1.03142e-15,1.6256986e-15,0.0158465,0.00528406,0.0095472,0.019240111
3561,3562,0.0154885,0.00471424,0.00842649,0.018251669,1.46511e-16,-9.58516e-16,1.48215e-15,1.7711542e-15,0.0154885,0.00471424,0.00842649,0.018251669
3562,3563,0.0162362,0.00412709,0.00749143,0.018351257,5.35387e-16,9.41369e-17,6.81267e-16,8.715651e-16,0.0162362,0.00412709,0.00749143,0.018351257
3563,3564,0.0151244,0.00342232,0.00654793,0.016832562,1.75679e-15,-3.29868e-16,-1.39438e-15,2.2670288e-15,0.0151244,0.00342232,0.00654793,0.016832562
3564,3565,0.0147627,0.00337377,0.00634143,0.01641747,6.59604e-16,4.3203e-16,-9.58469e-16,1.2411246e-15,0.0147627,0.00337377,0.00634143,0.01641747
3565,3566,0.0157017,0.00298167,0.00644323,0.017232206,5.0882e-16,7.28581e-16,-2.1261e-15,2.30435e-15,0.0157017,0.00298167,0.00644323,0.017232206
3566,3567,0.0156351,0.00264269,0.00607523,0.01698083,7.15654e-16,-1.22803e-15,-3.0215e-15,3.3391138e-15,0.0156351,0.00264269,0.00607523,0.01698083
3567,3568,0.0161669,0.00294546,0.00633215,0.017610805,1.10222e-15,-1.63895e-16,4.00308e-16,1.1840595e-15,0.0161669,0.00294546,0.00633215,0.017610805
3568,3569,0.0159886,0.00285307,0.00624606,0.017400822,6.21695e-16,-2.29305e-16,-2.52082e-15,2.6064572e-15,0.0159886,0.00285307,0.00624606,0.017400822
3569,3570,0.0148263,0.00623414,0.0121528,0.020158725,9.43141e-16,2.14708e-15,3.36633e-15,4.102639e-15,0.0148263,0.00623414,0.0121528,0.020158725
3570,3571,0.0146624,0.00572737,0.0111496,0.019289954,1.26985e-15,7.30675e-16,6.25023e-16,1.5928148e-15,0.0146624,0.00572737,0.0111496,0.019289954
3571,3572,0.0150432,0.00518587,0.00996817,0.018776461,9.30084e-16,5.0494e-16,-2.44028e-15,2.6598846e-15,0.0150432,0.00518587,0.00996817,0.018776461
3572,3573,0.015884,0.00464649,0.0091711,0.018920898,5.10103e-16,-1.47169e-15,1.93418e-16,1.5695499e-15,0.015884,0.00464649,0.0091711,0.018920898
3573,3574,0.0151209,0.0042948,0.00803821,0.01765502,1.2739e-15,-7.82371e-16,1.79386e-15,2.3351358e-15,0.0151209,0.0042948,0.00803821,0.01765502
3574,3575,0.015852,0.00393446,0.00766579,0.018042456,1.86439e-16,-4.19798e-16,-2.46954e-16,5.215133e-16,0.015852,0.00393446,0.00766579,0.018042456
3575,3576,0.0156317,0.00359603,0.00712642,0.017551849,-6.50064e-16,2.00393e-16,-6.15267e-16,9.172209e-16,0.0156317,0.00359603,0.00712642,0.017551849
3576,3577,0.01686,0.00284439,0.00618707,0.018183233,-1.72554e-16,-2.11952e-15,-1.73762e-15,2.7461725e-15,0.01686,0.00284439,0.00618707,0.018183233
3577,3578,0.0146703,0.0064637,0.0127857,0.020505395,1.04198e-15,1.23916e-15,-1.43872e-16,1.6254042e-15,0.0146703,0.0064637,0.0127857,0.020505395
3578,3579,0.014871,0.00594548,0.0120429,0.020038133,1.61864e-15,8.59142e-16,5.65244e-16,1.9177127e-15,0.014871,0.00594548,0.0120429,0.020038133
3579,3580,0.014177,0.00538117,0.0111494,0.018821621,2.23213e-16,1.11762e-15,1.37113e-16,1.1479105e-15,0.014177,0.00538117,0.0111494,0.018821621
3580,3581,0.0155299,0.00521482,0.010264,0.019331887,8.31528e-16,4.04416e-16,1.71886e-15,1.9517867e-15,0.0155299,0.00521482,0.010264,0.019331887
3581,3582,0.0152854,0.00438183,0.00842531,0.017995268,-8.01085e-16,-1.80187e-15,1.07086e-15,2.2439281e-15,0.0152854,0.00438183,0.00842531,0.017995268
3582,3583,0.0166016,0.00342352,0.0063576,0.018103942,-4.23981e-16,-5.79329e-16,1.04013e-15,1.2638245e-15,0.0166016,0.00342352,0.0063576,0.018103942
3583,3584,0.0139761,0.00654684,0.0130314,0.020199254,4.38371e-16,2.75686e-16,6.36106e-16,8.202456e-16,0.0139761,0.00654684,0.0130314,0.020199254
3584,3585,0.0144054,0.00646772,0.0123344,0.020037076,1.33182e-15,1.03286e-16,-7.42648e-16,1.5283778e-15,0.0144054,0.00646772,0.0123344,0.020037076
3585,3586,0.0142317,0.00576456,0.0109711,0.01887158,-2.87423e-16,6.31253e-16,-2.41456e-15,2.5122087e-15,0.0142317,0.00576456,0.0109711,0.01887158
3586,3587,0.0149257,0.00396602,0.0075341,0.017183378,-8.47409e-16,-4.14015e-16,1.77514e-15,2.0101324e-15,0.0149257,0.00396602,0.0075341,0.017183378
3587,3588,0.0140158,0.00716499,0.0127273,0.020242626,-8.54082e-16,7.72297e-16,-3.63045e-15,3.8086832e-15,0.0140158,0.00716499,0.0127273,0.020242626
3588,3589,0.0146404,0.00552752,0.00994079,0.018539527,-2.50702e-16,5.91263e-16,-4.45969e-16,7.818771e-16,0.0146404,0.00552752,0.00994079,0.018539527
3589,3590,0.0137332,0.00677803,0.0111226,0.018927617,2.64947e-16,6.64392e-16,-6.40642e-16,9.602269e-16,0.0137332,0.00677803,0.0111226,0.018927617
3590,3591,0.0172173,0.00247432,0.00767152,0.019010784,-7.77886e-16,9.13138e-16,-1.34281e-15,1.800574e-15,0.0172173,0.00247432,0.00767152,0.019010784
3591,3592,0.017375,0.00236654,0.00761698,0.019118303,2.3946e-16,-6.16544e-16,2.4883e-15,2.5747049e-15,0.017375,0.00236654,0.00761698,0.019118303
3592,3593,0.0167543,0.00270169,0.00728577,0.018468572,1.60283e-16,-1.41063e-16,-2.51693e-15,2.5259704e-15,0.0167543,0.00270169,0.00728577,0.018468572
3593,3594,0.016506,0.00293837,0.00593159,0.017783863,7.01025e-16,1.0301e-15,-2.63572e-15,2.9154008e-15,0.016506,0.00293837,0.00593159,0.017783863
3594,3595,0.0163247,0.00302591,0.00560382,0.01752298,-2.72064e-16,8.42266e-16,2.45717e-15,2.6117264e-15,0.0163247,0.00302591,0.00560382,0.01752298
3595,3596,0.016012,0.00320827,0.00536118,0.017187769,-4.20149e-16,-1.13185e-15,-4.40578e-16,1.285192e-15,0.016012,0.00320827,0.00536118,0.017187769
3596,3597,0.0157392,0.0030456,0.00470912,0.016708499,-1.8739e-16,1.82827e-15,6.66021e-16,1.954807e-15,0.0157392,0.0030456,0.00470912,0.016708499
3597,3598,0.0159065,0.00311481,0.00446369,0.016812,-4.25302e-16,-1.24737e-15,-4.3875e-16,1.388998e-15,0.0159065,0.00311481,0.00446369,0.016812
3598,3599,0.0174012,0.00390295,0.0040104,0.018278897,3.69873e-16,-5.07264e-16,-1.00875e-15,1.1881495e-15,0.0174012,0.00390295,0.0040104,0.018278897
3599,3600,0.0157788,0.0025903,0.00330061,0.016327102,-5.42778e-16,-1.72659e-16,-5.69184e-16,8.0522637e-16,0.0157788,0.0025903,0.00330061,0.016327102
3600,3601,0.0156426,0.00367208,0.00414486,0.016593825,3.68845e-16,2.09053e-15,1.88039e-17,2.1229028e-15,0.0156426,0.00367208,0.00414486,0.016593825
3601,3602,0.0141518,0.00267109,0.00314858,0.014741836,-9.18147e-16,6.25071e-16,-8.51032e-16,1.3992723e-15,0.0141518,0.00267109,0.00314858,0.014741836
3602,3603,0.015845,0.00368131,0.00559397,0.017201994,-1.08195e-16,3.08914e-16,-1.25316e-15,1.2952004e-15,0.015845,0.00368131,0.00559397,0.017201994
3603,3604,0.0144467,0.00228896,0.00576511,0.015722053,4.27482e-16,-2.20244e-15,1.49661e-15,2.6969101e-15,0.0144467,0.00228896,0.00576511,0.015722053
3604,3605,0.013691,0.00222143,0.00352431,0.014310799,1.40729e-15,9.1846e-17,-1.48496e-15,2.0479275e-15,0.013691,0.00222143,0.00352431,0.014310799
3605,3606,0.0146994,0.00360458,0.00675632,0.016574476,4.84631e-16,-1.40863e-15,-2.04733e-15,2.5319293e-15,0.0146994,0.00360458,0.00675632,0.016574476
3606,3607,0.0166866,0.00345784,0.00535559,0.017862856,6.23732e-16,-1.84958e-15,-7.13085e-16,2.078095e-15,0.0166866,0.00345784,0.00535559,0.017862856
3607,3608,0.0156982,0.00231004,0.00360685,0.016272034,3.16915e-16,-7.0629e-16,-7.46429e-16,1.0753776e-15,0.0156982,0.00231004,0.00360685,0.016272034
3608,3609,0.0157534,0.00281199,0.0043054,0.01657146,-1.09077e-15,-2.94013e-16,1.29822e-15,1.7209293e-15,0.0157534,0.00281199,0.0043054,0.01657146
3609,3610,0.0150525,0.00196988,0.00376972,0.015641898,8.39174e-16,1.64593e-16,7.81237e-16,1.1582897e-15,0.0150525,0.00196988,0.00376972,0.015641898
3610,3611,0.0137876,0.00171456,0.00387267,0.014423426,4.10169e-16,-1.67304e-16,-1.72444e-16,4.75359e-16,0.0137876,0.00171456,0.00387267,0.014423426
3611,3612,0.0160449,0.00274261,0.00692059,0.017687716,6.92312e-16,-2.58138e-16,1.06653e-15,1.2974658e-15,0.0160449,0.00274261,0.00692059,0.017687716
3612,3613,0.0152752,0.00466315,0.00785022,0.017796142,2.80714e-15,-7.21714e-16,-1.67251e-15,3.3463705e-15,0.0152752,0.00466315,0.00785022,0.017796142
3613,3614,0.0159155,0.00417274,0.00707776,0.017911159,3.64258e-16,-1.42966e-15,3.77883e-15,4.0566204e-15,0.0159155,0.00417274,0.00707776,0.017911159
3614,3615,0.0156058,0.00351352,0.00634676,0.017209508,1.16971e-15,3.29015e-16,4.54124e-16,1.2971897e-15,0.0156058,0.00351352,0.00634676,0.017209508
3615,3616,0.0167807,0.00310296,0.00620338,0.018157704,2.75378e-15,3.80972e-16,8.62006e-16,2.910584e-15,0.0167807,0.00310296,0.00620338,0.018157704
3616,3617,0.0167352,0.00264722,0.00635707,0.018096602,1.24375e-15,-6.58994e-16,-1.81625e-15,2.2978145e-15,0.0167352,0.00264722,0.00635707,0.018096602
3617,3618,0.0155836,0.00230844,0.00627121,0.016955988,1.33096e-15,4.49064e-16,-1.68625e-17,1.4047766e-15,0.0155836,0.00230844,0.00627121,0.016955988
3618,3619,0.0150466,0.00212096,0.00520382,0.016061706,2.90534e-15,-2.04824e-15,-3.33769e-16,3.570391e-15,0.0150466,0.00212096,0.00520382,0.016061706
3619,3620,0.0146049,0.0064541,0.0115729,0.019720308,1.74833e-16,-8.08584e-16,1.6918e-15,1.8832316e-15,0.0146049,0.0064541,0.0115729,0.019720308
3620,3621,0.0151091,0.00585687,0.0108225,0.019486262,-9.21921e-17,-1.3254e-15,-8.5173e-16,1.5781725e-15,0.0151091,0.00585687,0.0108225,0.019486262
3621,3622,0.0141828,0.00478302,0.0099217,0.017957428,3.31945e-16,1.14497e-15,1.47036e-15,1.8929084e-15,0.0141828,0.00478302,0.0099217,0.017957428
3622,3623,0.0146768,0.00440093,0.00915272,0.017847938,1.97286e-15,8.55948e-16,-6.66187e-16,2.2513615e-15,0.0146768,0.00440093,0.00915272,0.017847938
3623,3624,0.0146012,0.00385732,0.00843846,0.017299756,2.30366e-15,-9.56055e-17,-1.67387e-15,2.8491808e-15,0.0146012,0.00385732,0.00843846,0.017299756
3624,3625,0.0144522,0.00341221,0.00768545,0.01672051,9.25953e-16,-2.93061e-17,3.13117e-15,3.2653442e-15,0.0144522,0.00341221,0.00768545,0.01672051
3625,3626,0.0160476,0.00264034,0.00608369,0.01736399,1.64562e-15,-3.64911e-16,7.41942e-16,1.8416576e-15,0.0160476,0.00264034,0.00608369,0.01736399
3626,3627,0.0134915,0.00765537,0.0138622,0.020803506,1.30434e-15,-1.73582e-15,1.05336e-15,2.4132843e-15,0.0134915,0.00765537,0.0138622,0.020803506
3627,3628,0.0126202,0.00921701,0.016097,0.022435155,-5.21334e-16,8.26847e-16,2.92554e-16,1.02032e-15,0.0126202,0.00921701,0.016097,0.022435155
3628,3629,0.0120606,0.00847072,0.0143628,0.020579144,2.32975e-15,-2.09515e-16,8.32214e-16,2.482783e-15,0.0120606,0.00847072,0.0143628,0.020579144
3629,3630,0.0141179,0.00728841,0.0126138,0.020286547,4.35009e-16,9.71091e-16,-1.84735e-15,2.1318894e-15,0.0141179,0.00728841,0.0126138,0.020286547
3630,3631,0.0127442,0.00834022,0.0133766,0.02027085,-6.42043e-16,5.82371e-16,-7.76466e-16,1.1637331e-15,0.0127442,0.00834022,0.0133766,0.02027085
3631,3632,0.0137733,0.00635284,0.0110076,0.018741122,-3.37264e-16,-4.46237e-16,-1.22344e-16,5.7257537e-16,0.0137733,0.00635284,0.0110076,0.018741122
3632,3633,0.0126917,0.00763785,0.0124541,0.019352535,-6.29775e-17,-1.49537e-15,-3.80755e-16,1.5443678e-15,0.0126917,0.00763785,0.0124541,0.019352535
3633,3634,0.0145524,0.00610591,0.010154,0.01876588,8.84157e-16,2.58926e-15,1.51095e-15,3.1255353e-15,0.0145524,0.00610591,0.010154,0.01876588
3634,3635,0.0139985,0.00564793,0.00934788,0.017755,2.74569e-15,-1.80201e-16,-1.87816e-15,3.3314816e-15,0.0139985,0.00564793,0.00934788,0.017755
3635,3636,0.0143302,0.00515401,0.00815459,0.017274715,2.8725e-16,6.4132e-16,3.24998e-15,3.3250827e-15,0.0143302,0.00515401,0.00815459,0.017274715
3636,3637,0.0149603,0.00375324,0.00706674,0.016965736,1.58247e-15,9.97835e-16,3.29849e-15,3.792087e-15,0.0149603,0.00375324,0.00706674,0.016965736
3637,3638,0.0161218,0.00198911,0.00678243,0.017603133,-3.64985e-16,4.90425e-16,-4.44187e-16,7.556671e-16,0.0161218,0.00198911,0.00678243,0.017603133
3638,3639,0.0166945,0.00203471,0.00603759,0.017868936,8.29826e-16,9.95061e-16,1.05737e-15,1.6723603e-15,0.0166945,0.00203471,0.00603759,0.017868936
3639,3640,0.0159389,0.00194802,0.00624994,0.017230935,7.13678e-16,7.91116e-17,1.97212e-15,2.0987738e-15,0.0159389,0.00194802,0.00624994,0.017230935
3640,3641,0.0164067,0.00175276,0.00537402,0.017353157,9.42277e-16,-2.19167e-16,-6.97331e-16,1.1925564e-15,0.0164067,0.00175276,0.00537402,0.017353157
3641,3642,0.0151744,0.00145382,0.00428355,0.015834292,2.88312e-16,-1.67512e-16,2.62092e-15,2.6420457e-15,0.0151744,0.00145382,0.00428355,0.015834292
3642,3643,0.0150701,0.000416536,0.00336763,0.015447406,-1.05019e-15,-6.47908e-16,1.90916e-15,2.2732302e-15,0.0150701,0.000416536,0.00336763,0.015447406
3643,3644,0.0147369,0.000775854,0.00377254,0.015231883,-1.44521e-17,1.26139e-15,-1.42475e-15,1.9029518e-15,0.0147369,0.000775854,0.00377254,0.015231883
3644,3645,0.0166828,0.00258823,0.00714605,0.018332506,-1.38101e-15,-1.15532e-15,-1.84047e-15,2.5747394e-15,0.0166828,0.00258823,0.00714605,0.018332506
3645,3646,0.0162951,0.00284008,0.00668343,0.017839972,-3.32653e-16,1.09627e-15,-2.35922e-15,2.6226675e-15,0.0162951,0.00284008,0.00668343,0.017839972
3646,3647,0.0160399,0.00262743,0.00676047,0.017603572,4.37866e-16,3.4178e-16,1.43319e-15,1.5370666e-15,0.0160399,0.00262743,0.00676047,0.017603572
3647,3648,0.0166616,0.00284984,0.00684492,0.01823687,6.95097e-16,-3.75198e-16,1.14467e-15,1.3907561e-15,0.0166616,0.00284984,0.00684492,0.01823687
3648,3649,0.0160169,0.00253031,0.00646783,0.017457847,-7.05277e-17,-4.53747e-16,7.62905e-16,8.904406e-16,0.0160169,0.00253031,0.00646783,0.017457847
3649,3650,0.016552,0.00214202,0.00644548,0.01789137,1.24906e-15,2.59048e-16,-6.85202e-16,1.4480188e-15,0.016552,0.00214202,0.00644548,0.01789137
3650,3651,0.0157213,0.00154165,0.00592634,0.016871795,9.37447e-16,-2.58171e-16,1.3012e-15,1.6243709e-15,0.0157213,0.00154165,0.00592634,0.016871795
3651,3652,0.0153783,-0.000156342,0.00290778,0.015651572,-4.70072e-16,-7.19201e-16,7.93478e-16,1.1695405e-15,0.0153783,-0.000156342,0.00290778,0.015651572
3652,3653,0.0164078,0.00306474,0.00592444,0.01771179,-2.49819e-17,1.61285e-15,2.89999e-16,1.6389048e-15,0.0164078,0.00306474,0.00592444,0.01771179
3653,3654,0.0167308,0.00339551,0.00605472,0.018113773,-7.26346e-16,-1.93796e-15,-8.25739e-16,2.2282532e-15,0.0167308,0.00339551,0.00605472,0.018113773
3654,3655,0.0162973,0.00356376,0.00637534,0.017859096,2.99599e-17,-1.34879e-15,1.29921e-15,1.8729866e-15,0.0162973,0.00356376,0.00637534,0.017859096
3655,3656,0.0161891,0.00347607,0.00664701,0.017842444,7.90324e-16,1.63022e-15,8.82541e-16,2.015219e-15,0.0161891,0.00347607,0.00664701,0.017842444
3656,3657,0.0170398,0.00333505,0.00722098,0.018804783,1.10166e-15,7.8459e-16,-7.71413e-16,1.5570209e-15,0.0170398,0.00333505,0.00722098,0.018804783
3657,3658,0.0156686,0.0032386,0.00691847,0.017431546,5.76614e-16,-1.49691e-15,5.11092e-16,1.683579e-15,0.0156686,0.0032386,0.00691847,0.017431546
3658,3659,0.0157542,0.00246579,0.00708428,0.017448839,2.8319e-17,1.41615e-15,2.48977e-15,2.8644784e-15,0.0157542,0.00246579,0.00708428,0.017448839
3659,3660,0.0160929,0.00105982,0.00531074,0.016979653,4.13887e-16,-1.66315e-16,-2.34953e-15,2.3914963e-15,0.0160929,0.00105982,0.00531074,0.016979653
3660,3661,0.0161578,0.00263559,0.00624457,0.017521858,7.7043e-16,2.99e-15,1.89087e-15,3.6206428e-15,0.0161578,0.00263559,0.00624457,0.017521858
3661,3662,0.015592,0.0030494,0.00722267,0.017452113,5.9739e-16,-8.79999e-16,-1.33712e-17,1.0636972e-15,0.015592,0.0030494,0.00722267,0.017452113
3662,3663,0.0150991,0.00247424,0.00578953,0.016359197,-1.67315e-16,-4.07791e-16,-8.13187e-16,9.249654e-16,0.0150991,0.00247424,0.00578953,0.016359197
3663,3664,0.0159316,0.00281102,0.00551669,0.017092444,1.01158e-15,2.27606e-15,1.91696e-15,3.1430047e-15,0.0159316,0.00281102,0.00551669,0.017092444
3664,3665,0.0147713,0.00323324,0.00394329,0.01562673,6.47789e-17,-1.31923e-16,1.31975e-15,1.3279081e-15,0.0147713,0.00323324,0.00394329,0.01562673
3665,3666,0.0153435,0.0037221,0.00601801,0.016896551,1.19575e-15,5.1084e-16,6.69965e-16,1.4627469e-15,0.0153435,0.0037221,0.00601801,0.016896551
3666,3667,0.01504,0.00470573,0.00663668,0.017099446,2.31211e-15,1.54744e-15,2.10479e-15,3.4886337e-15,0.01504,0.00470573,0.00663668,0.017099446
3667,3668,0.0141469,0.0050045,0.00692536,0.01652696,7.78708e-16,2.9438e-15,-3.40445e-16,3.0640246e-15,0.0141469,0.0050045,0.00692536,0.01652696
3668,3669,0.0150387,0.00389142,0.00458539,0.01619665,3.8141e-15,-8.64576e-16,9.82636e-16,4.0324215e-15,0.0150387,0.00389142,0.00458539,0.01619665
3669,3670,0.013935,0.00598038,0.00569133,0.016196925,1.26346e-15,1.01015e-15,7.63027e-16,1.7885594e-15,0.013935,0.00598038,0.00569133,0.016196925
3670,3671,0.0153266,-0.000594549,0.00244273,0.015531423,-6.55828e-16,-1.00837e-15,2.52859e-15,2.8001228e-15,0.0153266,-0.000594549,0.00244273,0.015531423
3671,3672,0.0154776,0.00201509,0.00576901,0.016640257,1.50873e-15,-2.33428e-16,-7.18362e-16,1.6872459e-15,0.0154776,0.00201509,0.00576901,0.016640257
3672,3673,0.0150355,0.000610958,0.00445058,0.015692266,1.31782e-15,-1.63824e-15,-4.75063e-16,2.1554964e-15,0.0150355,0.000610958,0.00445058,0.015692266
3673,3674,0.00141423,-0.00507708,-0.0231618,0.02375386,-8.98911e-16,-2.01856e-16,-1.32471e-15,1.6135809e-15,0.00141423,-0.00507708,-0.0231618,0.02375386
3674,3675,0.00163817,-0.00304144,-0.0211051,0.021385958,1.29527e-15,-9.27447e-17,-3.22302e-16,1.3379852e-15,0.00163817,-0.00304144,-0.0211051,0.021385958
3675,3676,0.002592,-0.00166801,-0.0160755,0.016368335,2.77464e-16,-4.21196e-16,-1.14581e-15,1.2519076e-15,0.002592,-0.00166801,-0.0160755,0.016368335
3676,3677,0.00290606,-0.000330785,-0.0129438,0.013270138,-1.01917e-15,-6.21824e-16,-1.13934e-15,1.6502933e-15,0.00290606,-0.000330785,-0.0129438,0.013270138
3677,3678,0.00352195,0.000529093,-0.0134229,0.013887344,-3.72078e-16,1.34953e-15,-1.95789e-15,2.4068666e-15,0.00352195,0.000529093,-0.0134229,0.013887344
3678,3679,0.00378792,0.00157779,-0.0166225,0.017121486,-4.52937e-16,-1.11441e-15,5.26436e-16,1.3130867e-15,0.00378792,0.00157779,-0.0166225,0.017121486
3679,3680,0.00440497,0.00260419,-0.021838,0.02242953,-6.41054e-16,5.80381e-16,-5.56061e-17,8.6653583e-16,0.00440497,0.00260419,-0.021838,0.02242953
3680,3681,0.00399614,0.00446732,-0.022729,0.02350603,2.80148e-17,1.20114e-15,2.50703e-16,1.2273444e-15,0.00399614,0.00446732,-0.022729,0.02350603
3681,3682,0.00344675,-0.0053848,-0.0240626,0.024897488,-5.24606e-18,-3.11727e-17,-4.6136e-16,4.6244166e-16,0.00344675,-0.0053848,-0.0240626,0.024897488
3682,3683,0.00358092,-0.00216626,-0.022616,0.022999983,4.18576e-16,-5.23323e-16,-1.46803e-15,1.6137487e-15,0.00358092,-0.00216626,-0.022616,0.022999983
3683,3684,0.00419752,-0.000618629,-0.0223976,0.022795929,3.83783e-16,6.19201e-16,-1.44228e-15,1.6158189e-15,0.00419752,-0.000618629,-0.0223976,0.022795929
3684,3685,0.00548797,0.000811711,-0.0192405,0.020024324,-1.42176e-15,1.09857e-15,-7.4231e-16,1.9440374e-15,0.00548797,0.000811711,-0.0192405,0.020024324
3685,3686,0.00626376,0.00131119,-0.0203135,0.021297703,-6.84526e-16,7.20799e-17,-1.93578e-15,2.054511e-15,0.00626376,0.00131119,-0.0203135,0.021297703
3686,3687,0.00660177,0.00172654,-0.0218165,0.022858782,9.70357e-16,3.48301e-16,4.79997e-16,1.137235e-15,0.00660177,0.00172654,-0.0218165,0.022858782
3687,3688,0.00719785,0.00248228,-0.0244506,0.025608644,3.25453e-17,1.35099e-15,-2.61713e-15,2.9454376e-15,0.00719785,0.00248228,-0.0244506,0.025608644
3688,3689,0.00675964,0.00422867,-0.0241396,0.025422327,1.97186e-15,9.14862e-16,-2.33214e-16,2.186228e-15,0.00675964,0.00422867,-0.0241396,0.025422327
3689,3690,0.00600522,-0.00511204,-0.0255194,0.026710212,-1.90742e-16,6.00021e-16,-1.67175e-15,1.7863806e-15,0.00600522,-0.00511204,-0.0255194,0.026710212
3690,3691,0.00628589,-0.00196584,-0.02434,0.025215324,-5.55671e-16,1.64129e-15,-2.38018e-15,2.9441228e-15,0.00628589,-0.00196584,-0.02434,0.025215324
3691,3692,0.00705917,0.000578698,-0.023374,0.02442357,2.70341e-17,2.53983e-16,-8.11625e-16,8.5086625e-16,0.00705917,0.000578698,-0.023374,0.02442357
3692,3693,0.00948382,0.00236278,-0.0225755,0.024600381,1.34432e-16,-6.00508e-16,-7.88129e-16,9.999146e-16,0.00948382,0.00236278,-0.0225755,0.024600381
3693,3694,0.00999535,0.00238336,-0.0229899,0.025181798,-9.12221e-16,1.36785e-16,-2.7956e-15,2.9438471e-15,0.00999535,0.00238336,-0.0229899,0.025181798
3694,3695,0.0107183,0.0027236,-0.0214057,0.02409365,-1.08246e-16,1.18271e-15,3.16527e-16,1.2291093e-15,0.0107183,0.0027236,-0.0214057,0.02409365
3695,3696,0.0111802,0.0026714,-0.0212653,0.024173254,6.34501e-16,7.80418e-16,6.12993e-16,1.1778813e-15,0.0111802,0.0026714,-0.0212653,0.024173254
3696,3697,0.0120364,0.00234442,-0.0212492,0.024533644,1.2741e-15,1.07301e-15,-3.27887e-15,3.6777264e-15,0.0120364,0.00234442,-0.0212492,0.024533644
3697,3698,0.010038,0.00213674,-0.0232568,0.025420578,1.95956e-15,1.02829e-15,-1.98451e-15,2.972463e-15,0.010038,0.00213674,-0.0232568,0.025420578
3698,3699,0.0121302,0.00307708,-0.0225858,0.025821088,5.05312e-16,2.14024e-16,8.12987e-16,9.80864e-16,0.0121302,0.00307708,-0.0225858,0.025821088
3699,3700,0.0114083,0.00244015,-0.02569,0.028214887,2.84111e-16,9.04659e-16,9.98023e-16,1.3766543e-15,0.0114083,0.00244015,-0.02569,0.028214887
3700,3701,0.0111576,0.00444229,-0.0208702,0.024078853,1.46152e-15,1.02823e-15,-3.89184e-15,4.2824893e-15,0.0111576,0.00444229,-0.0208702,0.024078853
3701,3702,0.0102407,0.00417836,-0.0245072,0.026887422,2.39637e-15,2.56174e-16,-4.77444e-15,5.348223e-15,0.0102407,0.00417836,-0.0245072,0.026887422
3702,3703,0.0083842,-0.00508089,-0.0240963,0.026014265,-8.31248e-16,8.02309e-16,-1.65655e-15,2.0196116e-15,0.0083842,-0.00508089,-0.0240963,0.026014265
3703,3704,0.0114143,-0.00571052,-0.0231027,0.02639377,-6.95991e-16,1.13632e-15,-3.66451e-16,1.381996e-15,0.0114143,-0.00571052,-0.0231027,0.02639377
3704,3705,0.00890373,-0.00205615,-0.023443,0.025161048,-1.5361e-16,2.5231e-16,6.67536e-16,7.299731e-16,0.00890373,-0.00205615,-0.023443,0.025161048
3705,3706,0.0098186,0.000654331,-0.0222475,0.024326617,-6.68376e-16,4.54825e-16,-1.45758e-15,1.6667729e-15,0.0098186,0.000654331,-0.0222475,0.024326617
3706,3707,0.0158746,0.00144767,0.00511993,0.016742531,-5.21779e-16,-4.85943e-16,-1.94411e-15,2.0707385e-15,0.0158746,0.00144767,0.00511993,0.016742531
3707,3708,0.0130834,0.00398012,-0.0210389,0.025092868,5.0435e-16,5.76584e-16,6.87079e-18,7.660713e-16,0.0130834,0.00398012,-0.0210389,0.025092868
3708,3709,0.0114323,0.00268072,-0.0219833,0.024922865,-1.16787e-16,-1.02676e-16,-5.94301e-16,6.1430874e-16,0.0114323,0.00268072,-0.0219833,0.024922865
3709,3710,0.0151336,0.00264939,0.00505734,0.016174726,5.2288e-16,6.27946e-16,8.02148e-16,1.1450594e-15,0.0151336,0.00264939,0.00505734,0.016174726
3710,3711,0.0153321,0.00221031,0.00413728,0.016033584,-8.14797e-16,4.12404e-16,2.51297e-15,2.6737594e-15,0.0153321,0.00221031,0.00413728,0.016033584
3711,3712,0.0146711,0.00223172,0.00321177,0.0151834525,2.99479e-16,-3.36961e-16,1.91351e-16,4.8974037e-16,0.0146711,0.00223172,0.00321177,0.0151834525
3712,3713,0.0149829,0.00205662,0.00280509,0.015381336,4.54842e-16,1.18996e-15,3.87384e-16,1.3315226e-15,0.0149829,0.00205662,0.00280509,0.015381336
3713,3714,0.0127691,0.0031036,-0.0190356,0.023130853,5.82225e-16,4.68196e-16,-3.13335e-15,3.2211915e-15,0.0127691,0.0031036,-0.0190356,0.023130853
3714,3715,0.0146103,0.00317753,0.00231471,0.015129952,-4.3661e-16,-5.49073e-16,1.02296e-15,1.2403856e-15,0.0146103,0.00317753,0.00231471,0.015129952
3715,3716,0.0140756,0.0030381,-0.000318121,0.014403255,-8.69412e-17,-1.01483e-15,3.96102e-16,1.0928565e-15,0.0140756,0.0030381,-0.000318121,0.014403255
3716,3717,0.0150052,0.00267781,-0.00293379,0.015522043,1.41591e-15,9.87688e-16,-2.58222e-15,3.1061533e-15,0.0150052,0.00267781,-0.00293379,0.015522043
3717,3718,0.0153824,0.00262654,0.00123479,0.015653806,5.9065e-16,8.21891e-16,-8.25607e-16,1.306139e-15,0.0153824,0.00262654,0.00123479,0.015653806
3718,3719,0.013717,0.00292495,-0.00324138,0.0143950675,-1.91576e-17,1.09538e-15,2.89063e-16,1.133041e-15,0.013717,0.00292495,-0.00324138,0.0143950675
3719,3720,0.0143358,0.00266026,-0.00749739,0.016395213,3.31588e-16,-1.46832e-15,-1.05703e-15,1.839355e-15,0.0143358,0.00266026,-0.00749739,0.016395213
3720,3721,0.0144142,0.00335951,-0.0192338,0.02426921,5.20707e-16,-2.5404e-17,-3.03066e-15,3.0751717e-15,0.0144142,0.00335951,-0.0192338,0.02426921
3721,3722,0.015584,0.00388678,-0.016869,0.023292301,1.47323e-15,-1.38636e-15,-4.06731e-15,4.5426216e-15,0.015584,0.00388678,-0.016869,0.023292301
3722,3723,0.0156188,0.00353829,-0.0140404,0.02129787,1.02203e-15,8.68978e-16,7.84304e-17,1.3438077e-15,0.0156188,0.00353829,-0.0140404,0.02129787
3723,3724,0.0143496,0.00384258,-0.000342243,0.014859124,3.86832e-16,-1.56288e-15,4.9879e-15,5.241315e-15,0.0143496,0.00384258,-0.000342243,0.014859124
3724,3725,0.0146499,0.00398983,0.00277656,0.015435271,2.41651e-16,-1.57574e-15,2.858e-15,3.2725395e-15,0.0146499,0.00398983,0.00277656,0.015435271
3725,3726,0.0134606,0.00382066,-0.00370495,0.014474524,-1.3492e-15,-1.22677e-15,3.24019e-15,3.7180825e-15,0.0134606,0.00382066,-0.00370495,0.014474524
3726,3727,0.0142041,0.00310775,-0.00746879,0.016346173,-3.00408e-17,-1.11209e-15,-1.08155e-15,1.5515789e-15,0.0142041,0.00310775,-0.00746879,0.016346173
3727,3728,0.0151177,0.00400207,-0.0140219,0.021004168,8.04681e-16,7.01581e-17,1.16607e-15,1.4185037e-15,0.0151177,0.00400207,-0.0140219,0.021004168
3728,3729,0.0140283,0.0039489,-0.00806193,0.01665478,-1.17068e-15,-2.17793e-15,2.00853e-15,3.1856026e-15,0.0140283,0.0039489,-0.00806193,0.01665478
3729,3730,0.0139933,0.00352996,-0.0188181,0.023714848,9.25238e-16,-5.52317e-16,-2.47692e-16,1.105654e-15,0.0139933,0.00352996,-0.0188181,0.023714848
3730,3731,0.0149198,0.00507684,0.00577323,0.016784066,1.45498e-15,-5.20635e-17,6.72323e-16,1.6036507e-15,0.0149198,0.00507684,0.00577323,0.016784066
3731,3732,0.0143204,0.00514649,0.00392386,0.015714861,9.75143e-16,-2.41254e-15,1.23923e-15,2.882177e-15,0.0143204,0.00514649,0.00392386,0.015714861
3732,3733,0.0131213,0.00587785,0.00354832,0.014809059,1.9442e-15,-1.67273e-16,1.36262e-15,2.3800478e-15,0.0131213,0.00587785,0.00354832,0.014809059
3733,3734,0.0141969,0.00532312,0.00104657,0.015198121,-1.40016e-18,-1.38566e-15,6.16414e-15,6.3179645e-15,0.0141969,0.00532312,0.00104657,0.015198121
3734,3735,0.0128068,0.00497964,-0.00274821,0.014012979,3.45197e-16,8.41285e-16,2.01056e-15,2.2066428e-15,0.0128068,0.00497964,-0.00274821,0.014012979
3735,3736,0.0141718,0.00550599,-0.0128869,0.01993058,7.6674e-16,-1.85764e-15,-1.88963e-15,2.7585174e-15,0.0141718,0.00550599,-0.0128869,0.01993058
3736,3737,0.0135345,0.00538342,-0.00731123,0.016297791,-5.91063e-16,-5.2604e-16,2.36087e-15,2.4899357e-15,0.0135345,0.00538342,-0.00731123,0.016297791
3737,3738,0.0130481,0.00501295,-0.0177859,0.022621246,1.93011e-15,-1.79589e-17,1.10721e-15,2.2252104e-15,0.0130481,0.00501295,-0.0177859,0.022621246
3738,3739,0.0142228,-0.00097873,0.00138326,0.0143233845,7.28563e-16,2.8816e-16,-2.80769e-15,2.9149553e-15,0.0142228,-0.00097873,0.00138326,0.0143233845
3739,3740,0.0146111,-0.0016168,-0.000304796,0.014703441,5.95022e-16,1.42626e-16,4.55835e-16,7.630065e-16,0.0146111,-0.0016168,-0.000304796,0.014703441
3740,3741,0.0130395,-0.0021782,-0.00314233,0.013588501,-1.23091e-16,-6.8604e-16,-3.97093e-16,8.0217525e-16,0.0130395,-0.0021782,-0.00314233,0.013588501
3741,3742,0.0131218,-0.00288679,-0.00734997,0.015314609,-9.32483e-16,-6.675e-16,9.1547e-17,1.150418e-15,0.0131218,-0.00288679,-0.00734997,0.015314609
3742,3743,0.0133507,-0.00394062,-0.0124611,0.018682845,9.39084e-16,-1.05714e-16,-4.93215e-15,5.0218678e-15,0.0133507,-0.00394062,-0.0124611,0.018682845
3743,3744,0.0121729,-0.00462372,-0.0178533,0.02209748,8.35887e-16,-1.43718e-16,-1.84595e-15,2.0314755e-15,0.0121729,-0.00462372,-0.0178533,0.02209748
3744,3745,0.0152193,0.000335601,0.00330047,0.0155766755,3.90196e-16,-1.83854e-15,1.11874e-15,2.1872498e-15,0.0152193,0.000335601,0.00330047,0.0155766755
3745,3746,0.0149051,-1.25991e-05,0.00166137,0.01499741,3.78168e-16,-5.1139e-16,-1.10487e-15,1.2748602e-15,0.0149051,-1.25991e-05,0.00166137,0.01499741
3746,3747,0.0138969,-0.000745843,-0.00117527,0.013966437,5.17129e-16,1.2667e-15,1.577e-16,1.3772511e-15,0.0138969,-0.000745843,-0.00117527,0.013966437
3747,3748,0.0137771,-0.0010413,-0.00493879,0.014672574,5.21103e-16,4.19645e-16,1.9151e-15,2.0286098e-15,0.0137771,-0.0010413,-0.00493879,0.014672574
3748,3749,0.0143062,-0.00167635,-0.0105599,0.017860264,6.4999e-16,1.64183e-16,2.43417e-15,2.5248024e-15,0.0143062,-0.00167635,-0.0105599,0.017860264
3749,3750,0.011399,-0.00243048,-0.0214774,0.024436103,-9.67901e-16,-5.237e-16,-1.38777e-15,1.7711576e-15,0.011399,-0.00243048,-0.0214774,0.024436103
3750,3751,0.0128063,-0.00193222,-0.0165907,0.021047235,-3.45844e-16,6.33116e-16,-1.43587e-15,1.6069121e-15,0.0128063,-0.00193222,-0.0165907,0.021047235
3751,3752,0.0156304,0.00134342,0.00386371,0.016156808,1.14961e-15,-1.17844e-15,-1.66889e-15,2.344252e-15,0.0156304,0.00134342,0.00386371,0.016156808
3752,3753,0.0143711,0.000941022,0.00176188,0.014509247,6.386e-16,-2.02025e-16,-3.68387e-15,3.744265e-15,0.0143711,0.000941022,0.00176188,0.014509247
3753,3754,0.0143598,0.000540279,-0.000694556,0.014386736,1.75821e-15,1.92209e-15,-6.7255e-17,2.6058117e-15,0.0143598,0.000540279,-0.000694556,0.014386736
3754,3755,0.014127,0.000539763,-0.00489262,0.014959987,-4.24744e-16,4.38585e-16,2.95052e-16,6.7810027e-16,0.014127,0.000539763,-0.00489262,0.014959987
3755,3756,0.0146468,0.000617366,-0.010607,0.018094705,1.30058e-15,-1.43085e-16,7.05441e-16,1.486482e-15,0.0146468,0.000617366,-0.010607,0.018094705
3756,3757,0.0125813,0.000253391,-0.0215139,0.024923908,-3.76317e-16,1.2194e-15,-1.37654e-15,1.8770756e-15,0.0125813,0.000253391,-0.0215139,0.024923908
3757,3758,0.0132632,0.000982076,-0.0172942,0.021816652,-9.47312e-16,-1.74871e-15,5.23899e-16,2.0566616e-15,0.0132632,0.000982076,-0.0172942,0.021816652
3758,3759,0.0141936,0.00172973,0.00101156,0.014334347,6.66511e-16,-4.75382e-18,-1.20551e-15,1.3775028e-15,0.0141936,0.00172973,0.00101156,0.014334347
3759,3760,0.014321,0.00187441,-0.00173341,0.014546793,-4.39837e-16,5.69671e-17,2.48122e-15,2.5205464e-15,0.014321,0.00187441,-0.00173341,0.014546793
3760,3761,0.0148862,0.00229321,-0.0109991,0.018650414,-2.49271e-16,-4.09079e-16,-6.42341e-16,8.013012e-16,0.0148862,0.00229321,-0.0109991,0.018650414
3761,3762,0.0142707,0.00184343,-0.00572377,0.015485886,2.39439e-16,-8.26471e-16,1.6675e-15,1.8764173e-15,0.0142707,0.00184343,-0.00572377,0.015485886
3762,3763,0.0151031,0.00300323,-0.0171223,0.023028161,8.18991e-16,1.22556e-15,6.78311e-16,1.6226057e-15,0.0151031,0.00300323,-0.0171223,0.023028161
3763,3764,0.0152455,0.00213927,0.000232915,0.015396623,8.84971e-16,-3.98236e-16,2.56299e-16,1.0037205e-15,0.0152455,0.00213927,0.000232915,0.015396623
3764,3765,0.0148641,0.00233665,-0.00252611,0.015257216,1.34151e-15,1.37244e-16,-8.63227e-17,1.3512723e-15,0.0148641,0.00233665,-0.00252611,0.015257216
3765,3766,0.0150185,0.0025465,-0.00723033,0.016861724,4.44411e-16,-6.74379e-16,-1.39028e-15,1.6078452e-15,0.0150185,0.0025465,-0.00723033,0.016861724
3766,3767,0.0147845,0.00290118,-0.0121112,0.01933079,-1.54058e-17,-1.024e-15,-3.48458e-15,3.631957e-15,0.0147845,0.00290118,-0.0121112,0.01933079
3767,3768,0.0148172,0.00298226,-0.0109496,0.018663788,5.47893e-16,1.16511e-16,1.16822e-15,1.2955692e-15,0.0148172,0.00298226,-0.0109496,0.018663788
3768,3769,0.00919663,0.0112417,0.0173573,0.02263249,8.55403e-16,-4.01765e-16,7.52729e-16,1.2081931e-15,0.00919663,0.0112417,0.0173573,0.02263249
3769,3770,0.00926197,0.0127084,0.0187826,0.024496399,-1.16375e-16,-1.11059e-15,-1.68474e-15,2.0212129e-15,0.00926197,0.0127084,0.0187826,0.024496399
3770,3771,0.0105895,0.011602,0.0179689,0.023866825,2.80181e-16,2.32567e-15,3.16121e-17,2.3426996e-15,0.0105895,0.011602,0.0179689,0.023866825
3771,3772,0.00989916,0.011844,0.0185615,0.024141312,-3.23867e-16,4.13535e-16,-9.87441e-16,1.1184547e-15,0.00989916,0.011844,0.0185615,0.024141312
3772,3773,0.0094617,0.0126398,0.0179863,0.023933142,-5.93431e-16,-4.57468e-16,8.00027e-16,1.0961207e-15,0.0094617,0.0126398,0.0179863,0.023933142
3773,3774,0.0103812,0.0108395,0.0167686,0.022504445,-3.57436e-16,-3.64751e-16,3.85412e-15,3.887807e-15,0.0103812,0.0108395,0.0167686,0.022504445
3774,3775,0.00977452,0.0119502,0.0160902,0.022298947,1.10568e-15,1.19693e-15,2.22139e-15,2.7549488e-15,0.00977452,0.0119502,0.0160902,0.022298947
3775,3776,0.00905461,0.011638,0.0163708,0.022032522,9.36775e-17,-1.7224e-15,9.92106e-16,1.9899023e-15,0.00905461,0.011638,0.0163708,0.022032522
3776,3777,0.00848924,0.0125779,0.0153246,0.021566505,-4.94069e-16,2.96533e-16,1.61237e-15,1.7122421e-15,0.00848924,0.0125779,0.0153246,0.021566505
3777,3778,0.00882327,0.0120957,0.0143934,0.02076839,2.17024e-16,-3.63901e-17,-1.65219e-16,2.7517443e-16,0.00882327,0.0120957,0.0143934,0.02076839
3778,3779,0.00992118,0.0114824,0.0154547,0.02165925,-3.81018e-16,1.14997e-15,-2.69787e-16,1.2411249e-15,0.00992118,0.0114824,0.0154547,0.02165925
3779,3780,0.00890876,0.012018,0.0130944,0.019881187,-5.71628e-16,-1.32211e-16,1.35294e-15,1.4746813e-15,0.00890876,0.012018,0.0130944,0.019881187
3780,3781,0.010239,0.0112505,0.0142077,0.020815128,-1.18438e-15,1.25748e-15,-3.67391e-17,1.72782e-15,0.010239,0.0112505,0.0142077,0.020815128
3781,3782,0.00762091,0.0128261,0.00712934,0.016535252,-7.74949e-16,4.26257e-16,-8.29967e-16,1.2128834e-15,0.00762091,0.0128261,0.00712934,0.016535252
3782,3783,0.00887958,0.0118317,0.0108746,0.018360091,-5.55295e-16,3.20098e-17,-7.01928e-16,8.955892e-16,0.00887958,0.0118317,0.0108746,0.018360091
3783,3784,0.0071375,0.0122355,0.00458568,0.014888916,-7.49445e-16,-7.39739e-17,8.37626e-16,1.1263913e-15,0.0071375,0.0122355,0.00458568,0.014888916
3784,3785,0.00900362,0.0120674,0.00858245,0.017330486,-2.75616e-15,-1.12452e-15,-4.01131e-16,3.0036428e-15,0.00900362,0.0120674,0.00858245,0.017330486
3785,3786,0.011321,0.0101453,0.0164588,0.022405006,5.82042e-16,5.76386e-16,4.44103e-15,4.515943e-15,0.011321,0.0101453,0.0164588,0.022405006
3786,3787,0.0111106,0.00955571,0.0153928,0.021253124,2.10526e-15,1.92354e-16,4.06835e-15,4.5848216e-15,0.0111106,0.00955571,0.0153928,0.021253124
3787,3788,0.0119697,0.00959992,0.0148353,0.021342875,-1.05708e-15,1.17798e-15,1.89725e-15,2.4707515e-15,0.0119697,0.00959992,0.0148353,0.021342875
3788,3789,0.0110365,0.0108823,0.0160041,0.022279138,1.03179e-15,2.44666e-15,4.40898e-15,5.1468284e-15,0.0110365,0.0108823,0.0160041,0.022279138
3789,3790,0.011608,0.00871024,0.013658,0.019928746,-4.7336e-16,-9.89368e-16,1.49641e-15,1.8553065e-15,0.011608,0.00871024,0.013658,0.019928746
3790,3791,0.010911,0.0101814,0.0147896,0.021010548,7.56495e-17,7.35945e-16,-9.00882e-16,1.1657299e-15,0.010911,0.0101814,0.0147896,0.021010548
3791,3792,0.0119162,0.00849163,0.0128448,0.019470297,5.70117e-16,1.08541e-15,2.92731e-17,1.2263789e-15,0.0119162,0.00849163,0.0128448,0.019470297
3792,3793,0.0110184,0.00969889,0.0129087,0.019547587,4.73359e-16,2.59091e-15,1.24482e-15,2.913153e-15,0.0110184,0.00969889,0.0129087,0.019547587
3793,3794,0.0123131,0.00875178,0.0118489,0.019199023,1.04718e-15,-1.07592e-15,-6.40953e-16,1.632486e-15,0.0123131,0.00875178,0.0118489,0.019199023
3794,3795,0.00990371,0.0108477,0.0124498,0.019254962,-9.79572e-16,1.87868e-16,-4.858e-16,1.10944e-15,0.00990371,0.0108477,0.0124498,0.019254962
3795,3796,0.00991546,0.0105937,0.0103797,0.017840432,5.52835e-16,1.82675e-15,-2.76825e-15,3.3624174e-15,0.00991546,0.0105937,0.0103797,0.017840432
3796,3797,0.010737,0.00961482,0.0114699,0.018419731,-9.17428e-16,1.93998e-16,-1.71896e-15,1.9580941e-15,0.010737,0.00961482,0.0114699,0.018419731
3797,3798,0.00998748,0.0105617,0.00800476,0.01659444,7.38569e-16,1.84254e-15,-3.30427e-15,3.8546902e-15,0.00998748,0.0105617,0.00800476,0.01659444
3798,3799,0.0107393,0.00932367,0.00980518,0.017274402,4.99345e-16,2.07095e-16,-2.69843e-16,6.0419284e-16,0.0107393,0.00932367,0.00980518,0.017274402
3799,3800,0.00934227,0.010285,0.00599827,0.015134018,-5.82826e-16,2.54262e-17,-3.52054e-15,3.568548e-15,0.00934227,0.010285,0.00599827,0.015134018
3800,3801,0.0110032,0.009531,0.00814925,0.016682943,8.05462e-16,9.04315e-16,5.04557e-16,1.3119194e-15,0.0110032,0.009531,0.00814925,0.016682943
3801,3802,0.0085276,0.0116641,0.00594834,0.015625427,-1.23251e-15,-1.34325e-15,-7.55354e-16,1.9733123e-15,0.0085276,0.0116641,0.00594834,0.015625427
3802,3803,0.0135048,0.00759624,0.0118931,0.019532751,7.22713e-16,3.11499e-15,7.42349e-16,3.282767e-15,0.0135048,0.00759624,0.0118931,0.019532751
3803,3804,0.0128975,0.00721148,0.0108912,0.01835672,1.22736e-15,7.68507e-16,-1.50097e-15,2.0856477e-15,0.0128975,0.00721148,0.0108912,0.01835672
3804,3805,0.0132071,0.00671698,0.00767253,0.016685713,4.08867e-16,2.84105e-15,-7.88569e-16,2.9766722e-15,0.0132071,0.00671698,0.00767253,0.016685713
3805,3806,0.0131889,0.00704367,0.00946157,0.017694114,-2.22012e-16,-1.30169e-17,1.16746e-15,1.1884535e-15,0.0131889,0.00704367,0.00946157,0.017694114
3806,3807,0.0121833,0.00845322,0.0103033,0.018056791,1.56688e-15,1.60223e-16,1.14523e-15,1.947392e-15,0.0121833,0.00845322,0.0103033,0.018056791
3807,3808,0.0123294,0.00846158,0.00851566,0.017208396,-7.9116e-17,2.79578e-15,7.06082e-16,2.8846484e-15,0.0123294,0.00846158,0.00851566,0.017208396
3808,3809,0.012717,0.00699397,0.00600815,0.015707819,7.89226e-16,1.76504e-15,5.3348e-16,2.005703e-15,0.012717,0.00699397,0.00600815,0.015707819
3809,3810,0.0117281,0.00834852,0.00626517,0.01570027,-5.97977e-17,8.92376e-16,2.17078e-15,2.3478068e-15,0.0117281,0.00834852,0.00626517,0.01570027
3810,3811,0.0102349,0.00911191,0.00581577,0.014886345,-3.41209e-16,-2.71658e-16,-2.74985e-16,5.155952e-16,0.0102349,0.00911191,0.00581577,0.014886345
3811,3812,0.00390946,0.00713109,-0.0243597,0.025681341,2.20781e-15,3.441e-15,2.82588e-16,4.098141e-15,0.00390946,0.00713109,-0.0243597,0.025681341
3812,3813,0.00458801,0.0108188,-0.0224713,0.025358541,6.49098e-16,1.58913e-15,5.1507e-16,1.792194e-15,0.00458801,0.0108188,-0.0224713,0.025358541
3813,3814,0.0041802,0.00953572,-0.0243964,0.02652524,6.21687e-16,1.98889e-15,-1.55239e-15,2.5984788e-15,0.0041802,0.00953572,-0.0243964,0.02652524
3814,3815,0.0052716,0.0122045,-0.0204699,0.02440812,2.3395e-17,1.33069e-15,-4.05502e-16,1.3912998e-15,0.0052716,0.0122045,-0.0204699,0.02440812
3815,3816,0.0069888,0.0123194,0.000902069,0.014192416,1.40207e-15,6.14256e-16,-1.37633e-15,2.0584933e-15,0.0069888,0.0123194,0.000902069,0.014192416
3816,3817,0.00649164,0.0119495,-0.00263644,0.013852174,1.23392e-15,1.59221e-15,7.95434e-16,2.1657347e-15,0.00649164,0.0119495,-0.00263644,0.013852174
3817,3818,0.00847545,0.0116889,0.0025031,0.01465364,2.06707e-15,8.97783e-16,-5.22766e-16,2.3134556e-15,0.00847545,0.0116889,0.0025031,0.01465364
3818,3819,0.00623576,0.0123284,-0.00703954,0.015505782,4.32505e-16,1.97187e-15,4.31661e-16,2.0643796e-15,0.00623576,0.0123284,-0.00703954,0.015505782
3819,3820,0.00792105,0.0116974,-0.00178667,0.014239537,1.36663e-15,2.75514e-16,-1.29898e-15,1.9055012e-15,0.00792105,0.0116974,-0.00178667,0.014239537
3820,3821,0.00491495,0.0135166,-0.00802437,0.01646954,-4.21525e-17,1.68606e-15,-2.27625e-16,1.7018779e-15,0.00491495,0.0135166,-0.00802437,0.01646954
3821,3822,0.00535465,0.0127413,-0.0114243,0.017931191,1.0692e-15,1.51099e-15,9.32908e-16,2.0728232e-15,0.00535465,0.0127413,-0.0114243,0.017931191
3822,3823,0.00743203,0.0115369,-0.0058549,0.014920288,5.84648e-16,-4.58518e-16,2.07532e-15,2.2043152e-15,0.00743203,0.0115369,-0.0058549,0.014920288
3823,3824,0.00464732,0.0126305,-0.0148787,0.020062473,5.08055e-16,-1.67913e-16,-1.31423e-15,1.4189838e-15,0.00464732,0.0126305,-0.0148787,0.020062473
3824,3825,0.00668958,0.012643,-0.0111505,0.018136416,8.3227e-16,-5.86634e-16,-1.86587e-15,2.1256254e-15,0.00668958,0.012643,-0.0111505,0.018136416
3825,3826,0.00557901,0.01292,-0.0169177,0.022005916,-2.79909e-17,1.29245e-15,9.88896e-17,1.2965298e-15,0.00557901,0.01292,-0.0169177,0.022005916
3826,3827,0.00674109,0.00707977,-0.0249248,0.026773328,2.23069e-15,1.27179e-16,-1.43066e-15,2.6531e-15,0.00674109,0.00707977,-0.0249248,0.026773328
3827,3828,0.006683,0.0101887,-0.0210354,0.024309672,4.37216e-16,6.3229e-16,-1.28268e-15,1.4953984e-15,0.006683,0.0101887,-0.0210354,0.024309672
3828,3829,0.00673653,0.00923777,-0.0241086,0.026682237,1.99819e-16,1.31935e-15,-4.32141e-16,1.4026253e-15,0.00673653,0.00923777,-0.0241086,0.026682237
3829,3830,0.00950436,0.0104982,0.00348598,0.014584139,3.51421e-16,8.80901e-16,-6.80522e-16,1.1673017e-15,0.00950436,0.0104982,0.00348598,0.014584139
3830,3831,0.00922673,0.0108157,-2.06045e-06,0.0142166065,1.33117e-15,3.17853e-17,-2.40782e-15,2.7514762e-15,0.00922673,0.0108157,-2.06045e-06,0.0142166065
3831,3832,0.0102572,0.00925844,0.00383032,0.014338766,6.1393e-17,-7.84123e-19,-8.82242e-16,8.843758e-16,0.0102572,0.00925844,0.00383032,0.014338766
3832,3833,0.00862405,0.0105968,-0.0042665,0.01431326,6.43313e-16,4.44971e-18,-6.83353e-16,9.385322e-16,0.00862405,0.0105968,-0.0042665,0.01431326
3833,3834,0.00830013,0.0116067,-0.00981173,0.017316977,6.13229e-16,-6.50476e-16,-2.15304e-16,9.195241e-16,0.00830013,0.0116067,-0.00981173,0.017316977
3834,3835,0.00755948,0.0121691,-0.0155332,0.021130856,1.11278e-15,1.73386e-15,8.78523e-17,2.0621028e-15,0.00755948,0.0121691,-0.0155332,0.021130856
3835,3836,0.0068405,0.0115684,-0.019068,0.023328288,2.529e-16,7.10859e-16,-1.49895e-16,7.6925124e-16,0.0068405,0.0115684,-0.019068,0.023328288
3836,3837,0.00974611,0.00720739,-0.0242702,0.027128872,3.18672e-15,8.04079e-16,-2.58714e-15,4.182705e-15,0.00974611,0.00720739,-0.0242702,0.027128872
3837,3838,0.0102799,0.0066697,-0.019924,0.023390746,2.62661e-16,1.34433e-15,-4.45541e-15,4.6612113e-15,0.0102799,0.0066697,-0.019924,0.023390746
3838,3839,0.0124178,0.00704952,0.00392432,0.014808706,1.23293e-15,-5.83114e-16,-1.33514e-15,1.9085956e-15,0.0124178,0.00704952,0.00392432,0.014808706
3839,3840,0.0116822,0.00845358,0.00420916,0.015021779,6.19192e-16,-8.59086e-16,1.5541e-15,1.8805995e-15,0.0116822,0.00845358,0.00420916,0.015021779
3840,3841,0.0119322,0.00719519,0.00134257,0.013998237,-5.9063e-16,1.19e-15,-2.89408e-15,3.1844375e-15,0.0119322,0.00719519,0.00134257,0.013998237
3841,3842,0.0111164,0.00853169,0.00114959,0.014060073,4.88054e-16,-1.35309e-15,-1.1376e-15,1.8338983e-15,0.0111164,0.00853169,0.00114959,0.014060073
3842,3843,0.00996525,0.00946601,0.000705667,0.013762614,-3.3687e-16,1.05436e-15,7.00057e-16,1.3096703e-15,0.00996525,0.00946601,0.000705667,0.013762614
3843,3844,0.0116387,0.00735761,-0.00188685,0.013897984,1.27344e-15,1.99936e-15,-2.00297e-16,2.3789092e-15,0.0116387,0.00735761,-0.00188685,0.013897984
3844,3845,0.0108257,0.00843128,-0.00231726,0.013915889,-1.86165e-16,-7.90935e-16,2.10493e-15,2.2563168e-15,0.0108257,0.00843128,-0.00231726,0.013915889
3845,3846,0.0116538,0.00788538,-0.00649933,0.015499405,-6.21947e-16,3.12183e-16,2.10001e-17,6.962164e-16,0.0116538,0.00788538,-0.00649933,0.015499405
3846,3847,0.00917274,0.00962211,-0.0242813,0.027682228,3.26995e-15,2.39004e-16,-5.39363e-15,6.3119684e-15,0.00917274,0.00962211,-0.0242813,0.027682228
3847,3848,0.00988551,0.00972832,-0.0194252,0.023868429,1.9791e-15,1.53285e-15,-3.55907e-15,4.351258e-15,0.00988551,0.00972832,-0.0194252,0.023868429
3848,3849,0.00994706,0.00971284,-0.00339762,0.014311781,3.86478e-16,-1.36712e-15,1.42599e-15,2.0129158e-15,0.00994706,0.00971284,-0.00339762,0.014311781
3849,3850,0.00946343,0.0100792,-0.00842304,0.01618933,-8.31441e-16,-2.09072e-15,2.93024e-16,2.2689793e-15,0.00946343,0.0100792,-0.00842304,0.01618933
3850,3851,0.0091567,0.0109855,-0.0134452,0.019629056,-3.29156e-16,6.07959e-16,-2.26773e-15,2.3707715e-15,0.0091567,0.0109855,-0.0134452,0.019629056
3851,3852,0.0104632,0.00892787,-0.0070143,0.015439748,-3.38795e-16,7.11668e-16,1.58977e-16,8.0406905e-16,0.0104632,0.00892787,-0.0070143,0.015439748
3852,3853,0.00856019,0.0109834,-0.017417,0.022299415,6.11221e-17,1.47014e-15,-3.49708e-15,3.7940236e-15,0.00856019,0.0109834,-0.017417,0.022299415
3853,3854,0.0104566,0.00954793,-0.0129233,0.019170685,-1.08203e-15,1.25836e-15,-1.10485e-15,1.9937282e-15,0.0104566,0.00954793,-0.0129233,0.019170685
3854,3855,0.0131,0.00640862,0.00121444,0.014634046,-7.73835e-16,1.22572e-15,1.59612e-15,2.1561097e-15,0.0131,0.00640862,0.00121444,0.014634046
3855,3856,0.0120989,0.0061182,-0.00208035,0.013716545,5.44274e-17,1.78213e-15,2.03014e-15,2.7019286e-15,0.0120989,0.0061182,-0.00208035,0.013716545
3856,3857,0.012277,0.00652289,-0.0066688,0.0154190045,8.53274e-17,-1.85962e-15,2.77793e-15,3.3440041e-15,0.012277,0.00652289,-0.0066688,0.0154190045
3857,3858,0.0126915,0.00679929,-0.0116969,0.018550524,-1.53213e-15,5.22822e-16,1.6512e-15,2.3124071e-15,0.0126915,0.00679929,-0.0116969,0.018550524
3858,3859,0.0121313,0.00650764,-0.0160133,0.021117378,-1.6916e-15,-2.13953e-16,-3.82282e-15,4.185838e-15,0.0121313,0.00650764,-0.0160133,0.021117378
3859,3860,0.0117688,0.00824444,-0.0115857,0.018458167,-2.2072e-16,3.81279e-16,-1.93629e-16,4.812309e-16,0.0117688,0.00824444,-0.0115857,0.018458167
3860,3861,0.0114031,0.00812146,-0.0158327,0.021134406,-7.17061e-16,-4.71305e-16,-1.37882e-16,8.6908937e-16,0.0114031,0.00812146,-0.0158327,0.021134406
3861,3862,0.000670546,-0.000461258,0.00157276,0.0017708656,-3.25628e-16,-6.72982e-16,7.98171e-16,1.0936249e-15,0.000670546,-0.000461258,0.00157276,0.0017708656
3862,3863,-0.00512958,0.00250764,0.00116948,0.005828253,-3.22057e-16,-1.06764e-15,-2.31379e-15,2.5685014e-15,-0.00512958,0.00250764,0.00116948,0.005828253
3863,3864,0.00160866,0.000160401,0.000182261,0.0016268787,-2.80231e-16,6.80788e-16,7.69013e-16,1.0646045e-15,0.00160866,0.000160401,0.000182261,0.0016268787
3864,3865,-0.00193932,-0.00545271,-0.00399128,0.0070301727,-7.54347e-16,4.51409e-16,1.40846e-15,1.6602919e-15,-0.00193932,-0.00545271,-0.00399128,0.0070301727
3865,3866,-0.0025593,-0.000590738,-0.000485428,0.0026710725,-3.07667e-16,8.51417e-16,-9.90391e-16,1.3418064e-15,-0.0025593,-0.000590738,-0.000485428,0.0026710725
3866,3867,-0.00319914,0.00213364,-0.00842925,0.009264943,6.07819e-16,7.5113e-16,1.73289e-15,1.9840737e-15,-0.00319914,0.00213364,-0.00842925,0.009264943
3867,3868,-0.00532212,0.00382657,0.00599333,0.00888187,3.49746e-16,3.67584e-17,1.33203e-15,1.377671e-15,-0.00532212,0.00382657,0.00599333,0.00888187
3868,3869,0.00310629,-0.0019803,-0.00708069,0.007981654,1.1723e-16,4.61726e-16,-2.77331e-18,4.7638377e-16,0.00310629,-0.0019803,-0.00708069,0.007981654
3869,3870,-0.000449608,0.00147815,0.000419443,0.0016009394,-4.8148e-16,-1.42058e-16,2.33169e-15,2.3851169e-15,-0.000449608,0.00147815,0.000419443,0.0016009394
3870,3871,0.00051729,-0.000760552,-4.39502e-05,0.0009208474,-4.37651e-16,5.71896e-16,-7.3771e-16,1.0309313e-15,0.00051729,-0.000760552,-4.39502e-05,0.0009208474
3871,3872,0.00192384,0.00197925,-0.00131989,0.0030595262,-2.19249e-17,1.50604e-16,-1.62717e-15,1.6342718e-15,0.00192384,0.00197925,-0.00131989,0.0030595262
3872,3873,0.00384195,0.00499648,0.00288975,0.0069336896,-2.32698e-16,1.01725e-15,-5.62202e-16,1.1853342e-15,0.00384195,0.00499648,0.00288975,0.0069336896
3873,3874,-0.00473938,-0.00595204,-0.00128909,0.0077168816,-2.03009e-16,-6.8536e-17,-1.78333e-15,1.7961558e-15,-0.00473938,-0.00595204,-0.00128909,0.0077168816
3874,3875,-2.16134e-05,0.00572238,0.00151892,0.0059205755,2.37247e-16,-1.82153e-16,2.23441e-15,2.2543411e-15,-2.16134e-05,0.00572238,0.00151892,0.0059205755
3875,3876,-5.01815e-05,0.00448627,0.00378869,0.0058722487,-1.16747e-15,-7.33288e-17,1.03526e-15,1.5620903e-15,-5.01815e-05,0.00448627,0.00378869,0.0058722487
3876,3877,0.00153315,-0.0012868,0.00798556,0.008232593,2.46171e-16,1.63671e-16,-6.90372e-16,7.510006e-16,0.00153315,-0.0012868,0.00798556,0.008232593
3877,3878,-0.00586749,-0.00463089,0.00245413,0.00786736,-5.8985e-16,4.73138e-16,5.17144e-16,9.160897e-16,-0.00586749,-0.00463089,0.00245413,0.00786736
3878,3879,0.000438525,0.00259133,0.000826823,0.0027551646,5.74747e-16,-2.31023e-16,9.91316e-16,1.1689368e-15,0.000438525,0.00259133,0.000826823,0.0027551646
3879,3880,0.00205654,0.00222571,0.00133661,0.003312049,6.77791e-17,-6.32629e-16,-1.40647e-15,1.5436877e-15,0.00205654,0.00222571,0.00133661,0.003312049
3880,3881,0.00491439,-0.00237088,-0.00499306,0.0073961443,-5.11041e-17,8.19898e-16,-1.21259e-15,1.4646565e-15,0.00491439,-0.00237088,-0.00499306,0.0073961443
3881,3882,0.00529371,0.00117378,-0.00958545,0.01101281,-7.38994e-17,7.59581e-16,-8.15015e-16,1.1165455e-15,0.00529371,0.00117378,-0.00958545,0.01101281
3882,3883,-0.00376562,-0.000840597,-5.26412e-05,0.0038586615,-6.5148e-16,-2.76384e-18,6.77557e-16,9.39956e-16,-0.00376562,-0.000840597,-5.26412e-05,0.0038586615
3883,3884,0.00230226,-0.0028513,-0.0014543,0.0039427527,5.48654e-16,-1.06327e-15,1.87118e-15,2.2210085e-15,0.00230226,-0.0028513,-0.0014543,0.0039427527
3884,3885,-0.000506591,0.00441853,0.00164865,0.004743215,5.63608e-16,-1.23735e-15,-1.83528e-15,2.2840625e-15,-0.000506591,0.00441853,0.00164865,0.004743215
3885,3886,0.00132275,-0.00136353,-0.000922354,0.002111781,3.44e-16,-4.58884e-16,1.8534e-16,6.0271175e-16,0.00132275,-0.00136353,-0.000922354,0.002111781
3886,3887,-0.00280376,-0.000200372,1.51972e-05,0.002810952,-4.15626e-16,-5.71498e-16,-8.17897e-16,1.0808841e-15,-0.00280376,-0.000200372,1.51972e-05,0.002810952
3887,3888,-0.00345453,-0.00048578,-0.00472756,0.005875337,-5.04002e-16,-7.63283e-16,1.53495e-15,1.78681e-15,-0.00345453,-0.00048578,-0.00472756,0.005875337
3888,3889,0.000554739,0.00412583,-0.000139307,0.0041652867,3.87302e-16,2.65998e-16,4.82615e-16,6.735541e-16,0.000554739,0.00412583,-0.000139307,0.0041652867
3889,3890,-0.00211351,-0.00123721,-0.00392352,0.0046251076,3.47379e-16,3.84028e-16,3.24655e-16,6.111878e-16,-0.00211351,-0.00123721,-0.00392352,0.0046251076
3890,3891,-0.000538422,0.00306047,0.00144942,0.0034288766,5.52726e-16,1.90939e-16,-7.93072e-17,5.9012997e-16,-0.000538422,0.00306047,0.00144942,0.0034288766
3891,3892,-0.00461024,0.000160465,-0.0108729,0.0118110115,-9.4522e-17,4.65132e-16,1.8418e-15,1.9019752e-15,-0.00461024,0.000160465,-0.0108729,0.0118110115
3892,3893,-0.00408688,-0.00481982,-0.0118749,0.013451636,-8.25579e-17,1.31984e-15,-1.63684e-15,2.1042905e-15,-0.00408688,-0.00481982,-0.0118749,0.013451636
3893,3894,-0.00260026,-0.00381799,-0.0019244,0.00500417,-2.51438e-17,-3.44971e-16,1.62073e-15,1.6572275e-15,-0.00260026,-0.00381799,-0.0019244,0.00500417
3894,3895,-0.00328408,-0.00130007,-0.000445223,0.0035599982,7.91758e-16,-2.66574e-16,5.2419e-16,9.862645e-16,-0.00328408,-0.00130007,-0.000445223,0.0035599982
3895,3896,-0.00329953,0.00223948,0.00146592,0.0042486573,2.82979e-16,-4.39112e-17,-1.6165e-15,1.6416692e-15,-0.00329953,0.00223948,0.00146592,0.0042486573
3896,3897,-0.00032707,0.00413889,-0.00651183,0.007722779,5.6366e-16,9.6534e-17,-2.28852e-16,6.159583e-16,-0.00032707,0.00413889,-0.00651183,0.007722779
3897,3898,-0.000762622,0.00581825,0.00327739,0.0067212284,1.49814e-16,-1.83998e-16,-2.37909e-16,3.3600624e-16,-0.000762622,0.00581825,0.00327739,0.0067212284
3898,3899,-0.00227969,0.00414083,-0.00571,0.0074126623,-3.3968e-16,-5.88682e-16,3.3853e-16,7.592968e-16,-0.00227969,0.00414083,-0.00571,0.0074126623
3899,3900,-0.00138574,-0.00452762,-0.011149,0.012112796,-2.06663e-16,1.05399e-16,1.09831e-15,1.1225433e-15,-0.00138574,-0.00452762,-0.011149,0.012112796
3900,3901,0.00153232,-0.00538454,-0.0154403,0.016423889,-4.23071e-16,-7.44263e-16,-2.52806e-15,2.669083e-15,0.00153232,-0.00538454,-0.0154403,0.016423889
3901,3902,-0.00200871,-0.00467694,-0.00368992,0.006286827,-5.83032e-16,-1.49031e-16,3.57671e-16,7.0004647e-16,-0.00200871,-0.00467694,-0.00368992,0.006286827
3902,3903,0.00120727,0.00636538,0.00388537,0.0075545786,-5.48559e-17,-2.23805e-16,2.46266e-15,2.473417e-15,0.00120727,0.00636538,0.00388537,0.0075545786
3903,3904,-0.00277492,0.00486905,-0.0111495,0.012478749,5.74297e-16,-4.27878e-16,-5.21151e-16,8.8571726e-16,-0.00277492,0.00486905,-0.0111495,0.012478749
3904,3905,0.00198173,-0.00357793,0.00562981,0.006958707,8.55293e-17,-5.57068e-16,9.66934e-16,1.1191967e-15,0.00198173,-0.00357793,0.00562981,0.006958707
3905,3906,-0.0027,-0.00130345,-0.000435402,0.0030296133,2.10722e-16,-1.66081e-16,7.0585e-16,7.551231e-16,-0.0027,-0.00130345,-0.000435402,0.0030296133
3906,3907,0.00467916,-0.00391816,-0.0117224,0.013215943,6.33139e-16,-9.90601e-17,-7.15373e-17,6.4482204e-16,0.00467916,-0.00391816,-0.0117224,0.013215943
3907,3908,0.00277287,-0.00346544,-0.00340305,0.005592748,1.02427e-16,4.76662e-17,1.38264e-15,1.387248e-15,0.00277287,-0.00346544,-0.00340305,0.005592748
3908,3909,-0.0011744,-0.00130098,-0.000738214,0.0019017687,-3.73735e-16,3.84659e-16,5.21885e-16,7.483344e-16,-0.0011744,-0.00130098,-0.000738214,0.0019017687
3909,3910,-0.00430188,0.000587478,0.00282642,0.0051807286,-4.53473e-16,2.59874e-16,5.81508e-16,7.81872e-16,-0.00430188,0.000587478,0.00282642,0.0051807286
3910,3911,-0.00485144,0.00360847,-0.00888059,0.010743482,6.9693e-17,-2.28712e-16,1.82762e-15,1.843193e-15,-0.00485144,0.00360847,-0.00888059,0.010743482
3911,3912,0.000552554,-0.000900517,-0.000666675,0.0012492806,-1.98431e-16,-4.60029e-16,2.24691e-16,5.4907884e-16,0.000552554,-0.000900517,-0.000666675,0.0012492806
3912,3913,-0.00327191,0.00505527,-0.003866,0.0071559143,-7.62029e-16,3.98703e-19,6.10899e-16,9.766708e-16,-0.00327191,0.00505527,-0.003866,0.0071559143
3913,3914,0.0036335,-0.00191718,-0.000234814,0.004114977,-3.44106e-16,3.1431e-16,4.06878e-16,6.1866746e-16,0.0036335,-0.00191718,-0.000234814,0.004114977
3914,3915,0.00563623,-0.00387911,-0.00202559,0.0071356567,3.5905e-16,1.23016e-15,1.18951e-16,1.2869965e-15,0.00563623,-0.00387911,-0.00202559,0.0071356567
3915,3916,-0.00487782,-0.00724722,-0.00548457,0.010314835,1.53655e-16,-8.8969e-16,4.66147e-16,1.016096e-15,-0.00487782,-0.00724722,-0.00548457,0.010314835
3916,3917,-0.00373679,0.00159076,-0.00146945,0.0043189586,4.83003e-16,-1.26502e-16,1.5264e-16,5.22105e-16,-0.00373679,0.00159076,-0.00146945,0.0043189586
3917,3918,-0.0040744,0.000232853,0.00120374,0.004254873,-1.07243e-16,-2.49826e-16,-2.18449e-16,3.4876073e-16,-0.0040744,0.000232853,0.00120374,0.004254873
3918,3919,-0.00644722,-0.000895775,-0.0111183,0.012883542,-2.14594e-16,-1.02542e-15,1.33036e-15,1.6933383e-15,-0.00644722,-0.000895775,-0.0111183,0.012883542
3919,3920,-0.000816358,-0.00761267,-0.0144928,0.016390866,6.20422e-16,4.15528e-16,-9.56794e-16,1.2136894e-15,-0.000816358,-0.00761267,-0.0144928,0.016390866
3920,3921,0.000458728,0.0072977,-0.00845323,0.011176938,1.24129e-16,2.55444e-16,1.14768e-15,1.1822981e-15,0.000458728,0.0072977,-0.00845323,0.011176938
3921,3922,-0.00596105,-0.0027335,-0.0114777,0.013219067,-1.61456e-16,-8.08005e-17,4.56216e-16,4.9064225e-16,-0.00596105,-0.0027335,-0.0114777,0.013219067
3922,3923,0.0027246,-0.000380069,-0.000114543,0.0027533649,1.73491e-16,7.11699e-16,7.9696e-16,1.0824786e-15,0.0027246,-0.000380069,-0.000114543,0.0027533649
3923,3924,-0.00369746,-0.00303742,-0.00134179,0.004969661,-6.45989e-16,1.08336e-15,1.20996e-15,1.7478484e-15,-0.00369746,-0.00303742,-0.00134179,0.004969661
3924,3925,0.000477663,-0.00346486,-0.000118836,0.0034996483,7.46008e-16,-3.68272e-16,1.77732e-15,1.962401e-15,0.000477663,-0.00346486,-0.000118836,0.0034996483
3925,3926,0.00139345,0.00578872,0.00322978,0.0067736595,7.30149e-16,-9.1267e-16,-1.32273e-15,1.7651343e-15,0.00139345,0.00578872,0.00322978,0.0067736595
3926,3927,-0.00589262,-0.00155103,-0.000218615,0.0060972497,2.71263e-17,-4.47422e-16,-2.12762e-15,2.1743249e-15,-0.00589262,-0.00155103,-0.000218615,0.0060972497
3927,3928,-0.000704048,0.0040711,0.012201,0.012881535,1.74924e-16,4.5103e-17,1.16429e-15,1.1782206e-15,-0.000704048,0.0040711,0.012201,0.012881535
3928,3929,-0.00166706,-0.00377294,0.00251554,0.0048313667,-2.52224e-16,6.27757e-16,3.99312e-16,7.8558627e-16,-0.00166706,-0.00377294,0.00251554,0.0048313667
3929,3930,0.00172913,0.00151061,0.00742848,0.0077752266,-2.99694e-16,9.37739e-16,-2.84605e-15,3.0115064e-15,0.00172913,0.00151061,0.00742848,0.0077752266
3930,3931,-0.000679293,0.00470512,0.00317434,0.005716295,1.25525e-16,-3.24392e-17,-6.06292e-16,6.1999905e-16,-0.000679293,0.00470512,0.00317434,0.005716295
3931,3932,0.00319693,-0.00424885,0.00599276,0.008011633,2.15365e-16,1.29245e-16,-1.90689e-17,2.5189278e-16,0.00319693,-0.00424885,0.00599276,0.008011633
3932,3933,0.00215291,0.00337624,0.00086957,0.004097581,3.64379e-16,-4.21206e-16,-1.59501e-15,1.6894507e-15,0.00215291,0.00337624,0.00086957,0.004097581
3933,3934,-0.00357497,0.00359359,-0.00208626,0.005481494,-1.97561e-16,-2.71135e-16,1.94628e-16,3.8784612e-16,-0.00357497,0.00359359,-0.00208626,0.005481494
3934,3935,0.00124832,-0.00409086,-0.000999664,0.004392353,-4.32486e-16,3.35097e-16,-1.41157e-15,1.5138903e-15,0.00124832,-0.00409086,-0.000999664,0.004392353
3935,3936,-0.00613349,0.000500809,0.00113142,0.0062570455,1.25566e-15,-7.77667e-16,-1.93109e-15,2.4311637e-15,-0.00613349,0.000500809,0.00113142,0.0062570455
3936,3937,0.00500444,0.00329363,0.00282166,0.006622249,-1.87698e-16,-2.87862e-16,-1.85929e-15,1.8907815e-15,0.00500444,0.00329363,0.00282166,0.006622249
3937,3938,-0.00326115,-0.00279027,-0.00122538,0.004463436,-5.45776e-16,-4.60012e-16,-7.00673e-16,1.0002125e-15,-0.00326115,-0.00279027,-0.00122538,0.004463436
3938,3939,0.00323682,-0.00104415,0.00226325,0.004085285,5.89028e-16,-1.39061e-17,1.33321e-15,1.4575995e-15,0.00323682,-0.00104415,0.00226325,0.004085285
3939,3940,0.0017907,0.00372812,0.00144043,0.0043795346,-3.18987e-16,2.52114e-17,-1.90462e-16,3.7237628e-16,0.0017907,0.00372812,0.00144043,0.0043795346
3940,3941,0.00185625,-0.00664842,-0.00815196,0.010681835,-2.04896e-16,-1.78813e-16,1.62192e-16,3.1664286e-16,0.00185625,-0.00664842,-0.00815196,0.010681835
3941,3942,-0.00257174,-0.0039513,-0.00577989,0.0074588032,-1.32507e-16,2.09146e-16,-8.52043e-16,8.8728655e-16,-0.00257174,-0.0039513,-0.00577989,0.0074588032
3942,3943,0.00338896,0.00163545,0.00057433,0.0038065207,1.01777e-17,-2.29565e-16,-6.40625e-16,6.8059097e-16,0.00338896,0.00163545,0.00057433,0.0038065207
3943,3944,0.00573276,0.00113764,0.00295416,0.006548727,4.12137e-16,-1.42635e-16,2.1228e-15,2.1671368e-15,0.00573276,0.00113764,0.00295416,0.006548727
3944,3945,-0.00676228,-0.00429951,-0.00174552,0.008201284,2.80622e-16,9.69494e-17,-1.34719e-15,1.3795177e-15,-0.00676228,-0.00429951,-0.00174552,0.008201284
3945,3946,0.00300871,-0.00294168,-0.00247698,0.00488275,-8.08394e-16,2.68765e-16,-9.72457e-16,1.2928296e-15,0.00300871,-0.00294168,-0.00247698,0.00488275
3946,3947,-0.00351069,-0.00248713,-0.00157004,0.004579933,-4.30769e-17,-1.08894e-16,8.6135e-16,8.69274e-16,-0.00351069,-0.00248713,-0.00157004,0.004579933
3947,3948,0.00140447,0.00675022,0.0201833,0.02132847,-5.14605e-16,2.8366e-16,3.98349e-15,4.026596e-15,0.00140447,0.00675022,0.0201833,0.02132847
3948,3949,0.000229502,0.00707002,0.00436639,0.008312834,4.20415e-16,3.77696e-17,-1.60437e-15,1.6589691e-15,0.000229502,0.00707002,0.00436639,0.008312834
3949,3950,-0.00304078,-0.0042645,0.0147833,0.015683694,2.71595e-16,-4.34415e-17,2.00618e-16,3.4043882e-16,-0.00304078,-0.0042645,0.0147833,0.015683694
3950,3951,-0.00553125,0.00307153,0.00194575,0.0066192877,-4.52332e-16,8.12865e-16,-6.03669e-16,1.1089499e-15,-0.00553125,0.00307153,0.00194575,0.0066192877
3951,3952,0.00446848,-0.00449525,0.00151959,0.006517955,3.57934e-16,-3.60549e-16,4.21266e-16,6.5998287e-16,0.00446848,-0.00449525,0.00151959,0.006517955
3952,3953,-0.00585182,0.00133695,-0.00468954,0.007617284,1.17994e-16,-1.80225e-16,1.49194e-15,1.5074113e-15,-0.00585182,0.00133695,-0.00468954,0.007617284
3953,3954,-0.00605194,-0.00247224,-0.00158917,0.006727809,8.58569e-17,-1.2444e-16,-7.27753e-16,7.432908e-16,-0.00605194,-0.00247224,-0.00158917,0.006727809
3954,3955,-0.00859213,0.00192949,0.00156745,0.008944524,-8.75103e-16,1.16458e-15,3.00005e-16,1.4872977e-15,-0.00859213,0.00192949,0.00156745,0.008944524
3955,3956,-1.70799e-05,-0.00290183,-0.00248964,0.0038235083,3.40817e-17,5.36847e-16,-1.60761e-15,1.6952216e-15,-1.70799e-05,-0.00290183,-0.00248964,0.0038235083
3956,3957,0.00588464,-0.00018937,-0.000540838,0.005912474,9.37239e-17,-1.59577e-16,-2.06024e-15,2.0685351e-15,0.00588464,-0.00018937,-0.000540838,0.005912474
3957,3958,-0.00161591,-0.00143624,-0.000258323,0.0021773106,7.31545e-17,6.185e-16,2.77533e-16,6.8184924e-16,-0.00161591,-0.00143624,-0.000258323,0.0021773106
3958,3959,-0.00111191,0.00625226,-0.00659075,0.009152327,-4.47352e-16,-4.33767e-16,-1.58754e-15,1.7054503e-15,-0.00111191,0.00625226,-0.00659075,0.009152327
3959,3960,0.00672902,-0.00436388,-0.00937118,0.012334593,-1.75777e-16,1.01229e-15,-1.41691e-15,1.7502179e-15,0.00672902,-0.00436388,-0.00937118,0.012334593
3960,3961,0.00450946,0.00112099,-0.00113755,0.0047839177,-2.29484e-16,-1.69677e-15,2.43958e-15,2.9804769e-15,0.00450946,0.00112099,-0.00113755,0.0047839177
3961,3962,-9.54447e-06,-0.00522364,0.00908244,0.010477463,-7.45967e-16,-3.34968e-16,1.18372e-15,1.438702e-15,-9.54447e-06,-0.00522364,0.00908244,0.010477463
3962,3963,0.00862351,0.00142852,0.000829823,0.0087803295,8.27915e-16,-5.03171e-17,-1.04582e-15,1.3348088e-15,0.00862351,0.00142852,0.000829823,0.0087803295
3963,3964,-0.00109514,-0.0053778,-0.00403864,0.0068140063,-3.91506e-16,5.78232e-16,-2.52191e-16,7.424483e-16,-0.00109514,-0.0053778,-0.00403864,0.0068140063
3964,3965,-0.00685744,-0.00551203,-0.00300713,0.0092978375,-5.66735e-16,-4.77851e-16,-3.59924e-16,8.240603e-16,-0.00685744,-0.00551203,-0.00300713,0.0092978375
3965,3966,-0.00379019,-0.00204499,0.000471737,0.004332443,2.58048e-16,1.47897e-16,3.59346e-15,3.6057477e-15,-0.00379019,-0.00204499,0.000471737,0.004332443
3966,3967,0.0026376,0.00359237,0.00176657,0.0047940407,3.73161e-16,-4.37657e-16,1.24286e-16,5.8842145e-16,0.0026376,0.00359237,0.00176657,0.0047940407
3967,3968,-0.00316758,-0.00637724,-0.00071396,0.0071562906,-4.44302e-16,4.93388e-16,-1.06872e-15,1.2581727e-15,-0.00316758,-0.00637724,-0.00071396,0.0071562906
3968,3969,0.00168289,0.00709966,0.0040226,0.008331782,-1.01574e-15,1.03377e-15,4.93695e-16,1.5310595e-15,0.00168289,0.00709966,0.0040226,0.008331782
3969,3970,0.00712551,0.00512752,0.00480296,0.010006636,8.39163e-16,-1.40437e-16,4.26239e-16,9.516285e-16,0.00712551,0.00512752,0.00480296,0.010006636
3970,3971,-0.0035049,0.00246004,0.000447815,0.004305422,5.21434e-18,-3.65094e-16,-7.71929e-16,8.539293e-16,-0.0035049,0.00246004,0.000447815,0.004305422
3971,3972,8.34459e-05,0.00056262,0.0121068,0.012120154,-2.12027e-16,-2.74092e-16,-7.51994e-16,8.2799567e-16,8.34459e-05,0.00056262,0.0121068,0.012120154
3972,3973,-0.00600145,0.00423022,0.0036813,0.008213655,4.3466e-16,9.16653e-17,1.29041e-15,1.3647307e-15,-0.00600145,0.00423022,0.0036813,0.008213655
3973,3974,0.00225382,0.00151602,0.00112712,0.0029408196,3.99364e-16,-2.36283e-16,-3.16131e-16,5.6148025e-16,0.00225382,0.00151602,0.00112712,0.0029408196
3974,3975,-0.00618368,0.00350989,-0.0141757,0.015858995,3.20027e-16,-2.84048e-16,1.31307e-15,1.3810335e-15,-0.00618368,0.00350989,-0.0141757,0.015858995
3975,3976,-0.00150514,0.000526581,-0.00185618,0.0024470673,6.85519e-16,9.77905e-17,-5.62321e-16,8.920225e-16,-0.00150514,0.000526581,-0.00185618,0.0024470673
3976,3977,-0.00328678,-0.00762863,-0.00766464,0.011302461,-3.2352e-16,-9.10476e-16,1.38491e-15,1.6886703e-15,-0.00328678,-0.00762863,-0.00766464,0.011302461
3977,3978,0.000526965,-0.00621106,-0.00491041,0.00793518,4.6344e-16,-5.33691e-16,1.36993e-15,1.5415288e-15,0.000526965,-0.00621106,-0.00491041,0.00793518
3978,3979,0.00125205,-0.00360081,-0.00436193,0.0057930904,-3.78411e-16,4.17496e-16,3.11857e-16,6.4401286e-16,0.00125205,-0.00360081,-0.00436193,0.0057930904
3979,3980,0.00191787,-0.0065605,-0.00765655,0.010263584,-1.36074e-16,2.20473e-16,-4.46164e-16,5.1593296e-16,0.00191787,-0.0065605,-0.00765655,0.010263584
3980,3981,0.00309654,-0.00395554,0.0156275,0.016415041,-3.49113e-16,-2.64662e-16,-1.12684e-15,1.2090055e-15,0.00309654,-0.00395554,0.0156275,0.016415041
3981,3982,-0.0065111,-0.000962897,-5.2797e-05,0.006582126,-1.80651e-16,-1.24447e-16,-1.30984e-15,1.3280823e-15,-0.0065111,-0.000962897,-5.2797e-05,0.006582126
3982,3983,-0.0068522,-0.0050536,-0.00211787,0.008773647,6.65264e-16,-4.52873e-16,-1.93935e-15,2.099702e-15,-0.0068522,-0.0050536,-0.00211787,0.008773647
3983,3984,-0.00571671,0.000738963,0.004583,0.007364152,5.70819e-16,6.00219e-16,-9.70448e-16,1.2758787e-15,-0.00571671,0.000738963,0.004583,0.007364152
3984,3985,0.00323868,0.00425687,0.000890719,0.005422488,-3.78056e-16,8.76115e-16,-6.08609e-16,1.1317724e-15,0.00323868,0.00425687,0.000890719,0.005422488
3985,3986,0.00421921,0.00247422,0.0137964,0.014637765,2.73886e-16,-7.95244e-16,-1.07328e-15,1.3635822e-15,0.00421921,0.00247422,0.0137964,0.014637765
3986,3987,-0.00144561,0.0024818,0.00543738,0.006149327,-3.91995e-16,2.40698e-16,-2.06598e-15,2.1165702e-15,-0.00144561,0.0024818,0.00543738,0.006149327
3987,3988,0.00122238,0.0053002,0.00492077,0.0073348694,3.85582e-16,4.79072e-16,-2.74091e-15,2.8090518e-15,0.00122238,0.0053002,0.00492077,0.0073348694
3988,3989,-0.00347193,-0.00502068,-0.00291637,0.0067651123,-5.26254e-16,-5.32849e-17,5.13504e-16,7.372035e-16,-0.00347193,-0.00502068,-0.00291637,0.0067651123
3989,3990,-0.00528683,-0.000874294,-0.000338977,0.005369345,-4.71715e-16,-8.89246e-16,2.58423e-16,1.0392574e-15,-0.00528683,-0.000874294,-0.000338977,0.005369345
3990,3991,-0.00663347,-0.00281253,-0.001141,0.0072948695,2.49775e-16,2.5936e-16,-3.45946e-16,4.9933333e-16,-0.00663347,-0.00281253,-0.001141,0.0072948695
3991,3992,-0.00427175,-0.00472252,-0.00768617,0.009981344,-8.40355e-17,2.69275e-16,-3.96711e-16,4.867757e-16,-0.00427175,-0.00472252,-0.00768617,0.009981344
3992,3993,-0.005246,0.000288427,-0.00573014,0.007774201,2.64549e-17,-1.7896e-15,8.868e-16,1.9974439e-15,-0.005246,0.000288427,-0.00573014,0.007774201
3993,3994,-0.0028162,-0.00546616,-0.00359596,0.007123259,7.58704e-17,-5.82321e-16,-2.21115e-15,2.2878021e-15,-0.0028162,-0.00546616,-0.00359596,0.007123259
3994,3995,0.000814738,-0.0045786,0.002578,0.0053172796,-2.5517e-16,1.43232e-16,9.7781e-16,1.0206564e-15,0.000814738,-0.0045786,0.002578,0.0053172796
3995,3996,-0.00362459,-0.00205298,0.000958608,0.0042744954,-6.56731e-16,-1.0708e-15,-7.18811e-16,1.4472724e-15,-0.00362459,-0.00205298,0.000958608,0.0042744954
3996,3997,0.00762801,0.00192937,0.00128221,0.007972018,-5.16689e-16,3.57633e-16,-7.98324e-17,6.334367e-16,0.00762801,0.00192937,0.00128221,0.007972018
3997,3998,0.005542,0.00421512,0.00332156,0.007714516,-2.26378e-16,-2.07503e-16,6.36628e-16,7.068237e-16,0.005542,0.00421512,0.00332156,0.007714516
3998,3999,0.0038391,0.00643025,0.00408672,0.008531593,-9.76522e-16,1.01311e-15,5.35064e-16,1.5054172e-15,0.0038391,0.00643025,0.00408672,0.008531593
3999,4000,0.0011726,0.00475988,0.00151659,0.005131422,4.74156e-16,4.31542e-17,1.15228e-15,1.24677e-15,0.0011726,0.00475988,0.00151659,0.005131422
4000,4001,0.00355719,0.0057733,0.00464735,0.008220855,-5.04503e-16,-5.88423e-17,-4.03031e-16,6.483978e-16,0.00355719,0.0057733,0.00464735,0.008220855
4001,4002,0.00530199,0.00389039,0.00255401,0.007054729,-4.7005e-16,3.54029e-16,-4.80171e-16,7.595049e-16,0.00530199,0.00389039,0.00255401,0.007054729
4002,4003,-0.00233866,-0.00213676,-0.00063099,0.00323005,-1.53637e-16,-9.52983e-16,2.72127e-16,1.0029127e-15,-0.00233866,-0.00213676,-0.00063099,0.00323005
4003,4004,-0.00183851,-0.0031221,-0.00169653,0.00400073,9.02185e-16,4.53501e-16,-7.5213e-16,1.2590872e-15,-0.00183851,-0.0031221,-0.00169653,0.00400073
4004,4005,0.00279215,0.00320076,0.00130662,0.0044438974,-2.74753e-17,-5.89131e-16,-7.8498e-16,9.818471e-16,0.00279215,0.00320076,0.00130662,0.0044438974
4005,4006,-0.00495815,-0.00528467,-0.00339117,0.008000689,-1.65784e-16,-3.33957e-16,-6.15859e-16,7.1992634e-16,-0.00495815,-0.00528467,-0.00339117,0.008000689
4006,4007,0.00305943,-0.00424211,-0.00339978,0.006238118,3.08351e-16,5.28709e-16,1.95025e-16,6.423771e-16,0.00305943,-0.00424211,-0.00339978,0.006238118
4007,4008,8.96668e-05,-0.00578954,-0.0053797,0.007903669,-7.66283e-16,7.73918e-16,-6.73479e-16,1.2805126e-15,8.96668e-05,-0.00578954,-0.0053797,0.007903669
4008,4009,0.00572374,-0.00339408,-0.00354222,0.007538455,4.0465e-16,1.2276e-15,-1.73972e-15,2.1673415e-15,0.00572374,-0.00339408,-0.00354222,0.007538455
4009,4010,-0.00442039,-0.00623353,-0.00485638,0.009054346,4.97672e-17,-1.79234e-17,6.30734e-16,6.329482e-16,-0.00442039,-0.00623353,-0.00485638,0.009054346
4010,4011,0.0037202,0.00498298,0.00355792,0.00716441,-3.12891e-17,-8.81366e-16,-8.08014e-16,1.1961069e-15,0.0037202,0.00498298,0.00355792,0.00716441
4011,4012,-0.000630669,-0.00651179,0.00782542,0.010199919,7.81578e-16,-1.31076e-15,8.84015e-16,1.7636435e-15,-0.000630669,-0.00651179,0.00782542,0.010199919
4012,4013,-0.00545285,-0.00316208,-0.000631331,0.0063348957,-8.78084e-16,-9.75407e-16,5.84277e-16,1.4366036e-15,-0.00545285,-0.00316208,-0.000631331,0.0063348957
4013,4014,-0.00374893,0.00528091,0.00738309,0.009821024,3.72434e-16,-4.0915e-16,-1.0544e-15,1.1907435e-15,-0.00374893,0.00528091,0.00738309,0.009821024
4014,4015,-0.00558355,0.00453148,0.00249101,0.0076102214,-7.0428e-16,-3.88154e-16,-1.63725e-15,1.8240783e-15,-0.00558355,0.00453148,0.00249101,0.0076102214
4015,4016,-0.00833306,-0.000641091,-1.63604e-05,0.008357701,-3.99038e-16,-3.32206e-16,7.44846e-16,9.07958e-16,-0.00833306,-0.000641091,-1.63604e-05,0.008357701
4016,4017,-0.000655017,0.00820979,0.00609443,0.010245574,2.24011e-16,-1.36172e-16,-4.58664e-16,5.2829577e-16,-0.000655017,0.00820979,0.00609443,0.010245574
4017,4018,-0.00550778,-0.00173957,-0.000152989,0.0057779886,-6.19328e-16,-2.7444e-16,-2.41567e-15,2.5088536e-15,-0.00550778,-0.00173957,-0.000152989,0.0057779886
4018,4019,-0.00607035,-0.00296779,0.000719744,0.0067952154,-1.354e-15,-5.65354e-16,1.75318e-15,2.2861718e-15,-0.00607035,-0.00296779,0.000719744,0.0067952154
4019,4020,0.00286211,0.007172,0.00673926,0.010249238,1.71121e-16,-8.2152e-16,3.06274e-16,8.93298e-16,0.00286211,0.007172,0.00673926,0.010249238
4020,4021,-0.00134105,-0.00505548,-0.00414552,0.0066739516,2.60741e-16,2.29906e-16,-6.94146e-17,3.5448697e-16,-0.00134105,-0.00505548,-0.00414552,0.0066739516
4021,4022,0.00477287,-0.00027814,-0.00951941,0.01065255,-3.48034e-16,6.38005e-16,-8.20094e-16,1.0957793e-15,0.00477287,-0.00027814,-0.00951941,0.01065255
4022,4023,0.00369225,0.00677237,0.00563672,0.00955355,-2.03481e-16,-1.59011e-15,6.93179e-16,1.7465255e-15,0.00369225,0.00677237,0.00563672,0.00955355
4023,4024,-0.006493,-0.00515511,-0.00328953,0.008919373,7.62615e-17,-1.14572e-15,4.55109e-16,1.2351575e-15,-0.006493,-0.00515511,-0.00328953,0.008919373
4024,4025,-0.00552332,-0.00553598,-0.00909639,0.011995768,-2.68954e-17,4.46411e-16,1.05551e-16,4.595075e-16,-0.00552332,-0.00553598,-0.00909639,0.011995768
4025,4026,-0.00233179,-0.00242845,4.07344e-05,0.0033669383,9.75669e-16,-5.43492e-16,1.71951e-15,2.0503726e-15,-0.00233179,-0.00242845,4.07344e-05,0.0033669383
4026,4027,0.00110983,0.00666782,0.004154,0.007933931,-1.33931e-15,-4.75717e-16,-1.07486e-15,1.7819602e-15,0.00110983,0.00666782,0.004154,0.007933931
4027,4028,-0.00524614,-0.00499784,-0.00216426,0.0075620376,-2.72514e-16,8.37346e-16,1.68305e-15,1.899492e-15,-0.00524614,-0.00499784,-0.00216426,0.0075620376
4028,4029,-0.00461611,-0.00494111,-0.00255177,0.007227349,-2.06857e-16,9.30857e-16,-4.41035e-16,1.0506172e-15,-0.00461611,-0.00494111,-0.00255177,0.007227349
4029,4030,-0.00138312,-0.00623984,-0.00165226,0.0066014077,1.70021e-16,-8.24731e-16,3.68544e-16,9.191916e-16,-0.00138312,-0.00623984,-0.00165226,0.0066014077
4030,4031,-0.00672318,-0.00355085,0.00264774,0.0080511,-4.04706e-16,-1.32167e-15,1.52344e-15,2.0570532e-15,-0.00672318,-0.00355085,0.00264774,0.0080511
4031,4032,-0.00236355,-0.00213047,-0.000865561,0.0032976458,1.76364e-16,7.43047e-16,1.86768e-15,2.0177837e-15,-0.00236355,-0.00213047,-0.000865561,0.0032976458
4032,4033,-0.00551306,-0.00266683,-5.84231e-05,0.0061244774,2.09174e-16,-2.4309e-17,-1.7732e-15,1.7856602e-15,-0.00551306,-0.00266683,-5.84231e-05,0.0061244774
4033,4034,-0.00584323,0.00164826,0.0138974,0.015165679,9.53287e-16,1.74654e-16,3.30516e-16,1.0239633e-15,-0.00584323,0.00164826,0.0138974,0.015165679
4034,4035,-0.00248371,-0.00502572,0.00195248,0.005936233,-2.46037e-17,1.07479e-15,-2.1529e-15,2.4063992e-15,-0.00248371,-0.00502572,0.00195248,0.005936233
4035,4036,0.00554011,-0.00139118,0.00504479,0.0076208995,-3.28773e-17,-1.24641e-16,-2.7358e-16,3.0242737e-16,0.00554011,-0.00139118,0.00504479,0.0076208995
4036,4037,-0.00331954,-0.0059591,-0.00377243,0.007794963,-8.03754e-16,5.22249e-16,2.00533e-15,2.2226365e-15,-0.00331954,-0.0059591,-0.00377243,0.007794963
4037,4038,0.00559604,0.00334277,0.00219209,0.0068771387,-4.41015e-16,1.16184e-15,-1.27144e-16,1.2492126e-15,0.00559604,0.00334277,0.00219209,0.0068771387
4038,4039,-0.0021284,-0.00262068,-0.000928033,0.0035013275,-3.33621e-16,-6.7493e-16,-2.3487e-16,7.886681e-16,-0.0021284,-0.00262068,-0.000928033,0.0035013275
4039,4040,-0.00420596,-0.00451013,0.00213476,0.006525992,1.14227e-16,4.97247e-16,-2.25257e-15,2.3096263e-15,-0.00420596,-0.00451013,0.00213476,0.006525992
4040,4041,-0.00277609,0.00489928,0.00195893,0.0059621325,1.4174e-16,6.47475e-16,-9.81405e-17,6.700341e-16,-0.00277609,0.00489928,0.00195893,0.0059621325
4041,4042,-0.00664126,-0.00354266,-0.0010225,0.0075962017,4.93404e-17,-5.50423e-16,3.69587e-16,6.648267e-16,-0.00664126,-0.00354266,-0.0010225,0.0075962017
4042,4043,0.00144542,0.00437064,-0.00089717,0.004690058,-5.39529e-16,-1.54278e-16,-5.52307e-16,7.873603e-16,0.00144542,0.00437064,-0.00089717,0.004690058
4043,4044,-0.00443093,-0.00255596,0.0121881,0.013218013,-1.26113e-16,-4.32033e-16,9.13509e-16,1.0183593e-15,-0.00443093,-0.00255596,0.0121881,0.013218013
4044,4045,0.00522648,0.0032468,0.00736597,0.009597672,-1.02538e-15,1.246e-15,-3.65065e-16,1.6544464e-15,0.00522648,0.0032468,0.00736597,0.009597672
4045,4046,-0.00273283,0.00702706,0.00538425,0.0092648845,-1.79193e-16,-7.6481e-16,8.75156e-16,1.1759857e-15,-0.00273283,0.00702706,0.00538425,0.0092648845
4046,4047,-0.00535858,-0.00663255,0.00253245,0.008894852,-8.00943e-17,1.70574e-16,-5.31491e-16,5.639089e-16,-0.00535858,-0.00663255,0.00253245,0.008894852
4047,4048,0.00167753,0.0058753,0.00381145,0.0072014173,3.49299e-16,-4.74001e-16,1.54776e-15,1.6559733e-15,0.00167753,0.0058753,0.00381145,0.0072014173
4048,4049,0.00200255,-0.00633784,0.0121048,0.013809584,-2.30924e-17,-4.99142e-16,-3.78471e-17,5.011072e-16,0.00200255,-0.00633784,0.0121048,0.013809584
4049,4050,0.00257981,0.00489449,0.00187364,0.005841402,2.24754e-17,4.26342e-17,-3.57005e-16,3.6024354e-16,0.00257981,0.00489449,0.00187364,0.005841402
4050,4051,0.00103198,0.00749435,0.00587601,0.009579027,-6.60354e-16,-2.61983e-16,3.5055e-16,7.922044e-16,0.00103198,0.00749435,0.00587601,0.009579027
4051,4052,-0.00546246,0.00480882,0.00288188,0.007827417,6.4015e-16,-8.28753e-16,1.2947e-15,1.6651942e-15,-0.00546246,0.00480882,0.00288188,0.007827417
4052,4053,0.0032752,0.00314094,0.00165197,0.0048292284,-5.05396e-16,5.28195e-17,1.3186e-15,1.4131247e-15,0.0032752,0.00314094,0.00165197,0.0048292284
4053,4054,-0.00196609,-0.00403053,4.95074e-05,0.0044847666,9.62894e-17,-2.16367e-16,-6.53109e-16,6.947213e-16,-0.00196609,-0.00403053,4.95074e-05,0.0044847666
4054,4055,-0.00151564,0.00514695,0.00199569,0.005724599,6.05953e-17,7.36971e-17,-6.78386e-16,6.850625e-16,-0.00151564,0.00514695,0.00199569,0.005724599
4055,4056,0.00520428,-0.00139421,0.0114536,0.012657539,2.41508e-16,1.12493e-15,1.90498e-16,1.166226e-15,0.00520428,-0.00139421,0.0114536,0.012657539
4056,4057,-0.00018712,-0.00406719,0.0157121,0.016231054,-4.54704e-16,-2.34472e-16,-2.54816e-15,2.5990098e-15,-0.00018712,-0.00406719,0.0157121,0.016231054
4057,4058,0.00690704,-3.74894e-08,-0.00193447,0.007172822,-3.52154e-16,-1.92028e-17,1.32079e-15,1.3670653e-15,0.00690704,-3.74894e-08,-0.00193447,0.007172822
4058,4059,-0.00414864,-0.00557735,-0.00241174,0.0073576174,-1.43421e-16,2.38354e-16,1.45875e-15,1.4850366e-15,-0.00414864,-0.00557735,-0.00241174,0.0073576174
4059,4060,0.00635693,0.00423029,0.00229123,0.00797218,-6.01419e-16,4.17014e-16,6.77472e-16,9.972831e-16,0.00635693,0.00423029,0.00229123,0.00797218
4060,4061,0.00526137,-0.00199204,0.00182372,0.0059140674,-1.03451e-15,1.38625e-16,1.57946e-15,1.8931777e-15,0.00526137,-0.00199204,0.00182372,0.0059140674
4061,4062,0.00673995,0.00100022,0.000748106,0.0068547083,-1.08573e-15,1.85593e-16,6.25635e-16,1.2667571e-15,0.00673995,0.00100022,0.000748106,0.0068547083
4062,4063,0.00477674,0.00637709,0.0060838,0.010024826,2.08155e-16,8.56007e-16,4.05638e-16,9.69855e-16,0.00477674,0.00637709,0.0060838,0.010024826
4063,4064,-0.000640631,-0.00608902,-0.00597785,0.008556942,-7.82279e-17,-3.10181e-16,-1.23414e-15,1.2749249e-15,-0.000640631,-0.00608902,-0.00597785,0.008556942
4064,4065,0.00477284,0.000491328,7.05705e-05,0.004798582,-1.35766e-16,-2.1433e-16,1.86796e-15,1.8851114e-15,0.00477284,0.000491328,7.05705e-05,0.004798582
4065,4066,-0.00764808,0.00106597,0.00239192,0.008083978,2.32861e-16,-4.95192e-17,1.486e-15,1.5049493e-15,-0.00764808,0.00106597,0.00239192,0.008083978
4066,4067,-0.00557785,0.00212413,0.00358649,0.0069632786,3.54286e-16,-3.36907e-17,-5.33639e-16,6.414236e-16,-0.00557785,0.00212413,0.00358649,0.0069632786
4067,4068,0.00475812,-0.00477984,-0.00740901,0.010018982,1.13467e-16,6.94027e-16,-2.65346e-16,7.51636e-16,0.00475812,-0.00477984,-0.00740901,0.010018982
4068,4069,0.00291674,0.00480129,-0.00362342,0.006684978,1.53042e-16,-8.57484e-16,-1.56216e-15,1.7885874e-15,0.00291674,0.00480129,-0.00362342,0.006684978
4069,4070,-0.0054669,0.00313199,-0.000219712,0.006304334,-4.64934e-16,3.14276e-16,4.86463e-16,7.4268384e-16,-0.0054669,0.00313199,-0.000219712,0.006304334
4070,4071,-0.00249387,-0.00555287,-0.00159475,0.006292613,-1.13606e-16,-1.09752e-18,3.30898e-16,3.4985857e-16,-0.00249387,-0.00555287,-0.00159475,0.006292613
4071,4072,-0.00432579,-0.0038744,-0.00135726,0.005963689,2.72955e-16,-3.92228e-16,4.41449e-16,6.5055704e-16,-0.00432579,-0.0038744,-0.00135726,0.005963689
4072,4073,0.00654704,0.00601339,0.00612295,0.010794217,-6.77597e-16,1.43694e-16,2.86019e-16,7.4939477e-16,0.00654704,0.00601339,0.00612295,0.010794217
4073,4074,-0.0030993,-0.00711307,0.00325736,0.008414976,-3.20098e-16,5.84424e-16,-9.43775e-16,1.1553032e-15,-0.0030993,-0.00711307,0.00325736,0.008414976
4074,4075,-0.00596577,-0.00243492,-0.0028684,0.007053153,2.65148e-16,-4.50216e-16,7.9189e-16,9.487295e-16,-0.00596577,-0.00243492,-0.0028684,0.007053153
4075,4076,0.00197318,0.00390899,0.00173851,0.0047112694,1.51414e-16,2.75592e-16,1.41175e-16,3.4468468e-16,0.00197318,0.00390899,0.00173851,0.0047112694
4076,4077,0.00613698,-0.00393881,0.00766514,0.010579751,2.5472e-16,-3.90259e-16,-4.30024e-16,6.341175e-16,0.00613698,-0.00393881,0.00766514,0.010579751
4077,4078,0.00373374,0.00091948,0.000818567,0.003931451,-1.45561e-16,1.47896e-16,-1.33619e-15,1.3522075e-15,0.00373374,0.00091948,0.000818567,0.003931451
4078,4079,0.00560165,0.00047234,0.0145613,0.015608749,-4.67831e-17,3.16485e-16,1.28926e-15,1.3283608e-15,0.00560165,0.00047234,0.0145613,0.015608749
4079,4080,0.00681498,0.00150396,0.00216899,0.0073082396,-1.04815e-15,-2.93559e-17,8.05554e-16,1.3222699e-15,0.00681498,0.00150396,0.00216899,0.0073082396
4080,4081,-0.00465299,-0.00705091,-0.0055758,0.010122015,3.10326e-16,8.82595e-16,-1.06413e-15,1.4169152e-15,-0.00465299,-0.00705091,-0.0055758,0.010122015
4081,4082,-0.00413802,-0.00379213,-0.000434043,0.0056295516,1.97472e-16,-8.68356e-16,1.1244e-15,1.4343335e-15,-0.00413802,-0.00379213,-0.000434043,0.0056295516
4082,4083,0.0073224,0.00247608,0.00325093,0.008385527,-2.39942e-16,4.95334e-17,1.81529e-16,3.0492373e-16,0.0073224,0.00247608,0.00325093,0.008385527
4083,4084,0.000242611,-0.00143762,-0.00308446,0.003411672,-3.68888e-16,-2.79844e-16,1.21731e-15,1.3023957e-15,0.000242611,-0.00143762,-0.00308446,0.003411672
4084,4085,0.00600952,-0.000462237,0.00290288,0.006689896,-1.66194e-16,-5.47422e-16,-8.93937e-16,1.0613269e-15,0.00600952,-0.000462237,0.00290288,0.006689896
4085,4086,0.000672718,0.00705586,0.00349508,0.00790274,4.01728e-17,-2.28368e-16,-7.56879e-16,7.916006e-16,0.000672718,0.00705586,0.00349508,0.00790274
4086,4087,-0.00772257,-0.00513224,-0.00505325,0.010559986,-1.83839e-16,2.8632e-16,-9.93349e-16,1.0500086e-15,-0.00772257,-0.00513224,-0.00505325,0.010559986
4087,4088,-0.00649442,-0.00362123,-0.000868169,0.0074862884,-6.98961e-16,6.10634e-16,-3.18029e-15,3.312954e-15,-0.00649442,-0.00362123,-0.000868169,0.0074862884
4088,4089,-0.0064449,-0.0064469,-0.00137492,0.009218983,-3.3185e-16,-1.00272e-15,-9.35118e-16,1.4106798e-15,-0.0064449,-0.0064469,-0.00137492,0.009218983
4089,4090,-0.0007472,-0.00591218,-0.00313279,0.0067324997,-2.21958e-16,2.70856e-17,-3.19009e-15,3.197917e-15,-0.0007472,-0.00591218,-0.00313279,0.0067324997
4090,4091,-0.00631973,-0.00464222,-0.00173497,0.008031147,-2.45179e-16,-5.36187e-16,1.74836e-15,1.845094e-15,-0.00631973,-0.00464222,-0.00173497,0.008031147
4091,4092,-0.00484512,-0.0038022,-0.000112125,0.0061599095,-1.89062e-17,-9.29281e-16,-2.28424e-15,2.4661047e-15,-0.00484512,-0.0038022,-0.000112125,0.0061599095
4092,4093,0.0048269,-0.00547699,-0.00615415,0.009548295,-5.65465e-16,-6.06246e-16,-8.68383e-16,1.2005723e-15,0.0048269,-0.00547699,-0.00615415,0.009548295
4093,4094,-0.00505804,-0.00162885,-0.0033059,0.006258266,-6.00041e-16,-4.90987e-16,-5.95827e-16,9.778176e-16,-0.00505804,-0.00162885,-0.0033059,0.006258266
4094,4095,0.00243937,-0.00551777,0.00180156,0.006296184,3.17277e-16,-1.90763e-17,2.16424e-16,3.8453602e-16,0.00243937,-0.00551777,0.00180156,0.006296184
4095,4096,-0.00238532,0.00810933,0.0065315,0.010682297,-3.86783e-16,1.38124e-15,-1.21409e-15,1.8792125e-15,-0.00238532,0.00810933,0.0065315,0.010682297
4096,4097,-0.00253467,-0.00637954,-0.00479183,0.008371661,7.16701e-18,-1.06424e-16,1.80397e-15,1.8071207e-15,-0.00253467,-0.00637954,-0.00479183,0.008371661
4097,4098,-0.00421654,-0.00485881,-0.00274073,0.006992771,-1.3389e-16,4.46151e-17,-6.59475e-16,6.744067e-16,-0.00421654,-0.00485881,-0.00274073,0.006992771
4098,4099,-0.00447349,-0.00374821,0.000158954,0.0058383606,-1.48936e-15,1.28907e-15,1.94378e-16,1.9793123e-15,-0.00447349,-0.00374821,0.000158954,0.0058383606
4099,4100,-0.00471167,0.00110369,0.00758496,0.008997198,-3.02504e-16,-6.06242e-16,-4.63828e-16,8.210813e-16,-0.00471167,0.00110369,0.00758496,0.008997198
4100,4101,0.00874169,0.00164713,0.00140374,0.009005591,2.44599e-16,1.66941e-17,2.33725e-15,2.3500734e-15,0.00874169,0.00164713,0.00140374,0.009005591
4101,4102,0.00480266,0.00255098,0.00188875,0.0057567717,5.22989e-16,-1.7624e-16,5.48936e-16,7.784014e-16,0.00480266,0.00255098,0.00188875,0.0057567717
4102,4103,-0.00413578,-0.00463009,-0.00269267,0.0067670443,4.8477e-16,6.06045e-16,4.66951e-16,9.057239e-16,-0.00413578,-0.00463009,-0.00269267,0.0067670443
4103,4104,-0.00376576,-0.00349255,-0.000888684,0.005212352,-1.27435e-16,-7.04996e-16,-1.15287e-16,7.2563777e-16,-0.00376576,-0.00349255,-0.000888684,0.005212352
4104,4105,0.000110879,0.0073815,0.00135737,0.0075060837,-1.3613e-16,-2.17994e-16,6.59866e-16,7.081496e-16,0.000110879,0.0073815,0.00135737,0.0075060837
4105,4106,-0.00693309,0.003571,-0.00382738,0.008687267,2.03857e-16,5.94669e-17,-1.30205e-15,1.319253e-15,-0.00693309,0.003571,-0.00382738,0.008687267
4106,4107,0.00201052,-0.00741872,-0.00964466,0.012332845,1.68146e-16,1.50785e-16,-6.11167e-16,6.5156294e-16,0.00201052,-0.00741872,-0.00964466,0.012332845
4107,4108,-0.00223193,-0.00543009,-0.00472347,0.007535155,-2.70472e-16,-9.18631e-16,-9.80994e-16,1.3709074e-15,-0.00223193,-0.00543009,-0.00472347,0.007535155
4108,4109,0.00453487,-0.000398153,0.000163669,0.004555256,6.42021e-17,-3.86352e-16,2.36486e-16,4.5750997e-16,0.00453487,-0.000398153,0.000163669,0.004555256
4109,4110,0.00282316,0.0064627,0.00459332,0.008416372,8.27464e-17,3.98928e-16,-1.25521e-15,1.3196751e-15,0.00282316,0.0064627,0.00459332,0.008416372
4110,4111,0.00549856,0.000505294,0.000580887,0.005552199,-3.00306e-16,-6.87316e-16,4.47482e-16,8.733997e-16,0.00549856,0.000505294,0.000580887,0.005552199
4111,4112,-0.00617657,-0.00225075,0.00204555,0.006884778,1.26097e-15,3.88687e-16,4.09174e-16,1.3815014e-15,-0.00617657,-0.00225075,0.00204555,0.006884778
4112,4113,-0.00811141,-0.00196416,-0.011567,0.014263533,4.76216e-16,2.66047e-16,1.12425e-15,1.2496003e-15,-0.00811141,-0.00196416,-0.011567,0.014263533
4113,4114,-0.00659901,0.000778577,-0.000579057,0.006669964,-5.70024e-16,1.63736e-16,1.26697e-15,1.3989103e-15,-0.00659901,0.000778577,-0.000579057,0.006669964
4114,4115,-0.00676669,-0.00219793,0.000229594,0.0071184062,1.56393e-15,2.62602e-16,9.46515e-16,1.8468156e-15,-0.00676669,-0.00219793,0.000229594,0.0071184062
4115,4116,-0.00794667,-0.00389534,-0.00243076,0.00917779,3.05734e-16,4.7927e-16,-2.56228e-15,2.624586e-15,-0.00794667,-0.00389534,-0.00243076,0.00917779
4116,4117,0.00249979,0.00580046,0.00438227,0.00768756,-1.17141e-16,-1.37144e-16,-1.0669e-15,1.082038e-15,0.00249979,0.00580046,0.00438227,0.00768756
4117,4118,-0.00426841,-0.00700746,-0.0064343,0.010427082,5.1677e-16,-1.32299e-16,-1.05984e-15,1.1865138e-15,-0.00426841,-0.00700746,-0.0064343,0.010427082
4118,4119,0.00897172,0.002325,0.0083595,0.012481131,7.27626e-16,6.67446e-16,2.2268e-17,9.876333e-16,0.00897172,0.002325,0.0083595,0.012481131
4119,4120,-0.0059596,-0.00518236,6.98986e-05,0.007898011,-3.72707e-16,1.66461e-16,-2.00479e-16,4.547654e-16,-0.0059596,-0.00518236,6.98986e-05,0.007898011
4120,4121,0.00723844,0.00167635,0.0020822,0.0077162636,1.16221e-15,-1.47257e-16,-1.34579e-15,1.7842554e-15,0.00723844,0.00167635,0.0020822,0.0077162636
4121,4122,0.00542115,0.00602591,0.00524707,0.009655682,1.08454e-16,1.00089e-15,-4.26853e-16,1.093502e-15,0.00542115,0.00602591,0.00524707,0.009655682
4122,4123,-0.00488495,-0.00595173,-0.00362659,0.008511051,1.24722e-15,-8.86399e-16,1.29007e-16,1.5355466e-15,-0.00488495,-0.00595173,-0.00362659,0.008511051
4123,4124,0.00488449,-0.00353188,-0.00449969,0.007521943,3.02277e-16,1.87982e-16,2.35908e-16,4.270377e-16,0.00488449,-0.00353188,-0.00449969,0.007521943
4124,4125,-0.00297638,0.00408191,0.00334992,0.0060615833,-9.85338e-16,1.15312e-16,-4.00077e-16,1.0696959e-15,-0.00297638,0.00408191,0.00334992,0.0060615833
4125,4126,-0.00717611,-0.00474519,-0.0112486,0.01416137,1.08945e-16,-1.55487e-17,-1.58907e-16,1.9329306e-16,-0.00717611,-0.00474519,-0.0112486,0.01416137
4126,4127,-0.00402843,-0.00833039,-0.00778416,0.012092013,-1.00324e-15,-9.01613e-16,3.69906e-16,1.3986518e-15,-0.00402843,-0.00833039,-0.00778416,0.012092013
4127,4128,0.00441557,0.00356572,-0.00584641,0.008148137,-3.71048e-16,-6.36227e-16,3.67156e-16,8.2296106e-16,0.00441557,0.00356572,-0.00584641,0.008148137
4128,4129,-0.00694673,-0.0066008,-0.00272113,0.009961534,-3.0525e-16,-7.98071e-16,1.25672e-15,1.5196842e-15,-0.00694673,-0.0066008,-0.00272113,0.009961534
4129,4130,-0.0072315,-0.000854582,0.00382944,0.008227364,2.80792e-16,6.00084e-17,-6.37201e-16,6.989065e-16,-0.0072315,-0.000854582,0.00382944,0.008227364
4130,4131,-0.00278192,-0.00255763,-0.00938625,0.010118411,-5.64891e-16,1.4498e-15,-4.53e-16,1.6205649e-15,-0.00278192,-0.00255763,-0.00938625,0.010118411
4131,4132,-0.00138217,0.00619756,0.00464007,0.007864502,1.97278e-16,1.85864e-16,9.01136e-16,9.410155e-16,-0.00138217,0.00619756,0.00464007,0.007864502
4132,4133,-0.00534028,0.00329185,-0.00616786,0.008797577,5.94116e-16,-5.46238e-16,-2.02354e-16,8.320438e-16,-0.00534028,0.00329185,-0.00616786,0.008797577
4133,4134,0.00250832,0.00642525,0.00405514,0.008001229,2.78658e-16,-1.10695e-15,-7.20989e-16,1.3501162e-15,0.00250832,0.00642525,0.00405514,0.008001229
4134,4135,0.0034587,-0.00566911,0.00444729,0.007992484,-4.40881e-16,-1.27282e-15,1.36498e-16,1.3539123e-15,0.0034587,-0.00566911,0.00444729,0.007992484
4135,4136,-0.00483447,-0.00371804,-0.00146467,0.0062722545,5.65502e-16,-6.70811e-17,1.43788e-15,1.5465418e-15,-0.00483447,-0.00371804,-0.00146467,0.0062722545
4136,4137,0.00840358,0.00322707,0.004232,0.009947058,3.60626e-16,-3.86754e-16,-2.36538e-16,5.7929266e-16,0.00840358,0.00322707,0.004232,0.009947058
4137,4138,-0.00518627,-0.00388208,-0.000571367,0.006503415,-1.28684e-15,-1.42957e-16,1.37545e-15,1.888983e-15,-0.00518627,-0.00388208,-0.000571367,0.006503415
4138,4139,-0.00140367,0.00723148,-0.0132902,0.015195197,-3.78713e-16,4.81514e-16,-1.81821e-15,1.9186368e-15,-0.00140367,0.00723148,-0.0132902,0.015195197
4139,4140,0.00564446,-2.93386e-05,0.000715599,0.0056897164,1.60904e-16,8.40967e-17,-1.04253e-15,1.0582207e-15,0.00564446,-2.93386e-05,0.000715599,0.0056897164
4140,4141,0.00449276,0.00385047,0.00210413,0.006279998,-2.2113e-17,9.20487e-16,-8.12782e-16,1.2281693e-15,0.00449276,0.00385047,0.00210413,0.006279998
4141,4142,0.000541142,0.00802548,0.00633797,0.010240656,5.7584e-16,4.13242e-16,4.07499e-16,8.1756716e-16,0.000541142,0.00802548,0.00633797,0.010240656
4142,4143,-0.00501702,-0.00395699,-0.00103848,0.0064735385,-2.68644e-16,1.18182e-15,-5.74257e-16,1.3411335e-15,-0.00501702,-0.00395699,-0.00103848,0.0064735385
4143,4144,-0.00589011,0.00321439,0.0131577,0.0147699285,-7.68657e-17,3.89433e-16,-8.14738e-17,4.052214e-16,-0.00589011,0.00321439,0.0131577,0.0147699285
4144,4145,-0.00438361,-0.00476202,0.000144599,0.006474085,-2.97486e-17,-3.587e-17,-7.79147e-17,9.078732e-17,-0.00438361,-0.00476202,0.000144599,0.006474085
4145,4146,-0.00122034,0.00695779,0.00500742,0.008658771,-5.55326e-16,-8.33104e-16,-6.11046e-16,1.1729564e-15,-0.00122034,0.00695779,0.00500742,0.008658771
4146,4147,0.00574832,-0.00532508,0.00514605,0.009374512,5.09096e-16,-7.37374e-17,-1.64885e-15,1.7272297e-15,0.00574832,-0.00532508,0.00514605,0.009374512
4147,4148,-0.00829159,-0.00326579,-0.00155372,0.009045987,2.29447e-16,-4.5087e-16,7.39383e-16,8.958889e-16,-0.00829159,-0.00326579,-0.00155372,0.009045987
4148,4149,-0.00802325,0.00328194,0.00168224,0.008830266,5.91223e-16,2.33153e-16,-1.14393e-16,6.4574817e-16,-0.00802325,0.00328194,0.00168224,0.008830266
4149,4150,-0.00646571,-0.00624293,-0.000201294,0.00899,-5.55142e-16,-6.19745e-16,-5.38707e-16,9.911971e-16,-0.00646571,-0.00624293,-0.000201294,0.00899
4150,4151,-0.0010226,-0.00492308,-0.00710516,0.008704351,5.20552e-16,-7.62569e-16,8.47694e-16,1.2534237e-15,-0.0010226,-0.00492308,-0.00710516,0.008704351
4151,4152,0.00497372,-0.000844679,-0.0013968,0.0052347323,-3.74086e-16,-3.83781e-16,4.87175e-16,7.2427045e-16,0.00497372,-0.000844679,-0.0013968,0.0052347323
4152,4153,0.00363474,0.000603424,-5.41925e-05,0.003684887,-3.88384e-16,1.48714e-16,-1.25988e-15,1.3267461e-15,0.00363474,0.000603424,-5.41925e-05,0.003684887
4153,4154,-0.00765078,-0.00595926,-0.00317887,0.010205509,-2.6145e-16,3.08874e-17,-9.65368e-17,2.8040952e-16,-0.00765078,-0.00595926,-0.00317887,0.010205509
4154,4155,0.00268745,-0.00451228,-0.00464341,0.0070103006,-7.43595e-18,3.99321e-16,-5.12028e-16,6.4937294e-16,0.00268745,-0.00451228,-0.00464341,0.0070103006
4155,4156,0.00368828,0.00439652,0.00210605,0.0061129574,-5.32825e-16,1.07977e-15,-4.37422e-16,1.2810713e-15,0.00368828,0.00439652,0.00210605,0.0061129574
4156,4157,0.00624528,-0.00172498,-0.00205783,0.0067980695,1.17795e-15,-2.14383e-16,1.94183e-15,2.281278e-15,0.00624528,-0.00172498,-0.00205783,0.0067980695
4157,4158,-0.00765063,-0.00125872,-0.00727685,0.010633393,2.30224e-16,1.60165e-16,-1.42824e-15,1.4555155e-15,-0.00765063,-0.00125872,-0.00727685,0.010633393
4158,4159,-0.00143205,0.0041203,0.00152032,0.004619417,-3.2723e-16,5.53011e-16,1.49441e-15,1.6267027e-15,-0.00143205,0.0041203,0.00152032,0.004619417
4159,4160,0.0060731,-0.000275087,0.000214756,0.0060831187,4.98971e-16,5.99655e-16,1.45555e-15,1.6514188e-15,0.0060731,-0.000275087,0.000214756,0.0060831187
4160,4161,-0.00416487,-0.00498241,-0.00314226,0.007214177,-1.07709e-16,1.3411e-16,5.93385e-16,6.1781265e-16,-0.00416487,-0.00498241,-0.00314226,0.007214177
4161,4162,-0.00595707,0.00492713,-0.00908409,0.011928285,1.08439e-15,1.22929e-15,-9.27535e-16,1.883448e-15,-0.00595707,0.00492713,-0.00908409,0.011928285
4162,4163,-0.0048482,0.00643664,0.00505868,0.009514495,-4.60126e-16,1.12094e-15,8.26405e-16,1.4666859e-15,-0.0048482,0.00643664,0.00505868,0.009514495
4163,4164,-0.00292117,-0.00286383,0.00652332,0.0076999,-3.47551e-17,-2.29893e-16,-5.01395e-17,2.378501e-16,-0.00292117,-0.00286383,0.00652332,0.0076999
4164,4165,0.000498512,0.00692536,0.00513184,0.00863394,-1.92173e-16,-2.48162e-17,3.49526e-16,3.9964325e-16,0.000498512,0.00692536,0.00513184,0.00863394
4165,4166,-0.00566596,-0.00580326,-0.00323709,0.008732679,-1.10055e-16,-4.43906e-16,1.24752e-17,4.575153e-16,-0.00566596,-0.00580326,-0.00323709,0.008732679
4166,4167,0.0031364,0.00681533,0.00115785,0.007591202,-5.08894e-17,2.52562e-16,-1.23737e-16,2.858114e-16,0.0031364,0.00681533,0.00115785,0.007591202
4167,4168,-0.0057784,-0.00505735,-0.00226049,0.008004781,1.27839e-16,2.19752e-17,-9.32764e-16,9.417401e-16,-0.0057784,-0.00505735,-0.00226049,0.008004781
4168,4169,0.00743196,-0.00112899,-0.00240087,0.007891313,-3.46348e-16,-5.11307e-16,-2.69839e-16,6.739472e-16,0.00743196,-0.00112899,-0.00240087,0.007891313
4169,4170,0.00354319,0.00806779,0.00784251,0.011796118,1.86061e-15,-6.0916e-16,5.70962e-16,2.0393485e-15,0.00354319,0.00806779,0.00784251,0.011796118
4170,4171,-0.00624719,0.00114301,0.00270304,0.0069021937,1.94787e-16,-5.29325e-16,1.48954e-15,1.5927512e-15,-0.00624719,0.00114301,0.00270304,0.0069021937
4171,4172,-0.00720891,0.0013055,-0.00992161,0.012333332,-2.2464e-16,-1.98198e-16,-4.36462e-16,5.293814e-16,-0.00720891,0.0013055,-0.00992161,0.012333332
4172,4173,0.00484453,0.00551895,0.00436591,0.008543386,-1.95212e-16,9.22123e-16,7.49314e-16,1.2041138e-15,0.00484453,0.00551895,0.00436591,0.008543386
4173,4174,0.00657735,0.00295837,0.00273566,0.0077134506,7.89077e-16,1.53349e-15,-9.20535e-16,1.9548961e-15,0.00657735,0.00295837,0.00273566,0.0077134506
4174,4175,-0.00609666,-0.00657487,-0.00555163,0.010546031,3.69072e-16,-1.7138e-15,-1.25989e-15,2.1588532e-15,-0.00609666,-0.00657487,-0.00555163,0.010546031
4175,4176,-0.00764989,0.00261378,0.00393745,0.008992006,1.04566e-16,-9.86403e-16,6.37655e-16,1.1792069e-15,-0.00764989,0.00261378,0.00393745,0.008992006
4176,4177,0.00368558,0.00471238,0.00952663,0.011249297,4.50493e-16,-1.88589e-16,2.75084e-15,2.7938558e-15,0.00368558,0.00471238,0.00952663,0.011249297
4177,4178,0.00277023,0.00445495,0.00150053,0.005456404,6.18094e-16,-1.1939e-17,-1.85886e-15,1.9589649e-15,0.00277023,0.00445495,0.00150053,0.005456404
4178,4179,0.00567341,0.00652367,0.00576075,0.010389037,2.59708e-16,9.11676e-16,1.19469e-15,1.5250854e-15,0.00567341,0.00652367,0.00576075,0.010389037
4179,4180,0.00377485,-0.00356513,0.000253621,0.005198458,1.0437e-15,-3.32113e-16,1.2876e-15,1.6904208e-15,0.00377485,-0.00356513,0.000253621,0.005198458
4180,4181,-0.00694075,-0.0059852,-0.00284136,0.009595308,-5.66094e-17,-8.02617e-17,-5.71897e-16,5.8026956e-16,-0.00694075,-0.0059852,-0.00284136,0.009595308
4181,4182,-0.00642727,0.00378067,0.00159232,0.0076248767,-1.25243e-16,3.94975e-16,-9.84424e-16,1.0680738e-15,-0.00642727,0.00378067,0.00159232,0.0076248767
4182,4183,-0.00418356,-0.00378352,0.0010764,0.0057424596,6.69404e-16,3.1533e-16,-2.5751e-15,2.6793048e-15,-0.00418356,-0.00378352,0.0010764,0.0057424596
4183,4184,0.00653606,-0.000506867,0.000305724,0.006562809,-3.03082e-16,-4.63474e-16,-1.14663e-16,5.655214e-16,0.00653606,-0.000506867,0.000305724,0.006562809
4184,4185,-0.00318461,-0.0016932,0.00411638,0.005472956,4.34687e-16,5.01969e-16,7.61307e-16,1.010205e-15,-0.00318461,-0.0016932,0.00411638,0.005472956
4185,4186,-0.00706857,-0.00672531,-0.00436568,0.010688948,-1.00356e-15,-2.1118e-16,-9.46022e-16,1.3952373e-15,-0.00706857,-0.00672531,-0.00436568,0.010688948
4186,4187,0.000559381,0.0081695,0.00664537,0.010545832,2.67069e-16,5.12927e-16,-6.62291e-16,8.792322e-16,0.000559381,0.0081695,0.00664537,0.010545832
4187,4188,-0.00133389,-0.0062443,0.00496124,0.008086065,-6.47987e-16,-3.32222e-16,2.23418e-16,7.616916e-16,-0.00133389,-0.0062443,0.00496124,0.008086065
4188,4189,0.00673158,0.00106238,0.000592743,0.0068406262,-5.2564e-17,4.37387e-16,-2.40905e-15,2.4489982e-15,0.00673158,0.00106238,0.000592743,0.0068406262
4189,4190,-0.00329602,0.00525022,0.00409753,0.0074309027,1.3855e-16,-4.47446e-16,2.08758e-15,2.1394847e-15,-0.00329602,0.00525022,0.00409753,0.0074309027
4190,4191,0.00375532,0.000610075,0.000435489,0.0038293956,5.84611e-16,-1.00271e-15,-3.27395e-16,1.2059788e-15,0.00375532,0.000610075,0.000435489,0.0038293956
4191,4192,-0.00434028,-0.00411592,-0.00302448,0.006702709,4.8535e-17,3.10329e-16,3.43095e-16,4.651601e-16,-0.00434028,-0.00411592,-0.00302448,0.006702709
4192,4193,0.00429226,-0.0063668,-0.000481069,0.007693573,-2.11895e-17,-2.47484e-16,1.66406e-15,1.682496e-15,0.00429226,-0.0063668,-0.000481069,0.007693573
4193,4194,0.00687949,0.00187641,0.00116685,0.0072256373,-4.72062e-16,2.88914e-16,6.39994e-16,8.461124e-16,0.00687949,0.00187641,0.00116685,0.0072256373
4194,4195,-0.00251318,0.00755997,0.00727,0.010785273,-5.09009e-16,1.95765e-16,1.14906e-16,5.573307e-16,-0.00251318,0.00755997,0.00727,0.010785273
4195,4196,0.00881746,0.00196762,0.00105173,0.009095344,8.85918e-17,5.42919e-16,9.06762e-16,1.0605785e-15,0.00881746,0.00196762,0.00105173,0.009095344
4196,4197,-0.00827141,-0.000604435,-0.00945133,0.012574147,7.99318e-16,3.2488e-16,-2.73042e-16,9.049908e-16,-0.00827141,-0.000604435,-0.00945133,0.012574147
4197,4198,-0.0065525,-0.00606778,0.00249491,0.009272421,5.69465e-16,-7.34451e-16,-2.71737e-16,9.682715e-16,-0.0065525,-0.00606778,0.00249491,0.009272421
4198,4199,-0.00158081,0.00708008,0.00210446,0.007553492,4.69147e-16,8.59774e-16,1.03572e-15,1.4254915e-15,-0.00158081,0.00708008,0.00210446,0.007553492
4199,4200,-0.00504961,0.0058809,-0.00403365,0.008738071,2.96331e-17,-5.01731e-16,2.65676e-16,5.685032e-16,-0.00504961,0.0058809,-0.00403365,0.008738071
4200,4201,0.00469924,-0.00597895,-0.00922566,0.011955898,5.21614e-16,-5.23598e-17,-8.92003e-16,1.0346459e-15,0.00469924,-0.00597895,-0.00922566,0.011955898
4201,4202,0.00693449,-0.00324216,0.00208907,0.0079349205,-2.06527e-16,1.63891e-16,-1.55993e-15,1.582054e-15,0.00693449,-0.00324216,0.00208907,0.0079349205
4202,4203,-0.006485,0.00630879,0.00450207,0.010105676,1.34511e-16,-3.00353e-17,-3.06744e-16,3.3628441e-16,-0.006485,0.00630879,0.00450207,0.010105676
4203,4204,0.00705951,0.00250864,0.00281639,0.008003875,-7.16794e-16,-5.87683e-16,8.31277e-16,1.2450648e-15,0.00705951,0.00250864,0.00281639,0.008003875
4204,4205,0.00218966,-0.00655275,-0.00246645,0.0073359744,4.71838e-16,-2.3996e-16,-3.58442e-16,6.392907e-16,0.00218966,-0.00655275,-0.00246645,0.0073359744
4205,4206,-0.0043847,0.00425726,0.00339679,0.0069919983,-8.21728e-16,7.65467e-16,-3.05656e-16,1.1638738e-15,-0.0043847,0.00425726,0.00339679,0.0069919983
4206,4207,-0.00263532,0.00575856,-0.000854748,0.0063903457,-1.79456e-17,4.73095e-16,8.14977e-16,9.425118e-16,-0.00263532,0.00575856,-0.000854748,0.0063903457
4207,4208,-0.00293434,-0.00320255,-0.0031034,0.0053383303,4.86997e-16,5.9348e-16,2.20398e-16,7.987239e-16,-0.00293434,-0.00320255,-0.0031034,0.0053383303
4208,4209,0.00498326,0.0059456,-0.007323,0.010668147,5.21177e-17,-7.29466e-16,5.53693e-16,9.172855e-16,0.00498326,0.0059456,-0.007323,0.010668147
4209,4210,0.00468539,0.00567184,0.00422404,0.008483228,7.91666e-16,-4.73011e-17,-1.34391e-15,1.56047e-15,0.00468539,0.00567184,0.00422404,0.008483228
4210,4211,0.00277849,-0.00671436,0.000113421,0.007267427,-4.13572e-16,-1.11568e-15,-7.06644e-16,1.383882e-15,0.00277849,-0.00671436,0.000113421,0.007267427
4211,4212,0.00204273,0.00279752,0.00410616,0.005372096,2.64295e-16,-1.00974e-15,3.69251e-16,1.1071463e-15,0.00204273,0.00279752,0.00410616,0.005372096
4212,4213,0.000235474,0.00684337,-0.00107583,0.006931419,1.41764e-16,-3.11043e-16,3.60451e-16,4.967592e-16,0.000235474,0.00684337,-0.00107583,0.006931419
4213,4214,-0.00500485,-0.00298209,0.0025032,0.0063409307,-1.10455e-16,4.26419e-16,-2.05884e-16,4.862321e-16,-0.00500485,-0.00298209,0.0025032,0.0063409307
4214,4215,0.00649948,0.00122827,0.00102155,0.0066929404,8.66363e-16,1.0403e-15,1.36809e-15,1.9247024e-15,0.00649948,0.00122827,0.00102155,0.0066929404
4215,4216,0.00780468,0.00489467,0.00612212,0.011061247,6.41621e-16,1.05387e-15,-3.22998e-16,1.2754008e-15,0.00780468,0.00489467,0.00612212,0.011061247
4216,4217,-0.00478068,-0.00461876,-0.00091791,0.0067104697,-5.33232e-16,-3.79291e-16,-7.05477e-16,9.622348e-16,-0.00478068,-0.00461876,-0.00091791,0.0067104697
4217,4218,0.00444146,0.00150846,0.000806413,0.0047594453,4.30117e-16,4.28131e-16,7.88432e-17,6.119747e-16,0.00444146,0.00150846,0.000806413,0.0047594453
4218,4219,-0.00862226,0.00210501,0.00198414,0.009094572,2.96633e-17,1.16065e-16,-2.02183e-15,2.0253758e-15,-0.00862226,0.00210501,0.00198414,0.009094572
4219,4220,-0.00750248,-0.00383378,-0.00208685,0.008679863,3.38946e-16,6.48482e-17,-3.28857e-15,3.306627e-15,-0.00750248,-0.00383378,-0.00208685,0.008679863
4220,4221,0.0059831,0.000263033,4.18044e-05,0.0059890244,-2.29716e-16,-2.02331e-16,5.61787e-16,6.397749e-16,0.0059831,0.000263033,4.18044e-05,0.0059890244
4221,4222,0.00588238,-0.000775758,0.00136826,0.006089034,-6.23254e-16,-4.49517e-16,-1.9412e-15,2.0877664e-15,0.00588238,-0.000775758,0.00136826,0.006089034
4222,4223,0.0029675,-0.00567236,-0.0027438,0.0069649233,-9.97612e-16,5.41353e-16,1.17852e-15,1.6362159e-15,0.0029675,-0.00567236,-0.0027438,0.0069649233
4223,4224,0.00775772,0.000680329,0.000372901,0.0077964175,-2.45493e-16,6.0909e-16,2.08704e-15,2.18792e-15,0.00775772,0.000680329,0.000372901,0.0077964175
4224,4225,0.00728841,-0.00274518,-0.00551053,0.00954059,2.96005e-17,4.74394e-16,-1.64186e-15,1.7092777e-15,0.00728841,-0.00274518,-0.00551053,0.00954059
4225,4226,-0.00247674,0.00706293,0.00549951,0.009287832,-7.33165e-16,-5.57235e-16,-4.87009e-17,9.221787e-16,-0.00247674,0.00706293,0.00549951,0.009287832
4226,4227,-0.00565069,-0.00527712,-0.000927515,0.0077870777,-1.21488e-16,-1.63534e-16,8.8216e-17,2.2200172e-16,-0.00565069,-0.00527712,-0.000927515,0.0077870777
4227,4228,-0.00782606,0.00233354,-0.0106984,0.013459138,-1.31908e-16,-3.6164e-16,5.03897e-16,6.3410993e-16,-0.00782606,0.00233354,-0.0106984,0.013459138
4228,4229,-0.0068953,0.00409368,0.00802837,0.0113471635,-9.20217e-18,-3.94141e-16,-3.16968e-15,3.1941045e-15,-0.0068953,0.00409368,0.00802837,0.0113471635
4229,4230,0.00517634,0.00709762,-0.000471043,0.008797306,5.25919e-16,-9.75796e-16,8.76434e-16,1.4131189e-15,0.00517634,0.00709762,-0.000471043,0.008797306
4230,4231,-0.00159709,-0.00755771,-0.00707588,0.010475579,1.03811e-16,6.54552e-16,-8.11979e-16,1.0481054e-15,-0.00159709,-0.00755771,-0.00707588,0.010475579
4231,4232,-0.00646602,0.00140023,0.0082842,0.010601793,-2.46946e-16,1.46988e-16,1.03839e-16,3.055656e-16,-0.00646602,0.00140023,0.0082842,0.010601793
4232,4233,-0.00738001,-0.00500872,-0.00312002,0.009449145,4.21512e-16,-6.69629e-16,-1.41134e-15,1.6180097e-15,-0.00738001,-0.00500872,-0.00312002,0.009449145
4233,4234,0.00609596,0.00510287,-0.00960567,0.012468717,-4.27467e-16,-3.21322e-16,-1.99046e-15,2.061045e-15,0.00609596,0.00510287,-0.00960567,0.012468717
4234,4235,-0.00501465,-0.00668296,-2.3411e-05,0.008355191,-6.80508e-16,1.12205e-16,-1.77747e-15,1.9065888e-15,-0.00501465,-0.00668296,-2.3411e-05,0.008355191
4235,4236,0.00690192,-0.00161504,0.00585888,0.009196267,8.98024e-16,-3.27758e-16,-3.22186e-15,3.3606926e-15,0.00690192,-0.00161504,0.00585888,0.009196267
4236,4237,0.00258373,-0.00551731,-0.010674,0.012290266,5.50623e-16,6.12225e-17,5.98779e-18,5.540485e-16,0.00258373,-0.00551731,-0.010674,0.012290266
4237,4238,-0.00519518,-0.00578908,-0.000528244,0.0077963057,3.22243e-16,3.84657e-16,-2.26949e-16,5.507335e-16,-0.00519518,-0.00578908,-0.000528244,0.0077963057
4238,4239,0.00694348,0.00184885,0.0020532,0.0074730045,-1.90272e-17,-1.90447e-16,8.51745e-16,8.7298434e-16,0.00694348,0.00184885,0.0020532,0.0074730045
4239,4240,0.00186764,0.00488706,-0.0121226,0.013203366,7.29995e-16,2.5714e-16,-2.26656e-16,8.064656e-16,0.00186764,0.00488706,-0.0121226,0.013203366
4240,4241,0.00592628,0.00677098,0.00700017,0.01140041,4.22172e-16,-1.32295e-15,-4.38512e-16,1.4562687e-15,0.00592628,0.00677098,0.00700017,0.01140041
4241,4242,-0.00331288,-0.00802625,-0.0091542,0.012617258,-4.26924e-16,-1.27948e-15,1.9032e-16,1.3621876e-15,-0.00331288,-0.00802625,-0.0091542,0.012617258
4242,4243,0.00524371,0.00259323,0.00520509,0.007830344,7.88723e-16,2.19967e-16,-1.71714e-15,1.9023771e-15,0.00524371,0.00259323,0.00520509,0.007830344
4243,4244,-0.00390129,-0.00122395,-0.0101221,0.010916731,-3.26639e-16,5.67141e-16,-1.28767e-15,1.44445e-15,-0.00390129,-0.00122395,-0.0101221,0.010916731
4244,4245,0.00696411,0.0013481,0.000796319,0.0071379496,9.28184e-17,3.97274e-17,-1.91169e-16,2.161923e-16,0.00696411,0.0013481,0.000796319,0.0071379496
4245,4246,-0.00599426,0.00129412,-0.0103878,0.012062848,-1.73779e-16,6.68962e-16,-1.55449e-15,1.7012196e-15,-0.00599426,0.00129412,-0.0103878,0.012062848
4246,4247,0.00599592,0.0054557,0.00412809,0.009097079,-4.54749e-16,-1.87697e-16,-1.36354e-15,1.4495751e-15,0.00599592,0.0054557,0.00412809,0.009097079
4247,4248,0.00591261,0.00357494,-0.00168046,0.007110773,-1.53933e-16,-6.78284e-16,9.1826e-16,1.15194e-15,0.00591261,0.00357494,-0.00168046,0.007110773
4248,4249,0.00523464,-0.00279505,0.00367347,0.0069791223,4.00938e-16,2.00297e-16,1.25647e-16,4.6546467e-16,0.00523464,-0.00279505,0.00367347,0.0069791223
4249,4250,0.00508513,-0.00602762,-0.0091041,0.012044725,2.74614e-16,4.77925e-16,-2.30605e-15,2.3710106e-15,0.00508513,-0.00602762,-0.0091041,0.012044725
4250,4251,-0.00376781,-0.00478958,-0.00318091,0.0068742023,3.76723e-16,-4.74205e-16,-2.36415e-16,6.501405e-16,-0.00376781,-0.00478958,-0.00318091,0.0068742023
4251,4252,-0.00620204,-0.00417362,-0.00528747,0.009156514,-6.96936e-16,2.88996e-16,-4.86998e-16,8.980008e-16,-0.00620204,-0.00417362,-0.00528747,0.009156514
4252,4253,0.00441815,0.00187426,0.000297974,0.004808502,7.73409e-17,1.12288e-15,-9.0421e-16,1.4437579e-15,0.00441815,0.00187426,0.000297974,0.004808502
4253,4254,-0.00567133,-0.00156472,0.0126679,0.013967391,4.90297e-16,8.98243e-16,2.61481e-15,2.8079284e-15,-0.00567133,-0.00156472,0.0126679,0.013967391
4254,4255,0.00611208,-0.0017398,-0.0118232,0.013422835,2.4921e-16,-1.28063e-15,-5.90872e-16,1.4322179e-15,0.00611208,-0.0017398,-0.0118232,0.013422835
4255,4256,-0.000240842,0.00768544,0.00564352,0.009537993,1.52203e-16,7.56444e-16,6.50665e-16,1.0093256e-15,-0.000240842,0.00768544,0.00564352,0.009537993
4256,4257,0.00779263,0.00340411,0.00311411,0.009055977,2.8165e-16,-1.32047e-15,-1.14902e-15,1.7729114e-15,0.00779263,0.00340411,0.00311411,0.009055977
4257,4258,0.00275942,0.00531341,0.00338009,0.0068754447,-8.65535e-16,-2.90631e-16,-4.29223e-16,1.0088854e-15,0.00275942,0.00531341,0.00338009,0.0068754447
4258,4259,-0.00249176,-0.00763115,-0.0137361,0.015909864,-7.58121e-17,1.10876e-16,-1.24767e-15,1.254879e-15,-0.00249176,-0.00763115,-0.0137361,0.015909864
4259,4260,0.00449907,0.00696259,0.00665045,0.010627689,-8.55545e-16,-1.76891e-16,2.04378e-16,8.97228e-16,0.00449907,0.00696259,0.00665045,0.010627689
4260,4261,-0.00696823,-0.00550961,-0.00286695,0.009334422,2.46924e-16,2.85031e-16,1.88662e-15,1.923941e-15,-0.00696823,-0.00550961,-0.00286695,0.009334422
4261,4262,-0.0062369,-0.00455982,-0.00165445,0.007901145,-3.09098e-16,3.92182e-16,3.18622e-16,5.9234136e-16,-0.0062369,-0.00455982,-0.00165445,0.007901145
4262,4263,-0.0030261,0.00501869,0.00126982,0.0059964135,2.38573e-16,-1.87184e-16,-1.36739e-15,1.4006106e-15,-0.0030261,0.00501869,0.00126982,0.0059964135
4263,4264,-0.00797417,0.00326351,0.00298139,0.009117377,7.30861e-16,9.48447e-16,-6.37537e-16,1.356526e-15,-0.00797417,0.00326351,0.00298139,0.009117377
4264,4265,0.00634088,0.00165371,0.00106762,0.006639377,2.0621e-16,-3.09095e-16,-2.03277e-15,2.0664502e-15,0.00634088,0.00165371,0.00106762,0.006639377
4265,4266,0.00794967,0.0045721,0.00563407,0.01076309,-1.56377e-16,-9.41459e-16,3.8158e-16,1.0278142e-15,0.00794967,0.0045721,0.00563407,0.01076309
4266,4267,0.00624632,-0.00106157,-0.000297673,0.006342874,1.0455e-16,-1.1441e-15,-4.55592e-16,1.2359044e-15,0.00624632,-0.00106157,-0.000297673,0.006342874
4267,4268,-0.00840778,-0.00103402,-0.0117172,0.014458656,4.8183e-17,-2.53281e-16,-8.53986e-17,2.7159857e-16,-0.00840778,-0.00103402,-0.0117172,0.014458656
4268,4269,-0.000431619,0.00741712,0.00631558,0.009751231,-2.06752e-16,-3.65595e-16,-2.44299e-15,2.4788315e-15,-0.000431619,0.00741712,0.00631558,0.009751231
4269,4270,-0.00422057,-0.00493101,0.00372521,0.0074836663,-1.00055e-15,-7.54621e-16,1.59369e-16,1.2633097e-15,-0.00422057,-0.00493101,0.00372521,0.0074836663
4270,4271,0.00753589,0.00545571,0.00621172,0.011186594,-6.51857e-16,-5.31984e-16,8.03833e-16,1.163646e-15,0.00753589,0.00545571,0.00621172,0.011186594
4271,4272,0.00112202,0.00690881,-0.0034599,0.0078077842,-7.16847e-16,6.06747e-16,-1.79001e-15,2.021422e-15,0.00112202,0.00690881,-0.0034599,0.0078077842
4272,4273,-0.0081285,-0.00292209,-0.00723367,0.011266637,-1.6097e-16,7.74871e-17,-1.30862e-15,1.3207579e-15,-0.0081285,-0.00292209,-0.00723367,0.011266637
4273,4274,-0.00509422,-0.00272895,-0.00500237,0.0076434254,6.8174e-16,1.5549e-15,-1.3412e-15,2.1636313e-15,-0.00509422,-0.00272895,-0.00500237,0.0076434254
4274,4275,0.00112638,-0.00594376,-0.00558925,0.008236306,-9.55408e-17,-1.38692e-15,1.44507e-15,2.0052188e-15,0.00112638,-0.00594376,-0.00558925,0.008236306
4275,4276,0.00440991,0.00479181,0.00413521,0.0077141896,-3.41304e-16,1.85674e-16,-2.07389e-15,2.1099724e-15,0.00440991,0.00479181,0.00413521,0.0077141896
4276,4277,0.00598324,0.0025035,-0.0125473,0.014124497,-2.6815e-16,4.95958e-16,3.78097e-16,6.788491e-16,0.00598324,0.0025035,-0.0125473,0.014124497
4277,4278,4.55765e-05,0.00863246,0.0081935,0.011901886,-2.31994e-16,-2.28711e-16,1.25113e-15,1.2928481e-15,4.55765e-05,0.00863246,0.0081935,0.011901886
4278,4279,0.0039519,0.00728306,0.00440577,0.00938463,3.09401e-16,2.27912e-16,-1.35652e-15,1.4099005e-15,0.0039519,0.00728306,0.00440577,0.00938463
4279,4280,-0.00707115,-0.00370963,0.0057407,0.009834539,-7.09212e-17,-3.39161e-16,6.48653e-16,7.3539835e-16,-0.00707115,-0.00370963,0.0057407,0.009834539
4280,4281,-0.00692357,0.00533901,0.00419495,0.009697342,-7.19331e-16,-2.13516e-17,2.323e-16,7.5621175e-16,-0.00692357,0.00533901,0.00419495,0.009697342
4281,4282,-0.00506878,0.00646358,-0.00165805,0.008379709,-1.03987e-15,3.29409e-17,4.09207e-16,1.1179736e-15,-0.00506878,0.00646358,-0.00165805,0.008379709
4282,4283,-0.00350912,0.00723326,-0.00548264,0.009731049,-4.35869e-16,6.9401e-16,-3.69698e-15,3.7867256e-15,-0.00350912,0.00723326,-0.00548264,0.009731049
4283,4284,0.00453504,-0.00577631,-0.00834285,0.011114652,-2.42103e-16,9.86976e-16,7.78759e-16,1.2803129e-15,0.00453504,-0.00577631,-0.00834285,0.011114652
4284,4285,0.00782627,0.00370279,0.00321311,0.009235,-6.65941e-16,-1.08703e-15,2.46061e-15,2.7712296e-15,0.00782627,0.00370279,0.00321311,0.009235
4285,4286,-0.00791865,-0.00429225,-0.00257254,0.009367305,5.66573e-16,4.72976e-16,-3.69876e-16,8.255419e-16,-0.00791865,-0.00429225,-0.00257254,0.009367305
4286,4287,-0.00633708,0.00456185,0.00475171,0.00914045,7.56159e-16,-5.87767e-16,9.81214e-16,1.3711409e-15,-0.00633708,0.00456185,0.00475171,0.00914045
4287,4288,0.00492168,-0.00353723,0.0111341,0.012676873,-6.43883e-16,-1.05152e-15,-4.12541e-16,1.3001808e-15,0.00492168,-0.00353723,0.0111341,0.012676873
4288,4289,0.00479586,0.000405954,0.0047461,0.0067594773,9.99808e-17,6.61711e-17,-1.13814e-15,1.1444375e-15,0.00479586,0.000405954,0.0047461,0.0067594773
4289,4290,-0.00514372,-0.00522583,-0.00291094,0.007889279,-1.77918e-16,-7.25565e-16,8.63883e-16,1.1421004e-15,-0.00514372,-0.00522583,-0.00291094,0.007889279
4290,4291,-0.000635227,-0.00696272,0.00523123,0.0087320525,-3.31643e-16,1.75314e-16,1.42235e-15,1.4709866e-15,-0.000635227,-0.00696272,0.00523123,0.0087320525
4291,4292,0.00627314,0.00707783,0.00575021,0.011068554,-1.4348e-16,4.08302e-16,8.89138e-16,9.888698e-16,0.00627314,0.00707783,0.00575021,0.011068554
4292,4293,0.00787537,0.00396477,0.00340584,0.009452015,-1.42442e-16,9.29075e-16,-7.19373e-16,1.1836248e-15,0.00787537,0.00396477,0.00340584,0.009452015
4293,4294,-0.00758309,0.00469553,-0.000452933,0.008930644,-3.66595e-16,2.19423e-16,-1.64027e-15,1.6949996e-15,-0.00758309,0.00469553,-0.000452933,0.008930644
4294,4295,-0.00671974,-0.00689135,-0.0052511,0.010964473,-6.44729e-16,-1.58038e-16,-5.40684e-17,6.6601417e-16,-0.00671974,-0.00689135,-0.0052511,0.010964473
4295,4296,-0.0071843,-0.00582286,0.00141218,0.009354898,-1.32245e-15,7.50187e-16,1.72078e-15,2.2962445e-15,-0.0071843,-0.00582286,0.00141218,0.009354898
4296,4297,0.00116705,0.00673554,0.0046419,0.008262973,1.09461e-15,6.02473e-16,-1.24639e-15,1.7648322e-15,0.00116705,0.00673554,0.0046419,0.008262973
4297,4298,-0.00250922,-0.00771341,-0.0114549,0.01403594,-9.07261e-16,3.5305e-16,-7.87855e-16,1.2523906e-15,-0.00250922,-0.00771341,-0.0114549,0.01403594
4298,4299,-0.00461814,-0.00495404,-0.0014095,0.0069178334,7.19224e-16,-2.14183e-15,-1.97352e-16,2.2679652e-15,-0.00461814,-0.00495404,-0.0014095,0.0069178334
4299,4300,0.00554578,0.00733575,0.0084606,0.012496026,1.69606e-16,3.13838e-16,5.28203e-16,6.3738446e-16,0.00554578,0.00733575,0.0084606,0.012496026
4300,4301,-0.00296876,0.00724359,0.0050527,0.009317345,6.17881e-16,4.05715e-16,-1.49001e-16,7.5404435e-16,-0.00296876,0.00724359,0.0050527,0.009317345
4301,4302,-0.0059262,-0.00400111,-0.000975727,0.007216701,-6.85351e-17,4.56718e-16,-6.44087e-16,7.9255057e-16,-0.0059262,-0.00400111,-0.000975727,0.007216701
4302,4303,0.00818692,0.00105228,0.000610197,0.008276792,-8.40668e-16,1.42548e-16,-1.0723e-15,1.369989e-15,0.00818692,0.00105228,0.000610197,0.008276792
4303,4304,-0.00238624,0.00520536,0.000890659,0.0057951,-8.53935e-16,-2.33624e-16,-1.0171e-15,1.3484353e-15,-0.00238624,0.00520536,0.000890659,0.0057951
4304,4305,-0.00657348,0.00563076,0.00229353,0.008954126,-6.01302e-16,-6.58829e-16,-2.91978e-16,9.385472e-16,-0.00657348,0.00563076,0.00229353,0.008954126
4305,4306,-0.0014227,-0.00779992,-0.00946006,0.01234324,-9.85067e-17,-1.55331e-16,-1.0708e-15,1.0864824e-15,-0.0014227,-0.00779992,-0.00946006,0.01234324
4306,4307,-0.00495296,-0.00680496,-0.00285582,0.008887913,-3.7861e-16,5.98467e-18,2.80122e-16,4.7100924e-16,-0.00495296,-0.00680496,-0.00285582,0.008887913
4307,4308,0.00302094,0.00640143,-0.00749278,0.0103075765,-2.92037e-16,2.47446e-16,3.11626e-16,4.9358473e-16,0.00302094,0.00640143,-0.00749278,0.0103075765
4308,4309,0.00708453,-0.00491196,0.000905102,0.008668167,2.62525e-16,4.9905e-16,1.07694e-15,1.2156356e-15,0.00708453,-0.00491196,0.000905102,0.008668167
4309,4310,0.00446465,0.00599388,0.00653123,0.009925556,5.86245e-16,-1.04572e-16,-6.57798e-16,8.873087e-16,0.00446465,0.00599388,0.00653123,0.009925556
4310,4311,0.00604423,0.00525021,0.00508113,0.009482368,6.29407e-16,-2.46925e-16,1.26431e-15,1.433738e-15,0.00604423,0.00525021,0.00508113,0.009482368
4311,4312,-0.00541069,0.00596883,0.00328613,0.008700641,-2.76284e-16,1.67425e-15,-1.49101e-15,2.258884e-15,-0.00541069,0.00596883,0.00328613,0.008700641
4312,4313,0.00170154,0.00051459,-0.000150845,0.001784039,3.36373e-16,1.66967e-16,1.14061e-16,3.9247253e-16,0.00170154,0.00051459,-0.000150845,0.001784039
4313,4314,0.00566968,-0.00346754,-1.78069e-05,0.0066460078,5.20325e-16,-4.37302e-16,2.27146e-15,2.3709708e-15,0.00566968,-0.00346754,-1.78069e-05,0.0066460078
4314,4315,0.00422314,0.00671316,0.00523438,0.009502639,6.36725e-16,-6.47583e-16,-5.25516e-16,1.0492614e-15,0.00422314,0.00671316,0.00523438,0.009502639
4315,4316,0.000531648,-0.00718333,0.000652144,0.007232439,7.89041e-16,9.80806e-17,1.41174e-15,1.6202515e-15,0.000531648,-0.00718333,0.000652144,0.007232439
4316,4317,0.00217281,0.00576122,0.00318881,0.006934066,8.08247e-17,-7.79205e-16,1.12936e-15,1.3744625e-15,0.00217281,0.00576122,0.00318881,0.006934066
4317,4318,-0.0034083,-0.00617017,0.00114398,0.007141162,-5.83064e-16,-7.54915e-16,1.20011e-15,1.5330115e-15,-0.0034083,-0.00617017,0.00114398,0.007141162
4318,4319,-0.0018405,0.00512823,0.0174954,0.01832417,-6.47315e-16,1.78271e-16,6.73817e-16,9.512237e-16,-0.0018405,0.00512823,0.0174954,0.01832417
4319,4320,0.000679375,0.00706238,-0.0132587,0.015037683,1.26854e-16,-1.00355e-16,-1.49143e-15,1.5001755e-15,0.000679375,0.00706238,-0.0132587,0.015037683
4320,4321,0.00638433,0.00418239,0.00165852,0.007810425,2.14643e-17,-7.74153e-17,-2.31712e-16,2.4524336e-16,0.00638433,0.00418239,0.00165852,0.007810425
4321,4322,-0.00762613,1.85739e-05,0.000331436,0.0076333513,8.70455e-17,-1.52915e-16,7.53777e-17,1.9142026e-16,-0.00762613,1.85739e-05,0.000331436,0.0076333513
4322,4323,-0.00594568,0.0059804,-0.00768381,0.0114086475,-9.24309e-16,5.53839e-16,-7.56528e-16,1.3165939e-15,-0.00594568,0.0059804,-0.00768381,0.0114086475
4323,4324,0.00611224,-0.00158634,-0.00103979,0.0063997745,6.84005e-16,-9.52157e-17,-1.44105e-15,1.5979843e-15,0.00611224,-0.00158634,-0.00103979,0.0063997745
4324,4325,-0.00722065,0.00407227,-0.00837842,0.011786395,-1.51224e-16,2.05451e-16,1.23497e-15,1.2610432e-15,-0.00722065,0.00407227,-0.00837842,0.011786395
4325,4326,0.00150358,0.00724341,0.00426265,0.008538028,5.00288e-17,-1.1534e-15,2.20421e-15,2.4882476e-15,0.00150358,0.00724341,0.00426265,0.008538028
4326,4327,0.00553197,0.0032178,0.00237019,0.006824568,1.27266e-15,3.59619e-16,-2.23642e-15,2.5981846e-15,0.00553197,0.0032178,0.00237019,0.006824568
4327,4328,0.0044198,-0.00538609,-0.00515096,0.008664697,8.03346e-16,6.27954e-17,-4.00127e-16,8.99672e-16,0.0044198,-0.00538609,-0.00515096,0.008664697
4328,4329,0.00237493,-0.00564517,-0.0077823,0.0099031525,4.50474e-16,-4.66005e-16,-1.33191e-15,1.4812399e-15,0.00237493,-0.00564517,-0.0077823,0.0099031525
4329,4330,-0.00779511,-0.00188102,0.0055253,0.0097381165,-7.86656e-16,-9.02756e-16,-2.20299e-15,2.5073812e-15,-0.00779511,-0.00188102,0.0055253,0.0097381165
4330,4331,-0.00239814,0.00750822,0.00502669,0.009348372,-1.18784e-15,2.7752e-16,2.4766e-17,1.2200797e-15,-0.00239814,0.00750822,0.00502669,0.009348372
4331,4332,0.00484898,0.00261907,0.00290044,0.006227735,1.14242e-16,9.80765e-17,1.61932e-15,1.6263048e-15,0.00484898,0.00261907,0.00290044,0.006227735
4332,4333,-0.00609534,-0.0017227,-0.0128843,0.014357091,-1.8659e-16,-8.0657e-16,6.91328e-16,1.0785664e-15,-0.00609534,-0.0017227,-0.0128843,0.014357091
4333,4334,-0.00680303,-0.00422048,-0.00887529,0.011952592,-2.91965e-16,8.95028e-16,-1.9528e-15,2.1678898e-15,-0.00680303,-0.00422048,-0.00887529,0.011952592
4334,4335,0.00265916,-0.00730487,-0.0117396,0.014080144,6.00051e-16,6.47449e-16,-7.44251e-16,1.1546259e-15,0.00265916,-0.00730487,-0.0117396,0.014080144
4335,4336,-0.00220314,-0.00660351,-0.00607304,0.009238073,-7.61322e-17,1.99813e-16,9.24641e-16,9.490428e-16,-0.00220314,-0.00660351,-0.00607304,0.009238073
4336,4337,0.00719154,-0.000546927,-0.00364699,0.00808195,-2.40208e-17,4.2245e-16,3.15245e-17,4.243051e-16,0.00719154,-0.000546927,-0.00364699,0.00808195
4337,4338,-0.00209622,0.00501113,0.00913234,0.010625686,2.78189e-16,9.66034e-16,-5.24635e-16,1.1339545e-15,-0.00209622,0.00501113,0.00913234,0.010625686
4338,4339,-0.00698257,-0.000965633,-0.002023,0.0073335706,8.11287e-16,2.77744e-16,1.54172e-16,8.712619e-16,-0.00698257,-0.000965633,-0.002023,0.0073335706
4339,4340,0.00111183,0.00659354,0.0128795,0.014511804,3.98536e-16,-4.30068e-16,3.81954e-16,6.9977013e-16,0.00111183,0.00659354,0.0128795,0.014511804
4340,4341,-0.00835806,0.00234258,0.00288921,0.009148355,5.4626e-16,-3.85372e-16,-1.58568e-15,1.7208407e-15,-0.00835806,0.00234258,0.00288921,0.009148355
4341,4342,-0.00461516,-0.00578376,-0.00562809,0.009296611,-6.7721e-16,1.04695e-15,-8.53345e-16,1.510932e-15,-0.00461516,-0.00578376,-0.00562809,0.009296611
4342,4343,-0.00604568,-0.00673364,-0.00711289,0.011510228,2.55762e-16,-1.98481e-17,-9.42303e-16,9.765976e-16,-0.00604568,-0.00673364,-0.00711289,0.011510228
4343,4344,-0.00396847,-0.00356521,0.0172135,0.018021211,-3.72175e-16,8.30656e-17,2.58681e-15,2.614766e-15,-0.00396847,-0.00356521,0.0172135,0.018021211
4344,4345,-0.00284578,0.00431295,0.00625035,0.008109678,1.51283e-16,-6.53312e-16,5.88936e-16,8.924959e-16,-0.00284578,0.00431295,0.00625035,0.008109678
4345,4346,-0.000387436,-0.00736572,-0.00412523,0.008451122,1.0873e-15,7.13664e-17,1.32333e-15,1.7142101e-15,-0.000387436,-0.00736572,-0.00412523,0.008451122
4346,4347,-0.00773177,-0.00610498,-0.00343872,0.010434358,4.35605e-16,1.33277e-16,1.49671e-15,1.5644983e-15,-0.00773177,-0.00610498,-0.00343872,0.010434358
4347,4348,-0.00652097,-0.00674532,-0.00549409,0.010872323,-1.01663e-16,2.18378e-16,-1.15957e-15,1.1843255e-15,-0.00652097,-0.00674532,-0.00549409,0.010872323
4348,4349,-0.00786434,-0.00470551,-0.000314816,0.009169993,-1.07328e-15,-8.85853e-16,1.77513e-15,2.2556047e-15,-0.00786434,-0.00470551,-0.000314816,0.009169993
4349,4350,-0.00570382,0.00575669,0.00463305,0.009334784,-1.36983e-16,1.29251e-15,-3.75188e-16,1.3528165e-15,-0.00570382,0.00575669,0.00463305,0.009334784
4350,4351,-0.00647776,-0.0022321,0.00364254,0.0077596228,-1.4704e-17,3.31518e-16,4.62514e-16,5.6924473e-16,-0.00647776,-0.0022321,0.00364254,0.0077596228
4351,4352,0.00725985,0.00281593,0.00224606,0.008104299,-5.99468e-16,-1.02914e-16,1.28414e-16,6.2164563e-16,0.00725985,0.00281593,0.00224606,0.008104299
4352,4353,0.00187782,0.00763961,0.00734748,0.010764539,1.466e-16,-4.00378e-16,-1.13955e-15,1.2167037e-15,0.00187782,0.00763961,0.00734748,0.010764539
4353,4354,-0.00222752,-0.00461249,-0.00296479,0.005918352,1.37813e-16,5.87578e-16,1.38183e-15,1.5078775e-15,-0.00222752,-0.00461249,-0.00296479,0.005918352
4354,4355,0.00507016,-0.00554031,-0.00763933,0.0107126525,3.61246e-16,1.78066e-16,-1.77313e-15,1.8182947e-15,0.00507016,-0.00554031,-0.00763933,0.0107126525
4355,4356,-0.00551532,-0.00525618,-0.00255222,0.008034924,3.43807e-16,1.86137e-16,7.69896e-16,8.6347555e-16,-0.00551532,-0.00525618,-0.00255222,0.008034924
4356,4357,-0.00689471,-0.00462179,-0.00108572,0.0083711855,-4.93346e-16,4.85923e-16,1.09945e-16,7.011414e-16,-0.00689471,-0.00462179,-0.00108572,0.0083711855
4357,4358,-0.00466986,-0.00391635,0.00386068,0.0072145853,2.61621e-16,1.23375e-16,1.42639e-15,1.4554228e-15,-0.00466986,-0.00391635,0.00386068,0.0072145853
4358,4359,0.00640506,0.00106188,-0.000489062,0.006510881,-2.31342e-16,-4.72954e-16,-2.51687e-16,5.835674e-16,0.00640506,0.00106188,-0.000489062,0.006510881
4359,4360,-0.00404779,-0.00691277,-0.00861905,0.01176686,4.19134e-16,-1.74229e-16,3.50891e-16,5.737191e-16,-0.00404779,-0.00691277,-0.00861905,0.01176686
4360,4361,0.00346809,0.00733369,0.00371359,0.008921961,1.09529e-16,1.07926e-15,-3.7671e-16,1.1483506e-15,0.00346809,0.00733369,0.00371359,0.008921961
4361,4362,-0.00623182,-0.00663942,-0.00179932,0.009281973,-6.72526e-16,4.07145e-16,-2.58192e-15,2.6989568e-15,-0.00623182,-0.00663942,-0.00179932,0.009281973
4362,4363,0.00831496,0.00341909,0.00439446,0.010006999,6.99641e-16,7.11942e-16,-8.7666e-16,1.3284923e-15,0.00831496,0.00341909,0.00439446,0.010006999
4363,4364,-0.00677655,-0.0040126,-0.00162699,0.008041747,-5.74591e-16,6.60437e-17,1.06187e-15,1.2091668e-15,-0.00677655,-0.0040126,-0.00162699,0.008041747
4364,4365,-0.00129095,-0.00767481,-0.00819561,0.011302092,1.70037e-16,5.21391e-16,2.4788e-15,2.538742e-15,-0.00129095,-0.00767481,-0.00819561,0.011302092
4365,4366,0.0041906,0.000830139,0.000246966,0.0042791646,1.27981e-15,-3.95968e-16,4.86265e-16,1.4251869e-15,0.0041906,0.000830139,0.000246966,0.0042791646
4366,4367,0.0023715,0.00686333,0.00324782,0.007954725,-1.046e-15,-4.62126e-16,-7.28633e-16,1.3559435e-15,0.0023715,0.00686333,0.00324782,0.007954725
4367,4368,-0.00620038,-0.00527135,-0.00147847,0.0082715005,4.55705e-16,-2.8955e-17,4.02216e-16,6.0850895e-16,-0.00620038,-0.00527135,-0.00147847,0.0082715005
4368,4369,0.00606646,0.00514487,0.00473688,0.009257951,1.90988e-15,2.37125e-16,-4.51931e-16,1.9768942e-15,0.00606646,0.00514487,0.00473688,0.009257951
4369,4370,0.00712102,0.000394482,-0.000159411,0.007133719,-2.9496e-16,2.30241e-16,4.60842e-16,5.936225e-16,0.00712102,0.000394482,-0.000159411,0.007133719
4370,4371,0.0068171,0.00012076,-0.000248127,0.006822683,3.46752e-16,-1.70278e-16,-3.06844e-16,4.933404e-16,0.0068171,0.00012076,-0.000248127,0.006822683
4371,4372,-0.00639989,-0.0070713,-0.00531546,0.010918608,3.59766e-16,-1.21455e-15,-1.80018e-16,1.2794411e-15,-0.00639989,-0.0070713,-0.00531546,0.010918608
4372,4373,0.00727125,-0.00315914,0.00309813,0.008511735,-8.11427e-16,-4.30229e-16,-2.0056e-15,2.2058879e-15,0.00727125,-0.00315914,0.00309813,0.008511735
4373,4374,0.00815949,0.00227919,0.00105534,0.008537314,9.84082e-17,-6.21337e-16,-5.23532e-16,8.184312e-16,0.00815949,0.00227919,0.00105534,0.008537314
4374,4375,0.00505445,0.00697059,0.00304316,0.009132219,8.56813e-16,-6.38545e-16,2.78505e-16,1.1042795e-15,0.00505445,0.00697059,0.00304316,0.009132219
4375,4376,-0.00715473,-0.00499493,-0.000755958,0.00875848,-6.38835e-16,1.62687e-17,-1.69276e-16,6.6108185e-16,-0.00715473,-0.00499493,-0.000755958,0.00875848
4376,4377,-0.00584078,-0.00423722,0.00752049,0.010422404,2.26594e-16,-4.63914e-16,-6.46762e-16,8.27564e-16,-0.00584078,-0.00423722,0.00752049,0.010422404
4377,4378,-0.00129347,0.00642459,0.00421083,0.007789706,2.3964e-16,5.48969e-16,-1.78605e-15,1.8838178e-15,-0.00129347,0.00642459,0.00421083,0.007789706
4378,4379,-0.00461129,-0.00726824,-0.00603766,0.010514021,8.9763e-16,-1.08494e-16,-1.29631e-15,1.5804842e-15,-0.00461129,-0.00726824,-0.00603766,0.010514021
4379,4380,-0.00444004,-0.00645528,0.00401777,0.008804945,-5.58126e-16,-1.08958e-15,4.25048e-16,1.2958992e-15,-0.00444004,-0.00645528,0.00401777,0.008804945
4380,4381,-0.0016015,0.00398714,-0.00903977,0.010008972,5.43562e-16,3.78309e-16,7.11914e-16,9.723163e-16,-0.0016015,0.00398714,-0.00903977,0.010008972
4381,4382,-0.00617965,0.00320611,0.00974314,0.011974807,-8.08565e-17,4.5539e-16,-2.00401e-15,2.05669e-15,-0.00617965,0.00320611,0.00974314,0.011974807
4382,4383,-0.00858942,-0.000943751,-0.000738056,0.008672573,-4.8455e-16,-9.95996e-17,-2.71715e-15,2.7618134e-15,-0.00858942,-0.000943751,-0.000738056,0.008672573
4383,4384,-0.00533468,-0.00229434,0.0066801,0.008851359,5.56709e-16,-3.19275e-16,5.18469e-16,8.250282e-16,-0.00533468,-0.00229434,0.0066801,0.008851359
4384,4385,-0.00711967,-0.00534369,-0.00259364,0.009272092,-6.13705e-16,1.9538e-16,7.28929e-16,9.726997e-16,-0.00711967,-0.00534369,-0.00259364,0.009272092
4385,4386,-0.00771034,0.00320588,-0.00632933,0.01047795,2.67362e-16,2.6707e-16,-7.38507e-17,3.8504903e-16,-0.00771034,0.00320588,-0.00632933,0.01047795
4386,4387,-0.00853525,0.000162497,0.000231092,0.008539924,3.94573e-16,1.28267e-15,2.93545e-16,1.3737172e-15,-0.00853525,0.000162497,0.000231092,0.008539924
4387,4388,-0.00679437,-0.0064936,-0.00446131,0.010403537,-8.98804e-16,1.03053e-15,-3.85871e-15,4.0938347e-15,-0.00679437,-0.0064936,-0.00446131,0.010403537
4388,4389,0.00447446,0.0045689,0.00729438,0.009700702,-3.44688e-16,8.57708e-16,-1.62288e-15,1.8676757e-15,0.00447446,0.0045689,0.00729438,0.009700702
4389,4390,0.00556499,0.000916832,0.0085412,0.010235321,8.80756e-16,1.52721e-16,-9.05057e-16,1.2720782e-15,0.00556499,0.000916832,0.0085412,0.010235321
4390,4391,0.00656101,0.00133722,0.00076392,0.0067393314,3.38725e-16,3.63885e-16,1.78286e-15,1.8508744e-15,0.00656101,0.00133722,0.00076392,0.0067393314
4391,4392,0.00226172,0.00801239,0.0049869,0.009704789,2.98522e-16,-7.23038e-16,4.46989e-16,9.009431e-16,0.00226172,0.00801239,0.0049869,0.009704789
4392,4393,0.00700179,0.00485748,0.0080504,0.011723017,3.56588e-16,-5.28945e-17,-7.04109e-16,7.910261e-16,0.00700179,0.00485748,0.0080504,0.011723017
4393,4394,-0.00544282,0.00458395,0.0078609,0.010603331,1.28445e-15,-6.0269e-16,1.5443e-15,2.0971193e-15,-0.00544282,0.00458395,0.0078609,0.010603331
4394,4395,-0.00407054,0.00801905,0.000844301,0.009032569,8.02244e-16,-6.22551e-16,1.67736e-15,1.960791e-15,-0.00407054,0.00801905,0.000844301,0.009032569
4395,4396,-0.00741497,-0.00448902,-0.00241486,0.0089980345,8.0516e-16,-4.89746e-16,-5.13113e-16,1.0730418e-15,-0.00741497,-0.00448902,-0.00241486,0.0089980345
4396,4397,0.000425568,-0.00835101,-0.000486616,0.008375994,1.10556e-15,2.02222e-16,4.54335e-16,1.2122611e-15,0.000425568,-0.00835101,-0.000486616,0.008375994
4397,4398,-0.00223574,-0.00704317,-0.00730869,0.010393349,7.06667e-16,9.01115e-17,-1.29384e-16,7.240432e-16,-0.00223574,-0.00704317,-0.00730869,0.010393349
4398,4399,0.0057122,0.00100051,-0.000932833,0.005873706,2.65959e-16,-1.374e-16,-3.42749e-16,4.5507126e-16,0.0057122,0.00100051,-0.000932833,0.005873706
4399,4400,0.00512589,0.0073981,0.00530199,0.010445943,-7.93884e-16,2.07704e-17,-3.19134e-16,8.558795e-16,0.00512589,0.0073981,0.00530199,0.010445943
4400,4401,0.00587812,0.0056406,0.0046327,0.009371797,-2.48652e-18,-3.83122e-16,2.30765e-15,2.3392386e-15,0.00587812,0.0056406,0.0046327,0.009371797
4401,4402,-0.00410311,-0.00639594,-0.00428227,0.0087224655,-2.65161e-16,-6.39954e-16,5.72412e-16,8.986139e-16,-0.00410311,-0.00639594,-0.00428227,0.0087224655
4402,4403,-0.00583948,-0.00714891,-0.00580835,0.010906116,2.22515e-16,1.2062e-16,-5.54344e-16,6.093926e-16,-0.00583948,-0.00714891,-0.00580835,0.010906116
4403,4404,0.0079873,0.00146979,0.00144934,0.008249717,2.26696e-16,7.26759e-16,9.84575e-16,1.2445712e-15,0.0079873,0.00146979,0.00144934,0.008249717
4404,4405,0.00716733,0.00153837,0.00146814,0.0074761375,-1.16227e-15,1.19003e-15,8.65227e-16,1.8750095e-15,0.00716733,0.00153837,0.00146814,0.0074761375
4405,4406,-0.00573487,0.00543761,-0.0014557,0.008035882,-3.06554e-16,7.59419e-17,-7.50978e-16,8.146843e-16,-0.00573487,0.00543761,-0.0014557,0.008035882
4406,4407,-0.00866168,-0.00165015,-0.00216034,0.009078258,-1.96429e-16,1.55203e-15,-7.98219e-17,1.566446e-15,-0.00866168,-0.00165015,-0.00216034,0.009078258
4407,4408,-0.00679865,-0.00139812,0.00145815,0.0070924317,7.35442e-16,9.12716e-16,2.24604e-15,2.5335e-15,-0.00679865,-0.00139812,0.00145815,0.0070924317
4408,4409,0.00779665,0.00272784,0.00511994,0.00971816,9.95789e-16,1.12107e-15,1.93261e-15,2.446094e-15,0.00779665,0.00272784,0.00511994,0.00971816
4409,4410,0.00660918,0.00611451,0.00661416,0.01117209,-1.10928e-17,-3.14275e-16,-8.46915e-16,9.03414e-16,0.00660918,0.00611451,0.00661416,0.01117209
4410,4411,-0.000413234,-0.00618906,0.0144549,0.01572957,3.20094e-17,-6.0068e-16,-1.93306e-16,6.318293e-16,-0.000413234,-0.00618906,0.0144549,0.01572957
4411,4412,0.00683971,0.00469799,0.00444467,0.009413173,6.89343e-16,1.85479e-16,-2.72743e-15,2.8193032e-15,0.00683971,0.00469799,0.00444467,0.009413173
4412,4413,-0.00507298,0.00709243,0.00685293,0.0110905515,-8.70005e-16,-7.74106e-17,-8.69916e-16,1.2327428e-15,-0.00507298,0.00709243,0.00685293,0.0110905515
4413,4414,-0.00507032,-0.00734589,-0.00436893,0.009937695,6.05731e-16,-6.10372e-16,-5.97627e-16,1.0471972e-15,-0.00507032,-0.00734589,-0.00436893,0.009937695
4414,4415,0.00196762,0.00498774,0.00698018,0.008801818,4.42961e-17,2.20928e-16,2.35272e-15,2.3634851e-15,0.00196762,0.00498774,0.00698018,0.008801818
4415,4416,0.00662441,0.000841333,0.00514033,0.00842696,6.80599e-16,-3.06542e-16,1.32605e-15,1.5217069e-15,0.00662441,0.000841333,0.00514033,0.00842696
4416,4417,0.00494798,0.00446317,0.0120495,0.013769272,5.8677e-16,-4.3009e-16,1.94191e-15,2.0737143e-15,0.00494798,0.00446317,0.0120495,0.013769272
4417,4418,-0.00651378,-0.00463577,-0.00202123,0.008246519,-8.65504e-17,-1.21165e-15,-6.95637e-16,1.3998205e-15,-0.00651378,-0.00463577,-0.00202123,0.008246519
4418,4419,-0.00491832,-0.0071936,-0.00753246,0.011518494,-1.04346e-16,6.00261e-16,-6.40041e-16,8.8365934e-16,-0.00491832,-0.0071936,-0.00753246,0.011518494
4419,4420,0.00423159,0.00631256,0.00490006,0.0090424195,6.44093e-16,-1.06421e-16,-1.40817e-16,6.6784027e-16,0.00423159,0.00631256,0.00490006,0.0090424195
4420,4421,-0.00436291,0.00782845,0.00539129,0.010458758,-9.0592e-16,3.76147e-16,6.9943e-16,1.2047323e-15,-0.00436291,0.00782845,0.00539129,0.010458758
4421,4422,-0.003007,-0.00736969,-0.0051215,0.009464891,-4.09265e-16,-9.84035e-17,-1.62314e-15,1.6768317e-15,-0.003007,-0.00736969,-0.0051215,0.009464891
4422,4423,-0.00285469,-0.00558362,0.00633801,0.008916078,7.77432e-16,9.15531e-16,-3.31757e-16,1.2460579e-15,-0.00285469,-0.00558362,0.00633801,0.008916078
4423,4424,-0.0069578,-0.00542095,-0.00277777,0.009247362,3.37619e-17,-7.25035e-16,9.80653e-16,1.2200394e-15,-0.0069578,-0.00542095,-0.00277777,0.009247362
4424,4425,-0.0084473,-0.00123989,-0.00130291,0.008636653,-1.66257e-15,-1.55052e-15,6.52697e-16,2.3652199e-15,-0.0084473,-0.00123989,-0.00130291,0.008636653
4425,4426,-0.00399851,0.00572359,0.00421388,0.00815502,1.41255e-16,8.2706e-16,-1.47905e-16,8.5197247e-16,-0.00399851,0.00572359,0.00421388,0.00815502
4426,4427,-0.00584208,-0.0050665,-0.00575214,0.009637761,1.94264e-16,5.0871e-16,6.80304e-16,8.713999e-16,-0.00584208,-0.0050665,-0.00575214,0.009637761
4427,4428,0.00406379,0.00720667,0.0066387,0.0106076775,-3.59424e-16,-1.97493e-16,1.87181e-15,1.9162102e-15,0.00406379,0.00720667,0.0066387,0.0106076775
4428,4429,-0.00799326,0.00260883,0.000132616,0.008409268,-4.33611e-16,-6.54389e-16,1.43419e-15,1.6349754e-15,-0.00799326,0.00260883,0.000132616,0.008409268
4429,4430,0.00688117,0.00533417,0.00615562,0.01066281,5.64228e-16,-6.87943e-18,1.5498e-16,5.851661e-16,0.00688117,0.00533417,0.00615562,0.01066281
4430,4431,-0.00745595,-0.00487775,0.0011964,0.008989717,1.11257e-15,-3.16891e-16,1.92841e-18,1.1568214e-15,-0.00745595,-0.00487775,0.0011964,0.008989717
4431,4432,-0.00778875,-0.00490069,-0.00268709,0.009586546,-7.2692e-17,2.18835e-16,1.0378e-15,1.0631095e-15,-0.00778875,-0.00490069,-0.00268709,0.009586546
4432,4433,-0.00756696,-0.00523033,-0.00257525,0.009552337,5.12819e-16,-4.94932e-16,-1.91393e-16,7.379514e-16,-0.00756696,-0.00523033,-0.00257525,0.009552337
4433,4434,0.00097232,-0.00744605,-0.0142776,0.016131923,7.27443e-16,-1.01491e-15,-3.089e-15,3.3318367e-15,0.00097232,-0.00744605,-0.0142776,0.016131923
4434,4435,-0.00786552,0.00021108,-0.00306612,0.008444646,-1.59073e-16,5.80063e-16,-7.06237e-16,9.276572e-16,-0.00786552,0.00021108,-0.00306612,0.008444646
4435,4436,-0.00537986,-0.00422477,-0.0100031,0.012118315,9.91961e-16,1.05911e-16,-2.56708e-15,2.7541069e-15,-0.00537986,-0.00422477,-0.0100031,0.012118315
4436,4437,-0.00680115,-0.00542865,-0.00112185,0.008774077,-1.07991e-15,-1.29288e-15,2.23428e-16,1.6993129e-15,-0.00680115,-0.00542865,-0.00112185,0.008774077
4437,4438,0.00159943,-0.0070679,-0.00976275,0.012158317,-6.10152e-16,-7.28057e-16,2.92152e-16,9.938336e-16,0.00159943,-0.0070679,-0.00976275,0.012158317
4438,4439,-0.00586591,-0.0071575,-0.0057552,0.010897754,-4.68359e-17,4.96723e-16,7.46207e-16,8.97637e-16,-0.00586591,-0.0071575,-0.0057552,0.010897754
4439,4440,0.0026579,-0.0076672,-0.010188,0.013024813,2.45681e-16,3.92319e-16,-2.01159e-16,5.04716e-16,0.0026579,-0.0076672,-0.010188,0.013024813
4440,4441,-0.00184071,-0.00635516,-0.00506895,0.008334897,-3.77601e-16,-4.05609e-16,1.91338e-15,1.9920152e-15,-0.00184071,-0.00635516,-0.00506895,0.008334897
4441,4442,0.000238179,0.00642501,0.00821717,0.01043357,-6.74587e-16,2.29041e-16,-1.67692e-16,7.3187977e-16,0.000238179,0.00642501,0.00821717,0.01043357
4442,4443,0.00393275,-0.00599633,0.0067047,0.009817103,-4.29443e-16,8.48592e-16,1.04723e-15,1.414645e-15,0.00393275,-0.00599633,0.0067047,0.009817103
4443,4444,-0.00631331,-0.00727861,-0.00512532,0.010913522,8.43328e-17,-7.91255e-18,-1.50855e-15,1.5109261e-15,-0.00631331,-0.00727861,-0.00512532,0.010913522
4444,4445,0.0025925,0.00627455,0.00287168,0.0073714033,1.06974e-15,-4.44834e-17,-4.8172e-17,1.0717476e-15,0.0025925,0.00627455,0.00287168,0.0073714033
4445,4446,-0.00436835,-0.00719146,-0.00650566,0.0106359385,-6.22063e-17,-1.37425e-15,1.09191e-15,1.7563314e-15,-0.00436835,-0.00719146,-0.00650566,0.0106359385
4446,4447,0.00110312,0.00810605,0.00700077,0.010767344,-3.54448e-17,1.04097e-15,-2.0345e-15,2.2856214e-15,0.00110312,0.00810605,0.00700077,0.010767344
4447,4448,-0.00705156,-0.00690002,-0.00474356,0.0109469695,5.07239e-16,6.89542e-17,-1.19631e-16,5.256973e-16,-0.00705156,-0.00690002,-0.00474356,0.0109469695
4448,4449,-0.00534749,-0.00683061,-0.00597755,0.010534894,5.69373e-17,7.30288e-16,-2.83384e-16,7.8541e-16,-0.00534749,-0.00683061,-0.00597755,0.010534894
4449,4450,-0.00472591,-0.00722916,-0.00660739,0.0108744,-2.03391e-16,1.28722e-15,-1.62399e-15,2.0822215e-15,-0.00472591,-0.00722916,-0.00660739,0.0108744
4450,4451,0.000590639,0.00167717,-0.00332339,0.0037691742,3.17808e-16,2.59951e-17,-1.1408e-15,1.1845261e-15,0.000590639,0.00167717,-0.00332339,0.0037691742
4451,4452,-0.00416882,-0.0062675,-0.0108631,0.013216186,-5.87227e-16,1.35062e-15,-3.23648e-15,3.555814e-15,-0.00416882,-0.0062675,-0.0108631,0.013216186
4452,4453,0.00668025,0.00586238,0.00626221,0.010872373,4.1027e-16,-2.49503e-16,3.5319e-16,5.9608424e-16,0.00668025,0.00586238,0.00626221,0.010872373
4453,4454,0.00412581,-0.00722026,-0.0157938,0.01784933,-3.30012e-16,-7.10934e-16,1.77619e-16,8.0366883e-16,0.00412581,-0.00722026,-0.0157938,0.01784933
4454,4455,-0.00258608,0.00708676,0.0045971,0.008834212,-6.96529e-16,4.93868e-17,1.33672e-16,7.1095705e-16,-0.00258608,0.00708676,0.0045971,0.008834212
4455,4456,0.00348573,0.00701752,0.00826202,0.011386697,5.9848e-16,6.84661e-16,6.08098e-16,1.093948e-15,0.00348573,0.00701752,0.00826202,0.011386697
4456,4457,0.00588887,0.0077406,0.00836695,0.012829713,-5.44925e-16,2.29332e-16,8.94514e-16,1.0722368e-15,0.00588887,0.0077406,0.00836695,0.012829713
4457,4458,-0.00675419,-0.00581363,-0.00336672,0.009526394,6.53288e-16,2.07781e-16,-1.95504e-15,2.071748e-15,-0.00675419,-0.00581363,-0.00336672,0.009526394
4458,4459,-0.00588398,-0.00616475,-0.00752325,0.011367702,-2.79712e-16,4.57192e-16,7.63974e-16,9.332307e-16,-0.00588398,-0.00616475,-0.00752325,0.011367702
4459,4460,0.00474456,-0.00659046,-0.00936304,0.012394012,5.80544e-16,-8.84367e-16,1.46387e-15,1.806115e-15,0.00474456,-0.00659046,-0.00936304,0.012394012
4460,4461,0.00537715,-0.00338545,-0.00420208,0.007617906,2.46993e-16,-4.44177e-16,8.61216e-16,9.999959e-16,0.00537715,-0.00338545,-0.00420208,0.007617906
4461,4462,-0.00697707,-0.00486155,0.000104818,0.00850442,-1.98666e-16,-7.53293e-17,-7.44776e-17,2.251435e-16,-0.00697707,-0.00486155,0.000104818,0.00850442
4462,4463,0.00176135,0.00838428,-5.53785e-05,0.008567471,-2.80663e-16,-7.50112e-17,-5.51638e-16,6.234604e-16,0.00176135,0.00838428,-5.53785e-05,0.008567471
4463,4464,-0.00719175,-0.00560361,-0.0027106,0.009511523,4.65813e-16,7.60757e-16,-9.00303e-16,1.2673903e-15,-0.00719175,-0.00560361,-0.0027106,0.009511523
4464,4465,0.000589774,-0.00670205,-0.00744692,0.010036032,-3.28059e-16,-3.50149e-16,5.37135e-17,4.8281693e-16,0.000589774,-0.00670205,-0.00744692,0.010036032
4465,4466,-0.00713412,-0.00621583,-0.000379793,0.009469765,7.39804e-16,-3.7465e-16,-2.4193e-15,2.5574762e-15,-0.00713412,-0.00621583,-0.000379793,0.009469765
4466,4467,-0.0026107,-0.00729581,0.000309229,0.0077550127,-4.63664e-16,-6.19077e-17,-8.28883e-17,4.750656e-16,-0.0026107,-0.00729581,0.000309229,0.0077550127
4467,4468,-0.00803042,-0.00514216,-0.00378986,0.010261213,-5.31024e-18,-4.32413e-16,2.54417e-15,2.5806608e-15,-0.00803042,-0.00514216,-0.00378986,0.010261213
4468,4469,-0.00485115,0.00591593,0.00173369,0.007844589,9.93288e-17,1.06208e-15,-1.33442e-15,1.7083785e-15,-0.00485115,0.00591593,0.00173369,0.007844589
4469,4470,-0.00694604,-0.00493967,0.00213542,0.008786798,-4.13252e-16,-3.51792e-16,1.01316e-15,1.1493599e-15,-0.00694604,-0.00493967,0.00213542,0.008786798
4470,4471,0.00649839,-0.0047346,0.00660837,0.0104075,-1.98029e-16,5.25983e-16,-9.03004e-16,1.0636211e-15,0.00649839,-0.0047346,0.00660837,0.0104075
4471,4472,-7.09708e-05,-0.00757081,-0.00774405,0.010830167,-6.4311e-16,3.51372e-16,1.83971e-15,1.9802993e-15,-7.09708e-05,-0.00757081,-0.00774405,0.010830167
4472,4473,-0.00276355,-0.00533967,0.00975882,0.01146228,-4.31248e-16,2.16955e-16,-2.01948e-16,5.232851e-16,-0.00276355,-0.00533967,0.00975882,0.01146228
4473,4474,0.00758925,0.00464468,0.00731803,0.011520562,2.3568e-16,-4.57847e-16,1.12723e-15,1.2392806e-15,0.00758925,0.00464468,0.00731803,0.011520562
4474,4475,0.00709286,0.000961944,-0.00551806,0.009037864,-3.39261e-16,1.58794e-16,-4.93043e-16,6.19197e-16,0.00709286,0.000961944,-0.00551806,0.009037864
4475,4476,-0.00845992,-0.00145072,-6.69325e-05,0.008583666,-2.82019e-16,-1.40053e-16,1.17575e-16,3.3611522e-16,-0.00845992,-0.00145072,-6.69325e-05,0.008583666
4476,4477,-0.00608105,-0.00652511,-0.0050906,0.01026988,-4.11735e-17,7.64913e-16,-1.89342e-16,7.8907387e-16,-0.00608105,-0.00652511,-0.0050906,0.01026988
4477,4478,-0.00490024,-0.00689582,-0.00568955,0.010194885,7.98872e-16,-5.97765e-16,3.71856e-16,1.0647987e-15,-0.00490024,-0.00689582,-0.00568955,0.010194885
4478,4479,-0.0045057,0.00759432,-0.00247803,0.009171459,-2.04154e-16,6.88323e-17,2.91194e-16,3.6223015e-16,-0.0045057,0.00759432,-0.00247803,0.009171459
4479,4480,-0.00657728,-0.00705253,-0.00614557,0.011435332,-5.05937e-16,-5.15953e-16,5.41086e-16,9.027479e-16,-0.00657728,-0.00705253,-0.00614557,0.011435332
4480,4481,0.00814878,0.00165143,0.00104621,0.00838,-5.19589e-16,8.0334e-17,6.16667e-16,8.1037304e-16,0.00814878,0.00165143,0.00104621,0.00838
4481,4482,-0.00593697,-0.00579723,-0.00308554,0.008853025,-5.88599e-16,-3.85436e-16,6.6389e-16,9.673468e-16,-0.00593697,-0.00579723,-0.00308554,0.008853025
4482,4483,0.00428614,0.00641014,0.0041485,0.008756194,-1.84892e-16,1.70301e-15,-3.12233e-16,1.7412403e-15,0.00428614,0.00641014,0.0041485,0.008756194
4483,4484,-0.00410144,-0.00748417,-0.00717004,0.011146483,8.56962e-17,-9.57028e-16,1.35659e-15,1.6624026e-15,-0.00410144,-0.00748417,-0.00717004,0.011146483
4484,4485,-0.00574587,0.00521405,-1.11528e-05,0.00775896,-7.11443e-16,-5.88821e-16,1.03008e-15,1.3834472e-15,-0.00574587,0.00521405,-1.11528e-05,0.00775896
4485,4486,0.00714555,0.0065859,0.00834143,0.012806733,-3.10752e-16,-9.6459e-16,1.93232e-15,2.1819397e-15,0.00714555,0.0065859,0.00834143,0.012806733
4486,4487,-0.00854941,-0.000169509,0.0021321,0.008812888,1.15522e-15,3.33187e-16,3.59521e-15,3.790921e-15,-0.00854941,-0.000169509,0.0021321,0.008812888
4487,4488,-0.00650086,-0.00581119,-0.000931343,0.00876918,-1.2173e-16,-1.03983e-15,-1.20161e-16,1.0538042e-15,-0.00650086,-0.00581119,-0.000931343,0.00876918
4488,4489,-0.00578504,-0.00601582,-0.0030023,0.008869643,4.25101e-16,5.33668e-17,-6.9581e-16,8.171355e-16,-0.00578504,-0.00601582,-0.0030023,0.008869643
4489,4490,0.00265506,0.00757382,0.00570238,0.009845264,1.043e-16,6.50869e-16,-6.66533e-16,9.374301e-16,0.00265506,0.00757382,0.00570238,0.009845264
4490,4491,0.000365623,-0.00791057,-0.00570539,0.00976024,-1.208e-15,-2.18043e-16,9.36767e-16,1.5441305e-15,0.000365623,-0.00791057,-0.00570539,0.00976024
4491,4492,-0.00353555,0.00812607,0.00562926,0.010498652,-8.16259e-16,-5.61323e-16,-1.96929e-16,1.0100215e-15,-0.00353555,0.00812607,0.00562926,0.010498652
4492,4493,-0.00247276,0.00769856,0.00487896,0.009443867,2.638e-16,-1.3664e-16,1.44735e-15,1.4775259e-15,-0.00247276,0.00769856,0.00487896,0.009443867
4493,4494,-0.00748065,-0.00624474,-0.00333525,0.010299553,8.10122e-17,9.7913e-16,2.5871e-16,1.0159672e-15,-0.00748065,-0.00624474,-0.00333525,0.010299553
4494,4495,0.006435,0.0059842,0.00634134,0.010836626,-7.38719e-16,7.78022e-16,1.55006e-16,1.0839976e-15,0.006435,0.0059842,0.00634134,0.010836626
4495,4496,-0.00811011,-0.00551647,-0.00327357,0.010340289,-6.24758e-17,-6.48676e-16,-2.27391e-16,6.902104e-16,-0.00811011,-0.00551647,-0.00327357,0.010340289
4496,4497,-0.00665231,-0.00527235,-0.00517895,0.009943461,3.11236e-16,3.78255e-16,2.59916e-16,5.5452775e-16,-0.00665231,-0.00527235,-0.00517895,0.009943461
4497,4498,-0.00429807,-0.00657879,-0.0041556,0.008889482,-1.72953e-16,-2.32703e-16,1.54125e-15,1.5682841e-15,-0.00429807,-0.00657879,-0.0041556,0.008889482
4498,4499,-0.00311132,0.00670021,-0.00995091,0.012393293,7.15198e-17,-6.23755e-16,-3.62776e-16,7.2511505e-16,-0.00311132,0.00670021,-0.00995091,0.012393293
4499,4500,0.000231749,-0.00753575,-0.0114816,0.01373566,-1.90157e-16,4.80099e-16,-5.81927e-16,7.780063e-16,0.000231749,-0.00753575,-0.0114816,0.01373566
4500,4501,0.00869543,0.00213109,0.00202085,0.009178011,5.25644e-16,3.23865e-16,-5.80177e-16,8.4722814e-16,0.00869543,0.00213109,0.00202085,0.009178011
4501,4502,-0.00828151,-0.00215077,-0.000945867,0.008608362,-2.74434e-17,3.20283e-16,3.62043e-15,3.634673e-15,-0.00828151,-0.00215077,-0.000945867,0.008608362
4502,4503,0.00323999,0.00672371,0.00362191,0.008296026,2.11877e-16,5.85108e-16,-6.51182e-16,9.007115e-16,0.00323999,0.00672371,0.00362191,0.008296026
4503,4504,-0.00253564,0.00566293,0.0136661,0.015008682,4.30549e-16,2.74315e-16,3.23299e-16,6.04271e-16,-0.00253564,0.00566293,0.0136661,0.015008682
4504,4505,-0.00679147,-0.00598123,0.000595981,0.0090694195,-1.60565e-16,1.19802e-15,-3.68104e-16,1.26354e-15,-0.00679147,-0.00598123,0.000595981,0.0090694195
4505,4506,0.00819065,0.0040479,0.0052256,0.010525167,-2.68638e-16,3.1731e-16,2.17493e-15,2.214311e-15,0.00819065,0.0040479,0.0052256,0.010525167
4506,4507,-0.00603303,-0.00696553,-0.00637412,0.0112047065,-4.59147e-19,1.02613e-16,3.89055e-16,4.0235984e-16,-0.00603303,-0.00696553,-0.00637412,0.0112047065
4507,4508,-0.00391442,0.00564874,0.0060409,0.009150051,-4.99332e-16,-1.66778e-16,-2.18933e-15,2.2517357e-15,-0.00391442,0.00564874,0.0060409,0.009150051
4508,4509,0.0041325,0.00739885,0.00622371,0.010514518,1.06736e-16,-1.94714e-17,-4.30123e-17,1.1671233e-16,0.0041325,0.00739885,0.00622371,0.010514518
4509,4510,-0.00639064,-0.00624741,-0.00377355,0.009701036,-6.82285e-16,1.22105e-15,-2.3931e-16,1.4190649e-15,-0.00639064,-0.00624741,-0.00377355,0.009701036
4510,4511,0.00581754,0.00401139,0.00296567,0.0076635643,-3.08352e-16,-1.66783e-16,5.62445e-16,6.627533e-16,0.00581754,0.00401139,0.00296567,0.0076635643
4511,4512,-0.00524823,-0.00309293,-0.0120686,0.013518922,6.26703e-16,4.99579e-16,-2.50075e-15,2.62604e-15,-0.00524823,-0.00309293,-0.0120686,0.013518922
4512,4513,-0.00308685,-0.00802076,-0.0046318,0.00976293,9.57623e-16,3.04822e-16,-8.88296e-16,1.3412786e-15,-0.00308685,-0.00802076,-0.0046318,0.00976293
4513,4514,-0.00598757,-0.00693139,-0.00454278,0.01022409,-4.68612e-16,4.12003e-16,-6.70125e-16,9.156479e-16,-0.00598757,-0.00693139,-0.00454278,0.01022409
4514,4515,-0.00450632,-0.00522211,0.0107214,0.01274856,2.51719e-16,-1.06221e-15,1.84915e-15,2.147326e-15,-0.00450632,-0.00522211,0.0107214,0.01274856
4515,4516,0.00768582,0.00451933,0.00590738,0.010695481,-9.13026e-17,9.90476e-17,-6.99001e-16,7.1186306e-16,0.00768582,0.00451933,0.00590738,0.010695481
4516,4517,-0.00141749,0.00789131,-0.0040951,0.009002883,-5.27483e-16,6.83136e-16,3.83966e-16,9.446391e-16,-0.00141749,0.00789131,-0.0040951,0.009002883
4517,4518,0.00155424,-0.000902129,0.0138586,0.013974629,-2.7443e-16,2.01765e-16,1.33627e-16,3.658922e-16,0.00155424,-0.000902129,0.0138586,0.013974629
4518,4519,-0.00206437,0.00768609,0.00560642,0.009734966,5.3457e-17,4.83345e-16,-7.44187e-16,8.88985e-16,-0.00206437,0.00768609,0.00560642,0.009734966
4519,4520,-0.00767886,0.00109283,-0.0145773,0.016512325,5.66068e-16,8.51618e-16,-1.80804e-16,1.0384489e-15,-0.00767886,0.00109283,-0.0145773,0.016512325
4520,4521,-0.000321625,0.00866863,-0.0077389,0.011624937,-5.07061e-17,-3.55851e-16,-3.57085e-17,3.6121482e-16,-0.000321625,0.00866863,-0.0077389,0.011624937
4521,4522,0.00797336,0.000725608,-0.00159415,0.008163473,2.79045e-16,-3.14772e-16,-8.5167e-16,9.498891e-16,0.00797336,0.000725608,-0.00159415,0.008163473
4522,4523,-0.00435195,-0.00645255,-0.00477275,0.009129842,4.06768e-17,5.39722e-16,-3.45741e-16,6.4225484e-16,-0.00435195,-0.00645255,-0.00477275,0.009129842
4523,4524,0.00458768,0.00677673,0.00570275,0.009974579,3.50915e-16,1.57704e-15,2.45955e-15,2.942717e-15,0.00458768,0.00677673,0.00570275,0.009974579
4524,4525,-0.000232073,-0.00734441,-0.00866624,0.011362127,-5.4313e-16,-1.46709e-15,1.76912e-15,2.3615946e-15,-0.000232073,-0.00734441,-0.00866624,0.011362127
4525,4526,0.0028209,0.00776195,0.00595708,0.010182934,5.40478e-16,-1.19597e-16,-2.05294e-16,5.903944e-16,0.0028209,0.00776195,0.00595708,0.010182934
4526,4527,0.006199,-0.000933443,0.00897575,0.010948196,9.20267e-16,4.86441e-16,-2.48721e-15,2.6962435e-15,0.006199,-0.000933443,0.00897575,0.010948196
4527,4528,-0.00745869,0.00311423,0.00548421,0.009767653,-1.06768e-15,1.14091e-15,5.14051e-17,1.5634125e-15,-0.00745869,0.00311423,0.00548421,0.009767653
4528,4529,0.00602879,-0.0014092,-0.00141366,0.006350637,-4.34969e-16,4.71679e-16,8.70838e-16,1.081683e-15,0.00602879,-0.0014092,-0.00141366,0.006350637
4529,4530,-0.0066674,0.0030874,0.00630766,0.009683637,2.95266e-16,-6.0133e-16,-2.44414e-16,7.131045e-16,-0.0066674,0.0030874,0.00630766,0.009683637
4530,4531,-0.000867766,0.0072619,0.00674932,0.009951961,-3.73949e-16,1.49547e-16,-2.41864e-16,4.6978755e-16,-0.000867766,0.0072619,0.00674932,0.009951961
4531,4532,-0.00650806,-0.00638315,0.00118143,0.009192128,-5.92656e-16,8.31838e-16,-1.19374e-15,1.571054e-15,-0.00650806,-0.00638315,0.00118143,0.009192128
4532,4533,-0.00931837,0.00113564,-0.000113716,0.009388004,-9.58967e-16,2.03847e-16,9.09877e-16,1.3375528e-15,-0.00931837,0.00113564,-0.000113716,0.009388004
4533,4534,-0.00331368,-0.00756151,-0.0045507,0.009426865,-4.54697e-18,3.0605e-16,-2.8742e-16,4.1987802e-16,-0.00331368,-0.00756151,-0.0045507,0.009426865
4534,4535,-0.00554465,-0.00720402,-0.00506594,0.010406959,-3.7908e-16,-5.38654e-16,-2.86087e-15,2.9357158e-15,-0.00554465,-0.00720402,-0.00506594,0.010406959
4535,4536,-0.00729408,-0.00125808,0.00297203,0.007976173,9.81518e-17,6.80173e-16,1.24163e-15,1.4191245e-15,-0.00729408,-0.00125808,0.00297203,0.007976173
4536,4537,0.00800406,0.00500032,0.00538907,0.010867854,4.70312e-16,-2.46615e-16,-2.13342e-16,5.722999e-16,0.00800406,0.00500032,0.00538907,0.010867854
4537,4538,-0.00469471,0.00617733,0.00731197,0.010661361,-3.92069e-16,5.60765e-17,-3.45708e-15,3.4796933e-15,-0.00469471,0.00617733,0.00731197,0.010661361
4538,4539,0.000508584,-0.00292631,-0.0105697,0.010979094,-2.72879e-16,1.02415e-17,2.05705e-16,3.4188066e-16,0.000508584,-0.00292631,-0.0105697,0.010979094
4539,4540,0.00290907,0.00162722,0.000779511,0.0034231814,-3.43316e-16,3.16542e-16,-1.10308e-15,1.1978524e-15,0.00290907,0.00162722,0.000779511,0.0034231814
4540,4541,0.00179463,0.00779193,0.00360158,0.00876962,3.28933e-16,-3.04862e-16,-7.91015e-16,9.093088e-16,0.00179463,0.00779193,0.00360158,0.00876962
4541,4542,0.00646354,-0.000894524,-0.00138624,0.0066707707,-4.29452e-16,4.86584e-16,7.04349e-16,9.57758e-16,0.00646354,-0.000894524,-0.00138624,0.0066707707
4542,4543,0.00291823,0.0070655,0.00487158,0.009064747,-1.0684e-15,-1.60605e-15,5.05964e-16,1.9942103e-15,0.00291823,0.0070655,0.00487158,0.009064747
4543,4544,0.000661333,-0.00677468,-0.00730064,0.009981633,8.34121e-16,1.09636e-15,1.1589e-16,1.3824592e-15,0.000661333,-0.00677468,-0.00730064,0.009981633
4544,4545,0.000534006,-0.00807294,-0.00152892,0.008233778,5.16846e-17,-7.31229e-17,-1.03184e-15,1.0357181e-15,0.000534006,-0.00807294,-0.00152892,0.008233778
4545,4546,-0.00536201,0.0062825,0.00498802,0.009648901,-3.04078e-16,4.68023e-16,-9.44618e-16,1.0971837e-15,-0.00536201,0.0062825,0.00498802,0.009648901
4546,4547,-0.0077235,-0.00530278,-0.00226491,0.009638555,-3.22699e-16,1.27498e-15,-5.91261e-16,1.4419772e-15,-0.0077235,-0.00530278,-0.00226491,0.009638555
4547,4548,0.00733263,0.00428407,0.00377837,0.009294988,1.4044e-16,1.24794e-15,-7.76834e-16,1.4766681e-15,0.00733263,0.00428407,0.00377837,0.009294988
4548,4549,-0.00769892,0.000283175,0.00784507,0.010995394,1.35939e-16,5.90121e-16,-1.24977e-15,1.3887574e-15,-0.00769892,0.000283175,0.00784507,0.010995394
4549,4550,0.00536937,-0.00640987,-0.0091129,0.012367762,4.02342e-16,1.59669e-16,-5.45012e-16,6.959967e-16,0.00536937,-0.00640987,-0.0091129,0.012367762
4550,4551,0.00782825,0.00520777,0.006049,0.011180016,5.88182e-16,-7.16769e-16,-6.48259e-16,1.1313512e-15,0.00782825,0.00520777,0.006049,0.011180016
4551,4552,0.00834945,0.00294688,0.00361033,0.009562003,-2.67305e-16,3.99764e-16,-1.08747e-15,1.1890561e-15,0.00834945,0.00294688,0.00361033,0.009562003
4552,4553,0.00233581,0.00430776,0.0132747,0.014150281,-4.8263e-16,-3.41267e-16,-8.555e-16,1.0398438e-15,0.00233581,0.00430776,0.0132747,0.014150281
4553,4554,0.00584409,0.00764252,0.00902197,0.013189293,-1.00395e-15,7.81318e-16,-5.55279e-16,1.3880593e-15,0.00584409,0.00764252,0.00902197,0.013189293
4554,4555,-0.00266169,-0.00743873,-0.00603633,0.009942665,8.10665e-16,-8.71825e-17,-7.92574e-16,1.1370805e-15,-0.00266169,-0.00743873,-0.00603633,0.009942665
4555,4556,-0.00158384,0.00755356,-0.00189241,0.007946448,-3.02039e-16,-3.57085e-16,-1.47763e-15,1.5498799e-15,-0.00158384,0.00755356,-0.00189241,0.007946448
4556,4557,0.00434648,-0.00685892,-0.00990548,0.012808404,3.26597e-16,-5.1886e-16,-9.11557e-16,1.0985524e-15,0.00434648,-0.00685892,-0.00990548,0.012808404
4557,4558,0.000200446,0.0100904,-0.0100857,0.014268066,3.72504e-16,9.53398e-16,8.79383e-16,1.3494596e-15,0.000200446,0.0100904,-0.0100857,0.014268066
4558,4559,-0.00974944,-0.000195836,-0.00197433,0.009949267,-4.78229e-16,2.36239e-16,2.2535e-15,2.3157665e-15,-0.00974944,-0.000195836,-0.00197433,0.009949267
4559,4560,-0.00742428,-0.0023306,-0.0093408,0.012157392,1.66123e-16,8.02165e-16,-1.91518e-15,2.0830217e-15,-0.00742428,-0.0023306,-0.0093408,0.012157392
4560,4561,0.00698484,0.00110825,-0.0109022,0.012995159,2.70106e-16,-8.88694e-17,-3.8442e-16,4.781566e-16,0.00698484,0.00110825,-0.0109022,0.012995159
4561,4562,-0.00696904,-0.00481746,0.00516461,0.009922129,7.30554e-16,1.39334e-18,-9.52633e-16,1.2005085e-15,-0.00696904,-0.00481746,0.00516461,0.009922129
4562,4563,-0.00605104,-0.00721654,-0.00614377,0.011244529,-2.87699e-17,-8.17422e-16,1.86575e-15,2.037162e-15,-0.00605104,-0.00721654,-0.00614377,0.011244529
4563,4564,0.00849043,0.00174434,0.0011544,0.008744299,-3.80997e-16,1.49598e-17,-6.21164e-16,7.288534e-16,0.00849043,0.00174434,0.0011544,0.008744299
4564,4565,-0.00557748,-0.00596635,0.00185059,0.008374384,9.20018e-16,-3.871e-16,2.12383e-15,2.3466857e-15,-0.00557748,-0.00596635,0.00185059,0.008374384
4565,4566,-0.00859985,0.00276252,0.00227061,0.009313679,1.12238e-15,7.03176e-16,-1.09614e-16,1.3289878e-15,-0.00859985,0.00276252,0.00227061,0.009313679
4566,4567,-0.00555236,-0.00652181,0.000534068,0.008581838,-1.61211e-17,-1.14116e-16,-1.77372e-15,1.7774603e-15,-0.00555236,-0.00652181,0.000534068,0.008581838
4567,4568,-0.00598918,-0.00498753,-0.00200757,0.008048358,7.2823e-16,1.31711e-15,8.85398e-16,1.7461465e-15,-0.00598918,-0.00498753,-0.00200757,0.008048358
4568,4569,-0.004385,-0.00556071,0.00708261,0.010015642,-6.13653e-16,2.20288e-16,-2.71496e-16,7.062626e-16,-0.004385,-0.00556071,0.00708261,0.010015642
4569,4570,0.00144047,0.0085733,0.00577191,0.0104351025,7.35583e-16,-1.19376e-16,6.28684e-16,9.749752e-16,0.00144047,0.0085733,0.00577191,0.0104351025
4570,4571,-0.000779663,-0.00197848,-0.000652911,0.0022245338,2.66148e-16,-4.39865e-16,-1.62091e-15,1.7004897e-15,-0.000779663,-0.00197848,-0.000652911,0.0022245338
4571,4572,0.00823923,0.00278904,0.00387878,0.009524106,4.29967e-16,-1.35927e-16,-1.43245e-15,1.5017526e-15,0.00823923,0.00278904,0.00387878,0.009524106
4572,4573,0.00811803,0.00134896,0.00113688,0.008307503,-2.78302e-16,-6.49327e-16,-2.6152e-16,7.533062e-16,0.00811803,0.00134896,0.00113688,0.008307503
4573,4574,0.00768932,0.00194962,0.0016095,0.008094266,5.24757e-16,5.3382e-16,1.14664e-15,1.3693491e-15,0.00768932,0.00194962,0.0016095,0.008094266
4574,4575,-0.00787816,-0.00399228,-0.00227843,0.0091211265,-3.01536e-16,-2.94108e-16,-1.27328e-15,1.3411434e-15,-0.00787816,-0.00399228,-0.00227843,0.0091211265
4575,4576,0.00201562,0.00813841,0.00671648,0.01074279,3.2083e-17,3.6771e-16,-1.1015e-16,3.8519212e-16,0.00201562,0.00813841,0.00671648,0.01074279
4576,4577,-0.00599503,-0.00585993,-0.0135617,0.015943615,-8.468e-16,5.4198e-17,2.78894e-15,2.9151662e-15,-0.00599503,-0.00585993,-0.0135617,0.015943615
4577,4578,-0.00368185,-0.00745634,-0.00706403,0.010911166,1.83863e-16,1.25201e-15,2.29063e-15,2.6169295e-15,-0.00368185,-0.00745634,-0.00706403,0.010911166
4578,4579,0.00749115,0.000911129,0.00109453,0.0076253186,-1.34096e-16,-3.31379e-16,1.27983e-16,3.7970176e-16,0.00749115,0.000911129,0.00109453,0.0076253186
4579,4580,-0.00673153,-0.000769709,0.0108985,0.012832897,5.4433e-16,1.725e-16,-1.62294e-15,1.7204609e-15,-0.00673153,-0.000769709,0.0108985,0.012832897
4580,4581,0.00595598,-0.00388269,-0.00506791,0.008731133,3.50428e-16,-4.84958e-16,3.08568e-16,6.7320003e-16,0.00595598,-0.00388269,-0.00506791,0.008731133
4581,4582,0.00793006,0.00390502,0.00441033,0.009878565,4.22834e-16,7.18314e-16,-2.00653e-15,2.172769e-15,0.00793006,0.00390502,0.00441033,0.009878565
4582,4583,-0.00910414,0.00183538,0.0010349,0.0093447855,4.94328e-17,5.26464e-16,4.12648e-17,5.3038736e-16,-0.00910414,0.00183538,0.0010349,0.0093447855
4583,4584,-0.00664121,-0.00390052,0.00179101,0.00790743,4.57819e-17,-2.08666e-16,9.44052e-17,2.3355904e-16,-0.00664121,-0.00390052,0.00179101,0.00790743
4584,4585,-0.00628739,-0.000253146,0.00372587,0.0073128287,-5.06607e-17,7.53064e-17,9.66409e-16,9.706616e-16,-0.00628739,-0.000253146,0.00372587,0.0073128287
4585,4586,-0.00682445,-0.0063963,-0.00706968,0.011724596,1.58404e-16,-3.05782e-16,1.86712e-15,1.8986131e-15,-0.00682445,-0.0063963,-0.00706968,0.011724596
4586,4587,-0.00410954,-0.00789059,-0.00762008,0.011713895,-5.81253e-16,4.76511e-16,-5.61465e-16,9.381688e-16,-0.00410954,-0.00789059,-0.00762008,0.011713895
4587,4588,-0.0034112,0.00747672,0.00738061,0.01104586,9.86862e-17,1.26386e-15,9.16766e-16,1.5644618e-15,-0.0034112,0.00747672,0.00738061,0.01104586
4588,4589,-0.00133267,0.00809019,0.00698202,0.010769205,-8.85796e-16,2.96791e-16,2.93511e-18,9.341992e-16,-0.00133267,0.00809019,0.00698202,0.010769205
4589,4590,-0.00447618,-0.00501905,-0.0151435,0.01656963,-6.36451e-16,5.16148e-16,-1.56398e-15,1.7656477e-15,-0.00447618,-0.00501905,-0.0151435,0.01656963
4590,4591,-0.00643727,-0.00552909,0.00164395,0.008643602,9.50642e-16,2.2546e-16,-2.18353e-15,2.3921445e-15,-0.00643727,-0.00552909,0.00164395,0.008643602
4591,4592,-0.00669167,-0.00661655,-0.00480987,0.010568446,-3.84907e-16,5.26708e-16,1.35856e-15,1.5070699e-15,-0.00669167,-0.00661655,-0.00480987,0.010568446
4592,4593,0.0014781,0.00870194,0.00231694,0.00912561,-3.33226e-16,-5.07213e-16,-7.01332e-16,9.274542e-16,0.0014781,0.00870194,0.00231694,0.00912561
4593,4594,0.00536083,0.00675094,0.00108096,0.0086880475,4.89025e-16,-1.55977e-17,9.30056e-16,1.050901e-15,0.00536083,0.00675094,0.00108096,0.0086880475
4594,4595,-0.00516136,-0.00706589,-0.00885699,0.01245041,-2.60374e-16,5.24206e-16,-1.34151e-15,1.4636378e-15,-0.00516136,-0.00706589,-0.00885699,0.01245041
4595,4596,-0.00403211,0.00644971,0.00110185,0.0076857493,-4.6375e-16,4.2567e-16,-1.48024e-15,1.6085303e-15,-0.00403211,0.00644971,0.00110185,0.0076857493
4596,4597,-0.000323474,-0.00609649,-0.0151702,0.016352577,4.00281e-16,3.53386e-16,-3.18783e-16,6.218755e-16,-0.000323474,-0.00609649,-0.0151702,0.016352577
4597,4598,-0.00862054,-0.00350931,-0.00192127,0.009503696,-5.81046e-16,-1.957e-16,-4.40943e-16,7.552111e-16,-0.00862054,-0.00350931,-0.00192127,0.009503696
4598,4599,-0.00494733,-0.00618423,-0.000902386,0.00797089,-1.05699e-15,1.40598e-15,-2.2637e-15,2.8667656e-15,-0.00494733,-0.00618423,-0.000902386,0.00797089
4599,4600,0.00722931,0.00272363,0.00592783,0.009737569,1.14133e-15,-1.0789e-15,2.19595e-15,2.6997881e-15,0.00722931,0.00272363,0.00592783,0.009737569
4600,4601,0.0059888,0.00621357,-0.00168578,0.008792954,-6.87555e-16,1.5289e-15,1.01748e-15,1.961003e-15,0.0059888,0.00621357,-0.00168578,0.008792954
4601,4602,-0.00432093,0.00547908,-0.0164814,0.01789769,-7.97418e-16,3.66469e-16,1.34142e-15,1.6029917e-15,-0.00432093,0.00547908,-0.0164814,0.01789769
4602,4603,0.00829858,0.00176666,-0.0133383,0.015808156,-2.33671e-17,2.65367e-16,-1.18215e-15,1.2117938e-15,0.00829858,0.00176666,-0.0133383,0.015808156
4603,4604,0.00637614,-0.0038472,-0.00092565,0.0075041945,-5.04899e-16,-1.05387e-16,5.86888e-16,7.8132384e-16,0.00637614,-0.0038472,-0.00092565,0.0075041945
4604,4605,-0.0021951,-0.00742326,-0.00729439,0.010636323,9.85e-16,-4.81435e-17,4.58164e-16,1.0874084e-15,-0.0021951,-0.00742326,-0.00729439,0.010636323
4605,4606,0.00735068,0.00526731,0.00672638,0.01127037,5.17302e-17,3.36249e-16,4.79691e-16,5.8808407e-16,0.00735068,0.00526731,0.00672638,0.01127037
4606,4607,-0.00815934,-0.000962467,-0.000481566,0.008230012,-6.55178e-16,-4.96272e-16,4.56481e-16,9.401696e-16,-0.00815934,-0.000962467,-0.000481566,0.008230012
4607,4608,-0.00289622,0.00654095,0.00696167,0.009981832,-3.59694e-16,9.067e-17,4.8592e-16,6.1132565e-16,-0.00289622,0.00654095,0.00696167,0.009981832
4608,4609,0.00831683,0.00277112,0.00360347,0.009478067,1.39437e-15,-3.4533e-16,-1.96146e-15,2.4312232e-15,0.00831683,0.00277112,0.00360347,0.009478067
4609,4610,-0.0084584,-0.00313469,-0.00919465,0.012880699,-9.74735e-16,-7.69682e-16,-2.15042e-15,2.4833092e-15,-0.0084584,-0.00313469,-0.00919465,0.012880699
4610,4611,0.00836214,-0.00265547,-0.00399123,0.009638818,-5.41589e-16,-1.03794e-16,-8.00941e-16,9.724188e-16,0.00836214,-0.00265547,-0.00399123,0.009638818
4611,4612,0.00312454,0.00671625,0.00630199,0.009725525,1.88584e-16,2.26643e-16,1.30856e-15,1.3413651e-15,0.00312454,0.00671625,0.00630199,0.009725525
4612,4613,-0.00333056,-0.00728178,-0.00749178,0.010965569,4.26416e-16,4.11608e-16,2.23047e-15,2.3078666e-15,-0.00333056,-0.00728178,-0.00749178,0.010965569
4613,4614,-0.000112978,0.00725759,0.00854491,0.01121164,1.02966e-16,7.31683e-18,8.85505e-16,8.915013e-16,-0.000112978,0.00725759,0.00854491,0.01121164
4614,4615,0.00440931,-0.00625646,-0.00613897,0.009811843,2.314e-16,8.70651e-17,-3.68527e-16,4.4377745e-16,0.00440931,-0.00625646,-0.00613897,0.009811843
4615,4616,0.00703855,0.00607483,0.00639707,0.011285709,2.29699e-16,2.45488e-16,-8.65889e-16,9.288648e-16,0.00703855,0.00607483,0.00639707,0.011285709
4616,4617,-0.00734826,-0.00467841,0.00365331,0.009446222,2.02634e-16,-1.31983e-15,-2.29969e-16,1.354953e-15,-0.00734826,-0.00467841,0.00365331,0.009446222
4617,4618,-0.00784968,-0.00266005,-0.0129989,0.01541638,-3.79301e-16,-1.03482e-15,-8.94988e-16,1.4197624e-15,-0.00784968,-0.00266005,-0.0129989,0.01541638
4618,4619,-0.0034233,-0.00208448,-0.00720555,0.008245241,3.7367e-16,3.886e-16,3.44048e-17,5.402064e-16,-0.0034233,-0.00208448,-0.00720555,0.008245241
4619,4620,-0.00456509,-0.00712812,-0.00185686,0.008665915,-1.62516e-16,-1.43201e-16,-1.10075e-15,1.1218595e-15,-0.00456509,-0.00712812,-0.00185686,0.008665915
4620,4621,0.00283572,0.00691996,0.00492359,0.008953708,-3.54926e-16,1.99907e-16,-8.68585e-16,9.593619e-16,0.00283572,0.00691996,0.00492359,0.008953708
4621,4622,-0.00564878,-0.00719835,-0.00653917,0.011246586,-1.16345e-15,-2.31889e-16,-5.48938e-16,1.3071807e-15,-0.00564878,-0.00719835,-0.00653917,0.011246586
4622,4623,-0.00661798,0.00482268,-0.00511636,0.009655726,-5.46454e-16,-1.03492e-16,8.25995e-16,9.957862e-16,-0.00661798,0.00482268,-0.00511636,0.009655726
4623,4624,-0.0077389,-0.00257269,0.00445511,0.009292863,2.24649e-16,-2.09478e-17,6.21471e-16,6.611597e-16,-0.0077389,-0.00257269,0.00445511,0.009292863
4624,4625,-0.00793489,-0.0054913,-0.00456879,0.010676643,-8.53576e-16,-7.19e-16,-6.39653e-16,1.286355e-15,-0.00793489,-0.0054913,-0.00456879,0.010676643
4625,4626,0.00435419,-0.00707562,-0.00964875,0.012732703,2.27415e-16,3.17654e-16,-8.31848e-16,9.190172e-16,0.00435419,-0.00707562,-0.00964875,0.012732703
4626,4627,0.00703581,0.002474,0.00169889,0.007649152,3.76585e-16,-1.71693e-16,-1.17409e-15,1.2449025e-15,0.00703581,0.002474,0.00169889,0.007649152
4627,4628,0.00788793,0.00328771,-0.00276483,0.008981802,5.35508e-16,-1.66703e-15,-3.44227e-16,1.7844466e-15,0.00788793,0.00328771,-0.00276483,0.008981802
4628,4629,0.00516958,-0.00489489,0.0168175,0.018262334,-6.41714e-16,5.20794e-16,3.17511e-15,3.2809063e-15,0.00516958,-0.00489489,0.0168175,0.018262334
4629,4630,0.00819499,0.00133131,0.00444987,0.009419745,4.90556e-16,-1.33692e-16,1.16527e-15,1.2713665e-15,0.00819499,0.00133131,0.00444987,0.009419745
4630,4631,-0.00534505,-0.00332799,0.0191578,0.02016597,-5.65699e-16,-4.55712e-16,3.23825e-15,3.3187274e-15,-0.00534505,-0.00332799,0.0191578,0.02016597
4631,4632,-0.00612817,-0.00619582,-0.00275564,0.009139814,7.69733e-16,2.21363e-16,5.03033e-16,9.457974e-16,-0.00612817,-0.00619582,-0.00275564,0.009139814
4632,4633,-0.00531021,0.00454926,0.0109926,0.013028098,1.24541e-15,1.7161e-16,-2.02192e-15,2.380894e-15,-0.00531021,0.00454926,0.0109926,0.013028098
4633,4634,-0.00761582,-0.00433139,-0.00260433,0.00914025,2.8313e-18,2.54154e-16,-1.33295e-15,1.3569665e-15,-0.00761582,-0.00433139,-0.00260433,0.00914025
4634,4635,0.00747631,0.00298509,0.00320201,0.008663651,2.21738e-16,-4.78683e-16,1.1588e-15,1.2732331e-15,0.00747631,0.00298509,0.00320201,0.008663651
4635,4636,-0.00401009,-0.00670344,-0.0145503,0.016514484,-6.45957e-17,4.23812e-16,1.77731e-16,4.6408787e-16,-0.00401009,-0.00670344,-0.0145503,0.016514484
4636,4637,-0.00704871,-0.00548799,-0.00280117,0.009362099,8.7158e-16,-2.97298e-16,1.20221e-15,1.5143799e-15,-0.00704871,-0.00548799,-0.00280117,0.009362099
4637,4638,-0.00246871,-0.00747626,0.00154085,0.008022669,4.68405e-16,-8.0816e-16,-5.05716e-16,1.0622026e-15,-0.00246871,-0.00747626,0.00154085,0.008022669
4638,4639,0.00251879,0.00876903,0.010108,0.013616602,-1.98172e-16,-8.68659e-16,-1.29556e-15,1.5723601e-15,0.00251879,0.00876903,0.010108,0.013616602
4639,4640,-0.00722167,-0.00535385,-0.00237775,0.009298921,-1.07954e-15,-5.1924e-16,-9.61899e-16,1.5363159e-15,-0.00722167,-0.00535385,-0.00237775,0.009298921
4640,4641,-0.00938149,0.000589032,-2.7835e-05,0.0094000045,1.12188e-15,-3.36723e-18,-1.46512e-17,1.1219807e-15,-0.00938149,0.000589032,-2.7835e-05,0.0094000045
4641,4642,-0.00675863,-0.00194123,0.00619795,0.009373475,-2.47805e-16,-6.17214e-16,-1.41725e-15,1.5655535e-15,-0.00675863,-0.00194123,0.00619795,0.009373475
4642,4643,0.00344616,0.00683498,0.00504596,0.009168134,1.11673e-16,-1.33983e-15,1.10163e-15,1.7381612e-15,0.00344616,0.00683498,0.00504596,0.009168134
4643,4644,-0.00675736,0.00599302,-0.016456,0.01877174,-1.02691e-15,-9.48023e-17,2.09989e-15,2.3394593e-15,-0.00675736,0.00599302,-0.016456,0.01877174
4644,4645,0.00676808,-0.00236345,0.00376414,0.008097009,3.57091e-16,-6.18327e-17,8.56382e-16,9.299073e-16,0.00676808,-0.00236345,0.00376414,0.008097009
4645,4646,0.00854273,0.00328868,0.000332823,0.009159935,6.2122e-16,1.7559e-16,-7.24518e-16,9.703981e-16,0.00854273,0.00328868,0.000332823,0.009159935
4646,4647,0.00669501,-0.00119713,-0.00165061,0.006998628,3.09029e-16,-1.42068e-15,1.27283e-15,1.9323371e-15,0.00669501,-0.00119713,-0.00165061,0.006998628
4647,4648,0.00634955,0.00693058,0.00801893,0.012355281,-5.4913e-17,1.51157e-16,6.50594e-16,6.701764e-16,0.00634955,0.00693058,0.00801893,0.012355281
4648,4649,0.00570976,-0.00525064,0.00391355,0.008688294,-6.37412e-16,-6.31034e-16,-1.83683e-15,2.0441239e-15,0.00570976,-0.00525064,0.00391355,0.008688294
4649,4650,0.00713271,0.00607798,0.00645778,0.011380699,2.42955e-16,4.77544e-16,-1.42083e-15,1.518497e-15,0.00713271,0.00607798,0.00645778,0.011380699
4650,4651,0.00657744,0.00614953,0.00703196,0.0114248805,1.6403e-16,-9.08151e-16,9.78191e-17,9.280155e-16,0.00657744,0.00614953,0.00703196,0.0114248805
4651,4652,0.00212265,0.00103753,0.000664794,0.0024543966,3.98926e-17,-2.30137e-16,-2.52519e-16,3.4397717e-16,0.00212265,0.00103753,0.000664794,0.0024543966
4652,4653,-0.00839643,0.00108817,-0.00173865,0.0086433245,9.20632e-17,7.26473e-17,-3.75078e-16,3.9298443e-16,-0.00839643,0.00108817,-0.00173865,0.0086433245
4653,4654,-0.0104659,0.000354525,-0.00370569,0.011108235,-5.39088e-16,3.72334e-16,4.05874e-17,6.5642655e-16,-0.0104659,0.000354525,-0.00370569,0.011108235
4654,4655,-0.00466986,0.00180656,-0.0127569,0.01370437,-9.7248e-17,-2.8118e-16,-1.91011e-15,1.9331422e-15,-0.00466986,0.00180656,-0.0127569,0.01370437
4655,4656,-0.00412165,0.00719277,0.00666093,0.010634469,-1.80129e-16,-1.0287e-16,1.28906e-15,1.3056433e-15,-0.00412165,0.00719277,0.00666093,0.010634469
4656,4657,-0.00433495,0.00623264,-0.00965954,0.012285939,9.08349e-16,1.29882e-18,7.88106e-16,1.202585e-15,-0.00433495,0.00623264,-0.00965954,0.012285939
4657,4658,0.00717286,0.0051465,0.0013199,0.008926283,3.83616e-16,-2.18724e-16,-1.47775e-15,1.5423185e-15,0.00717286,0.0051465,0.0013199,0.008926283
4658,4659,0.00534119,0.00244086,0.00981961,0.0114416275,3.33657e-16,4.51805e-16,-1.71954e-15,1.8089424e-15,0.00534119,0.00244086,0.00981961,0.0114416275
4659,4660,0.00724958,0.00547114,0.00583924,0.010797523,-3.54839e-16,1.61929e-15,-5.99215e-16,1.7626882e-15,0.00724958,0.00547114,0.00583924,0.010797523
4660,4661,-0.00542378,-0.00585358,0.000888423,0.008029388,-3.19206e-16,5.97577e-16,-8.03555e-16,1.0510431e-15,-0.00542378,-0.00585358,0.000888423,0.008029388
4661,4662,-0.00846346,-0.00383175,-0.00223236,0.009554889,1.58402e-16,-9.87722e-16,5.9359e-16,1.1632004e-15,-0.00846346,-0.00383175,-0.00223236,0.009554889
4662,4663,0.00602034,-0.000825925,-0.000448442,0.0060932543,-2.29406e-16,-3.67314e-16,-1.14926e-15,1.2281472e-15,0.00602034,-0.000825925,-0.000448442,0.0060932543
4663,4664,0.000329485,-0.00781245,-0.0108926,0.013408641,-3.89559e-16,-4.74412e-16,9.17483e-16,1.1039013e-15,0.000329485,-0.00781245,-0.0108926,0.013408641
4664,4665,0.000372953,-0.00995754,-0.00201739,0.010166689,-1.02197e-15,-8.80098e-16,2.46439e-16,1.3710316e-15,0.000372953,-0.00995754,-0.00201739,0.010166689
4665,4666,-0.0108963,0.000172173,-0.00520757,0.012077987,-1.48154e-16,-2.43184e-16,-1.63499e-15,1.6596025e-15,-0.0108963,0.000172173,-0.00520757,0.012077987
4666,4667,-0.00673936,-0.00536001,-0.000531935,0.008627377,-4.88317e-16,-1.26741e-15,-1.02168e-15,1.6995916e-15,-0.00673936,-0.00536001,-0.000531935,0.008627377
4667,4668,-0.0043533,-0.00769718,-0.00633804,0.010879732,-2.19469e-16,2.68081e-16,-6.15789e-16,7.065622e-16,-0.0043533,-0.00769718,-0.00633804,0.010879732
4668,4669,0.00755432,0.000897386,-0.0133855,0.015396255,-5.65633e-16,6.46011e-16,-3.42538e-16,9.244475e-16,0.00755432,0.000897386,-0.0133855,0.015396255
4669,4670,0.00707844,0.00151844,0.000443467,0.007253043,-1.48207e-16,-1.79532e-16,-1.1452e-15,1.1686231e-15,0.00707844,0.00151844,0.000443467,0.007253043
4670,4671,0.00768466,0.00405467,0.00430133,0.0096951425,9.97762e-17,5.61618e-16,-2.08515e-15,2.1617632e-15,0.00768466,0.00405467,0.00430133,0.0096951425
