*Step  = 0
*Time  = 0
*Data  = Fzz
1 1
2 1
3 1
4 1
5 1
6 1
7 1
8 1
9 1
10 1
11 1
12 1
13 1
14 1
15 1
16 1
17 1
18 1
19 1
20 1
21 1
22 1
23 1
24 1
25 1
26 1
27 1
28 1
29 1
30 1
31 1
32 1
33 1
34 1
35 1
36 1
37 1
38 1
39 1
40 1
41 1
42 1
43 1
44 1
45 1
46 1
47 1
48 1
49 1
50 1
51 1
52 1
53 1
54 1
55 1
56 1
57 1
58 1
59 1
60 1
61 1
62 1
63 1
64 1
65 1
66 1
67 1
68 1
69 1
70 1
71 1
72 1
73 1
74 1
75 1
76 1
77 1
78 1
79 1
80 1
81 1
82 1
83 1
84 1
85 1
86 1
87 1
88 1
89 1
90 1
91 1
92 1
93 1
94 1
95 1
96 1
97 1
98 1
99 1
100 1
101 1
102 1
103 1
104 1
105 1
106 1
107 1
108 1
109 1
110 1
111 1
112 1
113 1
114 1
115 1
116 1
117 1
118 1
119 1
120 1
121 1
122 1
123 1
124 1
125 1
126 1
127 1
128 1
129 1
130 1
131 1
132 1
133 1
134 1
135 1
136 1
137 1
138 1
139 1
140 1
141 1
142 1
143 1
144 1
145 1
146 1
147 1
148 1
149 1
150 1
151 1
152 1
153 1
154 1
155 1
156 1
157 1
158 1
159 1
160 1
161 1
162 1
163 1
164 1
165 1
166 1
167 1
168 1
169 1
170 1
171 1
172 1
173 1
174 1
175 1
176 1
177 1
178 1
179 1
180 1
181 1
182 1
183 1
184 1
185 1
186 1
187 1
188 1
189 1
190 1
191 1
192 1
193 1
194 1
195 1
196 1
197 1
198 1
199 1
200 1
201 1
202 1
203 1
204 1
205 1
206 1
207 1
208 1
209 1
210 1
211 1
212 1
213 1
214 1
215 1
216 1
217 1
218 1
219 1
220 1
221 1
222 1
223 1
224 1
225 1
226 1
227 1
228 1
229 1
230 1
231 1
232 1
233 1
234 1
235 1
236 1
237 1
238 1
239 1
240 1
241 1
242 1
243 1
244 1
245 1
246 1
247 1
248 1
249 1
250 1
251 1
252 1
253 1
254 1
255 1
256 1
257 1
258 1
259 1
260 1
261 1
262 1
263 1
264 1
265 1
266 1
267 1
268 1
269 1
270 1
271 1
272 1
273 1
274 1
275 1
276 1
277 1
278 1
279 1
280 1
281 1
282 1
283 1
284 1
285 1
286 1
287 1
288 1
289 1
290 1
291 1
292 1
293 1
294 1
295 1
296 1
297 1
298 1
299 1
300 1
301 1
302 1
303 1
304 1
305 1
306 1
307 1
308 1
309 1
310 1
311 1
312 1
313 1
314 1
315 1
316 1
317 1
318 1
319 1
320 1
321 1
322 1
323 1
324 1
325 1
326 1
327 1
328 1
329 1
330 1
331 1
332 1
333 1
334 1
335 1
336 1
337 1
338 1
339 1
340 1
341 1
342 1
343 1
344 1
345 1
346 1
347 1
348 1
349 1
350 1
351 1
352 1
353 1
354 1
355 1
356 1
357 1
358 1
359 1
360 1
361 1
362 1
363 1
364 1
365 1
366 1
367 1
368 1
369 1
370 1
371 1
372 1
373 1
374 1
375 1
376 1
377 1
378 1
379 1
380 1
381 1
382 1
383 1
384 1
385 1
386 1
387 1
388 1
389 1
390 1
391 1
392 1
393 1
394 1
395 1
396 1
397 1
398 1
399 1
400 1
401 1
402 1
403 1
404 1
405 1
406 1
407 1
408 1
409 1
410 1
411 1
412 1
413 1
414 1
415 1
416 1
417 1
418 1
419 1
420 1
421 1
422 1
423 1
424 1
425 1
426 1
427 1
428 1
429 1
430 1
431 1
432 1
433 1
434 1
435 1
436 1
437 1
438 1
439 1
440 1
441 1
442 1
443 1
444 1
445 1
446 1
447 1
448 1
449 1
450 1
451 1
452 1
453 1
454 1
455 1
456 1
457 1
458 1
459 1
460 1
461 1
462 1
463 1
464 1
465 1
466 1
467 1
468 1
469 1
470 1
471 1
472 1
473 1
474 1
475 1
476 1
477 1
478 1
479 1
480 1
481 1
482 1
483 1
484 1
485 1
486 1
487 1
488 1
489 1
490 1
491 1
492 1
493 1
494 1
495 1
496 1
497 1
498 1
499 1
500 1
501 1
502 1
503 1
504 1
505 1
506 1
507 1
508 1
509 1
510 1
511 1
512 1
513 1
514 1
515 1
516 1
517 1
518 1
519 1
520 1
521 1
522 1
523 1
524 1
525 1
526 1
527 1
528 1
529 1
530 1
531 1
532 1
533 1
534 1
535 1
536 1
537 1
538 1
539 1
540 1
541 1
542 1
543 1
544 1
545 1
546 1
547 1
548 1
549 1
550 1
551 1
552 1
553 1
554 1
555 1
556 1
557 1
558 1
559 1
560 1
561 1
562 1
563 1
564 1
565 1
566 1
567 1
568 1
569 1
570 1
571 1
572 1
573 1
574 1
575 1
576 1
577 1
578 1
579 1
580 1
581 1
582 1
583 1
584 1
585 1
586 1
587 1
588 1
589 1
590 1
591 1
592 1
593 1
594 1
595 1
596 1
597 1
598 1
599 1
600 1
601 1
602 1
603 1
604 1
605 1
606 1
607 1
608 1
609 1
610 1
611 1
612 1
613 1
614 1
615 1
616 1
617 1
618 1
619 1
620 1
621 1
622 1
623 1
624 1
625 1
626 1
627 1
628 1
629 1
630 1
631 1
632 1
633 1
634 1
635 1
636 1
637 1
638 1
639 1
640 1
641 1
642 1
643 1
644 1
645 1
646 1
647 1
648 1
649 1
650 1
651 1
652 1
653 1
654 1
655 1
656 1
657 1
658 1
659 1
660 1
661 1
662 1
663 1
664 1
665 1
666 1
667 1
668 1
669 1
670 1
671 1
672 1
673 1
674 1
675 1
676 1
677 1
678 1
679 1
680 1
681 1
682 1
683 1
684 1
685 1
686 1
687 1
688 1
689 1
690 1
691 1
692 1
693 1
694 1
695 1
696 1
697 1
698 1
699 1
700 1
701 1
702 1
703 1
704 1
705 1
706 1
707 1
708 1
709 1
710 1
711 1
712 1
713 1
714 1
715 1
716 1
717 1
718 1
719 1
720 1
721 1
722 1
723 1
724 1
725 1
726 1
727 1
728 1
729 1
730 1
731 1
732 1
733 1
734 1
735 1
736 1
737 1
738 1
739 1
740 1
741 1
742 1
743 1
744 1
745 1
746 1
747 1
748 1
749 1
750 1
751 1
752 1
753 1
754 1
755 1
756 1
757 1
758 1
759 1
760 1
761 1
762 1
763 1
764 1
765 1
766 1
767 1
768 1
769 1
770 1
771 1
772 1
773 1
774 1
775 1
776 1
777 1
778 1
779 1
780 1
781 1
782 1
783 1
784 1
785 1
786 1
787 1
788 1
789 1
790 1
791 1
792 1
793 1
794 1
795 1
796 1
797 1
798 1
799 1
800 1
801 1
802 1
803 1
804 1
805 1
806 1
807 1
808 1
809 1
810 1
811 1
812 1
813 1
814 1
815 1
816 1
817 1
818 1
819 1
820 1
821 1
822 1
823 1
824 1
825 1
826 1
827 1
828 1
829 1
830 1
831 1
832 1
833 1
834 1
835 1
836 1
837 1
838 1
839 1
840 1
841 1
842 1
843 1
844 1
845 1
846 1
847 1
848 1
849 1
850 1
851 1
852 1
853 1
854 1
855 1
856 1
857 1
858 1
859 1
860 1
861 1
862 1
863 1
864 1
865 1
866 1
867 1
868 1
869 1
870 1
871 1
872 1
873 1
874 1
875 1
876 1
877 1
878 1
879 1
880 1
881 1
882 1
883 1
884 1
885 1
886 1
887 1
888 1
889 1
890 1
891 1
892 1
893 1
894 1
895 1
896 1
897 1
898 1
899 1
900 1
901 1
902 1
903 1
904 1
905 1
906 1
907 1
908 1
909 1
910 1
911 1
912 1
913 1
914 1
915 1
916 1
917 1
918 1
919 1
920 1
921 1
922 1
923 1
924 1
925 1
926 1
927 1
928 1
929 1
930 1
931 1
932 1
933 1
934 1
935 1
936 1
937 1
938 1
939 1
940 1
941 1
942 1
943 1
944 1
945 1
946 1
947 1
948 1
949 1
950 1
951 1
952 1
953 1
954 1
955 1
956 1
957 1
958 1
959 1
960 1
961 1
962 1
963 1
964 1
965 1
966 1
967 1
968 1
969 1
970 1
971 1
972 1
973 1
974 1
975 1
976 1
977 1
978 1
979 1
980 1
981 1
982 1
983 1
984 1
985 1
986 1
987 1
988 1
989 1
990 1
991 1
992 1
993 1
994 1
995 1
996 1
997 1
998 1
999 1
1000 1
1001 1
1002 1
1003 1
1004 1
1005 1
1006 1
1007 1
1008 1
1009 1
1010 1
1011 1
1012 1
1013 1
1014 1
1015 1
1016 1
1017 1
1018 1
1019 1
1020 1
1021 1
1022 1
1023 1
1024 1
1025 1
1026 1
1027 1
1028 1
1029 1
1030 1
1031 1
1032 1
1033 1
1034 1
1035 1
1036 1
1037 1
1038 1
1039 1
1040 1
1041 1
1042 1
1043 1
1044 1
1045 1
1046 1
1047 1
1048 1
1049 1
1050 1
1051 1
1052 1
1053 1
1054 1
1055 1
1056 1
1057 1
1058 1
1059 1
1060 1
1061 1
1062 1
1063 1
1064 1
1065 1
1066 1
1067 1
1068 1
1069 1
1070 1
1071 1
1072 1
1073 1
1074 1
1075 1
1076 1
1077 1
1078 1
1079 1
1080 1
1081 1
1082 1
1083 1
1084 1
1085 1
1086 1
1087 1
1088 1
1089 1
1090 1
1091 1
1092 1
1093 1
1094 1
1095 1
1096 1
1097 1
1098 1
1099 1
1100 1
1101 1
1102 1
1103 1
1104 1
1105 1
1106 1
1107 1
1108 1
1109 1
1110 1
1111 1
1112 1
1113 1
1114 1
1115 1
1116 1
1117 1
1118 1
1119 1
1120 1
1121 1
1122 1
1123 1
1124 1
1125 1
1126 1
1127 1
1128 1
1129 1
1130 1
1131 1
1132 1
1133 1
1134 1
1135 1
1136 1
1137 1
1138 1
1139 1
1140 1
1141 1
1142 1
1143 1
1144 1
1145 1
1146 1
1147 1
1148 1
1149 1
1150 1
1151 1
1152 1
1153 1
1154 1
1155 1
1156 1
1157 1
1158 1
1159 1
1160 1
1161 1
1162 1
1163 1
1164 1
1165 1
1166 1
1167 1
1168 1
1169 1
1170 1
1171 1
1172 1
1173 1
1174 1
1175 1
1176 1
1177 1
1178 1
1179 1
1180 1
1181 1
1182 1
1183 1
1184 1
1185 1
1186 1
1187 1
1188 1
1189 1
1190 1
1191 1
1192 1
1193 1
1194 1
1195 1
1196 1
1197 1
1198 1
1199 1
1200 1
1201 1
1202 1
1203 1
1204 1
1205 1
1206 1
1207 1
1208 1
1209 1
1210 1
1211 1
1212 1
1213 1
1214 1
1215 1
1216 1
1217 1
1218 1
1219 1
1220 1
1221 1
1222 1
1223 1
1224 1
1225 1
1226 1
1227 1
1228 1
1229 1
1230 1
1231 1
1232 1
1233 1
1234 1
1235 1
1236 1
1237 1
1238 1
1239 1
1240 1
1241 1
1242 1
1243 1
1244 1
1245 1
1246 1
1247 1
1248 1
1249 1
1250 1
1251 1
1252 1
1253 1
1254 1
1255 1
1256 1
1257 1
1258 1
1259 1
1260 1
1261 1
1262 1
1263 1
1264 1
1265 1
1266 1
1267 1
1268 1
1269 1
1270 1
1271 1
1272 1
1273 1
1274 1
1275 1
1276 1
1277 1
1278 1
1279 1
1280 1
1281 1
1282 1
1283 1
1284 1
1285 1
1286 1
1287 1
1288 1
1289 1
1290 1
1291 1
1292 1
1293 1
1294 1
1295 1
1296 1
1297 1
1298 1
1299 1
1300 1
1301 1
1302 1
1303 1
1304 1
1305 1
1306 1
1307 1
1308 1
1309 1
1310 1
1311 1
1312 1
1313 1
1314 1
1315 1
1316 1
1317 1
1318 1
1319 1
1320 1
1321 1
1322 1
1323 1
1324 1
1325 1
1326 1
1327 1
1328 1
1329 1
1330 1
1331 1
1332 1
1333 1
1334 1
1335 1
1336 1
1337 1
1338 1
1339 1
1340 1
1341 1
1342 1
1343 1
1344 1
1345 1
1346 1
1347 1
1348 1
1349 1
1350 1
1351 1
1352 1
1353 1
1354 1
1355 1
1356 1
1357 1
1358 1
1359 1
1360 1
1361 1
1362 1
1363 1
1364 1
1365 1
1366 1
1367 1
1368 1
1369 1
1370 1
1371 1
1372 1
1373 1
1374 1
1375 1
1376 1
1377 1
1378 1
1379 1
1380 1
1381 1
1382 1
1383 1
1384 1
1385 1
1386 1
1387 1
1388 1
1389 1
1390 1
1391 1
1392 1
1393 1
1394 1
1395 1
1396 1
1397 1
1398 1
1399 1
1400 1
1401 1
1402 1
1403 1
1404 1
1405 1
1406 1
1407 1
1408 1
1409 1
1410 1
1411 1
1412 1
1413 1
1414 1
1415 1
1416 1
1417 1
1418 1
1419 1
1420 1
1421 1
1422 1
1423 1
1424 1
1425 1
1426 1
1427 1
1428 1
1429 1
1430 1
1431 1
1432 1
1433 1
1434 1
1435 1
1436 1
1437 1
1438 1
1439 1
1440 1
1441 1
1442 1
1443 1
1444 1
1445 1
1446 1
1447 1
1448 1
1449 1
1450 1
1451 1
1452 1
1453 1
1454 1
1455 1
1456 1
1457 1
1458 1
1459 1
1460 1
1461 1
1462 1
1463 1
1464 1
1465 1
1466 1
1467 1
1468 1
1469 1
1470 1
1471 1
1472 1
1473 1
1474 1
1475 1
1476 1
1477 1
1478 1
1479 1
1480 1
1481 1
1482 1
1483 1
1484 1
1485 1
1486 1
1487 1
1488 1
1489 1
1490 1
1491 1
1492 1
1493 1
1494 1
1495 1
1496 1
1497 1
1498 1
1499 1
1500 1
1501 1
1502 1
1503 1
1504 1
1505 1
1506 1
1507 1
1508 1
1509 1
1510 1
1511 1
1512 1
1513 1
1514 1
1515 1
1516 1
1517 1
1518 1
1519 1
1520 1
1521 1
1522 1
1523 1
1524 1
1525 1
1526 1
1527 1
1528 1
1529 1
1530 1
1531 1
1532 1
1533 1
1534 1
1535 1
1536 1
1537 1
1538 1
1539 1
1540 1
1541 1
1542 1
1543 1
1544 1
1545 1
1546 1
1547 1
1548 1
1549 1
1550 1
1551 1
1552 1
1553 1
1554 1
1555 1
1556 1
1557 1
1558 1
1559 1
1560 1
1561 1
1562 1
1563 1
1564 1
1565 1
1566 1
1567 1
1568 1
1569 1
1570 1
1571 1
1572 1
1573 1
1574 1
1575 1
1576 1
1577 1
1578 1
1579 1
1580 1
1581 1
1582 1
1583 1
1584 1
1585 1
1586 1
1587 1
1588 1
1589 1
1590 1
1591 1
1592 1
1593 1
1594 1
1595 1
1596 1
1597 1
1598 1
1599 1
1600 1
1601 1
1602 1
1603 1
1604 1
1605 1
1606 1
1607 1
1608 1
1609 1
1610 1
1611 1
1612 1
1613 1
1614 1
1615 1
1616 1
1617 1
1618 1
1619 1
1620 1
1621 1
1622 1
1623 1
1624 1
1625 1
1626 1
1627 1
1628 1
1629 1
1630 1
1631 1
1632 1
1633 1
1634 1
1635 1
1636 1
1637 1
1638 1
1639 1
1640 1
1641 1
1642 1
1643 1
1644 1
1645 1
1646 1
1647 1
1648 1
1649 1
1650 1
1651 1
1652 1
1653 1
1654 1
1655 1
1656 1
1657 1
1658 1
1659 1
1660 1
1661 1
1662 1
1663 1
1664 1
1665 1
1666 1
1667 1
1668 1
1669 1
1670 1
1671 1
1672 1
1673 1
1674 1
1675 1
1676 1
1677 1
1678 1
1679 1
1680 1
1681 1
1682 1
1683 1
1684 1
1685 1
1686 1
1687 1
1688 1
1689 1
1690 1
1691 1
1692 1
1693 1
1694 1
1695 1
1696 1
1697 1
1698 1
1699 1
1700 1
1701 1
1702 1
1703 1
1704 1
1705 1
1706 1
1707 1
1708 1
1709 1
1710 1
1711 1
1712 1
1713 1
1714 1
1715 1
1716 1
1717 1
1718 1
1719 1
1720 1
1721 1
1722 1
1723 1
1724 1
1725 1
1726 1
1727 1
1728 1
1729 1
1730 1
1731 1
1732 1
1733 1
1734 1
1735 1
1736 1
1737 1
1738 1
1739 1
1740 1
1741 1
1742 1
1743 1
1744 1
1745 1
1746 1
1747 1
1748 1
1749 1
1750 1
1751 1
1752 1
1753 1
1754 1
1755 1
1756 1
1757 1
1758 1
1759 1
1760 1
1761 1
1762 1
1763 1
1764 1
1765 1
1766 1
1767 1
1768 1
1769 1
1770 1
1771 1
1772 1
1773 1
1774 1
1775 1
1776 1
1777 1
1778 1
1779 1
1780 1
1781 1
1782 1
1783 1
1784 1
1785 1
1786 1
1787 1
1788 1
1789 1
1790 1
1791 1
1792 1
1793 1
1794 1
1795 1
1796 1
1797 1
1798 1
1799 1
1800 1
1801 1
1802 1
1803 1
1804 1
1805 1
1806 1
1807 1
1808 1
1809 1
1810 1
1811 1
1812 1
1813 1
1814 1
1815 1
1816 1
1817 1
1818 1
1819 1
1820 1
1821 1
1822 1
1823 1
1824 1
1825 1
1826 1
1827 1
1828 1
1829 1
1830 1
1831 1
1832 1
1833 1
1834 1
1835 1
1836 1
1837 1
1838 1
1839 1
1840 1
1841 1
1842 1
1843 1
1844 1
1845 1
1846 1
1847 1
1848 1
1849 1
1850 1
1851 1
1852 1
1853 1
1854 1
1855 1
1856 1
1857 1
1858 1
1859 1
1860 1
1861 1
1862 1
1863 1
1864 1
1865 1
1866 1
1867 1
1868 1
1869 1
1870 1
1871 1
1872 1
1873 1
1874 1
1875 1
1876 1
1877 1
1878 1
1879 1
1880 1
1881 1
1882 1
1883 1
1884 1
1885 1
1886 1
1887 1
1888 1
1889 1
1890 1
1891 1
1892 1
1893 1
1894 1
1895 1
1896 1
1897 1
1898 1
1899 1
1900 1
1901 1
1902 1
1903 1
1904 1
1905 1
1906 1
1907 1
1908 1
1909 1
1910 1
1911 1
1912 1
1913 1
1914 1
1915 1
1916 1
1917 1
1918 1
1919 1
1920 1
1921 1
1922 1
1923 1
1924 1
1925 1
1926 1
1927 1
1928 1
1929 1
1930 1
1931 1
1932 1
1933 1
1934 1
1935 1
1936 1
1937 1
1938 1
1939 1
1940 1
1941 1
1942 1
1943 1
1944 1
1945 1
1946 1
1947 1
1948 1
1949 1
1950 1
1951 1
1952 1
1953 1
1954 1
1955 1
1956 1
1957 1
1958 1
1959 1
1960 1
1961 1
1962 1
1963 1
1964 1
1965 1
1966 1
1967 1
1968 1
1969 1
1970 1
1971 1
1972 1
1973 1
1974 1
1975 1
1976 1
1977 1
1978 1
1979 1
1980 1
1981 1
1982 1
1983 1
1984 1
1985 1
1986 1
1987 1
1988 1
1989 1
1990 1
1991 1
1992 1
1993 1
1994 1
1995 1
1996 1
1997 1
1998 1
1999 1
2000 1
2001 1
2002 1
2003 1
2004 1
2005 1
2006 1
2007 1
2008 1
2009 1
2010 1
2011 1
2012 1
2013 1
2014 1
2015 1
2016 1
2017 1
2018 1
2019 1
2020 1
2021 1
2022 1
2023 1
2024 1
2025 1
2026 1
2027 1
2028 1
2029 1
2030 1
2031 1
2032 1
2033 1
2034 1
2035 1
2036 1
2037 1
2038 1
2039 1
2040 1
2041 1
2042 1
2043 1
2044 1
2045 1
2046 1
2047 1
2048 1
2049 1
2050 1
2051 1
2052 1
2053 1
2054 1
2055 1
2056 1
2057 1
2058 1
2059 1
2060 1
2061 1
2062 1
2063 1
2064 1
2065 1
2066 1
2067 1
2068 1
2069 1
2070 1
2071 1
2072 1
2073 1
2074 1
2075 1
2076 1
2077 1
2078 1
2079 1
2080 1
2081 1
2082 1
2083 1
2084 1
2085 1
2086 1
2087 1
2088 1
2089 1
2090 1
2091 1
2092 1
2093 1
2094 1
2095 1
2096 1
2097 1
2098 1
2099 1
2100 1
2101 1
2102 1
2103 1
2104 1
2105 1
2106 1
2107 1
2108 1
2109 1
2110 1
2111 1
2112 1
2113 1
2114 1
2115 1
2116 1
2117 1
2118 1
2119 1
2120 1
2121 1
2122 1
2123 1
2124 1
2125 1
2126 1
2127 1
2128 1
2129 1
2130 1
2131 1
2132 1
2133 1
2134 1
2135 1
2136 1
2137 1
2138 1
2139 1
2140 1
2141 1
2142 1
2143 1
2144 1
2145 1
2146 1
2147 1
2148 1
2149 1
2150 1
2151 1
2152 1
2153 1
2154 1
2155 1
2156 1
2157 1
2158 1
2159 1
2160 1
2161 1
2162 1
2163 1
2164 1
2165 1
2166 1
2167 1
2168 1
2169 1
2170 1
2171 1
2172 1
2173 1
2174 1
2175 1
2176 1
2177 1
2178 1
2179 1
2180 1
2181 1
2182 1
2183 1
2184 1
2185 1
2186 1
2187 1
2188 1
2189 1
2190 1
2191 1
2192 1
2193 1
2194 1
2195 1
2196 1
2197 1
2198 1
2199 1
2200 1
2201 1
2202 1
2203 1
2204 1
2205 1
2206 1
2207 1
2208 1
2209 1
2210 1
2211 1
2212 1
2213 1
2214 1
2215 1
2216 1
2217 1
2218 1
2219 1
2220 1
2221 1
2222 1
2223 1
2224 1
2225 1
2226 1
2227 1
2228 1
2229 1
2230 1
2231 1
2232 1
2233 1
2234 1
2235 1
2236 1
2237 1
2238 1
2239 1
2240 1
2241 1
2242 1
2243 1
2244 1
2245 1
2246 1
2247 1
2248 1
2249 1
2250 1
2251 1
2252 1
2253 1
2254 1
2255 1
2256 1
2257 1
2258 1
2259 1
2260 1
2261 1
2262 1
2263 1
2264 1
2265 1
2266 1
2267 1
2268 1
2269 1
2270 1
2271 1
2272 1
2273 1
2274 1
2275 1
2276 1
2277 1
2278 1
2279 1
2280 1
2281 1
2282 1
2283 1
2284 1
2285 1
2286 1
2287 1
2288 1
2289 1
2290 1
2291 1
2292 1
2293 1
2294 1
2295 1
2296 1
2297 1
2298 1
2299 1
2300 1
2301 1
2302 1
2303 1
2304 1
2305 1
2306 1
2307 1
2308 1
2309 1
2310 1
2311 1
2312 1
2313 1
2314 1
2315 1
2316 1
2317 1
2318 1
2319 1
2320 1
2321 1
2322 1
2323 1
2324 1
2325 1
2326 1
2327 1
2328 1
2329 1
2330 1
2331 1
2332 1
2333 1
2334 1
2335 1
2336 1
2337 1
2338 1
2339 1
2340 1
2341 1
2342 1
2343 1
2344 1
2345 1
2346 1
2347 1
2348 1
2349 1
2350 1
2351 1
2352 1
2353 1
2354 1
2355 1
2356 1
2357 1
2358 1
2359 1
2360 1
2361 1
2362 1
2363 1
2364 1
2365 1
2366 1
2367 1
2368 1
2369 1
2370 1
2371 1
2372 1
2373 1
2374 1
2375 1
2376 1
2377 1
2378 1
2379 1
2380 1
2381 1
2382 1
2383 1
2384 1
2385 1
2386 1
2387 1
2388 1
2389 1
2390 1
2391 1
2392 1
2393 1
2394 1
2395 1
2396 1
2397 1
2398 1
2399 1
2400 1
2401 1
2402 1
2403 1
2404 1
2405 1
2406 1
2407 1
2408 1
2409 1
2410 1
2411 1
2412 1
2413 1
2414 1
2415 1
2416 1
2417 1
2418 1
2419 1
2420 1
2421 1
2422 1
2423 1
2424 1
2425 1
2426 1
2427 1
2428 1
2429 1
2430 1
2431 1
2432 1
2433 1
2434 1
2435 1
2436 1
2437 1
2438 1
2439 1
2440 1
2441 1
2442 1
2443 1
2444 1
2445 1
2446 1
2447 1
2448 1
2449 1
2450 1
2451 1
2452 1
2453 1
2454 1
2455 1
2456 1
2457 1
2458 1
2459 1
2460 1
2461 1
2462 1
2463 1
2464 1
2465 1
2466 1
2467 1
2468 1
2469 1
2470 1
2471 1
2472 1
2473 1
2474 1
2475 1
2476 1
2477 1
2478 1
2479 1
2480 1
2481 1
2482 1
2483 1
2484 1
2485 1
2486 1
2487 1
2488 1
2489 1
2490 1
2491 1
2492 1
2493 1
2494 1
2495 1
2496 1
2497 1
2498 1
2499 1
2500 1
2501 1
2502 1
2503 1
2504 1
2505 1
2506 1
2507 1
2508 1
2509 1
2510 1
2511 1
2512 1
2513 1
2514 1
2515 1
2516 1
*Step  = 1
*Time  = 0.2
*Data  = Fzz
1 1.01043859312
2 1.00949404851
3 1.01119861051
4 1.00979682634
5 1.01056055049
6 1.01167776778
7 1.01159912199
8 1.01128810836
9 1.01071856004
10 1.00816609668
11 1.01042723076
12 1.00856187063
13 1.00770773426
14 1.01051113449
15 1.01170056909
16 1.01002942493
17 1.01298126706
18 1.01044849607
19 1.01059272099
20 1.01161854991
21 1.00848876876
22 1.00890047305
23 1.00843033583
24 1.00997780221
25 1.011536926
26 1.01178199375
27 1.00972827123
28 1.01142772532
29 1.0088359229
30 1.00871164601
31 1.01128116745
32 1.0115592266
33 1.01221927183
34 1.01168576012
35 1.01150304024
36 1.01075278334
37 1.01197730025
38 1.01268878225
39 1.01061515402
40 1.00628524777
41 1.00905083214
42 1.0118148112
43 1.00818339023
44 1.01185392734
45 1.01219913127
46 1.00784306782
47 1.01338466001
48 1.01136242558
49 1.01216044843
50 1.00798888466
51 1.00737130074
52 1.01075523326
53 1.00894658247
54 1.00729381652
55 1.00820221687
56 1.01260266332
57 1.00812097234
58 1.00922158265
59 1.00844784514
60 1.0122554671
61 1.010570188
62 1.0086699018
63 1.01039986284
64 1.00871076668
65 1.00899996084
66 1.0102531637
67 1.00701812475
68 1.00708797682
69 1.01123738727
70 1.01262840749
71 1.01195089142
72 1.00884518958
73 1.00969875956
74 1.00795810526
75 1.01279413872
76 1.01225246543
77 1.00999956306
78 1.00646135038
79 1.01030063332
80 1.00995293219
81 1.00983328135
82 1.01270287485
83 1.01233381363
84 1.01032994526
85 1.00944766627
86 1.00530780577
87 1.00928356098
88 1.01000166088
89 1.01083669376
90 1.00795659854
91 1.00987169931
92 1.008721957
93 1.00894614956
94 1.00739873342
95 1.00902739425
96 1.00562326678
97 1.01013205374
98 1.01181379345
99 1.00519252057
100 1.00816524604
101 1.00908211129
102 1.01019700536
103 1.0115204957
104 1.01344015654
105 1.01144334395
106 1.01142268669
107 1.00869904102
108 1.0081311951
109 1.00722288348
110 1.010718543
111 1.00894670562
112 1.00996922654
113 1.01475953452
114 1.01042983395
115 1.00942075505
116 1.00875547736
117 1.00984701443
118 1.01034016491
119 1.00540387436
120 1.01200087844
121 1.00877541956
122 1.00629875357
123 1.00628874402
124 1.01261559512
125 1.01130959643
126 1.01140125019
127 1.01464321367
128 1.01025192214
129 1.01022273152
130 1.00955203882
131 1.00939889638
132 1.01267986951
133 1.00886162245
134 1.01116836457
135 1.01122116924
136 1.01013907567
137 1.01155693329
138 1.01526990483
139 1.00698677247
140 1.00840690147
141 1.00860786829
142 1.00935277509
143 1.00927254425
144 1.00604573389
145 1.00866289534
146 1.00888699386
147 1.01067019624
148 1.00598062353
149 1.0081728921
150 1.01186330153
151 1.01215387739
152 1.00621239621
153 1.00881803095
154 1.01100103852
155 1.00674420762
156 1.00687395244
157 1.01060094816
158 1.01243744286
159 1.00985187555
160 1.00438178983
161 1.01504801587
162 1.01174825037
163 1.00954035834
164 1.00717609558
165 1.00752454327
166 1.00479063699
167 1.01042486748
168 1.00712714243
169 1.01079610009
170 1.00950179024
171 1.00729935616
172 1.01027743436
173 1.00696676046
174 1.01198881203
175 1.01149797547
176 1.00463212323
177 1.01134911075
178 1.01268974229
179 1.00542376657
180 1.00532364372
181 1.01204885013
182 1.01111556049
183 1.00821781805
184 1.01210727895
185 1.00898887808
186 1.0132312887
187 1.00789312561
188 1.01015103352
189 1.00444499732
190 1.00767866991
191 1.00701878096
192 1.01118871308
193 1.00839975232
194 1.01137494476
195 1.01200087844
196 1.00751146386
197 1.00831206943
198 1.01200087844
199 1.00700386999
200 1.00809513414
201 1.00480400032
202 1.01452015957
203 1.010679145
204 1.01168067486
205 1.0122602853
206 1.01207624224
207 1.01197901821
208 1.00567347548
209 1.01174825037
210 1.00816005125
211 1.00483463104
212 1.01248892621
213 1.00461533483
214 1.0057790567
215 1.014845958
216 1.01031140334
217 1.01062146361
218 1.00556317255
219 1.0126006031
220 1.00878963835
221 1.00962700832
222 1.01108199475
223 1.00691872014
224 1.00629894751
225 1.006953896
226 1.00820510378
227 1.0103032849
228 1.00823959523
229 1.00907282008
230 1.01144747703
231 1.00626351341
232 1.0060248905
233 1.00523283535
234 1.00803794942
235 1.01036156493
236 1.00973590159
237 1.00740728527
238 1.00681530645
239 1.00963977344
240 1.00966162408
241 1.00599075037
242 1.01001092885
243 1.0112767221
244 1.00572758557
245 1.01230150059
246 1.00526473914
247 1.01165547182
248 1.01117382427
249 1.01087833455
250 1.00924149408
251 1.0069438584
252 1.0112767221
253 1.01051269009
254 1.00915725552
255 1.00771941406
256 1.00983098036
257 1.00563061547
258 1.00696333689
259 1.01095566188
260 1.01037410497
261 1.00765040266
262 1.00727426533
263 1.00855132756
264 1.01081422523
265 1.00904349971
266 1.00651524584
267 1.01095566188
268 1.0076526089
269 1.0081998418
270 1.00481937306
271 1.00867379455
272 1.00482411504
273 1.00903455202
274 1.0072271089
275 1.00930195088
276 1.00754679079
277 1.01230150059
278 1.0089857036
279 1.00493065686
280 1.00854156136
281 1.01457004898
282 1.00852448553
283 1.01504432071
284 1.01447248201
285 1.01442765344
286 1.01502907484
287 1.01562944573
288 1.01475953452
289 1.01503624545
290 1.01482654305
291 1.01476995586
292 1.00921974288
293 1.01095566188
294 1.01175889396
295 1.01359844829
296 1.01339728008
297 1.01562944573
298 1.0145103595
299 1.01527797799
300 1.01538218509
301 1.01449169073
302 1.01562144347
303 1.01452372545
304 1.01562144347
305 1.01033711108
306 1.00730953776
307 1.01564167183
308 1.01561620199
309 1.01399514664
310 1.01391439965
311 1.01306399614
312 1.01312086961
313 1.01334466585
314 1.01118361152
315 1.01146945385
316 1.01280196542
317 1.01066982584
318 1.01245507997
319 1.00641020933
320 1.01324664505
321 1.01331919458
322 1.00752759213
323 1.01099734107
324 1.00896012231
325 1.01378720089
326 1.01349067013
327 1.01086448031
328 1.01111247726
329 1.00901002651
330 1.01292717141
331 1.01136791007
332 1.01229049136
333 1.01029145852
334 1.01294162007
335 1.00798425717
336 1.01382613223
337 1.00930723478
338 1.00903490178
339 1.00875704567
340 1.01035039916
341 1.00587088339
342 1.01229340862
343 1.00863910334
344 1.00744500763
345 1.00872226085
346 1.00547421298
347 1.01220984329
348 1.00820684609
349 1.01284205457
350 1.00720061743
351 1.00694498986
352 1.00928316554
353 1.00930780213
354 1.00797488057
355 1.00871193417
356 1.00941313825
357 1.00782014901
358 1.00752942284
359 1.00702880656
360 1.00792704424
361 1.01127629845
362 1.00703610462
363 1.00631411568
364 1.00594667016
365 1.00901109726
366 1.00622308035
367 1.00631065384
368 1.01072631424
369 1.01119240753
370 1.01073169723
371 1.00607727314
372 1.01055471453
373 1.00626122155
374 1.00625473568
375 1.00512643878
376 1.00512088224
377 1.01141885899
378 1.00734165396
379 1.01112728535
380 1.00631338741
381 1.01306640267
382 1.01031795424
383 1.00537067119
384 1.00553912595
385 1.00527702599
386 1.00675690909
387 1.00533702969
388 1.00527212636
389 1.00617210163
390 1.00504443624
391 1.00529082837
392 1.01100211383
393 1.00812182729
394 1.00532035824
395 1.00479070334
396 1.0079058223
397 1.00521914539
398 1.00479111746
399 1.00540496191
400 1.0086378615
401 1.00714586706
402 1.01161440437
403 1.00537270449
404 1.00672234527
405 1.00645483826
406 1.00480434087
407 1.0047457312
408 1.01295354894
409 1.00474517503
410 1.00455723704
411 1.00470630913
412 1.00470518539
413 1.00873994617
414 1.00691111041
415 1.00821394562
416 1.00486016372
417 1.00486064568
418 1.0131041677
419 1.00952304776
420 1.00416827677
421 1.00888928879
422 1.00718539398
423 1.00472826262
424 1.00865035309
425 1.01159945004
426 1.00878138568
427 1.01119604629
428 1.00472938592
429 1.00509311618
430 1.00476396678
431 1.00477525517
432 1.00465750788
433 1.00508566176
434 1.0054299591
435 1.00909623287
436 1.00889059456
437 1.00464661879
438 1.00466781387
439 1.00476816152
440 1.00481716361
441 1.00884734281
442 1.00456675453
443 1.00437031233
444 1.00504777015
445 1.00520206688
446 1.00888241072
447 1.0048133627
448 1.01087876767
449 1.00621742889
450 1.00504956393
451 1.00901806682
452 1.00960527312
453 1.00512493231
454 1.00503451681
455 1.00552703097
456 1.00492172071
457 1.00579585161
458 1.00609031342
459 1.00588358783
460 1.00444499732
461 1.00923479852
462 1.01075578422
463 1.00955204555
464 1.01197173235
465 1.01067023627
466 1.01276913338
467 1.01176390593
468 1.00639614952
469 1.01102893727
470 1.00969140169
471 1.00909107562
472 1.0053866113
473 1.00654995697
474 1.00549124638
475 1.00679732565
476 1.00638759487
477 1.00736573033
478 1.00739104112
479 1.00751878137
480 1.00797857664
481 1.00802068794
482 1.0072290277
483 1.00885388915
484 1.00701861469
485 1.00918095788
486 1.00688763144
487 1.00766872903
488 1.00785981687
489 1.00760741471
490 1.00907221589
491 1.0086348097
492 1.00843505589
493 1.00980222218
494 1.00929732923
495 1.00696067828
496 1.008857159
497 1.00897045874
498 1.00893794081
499 1.00903465617
500 1.00945851796
501 1.00772696455
502 1.00868959118
503 1.00954135333
504 1.00935024873
505 1.01027241456
506 1.01023698912
507 1.01076544855
508 1.01043157676
509 1.00700557988
510 1.00754713026
511 1.00979508774
512 1.01073857354
513 1.00931118214
514 1.01094166099
515 1.01056138631
516 1.01112254403
517 1.01113488001
518 1.01327533464
519 1.01317550667
520 1.01278431362
521 1.01187900438
522 1.00922776303
523 1.01307321011
524 1.00909407236
525 1.01336355181
526 1.00913137197
527 1.01266904064
528 1.00739697194
529 1.01308044061
530 1.01187655514
531 1.00728787572
532 1.0113523589
533 1.00833244039
534 1.01113139725
535 1.0091553301
536 1.01421110494
537 1.0049646787
538 1.01163690447
539 1.01173081374
540 1.01475883935
541 1.01468718472
542 1.01473089315
543 1.00909385031
544 1.01477843205
545 1.01486219724
546 1.01581792524
547 1.01629023931
548 1.01574792431
549 1.01579096964
550 1.01629023931
551 1.01583826909
552 1.0152562728
553 1.0152562728
554 1.01522833787
555 1.01523444681
556 1.01546683294
557 1.01547451688
558 1.01579265632
559 1.01580396655
560 1.01500316672
561 1.01500316672
562 1.01583131794
563 1.0152562728
564 1.0152411345
565 1.01522053596
566 1.01497331692
567 1.01509572022
568 1.01601108393
569 1.01596300785
570 1.01412636109
571 1.01405090377
572 1.01571216393
573 1.01447353277
574 1.01281476655
575 1.01571216393
576 1.014533317
577 1.01584894405
578 1.01582365451
579 1.0146836678
580 1.01523447633
581 1.01267306708
582 1.01260490725
583 1.01294054792
584 1.0094288988
585 1.013109909
586 1.01317372899
587 1.01119302165
588 1.01122133692
589 1.00919974344
590 1.01164079641
591 1.01104579266
592 1.01258168828
593 1.01102241035
594 1.01000360547
595 1.01141285442
596 1.01071011489
597 1.010273858
598 1.01062781706
599 1.01043816729
600 1.00820115611
601 1.01040136568
602 1.0110767748
603 1.00730572283
604 1.01092110168
605 1.0117324071
606 1.00862311301
607 1.00764763104
608 1.0105607351
609 1.01114834177
610 1.00923415435
611 1.00767762981
612 1.00957792678
613 1.01113236224
614 1.01096862849
615 1.0084851013
616 1.00875572324
617 1.01208944876
618 1.01104217191
619 1.01161921477
620 1.01201987268
621 1.00859106643
622 1.01123091435
623 1.01109891551
624 1.00739210869
625 1.00568151631
626 1.00683253208
627 1.00523827654
628 1.00519895868
629 1.00916233209
630 1.01161931171
631 1.01222591086
632 1.01406553531
633 1.01512527892
634 1.00903854184
635 1.00684829443
636 1.0064495242
637 1.00818311058
638 1.00832737735
639 1.01253559643
640 1.00921651094
641 1.00822830432
642 1.00478489644
643 1.01055092341
644 1.01219913336
645 1.01290818631
646 1.01245187867
647 1.01182832143
648 1.00680850408
649 1.01435117338
650 1.01434821125
651 1.00875939283
652 1.01288921287
653 1.00929337749
654 1.00670425062
655 1.00566993449
656 1.00590735969
657 1.01190038815
658 1.00621653239
659 1.00610182492
660 1.01041588176
661 1.00575594512
662 1.00579162383
663 1.01286632402
664 1.007229852
665 1.0090910408
666 1.00687873253
667 1.00651161628
668 1.00659455067
669 1.01287527627
670 1.0074132589
671 1.00713412681
672 1.0094270432
673 1.00660451269
674 1.00904133891
675 1.00863239657
676 1.00670030442
677 1.00897813175
678 1.01156013212
679 1.01083298935
680 1.01059348114
681 1.00629730226
682 1.00683711512
683 1.00795613058
684 1.01172717733
685 1.01111357082
686 1.01099788993
687 1.01263414145
688 1.01250335514
689 1.01380710281
690 1.01364709792
691 1.01371774732
692 1.01361556801
693 1.01305933016
694 1.00450623347
695 1.01067122144
696 1.0144403704
697 1.01456425787
698 1.01475363009
699 1.0148194757
700 1.01446799724
701 1.0148194757
702 1.01520826172
703 1.01475175831
704 1.01484533311
705 1.01485823139
706 1.01230150059
707 1.01506480114
708 1.0146836678
709 1.01595317369
710 1.00664460905
711 1.00545438525
712 1.01339098574
713 1.01334203472
714 1.01132747014
715 1.00800611888
716 1.01192161573
717 1.00870894739
718 1.00862930539
719 1.01080781032
720 1.00873962505
721 1.0064187813
722 1.00633894656
723 1.01004978617
724 1.01362153308
725 1.00776809551
726 1.00771695888
727 1.00872114029
728 1.00916996348
729 1.01188621009
730 1.00566815439
731 1.01213905606
732 1.01106825187
733 1.00610618247
734 1.01171407865
735 1.01168089414
736 1.00750439467
737 1.00698667725
738 1.00718352014
739 1.00835453299
740 1.00901772148
741 1.01099373359
742 1.01333907744
743 1.01382770809
744 1.01425447218
745 1.01055780009
746 1.01335336993
747 1.01337692506
748 1.01550358715
749 1.01506480114
750 1.01596859077
751 1.01614470403
752 1.0146836678
753 1.01269712397
754 1.012676867
755 1.01458927269
756 1.01173417246
757 1.01077639456
758 1.01093000854
759 1.00848690597
760 1.00736934287
761 1.00701284745
762 1.01288595791
763 1.00639798692
764 1.0057142564
765 1.00494736075
766 1.0052364552
767 1.00586487262
768 1.00846755204
769 1.00988764283
770 1.01179168115
771 1.00914647476
772 1.00765590855
773 1.00573514058
774 1.00813038867
775 1.01170560804
776 1.00656623745
777 1.0075089289
778 1.00770432158
779 1.00853072693
780 1.00658804044
781 1.01123615519
782 1.01279349127
783 1.01287747871
784 1.0128787046
785 1.01551117653
786 1.01549834645
787 1.01505870438
788 1.01437918969
789 1.01427287513
790 1.01458186821
791 1.01620185335
792 1.01616363342
793 1.01614470403
794 1.01279512043
795 1.0103709513
796 1.0107085111
797 1.00863961077
798 1.00727460313
799 1.0086568483
800 1.0075367797
801 1.00778133491
802 1.01569101562
803 1.00668039428
804 1.00640950931
805 1.00585532299
806 1.00591866132
807 1.01313078232
808 1.01138429151
809 1.00521321411
810 1.00523460535
811 1.00506095745
812 1.00505628896
813 1.00500335058
814 1.00485958914
815 1.00521139447
816 1.00447342542
817 1.0056787131
818 1.00653179763
819 1.00611720229
820 1.00600516987
821 1.0067038717
822 1.00747300852
823 1.00752490012
824 1.00723028406
825 1.00893714114
826 1.00661008943
827 1.01187120981
828 1.0081510572
829 1.01337809345
830 1.01178828019
831 1.00873499767
832 1.01415633159
833 1.01505870438
834 1.01388006074
835 1.01369928547
836 1.01531964672
837 1.01530748225
838 1.01622862195
839 1.00765181194
840 1.01250524627
841 1.01142268669
842 1.00732737175
843 1.01247331556
844 1.0102709632
845 1.01003098277
846 1.00525004313
847 1.00917035854
848 1.01026705066
849 1.00648650651
850 1.00683543524
851 1.01142034772
852 1.00631217848
853 1.0081384404
854 1.0089775316
855 1.00553491044
856 1.00763674958
857 1.00828930272
858 1.00439296188
859 1.00433176168
860 1.01254296033
861 1.01035612398
862 1.01012423505
863 1.01384256685
864 1.01268200006
865 1.00659811085
866 1.0062392596
867 1.00637916168
868 1.00728162678
869 1.00918556874
870 1.00588789267
871 1.01099177881
872 1.01095939174
873 1.0141006286
874 1.01304225764
875 1.01606716672
876 1.01262868591
877 1.01228043358
878 1.01152693616
879 1.00940293476
880 1.00844808546
881 1.00746049409
882 1.00674699968
883 1.01144053688
884 1.00545386607
885 1.00442189762
886 1.01055731227
887 1.00468501024
888 1.0047566857
889 1.0097834937
890 1.01059306923
891 1.00743158229
892 1.00787396777
893 1.00475544485
894 1.01125394347
895 1.01327044877
896 1.01442094665
897 1.01489494741
898 1.01521331016
899 1.01526990483
900 1.00955473612
901 1.01230150059
902 1.00930445982
903 1.01624555389
904 1.01243987081
905 1.01619948018
906 1.01243987081
907 1.01552374683
908 1.01260803349
909 1.01553558541
910 1.01215382669
911 1.01281062998
912 1.0047799779
913 1.01015390831
914 1.00629155243
915 1.01086903866
916 1.01104327204
917 1.01012649115
918 1.0090324805
919 1.00827041372
920 1.01015967589
921 1.00708825251
922 1.01374381692
923 1.00718465614
924 1.00690088503
925 1.0063598827
926 1.00654454042
927 1.00637222815
928 1.00504322395
929 1.00479601661
930 1.00502804802
931 1.00565070423
932 1.00540239975
933 1.00478619522
934 1.00400451685
935 1.00400888063
936 1.00464550947
937 1.00508818394
938 1.00513123605
939 1.00465730817
940 1.00500802514
941 1.00497305817
942 1.0046639796
943 1.00490752016
944 1.00465616347
945 1.00538065701
946 1.00897395947
947 1.00489535541
948 1.00656978245
949 1.00665606895
950 1.00687228948
951 1.00701390251
952 1.00656533184
953 1.00701414408
954 1.00743701526
955 1.00665743351
956 1.00851220693
957 1.01153713044
958 1.01194317521
959 1.00864681178
960 1.01101030888
961 1.01136874712
962 1.01103733904
963 1.01111948469
964 1.00769926781
965 1.01509862509
966 1.01509862509
967 1.01389682829
968 1.0112767221
969 1.00998891371
970 1.01179615786
971 1.0103854956
972 1.01119635551
973 1.01311671908
974 1.01312292576
975 1.01175889396
976 1.00630075748
977 1.01070653514
978 1.00747476609
979 1.01311186557
980 1.01101865843
981 1.00744178016
982 1.01347031243
983 1.00734209384
984 1.00745595699
985 1.00949162116
986 1.01045944855
987 1.01122996553
988 1.00880719675
989 1.00809224425
990 1.00553104566
991 1.0116702928
992 1.00632922142
993 1.0110742048
994 1.01001416635
995 1.00475921862
996 1.01035039695
997 1.0110164618
998 1.00932617892
999 1.0069896248
1000 1.00478375709
1001 1.01047993209
1002 1.01105188868
1003 1.01039636965
1004 1.00912770823
1005 1.01081312686
1006 1.00866374138
1007 1.0087782981
1008 1.00605612815
1009 1.00951371499
1010 1.00851778351
1011 1.00902829945
1012 1.01182098777
1013 1.01060922552
1014 1.00903165849
1015 1.01038340647
1016 1.01006933954
1017 1.01000268333
1018 1.00861864027
1019 1.01072287887
1020 1.00603489427
1021 1.00845588886
1022 1.0053272084
1023 1.00972545522
1024 1.01388211506
1025 1.00833731785
1026 1.00797272289
1027 1.00728462337
1028 1.0066850982
1029 1.00670304351
1030 1.01068587796
1031 1.0101771486
1032 1.00968093826
1033 1.01075185527
1034 1.00997754567
1035 1.00981147362
1036 1.00628164688
1037 1.01142664149
1038 1.00995897733
1039 1.00944865929
1040 1.01077427671
1041 1.01043392792
1042 1.01019498094
1043 1.0129195887
1044 1.00982395275
1045 1.00714151935
1046 1.00760485623
1047 1.01042983069
1048 1.00710365289
1049 1.00980799921
1050 1.0130923377
1051 1.00522148578
1052 1.01044131359
1053 1.01243987081
1054 1.009675585
1055 1.01184680439
1056 1.01136284254
1057 1.01143081213
1058 1.00461530457
1059 1.01035515986
1060 1.01052788086
1061 1.00795586421
1062 1.0119826825
1063 1.01047859094
1064 1.00824226492
1065 1.01081118278
1066 1.00790297342
1067 1.010934592
1068 1.01094136718
1069 1.01069840643
1070 1.01142703705
1071 1.0113549342
1072 1.0114570544
1073 1.01029208522
1074 1.01128308996
1075 1.00656723468
1076 1.00886731927
1077 1.00873899146
1078 1.00872248131
1079 1.00681519817
1080 1.00697103749
1081 1.01053688922
1082 1.00971697962
1083 1.0091670903
1084 1.00825770531
1085 1.01533822934
1086 1.00893601034
1087 1.00788743992
1088 1.01528740795
1089 1.00876747569
1090 1.00687484132
1091 1.00683423674
1092 1.00851508128
1093 1.00846704395
1094 1.01460399068
1095 1.01458175551
1096 1.00832152612
1097 1.01471687259
1098 1.01191234628
1099 1.01031400674
1100 1.00840550333
1101 1.01161610896
1102 1.00983665222
1103 1.00921700575
1104 1.01159637274
1105 1.01444466683
1106 1.01210777958
1107 1.01392190147
1108 1.01167274917
1109 1.01239100461
1110 1.01242145143
1111 1.01211228075
1112 1.00901384627
1113 1.0116247825
1114 1.00903454509
1115 1.01337197585
1116 1.01129485511
1117 1.01258563265
1118 1.01367784884
1119 1.01153351995
1120 1.0146920286
1121 1.0136091447
1122 1.01361449123
1123 1.01922200383
1124 1.01247857756
1125 1.01228542039
1126 1.01473311512
1127 1.01383387133
1128 1.00794327733
1129 1.00897731215
1130 1.01241291378
1131 1.01342895179
1132 1.0123912248
1133 1.01455843834
1134 1.01308841039
1135 1.01343539954
1136 1.00786387946
1137 1.00759766803
1138 1.0103060434
1139 1.01565156471
1140 1.00735135355
1141 1.00795610946
1142 1.00698987682
1143 1.00559032743
1144 1.00548845529
1145 1.00494683875
1146 1.01222087414
1147 1.00847025081
1148 1.01035708522
1149 1.01153656966
1150 1.0114051955
1151 1.01211919827
1152 1.01474745689
1153 1.01011880879
1154 1.01139306952
1155 1.00795957443
1156 1.0111641984
1157 1.01219363
1158 1.01295506899
1159 1.00815368374
1160 1.01207237454
1161 1.01140343249
1162 1.01213649845
1163 1.00846666112
1164 1.00853553737
1165 1.00715245795
1166 1.01434276527
1167 1.01078725552
1168 1.01325787268
1169 1.01177578752
1170 1.00750356912
1171 1.01292288127
1172 1.01139760419
1173 1.01206352787
1174 1.01312345066
1175 1.00804808006
1176 1.00586812034
1177 1.01087443056
1178 1.00988447832
1179 1.01252065407
1180 1.00787584241
1181 1.01007748496
1182 1.00813512999
1183 1.01129274603
1184 1.00674547514
1185 1.00795022401
1186 1.00930355013
1187 1.01139246499
1188 1.00981308261
1189 1.01146353584
1190 1.01276261615
1191 1.01345078079
1192 1.01252532337
1193 1.01519971847
1194 1.00920230166
1195 1.01217718566
1196 1.00664246943
1197 1.01089829951
1198 1.01254547481
1199 1.01512021897
1200 1.01355650132
1201 1.01146668647
1202 1.00973840426
1203 1.01102869347
1204 1.01067093386
1205 1.01074977802
1206 1.011985643
1207 1.01016153283
1208 1.01235508647
1209 1.00642925861
1210 1.00897409427
1211 1.0081471623
1212 1.01271389187
1213 1.01168502624
1214 1.01129689804
1215 1.01176581189
1216 1.00857497164
1217 1.00646603866
1218 1.00991211966
1219 1.01083283889
1220 1.01121738399
1221 1.0085151472
1222 1.0106295935
1223 1.01015366422
1224 1.01208645839
1225 1.01186490271
1226 1.00916967208
1227 1.00870372106
1228 1.00930833314
1229 1.00913174349
1230 1.00984425563
1231 1.01262868591
1232 1.01370074849
1233 1.0124723905
1234 1.01402038854
1235 1.01509784214
1236 1.0118845006
1237 1.01196454207
1238 1.01077978429
1239 1.0119374933
1240 1.00653448559
1241 1.01282683265
1242 1.01554493945
1243 1.00741539358
1244 1.00979472896
1245 1.0145104312
1246 1.01467558084
1247 1.01203333408
1248 1.01307944392
1249 1.01313375676
1250 1.0120080794
1251 1.01177617666
1252 1.01192497049
1253 1.01308860147
1254 1.0109149764
1255 1.0116891334
1256 1.01144665461
1257 1.01147357478
1258 1.01232203959
1259 1.01028345806
1260 1.00947814648
1261 1.00886295196
1262 1.00696469394
1263 1.00917681077
1264 1.01002642032
1265 1.01039140395
1266 1.01224724805
1267 1.00532614164
1268 1.0111150968
1269 1.00824064512
1270 1.00761289502
1271 1.00719573014
1272 1.01250377871
1273 1.00530570236
1274 1.00461577558
1275 1.00906627764
1276 1.00812616538
1277 1.00764364545
1278 1.01131264988
1279 1.00834440026
1280 1.00786003515
1281 1.00998335362
1282 1.00953943684
1283 1.00729305361
1284 1.01105357705
1285 1.00641861616
1286 1.0111780541
1287 1.01069248709
1288 1.01016093075
1289 1.00729606
1290 1.00934310617
1291 1.00651802446
1292 1.00785969966
1293 1.00865812935
1294 1.00548308026
1295 1.00525295247
1296 1.00911786294
1297 1.00687889165
1298 1.00810843024
1299 1.0103854532
1300 1.00545020074
1301 1.00640080778
1302 1.00919785362
1303 1.01173540992
1304 1.00970761938
1305 1.00455686712
1306 1.00951950164
1307 1.00540956985
1308 1.00508648659
1309 1.01158641796
1310 1.01273134133
1311 1.00627449491
1312 1.01014942709
1313 1.01005300968
1314 1.00928979707
1315 1.01047964743
1316 1.01168089414
1317 1.00955725439
1318 1.00947357269
1319 1.00521234563
1320 1.01420180435
1321 1.00576009591
1322 1.00510851191
1323 1.0060345596
1324 1.00509349658
1325 1.00620066987
1326 1.00507881129
1327 1.01137586065
1328 1.01168089414
1329 1.00573773413
1330 1.00658620114
1331 1.0079546637
1332 1.01131738466
1333 1.00497489105
1334 1.00857206502
1335 1.00522262702
1336 1.0065708226
1337 1.00661746614
1338 1.00668073338
1339 1.00630992915
1340 1.00925794334
1341 1.00592296413
1342 1.01059642188
1343 1.01102324379
1344 1.01261518546
1345 1.00857587124
1346 1.01147757976
1347 1.00715567844
1348 1.00853758101
1349 1.00548988527
1350 1.00679824805
1351 1.0142707022
1352 1.01173717508
1353 1.00751296292
1354 1.01072306549
1355 1.00734743764
1356 1.00829974731
1357 1.0079046439
1358 1.01203720749
1359 1.01037522737
1360 1.00811314573
1361 1.01116809812
1362 1.0053076336
1363 1.01189416482
1364 1.00763499968
1365 1.00915081682
1366 1.00823978632
1367 1.00972542995
1368 1.00935604629
1369 1.00860092683
1370 1.01237383663
1371 1.01081024671
1372 1.01031338176
1373 1.00699328443
1374 1.01012916882
1375 1.01037526215
1376 1.01172919476
1377 1.01040007984
1378 1.01158388857
1379 1.0106579089
1380 1.0113955376
1381 1.01288613584
1382 1.00985446353
1383 1.00829670297
1384 1.00831547379
1385 1.01304869345
1386 1.01319037498
1387 1.01325696118
1388 1.01473051753
1389 1.01041318638
1390 1.01203960216
1391 1.0084148033
1392 1.00929066758
1393 1.00972000543
1394 1.01066412492
1395 1.00864214943
1396 1.01071201519
1397 1.01034924843
1398 1.01112647253
1399 1.00764543951
1400 1.00759002702
1401 1.01277938709
1402 1.00518408016
1403 1.01220618187
1404 1.01372629595
1405 1.01234090222
1406 1.0137829605
1407 1.01266681127
1408 1.01323153852
1409 1.00794637125
1410 1.00892522917
1411 1.01207526323
1412 1.00816325313
1413 1.00759584966
1414 1.00750829283
1415 1.01191272329
1416 1.0113451802
1417 1.01073139208
1418 1.01033274321
1419 1.00530552459
1420 1.01093330972
1421 1.00974582993
1422 1.01116105957
1423 1.01253203967
1424 1.00873524699
1425 1.01282125185
1426 1.00789509007
1427 1.01358112947
1428 1.00876790784
1429 1.00861288472
1430 1.01244452417
1431 1.00821943553
1432 1.00958621755
1433 1.01291912408
1434 1.00820075303
1435 1.01108294422
1436 1.00670297895
1437 1.00839857494
1438 1.01021361036
1439 1.01186511439
1440 1.00737185555
1441 1.00798300472
1442 1.00770966018
1443 1.00575075736
1444 1.01066740719
1445 1.0130399362
1446 1.00747898715
1447 1.01221096263
1448 1.01201791023
1449 1.00938966822
1450 1.01024474565
1451 1.01193760196
1452 1.01053960404
1453 1.01509769208
1454 1.00458904679
1455 1.01153786391
1456 1.01516264754
1457 1.01079863559
1458 1.00838659604
1459 1.00834637549
1460 1.00484597287
1461 1.00790403565
1462 1.01125147377
1463 1.01075788198
1464 1.01258046261
1465 1.0128127242
1466 1.00479914686
1467 1.01248833017
1468 1.00721386994
1469 1.00933176918
1470 1.01003477538
1471 1.01043016953
1472 1.01083159086
1473 1.00963043571
1474 1.0103007113
1475 1.00760736157
1476 1.01004459537
1477 1.01112806516
1478 1.01116812846
1479 1.01088372245
1480 1.00995228359
1481 1.01112301126
1482 1.01258413236
1483 1.01393319074
1484 1.01198125201
1485 1.01298460408
1486 1.0109925371
1487 1.01244258137
1488 1.00897411119
1489 1.00951300038
1490 1.01296082168
1491 1.01543330516
1492 1.0122614609
1493 1.01393813663
1494 1.00687584169
1495 1.01404047977
1496 1.01031466775
1497 1.01267144625
1498 1.00750597685
1499 1.01104049325
1500 1.00953093191
1501 1.00856572715
1502 1.01003967589
1503 1.00737378638
1504 1.00934966282
1505 1.00794746957
1506 1.00757202921
1507 1.00906269341
1508 1.00902439744
1509 1.00986053926
1510 1.00763744032
1511 1.0081676494
1512 1.00780769332
1513 1.00871198433
1514 1.00819667235
1515 1.00971264693
1516 1.01147284095
1517 1.00868871101
1518 1.00901074311
1519 1.01102048711
1520 1.01111659367
1521 1.01483603675
1522 1.00948740124
1523 1.01181076876
1524 1.01238683502
1525 1.01212025831
1526 1.01007378352
1527 1.00807702297
1528 1.01015475679
1529 1.01183509306
1530 1.00680600768
1531 1.0066035939
1532 1.00582972101
1533 1.01227808607
1534 1.00950410307
1535 1.0041380085
1536 1.00480606446
1537 1.00485932609
1538 1.01113383353
1539 1.00985227129
1540 1.01138487607
1541 1.01460960729
1542 1.01254552983
1543 1.01138446946
1544 1.01073268393
1545 1.00794910762
1546 1.00435955108
1547 1.01063179746
1548 1.01184336844
1549 1.00516399204
1550 1.01144769544
1551 1.00484040866
1552 1.00998317756
1553 1.01127194619
1554 1.00494244409
1555 1.00707392906
1556 1.01056526742
1557 1.00482485612
1558 1.00516825193
1559 1.00665128898
1560 1.00453794348
1561 1.00681750727
1562 1.00692554032
1563 1.00671380554
1564 1.01291428227
1565 1.00973523266
1566 1.00834375688
1567 1.00664878512
1568 1.00769499551
1569 1.01042445621
1570 1.00731112839
1571 1.00435508082
1572 1.00675909059
1573 1.00995944209
1574 1.00911004406
1575 1.00710389776
1576 1.00414307035
1577 1.01062363001
1578 1.00958759418
1579 1.0110054833
1580 1.01620867661
1581 1.01185084723
1582 1.01104936137
1583 1.00565676257
1584 1.00728236103
1585 1.005407835
1586 1.00484393625
1587 1.00812983084
1588 1.00486810035
1589 1.01210981911
1590 1.01073601629
1591 1.00447182297
1592 1.01015513265
1593 1.01097005975
1594 1.01239885251
1595 1.0111882123
1596 1.00456861823
1597 1.01165765132
1598 1.01171349405
1599 1.0108453038
1600 1.01047472171
1601 1.00892730729
1602 1.01140067008
1603 1.00808453433
1604 1.01116531445
1605 1.01116075831
1606 1.00909107536
1607 1.00855055961
1608 1.00744033725
1609 1.01016414828
1610 1.00667005423
1611 1.01031937718
1612 1.00782874275
1613 1.01153459837
1614 1.01028966125
1615 1.01335761392
1616 1.01184971218
1617 1.01305500987
1618 1.00983659488
1619 1.00968011119
1620 1.00492000582
1621 1.01101717748
1622 1.0102881703
1623 1.00841887587
1624 1.01017274356
1625 1.00794969852
1626 1.00740691456
1627 1.00564004408
1628 1.00669710314
1629 1.00785839089
1630 1.00652927086
1631 1.00500648291
1632 1.00486161536
1633 1.00501101665
1634 1.00672270635
1635 1.00699238653
1636 1.00482366144
1637 1.00504836153
1638 1.00542485481
1639 1.0051183081
1640 1.00746358132
1641 1.00854983557
1642 1.00880548474
1643 1.0051189422
1644 1.00910419405
1645 1.01154851981
1646 1.00928455373
1647 1.0070203568
1648 1.00887206259
1649 1.00955091391
1650 1.00766407187
1651 1.0090805643
1652 1.00694806486
1653 1.01111182424
1654 1.00870577197
1655 1.0064524961
1656 1.01214991999
1657 1.0110444847
1658 1.01185933993
1659 1.00761708872
1660 1.01028113032
1661 1.01173623277
1662 1.01172475025
1663 1.01162471457
1664 1.01298691732
1665 1.00809883332
1666 1.01064944906
1667 1.00837074721
1668 1.00759341469
1669 1.01172761726
1670 1.00967256312
1671 1.01471749168
1672 1.00750943941
1673 1.00758497224
1674 1.0059092271
1675 1.00918230445
1676 1.00537923539
1677 1.01216905864
1678 1.00485651239
1679 1.00698889725
1680 1.01003350495
1681 1.00870748653
1682 1.00827539696
1683 1.01177095818
1684 1.01255788295
1685 1.01006494373
1686 1.00999770351
1687 1.01038791418
1688 1.01134778555
1689 1.00835036173
1690 1.00921342294
1691 1.01154550682
1692 1.00672840463
1693 1.00928406006
1694 1.00984719044
1695 1.00928190908
1696 1.00636891728
1697 1.00953307223
1698 1.00806282164
1699 1.01081366394
1700 1.00839919786
1701 1.00895495338
1702 1.01107154583
1703 1.01010483236
1704 1.01235465121
1705 1.00635872657
1706 1.00935399214
1707 1.01184026847
1708 1.00745315357
1709 1.00920068044
1710 1.0108699378
1711 1.00898160535
1712 1.01092494483
1713 1.01075659364
1714 1.00733400766
1715 1.01142083752
1716 1.01072723255
1717 1.00677517523
1718 1.01042301741
1719 1.01105461098
1720 1.00680594821
1721 1.00832504643
1722 1.00995934526
1723 1.01127515048
1724 1.00836984368
1725 1.00760164933
1726 1.01267910874
1727 1.01164528171
1728 1.00674624631
1729 1.01233487388
1730 1.00678874614
1731 1.00786326508
1732 1.01046515036
1733 1.01286426293
1734 1.01298317714
1735 1.01077202867
1736 1.01062641243
1737 1.00952926297
1738 1.00928912549
1739 1.0116128217
1740 1.01070276709
1741 1.01129840667
1742 1.01141456337
1743 1.00844791692
1744 1.01282750089
1745 1.01009338876
1746 1.01080252903
1747 1.009793651
1748 1.00821489823
1749 1.01181508161
1750 1.00923984263
1751 1.00395135937
1752 1.01045504114
1753 1.0093193257
1754 1.00598409576
1755 1.00584112667
1756 1.0076607744
1757 1.01345865397
1758 1.01237744811
1759 1.01231275114
1760 1.01255449186
1761 1.01305033573
1762 1.00974914538
1763 1.00882851996
1764 1.00666887516
1765 1.00928387028
1766 1.00903867105
1767 1.00790369884
1768 1.01276865873
1769 1.01205321836
1770 1.01241012655
1771 1.01126698609
1772 1.01536159813
1773 1.01085354014
1774 1.0097336753
1775 1.01141332806
1776 1.01056955481
1777 1.01097131415
1778 1.01512474399
1779 1.0106553631
1780 1.01472121595
1781 1.00747160104
1782 1.01435653405
1783 1.00736554537
1784 1.01009769678
1785 1.01149242507
1786 1.01505628391
1787 1.00735957012
1788 1.00857312296
1789 1.01086169291
1790 1.01208475553
1791 1.01130371832
1792 1.00855809013
1793 1.01058944698
1794 1.01466463722
1795 1.01180647087
1796 1.01569472354
1797 1.00961382963
1798 1.00981402031
1799 1.00593399664
1800 1.00826424826
1801 1.00752062889
1802 1.00930236852
1803 1.01106432787
1804 1.00946973161
1805 1.00611725158
1806 1.00975265441
1807 1.00905427235
1808 1.00931584401
1809 1.00790202084
1810 1.01079095076
1811 1.00733486333
1812 1.00978530166
1813 1.00716463223
1814 1.01489494741
1815 1.01115078755
1816 1.0107641445
1817 1.01383657044
1818 1.01247732483
1819 1.01130621818
1820 1.00721873234
1821 1.01151746241
1822 1.00749819391
1823 1.00877285351
1824 1.00739819082
1825 1.00493223544
1826 1.01164867534
1827 1.01025674109
1828 1.00849221383
1829 1.00890343132
1830 1.00932338481
1831 1.00830924259
1832 1.00840907004
1833 1.01164477664
1834 1.01047284756
1835 1.00869369079
1836 1.00821045368
1837 1.01430975851
1838 1.00650508335
1839 1.00947827999
1840 1.01232508288
1841 1.01266047708
1842 1.00748927701
1843 1.00790814161
1844 1.00762082039
1845 1.00786886109
1846 1.00713929826
1847 1.00565091773
1848 1.00509918846
1849 1.01159779387
1850 1.01236733811
1851 1.00973910313
1852 1.01274737269
1853 1.01152201242
1854 1.00673891433
1855 1.00817081512
1856 1.00830439551
1857 1.00611643112
1858 1.00641863577
1859 1.01024723727
1860 1.01026646427
1861 1.00911624776
1862 1.01118507835
1863 1.01060473123
1864 1.00878386816
1865 1.0090464693
1866 1.00930813454
1867 1.00940341852
1868 1.01054245713
1869 1.00745763576
1870 1.01341880229
1871 1.00647775066
1872 1.01255326995
1873 1.01193717952
1874 1.00979167477
1875 1.00505890237
1876 1.00695047346
1877 1.00636521665
1878 1.01057064966
1879 1.00848880875
1880 1.01147671164
1881 1.00637728401
1882 1.01610654999
1883 1.01200087844
1884 1.00965607058
1885 1.00881040229
1886 1.00768569376
1887 1.01153975857
1888 1.00894059601
1889 1.00528702581
1890 1.00768447111
1891 1.01378820113
1892 1.00496491935
1893 1.00961894072
1894 1.01199730433
1895 1.01002515251
1896 1.0160282479
1897 1.01171646891
1898 1.00932566856
1899 1.00993558616
1900 1.00665173082
1901 1.01131358042
1902 1.01255075744
1903 1.01179673829
1904 1.01261288045
1905 1.01139836192
1906 1.00950920771
1907 1.01005178145
1908 1.01162707949
1909 1.01112277311
1910 1.01007376277
1911 1.01148891966
1912 1.01007754802
1913 1.0103172358
1914 1.00773173809
1915 1.01082179389
1916 1.01096852245
1917 1.00865426504
1918 1.00982612579
1919 1.01205982229
1920 1.01066709213
1921 1.00874568333
1922 1.0079031074
1923 1.0082385577
1924 1.01164781462
1925 1.01181445484
1926 1.01158997171
1927 1.00827601058
1928 1.00892158232
1929 1.01127530657
1930 1.01018467917
1931 1.00661433545
1932 1.01148197006
1933 1.01051578461
1934 1.01079587829
1935 1.00847943256
1936 1.01056629981
1937 1.01235248786
1938 1.0108187703
1939 1.00761780413
1940 1.01232491608
1941 1.01149800742
1942 1.01362173076
1943 1.00531706875
1944 1.01204154804
1945 1.01230353324
1946 1.01169644253
1947 1.00800323967
1948 1.01045551761
1949 1.01118782259
1950 1.01100254634
1951 1.00809098132
1952 1.00749537227
1953 1.01082389621
1954 1.01204009699
1955 1.01145754387
1956 1.01148924552
1957 1.01254667058
1958 1.00782804046
1959 1.00494193818
1960 1.00722707433
1961 1.0099355801
1962 1.00976688025
1963 1.00957368503
1964 1.00677538847
1965 1.01135510734
1966 1.01126048178
1967 1.00706932587
1968 1.00913084368
1969 1.00753837915
1970 1.01359183998
1971 1.01019837868
1972 1.00961977359
1973 1.00752108381
1974 1.00796233737
1975 1.00524111905
1976 1.00643250798
1977 1.00964362999
1978 1.00868780462
1979 1.00811907651
1980 1.00846763997
1981 1.01113737876
1982 1.01093022408
1983 1.01050297314
1984 1.00806050853
1985 1.00695321949
1986 1.01044848589
1987 1.01136255309
1988 1.00745433296
1989 1.00654900976
1990 1.00895545094
1991 1.0070719238
1992 1.00864436484
1993 1.00662802218
1994 1.00898739124
1995 1.01307560347
1996 1.0068019078
1997 1.0093135006
1998 1.00579127917
1999 1.00892258464
2000 1.00612631286
2001 1.00526353641
2002 1.00688318093
2003 1.01121165014
2004 1.0059651795
2005 1.00584067243
2006 1.01265990933
2007 1.00938244206
2008 1.00724879205
2009 1.0096748499
2010 1.00825853511
2011 1.00754459617
2012 1.00614330245
2013 1.00981979404
2014 1.00749887298
2015 1.00683743747
2016 1.00687565373
2017 1.00879363177
2018 1.0063902564
2019 1.00713979262
2020 1.01112634115
2021 1.00843035822
2022 1.01179806449
2023 1.01267836629
2024 1.0114558573
2025 1.00689740809
2026 1.01003982302
2027 1.00485519388
2028 1.00892247517
2029 1.00880302214
2030 1.00862768125
2031 1.00958045765
2032 1.00708605499
2033 1.00774322554
2034 1.00983990883
2035 1.00804535709
2036 1.0077812253
2037 1.01218380161
2038 1.00862889374
2039 1.00894990511
2040 1.01103836461
2041 1.00835196564
2042 1.00793016903
2043 1.01208527154
2044 1.00708689861
2045 1.01087676095
2046 1.01201781321
2047 1.01136163646
2048 1.00868390107
2049 1.00992407151
2050 1.01229513501
2051 1.0080028786
2052 1.00882876791
2053 1.01219492414
2054 1.01293805747
2055 1.01105212141
2056 1.0115491561
2057 1.01049298305
2058 1.01267771094
2059 1.01225578553
2060 1.00749014735
2061 1.00773889168
2062 1.01108345043
2063 1.01072488025
2064 1.01029637975
2065 1.01204303446
2066 1.01064871656
2067 1.00984367351
2068 1.01042212364
2069 1.00918222518
2070 1.01190472932
2071 1.00828607797
2072 1.01349687981
2073 1.00950442334
2074 1.01005826571
2075 1.01176594245
2076 1.00879444702
2077 1.00847804894
2078 1.01557585847
2079 1.01053226287
2080 1.01230726371
2081 1.01008495553
2082 1.00760138549
2083 1.00764013755
2084 1.00475686889
2085 1.00929062716
2086 1.00875787659
2087 1.0071615096
2088 1.01003238658
2089 1.01199971024
2090 1.00766600017
2091 1.00757218299
2092 1.00928754692
2093 1.00793428721
2094 1.00841566557
2095 1.01165960789
2096 1.01003577216
2097 1.01215239346
2098 1.01063463869
2099 1.00895658925
2100 1.0107148194
2101 1.01055169527
2102 1.0050335763
2103 1.00694301532
2104 1.0074956679
2105 1.00716179763
2106 1.00475754776
2107 1.01094528827
2108 1.007243479
2109 1.00779807133
2110 1.00802400285
2111 1.0079210139
2112 1.01089241682
2113 1.00891925332
2114 1.01105570091
2115 1.00971048096
2116 1.01032539247
2117 1.00894968771
2118 1.01084734815
2119 1.00956119496
2120 1.01086909715
2121 1.00995215932
2122 1.01110237694
2123 1.01161690378
2124 1.0102258153
2125 1.01269750086
2126 1.0122008161
2127 1.01237382635
2128 1.00958694919
2129 1.01318210573
2130 1.01344407157
2131 1.01104654505
2132 1.00873107023
2133 1.00946304041
2134 1.01043096741
2135 1.00895148321
2136 1.00763799113
2137 1.01171711381
2138 1.00914025895
2139 1.00715264204
2140 1.00894058209
2141 1.01092054068
2142 1.009400562
2143 1.00978231838
2144 1.01167125658
2145 1.01054398576
2146 1.01175736037
2147 1.00733504071
2148 1.00809346338
2149 1.00752444203
2150 1.00742394701
2151 1.00923400039
2152 1.01261209224
2153 1.01062065706
2154 1.00666519308
2155 1.00696200821
2156 1.00728106432
2157 1.00490731336
2158 1.00713008056
2159 1.00707788564
2160 1.00817251384
2161 1.00666064067
2162 1.00999806199
2163 1.00793367715
2164 1.010267851
2165 1.00853565279
2166 1.00949036334
2167 1.00643526703
2168 1.00968945089
2169 1.00766663588
2170 1.00853344596
2171 1.00723749253
2172 1.0089093754
2173 1.00931926703
2174 1.00801512249
2175 1.00701038938
2176 1.00828136931
2177 1.01048337704
2178 1.01033276246
2179 1.00794425538
2180 1.01052068041
2181 1.01130531852
2182 1.0096814537
2183 1.0090912165
2184 1.00911466228
2185 1.00695914887
2186 1.00778660424
2187 1.01180539853
2188 1.01251247102
2189 1.0073620974
2190 1.01077579595
2191 1.01280383702
2192 1.01167378406
2193 1.00891546928
2194 1.00577516289
2195 1.00860846414
2196 1.00643525265
2197 1.00729634797
2198 1.00523340765
2199 1.0081343061
2200 1.00753640083
2201 1.00776416517
2202 1.00791154421
2203 1.00872853908
2204 1.00468404272
2205 1.00746990323
2206 1.00865146044
2207 1.01028082394
2208 1.01039773467
2209 1.00619776018
2210 1.01155032654
2211 1.00819987098
2212 1.00846423306
2213 1.00752584302
2214 1.00933439629
2215 1.01061544886
2216 1.00857661476
2217 1.00943594373
2218 1.00981079963
2219 1.00914640498
2220 1.00825450007
2221 1.00730285666
2222 1.00781224052
2223 1.00468474661
2224 1.00945379249
2225 1.01067044587
2226 1.00574548065
2227 1.01163075845
2228 1.01256999752
2229 1.00779875339
2230 1.00574653777
2231 1.00993847611
2232 1.01175942748
2233 1.00940053612
2234 1.01136150912
2235 1.01104056463
2236 1.0094359464
2237 1.00913757143
2238 1.00942532161
2239 1.01299921715
2240 1.00713685819
2241 1.01265076014
2242 1.01221949231
2243 1.01047239915
2244 1.01062925981
2245 1.01118589589
2246 1.01170173528
2247 1.01136150549
2248 1.01029876385
2249 1.00970392319
2250 1.00948166093
2251 1.00463389264
2252 1.01134582898
2253 1.00939290432
2254 1.01153976499
2255 1.00940055347
2256 1.00779967896
2257 1.01018929279
2258 1.00916451115
2259 1.00452621684
2260 1.0089423291
2261 1.00683471771
2262 1.00784099699
2263 1.00821184774
2264 1.00940059373
2265 1.00972698661
2266 1.00769453997
2267 1.01130723631
2268 1.0084604112
2269 1.00439082009
2270 1.01426892149
2271 1.01256655859
2272 1.01104117666
2273 1.0099810418
2274 1.01131844037
2275 1.01070583814
2276 1.01126102638
2277 1.01009271559
2278 1.01184169565
2279 1.00994993465
2280 1.01055944497
2281 1.00994963106
2282 1.01019443632
2283 1.00839338757
2284 1.00901865056
2285 1.01128369361
2286 1.01073267976
2287 1.00963801974
2288 1.01039534854
2289 1.00697888482
2290 1.00986695343
2291 1.00573350798
2292 1.00618124988
2293 1.01082729241
2294 1.00483265123
2295 1.00444499732
2296 1.00835412451
2297 1.01061904208
2298 1.01041468656
2299 1.00935337136
2300 1.00917313572
2301 1.01149187913
2302 1.00859207945
2303 1.01040227667
2304 1.01031434652
2305 1.00836700639
2306 1.01074711315
2307 1.00914204413
2308 1.01137235453
2309 1.0116772014
2310 1.01280453705
2311 1.0101752632
2312 1.01200678533
2313 1.00982906832
2314 1.01002955675
2315 1.01260606373
2316 1.0085381197
2317 1.01216334043
2318 1.01172532995
2319 1.01139126563
2320 1.00855291004
2321 1.00990785615
2322 1.00732113654
2323 1.00925207097
2324 1.00930069696
2325 1.0102971681
2326 1.0141696649
2327 1.01008747339
2328 1.01115691709
2329 1.01004073478
2330 1.00866638214
2331 1.00947862267
2332 1.01128546748
2333 1.00654897868
2334 1.00965039682
2335 1.00967970241
2336 1.00888714398
2337 1.01018013087
2338 1.00709982968
2339 1.01096520438
2340 1.01229870395
2341 1.01091234689
2342 1.0091975371
2343 1.01150066836
2344 1.0112052737
2345 1.01262967244
2346 1.01171594517
2347 1.01142218608
2348 1.01101963596
2349 1.01126668967
2350 1.01057683946
2351 1.01302956479
2352 1.01045027835
2353 1.00948848129
2354 1.01021447718
2355 1.01135648486
2356 1.00943295714
2357 1.01263751194
2358 1.00954849893
2359 1.00839601269
2360 1.00925596264
2361 1.00895424501
2362 1.00908062784
2363 1.00922177957
2364 1.00957190889
2365 1.00737363347
2366 1.00908166945
2367 1.00859656313
2368 1.00576776972
2369 1.00579289286
2370 1.0055416913
2371 1.00720895777
2372 1.0068394961
2373 1.00689952724
2374 1.00499499228
2375 1.00505556145
2376 1.00514209995
2377 1.00514018231
2378 1.00708869432
2379 1.00609255943
2380 1.00671125006
2381 1.00661682925
2382 1.00702315212
2383 1.00639235474
2384 1.00616896454
2385 1.00793828868
2386 1.00685971301
2387 1.00715859032
2388 1.00958302172
2389 1.00789866951
2390 1.01312959078
2391 1.00930747616
2392 1.00951955331
2393 1.00734797498
2394 1.00547790569
2395 1.00972664275
2396 1.008313376
2397 1.006916886
2398 1.01254406226
2399 1.00828582644
2400 1.01063875918
2401 1.0068931635
2402 1.0102972322
2403 1.00703095165
2404 1.01121922304
2405 1.00621460697
2406 1.00620670743
2407 1.01003766069
2408 1.00551042317
2409 1.01158360247
2410 1.00800679661
2411 1.00973508253
2412 1.01103791959
2413 1.00887351627
2414 1.00979110168
2415 1.00544357938
2416 1.01217211075
2417 1.0098297257
2418 1.01025889179
2419 1.00662684017
2420 1.00732350757
2421 1.00530659213
2422 1.00830772533
2423 1.01149231843
2424 1.00834235629
2425 1.0081297097
2426 1.01105488406
2427 1.01068323467
2428 1.00718203585
2429 1.01189505537
2430 1.00836186005
2431 1.00852717094
2432 1.0039581938
2433 1.0070024082
2434 1.00504363585
2435 1.00722083993
2436 1.00895760933
2437 1.00833943806
2438 1.00994585076
2439 1.01318367692
2440 1.0138247513
2441 1.01014654772
2442 1.00910315327
2443 1.01138016999
2444 1.00554072598
2445 1.01264418601
2446 1.00838926737
2447 1.00625067485
2448 1.00637462755
2449 1.01114539866
2450 1.00898653159
2451 1.00880953087
2452 1.00547966979
2453 1.00492061949
2454 1.00643060372
2455 1.00808949706
2456 1.00491660115
2457 1.00596514766
2458 1.00655917233
2459 1.00824335121
2460 1.00597276642
2461 1.00725228602
2462 1.00878674815
2463 1.00550706307
2464 1.00600203982
2465 1.0093812632
2466 1.00494064418
2467 1.00877501519
2468 1.00444499732
2469 1.01098763888
2470 1.00616433758
2471 1.01268813082
2472 1.00923196418
2473 1.01151270226
2474 1.00646515111
2475 1.00578936674
2476 1.00648107035
2477 1.00824051939
2478 1.00847164626
2479 1.01067010801
2480 1.00968129099
2481 1.01120484604
2482 1.01052113885
2483 1.01119608111
2484 1.0104211358
2485 1.00946884568
2486 1.0086088278
2487 1.00950385006
2488 1.01038837678
2489 1.00725522562
2490 1.01079554631
2491 1.01141318128
2492 1.0087791283
2493 1.01141439769
2494 1.01234101075
2495 1.01313102274
2496 1.01203234386
2497 1.01074758783
2498 1.01192230442
2499 1.01109370699
2500 1.01411325605
2501 1.01097964442
2502 1.01338508355
2503 1.01099832936
2504 1.01246153
2505 1.01128343622
2506 1.01176594245
2507 1.01230076897
2508 1.011539063
2509 1.01124813018
2510 1.01139800709
2511 1.01226897105
2512 1.01073133879
2513 1.01085786075
2514 1.01169486024
2515 1.01130205908
2516 1.01048953159
*Step  = 2
*Time  = 0.4
*Data  = Fzz
1 1.02084196278
2 1.01904279329
3 1.02195147415
4 1.01952693935
5 1.02110642609
6 1.02281946339
7 1.02238567007
8 1.02224474863
9 1.02081170532
10 1.01647869607
11 1.02057345991
12 1.0170255375
13 1.01541996289
14 1.02096796878
15 1.02284402812
16 1.02000163484
17 1.02563101502
18 1.02080161637
19 1.0209178268
20 1.02269977723
21 1.01714610671
22 1.01771535346
23 1.01721905176
24 1.02000262628
25 1.02239271279
26 1.0228905134
27 1.01930191018
28 1.02275284585
29 1.01817648091
30 1.01723408803
31 1.02221735063
32 1.02278578016
33 1.0238674859
34 1.02319336701
35 1.02239744577
36 1.02124257203
37 1.02340264331
38 1.02490298507
39 1.02083411621
40 1.01256662659
41 1.01830472585
42 1.02305179618
43 1.01682201598
44 1.02321805795
45 1.02396710129
46 1.015722335
47 1.02655384153
48 1.02217346534
49 1.02383399044
50 1.0164226304
51 1.01511173825
52 1.0214183458
53 1.01839001712
54 1.0149311719
55 1.01677926205
56 1.02468607148
57 1.01633837856
58 1.01893699432
59 1.01692103219
60 1.02440658301
61 1.02079365876
62 1.01785411778
63 1.02070473569
64 1.01789234981
65 1.01850386538
66 1.02061049889
67 1.01434981618
68 1.01449917954
69 1.02188090537
70 1.02460427183
71 1.02304764117
72 1.01808763107
73 1.01940653712
74 1.01639074587
75 1.02475332327
76 1.02379440682
77 1.02000947403
78 1.0131753884
79 1.02070604281
80 1.01961789439
81 1.01954148253
82 1.02458381348
83 1.02442841399
84 1.0202140729
85 1.01869212588
86 1.01068870577
87 1.01847797412
88 1.01987812995
89 1.02122067352
90 1.01630118938
91 1.01982537665
92 1.0177714766
93 1.01830758687
94 1.01518564911
95 1.01847519055
96 1.01136519118
97 1.01973062177
98 1.02332798215
99 1.01043586601
100 1.01680927688
101 1.01827654031
102 1.0203349449
103 1.0230726506
104 1.02666308351
105 1.02248962812
106 1.02263059752
107 1.01783708385
108 1.01652954348
109 1.0148021726
110 1.02109571064
111 1.01842817742
112 1.02006363444
113 1.02925940134
114 1.02057568068
115 1.01848841313
116 1.0175931207
117 1.01971081417
118 1.02025791119
119 1.01089578536
120 1.02317431436
121 1.01767950355
122 1.01281024216
123 1.0126580711
124 1.02474478443
125 1.02213073079
126 1.02253934303
127 1.02902832454
128 1.02054797201
129 1.0203413133
130 1.01902151337
131 1.01901438597
132 1.02486967981
133 1.01796554971
134 1.02179690265
135 1.02205556985
136 1.02028334297
137 1.02288691142
138 1.03004701179
139 1.01423624407
140 1.01732194986
141 1.01755282133
142 1.01884604558
143 1.01886532451
144 1.01213438631
145 1.01766412694
146 1.01781984305
147 1.02131628947
148 1.01203865763
149 1.01672426921
150 1.0229083862
151 1.0239652092
152 1.01253315501
153 1.01808791705
154 1.02153998877
155 1.01372070347
156 1.01399169247
157 1.0210827564
158 1.02459577392
159 1.01982816924
160 1.00875687525
161 1.02958051945
162 1.02268599899
163 1.01906486833
164 1.01455634878
165 1.01530577497
166 1.00960742008
167 1.02055075445
168 1.01459911421
169 1.021425065
170 1.01888173242
171 1.01496405428
172 1.02026462448
173 1.014205709
174 1.02401202996
175 1.02308942869
176 1.009276739
177 1.0217631828
178 1.02501357443
179 1.01092886189
180 1.01071440301
181 1.02325477208
182 1.02181302215
183 1.01669412652
184 1.02368935667
185 1.01847054611
186 1.02625816203
187 1.01623518283
188 1.02031504523
189 1.00881066048
190 1.01572755127
191 1.01434149409
192 1.02187924675
193 1.01661979688
194 1.02249118746
195 1.02317431436
196 1.01533997543
197 1.01711896702
198 1.02317431436
199 1.01428393172
200 1.016587467
201 1.00963588625
202 1.02850011334
203 1.02169078632
204 1.02250194784
205 1.02427501539
206 1.02414250821
207 1.02361708643
208 1.01146618527
209 1.02268599899
210 1.016799298
211 1.00963406546
212 1.02445146024
213 1.00918665044
214 1.01164284112
215 1.02925934884
216 1.0202045869
217 1.02084667842
218 1.01123006177
219 1.02505223345
220 1.01808018466
221 1.01934511837
222 1.02199750224
223 1.01417022045
224 1.01283662107
225 1.01413393689
226 1.01663030179
227 1.02066080621
228 1.016920901
229 1.0181435409
230 1.02238185781
231 1.01252126142
232 1.01203965737
233 1.0105503811
234 1.01632678338
235 1.02044033128
236 1.01971338985
237 1.01517921964
238 1.01387688682
239 1.01936192416
240 1.01939564402
241 1.01207443751
242 1.02061791796
243 1.02173639051
244 1.01152836948
245 1.02367851535
246 1.01061729929
247 1.02257596737
248 1.02191613528
249 1.02172008277
250 1.01888602303
251 1.01417093407
252 1.02173639051
253 1.02067215991
254 1.018865054
255 1.01586597224
256 1.01978626524
257 1.01132081113
258 1.01426105876
259 1.02169736854
260 1.02071211863
261 1.01571828178
262 1.01487461286
263 1.01758302367
264 1.02123770042
265 1.01764438274
266 1.01330070754
267 1.02169736854
268 1.01549839053
269 1.01685189626
270 1.009680348
271 1.0174517074
272 1.00969036768
273 1.01857236949
274 1.0148046283
275 1.01882570099
276 1.01546536261
277 1.02367851535
278 1.01847858908
279 1.00984117852
280 1.01756353169
281 1.0288261833
282 1.01753263166
283 1.03003271662
284 1.02855952608
285 1.02847048459
286 1.02999505849
287 1.03131211055
288 1.02925940134
289 1.03001078887
290 1.02912220504
291 1.02899222355
292 1.0188450326
293 1.02169736854
294 1.02328287476
295 1.02721772766
296 1.02676379759
297 1.03131211055
298 1.0289630637
299 1.03004971499
300 1.03025843553
301 1.02893582166
302 1.03088599521
303 1.02899111984
304 1.03088599521
305 1.02038710096
306 1.01483615453
307 1.03052304858
308 1.03046875378
309 1.02799389059
310 1.02781897032
311 1.02594162553
312 1.02608704522
313 1.0264842782
314 1.02177487909
315 1.02254860006
316 1.02545813332
317 1.02118668521
318 1.02464376781
319 1.01284797551
320 1.02643782312
321 1.02658217323
322 1.01547484725
323 1.02187319408
324 1.01816184726
325 1.02755069377
326 1.026936542
327 1.02185290071
328 1.02238620316
329 1.01805094047
330 1.02570494144
331 1.02235591849
332 1.02440544076
333 1.02038064788
334 1.02571249193
335 1.01637816377
336 1.02746832794
337 1.01883335616
338 1.01788170308
339 1.01752684508
340 1.02047182502
341 1.01189913939
342 1.02411547505
343 1.01737502981
344 1.01490304632
345 1.017549319
346 1.01105002425
347 1.02385289199
348 1.01663468287
349 1.02540001127
350 1.01444255162
351 1.01389740715
352 1.01875424163
353 1.01880764254
354 1.01633822381
355 1.01778603264
356 1.01874913802
357 1.01580252346
358 1.01507993916
359 1.01413068016
360 1.01625325719
361 1.02223291061
362 1.01414587772
363 1.01286724995
364 1.01205036315
365 1.01834492628
366 1.01255528355
367 1.01271336191
368 1.0214755027
369 1.02238793511
370 1.02135168435
371 1.01220092047
372 1.02068657156
373 1.01251724791
374 1.01250374382
375 1.0102023462
376 1.01019037976
377 1.02255641675
378 1.01503120368
379 1.02238799891
380 1.01274121708
381 1.02599003248
382 1.0199855713
383 1.0107363185
384 1.01109820285
385 1.01052602001
386 1.01360968251
387 1.01065560592
388 1.01058582797
389 1.01245694904
390 1.0101491297
391 1.01067780034
392 1.02182006662
393 1.01665460417
394 1.01068271626
395 1.00955101509
396 1.01619615655
397 1.01052505814
398 1.00955185896
399 1.01086442621
400 1.01761415668
401 1.01443625244
402 1.0228083969
403 1.01075099157
404 1.01371209385
405 1.01314073412
406 1.0096471383
407 1.00952584135
408 1.02523188203
409 1.00952457547
410 1.00908469348
411 1.00940201198
412 1.00939899382
413 1.01760818195
414 1.01394710572
415 1.01688255382
416 1.00978476507
417 1.00978586288
418 1.02607102636
419 1.01919944018
420 1.00826791398
421 1.01772140766
422 1.01441925122
423 1.00946476413
424 1.01778061258
425 1.02242256641
426 1.01780471822
427 1.02180863441
428 1.00946778173
429 1.01022381077
430 1.0095266779
431 1.00955146707
432 1.00929518007
433 1.01020733279
434 1.01096789249
435 1.01814607519
436 1.01800779236
437 1.0092365363
438 1.00927902407
439 1.00953433878
440 1.00963968195
441 1.0177002112
442 1.00910807926
443 1.00869025664
444 1.01012015371
445 1.01039694869
446 1.01729163506
447 1.00962163136
448 1.02151300869
449 1.01252221453
450 1.01001905662
451 1.01805871917
452 1.01936950462
453 1.01018256627
454 1.01007303516
455 1.01098386212
456 1.0098294605
457 1.01170368746
458 1.01232998842
459 1.01192006854
460 1.00881066048
461 1.01858547697
462 1.02090587753
463 1.01925749711
464 1.02338925876
465 1.02118668452
466 1.02510902128
467 1.02306233012
468 1.01283891353
469 1.02183818368
470 1.01955630421
471 1.01830346227
472 1.01067928723
473 1.01319997066
474 1.01099008017
475 1.01364279651
476 1.01284745217
477 1.01471234349
478 1.01478429862
479 1.01509449887
480 1.01601884255
481 1.01610966322
482 1.01446810056
483 1.01797068911
484 1.01386102393
485 1.01848277433
486 1.01358769613
487 1.01546333083
488 1.01587661972
489 1.01551684889
490 1.01815881446
491 1.01719131059
492 1.01678771398
493 1.01989601382
494 1.01884658814
495 1.01404951863
496 1.01776481008
497 1.01801265301
498 1.01792625652
499 1.01817670516
500 1.01896266753
501 1.01547613167
502 1.01743265375
503 1.01914815569
504 1.01880166016
505 1.02034643178
506 1.02027521047
507 1.0214958175
508 1.02071686115
509 1.01414469539
510 1.01510638403
511 1.0195845592
512 1.02125540835
513 1.01874484276
514 1.02175767821
515 1.02094527465
516 1.02210870188
517 1.0221325024
518 1.02630569926
519 1.02611218964
520 1.02522978191
521 1.02297369385
522 1.01836393097
523 1.02579915642
524 1.01834801918
525 1.0265511147
526 1.01808187332
527 1.02513310606
528 1.0149069192
529 1.02595551752
530 1.02324292767
531 1.01493793023
532 1.02287673327
533 1.01715546522
534 1.02155999068
535 1.01847833566
536 1.0279651412
537 1.00992009282
538 1.02246039381
539 1.02264090195
540 1.02887360057
541 1.02872693785
542 1.02903091005
543 1.01856314471
544 1.0289846753
545 1.02914758944
546 1.03084210012
547 1.03189130354
548 1.03112647245
549 1.03121200696
550 1.03189130354
551 1.03088646618
552 1.02966277134
553 1.02966277134
554 1.0296418913
555 1.02965534703
556 1.03073128055
557 1.03074724946
558 1.03094099739
559 1.03096631745
560 1.02916897114
561 1.02916897114
562 1.03087185082
563 1.02966277134
564 1.03043653483
565 1.03040713841
566 1.02947401033
567 1.0297025599
568 1.0312926535
569 1.03120613038
570 1.02839947673
571 1.02824019945
572 1.03107387369
573 1.02863458143
574 1.0251335061
575 1.03107387369
576 1.02876229518
577 1.0310026508
578 1.03095012604
579 1.0295581758
580 1.03042604403
581 1.02520803645
582 1.02505764032
583 1.02574158654
584 1.01872956402
585 1.0260995733
586 1.0262282973
587 1.02235952246
588 1.02241093254
589 1.01857554914
590 1.02312887715
591 1.0213950644
592 1.02506598224
593 1.02211015286
594 1.02005019674
595 1.02229549846
596 1.02121406476
597 1.0204455851
598 1.02129404268
599 1.02090485603
600 1.01685754502
601 1.02049870138
602 1.02216014154
603 1.01463908679
604 1.02131906642
605 1.02298876807
606 1.01713855611
607 1.01527225811
608 1.02082961031
609 1.02155661294
610 1.01879126437
611 1.01538503592
612 1.01922972697
613 1.02226112845
614 1.02214337227
615 1.0174821156
616 1.01803284697
617 1.02374682229
618 1.02136260037
619 1.02258111982
620 1.02372003781
621 1.01754744529
622 1.02234191547
623 1.02148120976
624 1.01515471681
625 1.01142721582
626 1.01395942083
627 1.01046084678
628 1.01037742441
629 1.01883845776
630 1.02258133191
631 1.02402268691
632 1.02803704908
633 1.03050444387
634 1.01845089008
635 1.01398607334
636 1.01293134054
637 1.01677495434
638 1.01713236105
639 1.02494573019
640 1.01893244734
641 1.01692066568
642 1.00956956446
643 1.02093981997
644 1.02390149672
645 1.02514272351
646 1.02473070578
647 1.0234736307
648 1.01375698655
649 1.02845294402
650 1.02844750381
651 1.01799279945
652 1.02510282187
653 1.01890848723
654 1.01357505302
655 1.01138713668
656 1.01186695719
657 1.02333054125
658 1.01251638909
659 1.01227118974
660 1.02047135528
661 1.01158818455
662 1.01166419143
663 1.02505963964
664 1.01445358915
665 1.01826090055
666 1.01373925241
667 1.01305705133
668 1.01323310663
669 1.0250797009
670 1.01490202816
671 1.01461726255
672 1.0189232304
673 1.0133267947
674 1.01817115671
675 1.01732660748
676 1.01367687473
677 1.01831048283
678 1.02318855632
679 1.02173542962
680 1.02105298514
681 1.01267287852
682 1.01395943553
683 1.01624738074
684 1.02354231896
685 1.02209122666
686 1.02185374982
687 1.02487975499
688 1.02460820215
689 1.0275003117
690 1.02715290586
691 1.02732849023
692 1.0271498568
693 1.02587873261
694 1.00894108513
695 1.02117990285
696 1.02854826257
697 1.02880403682
698 1.02876843753
699 1.02868158022
700 1.02841200543
701 1.02868158022
702 1.02964318515
703 1.0287588963
704 1.02918096776
705 1.02920732374
706 1.02367851535
707 1.02935154198
708 1.0295581758
709 1.03151863901
710 1.01352609539
711 1.01095887303
712 1.02671899892
713 1.02661798596
714 1.02279082546
715 1.01640001597
716 1.023278219
717 1.01750108992
718 1.01733372774
719 1.02123855444
720 1.01801908238
721 1.01292750576
722 1.01276102258
723 1.02000911477
724 1.02648091359
725 1.01572955126
726 1.01561036229
727 1.0178784867
728 1.01871797863
729 1.02356115077
730 1.01148394379
731 1.02368596916
732 1.02180639763
733 1.01230500867
734 1.0227384817
735 1.02311742902
736 1.01509556412
737 1.01400586455
738 1.01441867372
739 1.01671435648
740 1.0180532441
741 1.02207341958
742 1.02647552347
743 1.02715219134
744 1.02801198885
745 1.02093764756
746 1.0264834083
747 1.02652575153
748 1.03022636935
749 1.02935154198
750 1.03154728155
751 1.03164875737
752 1.0295581758
753 1.02519584967
754 1.02515898563
755 1.02904774756
756 1.02364842635
757 1.02176510733
758 1.02209903559
759 1.0168583308
760 1.01471382723
761 1.01404141198
762 1.0250956656
763 1.01297898741
764 1.01145048297
765 1.00987803911
766 1.0105041505
767 1.01179509299
768 1.01743448975
769 1.01962090271
770 1.02287679849
771 1.01830908886
772 1.01547335322
773 1.01157598074
774 1.01646797186
775 1.02277287839
776 1.01326316287
777 1.01510597149
778 1.01545870035
779 1.0170862787
780 1.01325809744
781 1.02224208134
782 1.02521227565
783 1.02538752776
784 1.02543671262
785 1.03024142708
786 1.03021592074
787 1.02934190734
788 1.02875266334
789 1.02852974787
790 1.02903535615
791 1.03158629836
792 1.03150930216
793 1.03164875737
794 1.02561463694
795 1.02095262608
796 1.0216085924
797 1.01719078323
798 1.01460724955
799 1.01724918345
800 1.01504158104
801 1.01569754844
802 1.03086937972
803 1.01346240834
804 1.01288323515
805 1.01172484499
806 1.0119108935
807 1.02580546449
808 1.0226660877
809 1.01045509655
810 1.0105746552
811 1.01017935696
812 1.01016827202
813 1.01006769313
814 1.00976910721
815 1.01049640862
816 1.00889233856
817 1.01145350866
818 1.01318881266
819 1.01239918142
820 1.01216236107
821 1.01353185889
822 1.0150278181
823 1.01510108223
824 1.01447056276
825 1.01803104806
826 1.01330319581
827 1.02384059929
828 1.0165464909
829 1.02601683883
830 1.02306427975
831 1.0173495414
832 1.0277375034
833 1.02934190734
834 1.02719553228
835 1.02681208191
836 1.02986597749
837 1.0298364153
838 1.03194016305
839 1.01550062416
840 1.02506811622
841 1.02263059752
842 1.01501755503
843 1.02504298198
844 1.0205350774
845 1.02004431149
846 1.01054824529
847 1.01851298048
848 1.02043779546
849 1.01283370342
850 1.01357013898
851 1.02257421048
852 1.01273862644
853 1.01673012577
854 1.01841709596
855 1.01110600364
856 1.01542826935
857 1.01698709132
858 1.00870285844
859 1.00861652999
860 1.0248345798
861 1.020381172
862 1.02014686817
863 1.02718076689
864 1.02510803128
865 1.01325982905
866 1.01252012905
867 1.01281729126
868 1.0146293309
869 1.01838310234
870 1.01190341422
871 1.02179386013
872 1.02177376439
873 1.02762162648
874 1.02562181056
875 1.03161624335
876 1.02495236071
877 1.0246514372
878 1.02284189625
879 1.01912627324
880 1.01677901512
881 1.01488954939
882 1.01377508581
883 1.02268528912
884 1.01095659724
885 1.0087639471
886 1.02106146467
887 1.00932875194
888 1.00950351681
889 1.01936709826
890 1.02094336032
891 1.01494844419
892 1.01585006721
893 1.00951659196
894 1.02236587349
895 1.02611162152
896 1.02831230657
897 1.02933210895
898 1.02965263327
899 1.03004701179
900 1.01915958366
901 1.02367851535
902 1.01851712894
903 1.03191155129
904 1.02467776964
905 1.03182397512
906 1.02467776964
907 1.03061406964
908 1.02514339094
909 1.03065309508
910 1.02405673281
911 1.02564685378
912 1.00956883587
913 1.02049380291
914 1.0128252059
915 1.02193508989
916 1.0218689978
917 1.02015986149
918 1.01811773931
919 1.01643543497
920 1.02023970275
921 1.01422151724
922 1.0273525451
923 1.01429951447
924 1.01391666316
925 1.01271383729
926 1.01311349283
927 1.01287013945
928 1.01001147135
929 1.00960717724
930 1.00997926537
931 1.01128689833
932 1.01086742358
933 1.00958646232
934 1.00787576989
935 1.007885612
936 1.00926883875
937 1.01019165487
938 1.01028415905
939 1.00928964252
940 1.01007878288
941 1.0099592551
942 1.00931360705
943 1.00973981217
944 1.00929703001
945 1.01075968462
946 1.01837512546
947 1.00971393149
948 1.01314472926
949 1.01348023623
950 1.01377904776
951 1.01407972178
952 1.01323820034
953 1.01398559453
954 1.01485746422
955 1.01323599421
956 1.01704277276
957 1.02285674753
958 1.02373324357
959 1.01740942213
960 1.0215631787
961 1.02270330883
962 1.02201609764
963 1.02211059326
964 1.01580179936
965 1.02958333142
966 1.02958333142
967 1.02769825261
968 1.02173639051
969 1.02000612287
970 1.02333898582
971 1.02061770503
972 1.02212894833
973 1.0262166029
974 1.0262041047
975 1.02328287476
976 1.01284478264
977 1.02104431063
978 1.01533716951
979 1.02540197642
980 1.02131730961
981 1.01486620831
982 1.02614767192
983 1.01503377837
984 1.01529824211
985 1.01888681088
986 1.02084901015
987 1.0219380378
988 1.01812087672
989 1.01661272103
990 1.01112209888
991 1.0228361985
992 1.01291300329
993 1.02165089359
994 1.01999295043
995 1.00945894563
996 1.02066542826
997 1.02194023126
998 1.0188849922
999 1.01432950445
1000 1.00951104611
1001 1.02085991913
1002 1.02210299519
1003 1.02063534612
1004 1.01850459058
1005 1.02136936078
1006 1.01783913961
1007 1.01806492957
1008 1.01228707877
1009 1.01904096843
1010 1.01754122401
1011 1.01807545115
1012 1.02321571772
1013 1.02058259474
1014 1.01856683336
1015 1.02062882188
1016 1.01995625296
1017 1.01991846364
1018 1.01757254224
1019 1.02147643304
1020 1.01227989513
1021 1.01723918242
1022 1.01071722358
1023 1.01956235327
1024 1.02760953
1025 1.01700093955
1026 1.01637833662
1027 1.01494256311
1028 1.01363049682
1029 1.01365988175
1030 1.02126098139
1031 1.01992306387
1032 1.0194242426
1033 1.02138999017
1034 1.01998169652
1035 1.0197517252
1036 1.0128050636
1037 1.02288622464
1038 1.02001999829
1039 1.01899540178
1040 1.02126428154
1041 1.02092853586
1042 1.02047380365
1043 1.02539580717
1044 1.0195610675
1045 1.01464688128
1046 1.01529755842
1047 1.02086450389
1048 1.01457056951
1049 1.0194899198
1050 1.02573630219
1051 1.01047271325
1052 1.02058431806
1053 1.02467776964
1054 1.01893941357
1055 1.02348684848
1056 1.02240226198
1057 1.02254581408
1058 1.00923599961
1059 1.02054668741
1060 1.02079247079
1061 1.01623931424
1062 1.02333538171
1063 1.02058128732
1064 1.01697978629
1065 1.02129490127
1066 1.01612779039
1067 1.02147118403
1068 1.02148143307
1069 1.02090050491
1070 1.02214773834
1071 1.0219885163
1072 1.02220285837
1073 1.02025462127
1074 1.02238773587
1075 1.0132563744
1076 1.01791235678
1077 1.01794428707
1078 1.01785427185
1079 1.01351733146
1080 1.01422070817
1081 1.02066488015
1082 1.01950421177
1083 1.01830470275
1084 1.01686544333
1085 1.02983515484
1086 1.01825058309
1087 1.01606385523
1088 1.029720217
1089 1.01787086553
1090 1.01389717597
1091 1.01395298199
1092 1.01739093427
1093 1.01743510793
1094 1.02887587619
1095 1.02884568197
1096 1.01710406164
1097 1.02898450964
1098 1.02329384692
1099 1.02025666921
1100 1.01712405794
1101 1.02258316898
1102 1.01950496744
1103 1.01851527364
1104 1.02295203005
1105 1.02840440202
1106 1.02379992324
1107 1.02732052724
1108 1.02306642
1109 1.02449897642
1110 1.02455815462
1111 1.02380906797
1112 1.01805803746
1113 1.02300581923
1114 1.01821744009
1115 1.02597188207
1116 1.02172586241
1117 1.02475347033
1118 1.02688372517
1119 1.02278508516
1120 1.02863439589
1121 1.02627809698
1122 1.02628734865
1123 1.0374291384
1124 1.02434807833
1125 1.02377487881
1126 1.02871957369
1127 1.02689134651
1128 1.01634670433
1129 1.01784433131
1130 1.02403361892
1131 1.02635338353
1132 1.02438565347
1133 1.02834737278
1134 1.02572831469
1135 1.02607746256
1136 1.01614351091
1137 1.01558445208
1138 1.02044022822
1139 1.03084081935
1140 1.01505323304
1141 1.01637387532
1142 1.01429989091
1143 1.01132269889
1144 1.01110823604
1145 1.00989835712
1146 1.02350958763
1147 1.01744195865
1148 1.02042581894
1149 1.02298423546
1150 1.02274474397
1151 1.02342918967
1152 1.02863122016
1153 1.02023044752
1154 1.02233047279
1155 1.01621586658
1156 1.02196126515
1157 1.02356679465
1158 1.02510872936
1159 1.01678706641
1160 1.02353358689
1161 1.02270623655
1162 1.02345791779
1163 1.01728381505
1164 1.01758142847
1165 1.01472728373
1166 1.02785569071
1167 1.02161297234
1168 1.02569826329
1169 1.02274094597
1170 1.01478573534
1171 1.02504585132
1172 1.02234190959
1173 1.02351561678
1174 1.0254676153
1175 1.01595871555
1176 1.01185088045
1177 1.02137961962
1178 1.01984478703
1179 1.02464159584
1180 1.01620286541
1181 1.01957490554
1182 1.01660949292
1183 1.02187621884
1184 1.01349364313
1185 1.01575420147
1186 1.01897293735
1187 1.02232894811
1188 1.01945617319
1189 1.0226935451
1190 1.02468699031
1191 1.0262245413
1192 1.0242165444
1193 1.02961011935
1194 1.01864817757
1195 1.02399723576
1196 1.01353310321
1197 1.02165433413
1198 1.02425246661
1199 1.02956107754
1200 1.02654482604
1201 1.02262692324
1202 1.01953142766
1203 1.02195026208
1204 1.02134818481
1205 1.02150947779
1206 1.02346503225
1207 1.0192823459
1208 1.02389071067
1209 1.01294672439
1210 1.01792603899
1211 1.01675635441
1212 1.02461259299
1213 1.02259002636
1214 1.02246009202
1215 1.02319870532
1216 1.01711334765
1217 1.01302018014
1218 1.01989425996
1219 1.02152607154
1220 1.02226452126
1221 1.01705178899
1222 1.0214037662
1223 1.01999693145
1224 1.02389900241
1225 1.02326352065
1226 1.01863527838
1227 1.01778750717
1228 1.01861196621
1229 1.01866139518
1230 1.01951066798
1231 1.02495236071
1232 1.02708068624
1233 1.02460396633
1234 1.0276114445
1235 1.0300937275
1236 1.02338061486
1237 1.02337505939
1238 1.02126221511
1239 1.02354947176
1240 1.01314588326
1241 1.0250301431
1242 1.03063914897
1243 1.01524225605
1244 1.01941688259
1245 1.02832153959
1246 1.02934156849
1247 1.02380118396
1248 1.02602074715
1249 1.0261571831
1250 1.0233336366
1251 1.02292757478
1252 1.02370963327
1253 1.02604954663
1254 1.02188370389
1255 1.02300045775
1256 1.0224630662
1257 1.02277953534
1258 1.02438884045
1259 1.02045153571
1260 1.01913653921
1261 1.01770899363
1262 1.01380168233
1263 1.018385443
1264 1.02031239647
1265 1.02032637835
1266 1.0237264427
1267 1.01065776841
1268 1.02176780095
1269 1.01695440773
1270 1.01565554709
1271 1.01448470826
1272 1.02435143076
1273 1.0106139958
1274 1.00918762836
1275 1.01852862189
1276 1.01672914337
1277 1.01537510415
1278 1.02210292101
1279 1.01682770466
1280 1.0158874491
1281 1.01980824654
1282 1.01946398541
1283 1.01480318715
1284 1.02172364294
1285 1.01293468985
1286 1.02211013709
1287 1.02114438475
1288 1.02026553061
1289 1.01488589305
1290 1.01899732352
1291 1.01325078905
1292 1.01609659217
1293 1.01774447001
1294 1.01096811128
1295 1.01056305209
1296 1.01844304155
1297 1.01387255626
1298 1.01647054364
1299 1.02031451102
1300 1.01096957967
1301 1.01294137613
1302 1.01848548893
1303 1.02293826659
1304 1.01922886542
1305 1.00908389938
1306 1.01953834307
1307 1.01083259637
1308 1.01019343668
1309 1.02292894643
1310 1.02522429395
1311 1.01279171523
1312 1.01995728457
1313 1.02012749613
1314 1.0188978825
1315 1.02067152993
1316 1.02311742902
1317 1.01920255644
1318 1.01915375924
1319 1.01050434405
1320 1.02791977349
1321 1.01159350869
1322 1.01019192935
1323 1.01228246586
1324 1.01022355234
1325 1.01256379321
1326 1.01012864078
1327 1.0225423104
1328 1.02311742902
1329 1.01157644674
1330 1.01338297335
1331 1.01592498947
1332 1.02243205813
1333 1.0099632102
1334 1.01738688066
1335 1.01044039394
1336 1.01340482031
1337 1.01325502058
1338 1.01338904886
1339 1.01276522993
1340 1.01880906814
1341 1.01197104196
1342 1.02113241238
1343 1.02194059039
1344 1.02441302782
1345 1.01739494627
1346 1.0225715804
1347 1.01448283921
1348 1.01704918739
1349 1.01098713614
1350 1.01364498454
1351 1.02808924013
1352 1.02292873305
1353 1.01508253344
1354 1.0214253836
1355 1.01471740428
1356 1.01677579871
1357 1.0159763121
1358 1.02326051589
1359 1.02075149722
1360 1.01655282762
1361 1.02237446391
1362 1.01070410691
1363 1.02331843748
1364 1.01563901139
1365 1.01840428857
1366 1.01644825546
1367 1.01953977539
1368 1.01856821904
1369 1.01725299632
1370 1.02482777221
1371 1.02139824903
1372 1.02052989488
1373 1.01412207122
1374 1.01982861099
1375 1.02059608575
1376 1.02308846824
1377 1.02061279603
1378 1.02265937284
1379 1.02102704527
1380 1.02216919885
1381 1.02532018343
1382 1.0196442252
1383 1.01701804081
1384 1.01713400671
1385 1.02548330368
1386 1.02580013116
1387 1.02606597423
1388 1.02926878355
1389 1.02063337221
1390 1.02366484391
1391 1.01711749706
1392 1.01884109551
1393 1.01984236669
1394 1.02121685493
1395 1.0177484129
1396 1.0214017856
1397 1.02079182271
1398 1.02194675192
1399 1.01548841345
1400 1.01537052451
1401 1.02477814981
1402 1.01046589101
1403 1.02387949668
1404 1.02697762096
1405 1.02436783149
1406 1.02705781823
1407 1.02467814748
1408 1.02602813032
1409 1.01625574567
1410 1.01825667031
1411 1.02397145265
1412 1.0167868634
1413 1.01557657508
1414 1.0153775341
1415 1.02346593292
1416 1.02266638397
1417 1.02123454486
1418 1.02058026373
1419 1.01069994077
1420 1.02154872392
1421 1.01896457727
1422 1.02180678775
1423 1.02467006368
1424 1.01747109426
1425 1.02523797881
1426 1.01615733117
1427 1.02655675322
1428 1.01795865284
1429 1.01759248592
1430 1.02429774824
1431 1.01674918662
1432 1.01932718696
1433 1.02523605764
1434 1.0168437171
1435 1.02198591886
1436 1.01365380547
1437 1.01705787946
1438 1.02016836281
1439 1.02309068627
1440 1.01490714339
1441 1.01640907027
1442 1.01561186077
1443 1.01155934775
1444 1.02123661283
1445 1.02549360721
1446 1.01533666664
1447 1.02416321774
1448 1.02395056466
1449 1.01912951823
1450 1.02034697929
1451 1.02322962824
1452 1.02104437584
1453 1.02984645082
1454 1.00917849911
1455 1.02259749854
1456 1.02998367564
1457 1.02143829962
1458 1.01718763243
1459 1.01712744213
1460 1.00968446727
1461 1.01605040248
1462 1.02207694274
1463 1.02123342175
1464 1.024755367
1465 1.0252850572
1466 1.00959702087
1467 1.02439919042
1468 1.01447818678
1469 1.0187153007
1470 1.0201770638
1471 1.02075265244
1472 1.0218308348
1473 1.01912785797
1474 1.0204559038
1475 1.01521839919
1476 1.01996395742
1477 1.02229036917
1478 1.0218163154
1479 1.02126944272
1480 1.01953061775
1481 1.02198579635
1482 1.02484143596
1483 1.02763007177
1484 1.02332761783
1485 1.02571057495
1486 1.02159121102
1487 1.02420723272
1488 1.01813706059
1489 1.01869542089
1490 1.02540615216
1491 1.03048784333
1492 1.02382788031
1493 1.02747280842
1494 1.01407801705
1495 1.0276746491
1496 1.02079497363
1497 1.02515624803
1498 1.0153508005
1499 1.02176301361
1500 1.01876410493
1501 1.01743252769
1502 1.02019345717
1503 1.01512102586
1504 1.01875825881
1505 1.01634462258
1506 1.01557048743
1507 1.01848388403
1508 1.01853397814
1509 1.01953898569
1510 1.01536427513
1511 1.01658940621
1512 1.01576195989
1513 1.01757567599
1514 1.01671694983
1515 1.01947552075
1516 1.02258638773
1517 1.01751558534
1518 1.01794260536
1519 1.0216277381
1520 1.02167527022
1521 1.02922761887
1522 1.01864654067
1523 1.02310793913
1524 1.02420766926
1525 1.02388115181
1526 1.02012824009
1527 1.01627175293
1528 1.02030991881
1529 1.02330121778
1530 1.01386894517
1531 1.01341923413
1532 1.01185804583
1533 1.02437327784
1534 1.01922872386
1535 1.00820413078
1536 1.00962572371
1537 1.00971239138
1538 1.02198134511
1539 1.01996836405
1540 1.02227782306
1541 1.02866521117
1542 1.02441541947
1543 1.02227562206
1544 1.02118743389
1545 1.01577461378
1546 1.0086750391
1547 1.0213872861
1548 1.02355494096
1549 1.01026758056
1550 1.02259112524
1551 1.0096584426
1552 1.02018784351
1553 1.02211283137
1554 1.00987717435
1555 1.01449940304
1556 1.02104258009
1557 1.00968816265
1558 1.0104093651
1559 1.0136098097
1560 1.00903083262
1561 1.01386638888
1562 1.01410133699
1563 1.01359871067
1564 1.0256981179
1565 1.01953419517
1566 1.01692866226
1567 1.01346482431
1568 1.01548729581
1569 1.02065977393
1570 1.01497852447
1571 1.00866506671
1572 1.01380024794
1573 1.01979077621
1574 1.01852191929
1575 1.01434955123
1576 1.00821536574
1577 1.02111885452
1578 1.01902419627
1579 1.0215518375
1580 1.03189870794
1581 1.02359465468
1582 1.02134094164
1583 1.01142981079
1584 1.01491650643
1585 1.01091057956
1586 1.00968863399
1587 1.01669344446
1588 1.00974657775
1589 1.02365194089
1590 1.02148328049
1591 1.00887089969
1592 1.02038528793
1593 1.02140290295
1594 1.0243919452
1595 1.02198879395
1596 1.00908508141
1597 1.02310768093
1598 1.02321773696
1599 1.02146580739
1600 1.02063557001
1601 1.0181759006
1602 1.02236331741
1603 1.01643149654
1604 1.02209753327
1605 1.02215803119
1606 1.01798162663
1607 1.01745128785
1608 1.01525532674
1609 1.02022512679
1610 1.01364279973
1611 1.02052872665
1612 1.01578053274
1613 1.02273349636
1614 1.02021511656
1615 1.02629032913
1616 1.02341706462
1617 1.02602443657
1618 1.01937144098
1619 1.01943733208
1620 1.00985829673
1621 1.02174640427
1622 1.02006189933
1623 1.01720312343
1624 1.02041945682
1625 1.016079692
1626 1.01501634159
1627 1.0113882142
1628 1.01348556929
1629 1.01594223528
1630 1.01307876849
1631 1.00995101931
1632 1.00971495861
1633 1.0099606078
1634 1.01368409938
1635 1.01432531465
1636 1.00963501059
1637 1.0101313961
1638 1.01094627321
1639 1.01025632775
1640 1.01526115003
1641 1.0173368082
1642 1.01807706487
1643 1.01021699687
1644 1.01869207524
1645 1.02268855701
1646 1.01888952497
1647 1.01409273423
1648 1.01802231302
1649 1.01942433306
1650 1.0153488547
1651 1.01855759711
1652 1.0140332868
1653 1.02206611481
1654 1.0177393921
1655 1.01315601792
1656 1.02335983272
1657 1.02157938197
1658 1.02345081464
1659 1.0156921165
1660 1.02010826864
1661 1.02350775169
1662 1.02352845236
1663 1.02296101029
1664 1.02554458954
1665 1.01640413403
1666 1.02139735232
1667 1.01710235088
1668 1.01526099598
1669 1.02299965584
1670 1.01942146653
1671 1.02905696818
1672 1.01508178001
1673 1.01532271324
1674 1.01196938819
1675 1.01854515358
1676 1.01082801045
1677 1.02410539835
1678 1.00976229828
1679 1.01420821449
1680 1.02002133699
1681 1.01779527501
1682 1.01694125865
1683 1.02293851836
1684 1.02470629124
1685 1.0204027662
1686 1.02023714362
1687 1.02071416278
1688 1.02238861852
1689 1.01711820231
1690 1.01844862176
1691 1.02277944229
1692 1.01375373834
1693 1.01840941164
1694 1.0196207573
1695 1.01893094371
1696 1.01286193277
1697 1.01922398015
1698 1.01657167665
1699 1.02125783991
1700 1.01718797232
1701 1.01838783892
1702 1.02229971287
1703 1.01997856041
1704 1.02387307932
1705 1.01283982671
1706 1.01895397915
1707 1.02335081432
1708 1.01493795266
1709 1.01872518525
1710 1.02122412301
1711 1.01846945516
1712 1.02144729036
1713 1.02103865408
1714 1.01469300068
1715 1.02213520952
1716 1.02121763488
1717 1.01366929327
1718 1.02052217243
1719 1.02210994322
1720 1.01372810692
1721 1.016923257
1722 1.01954401311
1723 1.02240128521
1724 1.01701240193
1725 1.01528417996
1726 1.02455159322
1727 1.02300068673
1728 1.01362360002
1729 1.02415625836
1730 1.01373035389
1731 1.01598426498
1732 1.02057597259
1733 1.02531341119
1734 1.02553651339
1735 1.02189762181
1736 1.02105635133
1737 1.01924333028
1738 1.01870163174
1739 1.02297190685
1740 1.02169149349
1741 1.02200866383
1742 1.02213595698
1743 1.01724622796
1744 1.02516458393
1745 1.02006201348
1746 1.02167010951
1747 1.01902273371
1748 1.01675560829
1749 1.02364909373
1750 1.01844947577
1751 1.00778238128
1752 1.02095443027
1753 1.0189928133
1754 1.01206534228
1755 1.01185113427
1756 1.01541477814
1757 1.02653189239
1758 1.02407391317
1759 1.02407551233
1760 1.02437115236
1761 1.02573307256
1762 1.01972217368
1763 1.0180147561
1764 1.01355467663
1765 1.01904670904
1766 1.01839060597
1767 1.01609804906
1768 1.02537995211
1769 1.02331354323
1770 1.02452671546
1771 1.02207156662
1772 1.03022926054
1773 1.0211901194
1774 1.01928413482
1775 1.02232885153
1776 1.02117957353
1777 1.02189165937
1778 1.03014567254
1779 1.02136323802
1780 1.0294325446
1781 1.01517728305
1782 1.02815207589
1783 1.0147214854
1784 1.02021669919
1785 1.02266230244
1786 1.03003511264
1787 1.01470878528
1788 1.01743218748
1789 1.02149996569
1790 1.02354727548
1791 1.02246691011
1792 1.01749247186
1793 1.02111682521
1794 1.02934209583
1795 1.02303061055
1796 1.03087680614
1797 1.01906354694
1798 1.01981394945
1799 1.01191993936
1800 1.01693515656
1801 1.01544201521
1802 1.01900365748
1803 1.02201287358
1804 1.01899279742
1805 1.01234637703
1806 1.01974520769
1807 1.01823915609
1808 1.01895265654
1809 1.01608486528
1810 1.0214031333
1811 1.01500059514
1812 1.01976782509
1813 1.01470587122
1814 1.02933210895
1815 1.02157346171
1816 1.02112750873
1817 1.02700468311
1818 1.02413239076
1819 1.02248837584
1820 1.0147768834
1821 1.02255034983
1822 1.01530904402
1823 1.01796777184
1824 1.0151660299
1825 1.00988397574
1826 1.02307710576
1827 1.02048163867
1828 1.01703066246
1829 1.01783592014
1830 1.01886836421
1831 1.01712358015
1832 1.01723360391
1833 1.02299594539
1834 1.02080897841
1835 1.01786140724
1836 1.01657863763
1837 1.02809678678
1838 1.01312212165
1839 1.01886045934
1840 1.02427801172
1841 1.02513457448
1842 1.01503262381
1843 1.015922713
1844 1.01524862594
1845 1.01618181189
1846 1.01460637312
1847 1.01143487466
1848 1.01022154128
1849 1.02295264915
1850 1.02483580076
1851 1.01971518082
1852 1.0253173716
1853 1.0227337255
1854 1.01375948157
1855 1.01680650245
1856 1.01691871832
1857 1.01240582692
1858 1.0131021786
1859 1.02060840294
1860 1.02064835319
1861 1.0185413508
1862 1.02198363418
1863 1.02096886127
1864 1.0179113381
1865 1.01818570345
1866 1.01879850279
1867 1.01874113059
1868 1.0211566005
1869 1.01529718924
1870 1.02663162988
1871 1.01322969325
1872 1.02463471164
1873 1.0232622336
1874 1.01943927555
1875 1.01017330419
1876 1.01421747167
1877 1.01300382177
1878 1.02091277866
1879 1.01717082736
1880 1.02275490807
1881 1.01298008937
1882 1.03163468295
1883 1.02317431436
1884 1.01879447592
1885 1.01780985239
1886 1.01556819172
1887 1.0225813587
1888 1.01840952351
1889 1.01067018161
1890 1.0153260926
1891 1.02737502898
1892 1.00992060136
1893 1.01950257533
1894 1.02343419743
1895 1.01970219424
1896 1.03170745822
1897 1.02319819245
1898 1.01849828091
1899 1.01984228048
1900 1.01360750896
1901 1.02221230345
1902 1.02502543812
1903 1.02318438366
1904 1.02475032955
1905 1.02229610986
1906 1.01899682074
1907 1.01991280328
1908 1.02310188349
1909 1.02193691957
1910 1.0203394304
1911 1.0223152919
1912 1.02021624542
1913 1.02056416801
1914 1.01574031942
1915 1.02125119975
1916 1.02168111155
1917 1.01771862346
1918 1.01956500062
1919 1.02358013065
1920 1.02103981922
1921 1.0178372027
1922 1.0159926223
1923 1.01688875452
1924 1.02292867348
1925 1.02316619692
1926 1.02299943069
1927 1.01695722682
1928 1.01789655767
1929 1.02227019787
1930 1.02011924645
1931 1.01350751199
1932 1.02264766151
1933 1.02078334026
1934 1.0212244067
1935 1.01738422995
1936 1.02079465558
1937 1.0244229793
1938 1.0216867813
1939 1.01545311746
1940 1.02444397224
1941 1.02290957779
1942 1.02648380159
1943 1.01071042097
1944 1.02413989295
1945 1.02441158333
1946 1.02319462903
1947 1.01636318143
1948 1.02051981692
1949 1.02245097148
1950 1.02191979304
1951 1.01641718459
1952 1.01534040219
1953 1.02157558916
1954 1.02359072455
1955 1.02247318081
1956 1.02250274153
1957 1.02458572592
1958 1.01604525768
1959 1.00990365508
1960 1.01480773242
1961 1.02022121891
1962 1.01953756104
1963 1.01875956809
1964 1.01386045497
1965 1.02198847447
1966 1.02251845177
1967 1.01447849957
1968 1.01862482154
1969 1.01550110304
1970 1.02706785937
1971 1.02046669559
1972 1.0194784362
1973 1.01545175882
1974 1.01630622525
1975 1.01058866456
1976 1.01310365219
1977 1.01959320785
1978 1.01753037452
1979 1.01663540979
1980 1.01708222085
1981 1.02230117549
1982 1.02177273569
1983 1.02126307561
1984 1.01607193229
1985 1.01421148883
1986 1.02064611013
1987 1.0222178676
1988 1.01525995294
1989 1.01315485079
1990 1.01818186815
1991 1.0144708655
1992 1.01763085264
1993 1.0133228542
1994 1.018335125
1995 1.02615151039
1996 1.01385611518
1997 1.01894290355
1998 1.01154177965
1999 1.01794759572
2000 1.01244140145
2001 1.01061471428
2002 1.01410277484
2003 1.02211746691
2004 1.01206465363
2005 1.01175345371
2006 1.02483093673
2007 1.01902607567
2008 1.01471579637
2009 1.01949419218
2010 1.01684162909
2011 1.01546582973
2012 1.01245442468
2013 1.02012671199
2014 1.01533781418
2015 1.01396830009
2016 1.01400267631
2017 1.01798059118
2018 1.01304465191
2019 1.01456737277
2020 1.02195202086
2021 1.01734521016
2022 1.02308563348
2023 1.02520333765
2024 1.02243031384
2025 1.01409214754
2026 1.01985888386
2027 1.00970305075
2028 1.01804324128
2029 1.01805873826
2030 1.01769531927
2031 1.01942798827
2032 1.01450226775
2033 1.01569783096
2034 1.01956615819
2035 1.01632280814
2036 1.01573504711
2037 1.02414824477
2038 1.01757112274
2039 1.01810560777
2040 1.0217517297
2041 1.0168858548
2042 1.01599687044
2043 1.02378375246
2044 1.01453757377
2045 1.02175297454
2046 1.0238015999
2047 1.02218574105
2048 1.01781483691
2049 1.01990846978
2050 1.02464129223
2051 1.0161197629
2052 1.01710035511
2053 1.02382683557
2054 1.02574538445
2055 1.02176979749
2056 1.02307595647
2057 1.02086995323
2058 1.02487290121
2059 1.02440741642
2060 1.01526019426
2061 1.01587810776
2062 1.02183991258
2063 1.02152463198
2064 1.02058181356
2065 1.02350177517
2066 1.02107950148
2067 1.0199383468
2068 1.02028743803
2069 1.01856569578
2070 1.02367942383
2071 1.01707370309
2072 1.02668909465
2073 1.01870456412
2074 1.01980550916
2075 1.02323811458
2076 1.01798865579
2077 1.0174542427
2078 1.03075680584
2079 1.02063066715
2080 1.0243344363
2081 1.01986688784
2082 1.01559210501
2083 1.01545291169
2084 1.00950354485
2085 1.01895922383
2086 1.01801973746
2087 1.01454679804
2088 1.01994607893
2089 1.02383182318
2090 1.0155046296
2091 1.01542627278
2092 1.01878932175
2093 1.01618690009
2094 1.01722361507
2095 1.0227825444
2096 1.02015966863
2097 1.0238077491
2098 1.0210518236
2099 1.01845120653
2100 1.02114797637
2101 1.0210265706
2102 1.01011888479
2103 1.01421742935
2104 1.01537764407
2105 1.01462252573
2106 1.00950453928
2107 1.02135212116
2108 1.01479854787
2109 1.01581485075
2110 1.01644763586
2111 1.01612490724
2112 1.02126487289
2113 1.01791587696
2114 1.02213329803
2115 1.01949467499
2116 1.02079783478
2117 1.01769918936
2118 1.0216109662
2119 1.01927535152
2120 1.0213531144
2121 1.01997632342
2122 1.02194743401
2123 1.02253128528
2124 1.02013888266
2125 1.02521330349
2126 1.02416512959
2127 1.02406354787
2128 1.0191858264
2129 1.02608194115
2130 1.02666944092
2131 1.02177599465
2132 1.01798971686
2133 1.01899575838
2134 1.02095391731
2135 1.01843482609
2136 1.01570778311
2137 1.0236316395
2138 1.01877820091
2139 1.01466114442
2140 1.01808126639
2141 1.02125121169
2142 1.01886994749
2143 1.0191552122
2144 1.02273117161
2145 1.02094965476
2146 1.02353273107
2147 1.01501029886
2148 1.0166173475
2149 1.01546790848
2150 1.0152404269
2151 1.01896125048
2152 1.02483057964
2153 1.02136456296
2154 1.01362727303
2155 1.01423663554
2156 1.01489847521
2157 1.00980333859
2158 1.01458619655
2159 1.0145076095
2160 1.01680360058
2161 1.0136270725
2162 1.02027524844
2163 1.0160970902
2164 1.02036043784
2165 1.01741202935
2166 1.01929427763
2167 1.01304029013
2168 1.01937176399
2169 1.01572232349
2170 1.01730412572
2171 1.01480555085
2172 1.01813698756
2173 1.01896681897
2174 1.01644747279
2175 1.0142302276
2176 1.01689895941
2177 1.02084623035
2178 1.02060962762
2179 1.01617403606
2180 1.0209489664
2181 1.0223824897
2182 1.01942487317
2183 1.01798252061
2184 1.01820037396
2185 1.01423357388
2186 1.01586322854
2187 1.0233890138
2188 1.02431610681
2189 1.01511852797
2190 1.02135270716
2191 1.02519373666
2192 1.02319428182
2193 1.01816425826
2194 1.01157745623
2195 1.01773698411
2196 1.01313676229
2197 1.01493572139
2198 1.01053533792
2199 1.0165656265
2200 1.01546783783
2201 1.01589265178
2202 1.01623966862
2203 1.01792848676
2204 1.00932747641
2205 1.0152916395
2206 1.01755061167
2207 1.02060682999
2208 1.02068469672
2209 1.01253508848
2210 1.0225706139
2211 1.01685720329
2212 1.01741523028
2213 1.01530552417
2214 1.01871798691
2215 1.02109767606
2216 1.01758779947
2217 1.01899827108
2218 1.01944906939
2219 1.01877256376
2220 1.01695422059
2221 1.01496375649
2222 1.01574074109
2223 1.00932852911
2224 1.01922875224
2225 1.02118668416
2226 1.01150778168
2227 1.02299900555
2228 1.02460630827
2229 1.01580498674
2230 1.01143536218
2231 1.01979553264
2232 1.02312764439
2233 1.01886994752
2234 1.02246010744
2235 1.02195007148
2236 1.01899827636
2237 1.01829212837
2238 1.0188654911
2239 1.02535297203
2240 1.01458106821
2241 1.02488306141
2242 1.02375272882
2243 1.02081512768
2244 1.0211079056
2245 1.02191635457
2246 1.02296770447
2247 1.02198892457
2248 1.02050744973
2249 1.01953720017
2250 1.0192234139
2251 1.00927963175
2252 1.02252521854
2253 1.01858488442
2254 1.02249941139
2255 1.0188699475
2256 1.01580684779
2257 1.0202095086
2258 1.01871739326
2259 1.00901892925
2260 1.01823745708
2261 1.01348915286
2262 1.01590267852
2263 1.01670090637
2264 1.01886994746
2265 1.01945311438
2266 1.01556299432
2267 1.02244583658
2268 1.01722055155
2269 1.00877665966
2270 1.02804173103
2271 1.02471217121
2272 1.02182644256
2273 1.01982444706
2274 1.02188141858
2275 1.02119007564
2276 1.02190670024
2277 1.02007178448
2278 1.02346758034
2279 1.020128399
2280 1.02108490632
2281 1.02018342454
2282 1.02028937544
2283 1.01720073718
2284 1.01854178656
2285 1.02231926542
2286 1.02112387033
2287 1.01902873383
2288 1.02068417728
2289 1.01426699897
2290 1.01980113995
2291 1.01148256384
2292 1.01248198745
2293 1.02126184113
2294 1.00969725964
2295 1.00881066048
2296 1.01711217953
2297 1.02104550012
2298 1.0208020732
2299 1.01902246781
2300 1.01867162912
2301 1.02279402941
2302 1.01769301673
2303 1.02068498051
2304 1.02022927327
2305 1.01701257553
2306 1.02155718888
2307 1.01866136283
2308 1.02257525734
2309 1.02320880259
2310 1.02494270552
2311 1.02026072095
2312 1.02352905746
2313 1.01953764158
2314 1.02003227155
2315 1.02511067278
2316 1.01724930068
2317 1.02409626161
2318 1.02338184538
2319 1.02237269296
2320 1.01728086671
2321 1.01992490503
2322 1.01503038976
2323 1.01867867707
2324 1.01892393387
2325 1.02054244741
2326 1.02792872463
2327 1.01991853067
2328 1.02159776607
2329 1.01924880301
2330 1.01780265448
2331 1.01909086662
2332 1.02199552261
2333 1.01336264991
2334 1.01935576306
2335 1.01943092131
2336 1.01808114926
2337 1.02026457855
2338 1.01433726488
2339 1.02182145977
2340 1.02439301367
2341 1.02170586595
2342 1.01846804819
2343 1.02303301893
2344 1.02228415875
2345 1.02500304076
2346 1.02305120101
2347 1.02249679263
2348 1.02184081631
2349 1.02253600276
2350 1.02129613874
2351 1.02603090857
2352 1.02094118336
2353 1.01889762541
2354 1.02045269564
2355 1.02278768762
2356 1.01893865222
2357 1.02477276412
2358 1.01926538076
2359 1.01687498282
2360 1.01861425659
2361 1.0179440483
2362 1.01816289896
2363 1.01846148495
2364 1.01951379267
2365 1.01462491905
2366 1.0178875987
2367 1.01721433318
2368 1.0116112537
2369 1.01166791312
2370 1.01111244185
2371 1.01465138438
2372 1.01396815856
2373 1.01409944302
2374 1.01004093013
2375 1.01017270083
2376 1.01030194097
2377 1.01029778168
2378 1.01451779159
2379 1.01234800869
2380 1.01372645677
2381 1.0134932946
2382 1.01432390906
2383 1.01289362465
2384 1.01241778124
2385 1.01610643787
2386 1.0138453659
2387 1.01448067143
2388 1.01959779311
2389 1.01603265955
2390 1.02575880748
2391 1.01837398881
2392 1.019290281
2393 1.01472605385
2394 1.01106339959
2395 1.01969247064
2396 1.01684664391
2397 1.01399698178
2398 1.02456849861
2399 1.01678637234
2400 1.02144741654
2401 1.01394488483
2402 1.02068723606
2403 1.01440482714
2404 1.02231319142
2405 1.01248640138
2406 1.01247089731
2407 1.01998462208
2408 1.01104581646
2409 1.02312003899
2410 1.01645547396
2411 1.01942605941
2412 1.02184747713
2413 1.01785535827
2414 1.0196661629
2415 1.01100689608
2416 1.02404925002
2417 1.01995291362
2418 1.02042364421
2419 1.01355594018
2420 1.01502774873
2421 1.01071388864
2422 1.01712041562
2423 1.02257810321
2424 1.01721340284
2425 1.01664448963
2426 1.02216067514
2427 1.0211061158
2428 1.01454642299
2429 1.023805277
2430 1.01722333177
2431 1.01756734123
2432 1.00779697696
2433 1.01414928368
2434 1.01014072963
2435 1.01481172162
2436 1.01840049626
2437 1.01717558403
2438 1.01996848173
2439 1.02639413342
2440 1.02746584923
2441 1.01982042849
2442 1.01775170831
2443 1.02231463275
2444 1.01111037347
2445 1.02479070877
2446 1.01727781352
2447 1.01271007739
2448 1.01300962071
2449 1.02203030709
2450 1.01832807525
2451 1.01808550099
2452 1.01108409737
2453 1.009876635
2454 1.01310450753
2455 1.01665016232
2456 1.00986442942
2457 1.0118922159
2458 1.0132704371
2459 1.01664405824
2460 1.01190843407
2461 1.01455523924
2462 1.01762027791
2463 1.01103948196
2464 1.01206506599
2465 1.01885095677
2466 1.00988548036
2467 1.01801525577
2468 1.00881066048
2469 1.02157968281
2470 1.01245054573
2471 1.02503287022
2472 1.01878610448
2473 1.02274031393
2474 1.01302421435
2475 1.01169257232
2476 1.01305774565
2477 1.0166220819
2478 1.01703026814
2479 1.02118668473
2480 1.01962345571
2481 1.02199083485
2482 1.02114781281
2483 1.02262977349
2484 1.02015613644
2485 1.01902231724
2486 1.01718748398
2487 1.0190808147
2488 1.02103481142
2489 1.01466191656
2490 1.02178283691
2491 1.02285236242
2492 1.01704191373
2493 1.022788769
2494 1.02439512228
2495 1.0257609507
2496 1.02384429519
2497 1.02125377361
2498 1.02347412622
2499 1.02196741713
2500 1.02845170742
2501 1.02172444218
2502 1.02650895189
2503 1.02148317825
2504 1.0245654708
2505 1.02233950518
2506 1.02323811458
2507 1.02432001777
2508 1.02277992343
2509 1.0221409119
2510 1.02253848662
2511 1.02425688333
2512 1.02114240406
2513 1.02146746016
2514 1.02317565596
2515 1.0223550725
2516 1.02040650559
*Step  = 3
*Time  = 0.6
*Data  = Fzz
1 1.03128946932
2 1.02867145991
3 1.03249486682
4 1.02920463438
5 1.03169525322
6 1.03366154422
7 1.03280691319
8 1.03304775975
9 1.03057109492
10 1.02484509067
11 1.03060910493
12 1.02548429299
13 1.02320676197
14 1.03142248306
15 1.03363451821
16 1.02992650591
17 1.03802511278
18 1.03108435179
19 1.03111328486
20 1.0334809168
21 1.02587667554
22 1.02652793509
23 1.02623905305
24 1.03005174696
25 1.03291338743
26 1.03366648074
27 1.02874706492
28 1.03405855775
29 1.02785108477
30 1.02565925452
31 1.03267470368
32 1.03387207672
33 1.03537028834
34 1.0346154618
35 1.03293528821
36 1.03159681149
37 1.03444652718
38 1.0366610373
39 1.03092206499
40 1.01884932202
41 1.02768609166
42 1.03392791908
43 1.02576390864
44 1.03431303297
45 1.03543739687
46 1.02369844865
47 1.03934956656
48 1.03271952501
49 1.03520082738
50 1.02516436685
51 1.02310172748
52 1.03201259873
53 1.02814404423
54 1.02278311637
55 1.02559161127
56 1.03648896293
57 1.02459464786
58 1.02894189048
59 1.02540950218
60 1.0365424374
61 1.03084184598
62 1.02736917972
63 1.0309403743
64 1.02737128314
65 1.02832282076
66 1.03104639609
67 1.02189005056
68 1.02212726198
69 1.03230141286
70 1.03629029621
71 1.03372706723
72 1.0275854977
73 1.02910370554
74 1.02515667821
75 1.03636026475
76 1.03506405054
77 1.03004379755
78 1.02005836716
79 1.03108318431
80 1.02913524777
81 1.02924728985
82 1.03612364026
83 1.03634050987
84 1.02992655188
85 1.02783527536
86 1.01608799959
87 1.02760425986
88 1.02968678105
89 1.03142467087
90 1.02489643915
91 1.02984619405
92 1.02702427585
93 1.02791353157
94 1.0232466412
95 1.02816468768
96 1.01717781211
97 1.02900822069
98 1.03456186255
99 1.01569110279
100 1.02578043717
101 1.02757182955
102 1.03045635977
103 1.03474141083
104 1.03973637391
105 1.0333067242
106 1.03338793464
107 1.02724608284
108 1.02511200853
109 1.02261571244
110 1.03130272212
111 1.0282629951
112 1.03021117658
113 1.04298527247
114 1.03061066099
115 1.02734574111
116 1.02651874861
117 1.02960005295
118 1.03002995028
119 1.01641896177
120 1.03395255254
121 1.02665179158
122 1.01945179819
123 1.01911077672
124 1.03653760529
125 1.03272084179
126 1.03360921505
127 1.04265071404
128 1.03087904553
129 1.03041169278
130 1.02854222053
131 1.02877322409
132 1.0367330131
133 1.02721133003
134 1.03207032594
135 1.0326627024
136 1.03042889065
137 1.03412433337
138 1.04473615029
139 1.02163544621
140 1.02657817649
141 1.02675972152
142 1.02843912148
143 1.02864733515
144 1.01827388149
145 1.02690411279
146 1.02676662048
147 1.03202144521
148 1.01817731699
149 1.02550548392
150 1.03357587152
151 1.03541970563
152 1.0189538037
153 1.02764209437
154 1.03180237165
155 1.0208332136
156 1.0212538322
157 1.03154053199
158 1.03656750269
159 1.02990285165
160 1.01308519349
161 1.04400420105
162 1.03326086525
163 1.02859841751
164 1.02205229054
165 1.02324337907
166 1.01440006264
167 1.03054154312
168 1.0223020262
169 1.03207571249
170 1.02808560709
171 1.02288078289
172 1.03008264626
173 1.02161988875
174 1.03607134937
175 1.03467307171
176 1.01389539046
177 1.03170105399
178 1.03722814074
179 1.01647118099
180 1.01613456679
181 1.03405439708
182 1.03226192404
183 1.02535512608
184 1.03494366772
185 1.02825564225
186 1.03928009649
187 1.02488312056
188 1.0304597956
189 1.01304630486
190 1.02403659431
191 1.02188706423
192 1.03229633933
193 1.024667014
194 1.03314732407
195 1.03395255254
196 1.02339547655
197 1.02625025166
198 1.03395255254
199 1.02174250266
200 1.025353825
201 1.0144450921
202 1.04218622038
203 1.0328830933
204 1.03291554212
205 1.03603265681
206 1.0362174552
207 1.03503923703
208 1.01735708426
209 1.03326086525
210 1.02576712725
211 1.01436617776
212 1.03613940046
213 1.01368133937
214 1.01757851845
215 1.04344947617
216 1.02994986476
217 1.03094073502
218 1.01698199061
219 1.03738355711
220 1.0277025976
221 1.02923475316
222 1.03248518969
223 1.02165858673
224 1.01951567353
225 1.02145258088
226 1.02518171123
227 1.03105412758
228 1.02589497021
229 1.02714757851
230 1.03305078734
231 1.01877949663
232 1.01805419615
233 1.0159015747
234 1.0247415168
235 1.03040565438
236 1.02982957203
237 1.02320366317
238 1.02110584008
239 1.02913935447
240 1.02917686101
241 1.01821788439
242 1.0316228064
243 1.03182551655
244 1.01739241144
245 1.03459077743
246 1.01600593683
247 1.03316741559
248 1.03230798627
249 1.03258145633
250 1.0287370563
251 1.02159599625
252 1.03182551655
253 1.0306712639
254 1.0289206806
255 1.02431556943
256 1.02983995821
257 1.01706432561
258 1.02179626166
259 1.03200328756
260 1.03102392134
261 1.02408160461
262 1.02270590539
263 1.02693037669
264 1.03145080814
265 1.02594299875
266 1.02026585855
267 1.03200328756
268 1.02347158912
269 1.02577707652
270 1.01454579227
271 1.02628615421
272 1.01456165269
273 1.02842246216
274 1.02261527607
275 1.0284914843
276 1.02365213832
277 1.03459077743
278 1.02830516235
279 1.01469623986
280 1.02690226319
281 1.04288789581
282 1.02686416802
283 1.04413275208
284 1.04232315072
285 1.04218871227
286 1.04407738316
287 1.04598899221
288 1.04298527247
289 1.04410021471
290 1.04311400598
291 1.04292490908
292 1.02868118334
293 1.03200328756
294 1.03434479403
295 1.04037450011
296 1.03966351244
297 1.04598899221
298 1.04258591112
299 1.04455631725
300 1.04486637366
301 1.04254531711
302 1.04541033822
303 1.04262655626
304 1.04541033822
305 1.03022499847
306 1.02250455905
307 1.04492396344
308 1.04484271723
309 1.04160905397
310 1.04134375986
311 1.0386702472
312 1.0388849256
313 1.03961637167
314 1.03205242462
315 1.0331320738
316 1.03821866923
317 1.03162145703
318 1.03694616553
319 1.01933243422
320 1.03975495461
321 1.03997134289
322 1.02371994087
323 1.03291723773
324 1.02752935909
325 1.04131158081
326 1.04037265517
327 1.03289119699
328 1.03372298942
329 1.02719470117
330 1.03845884157
331 1.03285362656
332 1.03642670746
333 1.0304339541
334 1.03843038779
335 1.02501365058
336 1.04097578253
337 1.02864204161
338 1.02655852796
339 1.0263878373
340 1.03042604285
341 1.01800947555
342 1.03569290005
343 1.02622858989
344 1.02244289827
345 1.02649910973
346 1.0166676306
347 1.03519085213
348 1.02532481793
349 1.03779936583
350 1.0217295065
351 1.02086884664
352 1.02833198697
353 1.02841754452
354 1.02497040338
355 1.02708847172
356 1.02798352473
357 1.0239203051
358 1.02271740543
359 1.02128845577
360 1.02481166076
361 1.03298892741
362 1.02131186869
363 1.01956276121
364 1.01822049922
365 1.02787004952
366 1.01898278971
367 1.01924103091
368 1.03217590733
369 1.03362481974
370 1.03191903878
371 1.0183460573
372 1.03055412939
373 1.01878988549
374 1.01876908337
375 1.01523123999
376 1.01521202219
377 1.03351154505
378 1.02295425942
379 1.03368211724
380 1.01926367808
381 1.03899106543
382 1.02930230223
383 1.01608901868
384 1.01666794823
385 1.01570916063
386 1.02052933052
387 1.0159163948
388 1.01591761561
389 1.0188436579
390 1.01526612698
391 1.01611185032
392 1.03262683784
393 1.02547251943
394 1.01606245952
395 1.01425638732
396 1.0247476255
397 1.01587042986
398 1.01425766546
399 1.01635176551
400 1.02683554856
401 1.02179876617
402 1.03387576705
403 1.01610564879
404 1.0209113433
405 1.01999602482
406 1.01449105376
407 1.01430544372
408 1.03712770084
409 1.01430329175
410 1.01354684193
411 1.01407620058
412 1.01407064612
413 1.02654300932
414 1.02104406012
415 1.02582676952
416 1.01472813764
417 1.01473001353
418 1.03912471091
419 1.02897517751
420 1.01225593023
421 1.02668632901
422 1.02166638548
423 1.01418875663
424 1.0272294992
425 1.03288260332
426 1.0269539391
427 1.0320791178
428 1.01419430955
429 1.01535612236
430 1.01424778232
431 1.01428800727
432 1.01389976992
433 1.01532903969
434 1.01656621364
435 1.02733538373
436 1.02728317977
437 1.01372695536
438 1.01378973973
439 1.0142696802
440 1.01443625838
441 1.02666378422
442 1.01358710626
443 1.01292678429
444 1.01516150132
445 1.01557004299
446 1.02537643565
447 1.01438002175
448 1.03207262874
449 1.01890864558
450 1.01490246274
451 1.02722418118
452 1.02924207057
453 1.01516267046
454 1.01506576147
455 1.01634200939
456 1.01467589056
457 1.01768058876
458 1.01866641037
459 1.01802674137
460 1.01304630486
461 1.0280168465
462 1.03077749329
463 1.02906708082
464 1.03447180977
465 1.03162145703
466 1.03716872111
467 1.03413364403
468 1.01931169673
469 1.03260483607
470 1.0294996104
471 1.02759257683
472 1.0158528955
473 1.01996499947
474 1.01646443502
475 1.02050181447
476 1.01939560874
477 1.02207319964
478 1.02220636239
479 1.02273580094
480 1.02411400562
481 1.02425572629
482 1.02174081654
483 1.02722709214
484 1.02059927032
485 1.02791329576
486 1.02017681964
487 1.02335142762
488 1.02401637653
489 1.02367953143
490 1.02729374762
491 1.02565794695
492 1.02505711041
493 1.03014591961
494 1.02851851366
495 1.02124112126
496 1.02674868284
497 1.02713934015
498 1.02697124539
499 1.02743903113
500 1.02854137963
501 1.02325924799
502 1.02618416812
503 1.02883314325
504 1.02831928693
505 1.03037441945
506 1.03026735829
507 1.03226047052
508 1.0309607474
509 1.02138816757
510 1.02270554533
511 1.02938369891
512 1.03171267678
513 1.02825941601
514 1.03249358193
515 1.0312038611
516 1.0330431968
517 1.03307685022
518 1.03922420267
519 1.03893413348
520 1.03750376621
521 1.03373051341
522 1.02740973675
523 1.03841571797
524 1.02773945329
525 1.03956486929
526 1.02687665548
527 1.0374945605
528 1.02250128949
529 1.03881622608
530 1.03437870263
531 1.02283688801
532 1.03454756711
533 1.02630219319
534 1.03169600411
535 1.02793969672
536 1.04141636632
537 1.01482030491
538 1.0329067107
539 1.03317004945
540 1.04280589311
541 1.04258181122
542 1.04310370521
543 1.02826695376
544 1.04286137403
545 1.04310419195
546 1.04566948875
547 1.04751664703
548 1.04667441654
549 1.04680392563
550 1.04751664703
551 1.04574532241
552 1.04378138565
553 1.04378138565
554 1.04374561578
555 1.04376698419
556 1.0460000084
557 1.04602481887
558 1.04583895842
559 1.04588107273
560 1.04299311288
561 1.04299311288
562 1.04572186588
563 1.04378138565
564 1.04474208944
565 1.04470292354
566 1.04368337233
567 1.04402231392
568 1.04666791773
569 1.04654271625
570 1.04221078379
571 1.04197871674
572 1.04552315882
573 1.04266437771
574 1.03722376571
575 1.04552315882
576 1.04286291324
577 1.04572764856
578 1.04565179382
579 1.04341019063
580 1.04472618173
581 1.0376664252
582 1.03742887723
583 1.03861757187
584 1.0278912653
585 1.03906530394
586 1.03925754352
587 1.03368076164
588 1.03373614446
589 1.02809742035
590 1.03457652213
591 1.0314548473
592 1.03741478049
593 1.03325882899
594 1.03011634956
595 1.03284215301
596 1.03157841786
597 1.03060750829
598 1.03207261551
599 1.03147791596
600 1.02581624378
601 1.0304725013
602 1.03330786197
603 1.02203687621
604 1.03139883578
605 1.03402895495
606 1.02559333899
607 1.02287608163
608 1.030998036
609 1.03163260955
610 1.02854389447
611 1.02319007236
612 1.0289450563
613 1.03344090949
614 1.03342669182
615 1.02681819225
616 1.02764386251
617 1.03513908655
618 1.03134639624
619 1.03326136865
620 1.03513602768
621 1.0267391281
622 1.03341820581
623 1.03153189659
624 1.02316159628
625 1.0172016228
626 1.02128824765
627 1.01562397608
628 1.01549233596
629 1.02884838214
630 1.03326170636
631 1.03556156232
632 1.04194440115
633 1.04586674869
634 1.02809761498
635 1.02132714537
636 1.01946488337
637 1.0256396159
638 1.02623245941
639 1.03727711501
640 1.02894196444
641 1.02591569915
642 1.01431326449
643 1.03122990809
644 1.03546439973
645 1.03689119884
646 1.03686716272
647 1.03503499642
648 1.0207849256
649 1.04231990697
650 1.04231211147
651 1.02752958468
652 1.03682897977
653 1.02871835167
654 1.02054678928
655 1.01711771703
656 1.01785738893
657 1.03463384456
658 1.01884426376
659 1.01845563717
660 1.0302845099
661 1.01747875443
662 1.01760130207
663 1.03676244076
664 1.02169253395
665 1.02745695618
666 1.02061784419
667 1.01963630309
668 1.01991231258
669 1.03679392077
670 1.02242540837
671 1.02234200053
672 1.0285656218
673 1.02013108151
674 1.02735675489
675 1.02604924373
676 1.0208654806
677 1.02784162054
678 1.03479035409
679 1.03267321551
680 1.0314724664
681 1.01909991649
682 1.02126967636
683 1.02473302188
684 1.03535449095
685 1.03312091105
686 1.03274837753
687 1.03686721542
688 1.03645471571
689 1.04103671735
690 1.0404776358
691 1.0409345945
692 1.04072309182
693 1.03861134037
694 1.01325701675
695 1.03169118298
696 1.04247767343
697 1.04286687792
698 1.04249595991
699 1.0423912787
700 1.04216978678
701 1.0423912787
702 1.04391570977
703 1.04248227588
704 1.04326683131
705 1.04330607234
706 1.03459077743
707 1.04337946869
708 1.04341019063
709 1.04625295718
710 1.02053944361
711 1.01648913013
712 1.03998050284
713 1.03982513998
714 1.03444101277
715 1.02506091394
716 1.03433142455
717 1.02641201925
718 1.02614926773
719 1.03148224385
720 1.02766437833
721 1.01950868927
722 1.01925020646
723 1.02997131419
724 1.03910948577
725 1.02379141676
726 1.02359173302
727 1.02733997327
728 1.02849863756
729 1.03517845866
730 1.01741885099
731 1.03496693426
732 1.03239474375
733 1.01857957664
734 1.03346492214
735 1.03404277137
736 1.02272892866
737 1.02105064252
738 1.02169030676
739 1.02510507265
740 1.0272088879
741 1.03320183006
742 1.03954294624
743 1.04025355404
744 1.04145028857
745 1.03130584722
746 1.03952968547
747 1.03959049259
748 1.04463302233
749 1.04337946869
750 1.04629422059
751 1.04645087545
752 1.04341019063
753 1.03768206005
754 1.03762689211
755 1.04321858866
756 1.03578792012
757 1.03284410441
758 1.03338034996
759 1.02527446901
760 1.02213121842
761 1.02110037893
762 1.03701253753
763 1.01964501039
764 1.01721086072
765 1.01475639706
766 1.01577323421
767 1.01777485961
768 1.02670055732
769 1.02931570367
770 1.03365710506
771 1.02745200888
772 1.02338332354
773 1.01753504828
774 1.02497564278
775 1.03351434566
776 1.02007345718
777 1.02280075931
778 1.02326710372
779 1.02568353192
780 1.01998848378
781 1.03320271777
782 1.03751723968
783 1.03779766329
784 1.03774537958
785 1.04465846644
786 1.04461805035
787 1.04323313208
788 1.0427046746
789 1.042373772
790 1.04319944014
791 1.04656968262
792 1.04645786027
793 1.04645087545
794 1.03832798007
795 1.0316507174
796 1.03262796881
797 1.02581055681
798 1.02200683075
799 1.02580015314
800 1.02260523937
801 1.02373670459
802 1.04592925318
803 1.02027379568
804 1.01935400337
805 1.01758583194
806 1.01795877103
807 1.03822593697
808 1.03401144136
809 1.01569813512
810 1.01597431191
811 1.01531761427
812 1.01529838941
813 1.0151576541
814 1.01471108506
815 1.01582784368
816 1.01321636656
817 1.01733702648
818 1.01995395819
819 1.0188295946
820 1.01846153776
821 1.02047037553
822 1.02267440757
823 1.02277807855
824 1.02178387072
825 1.02725993713
826 1.02005638137
827 1.0358209867
828 1.02509137224
829 1.03830961261
830 1.03406809961
831 1.02592668261
832 1.04097520822
833 1.04323313208
834 1.04030998786
835 1.03971063067
836 1.04403377344
837 1.04398513167
838 1.0472226106
839 1.02347565747
840 1.03710016884
841 1.03338793464
842 1.02298225706
843 1.03767425958
844 1.03075141289
845 1.03001039711
846 1.01582225187
847 1.02800459472
848 1.03053954168
849 1.01903760845
850 1.02018190326
851 1.03365594012
852 1.01925957486
853 1.0256199864
854 1.02815460502
855 1.01665366429
856 1.02330608048
857 1.02597258981
858 1.0128778606
859 1.01280179912
860 1.0372207792
861 1.03023057586
862 1.03011833911
863 1.04029124867
864 1.03763319134
865 1.01995898709
866 1.01882209491
867 1.01929082647
868 1.02200826207
869 1.02762287515
870 1.01801658263
871 1.03249251447
872 1.03256586657
873 1.04079044209
874 1.03792325417
875 1.04672945111
876 1.0367172625
877 1.03708545579
878 1.03407603297
879 1.0290265748
880 1.02504492272
881 1.0222939341
882 1.02099382702
883 1.03348793269
884 1.01648462113
885 1.01297417762
886 1.03151037571
887 1.01389139692
888 1.0142058642
889 1.02886179988
890 1.03116602962
891 1.02251241975
892 1.02391026395
893 1.01423727472
894 1.03341096511
895 1.0387074296
896 1.04200307054
897 1.04370615679
898 1.04392850894
899 1.04473615029
900 1.02880831245
901 1.03459077743
902 1.02765887109
903 1.04722437783
904 1.03645313711
905 1.04709397522
906 1.03645313711
907 1.04553111104
908 1.03765333284
909 1.04559982896
910 1.03580315819
911 1.03837697639
912 1.01431952208
913 1.03093830769
914 1.01951400087
915 1.0330977317
916 1.0326111869
917 1.03014387891
918 1.0273184172
919 1.02452832312
920 1.03028121112
921 1.0213739681
922 1.04079125794
923 1.02144254708
924 1.02100262723
925 1.01905059353
926 1.01967769663
927 1.01946756487
928 1.0148803
929 1.01439537927
930 1.01483003128
931 1.01688909398
932 1.01636611784
933 1.01436320154
934 1.0115660052
935 1.01158248392
936 1.01385711162
937 1.01528262573
938 1.01542885026
939 1.01385153769
940 1.01517687444
941 1.01490535402
942 1.01390577734
943 1.01447449166
944 1.01387975619
945 1.01610529348
946 1.0280835068
947 1.01443377673
948 1.01970089444
949 1.02039204753
950 1.02074382926
951 1.02121027495
952 1.02001308684
953 1.02091378476
954 1.02228727828
955 1.01975024099
956 1.02555422467
957 1.03406326857
958 1.03545551705
959 1.02627933335
960 1.03173517293
961 1.03402757845
962 1.03297577845
963 1.03316797639
964 1.02420942421
965 1.04378813151
966 1.04378813151
967 1.04136419255
968 1.03182551655
969 1.03004768784
970 1.034394647
971 1.03077888572
972 1.03291136126
973 1.03921852599
974 1.03917537553
975 1.03434479403
976 1.01954477371
977 1.03120262547
978 1.02347674813
979 1.03733809469
980 1.03129325944
981 1.02237099394
982 1.03844205603
983 1.02296110297
984 1.02341536342
985 1.02817519483
986 1.03117392997
987 1.03237115169
988 1.02775344481
989 1.02541221495
990 1.01674689655
991 1.03368109395
992 1.01966950402
993 1.03195201173
994 1.02994379082
995 1.01407060975
996 1.0309548916
997 1.03279127737
998 1.02855980509
999 1.02192469096
1000 1.01415289282
1001 1.03116855585
1002 1.03319664822
1003 1.0307826387
1004 1.02804592834
1005 1.03176793327
1006 1.02735462681
1007 1.02767834079
1008 1.01860278536
1009 1.02858751048
1010 1.02689196989
1011 1.0270782225
1012 1.03439280763
1013 1.03027515203
1014 1.02842926079
1015 1.03080876043
1016 1.02977186134
1017 1.0297613647
1018 1.02676886614
1019 1.03226605688
1020 1.01865939313
1021 1.02625626641
1022 1.01614386503
1023 1.0294243885
1024 1.04103480285
1025 1.0258665601
1026 1.02509811915
1027 1.02286156639
1028 1.02074873873
1029 1.0207798722
1030 1.03176477972
1031 1.02940596334
1032 1.02920063
1033 1.03195502414
1034 1.03000385944
1035 1.02977823466
1036 1.01948984437
1037 1.03437125093
1038 1.03014370854
1039 1.02862348904
1040 1.03165281301
1041 1.03146638742
1042 1.03082252216
1043 1.03729590589
1044 1.02926766777
1045 1.02241089031
1046 1.02302820645
1047 1.03131437758
1048 1.02230306866
1049 1.02914576373
1050 1.0377982968
1051 1.01572521235
1052 1.03057585656
1053 1.03645313711
1054 1.02802413499
1055 1.03467504759
1056 1.03328277725
1057 1.03350467049
1058 1.0138149407
1059 1.03065142448
1060 1.03086330301
1061 1.024739212
1062 1.03439685464
1063 1.03059463855
1064 1.02607054962
1065 1.03160836139
1066 1.02456691134
1067 1.03183964596
1068 1.03185120513
1069 1.0308962793
1070 1.03255711255
1071 1.03230805608
1072 1.03264755594
1073 1.03002825976
1074 1.03336699542
1075 1.02003670147
1076 1.02706100622
1077 1.02744381673
1078 1.02725554921
1079 1.02010158163
1080 1.02166762177
1081 1.03049782938
1082 1.02933033701
1083 1.02738460605
1084 1.0257148315
1085 1.04368836925
1086 1.02780475296
1087 1.02442706483
1088 1.04350991499
1089 1.02718309627
1090 1.02101335917
1091 1.02125819783
1092 1.02651562708
1093 1.02672685294
1094 1.04296364011
1095 1.04291837408
1096 1.02619084446
1097 1.04257274719
1098 1.0345247887
1099 1.02997899065
1100 1.02603061259
1101 1.03324716186
1102 1.0290545573
1103 1.02785769147
1104 1.03380047
1105 1.04171658644
1106 1.03510159283
1107 1.04023503376
1108 1.03398058705
1109 1.03605828379
1110 1.03614406957
1111 1.03511482964
1112 1.02711660015
1113 1.03387833758
1114 1.02744681044
1115 1.0383561962
1116 1.03176474074
1117 1.03669370978
1118 1.03944847065
1119 1.03364105931
1120 1.04228861387
1121 1.03864370725
1122 1.03865832564
1123 1.05602998628
1124 1.035676977
1125 1.03498288839
1126 1.04242091825
1127 1.03975022299
1128 1.02508016132
1129 1.02667352422
1130 1.03536574229
1131 1.03880826862
1132 1.0361593222
1133 1.04165724195
1134 1.03778622973
1135 1.03833674808
1136 1.02472578689
1137 1.02383602989
1138 1.03046504284
1139 1.0459668914
1140 1.02299050115
1141 1.0251226674
1142 1.02183076186
1143 1.01717257237
1144 1.01683840193
1145 1.01483455026
1146 1.03446475091
1147 1.02673773426
1148 1.03032253135
1149 1.03442368691
1150 1.03410003819
1151 1.03443481107
1152 1.0421374988
1153 1.0303444764
1154 1.03301571359
1155 1.02466866697
1156 1.03258099753
1157 1.03466972478
1158 1.03694845664
1159 1.02575081266
1160 1.03471857053
1161 1.03392190528
1162 1.03440925189
1163 1.02632948385
1164 1.02695926073
1165 1.02264089096
1166 1.04103733766
1167 1.0324816664
1168 1.03782443431
1169 1.03334410972
1170 1.02187359561
1171 1.03685240344
1172 1.03302838533
1173 1.03469030565
1174 1.03755472406
1175 1.02373567355
1176 1.01791747879
1177 1.03172706677
1178 1.02983086165
1179 1.03660917453
1180 1.0248216906
1181 1.02872204355
1182 1.02531278493
1183 1.03211814088
1184 1.02021410483
1185 1.02341272458
1186 1.02885147535
1187 1.03301402428
1188 1.02898840812
1189 1.0334266357
1190 1.03649454918
1191 1.03893552121
1192 1.03559015762
1193 1.04367450825
1194 1.02821832696
1195 1.03524134853
1196 1.02057416491
1197 1.0323146698
1198 1.03569923835
1199 1.04360717263
1200 1.0392662405
1201 1.0336498133
1202 1.02935288609
1203 1.03281296099
1204 1.03208516929
1205 1.03233271356
1206 1.03454964421
1207 1.028148505
1208 1.03517648344
1209 1.01950931146
1210 1.02686405797
1211 1.02566826691
1212 1.03616841724
1213 1.03313051083
1214 1.03360059656
1215 1.03448970646
1216 1.0256191819
1217 1.0196172236
1218 1.02992969925
1219 1.03214861692
1220 1.03328034524
1221 1.02558592588
1222 1.03223563041
1223 1.02967900148
1224 1.03558067052
1225 1.03447234734
1226 1.02826361464
1227 1.02711415257
1228 1.02787498614
1229 1.02845212952
1230 1.02902391075
1231 1.0367172625
1232 1.03977889351
1233 1.03614717797
1234 1.04098365513
1235 1.04465322171
1236 1.03470424801
1237 1.03440481103
1238 1.03158038059
1239 1.03464368291
1240 1.01981033151
1241 1.03690886208
1242 1.04566456089
1243 1.02336895597
1244 1.02892659299
1245 1.04181193661
1246 1.04366931933
1247 1.03530748602
1248 1.03887078781
1249 1.0391324809
1250 1.03428703785
1251 1.03374838358
1252 1.0354220515
1253 1.03895609911
1254 1.03293901909
1255 1.03409930194
1256 1.03323638328
1257 1.03404421252
1258 1.03620348817
1259 1.03051505185
1260 1.02887036645
1261 1.02656134673
1262 1.02049680119
1263 1.02765549305
1264 1.03079554566
1265 1.03002510991
1266 1.03483537434
1267 1.01594138896
1268 1.0321601901
1269 1.02597689841
1270 1.02398871199
1271 1.02187180622
1272 1.035886428
1273 1.01587200793
1274 1.01368295637
1275 1.02825419571
1276 1.02563976322
1277 1.02323277912
1278 1.03263593356
1279 1.02540163084
1280 1.02405255681
1281 1.02954512022
1282 1.02961474782
1283 1.02245138248
1284 1.03219976524
1285 1.01956764152
1286 1.0328371475
1287 1.0314507014
1288 1.03035197347
1289 1.02267458037
1290 1.02886658602
1291 1.020109044
1292 1.02456666645
1293 1.02710432562
1294 1.01644870222
1295 1.01589581258
1296 1.027893215
1297 1.02095033046
1298 1.02497049664
1299 1.02995528
1300 1.01652739029
1301 1.01960307248
1302 1.02786655984
1303 1.033865693
1304 1.02862387423
1305 1.01354558217
1306 1.02986975774
1307 1.01623889981
1308 1.01530236443
1309 1.0337683472
1310 1.03713164363
1311 1.01948820625
1312 1.02956954712
1313 1.03021418029
1314 1.02868376224
1315 1.0307233155
1316 1.03404277137
1317 1.02885485019
1318 1.02894861886
1319 1.01582567131
1320 1.04129700027
1321 1.01748611917
1322 1.01522026547
1323 1.01866914799
1324 1.01535406348
1325 1.01901139344
1326 1.01511974084
1327 1.03326917968
1328 1.03404277137
1329 1.01746827186
1330 1.02032041352
1331 1.0238960786
1332 1.03312087944
1333 1.01491166682
1334 1.0263183183
1335 1.01563737092
1336 1.02039114764
1337 1.01990477649
1338 1.02011675191
1339 1.01929104276
1340 1.02851929711
1341 1.0180955595
1342 1.03162000969
1343 1.0328486498
1344 1.03587837943
1345 1.02633110645
1346 1.03348390345
1347 1.02192510397
1348 1.02552081748
1349 1.01645973938
1350 1.02050550914
1351 1.04160420642
1352 1.03383877714
1353 1.02271754259
1354 1.03207913702
1355 1.02220845292
1356 1.02538718288
1357 1.0241803304
1358 1.03413203623
1359 1.03114356468
1360 1.02519562993
1361 1.03362528453
1362 1.0161574176
1363 1.03454074529
1364 1.0239020275
1365 1.02776708548
1366 1.02465215316
1367 1.02945782274
1368 1.02768043238
1369 1.02591414465
1370 1.03727369079
1371 1.03187834305
1372 1.03074049761
1373 1.02130719056
1374 1.02933817293
1375 1.03075000968
1376 1.03428116114
1377 1.03073332238
1378 1.03347651391
1379 1.03123499922
1380 1.03263528911
1381 1.03752172528
1382 1.02941212221
1383 1.02602608761
1384 1.02629130681
1385 1.03765090316
1386 1.03816420659
1387 1.03858924198
1388 1.04367036036
1389 1.03076032015
1390 1.03507970303
1391 1.02601226499
1392 1.02854153688
1393 1.03020128874
1394 1.03174720243
1395 1.02719278501
1396 1.03204221429
1397 1.03128858206
1398 1.0326655241
1399 1.0234507361
1400 1.02326424628
1401 1.0363905304
1402 1.01580092355
1403 1.03528266856
1404 1.03997395125
1405 1.03606443094
1406 1.04004173035
1407 1.03646529663
1408 1.03850670375
1409 1.02480960129
1410 1.02785287632
1411 1.03594221545
1412 1.02571755323
1413 1.02382868888
1414 1.02351574975
1415 1.03482342844
1416 1.03414083936
1417 1.0316309922
1418 1.03077221335
1419 1.01615190326
1420 1.03203715801
1421 1.02775483315
1422 1.03215289054
1423 1.03669841007
1424 1.02621382429
1425 1.03751514697
1426 1.0246615336
1427 1.03916680259
1428 1.02742091049
1429 1.02679949245
1430 1.03586996055
1431 1.02556471339
1432 1.02917845126
1433 1.03722866259
1434 1.02579138668
1435 1.03277966112
1436 1.02076598877
1437 1.02587762891
1438 1.02994469902
1439 1.03398895873
1440 1.02252307328
1441 1.02514728422
1442 1.02361175792
1443 1.01738884731
1444 1.03179727049
1445 1.03764205485
1446 1.02347124554
1447 1.03585917604
1448 1.03582481686
1449 1.02909268658
1450 1.03036199805
1451 1.03423100174
1452 1.03156963373
1453 1.04448181584
1454 1.01372141913
1455 1.03335535567
1456 1.04469325052
1457 1.03198763005
1458 1.02626597834
1459 1.02618067242
1460 1.01448525629
1461 1.02437420106
1462 1.03267479388
1463 1.03160998968
1464 1.03672016607
1465 1.03758636673
1466 1.01435156797
1467 1.03602731807
1468 1.02181447754
1469 1.02808869313
1470 1.03040204521
1471 1.03099936749
1472 1.03286467503
1473 1.02851068614
1474 1.03053365059
1475 1.02285130683
1476 1.02979994545
1477 1.03349086149
1478 1.03226506397
1479 1.03129165079
1480 1.02888560511
1481 1.03265545357
1482 1.03678946046
1483 1.0412072473
1484 1.03439848801
1485 1.03819151223
1486 1.03195117467
1487 1.03567350291
1488 1.02739755926
1489 1.02765029239
1490 1.03759786679
1491 1.04523900787
1492 1.03508150988
1493 1.04080958241
1494 1.02151203677
1495 1.04111622105
1496 1.03137986188
1497 1.03758093272
1498 1.02341766926
1499 1.03216010558
1500 1.02784781959
1501 1.02647873435
1502 1.03039054101
1503 1.02313623979
1504 1.02820752018
1505 1.02505697542
1506 1.0238577157
1507 1.02810574131
1508 1.02833847224
1509 1.0291007479
1510 1.02319919702
1511 1.02515877077
1512 1.02391183152
1513 1.02656887586
1514 1.02544278731
1515 1.02926436096
1516 1.03355014886
1517 1.02640885603
1518 1.02689984555
1519 1.0319920079
1520 1.03204101526
1521 1.04319684063
1522 1.02756852074
1523 1.03423547751
1524 1.03566112089
1525 1.035375496
1526 1.03014025353
1527 1.02454820724
1528 1.03052968244
1529 1.03464056712
1530 1.02109816085
1531 1.02036389349
1532 1.0180070519
1533 1.03640163267
1534 1.02910490554
1535 1.01215640565
1536 1.01441115876
1537 1.01452850676
1538 1.03269304412
1539 1.03023375006
1540 1.03285151641
1541 1.04248938055
1542 1.03593560564
1543 1.03284518716
1544 1.03143463838
1545 1.02361031167
1546 1.01289307084
1547 1.03218495546
1548 1.03515429724
1549 1.01530756605
1550 1.0336090623
1551 1.01442422046
1552 1.03053684538
1553 1.03271377812
1554 1.01476815825
1555 1.02216908529
1556 1.03152548164
1557 1.01456124512
1558 1.01568173677
1559 1.02078493491
1560 1.01343509762
1561 1.0210717303
1562 1.02144281853
1563 1.02059512157
1564 1.03835351227
1565 1.02936655978
1566 1.02566196348
1567 1.02036795815
1568 1.02338292001
1569 1.03076502967
1570 1.02288907846
1571 1.01287662823
1572 1.0210337706
1573 1.02956986535
1574 1.02812878312
1575 1.02170798745
1576 1.01217483249
1577 1.03153264563
1578 1.02842498449
1579 1.03182947488
1580 1.04715867745
1581 1.03485615146
1582 1.03112409515
1583 1.01725182549
1584 1.02278452098
1585 1.01647588909
1586 1.01448830306
1587 1.02555965184
1588 1.01458826684
1589 1.03489536215
1590 1.03219582735
1591 1.01314808998
1592 1.0306194802
1593 1.03158168797
1594 1.0362446357
1595 1.03255773317
1596 1.01349137229
1597 1.03449861084
1598 1.0346709823
1599 1.03191153474
1600 1.03065455255
1601 1.02764182556
1602 1.03309736659
1603 1.0249595377
1604 1.03292012462
1605 1.03307338614
1606 1.02676633452
1607 1.02656485117
1608 1.02334786057
1609 1.03024908046
1610 1.02082650216
1611 1.03069665507
1612 1.02382163712
1613 1.03378142025
1614 1.02991769007
1615 1.03897208381
1616 1.03454410782
1617 1.03871377249
1618 1.02870078657
1619 1.02924114023
1620 1.01478651904
1621 1.03233905233
1622 1.02954816125
1623 1.02622370082
1624 1.03066767458
1625 1.02435642842
1626 1.02274036409
1627 1.01717174945
1628 1.02034453217
1629 1.02409480528
1630 1.01962078044
1631 1.01480538133
1632 1.01452795408
1633 1.01482031106
1634 1.02080953725
1635 1.02186671525
1636 1.01440388348
1637 1.01520106791
1638 1.01651210175
1639 1.01538473367
1640 1.0232733004
1641 1.02624824061
1642 1.02764982023
1643 1.0152608685
1644 1.02857238272
1645 1.03364299043
1646 1.02866603425
1647 1.02123010255
1648 1.02732746831
1649 1.02948082888
1650 1.02306753117
1651 1.02829739097
1652 1.02121430176
1653 1.03297798552
1654 1.02697772606
1655 1.02002669501
1656 1.0342348726
1657 1.03183396955
1658 1.03455156486
1659 1.02414652739
1660 1.02966474523
1661 1.03522540074
1662 1.03532716082
1663 1.03386723368
1664 1.0375307331
1665 1.02483850559
1666 1.03221265071
1667 1.02606661699
1668 1.02306856821
1669 1.03403119328
1670 1.02921626396
1671 1.04325942554
1672 1.02278864096
1673 1.02314569169
1674 1.01808972792
1675 1.02803216611
1676 1.01631819721
1677 1.03592242882
1678 1.01469982615
1679 1.02156918355
1680 1.02994612904
1681 1.02712572148
1682 1.02586940567
1683 1.03378596358
1684 1.03673836095
1685 1.03092736387
1686 1.03060715539
1687 1.03096466554
1688 1.03324682661
1689 1.02615433737
1690 1.02775140859
1691 1.03387818136
1692 1.02098182523
1693 1.02739614144
1694 1.0293197056
1695 1.02881461403
1696 1.01945008722
1697 1.02904824977
1698 1.02537399491
1699 1.03154625881
1700 1.0262332204
1701 1.02812140659
1702 1.03358573459
1703 1.0297702617
1704 1.03504441614
1705 1.01941670367
1706 1.02873044973
1707 1.03472359955
1708 1.02242978613
1709 1.02847694168
1710 1.03131492221
1711 1.02829007487
1712 1.03179870837
1713 1.0311095446
1714 1.0220309004
1715 1.03253801036
1716 1.03156966932
1717 1.02064494308
1718 1.03047921815
1719 1.03313544733
1720 1.02073114125
1721 1.0256907177
1722 1.02890579155
1723 1.03347314982
1724 1.02582471505
1725 1.02305372505
1726 1.03608526062
1727 1.03391824284
1728 1.02058264667
1729 1.03547759524
1730 1.02076727541
1731 1.02424357984
1732 1.03052474368
1733 1.03763756524
1734 1.03751788873
1735 1.03322495091
1736 1.03137979988
1737 1.02915946773
1738 1.02819929849
1739 1.03389027207
1740 1.03287802658
1741 1.03243693533
1742 1.03257981969
1743 1.02627935618
1744 1.03724157987
1745 1.02996553357
1746 1.03257609247
1747 1.02776576181
1748 1.02550346977
1749 1.03547213529
1750 1.0275846865
1751 1.01146079044
1752 1.03148501023
1753 1.02891136023
1754 1.01821195121
1755 1.01795380937
1756 1.02327967855
1757 1.03936571842
1758 1.03547270746
1759 1.03551367856
1760 1.03581464242
1761 1.03829840855
1762 1.02980938028
1763 1.02742731648
1764 1.0205715019
1765 1.02914090673
1766 1.02795635564
1767 1.02447564613
1768 1.03783694548
1769 1.03422529639
1770 1.03646131428
1771 1.03265418509
1772 1.04480878439
1773 1.031250453
1774 1.02870853483
1775 1.03291675873
1776 1.03182808088
1777 1.03278810954
1778 1.04472559649
1779 1.03210787163
1780 1.04379914128
1781 1.02303501075
1782 1.04178911807
1783 1.0220510102
1784 1.03033028181
1785 1.03376730831
1786 1.04456144671
1787 1.02203097472
1788 1.02647734837
1789 1.03227864451
1790 1.03474361547
1791 1.03357916901
1792 1.02665521339
1793 1.03159244898
1794 1.04367166883
1795 1.03398223832
1796 1.04594037399
1797 1.02851628876
1798 1.02993775583
1799 1.01793484482
1800 1.02586861159
1801 1.0236444429
1802 1.02895197424
1803 1.03304573725
1804 1.0285447885
1805 1.01864480266
1806 1.02990889859
1807 1.02752971162
1808 1.02878252222
1809 1.0244487637
1810 1.03197828073
1811 1.02289385457
1812 1.02988251892
1813 1.02250028209
1814 1.04370615679
1815 1.03165405064
1816 1.0312378482
1817 1.03984490486
1818 1.03544277047
1819 1.03359097336
1820 1.02256568026
1821 1.03326971827
1822 1.02332955569
1823 1.02743431062
1824 1.02317875675
1825 1.01482611967
1826 1.03440299398
1827 1.030628882
1828 1.02550524255
1829 1.02678313914
1830 1.02869883585
1831 1.02628496024
1832 1.02630918788
1833 1.03419401975
1834 1.03108667091
1835 1.02731373879
1836 1.02500744171
1837 1.04175536003
1838 1.01987417168
1839 1.02813839043
1840 1.03612124932
1841 1.0374235205
1842 1.0226286608
1843 1.02402452032
1844 1.02290157197
1845 1.02480953529
1846 1.02229234055
1847 1.01729365516
1848 1.01534823883
1849 1.03409692744
1850 1.03740365754
1851 1.02987006588
1852 1.03783304097
1853 1.03379658881
1854 1.02095795881
1855 1.02574503786
1856 1.02573588301
1857 1.01878424914
1858 1.01997727148
1859 1.03104769541
1860 1.03110939141
1861 1.02815176098
1862 1.03259314422
1863 1.03121228472
1864 1.0272558754
1865 1.02739243868
1866 1.02842719923
1867 1.02804758199
1868 1.03183954498
1869 1.02341022619
1870 1.03983690951
1871 1.02018096042
1872 1.03657791937
1873 1.03421882149
1874 1.02896749116
1875 1.01532858532
1876 1.02169695366
1877 1.01981760489
1878 1.03120426362
1879 1.02598648865
1880 1.03390340452
1881 1.01971217063
1882 1.04717651524
1883 1.03395255254
1884 1.02753038518
1885 1.02691107033
1886 1.0235329951
1887 1.03334024898
1888 1.02821830106
1889 1.01610067013
1890 1.02294123438
1891 1.04081327144
1892 1.01482112022
1893 1.02956568595
1894 1.03463438544
1895 1.02916877924
1896 1.04681918718
1897 1.03454919705
1898 1.02753976155
1899 1.0297518505
1900 1.02077685639
1901 1.03290603906
1902 1.03695899443
1903 1.03424431615
1904 1.03659835158
1905 1.03291944765
1906 1.02844652293
1907 1.02966570987
1908 1.03453841959
1909 1.03255278549
1910 1.03072699808
1911 1.03286084884
1912 1.030372673
1913 1.03081856632
1914 1.02392873313
1915 1.03146095764
1916 1.03218247517
1917 1.02702208163
1918 1.02927666118
1919 1.03489933382
1920 1.03126260011
1921 1.02718913645
1922 1.0242406133
1923 1.02581293211
1924 1.0340234806
1925 1.03425951877
1926 1.03429869211
1927 1.02589896115
1928 1.02689054781
1929 1.03310632927
1930 1.02994334275
1931 1.02058872471
1932 1.03377656813
1933 1.0309249029
1934 1.03153058372
1935 1.02657182608
1936 1.03084110207
1937 1.03594781279
1938 1.03255980839
1939 1.02339469931
1940 1.0364287934
1941 1.03425679068
1942 1.03911620725
1943 1.01615139443
1944 1.03628784948
1945 1.03639031561
1946 1.03460053151
1947 1.02492992161
1948 1.03037607892
1949 1.03376925361
1950 1.03280997961
1951 1.0248844966
1952 1.02345131912
1953 1.03228145051
1954 1.03482927342
1955 1.03327918677
1956 1.03295417387
1957 1.03623721183
1958 1.0245186858
1959 1.01485566048
1960 1.02261616731
1961 1.03072351041
1962 1.02929834643
1963 1.0277610975
1964 1.02115948943
1965 1.03229303201
1966 1.03378019703
1967 1.02212840152
1968 1.02831839034
1969 1.02375022814
1970 1.04039688066
1971 1.03079170867
1972 1.02951721681
1973 1.02369073671
1974 1.02491206016
1975 1.015996733
1976 1.01992091982
1977 1.02972950794
1978 1.02645911649
1979 1.0254399257
1980 1.02581017155
1981 1.03355222674
1982 1.03263135848
1983 1.03215510083
1984 1.02401363752
1985 1.02168709994
1986 1.03074583181
1987 1.03273477777
1988 1.0233254515
1989 1.01978755315
1990 1.0275760822
1991 1.02210785189
1992 1.02683365392
1993 1.02005617512
1994 1.02789885155
1995 1.03934461749
1996 1.02108288581
1997 1.02874717121
1998 1.01726851726
1999 1.02706499113
2000 1.01886380958
2001 1.01600181482
2002 1.0215580133
2003 1.03284329581
2004 1.01822937473
2005 1.01771040586
2006 1.03660804119
2007 1.02878038447
2008 1.02231237631
2009 1.02941655084
2010 1.0256269444
2011 1.02362447398
2012 1.01885177403
2013 1.03071433675
2014 1.02339633145
2015 1.02131083331
2016 1.02129884475
2017 1.02741831125
2018 1.01988919757
2019 1.02219088424
2020 1.03259158368
2021 1.02658429612
2022 1.03408991695
2023 1.03781017934
2024 1.03313306862
2025 1.02147528494
2026 1.02955212138
2027 1.01451314577
2028 1.02727455634
2029 1.02763716069
2030 1.0270925217
2031 1.0294406821
2032 1.02214402488
2033 1.02378087713
2034 1.02918160273
2035 1.02473970594
2036 1.02379330423
2037 1.03597177102
2038 1.02671867695
2039 1.02737850254
2040 1.03227366568
2041 1.02556519712
2042 1.02412727684
2043 1.03537235248
2044 1.02225272988
2045 1.03264473981
2046 1.03542909236
2047 1.0327991969
2048 1.02726770254
2049 1.02992025993
2050 1.0369422011
2051 1.02429287764
2052 1.02490616366
2053 1.03522155092
2054 1.03865638242
2055 1.03232665146
2056 1.03460022634
2057 1.03118412827
2058 1.03666847166
2059 1.03654400831
2060 1.02319472039
2061 1.0243129073
2062 1.03244022419
2063 1.03236992722
2064 1.03084858384
2065 1.0347285999
2066 1.03146758106
2067 1.03019568665
2068 1.02977156348
2069 1.02807993812
2070 1.03543629891
2071 1.02620100752
2072 1.03982399364
2073 1.0277506147
2074 1.0294139746
2075 1.03427313177
2076 1.02744784294
2077 1.02681106163
2078 1.04531643576
2079 1.03048836585
2080 1.03581485473
2081 1.02952460212
2082 1.02384768936
2083 1.02336757673
2084 1.01420402038
2085 1.02887208205
2086 1.02760565096
2087 1.02205192689
2088 1.02976986429
2089 1.03555771645
2090 1.02344561633
2091 1.02344567922
2092 1.0284252391
2093 1.02462850586
2094 1.02629003473
2095 1.03361440753
2096 1.03036968472
2097 1.03520185087
2098 1.03143128211
2099 1.02830270735
2100 1.03142826471
2101 1.03143578103
2102 1.01524221903
2103 1.0217270068
2104 1.0235366377
2105 1.02229931631
2106 1.01420479061
2107 1.03141061074
2108 1.02257755716
2109 1.02394108867
2110 1.02512614532
2111 1.02450681513
2112 1.03135985886
2113 1.02694995946
2114 1.03329089153
2115 1.02932709733
2116 1.03131054917
2117 1.02627441652
2118 1.03238773324
2119 1.02909120635
2120 1.03163158697
2121 1.03004491361
2122 1.03262569983
2123 1.0331360351
2124 1.02986211058
2125 1.03755032661
2126 1.03594953441
2127 1.03543569743
2128 1.02879654983
2129 1.03857853474
2130 1.03974405869
2131 1.03238278022
2132 1.027599075
2133 1.02855835613
2134 1.03155106523
2135 1.02826174978
2136 1.02406915816
2137 1.03567981444
2138 1.02872729943
2139 1.02241805109
2140 1.02734972044
2141 1.03145130724
2142 1.02837553046
2143 1.02835807442
2144 1.0334571196
2145 1.03131372452
2146 1.0352885616
2147 1.0229276888
2148 1.02542350721
2149 1.02370869766
2150 1.02333914287
2151 1.02897688145
2152 1.03695926441
2153 1.03215621807
2154 1.02077923305
2155 1.02171520248
2156 1.02276652285
2157 1.01465531562
2158 1.02225870547
2159 1.02218176985
2160 1.02573534256
2161 1.02080678619
2162 1.03069375128
2163 1.02439178022
2164 1.03034780417
2165 1.02644328222
2166 1.02927623425
2167 1.01973894205
2168 1.02906182551
2169 1.02406309939
2170 1.0261998907
2171 1.02261855652
2172 1.0275541739
2173 1.02882885122
2174 1.02520985019
2175 1.02158573375
2176 1.02573713104
2177 1.03118773096
2178 1.03077747265
2179 1.02456767766
2180 1.0313429163
2181 1.0332883545
2182 1.02922414857
2183 1.02676873975
2184 1.0272404207
2185 1.02171971529
2186 1.02412525657
2187 1.03484208402
2188 1.03578831711
2189 1.02316086541
2190 1.03171985991
2191 1.03750635937
2192 1.03460473275
2193 1.02767569903
2194 1.01740797795
2195 1.02720207926
2196 1.02003080788
2197 1.0228033049
2198 1.01585312299
2199 1.02518083582
2200 1.02363696571
2201 1.02426428434
2202 1.02484097253
2203 1.02743004147
2204 1.0138920262
2205 1.02336082464
2206 1.02659247576
2207 1.03096498321
2208 1.03089468301
2209 1.01894484089
2210 1.03329809939
2211 1.02581160067
2212 1.02668521623
2213 1.02322365476
2214 1.02813357907
2215 1.03150006452
2216 1.02686579334
2217 1.02864300168
2218 1.02903007169
2219 1.0286778114
2220 1.02594330182
2221 1.02286276999
2222 1.02372750531
2223 1.01389289622
2224 1.02918028304
2225 1.03162145704
2226 1.01729192207
2227 1.03421042617
2228 1.03628110288
2229 1.02391954188
2230 1.01705635667
2231 1.02957899171
2232 1.0342836142
2233 1.02837553046
2234 1.03342147327
2235 1.03292217751
2236 1.02864300961
2237 1.0274542809
2238 1.02832533832
2239 1.03742201041
2240 1.02222901462
2241 1.03700327378
2242 1.03497390606
2243 1.0310920395
2244 1.03149178449
2245 1.0323923203
2246 1.03400724302
2247 1.03228370499
2248 1.03075168018
2249 1.02945941306
2250 1.02910824456
2251 1.01389827934
2252 1.03364314391
2253 1.02768527146
2254 1.03314077738
2255 1.02837553046
2256 1.02392233663
2257 1.03015590016
2258 1.02848455175
2259 1.01344178934
2260 1.02778586206
2261 1.02005909805
2262 1.0240738892
2263 1.02536440689
2264 1.02837553046
2265 1.02916319208
2266 1.02353669185
2267 1.03351293276
2268 1.02615859618
2269 1.01311738645
2270 1.04149575169
2271 1.03672654624
2272 1.0324521578
2273 1.02956994478
2274 1.03203740751
2275 1.03157454937
2276 1.03222846224
2277 1.02999581805
2278 1.03496767058
2279 1.03044091079
2280 1.03162432735
2281 1.03059246489
2282 1.03035548414
2283 1.02627529552
2284 1.02837963025
2285 1.03320281703
2286 1.03130286016
2287 1.02824973667
2288 1.03089976186
2289 1.02177690687
2290 1.02972358962
2291 1.01725212271
2292 1.01886064956
2293 1.03147633795
2294 1.01454253727
2295 1.01304630486
2296 1.02612254531
2297 1.03135789501
2298 1.03121175652
2299 1.02886677612
2300 1.02837224322
2301 1.03397298469
2302 1.0271295837
2303 1.03090601717
2304 1.02992436328
2305 1.02583321691
2306 1.03238352297
2307 1.02841296687
2308 1.03367603075
2309 1.03463719241
2310 1.0367769308
2311 1.03027236386
2312 1.03471367206
2313 1.0291334816
2314 1.03008400249
2315 1.03756786355
2316 1.02604536466
2317 1.03591115547
2318 1.03503174995
2319 1.03303589217
2320 1.02609485763
2321 1.03001468895
2322 1.02300937223
2323 1.02822881273
2324 1.02874238058
2325 1.03074236073
2326 1.04143796546
2327 1.02956877822
2328 1.03174256605
2329 1.02806899123
2330 1.02723469436
2331 1.02878997068
2332 1.03238752392
2333 1.02035091426
2334 1.02917188509
2335 1.02921612497
2336 1.02748395025
2337 1.03029799486
2338 1.02163718148
2339 1.03261465117
2340 1.0363550035
2341 1.0326658274
2342 1.02777805462
2343 1.03469065618
2344 1.03343000778
2345 1.03719804163
2346 1.03414819003
2347 1.03331228413
2348 1.0325600693
2349 1.03388964519
2350 1.03200256152
2351 1.03897638338
2352 1.03146011868
2353 1.02823983863
2354 1.03071014268
2355 1.03419997576
2356 1.02862731536
2357 1.03655463681
2358 1.02912900416
2359 1.02541832475
2360 1.02805397466
2361 1.02707354218
2362 1.02729589713
2363 1.02776489976
2364 1.02974854193
2365 1.02177760919
2366 1.02636938331
2367 1.025825969
2368 1.01749620623
2369 1.01758953135
2370 1.01669323227
2371 1.02222993155
2372 1.0212995388
2373 1.02151379432
2374 1.01508968818
2375 1.01530364303
2376 1.01544336972
2377 1.01543672824
2378 1.02218641133
2379 1.01870358565
2380 1.02095047166
2381 1.02055133627
2382 1.02181580343
2383 1.01949399793
2384 1.01873689879
2385 1.0243980873
2386 1.02091223316
2387 1.02192012289
2388 1.0298767298
2389 1.02432769443
2390 1.03823660286
2391 1.02736659499
2392 1.0291964882
2393 1.02217105943
2394 1.0167219875
2395 1.02975305881
2396 1.02553045655
2397 1.0212519101
2398 1.03630873399
2399 1.02543287235
2400 1.03240556357
2401 1.02116723815
2402 1.031137435
2403 1.02202506872
2404 1.03336999037
2405 1.01879045706
2406 1.01876752366
2407 1.0298576812
2408 1.01659618749
2409 1.03464798961
2410 1.02519382184
2411 1.02904471874
2412 1.03255094819
2413 1.02690384714
2414 1.02958793869
2415 1.01664645924
2416 1.03579944743
2417 1.03030313298
2418 1.03052103182
2419 1.02069666554
2420 1.02299893881
2421 1.01618396596
2422 1.02628012511
2423 1.03339537727
2424 1.02644644134
2425 1.02541900867
2426 1.03324430336
2427 1.03137281105
2428 1.02203935395
2429 1.03578939358
2430 1.02641704981
2431 1.02694215916
2432 1.01148394044
2433 1.02137624983
2434 1.01527707601
2435 1.0226641525
2436 1.02817423806
2437 1.02634156107
2438 1.03004158009
2439 1.03966018553
2440 1.04097243405
2441 1.02928765182
2442 1.0262093753
2443 1.03302882727
2444 1.01668995631
2445 1.03670259557
2446 1.02652597668
2447 1.01927267787
2448 1.01983133311
2449 1.03275148938
2450 1.02788213966
2451 1.02766292615
2452 1.01676751954
2453 1.01481698955
2454 1.01991491175
2455 1.02552144897
2456 1.01479321956
2457 1.0177572954
2458 1.02008130289
2459 1.02510670497
2460 1.01778269653
2461 1.02185501705
2462 1.02647543385
2463 1.01658709939
2464 1.01814929084
2465 1.0284060776
2466 1.01481474949
2467 1.02756667272
2468 1.01304630486
2469 1.03195542617
2470 1.01881568444
2471 1.03720365211
2472 1.02853435476
2473 1.03380296941
2474 1.01965524295
2475 1.01768329239
2476 1.01970811977
2477 1.0250584653
2478 1.02565362217
2479 1.03162145703
2480 1.02973562393
2481 1.032547345
2482 1.03174090411
2483 1.03417473714
2484 1.02947596023
2485 1.02868329653
2486 1.0257118016
2487 1.02874730378
2488 1.03182103048
2489 1.02216688337
2490 1.03285070781
2491 1.03429161391
2492 1.02488438176
2493 1.03417285694
2494 1.03629608241
2495 1.03823837888
2496 1.03555784557
2497 1.03165143747
2498 1.03480843613
2499 1.0327416873
2500 1.0429320358
2501 1.03235989138
2502 1.03944320608
2503 1.03168699461
2504 1.03649387122
2505 1.03295338584
2506 1.03427313177
2507 1.03579606618
2508 1.03363587766
2509 1.03271307436
2510 1.03324243207
2511 1.03570579441
2512 1.0313910155
2513 1.03195687719
2514 1.03446834585
2515 1.03319720417
2516 1.02989800923
*Step  = 4
*Time  = 0.8
*Data  = Fzz
1 1.04165952687
2 1.037619647
3 1.04302400478
4 1.03832704602
5 1.04221366923
6 1.04454897037
7 1.04334991553
8 1.04403229898
9 1.04025712284
10 1.03292430079
11 1.0406757575
12 1.03358725684
13 1.03075829604
14 1.04197283598
15 1.04461185528
16 1.03935334512
17 1.05065741113
18 1.04140808614
19 1.04114978011
20 1.04431034157
21 1.0343897185
22 1.03503574554
23 1.0351808819
24 1.03982416328
25 1.04348347994
26 1.04447975071
27 1.03768192726
28 1.04536511715
29 1.03750850677
30 1.03374175586
31 1.04289764542
32 1.04504720092
33 1.04688764629
34 1.04602239674
35 1.04356251803
36 1.04174171177
37 1.04546115655
38 1.04844548044
39 1.04106362082
40 1.02477225789
41 1.03694416042
42 1.04498693476
43 1.03463897365
44 1.04560396404
45 1.04717409405
46 1.03142897623
47 1.05247702855
48 1.0433896645
49 1.04683352094
50 1.0338247534
51 1.03097795337
52 1.04270312738
53 1.03789045748
54 1.03052238418
55 1.03433060638
56 1.04854392474
57 1.03263260855
58 1.03893061442
59 1.03340187081
60 1.04881970713
61 1.04086342371
62 1.03687114689
63 1.04120858389
64 1.03683794439
65 1.03813770815
66 1.0416154271
67 1.02927810934
68 1.02960868038
69 1.04285776012
70 1.04849903458
71 1.04456451995
72 1.03703350905
73 1.03853936049
74 1.03388962044
75 1.04845120617
76 1.04673068755
77 1.03982566922
78 1.0267777817
79 1.04064516969
80 1.03831422802
81 1.03866312424
82 1.04810799481
83 1.04830824335
84 1.03970044062
85 1.03684142361
86 1.02122350487
87 1.03649229583
88 1.03929331107
89 1.04169038237
90 1.03342032265
91 1.03992238228
92 1.03623907042
93 1.03747275086
94 1.0312155917
95 1.03779709747
96 1.02281944476
97 1.03810973305
98 1.04543707739
99 1.02073376184
100 1.03471689845
101 1.03631847476
102 1.04044424247
103 1.04575076034
104 1.05301343816
105 1.04400300945
106 1.04389992882
107 1.036604912
108 1.03351543532
109 1.03028272758
110 1.04151946581
111 1.03812606402
112 1.04032962027
113 1.05754212345
114 1.04065980073
115 1.03632172588
116 1.0348830623
117 1.0392421151
118 1.03977434658
119 1.02168794213
120 1.04492369004
121 1.035486737
122 1.02591745026
123 1.02531422442
124 1.04857875981
125 1.04348595399
126 1.04456583135
127 1.05706656333
128 1.0409950652
129 1.04050034151
130 1.03791643831
131 1.0385722572
132 1.04887987498
133 1.03624021472
134 1.04233741827
135 1.04343331102
136 1.04032473456
137 1.04535483512
138 1.06090511515
139 1.02886101833
140 1.03580922645
141 1.0357025143
142 1.0379554186
143 1.03841162219
144 1.02414358137
145 1.03600030094
146 1.03540213697
147 1.04172606151
148 1.02403121109
149 1.03418898687
150 1.0444170439
151 1.04705765053
152 1.0250883782
153 1.03716834312
154 1.04217492091
155 1.02778033543
156 1.02835878321
157 1.04193241857
158 1.0485312907
159 1.04005266442
160 1.01710488325
161 1.05982035733
162 1.04399335196
163 1.03803904492
164 1.02927927729
165 1.03090594767
166 1.01891593295
167 1.04054257332
168 1.02988766247
169 1.04205325622
170 1.03694511296
171 1.03068153668
172 1.03993034218
173 1.0289072874
174 1.04783628712
175 1.0460400616
176 1.01825589298
177 1.04152861655
178 1.04885278329
179 1.02180090891
180 1.02134059093
181 1.04504197783
182 1.0428194186
183 1.03380449475
184 1.04627936474
185 1.03803162328
186 1.05192557292
187 1.03347187991
188 1.04036769645
189 1.01694049323
190 1.03225937637
191 1.02929170255
192 1.04278530567
193 1.03236148802
194 1.04356180557
195 1.04492369004
196 1.03133980217
197 1.03533281265
198 1.04492369004
199 1.02907750706
200 1.03406391116
201 1.01897814315
202 1.05673688558
203 1.04400344336
204 1.04341975857
205 1.04733365774
206 1.04849093775
207 1.04636520693
208 1.02302317286
209 1.04399335196
210 1.03469817351
211 1.01877855555
212 1.04802151291
213 1.01788337825
214 1.0233105851
215 1.05862191541
216 1.03977941447
217 1.04108913516
218 1.02250278805
219 1.05008823399
220 1.03730679153
221 1.038719316
222 1.04273309177
223 1.02902124407
224 1.02601300121
225 1.02856453031
226 1.03339425719
227 1.04145296838
228 1.03482889669
229 1.0356442308
230 1.04379771618
231 1.02467774545
232 1.02379572387
233 1.02102788641
234 1.03302787707
235 1.04040739169
236 1.03996814117
237 1.0311396292
238 1.02812933644
239 1.03892493353
240 1.03896459536
241 1.02412493855
242 1.04268952258
243 1.04195887361
244 1.02304131598
245 1.04566495918
246 1.02117065908
247 1.04393841697
248 1.04252511989
249 1.04344158381
250 1.0385192211
251 1.02887139727
252 1.04195887361
253 1.04063342723
254 1.03899573363
255 1.03271398541
256 1.03996507045
257 1.02258773761
258 1.02920205779
259 1.04207523351
260 1.04139445193
261 1.03238659793
262 1.03040416552
263 1.03626212578
264 1.04167831088
265 1.03384700293
266 1.02706770337
267 1.04207523351
268 1.0312725777
269 1.03459746529
270 1.01918437966
271 1.03482960589
272 1.01920604179
273 1.0382660417
274 1.03030401617
275 1.03814557519
276 1.03176497123
277 1.04566495918
278 1.0381782956
279 1.01923872573
280 1.03622611158
281 1.05782228774
282 1.03618869357
283 1.05922073148
284 1.05683368247
285 1.05663885967
286 1.05914121462
287 1.06181369027
288 1.05754212345
289 1.05917313368
290 1.05812731775
291 1.05789855054
292 1.03845185811
293 1.04207523351
294 1.04533515114
295 1.05365563459
296 1.05261454793
297 1.06181369027
298 1.05677545583
299 1.06035582861
300 1.06080636938
301 1.05671410309
302 1.06099995485
303 1.05683563063
304 1.06099995485
305 1.04001712884
306 1.02987151557
307 1.06059554994
308 1.0604840809
309 1.05551397809
310 1.05514176522
311 1.05115058829
312 1.05138304637
313 1.05255608051
314 1.04243475983
315 1.04349735738
316 1.05028383785
317 1.04208185938
318 1.04858797265
319 1.02554747485
320 1.05244476227
321 1.05275558989
322 1.03189336433
323 1.04325867001
324 1.0368675301
325 1.0552457277
326 1.05387239699
327 1.04323386177
328 1.04416240804
329 1.03574651375
330 1.0506217351
331 1.04311680655
332 1.04803331674
333 1.04028725448
334 1.05053340252
335 1.03352453287
336 1.05470212401
337 1.03793892835
338 1.03481802153
339 1.03465586575
340 1.04006555789
341 1.02389768552
342 1.04707880658
343 1.03457052078
344 1.02966905784
345 1.03494506046
346 1.02203645869
347 1.04661281434
348 1.03355739928
349 1.0500112686
350 1.02866204791
351 1.02747001254
352 1.03734590199
353 1.03746613289
354 1.03347858894
355 1.03631959938
356 1.03691093587
357 1.03183722036
358 1.03004876
359 1.02808094261
360 1.0332369742
361 1.04348713948
362 1.02811283476
363 1.02607872836
364 1.02415617431
365 1.03732730871
366 1.02512219815
367 1.02551284527
368 1.04222462516
369 1.0448146971
370 1.042360597
371 1.02418682854
372 1.04040784598
373 1.02479730593
374 1.02476895274
375 1.01995577624
376 1.01992934185
377 1.04421113477
378 1.03076961808
379 1.04435212981
380 1.02554356415
381 1.05165698091
382 1.03860636852
383 1.0211904291
384 1.02200517419
385 1.02058058697
386 1.02721258936
387 1.02087084985
388 1.02104292431
389 1.0250673672
390 1.02013606153
391 1.02131209862
392 1.04324669627
393 1.03415858349
394 1.02110044284
395 1.01866976395
396 1.03313726019
397 1.02097639793
398 1.01867142484
399 1.02150170952
400 1.03588854604
401 1.02893042745
402 1.04474253015
403 1.02122885215
404 1.02806176044
405 1.02672932373
406 1.019104902
407 1.01885313857
408 1.04928951152
409 1.01885016282
410 1.01772534258
411 1.01853232139
412 1.0185240162
413 1.03533736687
414 1.02789990771
415 1.03466881517
416 1.0194425034
417 1.0194450947
418 1.05183314561
419 1.03842715113
420 1.01591847178
421 1.03515802897
422 1.02855160214
423 1.01869126439
424 1.03666121287
425 1.04348465768
426 1.03589115209
427 1.04213887244
428 1.01869956571
429 1.02027069103
430 1.01872541763
431 1.01878223837
432 1.01828297332
433 1.02023236928
434 1.02197877016
435 1.03605661681
436 1.03656254301
437 1.01789554681
438 1.01797896005
439 1.01872880351
440 1.01895765489
441 1.03527950379
442 1.01777588643
443 1.01686058727
444 1.01990597943
445 1.02048125361
446 1.0330299951
447 1.0188074102
448 1.04267478184
449 1.02511593025
450 1.01945158571
451 1.03606345494
452 1.03889833947
453 1.01981087912
454 1.01973634045
455 1.02130813463
456 1.01919028138
457 1.02344562579
458 1.02480504972
459 1.02389874661
460 1.01694049323
461 1.03691013642
462 1.04050229166
463 1.0386535065
464 1.04560385005
465 1.04208185938
466 1.04945008678
467 1.04526735015
468 1.02544142577
469 1.04349321197
470 1.03904335487
471 1.03671807236
472 1.02062116842
473 1.02651065452
474 1.02162505622
475 1.02710034826
476 1.02570569786
477 1.02912634932
478 1.02933220085
479 1.03002796653
480 1.03189368183
481 1.03209072528
482 1.02865317853
483 1.03625870011
484 1.02700136328
485 1.03676937677
486 1.02641868916
487 1.03085667352
488 1.03179246372
489 1.0315851612
490 1.03601245635
491 1.03350128498
492 1.03270480165
493 1.03995651661
494 1.03772316417
495 1.02819854506
496 1.03508577284
497 1.03563041855
498 1.03548160634
499 1.03611750416
500 1.03773078987
501 1.03069246464
502 1.03443173021
503 1.03809269604
504 1.03765297986
505 1.03959921887
506 1.03944612307
507 1.04230103368
508 1.04056877101
509 1.02840079263
510 1.03002361847
511 1.03898123441
512 1.04136421219
513 1.03720514559
514 1.04266292311
515 1.04082310864
516 1.04315992402
517 1.04320525347
518 1.05150823708
519 1.05111549968
520 1.04922161964
521 1.04470756505
522 1.03618132053
523 1.05058894166
524 1.03659786441
525 1.05256042192
526 1.03537676242
527 1.04935051579
528 1.02985361912
529 1.05123953559
530 1.04562041139
531 1.03061785486
532 1.0464679286
533 1.03540159526
534 1.04196758826
535 1.03686516723
536 1.05543907577
537 1.01939932235
538 1.04348000614
539 1.04384019274
540 1.0576946422
541 1.05736976031
542 1.05810517003
543 1.03794749963
544 1.05765561168
545 1.05801435516
546 1.06203361104
547 1.06494167348
548 1.06375368417
549 1.06394606952
550 1.06494167348
551 1.06214882192
552 1.05940666821
553 1.05940666821
554 1.05931492276
555 1.05934833889
556 1.06227710087
557 1.06231283456
558 1.06255506472
559 1.06262871355
560 1.05811784832
561 1.05811784832
562 1.06211607065
563 1.05940666821
564 1.06008466465
565 1.06002554314
566 1.05891824662
567 1.05938997316
568 1.06340199148
569 1.06321415193
570 1.05629057034
571 1.05595087854
572 1.06114366934
573 1.05717865799
574 1.04946136497
575 1.06114366934
576 1.05747011765
577 1.06155301496
578 1.06144537224
579 1.05778917582
580 1.06005724818
581 1.04937943491
582 1.0490359759
583 1.05116278723
584 1.03673411503
585 1.05190085706
586 1.05217045863
587 1.04411775819
588 1.04425277504
589 1.03708970339
590 1.04608314607
591 1.04163697388
592 1.0495179903
593 1.04364313059
594 1.03991801558
595 1.04318284834
596 1.04182837659
597 1.04028747851
598 1.04197689347
599 1.04115465051
600 1.03471073475
601 1.04031994967
602 1.04366577241
603 1.02892997554
604 1.04122264096
605 1.04515362277
606 1.03365804349
607 1.03017315583
608 1.0411110585
609 1.04188960662
610 1.03824532584
611 1.03073875534
612 1.03836761414
613 1.04386765466
614 1.04457285061
615 1.03612435381
616 1.03724562911
617 1.04621055334
618 1.04139647891
619 1.04420008679
620 1.04636284442
621 1.03585244391
622 1.04427444544
623 1.04161938937
624 1.0310576847
625 1.02274766312
626 1.02847950486
627 1.02041153209
628 1.02023030313
629 1.0388563649
630 1.04420050737
631 1.04684155119
632 1.05583570841
633 1.06189743963
634 1.03771888544
635 1.02850486838
636 1.02573537101
637 1.03444884459
638 1.03527598593
639 1.04977467737
640 1.03893570261
641 1.03484855372
642 1.01875718952
643 1.04121368159
644 1.04703503242
645 1.0488874451
646 1.04935451401
647 1.04662879653
648 1.02756768301
649 1.05683533937
650 1.05682358857
651 1.03703008558
652 1.0487981927
653 1.03852038985
654 1.02730904255
655 1.02261063049
656 1.02360826568
657 1.04580291735
658 1.02471701679
659 1.02418108929
660 1.04009036902
661 1.02319756056
662 1.02337228541
663 1.04869878338
664 1.02862128229
665 1.03614528124
666 1.02714340943
667 1.02594375664
668 1.02632568158
669 1.04874295418
670 1.02957406669
671 1.02996346098
672 1.03776361786
673 1.02668428216
674 1.03595407857
675 1.03423273114
676 1.0279473571
677 1.03731910701
678 1.04557717244
679 1.04287557575
680 1.04113566275
681 1.02524532413
682 1.02842974576
683 1.03303604898
684 1.04638900083
685 1.04358969005
686 1.04304226637
687 1.0485716054
688 1.04798570313
689 1.05452310562
690 1.05369816966
691 1.054176923
692 1.05388485896
693 1.0510069592
694 1.017241441
695 1.04197995713
696 1.0573814978
697 1.05794926838
698 1.05748772235
699 1.05742974371
700 1.05675906946
701 1.05742974371
702 1.05973122927
703 1.05746980153
704 1.05844305437
705 1.05850072836
706 1.04566495918
707 1.05883260412
708 1.05778917582
709 1.06223488834
710 1.02735931261
711 1.02183576789
712 1.05329677937
713 1.05307973982
714 1.04533161454
715 1.03359946572
716 1.04560371878
717 1.03479008549
718 1.03443083022
719 1.04165183867
720 1.03732038271
721 1.02578325583
722 1.02543042043
723 1.03982347168
724 1.05246625802
725 1.03166683248
726 1.03135163795
727 1.03676821806
728 1.03826097177
729 1.04664741475
730 1.02320112237
731 1.0462483782
732 1.04297057326
733 1.02464466796
734 1.04446104853
735 1.04477647741
736 1.02999429349
737 1.02771883897
738 1.02858723947
739 1.03299804783
740 1.03604283671
741 1.04361242117
742 1.05233717817
743 1.05372710443
744 1.05569213519
745 1.04145991225
746 1.05249273906
747 1.05257158839
748 1.06074176497
749 1.05883260412
750 1.06230109501
751 1.06248697131
752 1.05778917582
753 1.04954087126
754 1.04945734137
755 1.05804396065
756 1.04718663432
757 1.04312251141
758 1.04387383091
759 1.03337421849
760 1.02923584799
761 1.02779793891
762 1.04933015524
763 1.02606366377
764 1.0227177416
765 1.01932463024
766 1.0208119433
767 1.02352752417
768 1.03589840128
769 1.03889460638
770 1.04473044659
771 1.03630908915
772 1.03106608046
773 1.02333600632
774 1.03314749419
775 1.04424370328
776 1.02664646642
777 1.03017521067
778 1.03066636468
779 1.03378675439
780 1.02640437446
781 1.04401968564
782 1.04955001257
783 1.04995977575
784 1.05031451864
785 1.06077838137
786 1.06071896266
787 1.05868289114
788 1.05716190006
789 1.05670051217
790 1.05801528666
791 1.06292820503
792 1.06277532798
793 1.06248697131
794 1.05042846915
795 1.04130480312
796 1.04300848989
797 1.03413143481
798 1.02906884564
799 1.03395588597
800 1.03002475024
801 1.03153808662
802 1.06258351382
803 1.02679936501
804 1.02551242891
805 1.02322811077
806 1.0237825721
807 1.05107454851
808 1.04509881696
809 1.02071143417
810 1.02117327743
811 1.0202357186
812 1.02020647086
813 1.02003045744
814 1.01945196159
815 1.02094940756
816 1.01718914997
817 1.02305335853
818 1.02647716251
819 1.02510943499
820 1.02461181512
821 1.02720390412
822 1.02999514003
823 1.03014259384
824 1.02878190723
825 1.03593031283
826 1.02648621443
827 1.04716371425
828 1.03343845868
829 1.05107553223
830 1.04500747651
831 1.03404465832
832 1.05489977257
833 1.05868289114
834 1.05379696942
835 1.05289391442
836 1.05990921806
837 1.05984354938
838 1.06356923766
839 1.03125212434
840 1.04898329357
841 1.04389992882
842 1.03080434781
843 1.04951146582
844 1.04022965227
845 1.03922344949
846 1.02080905426
847 1.0372223146
848 1.0403775302
849 1.02472486179
850 1.02629884017
851 1.04462803479
852 1.0255379
853 1.03444261861
854 1.03781355376
855 1.02192239355
856 1.03094063816
857 1.03488753416
858 1.01670713019
859 1.0166586586
860 1.04906568692
861 1.03993356992
862 1.03990668764
863 1.05396329407
864 1.04961231011
865 1.02640111597
866 1.02482029825
867 1.02547542411
868 1.02892605615
869 1.0361538545
870 1.02392067385
871 1.04253894984
872 1.04301205068
873 1.05462945556
874 1.05068745742
875 1.06286297177
876 1.04848922122
877 1.04868840125
878 1.04531100836
879 1.03888067808
880 1.03289466555
881 1.02936651761
882 1.02806572607
883 1.04394676388
884 1.02182963398
885 1.01684099741
886 1.0415992585
887 1.01815734147
888 1.01863760026
889 1.03799380633
890 1.04138364575
891 1.02963267295
892 1.03149851555
893 1.01868734381
894 1.04373371025
895 1.05125789684
896 1.05650953174
897 1.05905130873
898 1.05975133545
899 1.06090511515
900 1.03842802373
901 1.04566495918
902 1.0365637657
903 1.06354574173
904 1.04819051936
905 1.06335984289
906 1.04819051936
907 1.06180971825
908 1.04966505648
909 1.06191821467
910 1.04701949788
911 1.05049761666
912 1.0188009885
913 1.04032026396
914 1.02603574977
915 1.04343610437
916 1.04336662754
917 1.03995423289
918 1.03609592013
919 1.03217597944
920 1.04015752252
921 1.02817096034
922 1.05431475361
923 1.02839344253
924 1.02785772803
925 1.02508928701
926 1.02595167792
927 1.02589592067
928 1.01942626394
929 1.0189564198
930 1.01935716657
931 1.02225000207
932 1.02166332754
933 1.0189123985
934 1.01488342771
935 1.01490726292
936 1.01822286699
937 1.02016993453
938 1.0203709408
939 1.01808305237
940 1.02005968374
941 1.01954903192
942 1.01821988175
943 1.01886971253
944 1.01818395722
945 1.02113125316
946 1.03771575496
947 1.01881338089
948 1.02596646511
949 1.02712301619
950 1.0275176871
951 1.02814428522
952 1.02658471259
953 1.02751639799
954 1.02937175745
955 1.02592464352
956 1.03354827481
957 1.0450109738
958 1.04690863386
959 1.03458719387
960 1.04164623795
961 1.04455322197
962 1.04310172715
963 1.04359897039
964 1.03260259409
965 1.05937460748
966 1.05937460748
967 1.05508798935
968 1.04195887361
969 1.03982493224
970 1.04528618363
971 1.0407357277
972 1.04343014879
973 1.05213217816
974 1.05204297944
975 1.04533515114
976 1.02607823051
977 1.04131892312
978 1.03154945266
979 1.04991067081
980 1.04138642933
981 1.02956539728
982 1.05165898333
983 1.03078347797
984 1.03146121887
985 1.03718741077
986 1.0411698312
987 1.04300226238
988 1.03739073047
989 1.03415047995
990 1.02219614638
991 1.04472077777
992 1.02625938325
993 1.04225993883
994 1.03986813686
995 1.01834899768
996 1.04129931034
997 1.04378442844
998 1.0382100981
999 1.02943733677
1000 1.01846246586
1001 1.0411587244
1002 1.04421073912
1003 1.04088887951
1004 1.03757106805
1005 1.04206105841
1006 1.03686732522
1007 1.03728524306
1008 1.02472009267
1009 1.03804149127
1010 1.03619680046
1011 1.03576174903
1012 1.0457256294
1013 1.0397667459
1014 1.0382828941
1015 1.04075993147
1016 1.03950266078
1017 1.03954945907
1018 1.03579616175
1019 1.04229108912
1020 1.02484982383
1021 1.03509798742
1022 1.02136959001
1023 1.03920654432
1024 1.05522337284
1025 1.03462271389
1026 1.03373207353
1027 1.03069829667
1028 1.02771533613
1029 1.02773931298
1030 1.04190664873
1031 1.03853826418
1032 1.03892688406
1033 1.04220530507
1034 1.04003510486
1035 1.03983883494
1036 1.02600870371
1037 1.04512224941
1038 1.04030546551
1039 1.03819174072
1040 1.04210091651
1041 1.04205143018
1042 1.04125062585
1043 1.04940975652
1044 1.03891811712
1045 1.0300919495
1046 1.03050591469
1047 1.04178863066
1048 1.02995359092
1049 1.03857752109
1050 1.05010176864
1051 1.02074691058
1052 1.04054476009
1053 1.04819051936
1054 1.03695043095
1055 1.04574694782
1056 1.04433818584
1057 1.04463432147
1058 1.01805877711
1059 1.0407146434
1060 1.04091582415
1061 1.03300354633
1062 1.0455498453
1063 1.04064755556
1064 1.03515123332
1065 1.04197099816
1066 1.03275887014
1067 1.04234560024
1068 1.04236154359
1069 1.04097227725
1070 1.04314340206
1071 1.0427897713
1072 1.04323638636
1073 1.03972347683
1074 1.04445998412
1075 1.02653615987
1076 1.0359594701
1077 1.03678403061
1078 1.03653310994
1079 1.02614582619
1080 1.02898116359
1081 1.04026916764
1082 1.03911131382
1083 1.0362046996
1084 1.03442820967
1085 1.05861729265
1086 1.03727953914
1087 1.03261956734
1088 1.05836447654
1089 1.03641569883
1090 1.02795298372
1091 1.02841202579
1092 1.03555997202
1093 1.03596953605
1094 1.05794773427
1095 1.057867842
1096 1.03519989177
1097 1.05685852321
1098 1.04580934555
1099 1.03964405211
1100 1.03484076702
1101 1.044007696
1102 1.03821980094
1103 1.03715401444
1104 1.04442333843
1105 1.05568620678
1106 1.04647053405
1107 1.05381174406
1108 1.04469510534
1109 1.04751488886
1110 1.04763535035
1111 1.04649209398
1112 1.03604004726
1113 1.04454093039
1114 1.03651801335
1115 1.05119519094
1116 1.04170693972
1117 1.04880136636
1118 1.05251276118
1119 1.04430506653
1120 1.05718034457
1121 1.0517769941
1122 1.05179967111
1123 1.07799976227
1124 1.0473070815
1125 1.04649081951
1126 1.057378262
1127 1.05334065743
1128 1.03378980968
1129 1.03506494698
1130 1.04705577381
1131 1.0516207808
1132 1.04798654333
1133 1.05636605768
1134 1.05008446967
1135 1.05150459769
1136 1.03320974886
1137 1.03198457927
1138 1.04021650123
1139 1.06255338569
1140 1.03081495349
1141 1.03384824008
1142 1.02923329145
1143 1.02286871499
1144 1.02241158897
1145 1.01951983183
1146 1.04584127057
1147 1.03598473971
1148 1.04011915603
1149 1.04587702992
1150 1.04547952423
1151 1.04567477028
1152 1.05675738302
1153 1.04026203947
1154 1.04397427812
1155 1.03296262365
1156 1.0431060285
1157 1.04613624092
1158 1.04928444285
1159 1.03467522145
1160 1.04597343881
1161 1.04533809043
1162 1.0456345622
1163 1.03529798444
1164 1.0362942623
1165 1.03049517095
1166 1.05531782622
1167 1.04252367131
1168 1.05071801317
1169 1.0441160171
1170 1.0284555704
1171 1.04912530982
1172 1.04398565608
1173 1.04592484343
1174 1.05022285266
1175 1.03102937822
1176 1.02376767189
1177 1.04218970106
1178 1.03965865179
1179 1.04888268586
1180 1.03336196798
1181 1.03762872083
1182 1.03387452586
1183 1.04239222
1184 1.02665613116
1185 1.03055998783
1186 1.03869778866
1187 1.04397276128
1188 1.03820204401
1189 1.04389885576
1190 1.04875234659
1191 1.05184321857
1192 1.04733502121
1193 1.05930538135
1194 1.03774699944
1195 1.04653853834
1196 1.02743245814
1197 1.04294751557
1198 1.04734473719
1199 1.05895983262
1200 1.05242268372
1201 1.04461083456
1202 1.03916202872
1203 1.04369852708
1204 1.04274963398
1205 1.04311028213
1206 1.04535810864
1207 1.03755015468
1208 1.04658528156
1209 1.02578773231
1210 1.03571496752
1211 1.03451634378
1212 1.0481418718
1213 1.04384162121
1214 1.0440819632
1215 1.04582322412
1216 1.03394557599
1217 1.02592706598
1218 1.03995371739
1219 1.04281925641
1220 1.04358494783
1221 1.03397169314
1222 1.0429183939
1223 1.03933302385
1224 1.04744427499
1225 1.04577628488
1226 1.03782306036
1227 1.03633918432
1228 1.03690900643
1229 1.03820219294
1230 1.03852944922
1231 1.04848922122
1232 1.0528889154
1233 1.04780867174
1234 1.05482095007
1235 1.06034914024
1236 1.04599941481
1237 1.04540183179
1238 1.04189700556
1239 1.0456210929
1240 1.02621818905
1241 1.04930777514
1242 1.06210756311
1243 1.0314091754
1244 1.03812270111
1245 1.0558848641
1246 1.058806348
1247 1.04640698405
1248 1.05174211196
1249 1.05151635816
1250 1.04545276438
1251 1.04477485105
1252 1.04653888527
1253 1.05128826843
1254 1.04396904003
1255 1.045048927
1256 1.04370489405
1257 1.04525994192
1258 1.04774257088
1259 1.04031014379
1260 1.03833424974
1261 1.03490265557
1262 1.0266278241
1263 1.03651288906
1264 1.04090212161
1265 1.039640672
1266 1.04623801837
1267 1.02092907645
1268 1.04237621527
1269 1.03496088729
1270 1.03222792921
1271 1.02896356226
1272 1.04787036972
1273 1.02083224541
1274 1.01788571395
1275 1.03792822303
1276 1.03448569524
1277 1.03078759762
1278 1.04326382069
1279 1.0337171301
1280 1.0318613593
1281 1.03898357816
1282 1.03975235377
1283 1.02984220784
1284 1.04255144161
1285 1.02593295889
1286 1.04359001432
1287 1.04175462971
1288 1.03982067953
1289 1.03032761307
1290 1.03862246908
1291 1.02676112871
1292 1.03291650451
1293 1.03637886486
1294 1.02165687417
1295 1.02101150437
1296 1.03725250336
1297 1.02780743795
1298 1.03333257017
1299 1.03939167638
1300 1.0218848344
1301 1.02611398816
1302 1.03720034418
1303 1.04497576141
1304 1.03771814646
1305 1.01772360675
1306 1.04026549148
1307 1.02141814105
1308 1.02021768198
1309 1.04438472998
1310 1.04920896032
1311 1.02605451794
1312 1.03909149245
1313 1.04006554802
1314 1.03841753185
1315 1.04067255581
1316 1.04477647741
1317 1.03827573618
1318 1.03840003419
1319 1.02091973902
1320 1.05520862963
1321 1.02321091044
1322 1.01996594275
1323 1.02488559395
1324 1.02026614306
1325 1.02525286396
1326 1.01982444169
1327 1.04374096632
1328 1.04477647741
1329 1.02318213414
1330 1.02707147314
1331 1.03162385975
1332 1.0435424552
1333 1.01955783024
1334 1.03489361452
1335 1.02057422391
1336 1.02718618411
1337 1.02601207202
1338 1.02631098662
1339 1.0255582166
1340 1.0381612704
1341 1.02400993386
1342 1.04153348963
1343 1.04350639925
1344 1.04787653959
1345 1.03491169019
1346 1.04456212482
1347 1.02915709416
1348 1.0337263876
1349 1.02161860202
1350 1.0271059737
1351 1.05570916552
1352 1.04493109636
1353 1.03000365928
1354 1.04212272601
1355 1.02927316688
1356 1.03369612577
1357 1.03209726237
1358 1.04529609042
1359 1.04126614324
1360 1.03369738654
1361 1.04463390549
1362 1.02140517131
1363 1.04590791991
1364 1.03207756162
1365 1.03648218191
1366 1.03229659563
1367 1.03899692037
1368 1.03653082887
1369 1.03407307117
1370 1.0498164819
1371 1.04187442965
1372 1.040463907
1373 1.02822884658
1374 1.03877597606
1375 1.04020151509
1376 1.04573905962
1377 1.04073835734
1378 1.04449084258
1379 1.04123208067
1380 1.04329636865
1381 1.04947887756
1382 1.03894099079
1383 1.03498929888
1384 1.03539335183
1385 1.05006281901
1386 1.05083620475
1387 1.05098529313
1388 1.05907193942
1389 1.0408017153
1390 1.04664745221
1391 1.03473652492
1392 1.03812881065
1393 1.04057139888
1394 1.04164110667
1395 1.03659108838
1396 1.04207547514
1397 1.04169633003
1398 1.04345922128
1399 1.03120415984
1400 1.03094936946
1401 1.04831340547
1402 1.02093194439
1403 1.04638708446
1404 1.0536237833
1405 1.0479397448
1406 1.05375386961
1407 1.0477504173
1408 1.05126743591
1409 1.03325279813
1410 1.03736483029
1411 1.04746577189
1412 1.03459841301
1413 1.03198323741
1414 1.03159536087
1415 1.04590189235
1416 1.04476639682
1417 1.04177254208
1418 1.04065379254
1419 1.02139970332
1420 1.04251803047
1421 1.0363105145
1422 1.04232954292
1423 1.0486141528
1424 1.03441759919
1425 1.04997949197
1426 1.03307283323
1427 1.05226488177
1428 1.03685615349
1429 1.03595525623
1430 1.04740538269
1431 1.03412744966
1432 1.03889341894
1433 1.04967114058
1434 1.0346961651
1435 1.04346856566
1436 1.02770745556
1437 1.03456085212
1438 1.03956437758
1439 1.04475192198
1440 1.0299065149
1441 1.03380908599
1442 1.03140382708
1443 1.02298688958
1444 1.04230944015
1445 1.05021367075
1446 1.03148668347
1447 1.04713738743
1448 1.04802237155
1449 1.03900132334
1450 1.04031994998
1451 1.04534757062
1452 1.04205179091
1453 1.06025573907
1454 1.01792598975
1455 1.04439396569
1456 1.06055436483
1457 1.0426063426
1458 1.03515522801
1459 1.03517064453
1460 1.01903593273
1461 1.03245673391
1462 1.04337291103
1463 1.0420447062
1464 1.04805831502
1465 1.04934395383
1466 1.01880502495
1467 1.04784035105
1468 1.02883772889
1469 1.03693181976
1470 1.04072405272
1471 1.0409288969
1472 1.043741813
1473 1.03767853824
1474 1.04056153376
1475 1.03028174953
1476 1.0393173609
1477 1.04456297515
1478 1.04298903072
1479 1.04111322041
1480 1.03793571312
1481 1.0433227978
1482 1.0485260794
1483 1.05479315783
1484 1.0457646817
1485 1.05062331298
1486 1.04243672252
1487 1.04732990974
1488 1.03660553128
1489 1.03633814216
1490 1.05019982483
1491 1.0614240646
1492 1.04646663791
1493 1.05447338885
1494 1.02881518459
1495 1.05491361601
1496 1.04196851677
1497 1.05000860513
1498 1.03136893794
1499 1.04242007749
1500 1.03660129543
1501 1.03538425001
1502 1.04056281217
1503 1.03102463039
1504 1.03749665761
1505 1.03366877879
1506 1.03205708115
1507 1.03764135079
1508 1.03811764881
1509 1.03842928984
1510 1.03073142177
1511 1.03353003224
1512 1.03162407464
1513 1.03529639322
1514 1.03400838128
1515 1.0390566921
1516 1.04477107138
1517 1.03496872439
1518 1.03562618956
1519 1.04243750015
1520 1.04239499812
1521 1.05891449485
1522 1.03619304245
1523 1.04533145137
1524 1.04737719323
1525 1.04660909123
1526 1.03959348553
1527 1.03256583708
1528 1.04082244356
1529 1.04625272862
1530 1.02815710293
1531 1.02712594475
1532 1.02396240283
1533 1.0483738625
1534 1.03896989295
1535 1.01578304225
1536 1.01892925183
1537 1.01909503268
1538 1.04352501979
1539 1.04051374649
1540 1.04356209471
1541 1.05714455462
1542 1.04756702338
1543 1.04354668173
1544 1.04150320364
1545 1.03088494425
1546 1.01678289001
1547 1.04276536953
1548 1.0465300201
1549 1.0200965408
1550 1.04481673131
1551 1.01889813033
1552 1.04086138777
1553 1.04344874661
1554 1.01936745685
1555 1.02972623516
1556 1.04193153949
1557 1.01920366477
1558 1.02074334343
1559 1.02783751498
1560 1.01749125715
1561 1.02813766631
1562 1.02864499408
1563 1.02741714553
1564 1.05096177073
1565 1.03915466206
1566 1.03416795749
1567 1.02708981369
1568 1.03089801915
1569 1.04068879994
1570 1.03070136672
1571 1.01675934498
1572 1.02812157967
1573 1.03898325121
1574 1.03761399071
1575 1.02895828664
1576 1.01580929375
1577 1.04164844341
1578 1.03751745632
1579 1.04214101322
1580 1.06347789254
1581 1.04591043819
1582 1.04130359567
1583 1.0228225981
1584 1.03052842659
1585 1.02183162752
1586 1.01896099922
1587 1.03439233003
1588 1.0191225422
1589 1.04639356366
1590 1.04276342091
1591 1.01709004899
1592 1.0407704282
1593 1.04173047623
1594 1.04855901481
1595 1.04327799413
1596 1.01755636195
1597 1.04593656689
1598 1.04618065539
1599 1.04229828733
1600 1.04053794731
1601 1.03695331083
1602 1.04416078949
1603 1.03330482732
1604 1.04349357932
1605 1.04332334333
1606 1.03529994995
1607 1.03560823787
1608 1.03134234513
1609 1.04028956957
1610 1.02787515252
1611 1.04091954649
1612 1.03157905184
1613 1.04505917772
1614 1.03948722379
1615 1.05159765688
1616 1.04549521583
1617 1.05111173001
1618 1.03765160481
1619 1.03900057458
1620 1.01946307699
1621 1.04275661636
1622 1.03912882574
1623 1.03516855377
1624 1.0406349058
1625 1.03228608781
1626 1.03019760677
1627 1.02272498891
1628 1.0269760241
1629 1.03200057258
1630 1.02587052395
1631 1.0193599645
1632 1.01907626573
1633 1.01938041746
1634 1.02781342055
1635 1.02924683127
1636 1.01890673603
1637 1.02003933509
1638 1.02187493682
1639 1.02031008351
1640 1.03114012774
1641 1.03501031026
1642 1.03720424415
1643 1.02005713969
1644 1.038430789
1645 1.04464504978
1646 1.03817971257
1647 1.02817213344
1648 1.03625259623
1649 1.03927443445
1650 1.03043391411
1651 1.0379880117
1652 1.02814920497
1653 1.04387983169
1654 1.03617640656
1655 1.02673272153
1656 1.04550759111
1657 1.04225077926
1658 1.04550587758
1659 1.03249143456
1660 1.03926174657
1661 1.04642624573
1662 1.04644985742
1663 1.04467408437
1664 1.04973321186
1665 1.03307502088
1666 1.04236617932
1667 1.03495060254
1668 1.0305376795
1669 1.04533635268
1670 1.03896539013
1671 1.05849498814
1672 1.03014789664
1673 1.03073507196
1674 1.02396327081
1675 1.0374667207
1676 1.02161139342
1677 1.04800405517
1678 1.01943551005
1679 1.02872301028
1680 1.03978679296
1681 1.036353654
1682 1.03467318017
1683 1.04484925903
1684 1.04925737353
1685 1.04144167324
1686 1.04101014881
1687 1.04097457871
1688 1.04426063637
1689 1.03511678068
1690 1.03665976306
1691 1.04517792873
1692 1.02807837452
1693 1.03600738481
1694 1.0389141572
1695 1.03854415678
1696 1.02583196263
1697 1.03842957146
1698 1.03410284829
1699 1.04193383379
1700 1.03515357645
1701 1.03783093962
1702 1.04396591596
1703 1.03904065372
1704 1.0464880732
1705 1.02578808799
1706 1.03836953271
1707 1.04615102378
1708 1.02959110084
1709 1.03804297092
1710 1.04158919251
1711 1.03815626099
1712 1.04228709003
1713 1.04113227722
1714 1.02892824762
1715 1.04311652415
1716 1.0419744162
1717 1.02737725152
1718 1.0402933224
1719 1.04402568015
1720 1.02748784586
1721 1.03427711956
1722 1.037965287
1723 1.04433021445
1724 1.03445419145
1725 1.03049716744
1726 1.04800779032
1727 1.04475730905
1728 1.02733621654
1729 1.04711820303
1730 1.02756771731
1731 1.03229582993
1732 1.04042798692
1733 1.04952414296
1734 1.04971179919
1735 1.04447943922
1736 1.04160722083
1737 1.03869279331
1738 1.03759702889
1739 1.04462565664
1740 1.04415575623
1741 1.04283302594
1742 1.04329426103
1743 1.03521538613
1744 1.04960776877
1745 1.03948446218
1746 1.04279984016
1747 1.03649884069
1748 1.03409130961
1749 1.04726830968
1750 1.03643034028
1751 1.01476869668
1752 1.04143693969
1753 1.03860205497
1754 1.02412655865
1755 1.02383936982
1756 1.03084375952
1757 1.0525388985
1758 1.04703959332
1759 1.04697858025
1760 1.04755578344
1761 1.05042708609
1762 1.03985143376
1763 1.03676338526
1764 1.02740957987
1765 1.03926635046
1766 1.03726095434
1767 1.03276806952
1768 1.05020931625
1769 1.04541948671
1770 1.04829127087
1771 1.04324478764
1772 1.06075218181
1773 1.04141134976
1774 1.03782150586
1775 1.04368287263
1776 1.04248965517
1777 1.0435905162
1778 1.06045523076
1779 1.042731573
1780 1.05900370047
1781 1.03062541121
1782 1.05623665193
1783 1.02913509872
1784 1.04036344737
1785 1.0445963949
1786 1.06019848991
1787 1.02910731302
1788 1.03535816873
1789 1.0417659549
1790 1.04628090576
1791 1.04447485142
1792 1.03569550527
1793 1.0414898868
1794 1.05880436557
1795 1.04520854925
1796 1.06260022386
1797 1.03789853833
1798 1.04006906051
1799 1.02370800631
1800 1.03474734762
1801 1.03175666665
1802 1.03872960782
1803 1.04341928372
1804 1.03793395722
1805 1.02472466444
1806 1.03969448071
1807 1.03639936874
1808 1.03860555437
1809 1.03265125682
1810 1.04230948623
1811 1.03068538841
1812 1.04000804914
1813 1.03018319204
1814 1.05905130873
1815 1.04182962077
1816 1.04142883626
1817 1.0534448739
1818 1.04707000225
1819 1.04407826639
1820 1.03021090406
1821 1.04420666835
1822 1.03122435622
1823 1.03686906636
1824 1.03108516873
1825 1.0195158235
1826 1.04555775724
1827 1.04053109494
1828 1.03372389649
1829 1.03526664063
1830 1.03801992081
1831 1.03543828823
1832 1.03532694203
1833 1.04557317355
1834 1.04140283114
1835 1.03671788352
1836 1.03318481733
1837 1.05621928664
1838 1.0263684649
1839 1.03714295632
1840 1.04833344806
1841 1.04943199415
1842 1.02976415416
1843 1.03165540429
1844 1.03035863062
1845 1.03331991287
1846 1.02985952028
1847 1.02294862798
1848 1.02028282785
1849 1.04487143872
1850 1.04956556863
1851 1.03992335668
1852 1.04965624111
1853 1.04487746725
1854 1.02805452446
1855 1.03463863285
1856 1.03437003013
1857 1.02494466704
1858 1.02674039276
1859 1.04136052792
1860 1.04144543876
1861 1.03753293636
1862 1.04316185765
1863 1.04133007369
1864 1.03646095254
1865 1.03641656936
1866 1.03800503189
1867 1.03711934143
1868 1.04238446983
1869 1.03140073212
1870 1.05287202187
1871 1.02702576961
1872 1.0489254352
1873 1.04531944197
1874 1.03833259313
1875 1.02029428914
1876 1.02904424127
1877 1.02645123883
1878 1.04130502173
1879 1.03457566875
1880 1.04498226928
1881 1.02626710661
1882 1.06432442679
1883 1.04492369004
1884 1.03623655872
1885 1.03583803369
1886 1.03120508821
1887 1.0442933865
1888 1.03804455475
1889 1.02129687777
1890 1.03001353608
1891 1.05429163335
1892 1.0194004803
1893 1.03955955922
1894 1.04593657128
1895 1.03847498763
1896 1.06303382694
1897 1.04599975819
1898 1.0360379956
1899 1.03939359557
1900 1.02783304826
1901 1.04368093599
1902 1.04880113317
1903 1.04521513129
1904 1.04873223167
1905 1.04373982893
1906 1.03773196042
1907 1.03914557156
1908 1.04595092739
1909 1.04316488495
1910 1.04112175089
1911 1.04372499804
1912 1.04053268205
1913 1.04089054551
1914 1.03201624929
1915 1.04172258672
1916 1.04235570809
1917 1.03627535873
1918 1.03894231609
1919 1.04636666049
1920 1.04113779131
1921 1.03648310672
1922 1.03229064907
1923 1.03468441684
1924 1.04512510581
1925 1.04552175377
1926 1.0455951577
1927 1.03474408015
1928 1.03557473317
1929 1.04396032662
1930 1.03985969874
1931 1.02750883363
1932 1.04527089772
1933 1.04105537517
1934 1.04173165062
1935 1.03572349005
1936 1.04084360046
1937 1.04735049959
1938 1.0434462681
1939 1.03105944782
1940 1.04792469366
1941 1.04581596618
1942 1.0524632073
1943 1.02137585934
1944 1.04802633039
1945 1.04784775616
1946 1.0456952842
1947 1.03341777164
1948 1.04021297561
1949 1.04485943883
1950 1.04346498545
1951 1.03316853282
1952 1.03145945869
1953 1.04220572015
1954 1.04625217486
1955 1.0438765336
1956 1.04290073535
1957 1.04806068512
1958 1.03286762686
1959 1.01955555324
1960 1.0302939268
1961 1.0411959453
1962 1.03907693297
1963 1.03640950124
1964 1.02833160908
1965 1.04265051673
1966 1.04429255474
1967 1.0296584117
1968 1.0379560996
1969 1.0319126275
1970 1.05418183848
1971 1.04122255274
1972 1.03936820613
1973 1.03188493071
1974 1.03339463762
1975 1.02120483797
1976 1.02656640677
1977 1.03978655719
1978 1.03512149227
1979 1.03416932158
1980 1.03429561195
1981 1.04382239408
1982 1.04274096602
1983 1.04285799987
1984 1.03169872095
1985 1.02900240623
1986 1.04062999539
1987 1.04343307472
1988 1.03127953195
1989 1.02617039541
1990 1.03692122746
1991 1.02963545464
1992 1.03588186913
1993 1.026534476
1994 1.03737418925
1995 1.052606614
1996 1.02816277121
1997 1.03849944712
1998 1.02270821595
1999 1.03592755863
2000 1.02511503993
2001 1.02116491827
2002 1.02890404041
2003 1.04356464073
2004 1.02421460647
2005 1.02342635998
2006 1.04858762123
2007 1.03841768183
2008 1.02963860608
2009 1.03936643925
2010 1.03429936782
2011 1.03164085686
2012 1.02504728365
2013 1.04121384013
2014 1.03131210431
2015 1.02855092402
2016 1.02841695878
2017 1.03680130909
2018 1.02662096091
2019 1.02965227307
2020 1.04319792089
2021 1.03578655015
2022 1.0452331052
2023 1.04977156172
2024 1.0439877967
2025 1.02872874065
2026 1.03927320138
2027 1.01907286912
2028 1.03634368336
2029 1.03714588834
2030 1.0364181533
2031 1.03930163816
2032 1.02968935727
2033 1.03168898263
2034 1.03864521477
2035 1.03297442149
2036 1.03169530419
2037 1.04746804215
2038 1.03568643673
2039 1.03626116038
2040 1.04275127898
2041 1.03394115562
2042 1.03196191297
2043 1.04731769556
2044 1.02989361651
2045 1.04341408033
2046 1.04673304377
2047 1.04393073752
2048 1.03664610485
2049 1.03990253364
2050 1.0493094997
2051 1.03219935102
2052 1.03248769174
2053 1.04683714326
2054 1.05092002814
2055 1.0425920461
2056 1.04580299887
2057 1.0412060198
2058 1.04831140422
2059 1.04882240649
2060 1.03095100218
2061 1.03270041554
2062 1.04274645326
2063 1.04327016228
2064 1.04097908267
2065 1.04633388638
2066 1.04188611803
2067 1.04041456234
2068 1.03895919089
2069 1.03748254741
2070 1.04719521864
2071 1.03530639909
2072 1.05297218457
2073 1.03646227574
2074 1.03879439055
2075 1.04511263254
2076 1.03685378051
2077 1.03611732472
2078 1.0611327078
2079 1.04030866874
2080 1.04715682898
2081 1.03898198914
2082 1.03199982389
2083 1.03105887889
2084 1.01863053928
2085 1.03862591649
2086 1.03718441505
2087 1.02937481895
2088 1.03934004818
2089 1.04677682343
2090 1.03117554125
2091 1.03129006913
2092 1.03796734206
2093 1.03291076884
2094 1.0352326845
2095 1.04454721416
2096 1.04057528543
2097 1.04684337529
2098 1.04184644492
2099 1.03818320391
2100 1.04169434266
2101 1.04188152091
2102 1.02017465623
2103 1.02910485313
2104 1.03160268565
2105 1.02984690891
2106 1.01863050791
2107 1.04138522475
2108 1.03022693184
2109 1.03189305849
2110 1.03372176895
2111 1.03270175472
2112 1.04147528999
2113 1.03576587171
2114 1.04350498069
2115 1.0391708618
2116 1.04163407515
2117 1.03451514518
2118 1.04244197041
2119 1.03870477568
2120 1.04194998349
2121 1.04014134452
2122 1.0431998658
2123 1.0440704676
2124 1.03945181673
2125 1.04963090822
2126 1.04737782863
2127 1.04700991533
2128 1.03824455132
2129 1.05117134438
2130 1.05302117545
2131 1.04280850343
2132 1.03720817287
2133 1.0379154319
2134 1.04186995213
2135 1.03810681824
2136 1.03233284876
2137 1.0470787183
2138 1.03864294076
2139 1.0300749431
2140 1.03648115707
2141 1.04104650261
2142 1.03784661446
2143 1.0374677968
2144 1.04403638661
2145 1.04091596567
2146 1.04651215338
2147 1.0307274906
2148 1.03417045865
2149 1.03187764007
2150 1.03136289045
2151 1.03897642771
2152 1.04955535875
2153 1.04272205116
2154 1.02777577335
2155 1.02906681825
2156 1.03053458475
2157 1.01921881553
2158 1.02981054415
2159 1.02974338701
2160 1.03460310324
2161 1.02786134665
2162 1.04074311809
2163 1.03247793089
2164 1.04009057684
2165 1.03525753872
2166 1.03899699151
2167 1.0261837463
2168 1.03849681313
2169 1.03234929958
2170 1.03494574493
2171 1.03033238128
2172 1.03689701207
2173 1.03866138703
2174 1.03384840503
2175 1.02867000069
2176 1.03446903937
2177 1.040740759
2178 1.04081074001
2179 1.03279331741
2180 1.0417295441
2181 1.04420266153
2182 1.03901319076
2183 1.0353036992
2184 1.03604209461
2185 1.02908436137
2186 1.03224476288
2187 1.04627510048
2188 1.04727717504
2189 1.0311262521
2190 1.04198238573
2191 1.05034612331
2192 1.04609462173
2193 1.03704712045
2194 1.02298715541
2195 1.03665457288
2196 1.02681424038
2197 1.03056037441
2198 1.0209564252
2199 1.03366837245
2200 1.03164781389
2201 1.03250147012
2202 1.03336734846
2203 1.03689340221
2204 1.01816377592
2205 1.03133728119
2206 1.03534532094
2207 1.0410919522
2208 1.04079521723
2209 1.02510105232
2210 1.04429158728
2211 1.03469462316
2212 1.03593834764
2213 1.03097808945
2214 1.03738773979
2215 1.04163431164
2216 1.03608069072
2217 1.03808414984
2218 1.03851766579
2219 1.03855729133
2220 1.03484849856
2221 1.03064753303
2222 1.03146404363
2223 1.01816388973
2224 1.03909111336
2225 1.04208185938
2226 1.02281175883
2227 1.04547690329
2228 1.04819441359
2229 1.03186648924
2230 1.02231883381
2231 1.03928712574
2232 1.04555857317
2233 1.03784661446
2234 1.04450041389
2235 1.04327205113
2236 1.03808416099
2237 1.03651736044
2238 1.03783310743
2239 1.04973629842
2240 1.02968286465
2241 1.04961911835
2242 1.04635729563
2243 1.0411478302
2244 1.04154323698
2245 1.04271659495
2246 1.04529750445
2247 1.04279852189
2248 1.04086255393
2249 1.03940347575
2250 1.03899019681
2251 1.01825752257
2252 1.04476161076
2253 1.03660522991
2254 1.04393982469
2255 1.03784661446
2256 1.03187025428
2257 1.03992026939
2258 1.03819334341
2259 1.01756938407
2260 1.03716524281
2261 1.02630500669
2262 1.03207163369
2263 1.03381371533
2264 1.03784661446
2265 1.03886137725
2266 1.03135781876
2267 1.04457345026
2268 1.03497693465
2269 1.01715061702
2270 1.0557579115
2271 1.04921922161
2272 1.04302152224
2273 1.03906793056
2274 1.04223062595
2275 1.04195301233
2276 1.04251678426
2277 1.03974342658
2278 1.0464548181
2279 1.04060500127
2280 1.04207233061
2281 1.0408609238
2282 1.04041578197
2283 1.03525938514
2284 1.03821023005
2285 1.0440703204
2286 1.0413564254
2287 1.03730327009
2288 1.04082222967
2289 1.02912831578
2290 1.03945156525
2291 1.02275630538
2292 1.02502577493
2293 1.04174409494
2294 1.01911351526
2295 1.01694049323
2296 1.03503798995
2297 1.04155611901
2298 1.04156405562
2299 1.03865897566
2300 1.03803595841
2301 1.04509805796
2302 1.03655164628
2303 1.04139640455
2304 1.03961634987
2305 1.03446522318
2306 1.04322268878
2307 1.03814540953
2308 1.04483501667
2309 1.04615316878
2310 1.04901687879
2311 1.04015477488
2312 1.0461740094
2313 1.03857495371
2314 1.03999823917
2315 1.0495836051
2316 1.03461201177
2317 1.04798296536
2318 1.04630926459
2319 1.04366818235
2320 1.03468017169
2321 1.04014306118
2322 1.03090801511
2323 1.03759308423
2324 1.03853418852
2325 1.04067322734
2326 1.05531587845
2327 1.03888817737
2328 1.04219444654
2329 1.03694551411
2330 1.03664249676
2331 1.03828552869
2332 1.0428851037
2333 1.02717247734
2334 1.03912115929
2335 1.0389841541
2336 1.03671672546
2337 1.04012215215
2338 1.02865642784
2339 1.04341531667
2340 1.0478471815
2341 1.0429011664
2342 1.03703867899
2343 1.04563570965
2344 1.04394522265
2345 1.04940692751
2346 1.04507769369
2347 1.04394703059
2348 1.04324509273
2349 1.04462474335
2350 1.04190273123
2351 1.05218483546
2352 1.04140322643
2353 1.03708054954
2354 1.04039123434
2355 1.04536709008
2356 1.03774985804
2357 1.04904644724
2358 1.03855314099
2359 1.03368348383
2360 1.03706869857
2361 1.03561930365
2362 1.03601771312
2363 1.03667497244
2364 1.0396594045
2365 1.02842479962
2366 1.03447179532
2367 1.03398833127
2368 1.02315277592
2369 1.02328887564
2370 1.02205380472
2371 1.0295615648
2372 1.02846835464
2373 1.02877168656
2374 1.01988330634
2375 1.02018760397
2376 1.02032722619
2377 1.02031798054
2378 1.0297339367
2379 1.02487259695
2380 1.02803282983
2381 1.02748049488
2382 1.02914450999
2383 1.02592556388
2384 1.02486012589
2385 1.03250326515
2386 1.0277148885
2387 1.02912696739
2388 1.03997699879
2389 1.03250526564
2390 1.04997631033
2391 1.03542744343
2392 1.03910495546
2393 1.02910845714
2394 1.02217994016
2395 1.03975730378
2396 1.0338445473
2397 1.02830874694
2398 1.04827141
2399 1.03370616494
2400 1.04292281467
2401 1.028188163
2402 1.04160765955
2403 1.02954131919
2404 1.0442078193
2405 1.02476935543
2406 1.02474007172
2407 1.03968542613
2408 1.02186937739
2409 1.0455305532
2410 1.03385693625
2411 1.0383990267
2412 1.04313996153
2413 1.03557699679
2414 1.03951453252
2415 1.02207192976
2416 1.04781262271
2417 1.04013838502
2418 1.04036242399
2419 1.02770780483
2420 1.03088955276
2421 1.02143348327
2422 1.03543169902
2423 1.04452217599
2424 1.03566592377
2425 1.03407770094
2426 1.04430966054
2427 1.04165952826
2428 1.02931598734
2429 1.04714290333
2430 1.03557674146
2431 1.03630362013
2432 1.01480105464
2433 1.02839132075
2434 1.02022266887
2435 1.03043081175
2436 1.03795411756
2437 1.0354711702
2438 1.04001888091
2439 1.05304227048
2440 1.05469816902
2441 1.03872408199
2442 1.03445761876
2443 1.04373820785
2444 1.02204928306
2445 1.04893311234
2446 1.03571391297
2447 1.02562203967
2448 1.02653873508
2449 1.04340019168
2450 1.03738092207
2451 1.03722249083
2452 1.02223821475
2453 1.01947925349
2454 1.02652820479
2455 1.03434091031
2456 1.01944889206
2457 1.0232556327
2458 1.02665699603
2459 1.03328379
2460 1.02329140363
2461 1.02877327281
2462 1.03487799307
2463 1.02185820903
2464 1.02393945348
2465 1.03755510563
2466 1.01949291996
2467 1.03709181456
2468 1.01694049323
2469 1.04238495151
2470 1.02496624268
2471 1.04980558742
2472 1.03826537125
2473 1.04503632479
2474 1.0259555052
2475 1.02346145498
2476 1.02602896546
2477 1.03325437488
2478 1.0339834044
2479 1.04208185938
2480 1.03976730347
2481 1.04342596908
2482 1.04150437842
2483 1.04490716544
2484 1.03936466244
2485 1.03795448343
2486 1.03377537366
2487 1.03804353094
2488 1.04242965269
2489 1.02946177688
2490 1.04354873469
2491 1.04568170129
2492 1.03160526789
2493 1.04507866796
2494 1.04746248333
2495 1.04998042779
2496 1.04718964269
2497 1.04192438721
2498 1.04582167262
2499 1.04341600399
2500 1.05790394262
2501 1.04288026792
2502 1.05244415362
2503 1.0419589253
2504 1.04845526087
2505 1.04333484081
2506 1.04511263254
2507 1.04713267048
2508 1.0443654911
2509 1.04324497903
2510 1.04373339855
2511 1.04701222407
2512 1.0414515022
2513 1.0423260494
2514 1.04545366423
2515 1.04368913638
2516 1.03941148374
*Step  = 5
*Time  = 1
*Data  = Fzz
1 1.05199070792
2 1.04560303043
3 1.05400192236
4 1.04687362345
5 1.05278837806
6 1.05614167274
7 1.05469110992
8 1.05545231435
9 1.05038381447
10 1.04044013912
11 1.05095182789
12 1.04130178772
13 1.03781024424
14 1.05254535965
15 1.05616677412
16 1.04827975327
17 1.06426566256
18 1.05184612796
19 1.05136670338
20 1.05582525135
21 1.04240623494
22 1.04322715641
23 1.04357302231
24 1.04938494095
25 1.05473048272
26 1.05605150723
27 1.04620223377
28 1.0571528938
29 1.04652131456
30 1.04157911419
31 1.05389838564
32 1.05671598483
33 1.05916217404
34 1.05791881511
35 1.05480160424
36 1.05206120464
37 1.05736871226
38 1.06139702856
39 1.0515099821
40 1.03018184478
41 1.04577128297
42 1.05668635118
43 1.04293171666
44 1.0575318392
45 1.05956025219
46 1.03863680113
47 1.06679793721
48 1.05456894247
49 1.05913046901
50 1.04189338511
51 1.03824817
52 1.05354154962
53 1.04710760565
54 1.03765975997
55 1.04248192447
56 1.06143259366
57 1.04020817244
58 1.04847487278
59 1.04081717197
60 1.06153713109
61 1.05123230127
62 1.04580017824
63 1.05158678196
64 1.04574401261
65 1.04744819611
66 1.05198367759
67 1.03606511717
68 1.03648722571
69 1.05384272967
70 1.06138517221
71 1.0563760585
72 1.04593999931
73 1.04776192412
74 1.04201320985
75 1.06159882233
76 1.05917267775
77 1.04938899753
78 1.03294090179
79 1.05006274076
80 1.04757666679
81 1.04790785672
82 1.06108616046
83 1.06093228969
84 1.04971245021
85 1.04567729221
86 1.02582549172
87 1.0452592941
88 1.04891784743
89 1.05234378392
90 1.04128983573
91 1.04979407999
92 1.04492050351
93 1.04664159413
94 1.03858026762
95 1.04698561371
96 1.02799779901
97 1.04768315481
98 1.05735384539
99 1.02530326353
100 1.04307949989
101 1.04398180843
102 1.05044313231
103 1.05716556339
104 1.06716286416
105 1.05517929706
106 1.0552324543
107 1.04544022978
108 1.04127218621
109 1.03726774057
110 1.05210446731
111 1.04743766075
112 1.05035194931
113 1.07319524483
114 1.05092511629
115 1.04525010254
116 1.04209727732
117 1.04860784131
118 1.04975616951
119 1.02642440308
120 1.05684762359
121 1.04390553404
122 1.03183455251
123 1.03092436758
124 1.06145438097
125 1.0547611873
126 1.05584107899
127 1.07256907088
128 1.05095683513
129 1.05070331973
130 1.04677223441
131 1.04802708261
132 1.06183674808
133 1.04470922973
134 1.05311812212
135 1.05468312064
136 1.05006344622
137 1.05705563081
138 1.07825403159
139 1.03538334238
140 1.04445637434
141 1.04390754867
142 1.0471247426
143 1.04780793059
144 1.02942347588
145 1.04443911324
146 1.04388643398
147 1.05112928628
148 1.02929556853
149 1.0423508055
150 1.05614316385
151 1.05947231408
152 1.0306375348
153 1.04616270575
154 1.05294095868
155 1.03422726622
156 1.03500831896
157 1.05244472435
158 1.06132730284
159 1.04993363337
160 1.02059462218
161 1.07680104675
162 1.05555404675
163 1.04737988152
164 1.03585099214
165 1.03793529143
166 1.02294730856
167 1.05079381844
168 1.03688821239
169 1.05218053553
170 1.04584348401
171 1.03788336376
172 1.05004005034
173 1.03569399873
174 1.05999763353
175 1.05789197211
176 1.02214950333
177 1.05230819812
178 1.06169597511
179 1.02661169306
180 1.02604091934
181 1.05701293198
182 1.05379172147
183 1.04163977661
184 1.0584747165
185 1.04728935138
186 1.06577826509
187 1.04148260392
188 1.05032652685
189 1.02027983579
190 1.0399005383
191 1.03608625889
192 1.053741078
193 1.0397233158
194 1.05478240231
195 1.05684762359
196 1.03874855998
197 1.04375927631
198 1.05684762359
199 1.03592189281
200 1.04223207692
201 1.0230259581
202 1.07243165342
203 1.05532123284
204 1.05481933043
205 1.05983358809
206 1.06110847013
207 1.05843701013
208 1.02802561883
209 1.05555404675
210 1.04304528778
211 1.02267220745
212 1.06077830733
213 1.02161284969
214 1.02850279164
215 1.074932165
216 1.04980203532
217 1.05154432269
218 1.02737602769
219 1.06334298086
220 1.04626495912
221 1.04702741604
222 1.05361128866
223 1.03580969325
224 1.03194373832
225 1.03503999877
226 1.04088799879
227 1.05185353044
228 1.04326379986
229 1.04378854834
230 1.05522807225
231 1.03006117843
232 1.02891308275
233 1.02564675982
234 1.04087202986
235 1.05059388497
236 1.04979423468
237 1.03852585648
238 1.03454506455
239 1.04850972799
240 1.04853058542
241 1.02945095713
242 1.05347754975
243 1.0528255312
244 1.0281503625
245 1.05788355474
246 1.02582665544
247 1.05542825213
248 1.05348501586
249 1.05428668285
250 1.04792333854
251 1.03554686053
252 1.0528255312
253 1.05089920977
254 1.04850212188
255 1.04056237558
256 1.04981903127
257 1.02758654148
258 1.03602547748
259 1.05272271982
260 1.05178529857
261 1.04014035812
262 1.03743869455
263 1.04500908777
264 1.05232481651
265 1.04220884132
266 1.03329645003
267 1.05272271982
268 1.03848934279
269 1.04278152611
270 1.02336346127
271 1.04301875525
272 1.02338947571
273 1.04760354278
274 1.03742313578
275 1.04744210625
276 1.03927155324
277 1.05788355474
278 1.04746472761
279 1.02325606869
280 1.04496609785
281 1.0740593573
282 1.04490724287
283 1.07540222256
284 1.07261039853
285 1.07235283229
286 1.07529973908
287 1.07864072401
288 1.07319524483
289 1.07533964257
290 1.07429310907
291 1.0739926142
292 1.04783451457
293 1.05272271982
294 1.0570547461
295 1.06820497116
296 1.06682851793
297 1.07864072401
298 1.07211737627
299 1.07726428516
300 1.07786215721
301 1.07203315448
302 1.07775106252
303 1.07219528872
304 1.07775106252
305 1.0501011357
306 1.03662060038
307 1.07738765843
308 1.07724281793
309 1.07072464774
310 1.07023554787
311 1.06484159051
312 1.06514204122
313 1.06657171576
314 1.05319255833
315 1.05472262891
316 1.06357466406
317 1.05273982586
318 1.06143207745
319 1.03121846692
320 1.06649214262
321 1.06690806997
322 1.03947140044
323 1.05345538922
324 1.0457614356
325 1.07009035046
326 1.06824828383
327 1.05370691073
328 1.05485162856
329 1.0435121443
330 1.06377845372
331 1.05421168393
332 1.06063964085
333 1.05003248797
334 1.06365136961
335 1.04141390333
336 1.0694199011
337 1.04591048307
338 1.0429384275
339 1.04207217634
340 1.049974614
341 1.0292116929
342 1.05954336915
343 1.04164989745
344 1.03601471237
345 1.04214064987
346 1.02686259033
347 1.05887594729
348 1.0408782452
349 1.06330126668
350 1.03468886381
351 1.03317444364
352 1.04523548314
353 1.0453919951
354 1.04135909698
355 1.04504845477
356 1.0456283418
357 1.03914421512
358 1.03651139998
359 1.034047452
360 1.04103915681
361 1.05460493806
362 1.03408731845
363 1.03202629067
364 1.02952302172
365 1.04638881108
366 1.03068425631
367 1.03112358755
368 1.05248349478
369 1.05608943953
370 1.05286907674
371 1.02938651035
372 1.0505822832
373 1.0301808936
374 1.03014541647
375 1.02417763247
376 1.02414387461
377 1.05553963781
378 1.03802651425
379 1.05525911133
380 1.03115224051
381 1.06535515665
382 1.04811341961
383 1.02577796553
384 1.02683219934
385 1.02487317694
386 1.03324775557
387 1.02524431399
388 1.02566920736
389 1.03074057355
390 1.02450663838
391 1.0260024119
392 1.05397196669
393 1.0421027057
394 1.0255629559
395 1.02256243091
396 1.0407711572
397 1.02557432795
398 1.02256421717
399 1.02608588629
400 1.04424616263
401 1.03544659719
402 1.0561904923
403 1.02584947455
404 1.03472999824
405 1.03291799262
406 1.02325695829
407 1.02293730406
408 1.06275898764
409 1.0229332918
410 1.02141642296
411 1.02253555848
412 1.0225249865
413 1.04371110345
414 1.03413421862
415 1.04287584289
416 1.02366348758
417 1.02366701927
418 1.06558317392
419 1.04768271624
420 1.01909676708
421 1.04279888224
422 1.03461685911
423 1.02272203789
424 1.04556243278
425 1.05482148398
426 1.04417360001
427 1.05290055247
428 1.02273260227
429 1.0246876501
430 1.02270689972
431 1.02277898638
432 1.02220472099
433 1.02463884315
434 1.02684483529
435 1.04400265445
436 1.04537507804
437 1.02154466595
438 1.02165172761
439 1.02271348013
440 1.02300651843
441 1.04295010315
442 1.02143902903
443 1.02027679241
444 1.02402676367
445 1.02489579325
446 1.04115850792
447 1.02261633194
448 1.05341191324
449 1.03075724449
450 1.02350965067
451 1.04397893465
452 1.04817180961
453 1.02397131412
454 1.02379097131
455 1.0255803433
456 1.02309711509
457 1.02864560602
458 1.0303613521
459 1.02915039891
460 1.02027983579
461 1.04492062712
462 1.05074654412
463 1.04784907909
464 1.057581754
465 1.05273982586
466 1.0626376611
467 1.05702675827
468 1.03094690188
469 1.05448220661
470 1.04812832236
471 1.045233975
472 1.0247056056
473 1.03241144911
474 1.02617823358
475 1.0331376069
476 1.0313742296
477 1.03579566878
478 1.03605917036
479 1.03669960243
480 1.03905595443
481 1.03932398552
482 1.03496531416
483 1.04469949622
484 1.03278087693
485 1.04438141011
486 1.03204725414
487 1.03748587803
488 1.03868661135
489 1.0388169557
490 1.04396739819
491 1.04058175605
492 1.03957485653
493 1.04919407873
494 1.04635925465
495 1.03460776157
496 1.04251813661
497 1.04318834484
498 1.04287634735
499 1.0435656068
500 1.04607907086
501 1.03737603488
502 1.04169178359
503 1.04647197903
504 1.04640756953
505 1.04823649458
506 1.04802888967
507 1.05224246766
508 1.04973480616
509 1.03487861978
510 1.03694502458
511 1.04823307459
512 1.05112408808
513 1.04528654211
514 1.05281450758
515 1.05036097612
516 1.05319567182
517 1.05325876458
518 1.06495235656
519 1.06439391261
520 1.06216816691
521 1.05646442411
522 1.04489239632
523 1.06392578071
524 1.04424220084
525 1.06643115131
526 1.04362656438
527 1.06232488151
528 1.03667869693
529 1.06484457081
530 1.05747250809
531 1.03781105419
532 1.05834321262
533 1.04385995614
534 1.05276448076
535 1.04461136397
536 1.07066562652
537 1.02345310228
538 1.05488623189
539 1.05537102455
540 1.07377503918
541 1.07333948626
542 1.07422846914
543 1.04714715506
544 1.07360467641
545 1.07409248741
546 1.07973759401
547 1.08363905756
548 1.08199388586
549 1.08225338175
550 1.08363905756
551 1.0798914414
552 1.07627282794
553 1.07627282794
554 1.0761530722
555 1.07619866487
556 1.07978301587
557 1.07983075467
558 1.08045999839
559 1.08055642438
560 1.07452286841
561 1.07452286841
562 1.07984822202
563 1.07627282794
564 1.07640514546
565 1.07632472493
566 1.07524958513
567 1.07587991381
568 1.08147169296
569 1.0812195788
570 1.07176391116
571 1.07131982219
572 1.07782237859
573 1.07300459505
574 1.06270378886
575 1.07782237859
576 1.07339398697
577 1.07856868156
578 1.07842954624
579 1.07322740234
580 1.07636719168
581 1.06239606128
582 1.06193935185
583 1.06467754489
584 1.04545545175
585 1.06571985082
586 1.06607523055
587 1.05477200696
588 1.05498335043
589 1.04489427731
590 1.05778252853
591 1.05231995125
592 1.06258234233
593 1.05388462565
594 1.04952199352
595 1.05436115804
596 1.05236201996
597 1.04986928344
598 1.05156484132
599 1.05046397402
600 1.04302839939
601 1.05025623221
602 1.05392539427
603 1.03509692961
604 1.05165488614
605 1.0568362765
606 1.04093859121
607 1.03680619345
608 1.05129653935
609 1.05258141024
610 1.04742873444
611 1.03774129418
612 1.04734640739
613 1.05423758259
614 1.05578805291
615 1.04481719502
616 1.04628434519
617 1.0584426498
618 1.05199560197
619 1.05559153239
620 1.05849409397
621 1.04439634881
622 1.05546894995
623 1.05230637654
624 1.03837967157
625 1.02778370707
626 1.0351108182
627 1.02465497162
628 1.0244258775
629 1.04842494697
630 1.0555921121
631 1.05923325349
632 1.07097037457
633 1.07838179314
634 1.04686447813
635 1.03510397064
636 1.03146356139
637 1.04274557718
638 1.04364911829
639 1.0628632178
640 1.0484787104
641 1.04317645788
642 1.02267402111
643 1.05131489494
644 1.05934805799
645 1.06189778404
646 1.06238868296
647 1.05886507009
648 1.03374173741
649 1.0725841017
650 1.07256837245
651 1.04606116287
652 1.06178201153
653 1.04795144418
654 1.03349038293
655 1.02759055459
656 1.02882673015
657 1.0576944108
658 1.02990859199
659 1.02921487816
660 1.05030457328
661 1.02843146942
662 1.02865881574
663 1.06165060567
664 1.03492959349
665 1.04388193518
666 1.0329953456
667 1.03165885971
668 1.03214614046
669 1.06170728858
670 1.03596447914
671 1.03698572888
672 1.04577522006
673 1.03262681569
674 1.04364612468
675 1.04143049135
676 1.03445291982
677 1.04636261313
678 1.05673811324
679 1.05280515622
680 1.0506217632
681 1.0307525121
682 1.03502918868
683 1.0406248866
684 1.05779770386
685 1.0540003002
686 1.05325315225
687 1.06127082206
688 1.06049391083
689 1.06915756645
690 1.06804100341
691 1.06868639494
692 1.06825049653
693 1.06445489478
694 1.02067257519
695 1.05225359414
696 1.07331873294
697 1.07407810912
698 1.07367517605
699 1.07364685231
700 1.07250727636
701 1.07364685231
702 1.07669555257
703 1.07365161813
704 1.07485572295
705 1.07493328046
706 1.05788355474
707 1.07555680024
708 1.07322740234
709 1.07934757469
710 1.03360580044
711 1.02671862021
712 1.06759082676
713 1.06730524025
714 1.05656169052
715 1.04153285873
716 1.05764048568
717 1.04202917399
718 1.041588329
719 1.05215592469
720 1.04646222133
721 1.03140356254
722 1.03096251304
723 1.04956161564
724 1.06687871925
725 1.0389506401
726 1.03854466534
727 1.04563906184
728 1.04755010769
729 1.05874452644
730 1.02850335196
731 1.05826436882
732 1.05387219907
733 1.03019164054
734 1.05613284226
735 1.05634960005
736 1.03650096081
737 1.03366865659
738 1.03478715247
739 1.03994899307
740 1.04399473195
741 1.05376410738
742 1.06622551315
743 1.06859062738
744 1.07117071686
745 1.05157615156
746 1.06643186306
747 1.06654210071
748 1.07813656985
749 1.07555680024
750 1.07943726433
751 1.0797444105
752 1.07322740234
753 1.06259551268
754 1.06248042939
755 1.07407182247
756 1.05898485268
757 1.05323437767
758 1.05422476681
759 1.04065997965
760 1.03559487301
761 1.03376921031
762 1.06264054323
763 1.03188097991
764 1.02770380848
765 1.02336753634
766 1.02536132474
767 1.02875526561
768 1.04434278193
769 1.04832025369
770 1.05648485375
771 1.04506599042
772 1.03823376223
773 1.02856354445
774 1.04037105672
775 1.05563073252
776 1.0325440346
777 1.03671251936
778 1.0372410315
779 1.04097268237
780 1.03219313733
781 1.05506603405
782 1.06274238767
783 1.06329874877
784 1.06380780752
785 1.07818705231
786 1.07810575804
787 1.07532008738
788 1.07290421458
789 1.07229477859
790 1.07403168355
791 1.08044224066
792 1.0802429959
793 1.0797444105
794 1.06380580753
795 1.0503886758
796 1.0530814996
797 1.04166011006
798 1.03540201829
799 1.0414529727
800 1.03689960584
801 1.03872804977
802 1.08030190806
803 1.03271062368
804 1.03104741012
805 1.02840975662
806 1.02908118643
807 1.06483670468
808 1.05636633404
809 1.0252363019
810 1.02584937202
811 1.02464684374
812 1.02460534633
813 1.02438819855
814 1.02370213051
815 1.02552864042
816 1.02055553638
817 1.02819712342
818 1.03232635322
819 1.03081761094
820 1.03020590715
821 1.03328352991
822 1.03647983166
823 1.03672101845
824 1.03501714956
825 1.04338881703
826 1.03230235147
827 1.05880066969
828 1.04129250724
829 1.06498455133
830 1.05649567712
831 1.04154792283
832 1.07007338974
833 1.07532008738
834 1.06858259013
835 1.06737883901
836 1.07699184311
837 1.07690398247
838 1.08107924699
839 1.03845261485
840 1.06179625869
841 1.0552324543
842 1.03803003599
843 1.06258230763
844 1.04924216511
845 1.04791752911
846 1.02523522479
847 1.04549829344
848 1.05027172538
849 1.02968501694
850 1.03169767233
851 1.05592707429
852 1.03114501598
853 1.04265347148
854 1.04699337089
855 1.02664667122
856 1.03806758169
857 1.04314699657
858 1.01998896931
859 1.01998928949
860 1.06204711445
861 1.04978479348
862 1.04971727236
863 1.06874657207
864 1.06277401387
865 1.03229086201
866 1.03024807807
867 1.03107887335
868 1.0350654146
869 1.04374863311
870 1.02926221979
871 1.05281025921
872 1.05350676622
873 1.06970628832
874 1.06434979464
875 1.08015621715
876 1.06128448519
877 1.06150336367
878 1.05702503305
879 1.04838081788
880 1.03992427871
881 1.03574058291
882 1.03456681126
883 1.05535555808
884 1.02671852412
885 1.02016193385
886 1.05169671894
887 1.0219421072
888 1.02259278506
889 1.04721738493
890 1.05187821378
891 1.03596372407
892 1.03839823562
893 1.02264259929
894 1.05427885171
895 1.06496141726
896 1.07216622942
897 1.07566403435
898 1.07672214458
899 1.07825403159
900 1.04783132968
901 1.05788355474
902 1.04534137531
903 1.08116047684
904 1.06088974981
905 1.08091506817
906 1.06088974981
907 1.07931439117
908 1.06278723564
909 1.07946078722
910 1.05946007372
911 1.06389679187
912 1.02278752192
913 1.04913388372
914 1.03198227466
915 1.0537931384
916 1.05426374085
917 1.0498017769
918 1.04373543081
919 1.03911627272
920 1.05006384801
921 1.03416877273
922 1.0687586931
923 1.03475725274
924 1.03404323492
925 1.03047312252
926 1.03156371295
927 1.03174241529
928 1.02340082033
929 1.0230434751
930 1.0233138174
931 1.02714025662
932 1.02644937626
933 1.02298829512
934 1.01774334026
935 1.0177749634
936 1.02212864853
937 1.02466808966
938 1.02491908989
939 1.02171646934
940 1.02442965308
941 1.02356887964
942 1.02205059704
943 1.02272090536
944 1.02200343295
945 1.02553634301
946 1.04672450322
947 1.02264678591
948 1.03164741572
949 1.03329261887
950 1.03373325266
951 1.03452140518
952 1.03252156821
953 1.03352603596
954 1.03574855739
955 1.03145415435
956 1.04056896885
957 1.05654868165
958 1.05904596328
959 1.04170518685
960 1.05234339545
961 1.05518288472
962 1.05323074119
963 1.05419359726
964 1.04049395562
965 1.07623183895
966 1.07623183895
967 1.06977818923
968 1.0528255312
969 1.04938701232
970 1.057059619
971 1.05081187132
972 1.05451213783
973 1.06597487918
974 1.06587546573
975 1.0570547461
976 1.03203646863
977 1.05176166084
978 1.03907992475
979 1.06350084805
980 1.05189365027
981 1.03600144612
982 1.06587261529
983 1.03804512953
984 1.0389614551
985 1.04598273307
986 1.05120722395
987 1.05410519294
988 1.04646267743
989 1.0423446817
990 1.02718544929
991 1.05627085285
992 1.03230391677
993 1.05310263522
994 1.04976502076
995 1.02214838183
996 1.05166016762
997 1.05495034606
998 1.04752578025
999 1.03640368223
1000 1.02229206911
1001 1.05123414499
1002 1.0552996137
1003 1.05116783427
1004 1.04666945465
1005 1.0527472164
1006 1.04582495672
1007 1.04633188092
1008 1.0302824027
1009 1.04736636137
1010 1.04489525373
1011 1.04435665974
1012 1.05762689756
1013 1.04977997578
1014 1.04767767558
1015 1.05077965661
1016 1.04903394096
1017 1.04940695112
1018 1.0441304516
1019 1.05214050978
1020 1.03047463629
1021 1.04322901363
1022 1.02612839446
1023 1.04883172542
1024 1.07021844382
1025 1.04281468702
1026 1.04175155658
1027 1.03796987033
1028 1.03410487914
1029 1.03411664033
1030 1.05210492134
1031 1.04792418536
1032 1.04849768238
1033 1.05259950265
1034 1.04998153462
1035 1.04973631708
1036 1.03196582171
1037 1.05617146966
1038 1.05036150421
1039 1.04757466827
1040 1.05280855286
1041 1.05262816663
1042 1.05159952331
1043 1.06250215239
1044 1.04859994292
1045 1.03724592213
1046 1.03742000531
1047 1.05256966395
1048 1.03703545027
1049 1.0478140253
1050 1.06342592722
1051 1.0252793142
1052 1.05080143476
1053 1.06088974981
1054 1.04596515649
1055 1.05762633376
1056 1.05585341088
1057 1.05630316852
1058 1.02172862063
1059 1.05093480007
1060 1.05127134212
1061 1.04063050374
1062 1.05742944275
1063 1.05085554698
1064 1.0436149537
1065 1.05270446383
1066 1.04030076463
1067 1.05319766701
1068 1.05321566847
1069 1.05134125453
1070 1.05432443496
1071 1.05387265022
1072 1.05448678746
1073 1.04960981963
1074 1.05600208199
1075 1.03239498518
1076 1.04438796145
1077 1.0455584332
1078 1.04524169797
1079 1.03157151016
1080 1.03570921409
1081 1.05047125584
1082 1.04873525689
1083 1.04489674847
1084 1.04226521831
1085 1.07468423571
1086 1.04608655658
1087 1.04018016935
1088 1.07435475628
1089 1.0451575843
1090 1.03437265861
1091 1.03500610874
1092 1.0440249563
1093 1.04463341759
1094 1.07423151695
1095 1.07412428952
1096 1.04363991908
1097 1.07230469829
1098 1.05742357012
1099 1.049469965
1100 1.04315614583
1101 1.05539296875
1102 1.04710326665
1103 1.04615697587
1104 1.05586563133
1105 1.07075514763
1106 1.05866245659
1107 1.06834349946
1108 1.05626560138
1109 1.06000041865
1110 1.06015927921
1111 1.05869008715
1112 1.04460304922
1113 1.05603822552
1114 1.04512356932
1115 1.06513475597
1116 1.05247865192
1117 1.06178078012
1118 1.06651556756
1119 1.05573295499
1120 1.07326596942
1121 1.06607258414
1122 1.06610327941
1123 1.10120803055
1124 1.06002499404
1125 1.05881085745
1126 1.07353035033
1127 1.06790077947
1128 1.0419777341
1129 1.04289865564
1130 1.05957086744
1131 1.06541034816
1132 1.06069363431
1133 1.07215028958
1134 1.06340316773
1135 1.06566495965
1136 1.04107499498
1137 1.0395712209
1138 1.05010686241
1139 1.08029327502
1140 1.03798402275
1141 1.04204800128
1142 1.03600473044
1143 1.02809236967
1144 1.02751493235
1145 1.02372378099
1146 1.05792037283
1147 1.04465160042
1148 1.05005615689
1149 1.05782216955
1150 1.0571294743
1151 1.05779079421
1152 1.07267006029
1153 1.05002616603
1154 1.05538158153
1155 1.04060529693
1156 1.05413454422
1157 1.05850711063
1158 1.06261840997
1159 1.04300335236
1160 1.05806889797
1161 1.05700906757
1162 1.05777474004
1163 1.04373353047
1164 1.04502177398
1165 1.03775057835
1166 1.07073747489
1167 1.05235551587
1168 1.06451891593
1169 1.05571757572
1170 1.03469596896
1171 1.0623887555
1172 1.05540875894
1173 1.05799771138
1174 1.06386066384
1175 1.03795052012
1176 1.0290626448
1177 1.05298272073
1178 1.04948841741
1179 1.06184718402
1180 1.04121168855
1181 1.0470509322
1182 1.0417752282
1183 1.0533518713
1184 1.0325143386
1185 1.03733562739
1186 1.04816954385
1187 1.05537795841
1188 1.0474341632
1189 1.05519109749
1190 1.06191946973
1191 1.06604748945
1192 1.06001664728
1193 1.07609640696
1194 1.04691212343
1195 1.05867380082
1196 1.03370694353
1197 1.05384306703
1198 1.05997424656
1199 1.0756895715
1200 1.06669640182
1201 1.05615713661
1202 1.04883572278
1203 1.05484342903
1204 1.05347166099
1205 1.05396111646
1206 1.05738454585
1207 1.0467681873
1208 1.05895425081
1209 1.0314507372
1210 1.04420353208
1211 1.04271631452
1212 1.06109493125
1213 1.05530684867
1214 1.05474839043
1215 1.0577720229
1216 1.04182378881
1217 1.03161974243
1218 1.04982362583
1219 1.05369506029
1220 1.05404219325
1221 1.04213963607
1222 1.05370459613
1223 1.04923002881
1224 1.06000159042
1225 1.05771721861
1226 1.04701969699
1227 1.04506835846
1228 1.04582132389
1229 1.04743861015
1230 1.04815277556
1231 1.06128448519
1232 1.06703437429
1233 1.06034505176
1234 1.06996395112
1235 1.07724174329
1236 1.05782306301
1237 1.05728960166
1238 1.05255986984
1239 1.05749587854
1240 1.03206379687
1241 1.06258096013
1242 1.07968535865
1243 1.03878904777
1244 1.0473365283
1245 1.07107653684
1246 1.07524542522
1247 1.05864576568
1248 1.06561412114
1249 1.06516787887
1250 1.05739100893
1251 1.05649567976
1252 1.05869264557
1253 1.0648675485
1254 1.05493027964
1255 1.05674075281
1256 1.05491684827
1257 1.05661848615
1258 1.06039173116
1259 1.05005655347
1260 1.04736237797
1261 1.04240649827
1262 1.03214684291
1263 1.04458434686
1264 1.05017246749
1265 1.04932770402
1266 1.05846378427
1267 1.0253810952
1268 1.05319206239
1269 1.04329688912
1270 1.03979070655
1271 1.0353978996
1272 1.06066686138
1273 1.02525727654
1274 1.02161591441
1275 1.0471077891
1276 1.0426478717
1277 1.03761092683
1278 1.054400604
1279 1.04166828322
1280 1.03874615546
1281 1.0484021359
1282 1.04952818899
1283 1.03653130206
1284 1.0533871019
1285 1.03163210178
1286 1.05468844759
1287 1.05243955098
1288 1.04920687613
1289 1.03738769758
1290 1.04788422429
1291 1.03281026259
1292 1.04068482074
1293 1.04514891098
1294 1.02629576939
1295 1.02562694765
1296 1.04620096326
1297 1.03400668852
1298 1.04107382321
1299 1.04906399662
1300 1.02672627588
1301 1.03206055625
1302 1.04615176144
1303 1.05671829063
1304 1.04681427035
1305 1.0214142966
1306 1.05037197106
1307 1.02609359214
1308 1.02467555956
1309 1.05583264712
1310 1.06221438444
1311 1.03209248149
1312 1.04870113405
1313 1.04973820468
1314 1.04779891636
1315 1.05095911337
1316 1.05634960005
1317 1.04738399418
1318 1.04728826759
1319 1.02550714356
1320 1.07035887185
1321 1.0284541055
1322 1.024163387
1323 1.03051337114
1324 1.02468067556
1325 1.03089881711
1326 1.02398454215
1327 1.05502985939
1328 1.05634960005
1329 1.02843978519
1330 1.03323930546
1331 1.03920843713
1332 1.05477686047
1333 1.02358000848
1334 1.04270951654
1335 1.02501767348
1336 1.03336262615
1337 1.03120300605
1338 1.03159141298
1339 1.0312165992
1340 1.04744210406
1341 1.02935047636
1342 1.05126655436
1343 1.05445736358
1344 1.06072557031
1345 1.04273301285
1346 1.05610104708
1347 1.0357607418
1348 1.04175453572
1349 1.02617050672
1350 1.03314604908
1351 1.07102243307
1352 1.05667464991
1353 1.03666476833
1354 1.05204666029
1355 1.03537829963
1356 1.04126356829
1357 1.03935338625
1358 1.05728692662
1359 1.05121479922
1360 1.04159425876
1361 1.05580849899
1362 1.02610540555
1363 1.05785243315
1364 1.0396495708
1365 1.04429761623
1366 1.03892898649
1367 1.04769739004
1368 1.04503100604
1369 1.04124861561
1370 1.06281755122
1371 1.05220899672
1372 1.0500893092
1373 1.03453412148
1374 1.04836480186
1375 1.04919362208
1376 1.05773050033
1377 1.05093948407
1378 1.05608935574
1379 1.05143028361
1380 1.05449091376
1381 1.06261454012
1382 1.04834903548
1383 1.04342823127
1384 1.04384330594
1385 1.06350539688
1386 1.06453318338
1387 1.06462070503
1388 1.07551045428
1389 1.0510354712
1390 1.05884411776
1391 1.04286249989
1392 1.04724624947
1393 1.05061572129
1394 1.05107871907
1395 1.04530408133
1396 1.05199105963
1397 1.05209648062
1398 1.05446219488
1399 1.03836452741
1400 1.03805313988
1401 1.06129198516
1402 1.02554182206
1403 1.05881476827
1404 1.06828489242
1405 1.06071812054
1406 1.06845276558
1407 1.06034592828
1408 1.06505868887
1409 1.04106008084
1410 1.04631570975
1411 1.0597865116
1412 1.04291391957
1413 1.03952764192
1414 1.03908420266
1415 1.05781523083
1416 1.05566050304
1417 1.05213009329
1418 1.0505300414
1419 1.02610044748
1420 1.05322654202
1421 1.04539200607
1422 1.05315537684
1423 1.06147946597
1424 1.04176793616
1425 1.06341362058
1426 1.04091682579
1427 1.06635113108
1428 1.04577678236
1429 1.04462600062
1430 1.05997273982
1431 1.04168477741
1432 1.0486484264
1433 1.06317591848
1434 1.04306475078
1435 1.05448792132
1436 1.03408797743
1437 1.04272943459
1438 1.04962789855
1439 1.05639827606
1440 1.03678307525
1441 1.04180100614
1442 1.03878319054
1443 1.02807254836
1444 1.05292577868
1445 1.06388918603
1446 1.03886900417
1447 1.05962502967
1448 1.06061064412
1449 1.04853668336
1450 1.0504737822
1451 1.05723269288
1452 1.05253459287
1453 1.07702205627
1454 1.0215545582
1455 1.05592707255
1456 1.07741778636
1457 1.05356209433
1458 1.04346242035
1459 1.04356668584
1460 1.02313310668
1461 1.03988068489
1462 1.05457650624
1463 1.05273143341
1464 1.06062585873
1465 1.06232743466
1466 1.02273167018
1467 1.06053260262
1468 1.03516238392
1469 1.04483422047
1470 1.05081636641
1471 1.05093590317
1472 1.05496938349
1473 1.04662166145
1474 1.05071888792
1475 1.03739629885
1476 1.04888855005
1477 1.05570991938
1478 1.05359939723
1479 1.05136327738
1480 1.04724117327
1481 1.05421132991
1482 1.06129546
1483 1.06947796615
1484 1.05763280241
1485 1.06416099964
1486 1.05337403263
1487 1.06003134834
1488 1.04540693401
1489 1.045059355
1490 1.06370953093
1491 1.07863742051
1492 1.0588878216
1493 1.0694516238
1494 1.03553898463
1495 1.07003538133
1496 1.05250796062
1497 1.06315939677
1498 1.03869718242
1499 1.05321578742
1500 1.04542669631
1501 1.04372404231
1502 1.05066345689
1503 1.03825820214
1504 1.04646473466
1505 1.04153666262
1506 1.03959305167
1507 1.04676089482
1508 1.04742157821
1509 1.0478515166
1510 1.03755446408
1511 1.04126615851
1512 1.03842981819
1513 1.04339427717
1514 1.04192131158
1515 1.04866573671
1516 1.05653375301
1517 1.04293160057
1518 1.04431395942
1519 1.05328791255
1520 1.05324853474
1521 1.07543732534
1522 1.04488298013
1523 1.05713465185
1524 1.05997065462
1525 1.0587790249
1526 1.04912465445
1527 1.03983322013
1528 1.05100945456
1529 1.05828763026
1530 1.03465194508
1531 1.03334843581
1532 1.02934931078
1533 1.06103191043
1534 1.04843645211
1535 1.01892801777
1536 1.02295058516
1537 1.02320800102
1538 1.05474694683
1539 1.05060011668
1540 1.05485258158
1541 1.07304136827
1542 1.06015250136
1543 1.0548325079
1544 1.05197234539
1545 1.03758288463
1546 1.02014445131
1547 1.05297331725
1548 1.05871280492
1549 1.02444955163
1550 1.05644067599
1551 1.02282974341
1552 1.05105408783
1553 1.05463169399
1554 1.02341671589
1555 1.03670751613
1556 1.05239275634
1557 1.02335839585
1558 1.02527859503
1559 1.03427548827
1560 1.02093742291
1561 1.03461567254
1562 1.03524535181
1563 1.03378498682
1564 1.0645297743
1565 1.04878988577
1566 1.04198154376
1567 1.0332478436
1568 1.03782329112
1569 1.05068712484
1570 1.0379692487
1571 1.02011320114
1572 1.03463725174
1573 1.04835130288
1574 1.04667611145
1575 1.03574636841
1576 1.01896258896
1577 1.05190855955
1578 1.04642871749
1579 1.05286417643
1580 1.08096039728
1581 1.0578284888
1582 1.05191949995
1583 1.02785917735
1584 1.03769970485
1585 1.02666985058
1586 1.0228146437
1587 1.04263142521
1588 1.0230644927
1589 1.05863370054
1590 1.05342793196
1591 1.02047621428
1592 1.05091574523
1593 1.05241018421
1594 1.06132551442
1595 1.05447738488
1596 1.02106957171
1597 1.05803945786
1598 1.0583605958
1599 1.05300823431
1600 1.05056010047
1601 1.04550660084
1602 1.05563231425
1603 1.04100087549
1604 1.05451074223
1605 1.05379551856
1606 1.04382156574
1607 1.04408928356
1608 1.0387377027
1609 1.05044316993
1610 1.03435793421
1611 1.05126975535
1612 1.03878252678
1613 1.05685545191
1614 1.04927730901
1615 1.065410706
1616 1.05734558871
1617 1.0646221611
1618 1.04686680445
1619 1.04858970792
1620 1.02364531915
1621 1.05351910619
1622 1.04893624206
1623 1.04355229489
1624 1.05017388192
1625 1.03927102768
1626 1.03696212369
1627 1.02772415776
1628 1.03295130089
1629 1.03917388339
1630 1.03145663792
1631 1.02337389773
1632 1.02310246542
1633 1.02339954461
1634 1.03432880173
1635 1.03593986123
1636 1.02289027002
1637 1.02438980192
1638 1.02669657957
1639 1.02484397827
1640 1.03833966363
1641 1.04334086808
1642 1.04625505739
1643 1.02459515887
1644 1.04783383569
1645 1.05613683058
1646 1.04721280351
1647 1.03456064168
1648 1.04423486011
1649 1.04854009376
1650 1.0370484092
1651 1.04717998444
1652 1.03435390439
1653 1.0550943751
1654 1.04483967072
1655 1.03288230894
1656 1.05746888327
1657 1.05310665615
1658 1.05735834039
1659 1.04028271405
1660 1.04905558537
1661 1.05803268468
1662 1.05786519594
1663 1.0562178561
1664 1.06293268956
1665 1.04077554021
1666 1.05227994263
1667 1.04327147082
1668 1.03717850211
1669 1.05713128344
1670 1.04854499503
1671 1.07467173374
1672 1.0366717532
1673 1.03780388605
1674 1.02926325495
1675 1.04655498814
1676 1.02643800414
1677 1.06068248012
1678 1.02368049716
1679 1.03524132488
1680 1.04946604828
1681 1.04508565325
1682 1.04290543023
1683 1.05645685501
1684 1.06224517932
1685 1.05160733569
1686 1.05125229207
1687 1.05106359552
1688 1.05580282793
1689 1.0435121732
1690 1.04479520193
1691 1.05680934182
1692 1.03460506552
1693 1.0444482152
1694 1.04859406452
1695 1.04778738296
1696 1.03167121445
1697 1.04708024653
1698 1.04222685034
1699 1.05264102191
1700 1.04351949989
1701 1.04716228764
1702 1.0546022989
1703 1.04826398697
1704 1.05885606988
1705 1.03163008419
1706 1.04763850936
1707 1.05820969914
1708 1.03625930496
1709 1.04703285992
1710 1.05217281852
1711 1.04743546663
1712 1.05311314084
1713 1.0515955367
1714 1.03531088599
1715 1.05428824098
1716 1.05260831799
1717 1.03352568665
1718 1.05020749697
1719 1.0552681652
1720 1.0336729637
1721 1.04227419479
1722 1.04728369012
1723 1.05551138026
1724 1.04250468055
1725 1.03726859761
1726 1.06087651884
1727 1.05632721597
1728 1.03353811944
1729 1.05950095389
1730 1.03371680822
1731 1.03977178258
1732 1.0506282291
1733 1.06251835428
1734 1.06290588456
1735 1.05590561805
1736 1.05208889262
1737 1.04717228614
1738 1.04665281909
1739 1.05616189461
1740 1.05523329134
1741 1.05386101795
1742 1.05453164875
1743 1.04360395405
1744 1.06288496217
1745 1.04889535586
1746 1.0529642007
1747 1.04563890556
1748 1.04202583912
1749 1.05953070888
1750 1.04510722354
1751 1.01756373989
1752 1.05111441483
1753 1.04767052356
1754 1.02945037009
1755 1.02916120296
1756 1.03770107819
1757 1.06677370333
1758 1.05963958049
1759 1.05935393369
1760 1.0602956967
1761 1.06372163777
1762 1.04953874434
1763 1.04550570572
1764 1.03369962812
1765 1.04888150325
1766 1.04591455117
1767 1.04051047654
1768 1.06353974091
1769 1.05743759069
1770 1.0610369377
1771 1.05428843545
1772 1.07779944121
1773 1.05200755749
1774 1.04693335361
1775 1.05498969072
1776 1.0531728999
1777 1.05455948595
1778 1.07738592969
1779 1.05340494667
1780 1.07551087104
1781 1.03748881293
1782 1.07190329303
1783 1.03581928942
1784 1.05026241123
1785 1.05595753001
1786 1.07703779251
1787 1.0357839131
1788 1.04370708473
1789 1.05158369303
1790 1.05832642566
1791 1.05572054467
1792 1.04422056158
1793 1.05119329053
1794 1.07524007811
1795 1.05705399805
1796 1.08032441815
1797 1.0467569098
1798 1.04992226072
1799 1.02894782392
1800 1.04305875823
1801 1.03926450421
1802 1.04783676926
1803 1.05393572944
1804 1.04705643321
1805 1.03023398849
1806 1.04910675308
1807 1.04474812186
1808 1.04805758271
1809 1.04022591011
1810 1.05273233771
1811 1.03785180788
1812 1.04983496066
1813 1.03721411517
1814 1.07566403435
1815 1.05258719119
1816 1.05204828765
1817 1.06808561759
1818 1.05962889757
1819 1.05483273403
1820 1.03722423713
1821 1.05569649639
1822 1.03854283116
1823 1.04578403445
1824 1.03841618548
1825 1.02370787397
1826 1.05726698489
1827 1.05048523122
1828 1.04161537244
1829 1.04307657868
1830 1.04601117604
1831 1.04396732588
1832 1.04385653036
1833 1.05742937853
1834 1.05181658754
1835 1.04547202284
1836 1.04084061323
1837 1.07189308808
1838 1.03217916866
1839 1.04593701603
1840 1.06102927433
1841 1.06262440408
1842 1.0362524642
1843 1.03861061598
1844 1.03750489307
1845 1.04108370151
1846 1.03686335053
1847 1.0280922876
1848 1.02475955457
1849 1.05653646025
1850 1.06228037479
1851 1.04971097795
1852 1.06245890761
1853 1.05648827836
1854 1.03468382846
1855 1.04287651592
1856 1.0423082705
1857 1.03049305737
1858 1.03299039955
1859 1.05149191529
1860 1.05160150661
1861 1.04626791558
1862 1.05426966793
1863 1.05167134902
1864 1.04504859209
1865 1.04486966786
1866 1.04718951226
1867 1.04591218667
1868 1.05282339656
1869 1.03873370891
1870 1.06699444237
1871 1.0333547971
1872 1.06160644009
1873 1.05717831466
1874 1.0474885941
1875 1.02482214042
1876 1.03578490665
1877 1.03241326016
1878 1.05144524585
1879 1.04246809159
1880 1.05657194994
1881 1.03223976388
1882 1.08268752772
1883 1.05684762359
1884 1.04535895499
1885 1.04436398481
1886 1.03833501795
1887 1.0557280974
1888 1.04732753711
1889 1.02598381491
1890 1.03685661042
1891 1.06882518703
1892 1.02345464719
1893 1.04913558663
1894 1.05802182772
1895 1.04806308935
1896 1.08044007332
1897 1.05789764022
1898 1.04443394548
1899 1.04890110175
1900 1.03433483525
1901 1.05487275373
1902 1.06160757203
1903 1.05714833035
1904 1.06163703033
1905 1.05500375453
1906 1.04687196099
1907 1.04868136847
1908 1.05775104434
1909 1.05423952503
1910 1.05126613881
1911 1.05503211069
1912 1.050613764
1913 1.05076161706
1914 1.0396473209
1915 1.05233560118
1916 1.05314935652
1917 1.04501291424
1918 1.04862504377
1919 1.05856801314
1920 1.0513553847
1921 1.04518717907
1922 1.03970125578
1923 1.04304882611
1924 1.05680026173
1925 1.05739224464
1926 1.05735040101
1927 1.04298248821
1928 1.04411375539
1929 1.05510783621
1930 1.0496845174
1931 1.03384612341
1932 1.05697579019
1933 1.05144898691
1934 1.05227203061
1935 1.04436958765
1936 1.05118503714
1937 1.05978628343
1938 1.05446652745
1939 1.03810552661
1940 1.06064199578
1941 1.05768178026
1942 1.06686251029
1943 1.02609191416
1944 1.06026311533
1945 1.06054505311
1946 1.0574497523
1947 1.04130479935
1948 1.05028282727
1949 1.05643132006
1950 1.05434882553
1951 1.04097370767
1952 1.03879212055
1953 1.0523846633
1954 1.05829121722
1955 1.05499773858
1956 1.05375151572
1957 1.06082885403
1958 1.04052636786
1959 1.02375883752
1960 1.03731333541
1961 1.0513960747
1962 1.04859342372
1963 1.04504128089
1964 1.03492554715
1965 1.05352792541
1966 1.0551022686
1967 1.03660214493
1968 1.04716065895
1969 1.0394188492
1970 1.06887933822
1971 1.05150516977
1972 1.04858161388
1973 1.03945831837
1974 1.04126903651
1975 1.02588999932
1976 1.03262616306
1977 1.04938863775
1978 1.04332605884
1979 1.04230561762
1980 1.04260422205
1981 1.0539721381
1982 1.05281342313
1983 1.05339538492
1984 1.03907889041
1985 1.03573721737
1986 1.05024808121
1987 1.05441887316
1988 1.03857613522
1989 1.03203665127
1990 1.04583069859
1991 1.036533649
1992 1.04425628298
1993 1.03246385546
1994 1.04617398346
1995 1.06655586703
1996 1.03465946061
1997 1.04788592359
1998 1.02753268789
1999 1.04450920045
2000 1.03080347331
2001 1.02581939396
2002 1.03565695684
2003 1.05453458237
2004 1.02967394274
2005 1.02858071071
2006 1.06153158327
2007 1.04777209194
2008 1.03629972779
2009 1.04911724814
2010 1.0423999438
2011 1.03901141169
2012 1.03065228512
2013 1.05144742979
2014 1.03855642196
2015 1.03524019503
2016 1.03495546491
2017 1.04564310338
2018 1.03283961361
2019 1.03648051914
2020 1.05404599474
2021 1.04443938321
2022 1.05698955521
2023 1.06288211443
2024 1.05532952473
2025 1.03543631128
2026 1.04918603972
2027 1.02317872025
2028 1.04502103067
2029 1.04603511772
2030 1.04505293835
2031 1.04871076775
2032 1.0367399195
2033 1.03913350484
2034 1.04795072906
2035 1.04073228009
2036 1.03905446497
2037 1.05994538023
2038 1.0440893487
2039 1.04438659316
2040 1.05346196012
2041 1.04154914213
2042 1.03924240306
2043 1.05970257371
2044 1.03698934641
2045 1.05424730537
2046 1.05896232412
2047 1.05521796513
2048 1.04539611918
2049 1.04988877948
2050 1.06215562954
2051 1.03958472186
2052 1.04037726843
2053 1.05922094831
2054 1.06442002116
2055 1.05337882998
2056 1.05743690464
2057 1.05126688925
2058 1.06084796742
2059 1.0615386392
2060 1.03812823299
2061 1.04048200518
2062 1.05358194488
2063 1.05420079897
2064 1.05107911228
2065 1.05868767498
2066 1.0523286493
2067 1.05027350951
2068 1.04885428204
2069 1.04644657334
2070 1.05945113758
2071 1.04383024732
2072 1.06692315061
2073 1.04524389219
2074 1.04820223648
2075 1.05684251483
2076 1.04571225948
2077 1.04489475685
2078 1.07793241092
2079 1.05049951004
2080 1.05952892413
2081 1.04843406756
2082 1.0395897234
2083 1.03823068288
2084 1.02257754135
2085 1.04787078342
2086 1.04619868292
2087 1.03621199864
2088 1.04897981875
2089 1.05905939159
2090 1.03838168939
2091 1.03855260163
2092 1.04711985705
2093 1.0406318169
2094 1.04362106954
2095 1.05611189371
2096 1.05068151258
2097 1.05913139747
2098 1.05226250097
2099 1.04752156423
2100 1.05228198346
2101 1.05247619953
2102 1.02466966585
2103 1.03589806984
2104 1.03900629174
2105 1.03676790742
2106 1.02257556378
2107 1.0518563855
2108 1.03723276427
2109 1.03920896429
2110 1.04176977884
2111 1.04023793096
2112 1.05209866036
2113 1.04413596587
2114 1.05357023765
2115 1.0488004608
2116 1.05190781065
2117 1.04265316095
2118 1.05241726475
2119 1.04797676958
2120 1.05262810103
2121 1.05008657563
2122 1.05400384548
2123 1.05548875352
2124 1.04918365073
2125 1.06289552861
2126 1.05970416895
2127 1.05961011234
2128 1.0476721313
2129 1.06509571672
2130 1.06717481529
2131 1.05358626719
2132 1.04627780612
2133 1.04681743856
2134 1.05209904828
2135 1.04741910447
2136 1.03991208846
2137 1.0586765104
2138 1.04811084677
2139 1.03712427322
2140 1.04520451321
2141 1.05148329754
2142 1.04703562014
2143 1.04666304233
2144 1.05544666259
2145 1.05028251782
2146 1.05817167369
2147 1.03795631059
2148 1.04237429945
2149 1.03945191297
2150 1.03883310021
2151 1.0485339294
2152 1.06265346138
2153 1.05292747764
2154 1.03427698478
2155 1.03585614132
2156 1.03772648645
2157 1.02323704064
2158 1.03679968496
2159 1.03672947472
2160 1.04286583336
2161 1.03429879272
2162 1.05061261389
2163 1.04000408338
2164 1.04996335429
2165 1.04341183561
2166 1.04819334902
2167 1.03204428669
2168 1.04765010771
2169 1.04002853882
2170 1.04325874477
2171 1.03747904499
2172 1.04583091642
2173 1.04807656977
2174 1.0417399438
2175 1.035047678
2176 1.04266181407
2177 1.04999476334
2178 1.0506806839
2179 1.04042709117
2180 1.05220142157
2181 1.05535330996
2182 1.04858447378
2183 1.0438250113
2184 1.04474507237
2185 1.03587360664
2186 1.03980695324
2187 1.05836108196
2188 1.05995347985
2189 1.03848132025
2190 1.05286538373
2191 1.06367552562
2192 1.05810145647
2193 1.04583833705
2194 1.02804121941
2195 1.04547566957
2196 1.03308324404
2197 1.03775291725
2198 1.02555523447
2199 1.04163420488
2200 1.03900245248
2201 1.04000417022
2202 1.04130998563
2203 1.04588340799
2204 1.02195846595
2205 1.0387132351
2206 1.04344094911
2207 1.05106128785
2208 1.05077298852
2209 1.03076027364
2210 1.05579108851
2211 1.04296625833
2212 1.04455697932
2213 1.03825234997
2214 1.04633662211
2215 1.05192287154
2216 1.04499149508
2217 1.04717586756
2218 1.04772839951
2219 1.04797908805
2220 1.04318758663
2221 1.03786850421
2222 1.03859968188
2223 1.0219566742
2224 1.04865779566
2225 1.05273982586
2226 1.0278238281
2227 1.05723288574
2228 1.0609130816
2229 1.0391992786
2230 1.02700279907
2231 1.04907128825
2232 1.0573672449
2233 1.04703562014
2234 1.05591378886
2235 1.05376155852
2236 1.04717588262
2237 1.04525994058
2238 1.04696933195
2239 1.06325019371
2240 1.03650136229
2241 1.06273974349
2242 1.05871812849
2243 1.05132250565
2244 1.0517066147
2245 1.05364127733
2246 1.05706945349
2247 1.05378170234
2248 1.05063518641
2249 1.04916108908
2250 1.0485333606
2251 1.02214898309
2252 1.05644020174
2253 1.04532343016
2254 1.05521216241
2255 1.04703562014
2256 1.03920412571
2257 1.04972405254
2258 1.04753864832
2259 1.02117247443
2260 1.04570176979
2261 1.03218806652
2262 1.03943555192
2263 1.041650467
2264 1.04703562014
2265 1.0483281661
2266 1.0386152323
2267 1.0561981776
2268 1.04322887381
2269 1.02065460607
2270 1.07125840769
2271 1.06222500668
2272 1.05398115497
2273 1.04864270309
2274 1.05307841489
2275 1.0525916847
2276 1.05343615123
2277 1.04950618095
2278 1.05859604634
2279 1.05043350732
2280 1.05246498187
2281 1.05068560755
2282 1.05046963797
2283 1.04364513498
2284 1.04752401851
2285 1.05536319104
2286 1.05161659529
2287 1.04644876448
2288 1.05083295258
2289 1.03589819517
2290 1.04907566283
2291 1.02775263972
2292 1.03063437107
2293 1.05236403809
2294 1.02319824236
2295 1.02027983579
2296 1.04338910183
2297 1.05201727815
2298 1.05183951626
2299 1.04811716726
2300 1.04729712291
2301 1.05672245119
2302 1.04534835847
2303 1.05197461354
2304 1.04957561998
2305 1.04250573252
2306 1.05415870407
2307 1.04740936846
2308 1.05641976584
2309 1.0581706283
2310 1.06207824032
2311 1.05011074407
2312 1.05824190758
2313 1.0478468652
2314 1.04990890534
2315 1.0626850014
2316 1.04265790009
2317 1.0606654572
2318 1.05804123645
2319 1.05503818955
2320 1.04274595792
2321 1.0501635436
2322 1.03826166775
2323 1.04634662186
2324 1.04791462768
2325 1.05065512797
2326 1.07062370268
2327 1.04849742191
2328 1.0530823819
2329 1.04618880536
2330 1.04548279108
2331 1.04741954484
2332 1.05381569303
2333 1.03340530277
2334 1.04879904699
2335 1.04859208762
2336 1.04518062883
2337 1.04996042199
2338 1.03509882642
2339 1.05446116809
2340 1.06053821999
2341 1.05297070471
2342 1.04600041299
2343 1.05696976031
2344 1.054687514
2345 1.06251614688
2346 1.05674687484
2347 1.05525839135
2348 1.05443504394
2349 1.0557321128
2350 1.0517105307
2351 1.06603253221
2352 1.05107332753
2353 1.04550854586
2354 1.04973365582
2355 1.05702291989
2356 1.04600588784
2357 1.06256471074
2358 1.0472075003
2359 1.04136609046
2360 1.04541307402
2361 1.04325872902
2362 1.04394862321
2363 1.04481918363
2364 1.04906011642
2365 1.03489766268
2366 1.04269065595
2367 1.04165249246
2368 1.02829189316
2369 1.02846919554
2370 1.02688355672
2371 1.03622982273
2372 1.03506077964
2373 1.03545308014
2374 1.02417274065
2375 1.02456853397
2376 1.02474922518
2377 1.02473716051
2378 1.03670298133
2379 1.03048408428
2380 1.03454185271
2381 1.03387066541
2382 1.03589795065
2383 1.03177519017
2384 1.03041573986
2385 1.04009221006
2386 1.03379169758
2387 1.03558532895
2388 1.04938021016
2389 1.04001685726
2390 1.0629654267
2391 1.04334138831
2392 1.04868896377
2393 1.03532699748
2394 1.0271257683
2395 1.0495096841
2396 1.04117413175
2397 1.0346790072
2398 1.06113040345
2399 1.04099754512
2400 1.05343890296
2401 1.03452458444
2402 1.05202375343
2403 1.03646951139
2404 1.05537091043
2405 1.03009997649
2406 1.03006610138
2407 1.04958824094
2408 1.02659595425
2409 1.05740813593
2410 1.04190859761
2411 1.04757109712
2412 1.05399577445
2413 1.04375134359
2414 1.04929254948
2415 1.0269010558
2416 1.0604747991
2417 1.0492467941
2418 1.05026232111
2419 1.03415950784
2420 1.03821017201
2421 1.02609484997
2422 1.04395874618
2423 1.05607321182
2424 1.04422219586
2425 1.04222032729
2426 1.05548228032
2427 1.05196448837
2428 1.03601740703
2429 1.05919858947
2430 1.04411207403
2431 1.04503221335
2432 1.01760518704
2433 1.0349088962
2434 1.02473057145
2435 1.03759139353
2436 1.04721019207
2437 1.04397766563
2438 1.04977480252
2439 1.06705513509
2440 1.06941425733
2441 1.04828990801
2442 1.04267804199
2443 1.05496140436
2444 1.0268777911
2445 1.06188716844
2446 1.04433910962
2447 1.03140860893
2448 1.03273284247
2449 1.05444193464
2450 1.04652996341
2451 1.04627861423
2452 1.02711382089
2453 1.02358451609
2454 1.03254222552
2455 1.04258234935
2456 1.02355731842
2457 1.02818157631
2458 1.03261497052
2459 1.04088212695
2460 1.02822789659
2461 1.03510224127
2462 1.04277014561
2463 1.02658369896
2464 1.02922493821
2465 1.04597154055
2466 1.02369032315
2467 1.0460785217
2468 1.02027983579
2469 1.05320589512
2470 1.03055071688
2471 1.06311911363
2472 1.04762768559
2473 1.05682499156
2474 1.03159739575
2475 1.02869129544
2476 1.03169132349
2477 1.04095769491
2478 1.04174389959
2479 1.05273982586
2480 1.04946971435
2481 1.0546168132
2482 1.05115894216
2483 1.05557658062
2484 1.04935408928
2485 1.04618185038
2486 1.04144106078
2487 1.04642241653
2488 1.05283743597
2489 1.03626538965
2490 1.05423425216
2491 1.05742446286
2492 1.03835495766
2493 1.056300237
2494 1.05957662954
2495 1.06297274074
2496 1.0594587882
2497 1.05237717261
2498 1.05778567309
2499 1.05435768613
2500 1.0732541365
2501 1.05364845834
2502 1.06648117349
2503 1.05263557287
2504 1.06128279323
2505 1.05444573244
2506 1.05684251483
2507 1.0594984308
2508 1.05582557688
2509 1.05428306116
2510 1.05497178226
2511 1.05933888956
2512 1.05184411814
2513 1.05293698987
2514 1.05732796865
2515 1.05494464409
2516 1.04934823586
*Step  = 6
*Time  = 1.2
*Data  = Fzz
1 1.05199045236
2 1.04560266674
3 1.05400190891
4 1.04687364835
5 1.05278820573
6 1.05614172722
7 1.05469141231
8 1.05545225365
9 1.05038397092
10 1.04043980716
11 1.05095167535
12 1.04130137187
13 1.03780985021
14 1.05254524696
15 1.05616720873
16 1.04827980998
17 1.06426576464
18 1.05184599464
19 1.05136690766
20 1.05582531216
21 1.04240600039
22 1.04322680432
23 1.04357286214
24 1.0493850536
25 1.05473061867
26 1.05605161581
27 1.04620226838
28 1.05715270478
29 1.04652130539
30 1.04157878941
31 1.05389861293
32 1.05671570294
33 1.0591621814
34 1.05791867173
35 1.05480194603
36 1.05206114839
37 1.05736853953
38 1.06139686373
39 1.05150983828
40 1.030181718
41 1.04577125538
42 1.05668679018
43 1.04293126513
44 1.05753190223
45 1.05956031445
46 1.03863642073
47 1.06679785554
48 1.05456886218
49 1.05913086242
50 1.04189335555
51 1.03824844745
52 1.05354144595
53 1.04710752967
54 1.03765968736
55 1.04248194748
56 1.06143263412
57 1.04020795322
58 1.04847475834
59 1.04081657777
60 1.06153708083
61 1.05123211911
62 1.04580020789
63 1.05158665057
64 1.04574405781
65 1.04744812371
66 1.05198372493
67 1.03606548565
68 1.03648759327
69 1.05384256277
70 1.06138521853
71 1.0563766337
72 1.04593996792
73 1.04776204728
74 1.04201359277
75 1.06159911497
76 1.05917275458
77 1.04938910381
78 1.03294093202
79 1.0500629706
80 1.04757678308
81 1.04790793179
82 1.06108637717
83 1.06093227986
84 1.04971234566
85 1.04567713702
86 1.02582556177
87 1.04525922375
88 1.04891774254
89 1.05234368593
90 1.04128975059
91 1.04979409306
92 1.04492056309
93 1.0466415683
94 1.03858051057
95 1.04698563955
96 1.02799782188
97 1.04768330876
98 1.05735362583
99 1.02530323929
100 1.04307984762
101 1.04398186707
102 1.05044307733
103 1.05716658731
104 1.06716256124
105 1.05517936724
106 1.05523268079
107 1.04544024604
108 1.04127190992
109 1.0372679748
110 1.05210428798
111 1.04743745439
112 1.05035188196
113 1.07319533115
114 1.05092496019
115 1.04524975191
116 1.04209730903
117 1.04860791646
118 1.04975597322
119 1.02642448048
120 1.05684807464
121 1.04390542501
122 1.03183475406
123 1.03092422438
124 1.06145433208
125 1.05476123887
126 1.05584112445
127 1.07256916209
128 1.05095694086
129 1.05070320249
130 1.04677206719
131 1.04802711713
132 1.06183671551
133 1.04470868144
134 1.05311803583
135 1.05468291995
136 1.05006355014
137 1.057055593
138 1.07825422725
139 1.03538340695
140 1.0444561528
141 1.04390755867
142 1.04712467515
143 1.04780802228
144 1.02942335004
145 1.04443879879
146 1.04388610409
147 1.05112944142
148 1.02929559369
149 1.04235079335
150 1.05614351956
151 1.05947218543
152 1.0306375881
153 1.04616273177
154 1.05294086235
155 1.03422729663
156 1.0350083737
157 1.0524446855
158 1.06132731144
159 1.04993369484
160 1.02059454402
161 1.07680125974
162 1.05555432272
163 1.04737974167
164 1.03585115256
165 1.03793549596
166 1.0229472424
167 1.05079361689
168 1.03688852322
169 1.05218114723
170 1.04584302127
171 1.03788353014
172 1.05003997575
173 1.0356940019
174 1.05999776644
175 1.05789202675
176 1.02214944258
177 1.05230846352
178 1.06169618911
179 1.02661165447
180 1.02604085679
181 1.05701347194
182 1.05379154535
183 1.04163945589
184 1.05847531047
185 1.0472892954
186 1.065778475
187 1.04148279998
188 1.0503265873
189 1.02027977444
190 1.03990076713
191 1.03608641701
192 1.05374106746
193 1.03972290166
194 1.05478262906
195 1.05684807464
196 1.03874883469
197 1.04375933049
198 1.05684807464
199 1.03592190049
200 1.04223237641
201 1.02302589674
202 1.07243188442
203 1.0553211199
204 1.05481994565
205 1.05983362736
206 1.06110848287
207 1.0584369579
208 1.02802565098
209 1.05555432272
210 1.04304571494
211 1.02267206719
212 1.06077835641
213 1.02161264927
214 1.02850287485
215 1.07493239309
216 1.04980185895
217 1.05154417997
218 1.02737603978
219 1.06334294067
220 1.04626494915
221 1.04702722834
222 1.05361126917
223 1.03581004459
224 1.03194375729
225 1.03504003454
226 1.04088884135
227 1.05185338826
228 1.04326407799
229 1.04378839724
230 1.05522804546
231 1.03006105105
232 1.02891285859
233 1.02564668371
234 1.04087109684
235 1.05059372555
236 1.04979426918
237 1.03852613959
238 1.03454507608
239 1.04850968089
240 1.04853055093
241 1.02945088938
242 1.05347734429
243 1.0528258907
244 1.02815041925
245 1.05788456299
246 1.02582658279
247 1.05542825892
248 1.05348470784
249 1.054286809
250 1.04792345453
251 1.03554700795
252 1.0528258907
253 1.0508988992
254 1.04850197311
255 1.04056253961
256 1.04981909117
257 1.02758657937
258 1.03602587749
259 1.05272265393
260 1.05178523676
261 1.04014058475
262 1.03743891937
263 1.0450091776
264 1.05232470086
265 1.04220921962
266 1.03329655423
267 1.05272265393
268 1.03848898708
269 1.0427822784
270 1.02336337397
271 1.04301863963
272 1.02338939089
273 1.04760346924
274 1.03742348721
275 1.04744212796
276 1.03927175774
277 1.05788456299
278 1.04746480101
279 1.02325595884
280 1.04496618071
281 1.07405941523
282 1.04490722409
283 1.07540234009
284 1.07261048656
285 1.07235292469
286 1.07529985547
287 1.07864086187
288 1.07319533115
289 1.07533975921
290 1.07429314365
291 1.07399264584
292 1.04783460146
293 1.05272265393
294 1.05705455394
295 1.06820502473
296 1.06682856391
297 1.07864086187
298 1.0721174556
299 1.07726423681
300 1.07786210921
301 1.07203323521
302 1.07775111882
303 1.07219536875
304 1.07775111882
305 1.05010091173
306 1.03662012372
307 1.07738779741
308 1.07724295857
309 1.07072474613
310 1.07023565183
311 1.06484163748
312 1.06514209291
313 1.06657188439
314 1.05319234685
315 1.05472294015
316 1.06357451809
317 1.05273967842
318 1.06143216201
319 1.03121858508
320 1.06649228151
321 1.06690820795
322 1.0394715646
323 1.05345570248
324 1.04576148517
325 1.07009058763
326 1.06824852843
327 1.05370796616
328 1.05485270769
329 1.04351185564
330 1.06377842671
331 1.05421198934
332 1.06063972314
333 1.0500323248
334 1.06365133756
335 1.04141415083
336 1.06941980102
337 1.04590944328
338 1.04293764702
339 1.04207191139
340 1.04997451214
341 1.02921191954
342 1.059543381
343 1.04164950541
344 1.03601442443
345 1.04214025794
346 1.02686266119
347 1.05887610344
348 1.04087800814
349 1.06330132314
350 1.034688442
351 1.03317403913
352 1.04523427701
353 1.04539079078
354 1.04135908922
355 1.04504825696
356 1.04562849148
357 1.03914417071
358 1.03651111204
359 1.03404717021
360 1.04103940993
361 1.05460517425
362 1.034087037
363 1.03202632286
364 1.02952312834
365 1.04638879694
366 1.0306843233
367 1.03112346508
368 1.05248442608
369 1.0560894269
370 1.05286903994
371 1.02938622968
372 1.05058221538
373 1.03018066408
374 1.03014518663
375 1.02417764147
376 1.02414388339
377 1.05553987927
378 1.03802680546
379 1.05526013926
380 1.03115216368
381 1.06535512975
382 1.0481128406
383 1.02577785343
384 1.02683209836
385 1.02487305646
386 1.03324748744
387 1.0252441939
388 1.02566912912
389 1.0307403256
390 1.02450654506
391 1.02600227195
392 1.05397200145
393 1.042103185
394 1.02556271779
395 1.02256234354
396 1.0407717214
397 1.02557418263
398 1.02256412988
399 1.02608566264
400 1.04424595093
401 1.03544628943
402 1.05619052318
403 1.02584927629
404 1.03472972789
405 1.03291799628
406 1.02325687683
407 1.02293718198
408 1.06275906774
409 1.02293316917
410 1.02141636391
411 1.02253552146
412 1.02252494754
413 1.0437109916
414 1.03413392163
415 1.04287657088
416 1.02366333851
417 1.02366687075
418 1.0655832102
419 1.04768250407
420 1.01909670654
421 1.04279842075
422 1.03461675051
423 1.02272200213
424 1.04556245312
425 1.0548217028
426 1.04417329682
427 1.0529002657
428 1.02273256844
429 1.02468776991
430 1.02270693396
431 1.02277902138
432 1.02220471294
433 1.02463895956
434 1.02684490696
435 1.0440021992
436 1.04537508654
437 1.02154458029
438 1.0216516469
439 1.02271338875
440 1.02300643422
441 1.04294977254
442 1.02143910073
443 1.02027685754
444 1.0240267451
445 1.02489595335
446 1.04115891342
447 1.02261619019
448 1.05341180089
449 1.03075715916
450 1.02350962199
451 1.04397861162
452 1.04817174348
453 1.02397129622
454 1.02379085237
455 1.02558029336
456 1.02309697998
457 1.02864543158
458 1.03036123798
459 1.02915046341
460 1.02027977444
461 1.04492072273
462 1.05074641689
463 1.0478490099
464 1.05758237057
465 1.05273967842
466 1.06263784231
467 1.05702626054
468 1.03094662177
469 1.05448207778
470 1.04812840491
471 1.04523415969
472 1.02470553552
473 1.03241116055
474 1.02617806338
475 1.03313734313
476 1.03137393361
477 1.03579521865
478 1.03605875408
479 1.03669956086
480 1.03905572228
481 1.03932375486
482 1.03496529724
483 1.04469884866
484 1.03278068314
485 1.04438099549
486 1.03204707248
487 1.03748585203
488 1.03868659613
489 1.03881678847
490 1.04396694925
491 1.04058142663
492 1.03957453345
493 1.04919411547
494 1.04635931039
495 1.03460761625
496 1.04251780608
497 1.04318804548
498 1.04287604871
499 1.04356520587
500 1.04607880989
501 1.03737583197
502 1.04169182122
503 1.04647171663
504 1.04640751987
505 1.04823666895
506 1.0480290582
507 1.05224256758
508 1.04973497363
509 1.03487847515
510 1.03694458967
511 1.04823297045
512 1.05112430413
513 1.04528662458
514 1.05281444755
515 1.05036086824
516 1.05319599475
517 1.05325908755
518 1.06495246137
519 1.06439399568
520 1.06216828742
521 1.05646477053
522 1.04489243061
523 1.06392593207
524 1.04424197166
525 1.06643132534
526 1.04362642402
527 1.06232510188
528 1.03667847998
529 1.06484478432
530 1.05747213262
531 1.03781122667
532 1.05834301971
533 1.04385993998
534 1.05276446895
535 1.04461114036
536 1.07066575069
537 1.0234529135
538 1.05488658762
539 1.0553714109
540 1.07377512604
541 1.07333957224
542 1.07422869941
543 1.04714719526
544 1.07360481867
545 1.07409262264
546 1.07973758009
547 1.08363919519
548 1.08199413192
549 1.08225362446
550 1.08363919519
551 1.07989143217
552 1.07627278613
553 1.07627278613
554 1.07615302374
555 1.07619861636
556 1.07978315909
557 1.07983089688
558 1.08046000683
559 1.08055644102
560 1.07452281758
561 1.07452281758
562 1.0798482124
563 1.07627278613
564 1.07640493665
565 1.07632451235
566 1.07524912668
567 1.07587953677
568 1.08147225607
569 1.08122014412
570 1.07176398377
571 1.07131989434
572 1.07782242845
573 1.07300471742
574 1.06270381021
575 1.07782242845
576 1.07339408488
577 1.07856876882
578 1.07842963361
579 1.07322750113
580 1.07636698654
581 1.06239623648
582 1.06193956273
583 1.06467751333
584 1.04545533484
585 1.06571975944
586 1.0660751162
587 1.05477344886
588 1.05498463985
589 1.04489405531
590 1.05778163455
591 1.0523199126
592 1.0625824482
593 1.05388506266
594 1.04952209768
595 1.05436121876
596 1.05236198468
597 1.04986923665
598 1.05156481221
599 1.05046393855
600 1.04302795829
601 1.05025621793
602 1.05392553842
603 1.03509650314
604 1.05165451071
605 1.0568358518
606 1.0409379664
607 1.03680591394
608 1.05129651925
609 1.05258128945
610 1.04742877105
611 1.03774090904
612 1.04734613188
613 1.05423772994
614 1.05578790084
615 1.04481710252
616 1.04628430939
617 1.05844269355
618 1.05199556334
619 1.05559157093
620 1.05849418587
621 1.04439597942
622 1.05546896491
623 1.05230633807
624 1.03838005059
625 1.02778365424
626 1.03511088643
627 1.02465473471
628 1.02442562869
629 1.04842484023
630 1.05559215067
631 1.05923324192
632 1.0709709607
633 1.0783823403
634 1.04686452047
635 1.03510394101
636 1.03146367506
637 1.04274543914
638 1.04364947052
639 1.06286336105
640 1.04847854981
641 1.04317698186
642 1.02267397338
643 1.05131482046
644 1.05934802647
645 1.06189789143
646 1.06238863057
647 1.05886495773
648 1.0337415339
649 1.07258419864
650 1.07256846963
651 1.0460611434
652 1.06178211888
653 1.04795154148
654 1.03349010303
655 1.0275906525
656 1.02882691178
657 1.05769439252
658 1.02990828674
659 1.02921455613
660 1.05030442602
661 1.02843146289
662 1.02865880956
663 1.06165070878
664 1.03492927269
665 1.04388180764
666 1.03299502738
667 1.03165876628
668 1.03214604219
669 1.06170739066
670 1.03596441334
671 1.0369859962
672 1.04577502511
673 1.03262664588
674 1.0436462281
675 1.04143035524
676 1.03445302017
677 1.04636259745
678 1.05673822554
679 1.05280547485
680 1.05062181002
681 1.03075224303
682 1.03502932916
683 1.04062523611
684 1.05779782092
685 1.05400046941
686 1.05325332117
687 1.0612708547
688 1.06049396258
689 1.0691579336
690 1.06804136599
691 1.06868652082
692 1.06825067021
693 1.06445506441
694 1.02067250675
695 1.0522535748
696 1.07331874152
697 1.07407810386
698 1.07367532713
699 1.07364724691
700 1.07250750481
701 1.07364724691
702 1.07669549353
703 1.07365177863
704 1.07485596929
705 1.07493352682
706 1.05788456299
707 1.07555674987
708 1.07322750113
709 1.07934767601
710 1.03360541541
711 1.02671862413
712 1.06759095499
713 1.06730535857
714 1.05656183324
715 1.04153291781
716 1.05764049261
717 1.04202885936
718 1.04158800976
719 1.05215596727
720 1.04646214826
721 1.03140343665
722 1.03096237226
723 1.0495616098
724 1.06687900441
725 1.03895015543
726 1.0385441576
727 1.04563875064
728 1.04755014463
729 1.05874444361
730 1.02850332555
731 1.05826422385
732 1.05387220947
733 1.03019164441
734 1.05613281377
735 1.05634998941
736 1.03650088959
737 1.03366839724
738 1.03478691715
739 1.03994873154
740 1.04399443474
741 1.05376443024
742 1.06622569323
743 1.06859063243
744 1.07117076423
745 1.0515760852
746 1.06643194061
747 1.0665421735
748 1.07813676202
749 1.07555674987
750 1.07943736279
751 1.07974461126
752 1.07322750113
753 1.06259561241
754 1.06248053294
755 1.07407190296
756 1.05898504276
757 1.05323463483
758 1.05422501022
759 1.04065944614
760 1.03559440034
761 1.03376886463
762 1.06264064405
763 1.03188096823
764 1.02770371059
765 1.02336743013
766 1.02536112741
767 1.02875520526
768 1.04434260885
769 1.04832010807
770 1.0564848557
771 1.045065708
772 1.03823342155
773 1.02856346879
774 1.04037099806
775 1.05563073702
776 1.03254391238
777 1.03671262667
778 1.03724085674
779 1.0409724449
780 1.03219290794
781 1.05506607097
782 1.06274259003
783 1.06329894648
784 1.06380787874
785 1.07818725052
786 1.07810594731
787 1.07531997042
788 1.07290430561
789 1.07229486807
790 1.07403176634
791 1.08044235811
792 1.08024311232
793 1.07974461126
794 1.06380588428
795 1.05038887786
796 1.0530815738
797 1.04165955579
798 1.0354016554
799 1.04145267853
800 1.03689923126
801 1.03872754253
802 1.08030195861
803 1.03271057724
804 1.0310473578
805 1.02840996044
806 1.02908113132
807 1.06483672602
808 1.05636656812
809 1.02523612282
810 1.0258491041
811 1.0246466257
812 1.02460513318
813 1.02438800274
814 1.02370210019
815 1.02552851649
816 1.02055544347
817 1.02819705365
818 1.03232623695
819 1.03081761658
820 1.03020589887
821 1.03328351635
822 1.03647994643
823 1.03672068957
824 1.03501681308
825 1.04338854328
826 1.03230209996
827 1.05880110874
828 1.04129205228
829 1.06498453407
830 1.05649585199
831 1.04154740781
832 1.07007360772
833 1.07531997042
834 1.06858259623
835 1.06737886283
836 1.07699178157
837 1.07690392796
838 1.08107939509
839 1.03845229775
840 1.06179637207
841 1.05523268079
842 1.03802981466
843 1.06258245075
844 1.04924247446
845 1.04791777542
846 1.0252352901
847 1.04549742801
848 1.05027166048
849 1.02968476685
850 1.03169741215
851 1.05592711292
852 1.03114493881
853 1.04265412301
854 1.0469932821
855 1.02664664352
856 1.03806721659
857 1.04314644634
858 1.01998891484
859 1.01998920031
860 1.06204716534
861 1.04978496402
862 1.04971720248
863 1.06874666092
864 1.06277406521
865 1.03229074695
866 1.03024769028
867 1.03107848883
868 1.03506509894
869 1.04374828409
870 1.02926199549
871 1.05281060584
872 1.05350683408
873 1.06970650929
874 1.06434989391
875 1.08015636404
876 1.06128460367
877 1.06150351048
878 1.05702502729
879 1.04838076623
880 1.03992363134
881 1.03574028513
882 1.03456688229
883 1.05535584864
884 1.02671850465
885 1.02016188284
886 1.05169670234
887 1.02194209356
888 1.02259272287
889 1.04721729343
890 1.05187792446
891 1.03596341165
892 1.03839798828
893 1.02264250665
894 1.05427928898
895 1.06496147781
896 1.07216640905
897 1.0756642798
898 1.0767220757
899 1.07825422725
900 1.04783128487
901 1.05788456299
902 1.04534129573
903 1.08116055865
904 1.06088985512
905 1.08091515027
906 1.06088985512
907 1.07931458333
908 1.06278735215
909 1.07946098535
910 1.05946012701
911 1.06389686917
912 1.02278743089
913 1.04913407367
914 1.03198232045
915 1.05379395371
916 1.05426382063
917 1.04980170865
918 1.04373422806
919 1.0391159742
920 1.05006378835
921 1.03416864769
922 1.06875886117
923 1.03475688499
924 1.03404295977
925 1.03047285271
926 1.03156344846
927 1.03174215878
928 1.0234008485
929 1.02304338907
930 1.02331384261
931 1.0271404514
932 1.02644931111
933 1.02298820711
934 1.0177433731
935 1.01777499651
936 1.02212863958
937 1.02466804719
938 1.02491905253
939 1.02171634677
940 1.02442945238
941 1.02356885379
942 1.02205040404
943 1.02272062939
944 1.02200323865
945 1.02553615497
946 1.04672411624
947 1.02264650781
948 1.03164717951
949 1.03329213829
950 1.03373295357
951 1.03452112551
952 1.03252153675
953 1.03352581455
954 1.03574835684
955 1.03145394294
956 1.04056903698
957 1.05654892519
958 1.05904622476
959 1.04170490567
960 1.05234306929
961 1.05518374473
962 1.05323158496
963 1.05419419521
964 1.04049389144
965 1.07623172336
966 1.07623172336
967 1.06977837403
968 1.0528258907
969 1.04938712172
970 1.05705981114
971 1.0508118347
972 1.05451221749
973 1.06597499145
974 1.06587559038
975 1.05705455394
976 1.032036515
977 1.05176157284
978 1.03908024947
979 1.06350098711
980 1.05189371495
981 1.03600097718
982 1.06587269844
983 1.03804540846
984 1.0389618124
985 1.04598275663
986 1.0512071822
987 1.05410510455
988 1.04646252593
989 1.04234482831
990 1.0271854414
991 1.05627069237
992 1.03230413258
993 1.05310271502
994 1.04976490845
995 1.02214811775
996 1.05166010508
997 1.05495024303
998 1.04752584595
999 1.03640346514
1000 1.02229181276
1001 1.05123409112
1002 1.05529960477
1003 1.05116768886
1004 1.04666950908
1005 1.05274707788
1006 1.04582484918
1007 1.04633176314
1008 1.03028240541
1009 1.0473662369
1010 1.04489545279
1011 1.04435669545
1012 1.05762635015
1013 1.04977987382
1014 1.04767758216
1015 1.05077958782
1016 1.04903379693
1017 1.04940685958
1018 1.0441302388
1019 1.05214090463
1020 1.03047461535
1021 1.04322873823
1022 1.02612846951
1023 1.04883154363
1024 1.07021870093
1025 1.04281486535
1026 1.04175173778
1027 1.03797001379
1028 1.03410501549
1029 1.0341167358
1030 1.05210489632
1031 1.04792429748
1032 1.04849767964
1033 1.05259946196
1034 1.04998145243
1035 1.04973628155
1036 1.03196584962
1037 1.05617250235
1038 1.05036146366
1039 1.04757455356
1040 1.05280828491
1041 1.05262808289
1042 1.05159946227
1043 1.06250223163
1044 1.04859982077
1045 1.0372460093
1046 1.03741963249
1047 1.05256941119
1048 1.0370352265
1049 1.04781400658
1050 1.06342602427
1051 1.02527913329
1052 1.05080130827
1053 1.06088985512
1054 1.04596498725
1055 1.05762637066
1056 1.05585335623
1057 1.05630298383
1058 1.02172854049
1059 1.05093461383
1060 1.05127107832
1061 1.04063068208
1062 1.05742921656
1063 1.05085513375
1064 1.04361542711
1065 1.0527043675
1066 1.04030096304
1067 1.05319754957
1068 1.05321555436
1069 1.05134102359
1070 1.05432437659
1071 1.05387266751
1072 1.05448673655
1073 1.04960970833
1074 1.05600203207
1075 1.03239505315
1076 1.04438786553
1077 1.04555852647
1078 1.04524172663
1079 1.03157127687
1080 1.03570906772
1081 1.05047111753
1082 1.04873525425
1083 1.04489679242
1084 1.04226467979
1085 1.07468430453
1086 1.04608621958
1087 1.04018056964
1088 1.07435482356
1089 1.04515756779
1090 1.03437251929
1091 1.03500624607
1092 1.04402472421
1093 1.04463337246
1094 1.07423156206
1095 1.07412434266
1096 1.04363949936
1097 1.07230470318
1098 1.0574235607
1099 1.04946996893
1100 1.04315620441
1101 1.05539284729
1102 1.04710321665
1103 1.04615693939
1104 1.05586603449
1105 1.07075519943
1106 1.05866271729
1107 1.06834367278
1108 1.05626596112
1109 1.0600005474
1110 1.06015940546
1111 1.05869034886
1112 1.04460289449
1113 1.05603862273
1114 1.04512338029
1115 1.06513473663
1116 1.05247857358
1117 1.06178059315
1118 1.0665155819
1119 1.0557326984
1120 1.07326614939
1121 1.06607327207
1122 1.06610396767
1123 1.10120735225
1124 1.06002535616
1125 1.05881172235
1126 1.07353051606
1127 1.0679006831
1128 1.04197744384
1129 1.04289819718
1130 1.0595717389
1131 1.06541029245
1132 1.06069349539
1133 1.07214982417
1134 1.06340326459
1135 1.0656650472
1136 1.04107518451
1137 1.03957067203
1138 1.05010676802
1139 1.08029346818
1140 1.03798392533
1141 1.04204774379
1142 1.03600538351
1143 1.02809235779
1144 1.02751491047
1145 1.02372376841
1146 1.05792079265
1147 1.04465156668
1148 1.0500563898
1149 1.05782196551
1150 1.057129756
1151 1.05779095196
1152 1.07267000688
1153 1.05002623297
1154 1.05538145504
1155 1.04060566265
1156 1.0541343984
1157 1.05850783739
1158 1.06261862816
1159 1.04300387688
1160 1.05806882732
1161 1.05700897081
1162 1.05777495133
1163 1.04373337636
1164 1.04502197219
1165 1.03775138637
1166 1.07073752915
1167 1.05235567648
1168 1.06451914282
1169 1.0557178508
1170 1.03469566072
1171 1.06238895804
1172 1.05540856851
1173 1.05799763578
1174 1.06386082883
1175 1.03795024486
1176 1.02906245344
1177 1.05298260928
1178 1.04948824861
1179 1.0618468955
1180 1.04121205277
1181 1.04705105304
1182 1.04177569564
1183 1.05335188605
1184 1.03251400087
1185 1.03733535936
1186 1.0481695078
1187 1.05537784045
1188 1.04743405074
1189 1.05519151106
1190 1.06191954218
1191 1.06604754065
1192 1.06001744135
1193 1.07609635322
1194 1.0469121949
1195 1.05867404024
1196 1.03370703447
1197 1.05384296427
1198 1.05997421465
1199 1.07568949727
1200 1.06669652778
1201 1.05615721909
1202 1.04883573202
1203 1.05484327912
1204 1.05347150659
1205 1.05396094481
1206 1.05738469479
1207 1.04676798297
1208 1.05895421922
1209 1.03145085226
1210 1.04420355541
1211 1.04271632796
1212 1.06109514086
1213 1.05530708559
1214 1.0547485886
1215 1.05777200008
1216 1.04182388449
1217 1.03161986813
1218 1.04982355742
1219 1.05369492302
1220 1.05404240153
1221 1.04213937127
1222 1.05370443433
1223 1.0492298788
1224 1.06000153825
1225 1.05771716763
1226 1.04701969784
1227 1.04506833335
1228 1.04582130974
1229 1.04743867779
1230 1.04815259756
1231 1.06128460367
1232 1.06703446892
1233 1.06034522392
1234 1.0699641759
1235 1.07724185183
1236 1.05782338059
1237 1.05728942866
1238 1.05255983256
1239 1.05749605283
1240 1.03206387861
1241 1.06258114205
1242 1.0796855492
1243 1.03878928381
1244 1.04733641405
1245 1.07107679151
1246 1.07524549888
1247 1.05864562509
1248 1.06561433668
1249 1.0651681444
1250 1.05739112029
1251 1.0564957639
1252 1.05869278313
1253 1.06486780478
1254 1.05493011711
1255 1.05674088068
1256 1.05491696398
1257 1.05661852373
1258 1.06039170386
1259 1.05005645822
1260 1.04736225306
1261 1.04240604002
1262 1.03214658983
1263 1.04458389312
1264 1.05017199124
1265 1.0493276422
1266 1.05846392171
1267 1.02538109558
1268 1.05319207857
1269 1.04329676412
1270 1.03979127669
1271 1.03539775187
1272 1.06066701371
1273 1.02525727817
1274 1.02161571399
1275 1.04710785534
1276 1.04264805224
1277 1.03761063833
1278 1.05440053094
1279 1.04166809192
1280 1.03874608373
1281 1.0484020692
1282 1.04952813867
1283 1.0365314218
1284 1.05338695143
1285 1.03163194581
1286 1.054688398
1287 1.05243939261
1288 1.04920692619
1289 1.03738772168
1290 1.04788409794
1291 1.03281048412
1292 1.04068430344
1293 1.04514881626
1294 1.02629553641
1295 1.02562686977
1296 1.04620080651
1297 1.0340064137
1298 1.04107336893
1299 1.04906398323
1300 1.02672620178
1301 1.03206030979
1302 1.0461517593
1303 1.05671850577
1304 1.0468141412
1305 1.02141423752
1306 1.05037201108
1307 1.02609339808
1308 1.02467533272
1309 1.05583304578
1310 1.06221459592
1311 1.03209257985
1312 1.04870115583
1313 1.04973829287
1314 1.04779891658
1315 1.05095891496
1316 1.05634998941
1317 1.04738390824
1318 1.04728821161
1319 1.02550706561
1320 1.07035904823
1321 1.02845408867
1322 1.02416327101
1323 1.03051356624
1324 1.02468079361
1325 1.03089882646
1326 1.02398443136
1327 1.05503005634
1328 1.05634998941
1329 1.02843978758
1330 1.03323937927
1331 1.03920825658
1332 1.05477702052
1333 1.02357998267
1334 1.04271035819
1335 1.02501784023
1336 1.0333628682
1337 1.03120305476
1338 1.03159146001
1339 1.03121670268
1340 1.04744209876
1341 1.02935033275
1342 1.05126656823
1343 1.05445768492
1344 1.06072584021
1345 1.04273385418
1346 1.05610103549
1347 1.03576068763
1348 1.04175437754
1349 1.02617033654
1350 1.03314578479
1351 1.07102256562
1352 1.05667482309
1353 1.03666472922
1354 1.05204678072
1355 1.03537769487
1356 1.04126286812
1357 1.03935307005
1358 1.0572872093
1359 1.05121465142
1360 1.04159427087
1361 1.05580887863
1362 1.02610527395
1363 1.05785207378
1364 1.03964970343
1365 1.04429731328
1366 1.038928787
1367 1.04769715451
1368 1.04503075766
1369 1.04124865607
1370 1.06281763465
1371 1.05220913277
1372 1.05008926631
1373 1.03453408311
1374 1.04836471859
1375 1.04919379125
1376 1.05773042499
1377 1.0509395434
1378 1.05608941434
1379 1.05143023097
1380 1.05449050013
1381 1.06261459898
1382 1.04834886533
1383 1.04342836294
1384 1.04384336375
1385 1.06350544934
1386 1.06453321361
1387 1.06462083135
1388 1.07551086559
1389 1.05103547572
1390 1.05884350698
1391 1.0428622169
1392 1.04724608087
1393 1.05061570081
1394 1.0510788853
1395 1.04530365402
1396 1.05199117821
1397 1.05209635941
1398 1.05446201335
1399 1.03836420439
1400 1.03805280134
1401 1.06129205371
1402 1.02554154816
1403 1.05881765581
1404 1.06828500702
1405 1.06071822675
1406 1.0684528182
1407 1.06034589331
1408 1.06505846103
1409 1.04106028672
1410 1.04631575435
1411 1.05978675477
1412 1.04291348299
1413 1.03952841836
1414 1.03908431009
1415 1.0578152851
1416 1.05566193859
1417 1.05212997418
1418 1.05053001131
1419 1.02610031518
1420 1.05322638998
1421 1.04539199717
1422 1.05315512907
1423 1.06147941152
1424 1.04176755755
1425 1.06341360315
1426 1.04091666023
1427 1.06635112575
1428 1.04577674944
1429 1.0446257162
1430 1.05997265077
1431 1.04168445623
1432 1.04864822897
1433 1.06317589093
1434 1.04306500871
1435 1.05448796025
1436 1.03408799205
1437 1.0427290707
1438 1.04962769854
1439 1.05639818481
1440 1.03678258679
1441 1.04180077734
1442 1.0387828005
1443 1.02807263793
1444 1.05292574817
1445 1.06388915199
1446 1.03886919205
1447 1.05962504399
1448 1.06061040744
1449 1.04853652809
1450 1.05047366132
1451 1.05723260826
1452 1.05253460332
1453 1.07702216265
1454 1.02155447565
1455 1.05592696516
1456 1.07741789895
1457 1.05356196917
1458 1.0434624226
1459 1.04356667402
1460 1.02313306388
1461 1.03988035246
1462 1.05457632438
1463 1.05273116226
1464 1.06062602281
1465 1.06232756353
1466 1.02273162738
1467 1.06053258217
1468 1.03516212359
1469 1.04483407667
1470 1.05081640628
1471 1.05093584266
1472 1.05496933713
1473 1.04662143795
1474 1.05071872527
1475 1.03739581573
1476 1.04888837193
1477 1.05570987517
1478 1.05359960163
1479 1.0513635311
1480 1.04724106998
1481 1.05421128405
1482 1.06129538095
1483 1.06947786825
1484 1.05763348572
1485 1.06416088866
1486 1.05337384621
1487 1.06003113957
1488 1.04540682459
1489 1.04505925042
1490 1.0637094894
1491 1.07863781717
1492 1.05888754735
1493 1.06945161506
1494 1.03553933895
1495 1.07003540639
1496 1.0525078128
1497 1.063159401
1498 1.03869706076
1499 1.05321598322
1500 1.0454265711
1501 1.04372371009
1502 1.05066337509
1503 1.03825864506
1504 1.04646476876
1505 1.0415370569
1506 1.03959367957
1507 1.04676094982
1508 1.04742150556
1509 1.0478513884
1510 1.03755413261
1511 1.04126588149
1512 1.03842950664
1513 1.04339385827
1514 1.04192172951
1515 1.04866575891
1516 1.05653334167
1517 1.0429314307
1518 1.04431418377
1519 1.05328775023
1520 1.05324838999
1521 1.07543721719
1522 1.04488287667
1523 1.05713452511
1524 1.05997063308
1525 1.05877912114
1526 1.0491247093
1527 1.03983253132
1528 1.05100940313
1529 1.0582874055
1530 1.03465194959
1531 1.03334817499
1532 1.02934921365
1533 1.06103187293
1534 1.04843646217
1535 1.01892795748
1536 1.02295049398
1537 1.02320795902
1538 1.05474689241
1539 1.050600068
1540 1.05485247668
1541 1.07304132132
1542 1.06015252089
1543 1.05483240528
1544 1.05197242182
1545 1.03758246069
1546 1.02014436223
1547 1.05297331492
1548 1.0587128
1549 1.02444977444
1550 1.05644046762
1551 1.02282952988
1552 1.05105399672
1553 1.05463151351
1554 1.02341652431
1555 1.03670726594
1556 1.05239266805
1557 1.02335820482
1558 1.02527837769
1559 1.03427523625
1560 1.02093731746
1561 1.03461589799
1562 1.03524551546
1563 1.03378489574
1564 1.06452982861
1565 1.0487898797
1566 1.04198161365
1567 1.03324736095
1568 1.03782292596
1569 1.05068706977
1570 1.03796946413
1571 1.02011311212
1572 1.03463732373
1573 1.04835131755
1574 1.04667583121
1575 1.03574588675
1576 1.01896252854
1577 1.05190850441
1578 1.0464287957
1579 1.05286399035
1580 1.08096054524
1581 1.05782867055
1582 1.0519194283
1583 1.02785937385
1584 1.03770004886
1585 1.02666971548
1586 1.02281450493
1587 1.0426314794
1588 1.02306437307
1589 1.0586336896
1590 1.05342791964
1591 1.02047614423
1592 1.05091562937
1593 1.05241022347
1594 1.06132530777
1595 1.05447717251
1596 1.02106951298
1597 1.0580391133
1598 1.05836020926
1599 1.05300816953
1600 1.05055999795
1601 1.04550635418
1602 1.05563212076
1603 1.04100060752
1604 1.05451089801
1605 1.05379589272
1606 1.04382135945
1607 1.04408932295
1608 1.03873774142
1609 1.05044305248
1610 1.03435805212
1611 1.05126964833
1612 1.03878226729
1613 1.05685526198
1614 1.04927709327
1615 1.06541078539
1616 1.05734577484
1617 1.06462214377
1618 1.04686685243
1619 1.04858971821
1620 1.02364510733
1621 1.05351916911
1622 1.04893610492
1623 1.04355240638
1624 1.05017388951
1625 1.0392709563
1626 1.03696218605
1627 1.02772417186
1628 1.03295101203
1629 1.03917367264
1630 1.03145637479
1631 1.02337392316
1632 1.02310239021
1633 1.02339957092
1634 1.03432874158
1635 1.03594055354
1636 1.02289018714
1637 1.02438988157
1638 1.02669666029
1639 1.02484394065
1640 1.03833968879
1641 1.04334064758
1642 1.0462550548
1643 1.02459502505
1644 1.04783375378
1645 1.05613658825
1646 1.04721278612
1647 1.03456035988
1648 1.04423469229
1649 1.04853991699
1650 1.03704821556
1651 1.04718005098
1652 1.03435424836
1653 1.05509440225
1654 1.04483973156
1655 1.03288233992
1656 1.0574693163
1657 1.0531064814
1658 1.05735852871
1659 1.04028326463
1660 1.04905549248
1661 1.05803310249
1662 1.0578656315
1663 1.05621752668
1664 1.06293275654
1665 1.04077521779
1666 1.05228006309
1667 1.04327159022
1668 1.03717823324
1669 1.05713107171
1670 1.0485450047
1671 1.07467180843
1672 1.03667148289
1673 1.03780354016
1674 1.02926339711
1675 1.04655490183
1676 1.02643807389
1677 1.06068242947
1678 1.02368046739
1679 1.03524136966
1680 1.04946591284
1681 1.04508563058
1682 1.04290546812
1683 1.0564566842
1684 1.06224484948
1685 1.0516072251
1686 1.0512522209
1687 1.05106355969
1688 1.05580251021
1689 1.04351208732
1690 1.04479507912
1691 1.05680926367
1692 1.03460525817
1693 1.04444742386
1694 1.04859400027
1695 1.04778691256
1696 1.03167122997
1697 1.04707982039
1698 1.04222750863
1699 1.0526409301
1700 1.04351953883
1701 1.04716216326
1702 1.05460338358
1703 1.04826410614
1704 1.05885621928
1705 1.03163011632
1706 1.04763835275
1707 1.05820968474
1708 1.03625905691
1709 1.04703253239
1710 1.05217268603
1711 1.04743553972
1712 1.05311303591
1713 1.05159548684
1714 1.03531057557
1715 1.05428818238
1716 1.05260824641
1717 1.03352576745
1718 1.05020738046
1719 1.05526809903
1720 1.03367307249
1721 1.04227417002
1722 1.04728358977
1723 1.0555113381
1724 1.04250467821
1725 1.03726827144
1726 1.06087669247
1727 1.05632687013
1728 1.03353799348
1729 1.05950057667
1730 1.03371671957
1731 1.03977173244
1732 1.0506279299
1733 1.06251844889
1734 1.06290595156
1735 1.0559055106
1736 1.05208897925
1737 1.04717168026
1738 1.04665274314
1739 1.0561619933
1740 1.05523329144
1741 1.05386107263
1742 1.05453159402
1743 1.04360350545
1744 1.06288498347
1745 1.04889533767
1746 1.05296435143
1747 1.04563868978
1748 1.04202625836
1749 1.05953068405
1750 1.04510735793
1751 1.01756360049
1752 1.0511145893
1753 1.04767014524
1754 1.02945032929
1755 1.02916132932
1756 1.03770074855
1757 1.06677375724
1758 1.05963937458
1759 1.05935389551
1760 1.0602958087
1761 1.06372177099
1762 1.04953876186
1763 1.04550545441
1764 1.03369935921
1765 1.04888130597
1766 1.045914186
1767 1.04050985621
1768 1.06353981644
1769 1.05743795616
1770 1.06103709775
1771 1.05428819769
1772 1.07779966885
1773 1.05200745602
1774 1.04693322489
1775 1.05498959462
1776 1.05317292888
1777 1.05455941242
1778 1.07738603748
1779 1.05340493089
1780 1.07551093944
1781 1.03748888554
1782 1.07190354933
1783 1.0358189055
1784 1.05026237167
1785 1.0559575164
1786 1.07703790537
1787 1.03578352888
1788 1.04370679076
1789 1.0515839025
1790 1.05832716191
1791 1.05572053416
1792 1.04422069215
1793 1.05119330288
1794 1.07524014002
1795 1.05705402187
1796 1.08032446856
1797 1.04675664429
1798 1.04992228159
1799 1.0289480145
1800 1.04305863265
1801 1.03926477284
1802 1.04783665891
1803 1.05393638778
1804 1.04705645295
1805 1.0302337718
1806 1.04910645563
1807 1.04474779943
1808 1.04805768107
1809 1.04022629068
1810 1.05273249776
1811 1.03785173776
1812 1.04983498578
1813 1.03721442388
1814 1.0756642798
1815 1.05258718292
1816 1.05204810093
1817 1.06808555182
1818 1.05962905016
1819 1.05483295093
1820 1.03722461669
1821 1.05569640022
1822 1.03854281404
1823 1.04578399756
1824 1.03841654365
1825 1.02370766211
1826 1.05726751613
1827 1.05048520328
1828 1.04161512196
1829 1.04307605196
1830 1.04601013502
1831 1.04396733055
1832 1.04385648214
1833 1.0574295836
1834 1.05181648356
1835 1.04547181694
1836 1.04084126074
1837 1.07189337924
1838 1.03217903659
1839 1.04593703224
1840 1.06102891525
1841 1.06262449442
1842 1.0362521411
1843 1.03861035625
1844 1.03750441126
1845 1.04108368378
1846 1.03686361143
1847 1.02809224219
1848 1.02475932917
1849 1.05653660499
1850 1.06228027848
1851 1.0497107188
1852 1.06245887764
1853 1.05648796969
1854 1.03468370727
1855 1.04287642475
1856 1.0423079522
1857 1.03049315046
1858 1.03299036769
1859 1.05149193137
1860 1.05160152227
1861 1.0462673557
1862 1.05426950752
1863 1.05167127508
1864 1.04504826074
1865 1.04486962883
1866 1.04718931922
1867 1.04591209878
1868 1.05282332673
1869 1.03873413879
1870 1.06699460624
1871 1.03335476134
1872 1.06160642749
1873 1.05717830213
1874 1.04748836667
1875 1.02482221614
1876 1.03578511833
1877 1.03241324815
1878 1.05144512495
1879 1.04246783147
1880 1.0565721811
1881 1.03223994143
1882 1.08268757368
1883 1.05684807464
1884 1.0453587043
1885 1.04436434856
1886 1.03833489806
1887 1.05572797261
1888 1.04732743327
1889 1.02598367433
1890 1.03685633384
1891 1.06882512648
1892 1.02345445822
1893 1.04913544454
1894 1.05802180733
1895 1.04806293281
1896 1.08044031226
1897 1.05789766431
1898 1.04443397923
1899 1.04890091133
1900 1.03433489923
1901 1.05487278367
1902 1.06160768729
1903 1.05714796473
1904 1.06163694251
1905 1.05500358733
1906 1.04687191108
1907 1.04868131658
1908 1.0577509119
1909 1.05423940568
1910 1.05126609617
1911 1.05503241814
1912 1.05061375538
1913 1.05076105805
1914 1.03964685996
1915 1.0523354547
1916 1.05314913952
1917 1.04501274954
1918 1.04862492937
1919 1.05856788088
1920 1.05135550483
1921 1.04518701987
1922 1.03970121015
1923 1.04304870232
1924 1.05680018209
1925 1.05739223367
1926 1.057350181
1927 1.04298247494
1928 1.0441134257
1929 1.05510791742
1930 1.04968458811
1931 1.03384562352
1932 1.05697528244
1933 1.05144870379
1934 1.05227186611
1935 1.04436967963
1936 1.05118476006
1937 1.05978640149
1938 1.05446632307
1939 1.0381054492
1940 1.06064206702
1941 1.05768159407
1942 1.06686278639
1943 1.02609175995
1944 1.06026312954
1945 1.06054512609
1946 1.05744998362
1947 1.0413046108
1948 1.05028270368
1949 1.0564315562
1950 1.0543490797
1951 1.04097343567
1952 1.03879197312
1953 1.05238571157
1954 1.05829124246
1955 1.05499801999
1956 1.05375171064
1957 1.06082872561
1958 1.04052637382
1959 1.0237586285
1960 1.03731374512
1961 1.05139608947
1962 1.04859325289
1963 1.0450412117
1964 1.03492574744
1965 1.05352759963
1966 1.05510335071
1967 1.03660229405
1968 1.04716063289
1969 1.03941949804
1970 1.06887925449
1971 1.05150519122
1972 1.04858131815
1973 1.03945840095
1974 1.04126910906
1975 1.02588973184
1976 1.03262636059
1977 1.04938849145
1978 1.04332595563
1979 1.0423054869
1980 1.04260414641
1981 1.05397238624
1982 1.05281356134
1983 1.05339532314
1984 1.03907844305
1985 1.03573719324
1986 1.0502479346
1987 1.05441850185
1988 1.0385763561
1989 1.0320364509
1990 1.04583079927
1991 1.03653359882
1992 1.04425614457
1993 1.03246372056
1994 1.04617354194
1995 1.06655587724
1996 1.03465924594
1997 1.04788588198
1998 1.0275324799
1999 1.04450909628
2000 1.03080388984
2001 1.02581932119
2002 1.03565730508
2003 1.05453446771
2004 1.02967413197
2005 1.02858064276
2006 1.06153145696
2007 1.0477720587
2008 1.03629990193
2009 1.04911721842
2010 1.04240011157
2011 1.0390120763
2012 1.03065221614
2013 1.05144736928
2014 1.03855644769
2015 1.03524038334
2016 1.03495557682
2017 1.04564308662
2018 1.0328395816
2019 1.036480652
2020 1.0540459366
2021 1.04443899358
2022 1.05698958892
2023 1.06288191676
2024 1.05532941597
2025 1.03543659878
2026 1.04918594554
2027 1.02317867943
2028 1.04502136718
2029 1.04603467429
2030 1.04505225922
2031 1.04871071605
2032 1.03674006726
2033 1.03913323916
2034 1.04795079826
2035 1.04073200891
2036 1.03905407634
2037 1.05994533876
2038 1.04408905591
2039 1.04438663098
2040 1.05346185168
2041 1.04154842711
2042 1.03924180794
2043 1.0597022791
2044 1.03698913365
2045 1.05424724119
2046 1.05896224382
2047 1.05521772922
2048 1.0453957
2049 1.04988866029
2050 1.06215569776
2051 1.03958409508
2052 1.04037713235
2053 1.05922090721
2054 1.0644198877
2055 1.05337881589
2056 1.05743704396
2057 1.05126685222
2058 1.06084783054
2059 1.06153859412
2060 1.03812823895
2061 1.04048204926
2062 1.05358193902
2063 1.05420068674
2064 1.05107911136
2065 1.05868792161
2066 1.05232863424
2067 1.0502733152
2068 1.04885426711
2069 1.04644649677
2070 1.05945107582
2071 1.04382997609
2072 1.0669232947
2073 1.04524377194
2074 1.04820222825
2075 1.05684271243
2076 1.04571223339
2077 1.0448944032
2078 1.07793255382
2079 1.05049951018
2080 1.0595290525
2081 1.04843405636
2082 1.03958917878
2083 1.03823042637
2084 1.02257748117
2085 1.04787035086
2086 1.04619856261
2087 1.03621145297
2088 1.04897974106
2089 1.05905945244
2090 1.03838140866
2091 1.03855260454
2092 1.04711970458
2093 1.04063183599
2094 1.04362110971
2095 1.05611190656
2096 1.05068142249
2097 1.05913142662
2098 1.05226248418
2099 1.04752135148
2100 1.05228194497
2101 1.05247607774
2102 1.02466973305
2103 1.03589847056
2104 1.03900634612
2105 1.03676810743
2106 1.0225755035
2107 1.05185635105
2108 1.0372329258
2109 1.03920846248
2110 1.04176979033
2111 1.04023836781
2112 1.05209873666
2113 1.04413561965
2114 1.05357047613
2115 1.04880042414
2116 1.05190766564
2117 1.04265300633
2118 1.05241740029
2119 1.04797667785
2120 1.05262805066
2121 1.0500866015
2122 1.05400381977
2123 1.05548920002
2124 1.049183897
2125 1.06289565121
2126 1.05970419693
2127 1.05960984534
2128 1.04767191434
2129 1.06509595353
2130 1.06717451708
2131 1.05358653646
2132 1.04627770831
2133 1.04681738137
2134 1.05209899968
2135 1.04741899504
2136 1.03991262313
2137 1.05867673459
2138 1.04811060923
2139 1.0371245372
2140 1.04520435388
2141 1.05148327133
2142 1.04703558571
2143 1.0466628557
2144 1.05544670646
2145 1.05028253672
2146 1.05817191987
2147 1.03795644507
2148 1.04237445994
2149 1.03945207701
2150 1.03883347804
2151 1.04853381271
2152 1.06265302208
2153 1.0529274718
2154 1.03427733196
2155 1.03585631357
2156 1.03772668438
2157 1.02323682701
2158 1.03679994216
2159 1.03672922613
2160 1.04286638953
2161 1.03429852018
2162 1.05061263034
2163 1.04000407249
2164 1.04996325497
2165 1.04341158411
2166 1.04819317001
2167 1.03204422334
2168 1.04765017787
2169 1.04002856911
2170 1.04325852461
2171 1.03747922986
2172 1.04583091353
2173 1.04807665046
2174 1.04174081259
2175 1.03504771964
2176 1.04266203105
2177 1.04999476888
2178 1.05068073741
2179 1.04042707284
2180 1.05220128524
2181 1.05535326413
2182 1.04858443099
2183 1.04382480488
2184 1.04474505115
2185 1.03587380614
2186 1.03980690601
2187 1.05836113678
2188 1.05995339693
2189 1.0384815379
2190 1.05286567416
2191 1.06367501012
2192 1.05810141136
2193 1.04583792659
2194 1.02804113364
2195 1.04547567305
2196 1.03308321219
2197 1.03775317679
2198 1.02555532975
2199 1.04163419984
2200 1.03900284792
2201 1.04000409972
2202 1.04131012328
2203 1.04588339268
2204 1.02195845047
2205 1.03871335061
2206 1.0434408222
2207 1.05106139656
2208 1.05077292409
2209 1.03075989003
2210 1.05579091611
2211 1.0429669149
2212 1.04455669775
2213 1.03825176701
2214 1.04633665348
2215 1.05192281095
2216 1.04499149062
2217 1.04717576383
2218 1.04772822456
2219 1.04797902416
2220 1.04318717269
2221 1.03786886556
2222 1.03859931256
2223 1.02195665861
2224 1.04865772574
2225 1.05273967842
2226 1.02782370576
2227 1.05723282398
2228 1.06091305255
2229 1.03919879987
2230 1.02700260665
2231 1.04907120798
2232 1.0573672893
2233 1.04703558571
2234 1.05591379281
2235 1.05376212775
2236 1.04717577889
2237 1.04525977486
2238 1.04696908242
2239 1.06325038932
2240 1.03650158318
2241 1.06273931595
2242 1.05871789687
2243 1.05132244108
2244 1.05170655168
2245 1.05364129197
2246 1.05706923719
2247 1.05378201745
2248 1.05063511868
2249 1.04916104989
2250 1.04853336634
2251 1.02214892362
2252 1.05644014421
2253 1.04532329682
2254 1.05521193504
2255 1.04703558571
2256 1.03920364676
2257 1.04972392648
2258 1.04753864061
2259 1.02117254322
2260 1.04570177806
2261 1.03218785658
2262 1.03943503684
2263 1.04165047566
2264 1.04703558571
2265 1.04832801556
2266 1.03861484528
2267 1.05619814363
2268 1.04322922507
2269 1.02065452874
2270 1.07125844936
2271 1.06222462752
2272 1.05398133018
2273 1.04864261031
2274 1.05307839349
2275 1.05259167951
2276 1.05343627116
2277 1.04950609467
2278 1.05859609847
2279 1.0504334194
2280 1.05246500094
2281 1.05068554906
2282 1.05046953788
2283 1.04364513101
2284 1.04752393179
2285 1.05536281171
2286 1.05161656122
2287 1.04644860405
2288 1.05083288878
2289 1.03589816617
2290 1.04907548705
2291 1.02775251485
2292 1.03063406756
2293 1.05236389091
2294 1.02319819327
2295 1.02027977444
2296 1.04338909276
2297 1.05201731245
2298 1.05183931876
2299 1.0481171286
2300 1.04729713404
2301 1.05672267957
2302 1.04534831522
2303 1.05197433534
2304 1.04957550142
2305 1.04250573161
2306 1.05415851525
2307 1.04740940644
2308 1.05641974646
2309 1.05817060244
2310 1.0620783011
2311 1.05011061594
2312 1.05824175677
2313 1.04784686773
2314 1.04990873608
2315 1.06268510099
2316 1.04265752741
2317 1.06066541269
2318 1.05804122713
2319 1.05503786299
2320 1.04274558281
2321 1.05016351271
2322 1.0382614552
2323 1.04634626983
2324 1.04791462626
2325 1.05065509394
2326 1.07062379986
2327 1.04849748462
2328 1.05308197685
2329 1.04618863385
2330 1.04548291068
2331 1.04741945576
2332 1.05381551671
2333 1.03340485766
2334 1.04879922614
2335 1.04859200268
2336 1.04518043658
2337 1.04996036387
2338 1.03509833726
2339 1.05446101572
2340 1.06053828901
2341 1.05297102756
2342 1.04600038131
2343 1.05697082331
2344 1.05468819103
2345 1.06251614357
2346 1.05674673674
2347 1.05525849916
2348 1.05443539361
2349 1.05573302438
2350 1.05171077508
2351 1.06603246908
2352 1.05107350391
2353 1.04550868949
2354 1.04973376988
2355 1.05702295032
2356 1.04600529691
2357 1.06256413297
2358 1.04720706145
2359 1.04136562811
2360 1.04541267377
2361 1.043258151
2362 1.04394846552
2363 1.04481906617
2364 1.04905954679
2365 1.03489739414
2366 1.04269040937
2367 1.041651943
2368 1.02829185197
2369 1.02846914491
2370 1.02688350151
2371 1.03622996915
2372 1.03506074928
2373 1.03545303471
2374 1.02417266356
2375 1.02456844761
2376 1.02474937971
2377 1.02473731421
2378 1.03670313776
2379 1.03048409772
2380 1.0345419778
2381 1.03387084465
2382 1.03589810658
2383 1.0317750966
2384 1.03041566813
2385 1.04009184116
2386 1.03379204166
2387 1.03558565853
2388 1.04938014721
2389 1.04001662697
2390 1.06296552475
2391 1.04334162931
2392 1.04868897488
2393 1.03532656396
2394 1.02712565805
2395 1.0495095776
2396 1.04117420842
2397 1.03467852592
2398 1.06113049013
2399 1.04099762641
2400 1.0534394001
2401 1.03452410789
2402 1.05202364523
2403 1.03646978814
2404 1.05537090775
2405 1.03009982306
2406 1.03006594357
2407 1.04958814483
2408 1.0265958
2409 1.05740874124
2410 1.04190861303
2411 1.04757113231
2412 1.05399596422
2413 1.04375098458
2414 1.0492924819
2415 1.02690102109
2416 1.06047464565
2417 1.04924653899
2418 1.05026225639
2419 1.03415961622
2420 1.03821031878
2421 1.02609479812
2422 1.04395875149
2423 1.05607290203
2424 1.04422219428
2425 1.0422206508
2426 1.05548218956
2427 1.05196451776
2428 1.036016841
2429 1.05919875781
2430 1.04411211899
2431 1.04503224861
2432 1.01760504741
2433 1.03490807611
2434 1.02473064496
2435 1.03759160138
2436 1.04721000372
2437 1.04397771281
2438 1.0497748383
2439 1.06705509312
2440 1.06941415594
2441 1.04828981491
2442 1.0426777439
2443 1.05496143043
2444 1.02687773563
2445 1.06188724017
2446 1.04433858081
2447 1.0314087584
2448 1.03273281277
2449 1.05444220956
2450 1.04653015541
2451 1.04627861049
2452 1.02711378845
2453 1.02358446199
2454 1.0325424703
2455 1.04258259147
2456 1.02355724621
2457 1.02818138948
2458 1.03261475324
2459 1.04088179583
2460 1.02822770929
2461 1.0351019714
2462 1.04276961525
2463 1.02658354111
2464 1.02922492168
2465 1.04597102688
2466 1.02369030786
2467 1.04607837921
2468 1.02027977444
2469 1.05320585248
2470 1.03055046028
2471 1.0631190239
2472 1.04762777656
2473 1.05682468443
2474 1.03159711387
2475 1.02869104582
2476 1.03169104453
2477 1.04095746181
2478 1.04174345361
2479 1.05273967842
2480 1.04946986639
2481 1.05461664008
2482 1.05115923491
2483 1.05557733335
2484 1.0493539083
2485 1.04618083726
2486 1.04144062386
2487 1.04642157641
2488 1.05283734839
2489 1.03626467684
2490 1.05423437084
2491 1.05742452713
2492 1.03835516964
2493 1.05630093179
2494 1.05957652681
2495 1.06297283863
2496 1.05945872921
2497 1.0523773581
2498 1.0577857831
2499 1.05435786296
2500 1.07325404542
2501 1.05364860443
2502 1.06648116251
2503 1.05263558277
2504 1.06128264466
2505 1.05444583184
2506 1.05684271243
2507 1.05949855557
2508 1.05582553358
2509 1.05428303444
2510 1.05497186022
2511 1.05933902284
2512 1.05184431747
2513 1.05293719449
2514 1.05732791384
2515 1.05494461883
2516 1.04934783327
*Step  = 7
*Time  = 1.4
*Data  = Fzz
1 1.05199045236
2 1.04560266674
3 1.05400190891
4 1.04687364835
5 1.05278820573
6 1.05614172722
7 1.05469141231
8 1.05545225365
9 1.05038397092
10 1.04043980716
11 1.05095167535
12 1.04130137187
13 1.03780985021
14 1.05254524696
15 1.05616720873
16 1.04827980998
17 1.06426576464
18 1.05184599464
19 1.05136690766
20 1.05582531216
21 1.04240600039
22 1.04322680432
23 1.04357286214
24 1.0493850536
25 1.05473061867
26 1.05605161581
27 1.04620226838
28 1.05715270478
29 1.04652130539
30 1.04157878941
31 1.05389861293
32 1.05671570294
33 1.0591621814
34 1.05791867173
35 1.05480194603
36 1.05206114839
37 1.05736853953
38 1.06139686373
39 1.05150983828
40 1.030181718
41 1.04577125538
42 1.05668679018
43 1.04293126513
44 1.05753190223
45 1.05956031445
46 1.03863642073
47 1.06679785554
48 1.05456886218
49 1.05913086242
50 1.04189335555
51 1.03824844745
52 1.05354144595
53 1.04710752967
54 1.03765968736
55 1.04248194748
56 1.06143263412
57 1.04020795322
58 1.04847475834
59 1.04081657777
60 1.06153708083
61 1.05123211911
62 1.04580020789
63 1.05158665057
64 1.04574405781
65 1.04744812371
66 1.05198372493
67 1.03606548565
68 1.03648759327
69 1.05384256277
70 1.06138521853
71 1.0563766337
72 1.04593996792
73 1.04776204728
74 1.04201359277
75 1.06159911497
76 1.05917275458
77 1.04938910381
78 1.03294093202
79 1.0500629706
80 1.04757678308
81 1.04790793179
82 1.06108637717
83 1.06093227986
84 1.04971234566
85 1.04567713702
86 1.02582556177
87 1.04525922375
88 1.04891774254
89 1.05234368593
90 1.04128975059
91 1.04979409306
92 1.04492056309
93 1.0466415683
94 1.03858051057
95 1.04698563955
96 1.02799782188
97 1.04768330876
98 1.05735362583
99 1.02530323929
100 1.04307984762
101 1.04398186707
102 1.05044307733
103 1.05716658731
104 1.06716256124
105 1.05517936724
106 1.05523268079
107 1.04544024604
108 1.04127190992
109 1.0372679748
110 1.05210428798
111 1.04743745439
112 1.05035188196
113 1.07319533115
114 1.05092496019
115 1.04524975191
116 1.04209730903
117 1.04860791646
118 1.04975597322
119 1.02642448048
120 1.05684807464
121 1.04390542501
122 1.03183475406
123 1.03092422438
124 1.06145433208
125 1.05476123887
126 1.05584112445
127 1.07256916209
128 1.05095694086
129 1.05070320249
130 1.04677206719
131 1.04802711713
132 1.06183671551
133 1.04470868144
134 1.05311803583
135 1.05468291995
136 1.05006355014
137 1.057055593
138 1.07825422725
139 1.03538340695
140 1.0444561528
141 1.04390755867
142 1.04712467515
143 1.04780802228
144 1.02942335004
145 1.04443879879
146 1.04388610409
147 1.05112944142
148 1.02929559369
149 1.04235079335
150 1.05614351956
151 1.05947218543
152 1.0306375881
153 1.04616273177
154 1.05294086235
155 1.03422729663
156 1.0350083737
157 1.0524446855
158 1.06132731144
159 1.04993369484
160 1.02059454402
161 1.07680125974
162 1.05555432272
163 1.04737974167
164 1.03585115256
165 1.03793549596
166 1.0229472424
167 1.05079361689
168 1.03688852322
169 1.05218114723
170 1.04584302127
171 1.03788353014
172 1.05003997575
173 1.0356940019
174 1.05999776644
175 1.05789202675
176 1.02214944258
177 1.05230846352
178 1.06169618911
179 1.02661165447
180 1.02604085679
181 1.05701347194
182 1.05379154535
183 1.04163945589
184 1.05847531047
185 1.0472892954
186 1.065778475
187 1.04148279998
188 1.0503265873
189 1.02027977444
190 1.03990076713
191 1.03608641701
192 1.05374106746
193 1.03972290166
194 1.05478262906
195 1.05684807464
196 1.03874883469
197 1.04375933049
198 1.05684807464
199 1.03592190049
200 1.04223237641
201 1.02302589674
202 1.07243188442
203 1.0553211199
204 1.05481994565
205 1.05983362736
206 1.06110848287
207 1.0584369579
208 1.02802565098
209 1.05555432272
210 1.04304571494
211 1.02267206719
212 1.06077835641
213 1.02161264927
214 1.02850287485
215 1.07493239309
216 1.04980185895
217 1.05154417997
218 1.02737603978
219 1.06334294067
220 1.04626494915
221 1.04702722834
222 1.05361126917
223 1.03581004459
224 1.03194375729
225 1.03504003454
226 1.04088884135
227 1.05185338826
228 1.04326407799
229 1.04378839724
230 1.05522804546
231 1.03006105105
232 1.02891285859
233 1.02564668371
234 1.04087109684
235 1.05059372555
236 1.04979426918
237 1.03852613959
238 1.03454507608
239 1.04850968089
240 1.04853055093
241 1.02945088938
242 1.05347734429
243 1.0528258907
244 1.02815041925
245 1.05788456299
246 1.02582658279
247 1.05542825892
248 1.05348470784
249 1.054286809
250 1.04792345453
251 1.03554700795
252 1.0528258907
253 1.0508988992
254 1.04850197311
255 1.04056253961
256 1.04981909117
257 1.02758657937
258 1.03602587749
259 1.05272265393
260 1.05178523676
261 1.04014058475
262 1.03743891937
263 1.0450091776
264 1.05232470086
265 1.04220921962
266 1.03329655423
267 1.05272265393
268 1.03848898708
269 1.0427822784
270 1.02336337397
271 1.04301863963
272 1.02338939089
273 1.04760346924
274 1.03742348721
275 1.04744212796
276 1.03927175774
277 1.05788456299
278 1.04746480101
279 1.02325595884
280 1.04496618071
281 1.07405941523
282 1.04490722409
283 1.07540234009
284 1.07261048656
285 1.07235292469
286 1.07529985547
287 1.07864086187
288 1.07319533115
289 1.07533975921
290 1.07429314365
291 1.07399264584
292 1.04783460146
293 1.05272265393
294 1.05705455394
295 1.06820502473
296 1.06682856391
297 1.07864086187
298 1.0721174556
299 1.07726423681
300 1.07786210921
301 1.07203323521
302 1.07775111882
303 1.07219536875
304 1.07775111882
305 1.05010091173
306 1.03662012372
307 1.07738779741
308 1.07724295857
309 1.07072474613
310 1.07023565183
311 1.06484163748
312 1.06514209291
313 1.06657188439
314 1.05319234685
315 1.05472294015
316 1.06357451809
317 1.05273967842
318 1.06143216201
319 1.03121858508
320 1.06649228151
321 1.06690820795
322 1.0394715646
323 1.05345570248
324 1.04576148517
325 1.07009058763
326 1.06824852843
327 1.05370796616
328 1.05485270769
329 1.04351185564
330 1.06377842671
331 1.05421198934
332 1.06063972314
333 1.0500323248
334 1.06365133756
335 1.04141415083
336 1.06941980102
337 1.04590944328
338 1.04293764702
339 1.04207191139
340 1.04997451214
341 1.02921191954
342 1.059543381
343 1.04164950541
344 1.03601442443
345 1.04214025794
346 1.02686266119
347 1.05887610344
348 1.04087800814
349 1.06330132314
350 1.034688442
351 1.03317403913
352 1.04523427701
353 1.04539079078
354 1.04135908922
355 1.04504825696
356 1.04562849148
357 1.03914417071
358 1.03651111204
359 1.03404717021
360 1.04103940993
361 1.05460517425
362 1.034087037
363 1.03202632286
364 1.02952312834
365 1.04638879694
366 1.0306843233
367 1.03112346508
368 1.05248442608
369 1.0560894269
370 1.05286903994
371 1.02938622968
372 1.05058221538
373 1.03018066408
374 1.03014518663
375 1.02417764147
376 1.02414388339
377 1.05553987927
378 1.03802680546
379 1.05526013926
380 1.03115216368
381 1.06535512975
382 1.0481128406
383 1.02577785343
384 1.02683209836
385 1.02487305646
386 1.03324748744
387 1.0252441939
388 1.02566912912
389 1.0307403256
390 1.02450654506
391 1.02600227195
392 1.05397200145
393 1.042103185
394 1.02556271779
395 1.02256234354
396 1.0407717214
397 1.02557418263
398 1.02256412988
399 1.02608566264
400 1.04424595093
401 1.03544628943
402 1.05619052318
403 1.02584927629
404 1.03472972789
405 1.03291799628
406 1.02325687683
407 1.02293718198
408 1.06275906774
409 1.02293316917
410 1.02141636391
411 1.02253552146
412 1.02252494754
413 1.0437109916
414 1.03413392163
415 1.04287657088
416 1.02366333851
417 1.02366687075
418 1.0655832102
419 1.04768250407
420 1.01909670654
421 1.04279842075
422 1.03461675051
423 1.02272200213
424 1.04556245312
425 1.0548217028
426 1.04417329682
427 1.0529002657
428 1.02273256844
429 1.02468776991
430 1.02270693396
431 1.02277902138
432 1.02220471294
433 1.02463895956
434 1.02684490696
435 1.0440021992
436 1.04537508654
437 1.02154458029
438 1.0216516469
439 1.02271338875
440 1.02300643422
441 1.04294977254
442 1.02143910073
443 1.02027685754
444 1.0240267451
445 1.02489595335
446 1.04115891342
447 1.02261619019
448 1.05341180089
449 1.03075715916
450 1.02350962199
451 1.04397861162
452 1.04817174348
453 1.02397129622
454 1.02379085237
455 1.02558029336
456 1.02309697998
457 1.02864543158
458 1.03036123798
459 1.02915046341
460 1.02027977444
461 1.04492072273
462 1.05074641689
463 1.0478490099
464 1.05758237057
465 1.05273967842
466 1.06263784231
467 1.05702626054
468 1.03094662177
469 1.05448207778
470 1.04812840491
471 1.04523415969
472 1.02470553552
473 1.03241116055
474 1.02617806338
475 1.03313734313
476 1.03137393361
477 1.03579521865
478 1.03605875408
479 1.03669956086
480 1.03905572228
481 1.03932375486
482 1.03496529724
483 1.04469884866
484 1.03278068314
485 1.04438099549
486 1.03204707248
487 1.03748585203
488 1.03868659613
489 1.03881678847
490 1.04396694925
491 1.04058142663
492 1.03957453345
493 1.04919411547
494 1.04635931039
495 1.03460761625
496 1.04251780608
497 1.04318804548
498 1.04287604871
499 1.04356520587
500 1.04607880989
501 1.03737583197
502 1.04169182122
503 1.04647171663
504 1.04640751987
505 1.04823666895
506 1.0480290582
507 1.05224256758
508 1.04973497363
509 1.03487847515
510 1.03694458967
511 1.04823297045
512 1.05112430413
513 1.04528662458
514 1.05281444755
515 1.05036086824
516 1.05319599475
517 1.05325908755
518 1.06495246137
519 1.06439399568
520 1.06216828742
521 1.05646477053
522 1.04489243061
523 1.06392593207
524 1.04424197166
525 1.06643132534
526 1.04362642402
527 1.06232510188
528 1.03667847998
529 1.06484478432
530 1.05747213262
531 1.03781122667
532 1.05834301971
533 1.04385993998
534 1.05276446895
535 1.04461114036
536 1.07066575069
537 1.0234529135
538 1.05488658762
539 1.0553714109
540 1.07377512604
541 1.07333957224
542 1.07422869941
543 1.04714719526
544 1.07360481867
545 1.07409262264
546 1.07973758009
547 1.08363919519
548 1.08199413192
549 1.08225362446
550 1.08363919519
551 1.07989143217
552 1.07627278613
553 1.07627278613
554 1.07615302374
555 1.07619861636
556 1.07978315909
557 1.07983089688
558 1.08046000683
559 1.08055644102
560 1.07452281758
561 1.07452281758
562 1.0798482124
563 1.07627278613
564 1.07640493665
565 1.07632451235
566 1.07524912668
567 1.07587953677
568 1.08147225607
569 1.08122014412
570 1.07176398377
571 1.07131989434
572 1.07782242845
573 1.07300471742
574 1.06270381021
575 1.07782242845
576 1.07339408488
577 1.07856876882
578 1.07842963361
579 1.07322750113
580 1.07636698654
581 1.06239623648
582 1.06193956273
583 1.06467751333
584 1.04545533484
585 1.06571975944
586 1.0660751162
587 1.05477344886
588 1.05498463985
589 1.04489405531
590 1.05778163455
591 1.0523199126
592 1.0625824482
593 1.05388506266
594 1.04952209768
595 1.05436121876
596 1.05236198468
597 1.04986923665
598 1.05156481221
599 1.05046393855
600 1.04302795829
601 1.05025621793
602 1.05392553842
603 1.03509650314
604 1.05165451071
605 1.0568358518
606 1.0409379664
607 1.03680591394
608 1.05129651925
609 1.05258128945
610 1.04742877105
611 1.03774090904
612 1.04734613188
613 1.05423772994
614 1.05578790084
615 1.04481710252
616 1.04628430939
617 1.05844269355
618 1.05199556334
619 1.05559157093
620 1.05849418587
621 1.04439597942
622 1.05546896491
623 1.05230633807
624 1.03838005059
625 1.02778365424
626 1.03511088643
627 1.02465473471
628 1.02442562869
629 1.04842484023
630 1.05559215067
631 1.05923324192
632 1.0709709607
633 1.0783823403
634 1.04686452047
635 1.03510394101
636 1.03146367506
637 1.04274543914
638 1.04364947052
639 1.06286336105
640 1.04847854981
641 1.04317698186
642 1.02267397338
643 1.05131482046
644 1.05934802647
645 1.06189789143
646 1.06238863057
647 1.05886495773
648 1.0337415339
649 1.07258419864
650 1.07256846963
651 1.0460611434
652 1.06178211888
653 1.04795154148
654 1.03349010303
655 1.0275906525
656 1.02882691178
657 1.05769439252
658 1.02990828674
659 1.02921455613
660 1.05030442602
661 1.02843146289
662 1.02865880956
663 1.06165070878
664 1.03492927269
665 1.04388180764
666 1.03299502738
667 1.03165876628
668 1.03214604219
669 1.06170739066
670 1.03596441334
671 1.0369859962
672 1.04577502511
673 1.03262664588
674 1.0436462281
675 1.04143035524
676 1.03445302017
677 1.04636259745
678 1.05673822554
679 1.05280547485
680 1.05062181002
681 1.03075224303
682 1.03502932916
683 1.04062523611
684 1.05779782092
685 1.05400046941
686 1.05325332117
687 1.0612708547
688 1.06049396258
689 1.0691579336
690 1.06804136599
691 1.06868652082
692 1.06825067021
693 1.06445506441
694 1.02067250675
695 1.0522535748
696 1.07331874152
697 1.07407810386
698 1.07367532713
699 1.07364724691
700 1.07250750481
701 1.07364724691
702 1.07669549353
703 1.07365177863
704 1.07485596929
705 1.07493352682
706 1.05788456299
707 1.07555674987
708 1.07322750113
709 1.07934767601
710 1.03360541541
711 1.02671862413
712 1.06759095499
713 1.06730535857
714 1.05656183324
715 1.04153291781
716 1.05764049261
717 1.04202885936
718 1.04158800976
719 1.05215596727
720 1.04646214826
721 1.03140343665
722 1.03096237226
723 1.0495616098
724 1.06687900441
725 1.03895015543
726 1.0385441576
727 1.04563875064
728 1.04755014463
729 1.05874444361
730 1.02850332555
731 1.05826422385
732 1.05387220947
733 1.03019164441
734 1.05613281377
735 1.05634998941
736 1.03650088959
737 1.03366839724
738 1.03478691715
739 1.03994873154
740 1.04399443474
741 1.05376443024
742 1.06622569323
743 1.06859063243
744 1.07117076423
745 1.0515760852
746 1.06643194061
747 1.0665421735
748 1.07813676202
749 1.07555674987
750 1.07943736279
751 1.07974461126
752 1.07322750113
753 1.06259561241
754 1.06248053294
755 1.07407190296
756 1.05898504276
757 1.05323463483
758 1.05422501022
759 1.04065944614
760 1.03559440034
761 1.03376886463
762 1.06264064405
763 1.03188096823
764 1.02770371059
765 1.02336743013
766 1.02536112741
767 1.02875520526
768 1.04434260885
769 1.04832010807
770 1.0564848557
771 1.045065708
772 1.03823342155
773 1.02856346879
774 1.04037099806
775 1.05563073702
776 1.03254391238
777 1.03671262667
778 1.03724085674
779 1.0409724449
780 1.03219290794
781 1.05506607097
782 1.06274259003
783 1.06329894648
784 1.06380787874
785 1.07818725052
786 1.07810594731
787 1.07531997042
788 1.07290430561
789 1.07229486807
790 1.07403176634
791 1.08044235811
792 1.08024311232
793 1.07974461126
794 1.06380588428
795 1.05038887786
796 1.0530815738
797 1.04165955579
798 1.0354016554
799 1.04145267853
800 1.03689923126
801 1.03872754253
802 1.08030195861
803 1.03271057724
804 1.0310473578
805 1.02840996044
806 1.02908113132
807 1.06483672602
808 1.05636656812
809 1.02523612282
810 1.0258491041
811 1.0246466257
812 1.02460513318
813 1.02438800274
814 1.02370210019
815 1.02552851649
816 1.02055544347
817 1.02819705365
818 1.03232623695
819 1.03081761658
820 1.03020589887
821 1.03328351635
822 1.03647994643
823 1.03672068957
824 1.03501681308
825 1.04338854328
826 1.03230209996
827 1.05880110874
828 1.04129205228
829 1.06498453407
830 1.05649585199
831 1.04154740781
832 1.07007360772
833 1.07531997042
834 1.06858259623
835 1.06737886283
836 1.07699178157
837 1.07690392796
838 1.08107939509
839 1.03845229775
840 1.06179637207
841 1.05523268079
842 1.03802981466
843 1.06258245075
844 1.04924247446
845 1.04791777542
846 1.0252352901
847 1.04549742801
848 1.05027166048
849 1.02968476685
850 1.03169741215
851 1.05592711292
852 1.03114493881
853 1.04265412301
854 1.0469932821
855 1.02664664352
856 1.03806721659
857 1.04314644634
858 1.01998891484
859 1.01998920031
860 1.06204716534
861 1.04978496402
862 1.04971720248
863 1.06874666092
864 1.06277406521
865 1.03229074695
866 1.03024769028
867 1.03107848883
868 1.03506509894
869 1.04374828409
870 1.02926199549
871 1.05281060584
872 1.05350683408
873 1.06970650929
874 1.06434989391
875 1.08015636404
876 1.06128460367
877 1.06150351048
878 1.05702502729
879 1.04838076623
880 1.03992363134
881 1.03574028513
882 1.03456688229
883 1.05535584864
884 1.02671850465
885 1.02016188284
886 1.05169670234
887 1.02194209356
888 1.02259272287
889 1.04721729343
890 1.05187792446
891 1.03596341165
892 1.03839798828
893 1.02264250665
894 1.05427928898
895 1.06496147781
896 1.07216640905
897 1.0756642798
898 1.0767220757
899 1.07825422725
900 1.04783128487
901 1.05788456299
902 1.04534129573
903 1.08116055865
904 1.06088985512
905 1.08091515027
906 1.06088985512
907 1.07931458333
908 1.06278735215
909 1.07946098535
910 1.05946012701
911 1.06389686917
912 1.02278743089
913 1.04913407367
914 1.03198232045
915 1.05379395371
916 1.05426382063
917 1.04980170865
918 1.04373422806
919 1.0391159742
920 1.05006378835
921 1.03416864769
922 1.06875886117
923 1.03475688499
924 1.03404295977
925 1.03047285271
926 1.03156344846
927 1.03174215878
928 1.0234008485
929 1.02304338907
930 1.02331384261
931 1.0271404514
932 1.02644931111
933 1.02298820711
934 1.0177433731
935 1.01777499651
936 1.02212863958
937 1.02466804719
938 1.02491905253
939 1.02171634677
940 1.02442945238
941 1.02356885379
942 1.02205040404
943 1.02272062939
944 1.02200323865
945 1.02553615497
946 1.04672411624
947 1.02264650781
948 1.03164717951
949 1.03329213829
950 1.03373295357
951 1.03452112551
952 1.03252153675
953 1.03352581455
954 1.03574835684
955 1.03145394294
956 1.04056903698
957 1.05654892519
958 1.05904622476
959 1.04170490567
960 1.05234306929
961 1.05518374473
962 1.05323158496
963 1.05419419521
964 1.04049389144
965 1.07623172336
966 1.07623172336
967 1.06977837403
968 1.0528258907
969 1.04938712172
970 1.05705981114
971 1.0508118347
972 1.05451221749
973 1.06597499145
974 1.06587559038
975 1.05705455394
976 1.032036515
977 1.05176157284
978 1.03908024947
979 1.06350098711
980 1.05189371495
981 1.03600097718
982 1.06587269844
983 1.03804540846
984 1.0389618124
985 1.04598275663
986 1.0512071822
987 1.05410510455
988 1.04646252593
989 1.04234482831
990 1.0271854414
991 1.05627069237
992 1.03230413258
993 1.05310271502
994 1.04976490845
995 1.02214811775
996 1.05166010508
997 1.05495024303
998 1.04752584595
999 1.03640346514
1000 1.02229181276
1001 1.05123409112
1002 1.05529960477
1003 1.05116768886
1004 1.04666950908
1005 1.05274707788
1006 1.04582484918
1007 1.04633176314
1008 1.03028240541
1009 1.0473662369
1010 1.04489545279
1011 1.04435669545
1012 1.05762635015
1013 1.04977987382
1014 1.04767758216
1015 1.05077958782
1016 1.04903379693
1017 1.04940685958
1018 1.0441302388
1019 1.05214090463
1020 1.03047461535
1021 1.04322873823
1022 1.02612846951
1023 1.04883154363
1024 1.07021870093
1025 1.04281486535
1026 1.04175173778
1027 1.03797001379
1028 1.03410501549
1029 1.0341167358
1030 1.05210489632
1031 1.04792429748
1032 1.04849767964
1033 1.05259946196
1034 1.04998145243
1035 1.04973628155
1036 1.03196584962
1037 1.05617250235
1038 1.05036146366
1039 1.04757455356
1040 1.05280828491
1041 1.05262808289
1042 1.05159946227
1043 1.06250223163
1044 1.04859982077
1045 1.0372460093
1046 1.03741963249
1047 1.05256941119
1048 1.0370352265
1049 1.04781400658
1050 1.06342602427
1051 1.02527913329
1052 1.05080130827
1053 1.06088985512
1054 1.04596498725
1055 1.05762637066
1056 1.05585335623
1057 1.05630298383
1058 1.02172854049
1059 1.05093461383
1060 1.05127107832
1061 1.04063068208
1062 1.05742921656
1063 1.05085513375
1064 1.04361542711
1065 1.0527043675
1066 1.04030096304
1067 1.05319754957
1068 1.05321555436
1069 1.05134102359
1070 1.05432437659
1071 1.05387266751
1072 1.05448673655
1073 1.04960970833
1074 1.05600203207
1075 1.03239505315
1076 1.04438786553
1077 1.04555852647
1078 1.04524172663
1079 1.03157127687
1080 1.03570906772
1081 1.05047111753
1082 1.04873525425
1083 1.04489679242
1084 1.04226467979
1085 1.07468430453
1086 1.04608621958
1087 1.04018056964
1088 1.07435482356
1089 1.04515756779
1090 1.03437251929
1091 1.03500624607
1092 1.04402472421
1093 1.04463337246
1094 1.07423156206
1095 1.07412434266
1096 1.04363949936
1097 1.07230470318
1098 1.0574235607
1099 1.04946996893
1100 1.04315620441
1101 1.05539284729
1102 1.04710321665
1103 1.04615693939
1104 1.05586603449
1105 1.07075519943
1106 1.05866271729
1107 1.06834367278
1108 1.05626596112
1109 1.0600005474
1110 1.06015940546
1111 1.05869034886
1112 1.04460289449
1113 1.05603862273
1114 1.04512338029
1115 1.06513473663
1116 1.05247857358
1117 1.06178059315
1118 1.0665155819
1119 1.0557326984
1120 1.07326614939
1121 1.06607327207
1122 1.06610396767
1123 1.10120735225
1124 1.06002535616
1125 1.05881172235
1126 1.07353051606
1127 1.0679006831
1128 1.04197744384
1129 1.04289819718
1130 1.0595717389
1131 1.06541029245
1132 1.06069349539
1133 1.07214982417
1134 1.06340326459
1135 1.0656650472
1136 1.04107518451
1137 1.03957067203
1138 1.05010676802
1139 1.08029346818
1140 1.03798392533
1141 1.04204774379
1142 1.03600538351
1143 1.02809235779
1144 1.02751491047
1145 1.02372376841
1146 1.05792079265
1147 1.04465156668
1148 1.0500563898
1149 1.05782196551
1150 1.057129756
1151 1.05779095196
1152 1.07267000688
1153 1.05002623297
1154 1.05538145504
1155 1.04060566265
1156 1.0541343984
1157 1.05850783739
1158 1.06261862816
1159 1.04300387688
1160 1.05806882732
1161 1.05700897081
1162 1.05777495133
1163 1.04373337636
1164 1.04502197219
1165 1.03775138637
1166 1.07073752915
1167 1.05235567648
1168 1.06451914282
1169 1.0557178508
1170 1.03469566072
1171 1.06238895804
1172 1.05540856851
1173 1.05799763578
1174 1.06386082883
1175 1.03795024486
1176 1.02906245344
1177 1.05298260928
1178 1.04948824861
1179 1.0618468955
1180 1.04121205277
1181 1.04705105304
1182 1.04177569564
1183 1.05335188605
1184 1.03251400087
1185 1.03733535936
1186 1.0481695078
1187 1.05537784045
1188 1.04743405074
1189 1.05519151106
1190 1.06191954218
1191 1.06604754065
1192 1.06001744135
1193 1.07609635322
1194 1.0469121949
1195 1.05867404024
1196 1.03370703447
1197 1.05384296427
1198 1.05997421465
1199 1.07568949727
1200 1.06669652778
1201 1.05615721909
1202 1.04883573202
1203 1.05484327912
1204 1.05347150659
1205 1.05396094481
1206 1.05738469479
1207 1.04676798297
1208 1.05895421922
1209 1.03145085226
1210 1.04420355541
1211 1.04271632796
1212 1.06109514086
1213 1.05530708559
1214 1.0547485886
1215 1.05777200008
1216 1.04182388449
1217 1.03161986813
1218 1.04982355742
1219 1.05369492302
1220 1.05404240153
1221 1.04213937127
1222 1.05370443433
1223 1.0492298788
1224 1.06000153825
1225 1.05771716763
1226 1.04701969784
1227 1.04506833335
1228 1.04582130974
1229 1.04743867779
1230 1.04815259756
1231 1.06128460367
1232 1.06703446892
1233 1.06034522392
1234 1.0699641759
1235 1.07724185183
1236 1.05782338059
1237 1.05728942866
1238 1.05255983256
1239 1.05749605283
1240 1.03206387861
1241 1.06258114205
1242 1.0796855492
1243 1.03878928381
1244 1.04733641405
1245 1.07107679151
1246 1.07524549888
1247 1.05864562509
1248 1.06561433668
1249 1.0651681444
1250 1.05739112029
1251 1.0564957639
1252 1.05869278313
1253 1.06486780478
1254 1.05493011711
1255 1.05674088068
1256 1.05491696398
1257 1.05661852373
1258 1.06039170386
1259 1.05005645822
1260 1.04736225306
1261 1.04240604002
1262 1.03214658983
1263 1.04458389312
1264 1.05017199124
1265 1.0493276422
1266 1.05846392171
1267 1.02538109558
1268 1.05319207857
1269 1.04329676412
1270 1.03979127669
1271 1.03539775187
1272 1.06066701371
1273 1.02525727817
1274 1.02161571399
1275 1.04710785534
1276 1.04264805224
1277 1.03761063833
1278 1.05440053094
1279 1.04166809192
1280 1.03874608373
1281 1.0484020692
1282 1.04952813867
1283 1.0365314218
1284 1.05338695143
1285 1.03163194581
1286 1.054688398
1287 1.05243939261
1288 1.04920692619
1289 1.03738772168
1290 1.04788409794
1291 1.03281048412
1292 1.04068430344
1293 1.04514881626
1294 1.02629553641
1295 1.02562686977
1296 1.04620080651
1297 1.0340064137
1298 1.04107336893
1299 1.04906398323
1300 1.02672620178
1301 1.03206030979
1302 1.0461517593
1303 1.05671850577
1304 1.0468141412
1305 1.02141423752
1306 1.05037201108
1307 1.02609339808
1308 1.02467533272
1309 1.05583304578
1310 1.06221459592
1311 1.03209257985
1312 1.04870115583
1313 1.04973829287
1314 1.04779891658
1315 1.05095891496
1316 1.05634998941
1317 1.04738390824
1318 1.04728821161
1319 1.02550706561
1320 1.07035904823
1321 1.02845408867
1322 1.02416327101
1323 1.03051356624
1324 1.02468079361
1325 1.03089882646
1326 1.02398443136
1327 1.05503005634
1328 1.05634998941
1329 1.02843978758
1330 1.03323937927
1331 1.03920825658
1332 1.05477702052
1333 1.02357998267
1334 1.04271035819
1335 1.02501784023
1336 1.0333628682
1337 1.03120305476
1338 1.03159146001
1339 1.03121670268
1340 1.04744209876
1341 1.02935033275
1342 1.05126656823
1343 1.05445768492
1344 1.06072584021
1345 1.04273385418
1346 1.05610103549
1347 1.03576068763
1348 1.04175437754
1349 1.02617033654
1350 1.03314578479
1351 1.07102256562
1352 1.05667482309
1353 1.03666472922
1354 1.05204678072
1355 1.03537769487
1356 1.04126286812
1357 1.03935307005
1358 1.0572872093
1359 1.05121465142
1360 1.04159427087
1361 1.05580887863
1362 1.02610527395
1363 1.05785207378
1364 1.03964970343
1365 1.04429731328
1366 1.038928787
1367 1.04769715451
1368 1.04503075766
1369 1.04124865607
1370 1.06281763465
1371 1.05220913277
1372 1.05008926631
1373 1.03453408311
1374 1.04836471859
1375 1.04919379125
1376 1.05773042499
1377 1.0509395434
1378 1.05608941434
1379 1.05143023097
1380 1.05449050013
1381 1.06261459898
1382 1.04834886533
1383 1.04342836294
1384 1.04384336375
1385 1.06350544934
1386 1.06453321361
1387 1.06462083135
1388 1.07551086559
1389 1.05103547572
1390 1.05884350698
1391 1.0428622169
1392 1.04724608087
1393 1.05061570081
1394 1.0510788853
1395 1.04530365402
1396 1.05199117821
1397 1.05209635941
1398 1.05446201335
1399 1.03836420439
1400 1.03805280134
1401 1.06129205371
1402 1.02554154816
1403 1.05881765581
1404 1.06828500702
1405 1.06071822675
1406 1.0684528182
1407 1.06034589331
1408 1.06505846103
1409 1.04106028672
1410 1.04631575435
1411 1.05978675477
1412 1.04291348299
1413 1.03952841836
1414 1.03908431009
1415 1.0578152851
1416 1.05566193859
1417 1.05212997418
1418 1.05053001131
1419 1.02610031518
1420 1.05322638998
1421 1.04539199717
1422 1.05315512907
1423 1.06147941152
1424 1.04176755755
1425 1.06341360315
1426 1.04091666023
1427 1.06635112575
1428 1.04577674944
1429 1.0446257162
1430 1.05997265077
1431 1.04168445623
1432 1.04864822897
1433 1.06317589093
1434 1.04306500871
1435 1.05448796025
1436 1.03408799205
1437 1.0427290707
1438 1.04962769854
1439 1.05639818481
1440 1.03678258679
1441 1.04180077734
1442 1.0387828005
1443 1.02807263793
1444 1.05292574817
1445 1.06388915199
1446 1.03886919205
1447 1.05962504399
1448 1.06061040744
1449 1.04853652809
1450 1.05047366132
1451 1.05723260826
1452 1.05253460332
1453 1.07702216265
1454 1.02155447565
1455 1.05592696516
1456 1.07741789895
1457 1.05356196917
1458 1.0434624226
1459 1.04356667402
1460 1.02313306388
1461 1.03988035246
1462 1.05457632438
1463 1.05273116226
1464 1.06062602281
1465 1.06232756353
1466 1.02273162738
1467 1.06053258217
1468 1.03516212359
1469 1.04483407667
1470 1.05081640628
1471 1.05093584266
1472 1.05496933713
1473 1.04662143795
1474 1.05071872527
1475 1.03739581573
1476 1.04888837193
1477 1.05570987517
1478 1.05359960163
1479 1.0513635311
1480 1.04724106998
1481 1.05421128405
1482 1.06129538095
1483 1.06947786825
1484 1.05763348572
1485 1.06416088866
1486 1.05337384621
1487 1.06003113957
1488 1.04540682459
1489 1.04505925042
1490 1.0637094894
1491 1.07863781717
1492 1.05888754735
1493 1.06945161506
1494 1.03553933895
1495 1.07003540639
1496 1.0525078128
1497 1.063159401
1498 1.03869706076
1499 1.05321598322
1500 1.0454265711
1501 1.04372371009
1502 1.05066337509
1503 1.03825864506
1504 1.04646476876
1505 1.0415370569
1506 1.03959367957
1507 1.04676094982
1508 1.04742150556
1509 1.0478513884
1510 1.03755413261
1511 1.04126588149
1512 1.03842950664
1513 1.04339385827
1514 1.04192172951
1515 1.04866575891
1516 1.05653334167
1517 1.0429314307
1518 1.04431418377
1519 1.05328775023
1520 1.05324838999
1521 1.07543721719
1522 1.04488287667
1523 1.05713452511
1524 1.05997063308
1525 1.05877912114
1526 1.0491247093
1527 1.03983253132
1528 1.05100940313
1529 1.0582874055
1530 1.03465194959
1531 1.03334817499
1532 1.02934921365
1533 1.06103187293
1534 1.04843646217
1535 1.01892795748
1536 1.02295049398
1537 1.02320795902
1538 1.05474689241
1539 1.050600068
1540 1.05485247668
1541 1.07304132132
1542 1.06015252089
1543 1.05483240528
1544 1.05197242182
1545 1.03758246069
1546 1.02014436223
1547 1.05297331492
1548 1.0587128
1549 1.02444977444
1550 1.05644046762
1551 1.02282952988
1552 1.05105399672
1553 1.05463151351
1554 1.02341652431
1555 1.03670726594
1556 1.05239266805
1557 1.02335820482
1558 1.02527837769
1559 1.03427523625
1560 1.02093731746
1561 1.03461589799
1562 1.03524551546
1563 1.03378489574
1564 1.06452982861
1565 1.0487898797
1566 1.04198161365
1567 1.03324736095
1568 1.03782292596
1569 1.05068706977
1570 1.03796946413
1571 1.02011311212
1572 1.03463732373
1573 1.04835131755
1574 1.04667583121
1575 1.03574588675
1576 1.01896252854
1577 1.05190850441
1578 1.0464287957
1579 1.05286399035
1580 1.08096054524
1581 1.05782867055
1582 1.0519194283
1583 1.02785937385
1584 1.03770004886
1585 1.02666971548
1586 1.02281450493
1587 1.0426314794
1588 1.02306437307
1589 1.0586336896
1590 1.05342791964
1591 1.02047614423
1592 1.05091562937
1593 1.05241022347
1594 1.06132530777
1595 1.05447717251
1596 1.02106951298
1597 1.0580391133
1598 1.05836020926
1599 1.05300816953
1600 1.05055999795
1601 1.04550635418
1602 1.05563212076
1603 1.04100060752
1604 1.05451089801
1605 1.05379589272
1606 1.04382135945
1607 1.04408932295
1608 1.03873774142
1609 1.05044305248
1610 1.03435805212
1611 1.05126964833
1612 1.03878226729
1613 1.05685526198
1614 1.04927709327
1615 1.06541078539
1616 1.05734577484
1617 1.06462214377
1618 1.04686685243
1619 1.04858971821
1620 1.02364510733
1621 1.05351916911
1622 1.04893610492
1623 1.04355240638
1624 1.05017388951
1625 1.0392709563
1626 1.03696218605
1627 1.02772417186
1628 1.03295101203
1629 1.03917367264
1630 1.03145637479
1631 1.02337392316
1632 1.02310239021
1633 1.02339957092
1634 1.03432874158
1635 1.03594055354
1636 1.02289018714
1637 1.02438988157
1638 1.02669666029
1639 1.02484394065
1640 1.03833968879
1641 1.04334064758
1642 1.0462550548
1643 1.02459502505
1644 1.04783375378
1645 1.05613658825
1646 1.04721278612
1647 1.03456035988
1648 1.04423469229
1649 1.04853991699
1650 1.03704821556
1651 1.04718005098
1652 1.03435424836
1653 1.05509440225
1654 1.04483973156
1655 1.03288233992
1656 1.0574693163
1657 1.0531064814
1658 1.05735852871
1659 1.04028326463
1660 1.04905549248
1661 1.05803310249
1662 1.0578656315
1663 1.05621752668
1664 1.06293275654
1665 1.04077521779
1666 1.05228006309
1667 1.04327159022
1668 1.03717823324
1669 1.05713107171
1670 1.0485450047
1671 1.07467180843
1672 1.03667148289
1673 1.03780354016
1674 1.02926339711
1675 1.04655490183
1676 1.02643807389
1677 1.06068242947
1678 1.02368046739
1679 1.03524136966
1680 1.04946591284
1681 1.04508563058
1682 1.04290546812
1683 1.0564566842
1684 1.06224484948
1685 1.0516072251
1686 1.0512522209
1687 1.05106355969
1688 1.05580251021
1689 1.04351208732
1690 1.04479507912
1691 1.05680926367
1692 1.03460525817
1693 1.04444742386
1694 1.04859400027
1695 1.04778691256
1696 1.03167122997
1697 1.04707982039
1698 1.04222750863
1699 1.0526409301
1700 1.04351953883
1701 1.04716216326
1702 1.05460338358
1703 1.04826410614
1704 1.05885621928
1705 1.03163011632
1706 1.04763835275
1707 1.05820968474
1708 1.03625905691
1709 1.04703253239
1710 1.05217268603
1711 1.04743553972
1712 1.05311303591
1713 1.05159548684
1714 1.03531057557
1715 1.05428818238
1716 1.05260824641
1717 1.03352576745
1718 1.05020738046
1719 1.05526809903
1720 1.03367307249
1721 1.04227417002
1722 1.04728358977
1723 1.0555113381
1724 1.04250467821
1725 1.03726827144
1726 1.06087669247
1727 1.05632687013
1728 1.03353799348
1729 1.05950057667
1730 1.03371671957
1731 1.03977173244
1732 1.0506279299
1733 1.06251844889
1734 1.06290595156
1735 1.0559055106
1736 1.05208897925
1737 1.04717168026
1738 1.04665274314
1739 1.0561619933
1740 1.05523329144
1741 1.05386107263
1742 1.05453159402
1743 1.04360350545
1744 1.06288498347
1745 1.04889533767
1746 1.05296435143
1747 1.04563868978
1748 1.04202625836
1749 1.05953068405
1750 1.04510735793
1751 1.01756360049
1752 1.0511145893
1753 1.04767014524
1754 1.02945032929
1755 1.02916132932
1756 1.03770074855
1757 1.06677375724
1758 1.05963937458
1759 1.05935389551
1760 1.0602958087
1761 1.06372177099
1762 1.04953876186
1763 1.04550545441
1764 1.03369935921
1765 1.04888130597
1766 1.045914186
1767 1.04050985621
1768 1.06353981644
1769 1.05743795616
1770 1.06103709775
1771 1.05428819769
1772 1.07779966885
1773 1.05200745602
1774 1.04693322489
1775 1.05498959462
1776 1.05317292888
1777 1.05455941242
1778 1.07738603748
1779 1.05340493089
1780 1.07551093944
1781 1.03748888554
1782 1.07190354933
1783 1.0358189055
1784 1.05026237167
1785 1.0559575164
1786 1.07703790537
1787 1.03578352888
1788 1.04370679076
1789 1.0515839025
1790 1.05832716191
1791 1.05572053416
1792 1.04422069215
1793 1.05119330288
1794 1.07524014002
1795 1.05705402187
1796 1.08032446856
1797 1.04675664429
1798 1.04992228159
1799 1.0289480145
1800 1.04305863265
1801 1.03926477284
1802 1.04783665891
1803 1.05393638778
1804 1.04705645295
1805 1.0302337718
1806 1.04910645563
1807 1.04474779943
1808 1.04805768107
1809 1.04022629068
1810 1.05273249776
1811 1.03785173776
1812 1.04983498578
1813 1.03721442388
1814 1.0756642798
1815 1.05258718292
1816 1.05204810093
1817 1.06808555182
1818 1.05962905016
1819 1.05483295093
1820 1.03722461669
1821 1.05569640022
1822 1.03854281404
1823 1.04578399756
1824 1.03841654365
1825 1.02370766211
1826 1.05726751613
1827 1.05048520328
1828 1.04161512196
1829 1.04307605196
1830 1.04601013502
1831 1.04396733055
1832 1.04385648214
1833 1.0574295836
1834 1.05181648356
1835 1.04547181694
1836 1.04084126074
1837 1.07189337924
1838 1.03217903659
1839 1.04593703224
1840 1.06102891525
1841 1.06262449442
1842 1.0362521411
1843 1.03861035625
1844 1.03750441126
1845 1.04108368378
1846 1.03686361143
1847 1.02809224219
1848 1.02475932917
1849 1.05653660499
1850 1.06228027848
1851 1.0497107188
1852 1.06245887764
1853 1.05648796969
1854 1.03468370727
1855 1.04287642475
1856 1.0423079522
1857 1.03049315046
1858 1.03299036769
1859 1.05149193137
1860 1.05160152227
1861 1.0462673557
1862 1.05426950752
1863 1.05167127508
1864 1.04504826074
1865 1.04486962883
1866 1.04718931922
1867 1.04591209878
1868 1.05282332673
1869 1.03873413879
1870 1.06699460624
1871 1.03335476134
1872 1.06160642749
1873 1.05717830213
1874 1.04748836667
1875 1.02482221614
1876 1.03578511833
1877 1.03241324815
1878 1.05144512495
1879 1.04246783147
1880 1.0565721811
1881 1.03223994143
1882 1.08268757368
1883 1.05684807464
1884 1.0453587043
1885 1.04436434856
1886 1.03833489806
1887 1.05572797261
1888 1.04732743327
1889 1.02598367433
1890 1.03685633384
1891 1.06882512648
1892 1.02345445822
1893 1.04913544454
1894 1.05802180733
1895 1.04806293281
1896 1.08044031226
1897 1.05789766431
1898 1.04443397923
1899 1.04890091133
1900 1.03433489923
1901 1.05487278367
1902 1.06160768729
1903 1.05714796473
1904 1.06163694251
1905 1.05500358733
1906 1.04687191108
1907 1.04868131658
1908 1.0577509119
1909 1.05423940568
1910 1.05126609617
1911 1.05503241814
1912 1.05061375538
1913 1.05076105805
1914 1.03964685996
1915 1.0523354547
1916 1.05314913952
1917 1.04501274954
1918 1.04862492937
1919 1.05856788088
1920 1.05135550483
1921 1.04518701987
1922 1.03970121015
1923 1.04304870232
1924 1.05680018209
1925 1.05739223367
1926 1.057350181
1927 1.04298247494
1928 1.0441134257
1929 1.05510791742
1930 1.04968458811
1931 1.03384562352
1932 1.05697528244
1933 1.05144870379
1934 1.05227186611
1935 1.04436967963
1936 1.05118476006
1937 1.05978640149
1938 1.05446632307
1939 1.0381054492
1940 1.06064206702
1941 1.05768159407
1942 1.06686278639
1943 1.02609175995
1944 1.06026312954
1945 1.06054512609
1946 1.05744998362
1947 1.0413046108
1948 1.05028270368
1949 1.0564315562
1950 1.0543490797
1951 1.04097343567
1952 1.03879197312
1953 1.05238571157
1954 1.05829124246
1955 1.05499801999
1956 1.05375171064
1957 1.06082872561
1958 1.04052637382
1959 1.0237586285
1960 1.03731374512
1961 1.05139608947
1962 1.04859325289
1963 1.0450412117
1964 1.03492574744
1965 1.05352759963
1966 1.05510335071
1967 1.03660229405
1968 1.04716063289
1969 1.03941949804
1970 1.06887925449
1971 1.05150519122
1972 1.04858131815
1973 1.03945840095
1974 1.04126910906
1975 1.02588973184
1976 1.03262636059
1977 1.04938849145
1978 1.04332595563
1979 1.0423054869
1980 1.04260414641
1981 1.05397238624
1982 1.05281356134
1983 1.05339532314
1984 1.03907844305
1985 1.03573719324
1986 1.0502479346
1987 1.05441850185
1988 1.0385763561
1989 1.0320364509
1990 1.04583079927
1991 1.03653359882
1992 1.04425614457
1993 1.03246372056
1994 1.04617354194
1995 1.06655587724
1996 1.03465924594
1997 1.04788588198
1998 1.0275324799
1999 1.04450909628
2000 1.03080388984
2001 1.02581932119
2002 1.03565730508
2003 1.05453446771
2004 1.02967413197
2005 1.02858064276
2006 1.06153145696
2007 1.0477720587
2008 1.03629990193
2009 1.04911721842
2010 1.04240011157
2011 1.0390120763
2012 1.03065221614
2013 1.05144736928
2014 1.03855644769
2015 1.03524038334
2016 1.03495557682
2017 1.04564308662
2018 1.0328395816
2019 1.036480652
2020 1.0540459366
2021 1.04443899358
2022 1.05698958892
2023 1.06288191676
2024 1.05532941597
2025 1.03543659878
2026 1.04918594554
2027 1.02317867943
2028 1.04502136718
2029 1.04603467429
2030 1.04505225922
2031 1.04871071605
2032 1.03674006726
2033 1.03913323916
2034 1.04795079826
2035 1.04073200891
2036 1.03905407634
2037 1.05994533876
2038 1.04408905591
2039 1.04438663098
2040 1.05346185168
2041 1.04154842711
2042 1.03924180794
2043 1.0597022791
2044 1.03698913365
2045 1.05424724119
2046 1.05896224382
2047 1.05521772922
2048 1.0453957
2049 1.04988866029
2050 1.06215569776
2051 1.03958409508
2052 1.04037713235
2053 1.05922090721
2054 1.0644198877
2055 1.05337881589
2056 1.05743704396
2057 1.05126685222
2058 1.06084783054
2059 1.06153859412
2060 1.03812823895
2061 1.04048204926
2062 1.05358193902
2063 1.05420068674
2064 1.05107911136
2065 1.05868792161
2066 1.05232863424
2067 1.0502733152
2068 1.04885426711
2069 1.04644649677
2070 1.05945107582
2071 1.04382997609
2072 1.0669232947
2073 1.04524377194
2074 1.04820222825
2075 1.05684271243
2076 1.04571223339
2077 1.0448944032
2078 1.07793255382
2079 1.05049951018
2080 1.0595290525
2081 1.04843405636
2082 1.03958917878
2083 1.03823042637
2084 1.02257748117
2085 1.04787035086
2086 1.04619856261
2087 1.03621145297
2088 1.04897974106
2089 1.05905945244
2090 1.03838140866
2091 1.03855260454
2092 1.04711970458
2093 1.04063183599
2094 1.04362110971
2095 1.05611190656
2096 1.05068142249
2097 1.05913142662
2098 1.05226248418
2099 1.04752135148
2100 1.05228194497
2101 1.05247607774
2102 1.02466973305
2103 1.03589847056
2104 1.03900634612
2105 1.03676810743
2106 1.0225755035
2107 1.05185635105
2108 1.0372329258
2109 1.03920846248
2110 1.04176979033
2111 1.04023836781
2112 1.05209873666
2113 1.04413561965
2114 1.05357047613
2115 1.04880042414
2116 1.05190766564
2117 1.04265300633
2118 1.05241740029
2119 1.04797667785
2120 1.05262805066
2121 1.0500866015
2122 1.05400381977
2123 1.05548920002
2124 1.049183897
2125 1.06289565121
2126 1.05970419693
2127 1.05960984534
2128 1.04767191434
2129 1.06509595353
2130 1.06717451708
2131 1.05358653646
2132 1.04627770831
2133 1.04681738137
2134 1.05209899968
2135 1.04741899504
2136 1.03991262313
2137 1.05867673459
2138 1.04811060923
2139 1.0371245372
2140 1.04520435388
2141 1.05148327133
2142 1.04703558571
2143 1.0466628557
2144 1.05544670646
2145 1.05028253672
2146 1.05817191987
2147 1.03795644507
2148 1.04237445994
2149 1.03945207701
2150 1.03883347804
2151 1.04853381271
2152 1.06265302208
2153 1.0529274718
2154 1.03427733196
2155 1.03585631357
2156 1.03772668438
2157 1.02323682701
2158 1.03679994216
2159 1.03672922613
2160 1.04286638953
2161 1.03429852018
2162 1.05061263034
2163 1.04000407249
2164 1.04996325497
2165 1.04341158411
2166 1.04819317001
2167 1.03204422334
2168 1.04765017787
2169 1.04002856911
2170 1.04325852461
2171 1.03747922986
2172 1.04583091353
2173 1.04807665046
2174 1.04174081259
2175 1.03504771964
2176 1.04266203105
2177 1.04999476888
2178 1.05068073741
2179 1.04042707284
2180 1.05220128524
2181 1.05535326413
2182 1.04858443099
2183 1.04382480488
2184 1.04474505115
2185 1.03587380614
2186 1.03980690601
2187 1.05836113678
2188 1.05995339693
2189 1.0384815379
2190 1.05286567416
2191 1.06367501012
2192 1.05810141136
2193 1.04583792659
2194 1.02804113364
2195 1.04547567305
2196 1.03308321219
2197 1.03775317679
2198 1.02555532975
2199 1.04163419984
2200 1.03900284792
2201 1.04000409972
2202 1.04131012328
2203 1.04588339268
2204 1.02195845047
2205 1.03871335061
2206 1.0434408222
2207 1.05106139656
2208 1.05077292409
2209 1.03075989003
2210 1.05579091611
2211 1.0429669149
2212 1.04455669775
2213 1.03825176701
2214 1.04633665348
2215 1.05192281095
2216 1.04499149062
2217 1.04717576383
2218 1.04772822456
2219 1.04797902416
2220 1.04318717269
2221 1.03786886556
2222 1.03859931256
2223 1.02195665861
2224 1.04865772574
2225 1.05273967842
2226 1.02782370576
2227 1.05723282398
2228 1.06091305255
2229 1.03919879987
2230 1.02700260665
2231 1.04907120798
2232 1.0573672893
2233 1.04703558571
2234 1.05591379281
2235 1.05376212775
2236 1.04717577889
2237 1.04525977486
2238 1.04696908242
2239 1.06325038932
2240 1.03650158318
2241 1.06273931595
2242 1.05871789687
2243 1.05132244108
2244 1.05170655168
2245 1.05364129197
2246 1.05706923719
2247 1.05378201745
2248 1.05063511868
2249 1.04916104989
2250 1.04853336634
2251 1.02214892362
2252 1.05644014421
2253 1.04532329682
2254 1.05521193504
2255 1.04703558571
2256 1.03920364676
2257 1.04972392648
2258 1.04753864061
2259 1.02117254322
2260 1.04570177806
2261 1.03218785658
2262 1.03943503684
2263 1.04165047566
2264 1.04703558571
2265 1.04832801556
2266 1.03861484528
2267 1.05619814363
2268 1.04322922507
2269 1.02065452874
2270 1.07125844936
2271 1.06222462752
2272 1.05398133018
2273 1.04864261031
2274 1.05307839349
2275 1.05259167951
2276 1.05343627116
2277 1.04950609467
2278 1.05859609847
2279 1.0504334194
2280 1.05246500094
2281 1.05068554906
2282 1.05046953788
2283 1.04364513101
2284 1.04752393179
2285 1.05536281171
2286 1.05161656122
2287 1.04644860405
2288 1.05083288878
2289 1.03589816617
2290 1.04907548705
2291 1.02775251485
2292 1.03063406756
2293 1.05236389091
2294 1.02319819327
2295 1.02027977444
2296 1.04338909276
2297 1.05201731245
2298 1.05183931876
2299 1.0481171286
2300 1.04729713404
2301 1.05672267957
2302 1.04534831522
2303 1.05197433534
2304 1.04957550142
2305 1.04250573161
2306 1.05415851525
2307 1.04740940644
2308 1.05641974646
2309 1.05817060244
2310 1.0620783011
2311 1.05011061594
2312 1.05824175677
2313 1.04784686773
2314 1.04990873608
2315 1.06268510099
2316 1.04265752741
2317 1.06066541269
2318 1.05804122713
2319 1.05503786299
2320 1.04274558281
2321 1.05016351271
2322 1.0382614552
2323 1.04634626983
2324 1.04791462626
2325 1.05065509394
2326 1.07062379986
2327 1.04849748462
2328 1.05308197685
2329 1.04618863385
2330 1.04548291068
2331 1.04741945576
2332 1.05381551671
2333 1.03340485766
2334 1.04879922614
2335 1.04859200268
2336 1.04518043658
2337 1.04996036387
2338 1.03509833726
2339 1.05446101572
2340 1.06053828901
2341 1.05297102756
2342 1.04600038131
2343 1.05697082331
2344 1.05468819103
2345 1.06251614357
2346 1.05674673674
2347 1.05525849916
2348 1.05443539361
2349 1.05573302438
2350 1.05171077508
2351 1.06603246908
2352 1.05107350391
2353 1.04550868949
2354 1.04973376988
2355 1.05702295032
2356 1.04600529691
2357 1.06256413297
2358 1.04720706145
2359 1.04136562811
2360 1.04541267377
2361 1.043258151
2362 1.04394846552
2363 1.04481906617
2364 1.04905954679
2365 1.03489739414
2366 1.04269040937
2367 1.041651943
2368 1.02829185197
2369 1.02846914491
2370 1.02688350151
2371 1.03622996915
2372 1.03506074928
2373 1.03545303471
2374 1.02417266356
2375 1.02456844761
2376 1.02474937971
2377 1.02473731421
2378 1.03670313776
2379 1.03048409772
2380 1.0345419778
2381 1.03387084465
2382 1.03589810658
2383 1.0317750966
2384 1.03041566813
2385 1.04009184116
2386 1.03379204166
2387 1.03558565853
2388 1.04938014721
2389 1.04001662697
2390 1.06296552475
2391 1.04334162931
2392 1.04868897488
2393 1.03532656396
2394 1.02712565805
2395 1.0495095776
2396 1.04117420842
2397 1.03467852592
2398 1.06113049013
2399 1.04099762641
2400 1.0534394001
2401 1.03452410789
2402 1.05202364523
2403 1.03646978814
2404 1.05537090775
2405 1.03009982306
2406 1.03006594357
2407 1.04958814483
2408 1.0265958
2409 1.05740874124
2410 1.04190861303
2411 1.04757113231
2412 1.05399596422
2413 1.04375098458
2414 1.0492924819
2415 1.02690102109
2416 1.06047464565
2417 1.04924653899
2418 1.05026225639
2419 1.03415961622
2420 1.03821031878
2421 1.02609479812
2422 1.04395875149
2423 1.05607290203
2424 1.04422219428
2425 1.0422206508
2426 1.05548218956
2427 1.05196451776
2428 1.036016841
2429 1.05919875781
2430 1.04411211899
2431 1.04503224861
2432 1.01760504741
2433 1.03490807611
2434 1.02473064496
2435 1.03759160138
2436 1.04721000372
2437 1.04397771281
2438 1.0497748383
2439 1.06705509312
2440 1.06941415594
2441 1.04828981491
2442 1.0426777439
2443 1.05496143043
2444 1.02687773563
2445 1.06188724017
2446 1.04433858081
2447 1.0314087584
2448 1.03273281277
2449 1.05444220956
2450 1.04653015541
2451 1.04627861049
2452 1.02711378845
2453 1.02358446199
2454 1.0325424703
2455 1.04258259147
2456 1.02355724621
2457 1.02818138948
2458 1.03261475324
2459 1.04088179583
2460 1.02822770929
2461 1.0351019714
2462 1.04276961525
2463 1.02658354111
2464 1.02922492168
2465 1.04597102688
2466 1.02369030786
2467 1.04607837921
2468 1.02027977444
2469 1.05320585248
2470 1.03055046028
2471 1.0631190239
2472 1.04762777656
2473 1.05682468443
2474 1.03159711387
2475 1.02869104582
2476 1.03169104453
2477 1.04095746181
2478 1.04174345361
2479 1.05273967842
2480 1.04946986639
2481 1.05461664008
2482 1.05115923491
2483 1.05557733335
2484 1.0493539083
2485 1.04618083726
2486 1.04144062386
2487 1.04642157641
2488 1.05283734839
2489 1.03626467684
2490 1.05423437084
2491 1.05742452713
2492 1.03835516964
2493 1.05630093179
2494 1.05957652681
2495 1.06297283863
2496 1.05945872921
2497 1.0523773581
2498 1.0577857831
2499 1.05435786296
2500 1.07325404542
2501 1.05364860443
2502 1.06648116251
2503 1.05263558277
2504 1.06128264466
2505 1.05444583184
2506 1.05684271243
2507 1.05949855557
2508 1.05582553358
2509 1.05428303444
2510 1.05497186022
2511 1.05933902284
2512 1.05184431747
2513 1.05293719449
2514 1.05732791384
2515 1.05494461883
2516 1.04934783327
*Step  = 8
*Time  = 1.6
*Data  = Fzz
1 1.05199045236
2 1.04560266674
3 1.05400190891
4 1.04687364835
5 1.05278820573
6 1.05614172722
7 1.05469141231
8 1.05545225365
9 1.05038397092
10 1.04043980716
11 1.05095167535
12 1.04130137187
13 1.03780985021
14 1.05254524696
15 1.05616720873
16 1.04827980998
17 1.06426576464
18 1.05184599464
19 1.05136690766
20 1.05582531216
21 1.04240600039
22 1.04322680432
23 1.04357286214
24 1.0493850536
25 1.05473061867
26 1.05605161581
27 1.04620226838
28 1.05715270478
29 1.04652130539
30 1.04157878941
31 1.05389861293
32 1.05671570294
33 1.0591621814
34 1.05791867173
35 1.05480194603
36 1.05206114839
37 1.05736853953
38 1.06139686373
39 1.05150983828
40 1.030181718
41 1.04577125538
42 1.05668679018
43 1.04293126513
44 1.05753190223
45 1.05956031445
46 1.03863642073
47 1.06679785554
48 1.05456886218
49 1.05913086242
50 1.04189335555
51 1.03824844745
52 1.05354144595
53 1.04710752967
54 1.03765968736
55 1.04248194748
56 1.06143263412
57 1.04020795322
58 1.04847475834
59 1.04081657777
60 1.06153708083
61 1.05123211911
62 1.04580020789
63 1.05158665057
64 1.04574405781
65 1.04744812371
66 1.05198372493
67 1.03606548565
68 1.03648759327
69 1.05384256277
70 1.06138521853
71 1.0563766337
72 1.04593996792
73 1.04776204728
74 1.04201359277
75 1.06159911497
76 1.05917275458
77 1.04938910381
78 1.03294093202
79 1.0500629706
80 1.04757678308
81 1.04790793179
82 1.06108637717
83 1.06093227986
84 1.04971234566
85 1.04567713702
86 1.02582556177
87 1.04525922375
88 1.04891774254
89 1.05234368593
90 1.04128975059
91 1.04979409306
92 1.04492056309
93 1.0466415683
94 1.03858051057
95 1.04698563955
96 1.02799782188
97 1.04768330876
98 1.05735362583
99 1.02530323929
100 1.04307984762
101 1.04398186707
102 1.05044307733
103 1.05716658731
104 1.06716256124
105 1.05517936724
106 1.05523268079
107 1.04544024604
108 1.04127190992
109 1.0372679748
110 1.05210428798
111 1.04743745439
112 1.05035188196
113 1.07319533115
114 1.05092496019
115 1.04524975191
116 1.04209730903
117 1.04860791646
118 1.04975597322
119 1.02642448048
120 1.05684807464
121 1.04390542501
122 1.03183475406
123 1.03092422438
124 1.06145433208
125 1.05476123887
126 1.05584112445
127 1.07256916209
128 1.05095694086
129 1.05070320249
130 1.04677206719
131 1.04802711713
132 1.06183671551
133 1.04470868144
134 1.05311803583
135 1.05468291995
136 1.05006355014
137 1.057055593
138 1.07825422725
139 1.03538340695
140 1.0444561528
141 1.04390755867
142 1.04712467515
143 1.04780802228
144 1.02942335004
145 1.04443879879
146 1.04388610409
147 1.05112944142
148 1.02929559369
149 1.04235079335
150 1.05614351956
151 1.05947218543
152 1.0306375881
153 1.04616273177
154 1.05294086235
155 1.03422729663
156 1.0350083737
157 1.0524446855
158 1.06132731144
159 1.04993369484
160 1.02059454402
161 1.07680125974
162 1.05555432272
163 1.04737974167
164 1.03585115256
165 1.03793549596
166 1.0229472424
167 1.05079361689
168 1.03688852322
169 1.05218114723
170 1.04584302127
171 1.03788353014
172 1.05003997575
173 1.0356940019
174 1.05999776644
175 1.05789202675
176 1.02214944258
177 1.05230846352
178 1.06169618911
179 1.02661165447
180 1.02604085679
181 1.05701347194
182 1.05379154535
183 1.04163945589
184 1.05847531047
185 1.0472892954
186 1.065778475
187 1.04148279998
188 1.0503265873
189 1.02027977444
190 1.03990076713
191 1.03608641701
192 1.05374106746
193 1.03972290166
194 1.05478262906
195 1.05684807464
196 1.03874883469
197 1.04375933049
198 1.05684807464
199 1.03592190049
200 1.04223237641
201 1.02302589674
202 1.07243188442
203 1.0553211199
204 1.05481994565
205 1.05983362736
206 1.06110848287
207 1.0584369579
208 1.02802565098
209 1.05555432272
210 1.04304571494
211 1.02267206719
212 1.06077835641
213 1.02161264927
214 1.02850287485
215 1.07493239309
216 1.04980185895
217 1.05154417997
218 1.02737603978
219 1.06334294067
220 1.04626494915
221 1.04702722834
222 1.05361126917
223 1.03581004459
224 1.03194375729
225 1.03504003454
226 1.04088884135
227 1.05185338826
228 1.04326407799
229 1.04378839724
230 1.05522804546
231 1.03006105105
232 1.02891285859
233 1.02564668371
234 1.04087109684
235 1.05059372555
236 1.04979426918
237 1.03852613959
238 1.03454507608
239 1.04850968089
240 1.04853055093
241 1.02945088938
242 1.05347734429
243 1.0528258907
244 1.02815041925
245 1.05788456299
246 1.02582658279
247 1.05542825892
248 1.05348470784
249 1.054286809
250 1.04792345453
251 1.03554700795
252 1.0528258907
253 1.0508988992
254 1.04850197311
255 1.04056253961
256 1.04981909117
257 1.02758657937
258 1.03602587749
259 1.05272265393
260 1.05178523676
261 1.04014058475
262 1.03743891937
263 1.0450091776
264 1.05232470086
265 1.04220921962
266 1.03329655423
267 1.05272265393
268 1.03848898708
269 1.0427822784
270 1.02336337397
271 1.04301863963
272 1.02338939089
273 1.04760346924
274 1.03742348721
275 1.04744212796
276 1.03927175774
277 1.05788456299
278 1.04746480101
279 1.02325595884
280 1.04496618071
281 1.07405941523
282 1.04490722409
283 1.07540234009
284 1.07261048656
285 1.07235292469
286 1.07529985547
287 1.07864086187
288 1.07319533115
289 1.07533975921
290 1.07429314365
291 1.07399264584
292 1.04783460146
293 1.05272265393
294 1.05705455394
295 1.06820502473
296 1.06682856391
297 1.07864086187
298 1.0721174556
299 1.07726423681
300 1.07786210921
301 1.07203323521
302 1.07775111882
303 1.07219536875
304 1.07775111882
305 1.05010091173
306 1.03662012372
307 1.07738779741
308 1.07724295857
309 1.07072474613
310 1.07023565183
311 1.06484163748
312 1.06514209291
313 1.06657188439
314 1.05319234685
315 1.05472294015
316 1.06357451809
317 1.05273967842
318 1.06143216201
319 1.03121858508
320 1.06649228151
321 1.06690820795
322 1.0394715646
323 1.05345570248
324 1.04576148517
325 1.07009058763
326 1.06824852843
327 1.05370796616
328 1.05485270769
329 1.04351185564
330 1.06377842671
331 1.05421198934
332 1.06063972314
333 1.0500323248
334 1.06365133756
335 1.04141415083
336 1.06941980102
337 1.04590944328
338 1.04293764702
339 1.04207191139
340 1.04997451214
341 1.02921191954
342 1.059543381
343 1.04164950541
344 1.03601442443
345 1.04214025794
346 1.02686266119
347 1.05887610344
348 1.04087800814
349 1.06330132314
350 1.034688442
351 1.03317403913
352 1.04523427701
353 1.04539079078
354 1.04135908922
355 1.04504825696
356 1.04562849148
357 1.03914417071
358 1.03651111204
359 1.03404717021
360 1.04103940993
361 1.05460517425
362 1.034087037
363 1.03202632286
364 1.02952312834
365 1.04638879694
366 1.0306843233
367 1.03112346508
368 1.05248442608
369 1.0560894269
370 1.05286903994
371 1.02938622968
372 1.05058221538
373 1.03018066408
374 1.03014518663
375 1.02417764147
376 1.02414388339
377 1.05553987927
378 1.03802680546
379 1.05526013926
380 1.03115216368
381 1.06535512975
382 1.0481128406
383 1.02577785343
384 1.02683209836
385 1.02487305646
386 1.03324748744
387 1.0252441939
388 1.02566912912
389 1.0307403256
390 1.02450654506
391 1.02600227195
392 1.05397200145
393 1.042103185
394 1.02556271779
395 1.02256234354
396 1.0407717214
397 1.02557418263
398 1.02256412988
399 1.02608566264
400 1.04424595093
401 1.03544628943
402 1.05619052318
403 1.02584927629
404 1.03472972789
405 1.03291799628
406 1.02325687683
407 1.02293718198
408 1.06275906774
409 1.02293316917
410 1.02141636391
411 1.02253552146
412 1.02252494754
413 1.0437109916
414 1.03413392163
415 1.04287657088
416 1.02366333851
417 1.02366687075
418 1.0655832102
419 1.04768250407
420 1.01909670654
421 1.04279842075
422 1.03461675051
423 1.02272200213
424 1.04556245312
425 1.0548217028
426 1.04417329682
427 1.0529002657
428 1.02273256844
429 1.02468776991
430 1.02270693396
431 1.02277902138
432 1.02220471294
433 1.02463895956
434 1.02684490696
435 1.0440021992
436 1.04537508654
437 1.02154458029
438 1.0216516469
439 1.02271338875
440 1.02300643422
441 1.04294977254
442 1.02143910073
443 1.02027685754
444 1.0240267451
445 1.02489595335
446 1.04115891342
447 1.02261619019
448 1.05341180089
449 1.03075715916
450 1.02350962199
451 1.04397861162
452 1.04817174348
453 1.02397129622
454 1.02379085237
455 1.02558029336
456 1.02309697998
457 1.02864543158
458 1.03036123798
459 1.02915046341
460 1.02027977444
461 1.04492072273
462 1.05074641689
463 1.0478490099
464 1.05758237057
465 1.05273967842
466 1.06263784231
467 1.05702626054
468 1.03094662177
469 1.05448207778
470 1.04812840491
471 1.04523415969
472 1.02470553552
473 1.03241116055
474 1.02617806338
475 1.03313734313
476 1.03137393361
477 1.03579521865
478 1.03605875408
479 1.03669956086
480 1.03905572228
481 1.03932375486
482 1.03496529724
483 1.04469884866
484 1.03278068314
485 1.04438099549
486 1.03204707248
487 1.03748585203
488 1.03868659613
489 1.03881678847
490 1.04396694925
491 1.04058142663
492 1.03957453345
493 1.04919411547
494 1.04635931039
495 1.03460761625
496 1.04251780608
497 1.04318804548
498 1.04287604871
499 1.04356520587
500 1.04607880989
501 1.03737583197
502 1.04169182122
503 1.04647171663
504 1.04640751987
505 1.04823666895
506 1.0480290582
507 1.05224256758
508 1.04973497363
509 1.03487847515
510 1.03694458967
511 1.04823297045
512 1.05112430413
513 1.04528662458
514 1.05281444755
515 1.05036086824
516 1.05319599475
517 1.05325908755
518 1.06495246137
519 1.06439399568
520 1.06216828742
521 1.05646477053
522 1.04489243061
523 1.06392593207
524 1.04424197166
525 1.06643132534
526 1.04362642402
527 1.06232510188
528 1.03667847998
529 1.06484478432
530 1.05747213262
531 1.03781122667
532 1.05834301971
533 1.04385993998
534 1.05276446895
535 1.04461114036
536 1.07066575069
537 1.0234529135
538 1.05488658762
539 1.0553714109
540 1.07377512604
541 1.07333957224
542 1.07422869941
543 1.04714719526
544 1.07360481867
545 1.07409262264
546 1.07973758009
547 1.08363919519
548 1.08199413192
549 1.08225362446
550 1.08363919519
551 1.07989143217
552 1.07627278613
553 1.07627278613
554 1.07615302374
555 1.07619861636
556 1.07978315909
557 1.07983089688
558 1.08046000683
559 1.08055644102
560 1.07452281758
561 1.07452281758
562 1.0798482124
563 1.07627278613
564 1.07640493665
565 1.07632451235
566 1.07524912668
567 1.07587953677
568 1.08147225607
569 1.08122014412
570 1.07176398377
571 1.07131989434
572 1.07782242845
573 1.07300471742
574 1.06270381021
575 1.07782242845
576 1.07339408488
577 1.07856876882
578 1.07842963361
579 1.07322750113
580 1.07636698654
581 1.06239623648
582 1.06193956273
583 1.06467751333
584 1.04545533484
585 1.06571975944
586 1.0660751162
587 1.05477344886
588 1.05498463985
589 1.04489405531
590 1.05778163455
591 1.0523199126
592 1.0625824482
593 1.05388506266
594 1.04952209768
595 1.05436121876
596 1.05236198468
597 1.04986923665
598 1.05156481221
599 1.05046393855
600 1.04302795829
601 1.05025621793
602 1.05392553842
603 1.03509650314
604 1.05165451071
605 1.0568358518
606 1.0409379664
607 1.03680591394
608 1.05129651925
609 1.05258128945
610 1.04742877105
611 1.03774090904
612 1.04734613188
613 1.05423772994
614 1.05578790084
615 1.04481710252
616 1.04628430939
617 1.05844269355
618 1.05199556334
619 1.05559157093
620 1.05849418587
621 1.04439597942
622 1.05546896491
623 1.05230633807
624 1.03838005059
625 1.02778365424
626 1.03511088643
627 1.02465473471
628 1.02442562869
629 1.04842484023
630 1.05559215067
631 1.05923324192
632 1.0709709607
633 1.0783823403
634 1.04686452047
635 1.03510394101
636 1.03146367506
637 1.04274543914
638 1.04364947052
639 1.06286336105
640 1.04847854981
641 1.04317698186
642 1.02267397338
643 1.05131482046
644 1.05934802647
645 1.06189789143
646 1.06238863057
647 1.05886495773
648 1.0337415339
649 1.07258419864
650 1.07256846963
651 1.0460611434
652 1.06178211888
653 1.04795154148
654 1.03349010303
655 1.0275906525
656 1.02882691178
657 1.05769439252
658 1.02990828674
659 1.02921455613
660 1.05030442602
661 1.02843146289
662 1.02865880956
663 1.06165070878
664 1.03492927269
665 1.04388180764
666 1.03299502738
667 1.03165876628
668 1.03214604219
669 1.06170739066
670 1.03596441334
671 1.0369859962
672 1.04577502511
673 1.03262664588
674 1.0436462281
675 1.04143035524
676 1.03445302017
677 1.04636259745
678 1.05673822554
679 1.05280547485
680 1.05062181002
681 1.03075224303
682 1.03502932916
683 1.04062523611
684 1.05779782092
685 1.05400046941
686 1.05325332117
687 1.0612708547
688 1.06049396258
689 1.0691579336
690 1.06804136599
691 1.06868652082
692 1.06825067021
693 1.06445506441
694 1.02067250675
695 1.0522535748
696 1.07331874152
697 1.07407810386
698 1.07367532713
699 1.07364724691
700 1.07250750481
701 1.07364724691
702 1.07669549353
703 1.07365177863
704 1.07485596929
705 1.07493352682
706 1.05788456299
707 1.07555674987
708 1.07322750113
709 1.07934767601
710 1.03360541541
711 1.02671862413
712 1.06759095499
713 1.06730535857
714 1.05656183324
715 1.04153291781
716 1.05764049261
717 1.04202885936
718 1.04158800976
719 1.05215596727
720 1.04646214826
721 1.03140343665
722 1.03096237226
723 1.0495616098
724 1.06687900441
725 1.03895015543
726 1.0385441576
727 1.04563875064
728 1.04755014463
729 1.05874444361
730 1.02850332555
731 1.05826422385
732 1.05387220947
733 1.03019164441
734 1.05613281377
735 1.05634998941
736 1.03650088959
737 1.03366839724
738 1.03478691715
739 1.03994873154
740 1.04399443474
741 1.05376443024
742 1.06622569323
743 1.06859063243
744 1.07117076423
745 1.0515760852
746 1.06643194061
747 1.0665421735
748 1.07813676202
749 1.07555674987
750 1.07943736279
751 1.07974461126
752 1.07322750113
753 1.06259561241
754 1.06248053294
755 1.07407190296
756 1.05898504276
757 1.05323463483
758 1.05422501022
759 1.04065944614
760 1.03559440034
761 1.03376886463
762 1.06264064405
763 1.03188096823
764 1.02770371059
765 1.02336743013
766 1.02536112741
767 1.02875520526
768 1.04434260885
769 1.04832010807
770 1.0564848557
771 1.045065708
772 1.03823342155
773 1.02856346879
774 1.04037099806
775 1.05563073702
776 1.03254391238
777 1.03671262667
778 1.03724085674
779 1.0409724449
780 1.03219290794
781 1.05506607097
782 1.06274259003
783 1.06329894648
784 1.06380787874
785 1.07818725052
786 1.07810594731
787 1.07531997042
788 1.07290430561
789 1.07229486807
790 1.07403176634
791 1.08044235811
792 1.08024311232
793 1.07974461126
794 1.06380588428
795 1.05038887786
796 1.0530815738
797 1.04165955579
798 1.0354016554
799 1.04145267853
800 1.03689923126
801 1.03872754253
802 1.08030195861
803 1.03271057724
804 1.0310473578
805 1.02840996044
806 1.02908113132
807 1.06483672602
808 1.05636656812
809 1.02523612282
810 1.0258491041
811 1.0246466257
812 1.02460513318
813 1.02438800274
814 1.02370210019
815 1.02552851649
816 1.02055544347
817 1.02819705365
818 1.03232623695
819 1.03081761658
820 1.03020589887
821 1.03328351635
822 1.03647994643
823 1.03672068957
824 1.03501681308
825 1.04338854328
826 1.03230209996
827 1.05880110874
828 1.04129205228
829 1.06498453407
830 1.05649585199
831 1.04154740781
832 1.07007360772
833 1.07531997042
834 1.06858259623
835 1.06737886283
836 1.07699178157
837 1.07690392796
838 1.08107939509
839 1.03845229775
840 1.06179637207
841 1.05523268079
842 1.03802981466
843 1.06258245075
844 1.04924247446
845 1.04791777542
846 1.0252352901
847 1.04549742801
848 1.05027166048
849 1.02968476685
850 1.03169741215
851 1.05592711292
852 1.03114493881
853 1.04265412301
854 1.0469932821
855 1.02664664352
856 1.03806721659
857 1.04314644634
858 1.01998891484
859 1.01998920031
860 1.06204716534
861 1.04978496402
862 1.04971720248
863 1.06874666092
864 1.06277406521
865 1.03229074695
866 1.03024769028
867 1.03107848883
868 1.03506509894
869 1.04374828409
870 1.02926199549
871 1.05281060584
872 1.05350683408
873 1.06970650929
874 1.06434989391
875 1.08015636404
876 1.06128460367
877 1.06150351048
878 1.05702502729
879 1.04838076623
880 1.03992363134
881 1.03574028513
882 1.03456688229
883 1.05535584864
884 1.02671850465
885 1.02016188284
886 1.05169670234
887 1.02194209356
888 1.02259272287
889 1.04721729343
890 1.05187792446
891 1.03596341165
892 1.03839798828
893 1.02264250665
894 1.05427928898
895 1.06496147781
896 1.07216640905
897 1.0756642798
898 1.0767220757
899 1.07825422725
900 1.04783128487
901 1.05788456299
902 1.04534129573
903 1.08116055865
904 1.06088985512
905 1.08091515027
906 1.06088985512
907 1.07931458333
908 1.06278735215
909 1.07946098535
910 1.05946012701
911 1.06389686917
912 1.02278743089
913 1.04913407367
914 1.03198232045
915 1.05379395371
916 1.05426382063
917 1.04980170865
918 1.04373422806
919 1.0391159742
920 1.05006378835
921 1.03416864769
922 1.06875886117
923 1.03475688499
924 1.03404295977
925 1.03047285271
926 1.03156344846
927 1.03174215878
928 1.0234008485
929 1.02304338907
930 1.02331384261
931 1.0271404514
932 1.02644931111
933 1.02298820711
934 1.0177433731
935 1.01777499651
936 1.02212863958
937 1.02466804719
938 1.02491905253
939 1.02171634677
940 1.02442945238
941 1.02356885379
942 1.02205040404
943 1.02272062939
944 1.02200323865
945 1.02553615497
946 1.04672411624
947 1.02264650781
948 1.03164717951
949 1.03329213829
950 1.03373295357
951 1.03452112551
952 1.03252153675
953 1.03352581455
954 1.03574835684
955 1.03145394294
956 1.04056903698
957 1.05654892519
958 1.05904622476
959 1.04170490567
960 1.05234306929
961 1.05518374473
962 1.05323158496
963 1.05419419521
964 1.04049389144
965 1.07623172336
966 1.07623172336
967 1.06977837403
968 1.0528258907
969 1.04938712172
970 1.05705981114
971 1.0508118347
972 1.05451221749
973 1.06597499145
974 1.06587559038
975 1.05705455394
976 1.032036515
977 1.05176157284
978 1.03908024947
979 1.06350098711
980 1.05189371495
981 1.03600097718
982 1.06587269844
983 1.03804540846
984 1.0389618124
985 1.04598275663
986 1.0512071822
987 1.05410510455
988 1.04646252593
989 1.04234482831
990 1.0271854414
991 1.05627069237
992 1.03230413258
993 1.05310271502
994 1.04976490845
995 1.02214811775
996 1.05166010508
997 1.05495024303
998 1.04752584595
999 1.03640346514
1000 1.02229181276
1001 1.05123409112
1002 1.05529960477
1003 1.05116768886
1004 1.04666950908
1005 1.05274707788
1006 1.04582484918
1007 1.04633176314
1008 1.03028240541
1009 1.0473662369
1010 1.04489545279
1011 1.04435669545
1012 1.05762635015
1013 1.04977987382
1014 1.04767758216
1015 1.05077958782
1016 1.04903379693
1017 1.04940685958
1018 1.0441302388
1019 1.05214090463
1020 1.03047461535
1021 1.04322873823
1022 1.02612846951
1023 1.04883154363
1024 1.07021870093
1025 1.04281486535
1026 1.04175173778
1027 1.03797001379
1028 1.03410501549
1029 1.0341167358
1030 1.05210489632
1031 1.04792429748
1032 1.04849767964
1033 1.05259946196
1034 1.04998145243
1035 1.04973628155
1036 1.03196584962
1037 1.05617250235
1038 1.05036146366
1039 1.04757455356
1040 1.05280828491
1041 1.05262808289
1042 1.05159946227
1043 1.06250223163
1044 1.04859982077
1045 1.0372460093
1046 1.03741963249
1047 1.05256941119
1048 1.0370352265
1049 1.04781400658
1050 1.06342602427
1051 1.02527913329
1052 1.05080130827
1053 1.06088985512
1054 1.04596498725
1055 1.05762637066
1056 1.05585335623
1057 1.05630298383
1058 1.02172854049
1059 1.05093461383
1060 1.05127107832
1061 1.04063068208
1062 1.05742921656
1063 1.05085513375
1064 1.04361542711
1065 1.0527043675
1066 1.04030096304
1067 1.05319754957
1068 1.05321555436
1069 1.05134102359
1070 1.05432437659
1071 1.05387266751
1072 1.05448673655
1073 1.04960970833
1074 1.05600203207
1075 1.03239505315
1076 1.04438786553
1077 1.04555852647
1078 1.04524172663
1079 1.03157127687
1080 1.03570906772
1081 1.05047111753
1082 1.04873525425
1083 1.04489679242
1084 1.04226467979
1085 1.07468430453
1086 1.04608621958
1087 1.04018056964
1088 1.07435482356
1089 1.04515756779
1090 1.03437251929
1091 1.03500624607
1092 1.04402472421
1093 1.04463337246
1094 1.07423156206
1095 1.07412434266
1096 1.04363949936
1097 1.07230470318
1098 1.0574235607
1099 1.04946996893
1100 1.04315620441
1101 1.05539284729
1102 1.04710321665
1103 1.04615693939
1104 1.05586603449
1105 1.07075519943
1106 1.05866271729
1107 1.06834367278
1108 1.05626596112
1109 1.0600005474
1110 1.06015940546
1111 1.05869034886
1112 1.04460289449
1113 1.05603862273
1114 1.04512338029
1115 1.06513473663
1116 1.05247857358
1117 1.06178059315
1118 1.0665155819
1119 1.0557326984
1120 1.07326614939
1121 1.06607327207
1122 1.06610396767
1123 1.10120735225
1124 1.06002535616
1125 1.05881172235
1126 1.07353051606
1127 1.0679006831
1128 1.04197744384
1129 1.04289819718
1130 1.0595717389
1131 1.06541029245
1132 1.06069349539
1133 1.07214982417
1134 1.06340326459
1135 1.0656650472
1136 1.04107518451
1137 1.03957067203
1138 1.05010676802
1139 1.08029346818
1140 1.03798392533
1141 1.04204774379
1142 1.03600538351
1143 1.02809235779
1144 1.02751491047
1145 1.02372376841
1146 1.05792079265
1147 1.04465156668
1148 1.0500563898
1149 1.05782196551
1150 1.057129756
1151 1.05779095196
1152 1.07267000688
1153 1.05002623297
1154 1.05538145504
1155 1.04060566265
1156 1.0541343984
1157 1.05850783739
1158 1.06261862816
1159 1.04300387688
1160 1.05806882732
1161 1.05700897081
1162 1.05777495133
1163 1.04373337636
1164 1.04502197219
1165 1.03775138637
1166 1.07073752915
1167 1.05235567648
1168 1.06451914282
1169 1.0557178508
1170 1.03469566072
1171 1.06238895804
1172 1.05540856851
1173 1.05799763578
1174 1.06386082883
1175 1.03795024486
1176 1.02906245344
1177 1.05298260928
1178 1.04948824861
1179 1.0618468955
1180 1.04121205277
1181 1.04705105304
1182 1.04177569564
1183 1.05335188605
1184 1.03251400087
1185 1.03733535936
1186 1.0481695078
1187 1.05537784045
1188 1.04743405074
1189 1.05519151106
1190 1.06191954218
1191 1.06604754065
1192 1.06001744135
1193 1.07609635322
1194 1.0469121949
1195 1.05867404024
1196 1.03370703447
1197 1.05384296427
1198 1.05997421465
1199 1.07568949727
1200 1.06669652778
1201 1.05615721909
1202 1.04883573202
1203 1.05484327912
1204 1.05347150659
1205 1.05396094481
1206 1.05738469479
1207 1.04676798297
1208 1.05895421922
1209 1.03145085226
1210 1.04420355541
1211 1.04271632796
1212 1.06109514086
1213 1.05530708559
1214 1.0547485886
1215 1.05777200008
1216 1.04182388449
1217 1.03161986813
1218 1.04982355742
1219 1.05369492302
1220 1.05404240153
1221 1.04213937127
1222 1.05370443433
1223 1.0492298788
1224 1.06000153825
1225 1.05771716763
1226 1.04701969784
1227 1.04506833335
1228 1.04582130974
1229 1.04743867779
1230 1.04815259756
1231 1.06128460367
1232 1.06703446892
1233 1.06034522392
1234 1.0699641759
1235 1.07724185183
1236 1.05782338059
1237 1.05728942866
1238 1.05255983256
1239 1.05749605283
1240 1.03206387861
1241 1.06258114205
1242 1.0796855492
1243 1.03878928381
1244 1.04733641405
1245 1.07107679151
1246 1.07524549888
1247 1.05864562509
1248 1.06561433668
1249 1.0651681444
1250 1.05739112029
1251 1.0564957639
1252 1.05869278313
1253 1.06486780478
1254 1.05493011711
1255 1.05674088068
1256 1.05491696398
1257 1.05661852373
1258 1.06039170386
1259 1.05005645822
1260 1.04736225306
1261 1.04240604002
1262 1.03214658983
1263 1.04458389312
1264 1.05017199124
1265 1.0493276422
1266 1.05846392171
1267 1.02538109558
1268 1.05319207857
1269 1.04329676412
1270 1.03979127669
1271 1.03539775187
1272 1.06066701371
1273 1.02525727817
1274 1.02161571399
1275 1.04710785534
1276 1.04264805224
1277 1.03761063833
1278 1.05440053094
1279 1.04166809192
1280 1.03874608373
1281 1.0484020692
1282 1.04952813867
1283 1.0365314218
1284 1.05338695143
1285 1.03163194581
1286 1.054688398
1287 1.05243939261
1288 1.04920692619
1289 1.03738772168
1290 1.04788409794
1291 1.03281048412
1292 1.04068430344
1293 1.04514881626
1294 1.02629553641
1295 1.02562686977
1296 1.04620080651
1297 1.0340064137
1298 1.04107336893
1299 1.04906398323
1300 1.02672620178
1301 1.03206030979
1302 1.0461517593
1303 1.05671850577
1304 1.0468141412
1305 1.02141423752
1306 1.05037201108
1307 1.02609339808
1308 1.02467533272
1309 1.05583304578
1310 1.06221459592
1311 1.03209257985
1312 1.04870115583
1313 1.04973829287
1314 1.04779891658
1315 1.05095891496
1316 1.05634998941
1317 1.04738390824
1318 1.04728821161
1319 1.02550706561
1320 1.07035904823
1321 1.02845408867
1322 1.02416327101
1323 1.03051356624
1324 1.02468079361
1325 1.03089882646
1326 1.02398443136
1327 1.05503005634
1328 1.05634998941
1329 1.02843978758
1330 1.03323937927
1331 1.03920825658
1332 1.05477702052
1333 1.02357998267
1334 1.04271035819
1335 1.02501784023
1336 1.0333628682
1337 1.03120305476
1338 1.03159146001
1339 1.03121670268
1340 1.04744209876
1341 1.02935033275
1342 1.05126656823
1343 1.05445768492
1344 1.06072584021
1345 1.04273385418
1346 1.05610103549
1347 1.03576068763
1348 1.04175437754
1349 1.02617033654
1350 1.03314578479
1351 1.07102256562
1352 1.05667482309
1353 1.03666472922
1354 1.05204678072
1355 1.03537769487
1356 1.04126286812
1357 1.03935307005
1358 1.0572872093
1359 1.05121465142
1360 1.04159427087
1361 1.05580887863
1362 1.02610527395
1363 1.05785207378
1364 1.03964970343
1365 1.04429731328
1366 1.038928787
1367 1.04769715451
1368 1.04503075766
1369 1.04124865607
1370 1.06281763465
1371 1.05220913277
1372 1.05008926631
1373 1.03453408311
1374 1.04836471859
1375 1.04919379125
1376 1.05773042499
1377 1.0509395434
1378 1.05608941434
1379 1.05143023097
1380 1.05449050013
1381 1.06261459898
1382 1.04834886533
1383 1.04342836294
1384 1.04384336375
1385 1.06350544934
1386 1.06453321361
1387 1.06462083135
1388 1.07551086559
1389 1.05103547572
1390 1.05884350698
1391 1.0428622169
1392 1.04724608087
1393 1.05061570081
1394 1.0510788853
1395 1.04530365402
1396 1.05199117821
1397 1.05209635941
1398 1.05446201335
1399 1.03836420439
1400 1.03805280134
1401 1.06129205371
1402 1.02554154816
1403 1.05881765581
1404 1.06828500702
1405 1.06071822675
1406 1.0684528182
1407 1.06034589331
1408 1.06505846103
1409 1.04106028672
1410 1.04631575435
1411 1.05978675477
1412 1.04291348299
1413 1.03952841836
1414 1.03908431009
1415 1.0578152851
1416 1.05566193859
1417 1.05212997418
1418 1.05053001131
1419 1.02610031518
1420 1.05322638998
1421 1.04539199717
1422 1.05315512907
1423 1.06147941152
1424 1.04176755755
1425 1.06341360315
1426 1.04091666023
1427 1.06635112575
1428 1.04577674944
1429 1.0446257162
1430 1.05997265077
1431 1.04168445623
1432 1.04864822897
1433 1.06317589093
1434 1.04306500871
1435 1.05448796025
1436 1.03408799205
1437 1.0427290707
1438 1.04962769854
1439 1.05639818481
1440 1.03678258679
1441 1.04180077734
1442 1.0387828005
1443 1.02807263793
1444 1.05292574817
1445 1.06388915199
1446 1.03886919205
1447 1.05962504399
1448 1.06061040744
1449 1.04853652809
1450 1.05047366132
1451 1.05723260826
1452 1.05253460332
1453 1.07702216265
1454 1.02155447565
1455 1.05592696516
1456 1.07741789895
1457 1.05356196917
1458 1.0434624226
1459 1.04356667402
1460 1.02313306388
1461 1.03988035246
1462 1.05457632438
1463 1.05273116226
1464 1.06062602281
1465 1.06232756353
1466 1.02273162738
1467 1.06053258217
1468 1.03516212359
1469 1.04483407667
1470 1.05081640628
1471 1.05093584266
1472 1.05496933713
1473 1.04662143795
1474 1.05071872527
1475 1.03739581573
1476 1.04888837193
1477 1.05570987517
1478 1.05359960163
1479 1.0513635311
1480 1.04724106998
1481 1.05421128405
1482 1.06129538095
1483 1.06947786825
1484 1.05763348572
1485 1.06416088866
1486 1.05337384621
1487 1.06003113957
1488 1.04540682459
1489 1.04505925042
1490 1.0637094894
1491 1.07863781717
1492 1.05888754735
1493 1.06945161506
1494 1.03553933895
1495 1.07003540639
1496 1.0525078128
1497 1.063159401
1498 1.03869706076
1499 1.05321598322
1500 1.0454265711
1501 1.04372371009
1502 1.05066337509
1503 1.03825864506
1504 1.04646476876
1505 1.0415370569
1506 1.03959367957
1507 1.04676094982
1508 1.04742150556
1509 1.0478513884
1510 1.03755413261
1511 1.04126588149
1512 1.03842950664
1513 1.04339385827
1514 1.04192172951
1515 1.04866575891
1516 1.05653334167
1517 1.0429314307
1518 1.04431418377
1519 1.05328775023
1520 1.05324838999
1521 1.07543721719
1522 1.04488287667
1523 1.05713452511
1524 1.05997063308
1525 1.05877912114
1526 1.0491247093
1527 1.03983253132
1528 1.05100940313
1529 1.0582874055
1530 1.03465194959
1531 1.03334817499
1532 1.02934921365
1533 1.06103187293
1534 1.04843646217
1535 1.01892795748
1536 1.02295049398
1537 1.02320795902
1538 1.05474689241
1539 1.050600068
1540 1.05485247668
1541 1.07304132132
1542 1.06015252089
1543 1.05483240528
1544 1.05197242182
1545 1.03758246069
1546 1.02014436223
1547 1.05297331492
1548 1.0587128
1549 1.02444977444
1550 1.05644046762
1551 1.02282952988
1552 1.05105399672
1553 1.05463151351
1554 1.02341652431
1555 1.03670726594
1556 1.05239266805
1557 1.02335820482
1558 1.02527837769
1559 1.03427523625
1560 1.02093731746
1561 1.03461589799
1562 1.03524551546
1563 1.03378489574
1564 1.06452982861
1565 1.0487898797
1566 1.04198161365
1567 1.03324736095
1568 1.03782292596
1569 1.05068706977
1570 1.03796946413
1571 1.02011311212
1572 1.03463732373
1573 1.04835131755
1574 1.04667583121
1575 1.03574588675
1576 1.01896252854
1577 1.05190850441
1578 1.0464287957
1579 1.05286399035
1580 1.08096054524
1581 1.05782867055
1582 1.0519194283
1583 1.02785937385
1584 1.03770004886
1585 1.02666971548
1586 1.02281450493
1587 1.0426314794
1588 1.02306437307
1589 1.0586336896
1590 1.05342791964
1591 1.02047614423
1592 1.05091562937
1593 1.05241022347
1594 1.06132530777
1595 1.05447717251
1596 1.02106951298
1597 1.0580391133
1598 1.05836020926
1599 1.05300816953
1600 1.05055999795
1601 1.04550635418
1602 1.05563212076
1603 1.04100060752
1604 1.05451089801
1605 1.05379589272
1606 1.04382135945
1607 1.04408932295
1608 1.03873774142
1609 1.05044305248
1610 1.03435805212
1611 1.05126964833
1612 1.03878226729
1613 1.05685526198
1614 1.04927709327
1615 1.06541078539
1616 1.05734577484
1617 1.06462214377
1618 1.04686685243
1619 1.04858971821
1620 1.02364510733
1621 1.05351916911
1622 1.04893610492
1623 1.04355240638
1624 1.05017388951
1625 1.0392709563
1626 1.03696218605
1627 1.02772417186
1628 1.03295101203
1629 1.03917367264
1630 1.03145637479
1631 1.02337392316
1632 1.02310239021
1633 1.02339957092
1634 1.03432874158
1635 1.03594055354
1636 1.02289018714
1637 1.02438988157
1638 1.02669666029
1639 1.02484394065
1640 1.03833968879
1641 1.04334064758
1642 1.0462550548
1643 1.02459502505
1644 1.04783375378
1645 1.05613658825
1646 1.04721278612
1647 1.03456035988
1648 1.04423469229
1649 1.04853991699
1650 1.03704821556
1651 1.04718005098
1652 1.03435424836
1653 1.05509440225
1654 1.04483973156
1655 1.03288233992
1656 1.0574693163
1657 1.0531064814
1658 1.05735852871
1659 1.04028326463
1660 1.04905549248
1661 1.05803310249
1662 1.0578656315
1663 1.05621752668
1664 1.06293275654
1665 1.04077521779
1666 1.05228006309
1667 1.04327159022
1668 1.03717823324
1669 1.05713107171
1670 1.0485450047
1671 1.07467180843
1672 1.03667148289
1673 1.03780354016
1674 1.02926339711
1675 1.04655490183
1676 1.02643807389
1677 1.06068242947
1678 1.02368046739
1679 1.03524136966
1680 1.04946591284
1681 1.04508563058
1682 1.04290546812
1683 1.0564566842
1684 1.06224484948
1685 1.0516072251
1686 1.0512522209
1687 1.05106355969
1688 1.05580251021
1689 1.04351208732
1690 1.04479507912
1691 1.05680926367
1692 1.03460525817
1693 1.04444742386
1694 1.04859400027
1695 1.04778691256
1696 1.03167122997
1697 1.04707982039
1698 1.04222750863
1699 1.0526409301
1700 1.04351953883
1701 1.04716216326
1702 1.05460338358
1703 1.04826410614
1704 1.05885621928
1705 1.03163011632
1706 1.04763835275
1707 1.05820968474
1708 1.03625905691
1709 1.04703253239
1710 1.05217268603
1711 1.04743553972
1712 1.05311303591
1713 1.05159548684
1714 1.03531057557
1715 1.05428818238
1716 1.05260824641
1717 1.03352576745
1718 1.05020738046
1719 1.05526809903
1720 1.03367307249
1721 1.04227417002
1722 1.04728358977
1723 1.0555113381
1724 1.04250467821
1725 1.03726827144
1726 1.06087669247
1727 1.05632687013
1728 1.03353799348
1729 1.05950057667
1730 1.03371671957
1731 1.03977173244
1732 1.0506279299
1733 1.06251844889
1734 1.06290595156
1735 1.0559055106
1736 1.05208897925
1737 1.04717168026
1738 1.04665274314
1739 1.0561619933
1740 1.05523329144
1741 1.05386107263
1742 1.05453159402
1743 1.04360350545
1744 1.06288498347
1745 1.04889533767
1746 1.05296435143
1747 1.04563868978
1748 1.04202625836
1749 1.05953068405
1750 1.04510735793
1751 1.01756360049
1752 1.0511145893
1753 1.04767014524
1754 1.02945032929
1755 1.02916132932
1756 1.03770074855
1757 1.06677375724
1758 1.05963937458
1759 1.05935389551
1760 1.0602958087
1761 1.06372177099
1762 1.04953876186
1763 1.04550545441
1764 1.03369935921
1765 1.04888130597
1766 1.045914186
1767 1.04050985621
1768 1.06353981644
1769 1.05743795616
1770 1.06103709775
1771 1.05428819769
1772 1.07779966885
1773 1.05200745602
1774 1.04693322489
1775 1.05498959462
1776 1.05317292888
1777 1.05455941242
1778 1.07738603748
1779 1.05340493089
1780 1.07551093944
1781 1.03748888554
1782 1.07190354933
1783 1.0358189055
1784 1.05026237167
1785 1.0559575164
1786 1.07703790537
1787 1.03578352888
1788 1.04370679076
1789 1.0515839025
1790 1.05832716191
1791 1.05572053416
1792 1.04422069215
1793 1.05119330288
1794 1.07524014002
1795 1.05705402187
1796 1.08032446856
1797 1.04675664429
1798 1.04992228159
1799 1.0289480145
1800 1.04305863265
1801 1.03926477284
1802 1.04783665891
1803 1.05393638778
1804 1.04705645295
1805 1.0302337718
1806 1.04910645563
1807 1.04474779943
1808 1.04805768107
1809 1.04022629068
1810 1.05273249776
1811 1.03785173776
1812 1.04983498578
1813 1.03721442388
1814 1.0756642798
1815 1.05258718292
1816 1.05204810093
1817 1.06808555182
1818 1.05962905016
1819 1.05483295093
1820 1.03722461669
1821 1.05569640022
1822 1.03854281404
1823 1.04578399756
1824 1.03841654365
1825 1.02370766211
1826 1.05726751613
1827 1.05048520328
1828 1.04161512196
1829 1.04307605196
1830 1.04601013502
1831 1.04396733055
1832 1.04385648214
1833 1.0574295836
1834 1.05181648356
1835 1.04547181694
1836 1.04084126074
1837 1.07189337924
1838 1.03217903659
1839 1.04593703224
1840 1.06102891525
1841 1.06262449442
1842 1.0362521411
1843 1.03861035625
1844 1.03750441126
1845 1.04108368378
1846 1.03686361143
1847 1.02809224219
1848 1.02475932917
1849 1.05653660499
1850 1.06228027848
1851 1.0497107188
1852 1.06245887764
1853 1.05648796969
1854 1.03468370727
1855 1.04287642475
1856 1.0423079522
1857 1.03049315046
1858 1.03299036769
1859 1.05149193137
1860 1.05160152227
1861 1.0462673557
1862 1.05426950752
1863 1.05167127508
1864 1.04504826074
1865 1.04486962883
1866 1.04718931922
1867 1.04591209878
1868 1.05282332673
1869 1.03873413879
1870 1.06699460624
1871 1.03335476134
1872 1.06160642749
1873 1.05717830213
1874 1.04748836667
1875 1.02482221614
1876 1.03578511833
1877 1.03241324815
1878 1.05144512495
1879 1.04246783147
1880 1.0565721811
1881 1.03223994143
1882 1.08268757368
1883 1.05684807464
1884 1.0453587043
1885 1.04436434856
1886 1.03833489806
1887 1.05572797261
1888 1.04732743327
1889 1.02598367433
1890 1.03685633384
1891 1.06882512648
1892 1.02345445822
1893 1.04913544454
1894 1.05802180733
1895 1.04806293281
1896 1.08044031226
1897 1.05789766431
1898 1.04443397923
1899 1.04890091133
1900 1.03433489923
1901 1.05487278367
1902 1.06160768729
1903 1.05714796473
1904 1.06163694251
1905 1.05500358733
1906 1.04687191108
1907 1.04868131658
1908 1.0577509119
1909 1.05423940568
1910 1.05126609617
1911 1.05503241814
1912 1.05061375538
1913 1.05076105805
1914 1.03964685996
1915 1.0523354547
1916 1.05314913952
1917 1.04501274954
1918 1.04862492937
1919 1.05856788088
1920 1.05135550483
1921 1.04518701987
1922 1.03970121015
1923 1.04304870232
1924 1.05680018209
1925 1.05739223367
1926 1.057350181
1927 1.04298247494
1928 1.0441134257
1929 1.05510791742
1930 1.04968458811
1931 1.03384562352
1932 1.05697528244
1933 1.05144870379
1934 1.05227186611
1935 1.04436967963
1936 1.05118476006
1937 1.05978640149
1938 1.05446632307
1939 1.0381054492
1940 1.06064206702
1941 1.05768159407
1942 1.06686278639
1943 1.02609175995
1944 1.06026312954
1945 1.06054512609
1946 1.05744998362
1947 1.0413046108
1948 1.05028270368
1949 1.0564315562
1950 1.0543490797
1951 1.04097343567
1952 1.03879197312
1953 1.05238571157
1954 1.05829124246
1955 1.05499801999
1956 1.05375171064
1957 1.06082872561
1958 1.04052637382
1959 1.0237586285
1960 1.03731374512
1961 1.05139608947
1962 1.04859325289
1963 1.0450412117
1964 1.03492574744
1965 1.05352759963
1966 1.05510335071
1967 1.03660229405
1968 1.04716063289
1969 1.03941949804
1970 1.06887925449
1971 1.05150519122
1972 1.04858131815
1973 1.03945840095
1974 1.04126910906
1975 1.02588973184
1976 1.03262636059
1977 1.04938849145
1978 1.04332595563
1979 1.0423054869
1980 1.04260414641
1981 1.05397238624
1982 1.05281356134
1983 1.05339532314
1984 1.03907844305
1985 1.03573719324
1986 1.0502479346
1987 1.05441850185
1988 1.0385763561
1989 1.0320364509
1990 1.04583079927
1991 1.03653359882
1992 1.04425614457
1993 1.03246372056
1994 1.04617354194
1995 1.06655587724
1996 1.03465924594
1997 1.04788588198
1998 1.0275324799
1999 1.04450909628
2000 1.03080388984
2001 1.02581932119
2002 1.03565730508
2003 1.05453446771
2004 1.02967413197
2005 1.02858064276
2006 1.06153145696
2007 1.0477720587
2008 1.03629990193
2009 1.04911721842
2010 1.04240011157
2011 1.0390120763
2012 1.03065221614
2013 1.05144736928
2014 1.03855644769
2015 1.03524038334
2016 1.03495557682
2017 1.04564308662
2018 1.0328395816
2019 1.036480652
2020 1.0540459366
2021 1.04443899358
2022 1.05698958892
2023 1.06288191676
2024 1.05532941597
2025 1.03543659878
2026 1.04918594554
2027 1.02317867943
2028 1.04502136718
2029 1.04603467429
2030 1.04505225922
2031 1.04871071605
2032 1.03674006726
2033 1.03913323916
2034 1.04795079826
2035 1.04073200891
2036 1.03905407634
2037 1.05994533876
2038 1.04408905591
2039 1.04438663098
2040 1.05346185168
2041 1.04154842711
2042 1.03924180794
2043 1.0597022791
2044 1.03698913365
2045 1.05424724119
2046 1.05896224382
2047 1.05521772922
2048 1.0453957
2049 1.04988866029
2050 1.06215569776
2051 1.03958409508
2052 1.04037713235
2053 1.05922090721
2054 1.0644198877
2055 1.05337881589
2056 1.05743704396
2057 1.05126685222
2058 1.06084783054
2059 1.06153859412
2060 1.03812823895
2061 1.04048204926
2062 1.05358193902
2063 1.05420068674
2064 1.05107911136
2065 1.05868792161
2066 1.05232863424
2067 1.0502733152
2068 1.04885426711
2069 1.04644649677
2070 1.05945107582
2071 1.04382997609
2072 1.0669232947
2073 1.04524377194
2074 1.04820222825
2075 1.05684271243
2076 1.04571223339
2077 1.0448944032
2078 1.07793255382
2079 1.05049951018
2080 1.0595290525
2081 1.04843405636
2082 1.03958917878
2083 1.03823042637
2084 1.02257748117
2085 1.04787035086
2086 1.04619856261
2087 1.03621145297
2088 1.04897974106
2089 1.05905945244
2090 1.03838140866
2091 1.03855260454
2092 1.04711970458
2093 1.04063183599
2094 1.04362110971
2095 1.05611190656
2096 1.05068142249
2097 1.05913142662
2098 1.05226248418
2099 1.04752135148
2100 1.05228194497
2101 1.05247607774
2102 1.02466973305
2103 1.03589847056
2104 1.03900634612
2105 1.03676810743
2106 1.0225755035
2107 1.05185635105
2108 1.0372329258
2109 1.03920846248
2110 1.04176979033
2111 1.04023836781
2112 1.05209873666
2113 1.04413561965
2114 1.05357047613
2115 1.04880042414
2116 1.05190766564
2117 1.04265300633
2118 1.05241740029
2119 1.04797667785
2120 1.05262805066
2121 1.0500866015
2122 1.05400381977
2123 1.05548920002
2124 1.049183897
2125 1.06289565121
2126 1.05970419693
2127 1.05960984534
2128 1.04767191434
2129 1.06509595353
2130 1.06717451708
2131 1.05358653646
2132 1.04627770831
2133 1.04681738137
2134 1.05209899968
2135 1.04741899504
2136 1.03991262313
2137 1.05867673459
2138 1.04811060923
2139 1.0371245372
2140 1.04520435388
2141 1.05148327133
2142 1.04703558571
2143 1.0466628557
2144 1.05544670646
2145 1.05028253672
2146 1.05817191987
2147 1.03795644507
2148 1.04237445994
2149 1.03945207701
2150 1.03883347804
2151 1.04853381271
2152 1.06265302208
2153 1.0529274718
2154 1.03427733196
2155 1.03585631357
2156 1.03772668438
2157 1.02323682701
2158 1.03679994216
2159 1.03672922613
2160 1.04286638953
2161 1.03429852018
2162 1.05061263034
2163 1.04000407249
2164 1.04996325497
2165 1.04341158411
2166 1.04819317001
2167 1.03204422334
2168 1.04765017787
2169 1.04002856911
2170 1.04325852461
2171 1.03747922986
2172 1.04583091353
2173 1.04807665046
2174 1.04174081259
2175 1.03504771964
2176 1.04266203105
2177 1.04999476888
2178 1.05068073741
2179 1.04042707284
2180 1.05220128524
2181 1.05535326413
2182 1.04858443099
2183 1.04382480488
2184 1.04474505115
2185 1.03587380614
2186 1.03980690601
2187 1.05836113678
2188 1.05995339693
2189 1.0384815379
2190 1.05286567416
2191 1.06367501012
2192 1.05810141136
2193 1.04583792659
2194 1.02804113364
2195 1.04547567305
2196 1.03308321219
2197 1.03775317679
2198 1.02555532975
2199 1.04163419984
2200 1.03900284792
2201 1.04000409972
2202 1.04131012328
2203 1.04588339268
2204 1.02195845047
2205 1.03871335061
2206 1.0434408222
2207 1.05106139656
2208 1.05077292409
2209 1.03075989003
2210 1.05579091611
2211 1.0429669149
2212 1.04455669775
2213 1.03825176701
2214 1.04633665348
2215 1.05192281095
2216 1.04499149062
2217 1.04717576383
2218 1.04772822456
2219 1.04797902416
2220 1.04318717269
2221 1.03786886556
2222 1.03859931256
2223 1.02195665861
2224 1.04865772574
2225 1.05273967842
2226 1.02782370576
2227 1.05723282398
2228 1.06091305255
2229 1.03919879987
2230 1.02700260665
2231 1.04907120798
2232 1.0573672893
2233 1.04703558571
2234 1.05591379281
2235 1.05376212775
2236 1.04717577889
2237 1.04525977486
2238 1.04696908242
2239 1.06325038932
2240 1.03650158318
2241 1.06273931595
2242 1.05871789687
2243 1.05132244108
2244 1.05170655168
2245 1.05364129197
2246 1.05706923719
2247 1.05378201745
2248 1.05063511868
2249 1.04916104989
2250 1.04853336634
2251 1.02214892362
2252 1.05644014421
2253 1.04532329682
2254 1.05521193504
2255 1.04703558571
2256 1.03920364676
2257 1.04972392648
2258 1.04753864061
2259 1.02117254322
2260 1.04570177806
2261 1.03218785658
2262 1.03943503684
2263 1.04165047566
2264 1.04703558571
2265 1.04832801556
2266 1.03861484528
2267 1.05619814363
2268 1.04322922507
2269 1.02065452874
2270 1.07125844936
2271 1.06222462752
2272 1.05398133018
2273 1.04864261031
2274 1.05307839349
2275 1.05259167951
2276 1.05343627116
2277 1.04950609467
2278 1.05859609847
2279 1.0504334194
2280 1.05246500094
2281 1.05068554906
2282 1.05046953788
2283 1.04364513101
2284 1.04752393179
2285 1.05536281171
2286 1.05161656122
2287 1.04644860405
2288 1.05083288878
2289 1.03589816617
2290 1.04907548705
2291 1.02775251485
2292 1.03063406756
2293 1.05236389091
2294 1.02319819327
2295 1.02027977444
2296 1.04338909276
2297 1.05201731245
2298 1.05183931876
2299 1.0481171286
2300 1.04729713404
2301 1.05672267957
2302 1.04534831522
2303 1.05197433534
2304 1.04957550142
2305 1.04250573161
2306 1.05415851525
2307 1.04740940644
2308 1.05641974646
2309 1.05817060244
2310 1.0620783011
2311 1.05011061594
2312 1.05824175677
2313 1.04784686773
2314 1.04990873608
2315 1.06268510099
2316 1.04265752741
2317 1.06066541269
2318 1.05804122713
2319 1.05503786299
2320 1.04274558281
2321 1.05016351271
2322 1.0382614552
2323 1.04634626983
2324 1.04791462626
2325 1.05065509394
2326 1.07062379986
2327 1.04849748462
2328 1.05308197685
2329 1.04618863385
2330 1.04548291068
2331 1.04741945576
2332 1.05381551671
2333 1.03340485766
2334 1.04879922614
2335 1.04859200268
2336 1.04518043658
2337 1.04996036387
2338 1.03509833726
2339 1.05446101572
2340 1.06053828901
2341 1.05297102756
2342 1.04600038131
2343 1.05697082331
2344 1.05468819103
2345 1.06251614357
2346 1.05674673674
2347 1.05525849916
2348 1.05443539361
2349 1.05573302438
2350 1.05171077508
2351 1.06603246908
2352 1.05107350391
2353 1.04550868949
2354 1.04973376988
2355 1.05702295032
2356 1.04600529691
2357 1.06256413297
2358 1.04720706145
2359 1.04136562811
2360 1.04541267377
2361 1.043258151
2362 1.04394846552
2363 1.04481906617
2364 1.04905954679
2365 1.03489739414
2366 1.04269040937
2367 1.041651943
2368 1.02829185197
2369 1.02846914491
2370 1.02688350151
2371 1.03622996915
2372 1.03506074928
2373 1.03545303471
2374 1.02417266356
2375 1.02456844761
2376 1.02474937971
2377 1.02473731421
2378 1.03670313776
2379 1.03048409772
2380 1.0345419778
2381 1.03387084465
2382 1.03589810658
2383 1.0317750966
2384 1.03041566813
2385 1.04009184116
2386 1.03379204166
2387 1.03558565853
2388 1.04938014721
2389 1.04001662697
2390 1.06296552475
2391 1.04334162931
2392 1.04868897488
2393 1.03532656396
2394 1.02712565805
2395 1.0495095776
2396 1.04117420842
2397 1.03467852592
2398 1.06113049013
2399 1.04099762641
2400 1.0534394001
2401 1.03452410789
2402 1.05202364523
2403 1.03646978814
2404 1.05537090775
2405 1.03009982306
2406 1.03006594357
2407 1.04958814483
2408 1.0265958
2409 1.05740874124
2410 1.04190861303
2411 1.04757113231
2412 1.05399596422
2413 1.04375098458
2414 1.0492924819
2415 1.02690102109
2416 1.06047464565
2417 1.04924653899
2418 1.05026225639
2419 1.03415961622
2420 1.03821031878
2421 1.02609479812
2422 1.04395875149
2423 1.05607290203
2424 1.04422219428
2425 1.0422206508
2426 1.05548218956
2427 1.05196451776
2428 1.036016841
2429 1.05919875781
2430 1.04411211899
2431 1.04503224861
2432 1.01760504741
2433 1.03490807611
2434 1.02473064496
2435 1.03759160138
2436 1.04721000372
2437 1.04397771281
2438 1.0497748383
2439 1.06705509312
2440 1.06941415594
2441 1.04828981491
2442 1.0426777439
2443 1.05496143043
2444 1.02687773563
2445 1.06188724017
2446 1.04433858081
2447 1.0314087584
2448 1.03273281277
2449 1.05444220956
2450 1.04653015541
2451 1.04627861049
2452 1.02711378845
2453 1.02358446199
2454 1.0325424703
2455 1.04258259147
2456 1.02355724621
2457 1.02818138948
2458 1.03261475324
2459 1.04088179583
2460 1.02822770929
2461 1.0351019714
2462 1.04276961525
2463 1.02658354111
2464 1.02922492168
2465 1.04597102688
2466 1.02369030786
2467 1.04607837921
2468 1.02027977444
2469 1.05320585248
2470 1.03055046028
2471 1.0631190239
2472 1.04762777656
2473 1.05682468443
2474 1.03159711387
2475 1.02869104582
2476 1.03169104453
2477 1.04095746181
2478 1.04174345361
2479 1.05273967842
2480 1.04946986639
2481 1.05461664008
2482 1.05115923491
2483 1.05557733335
2484 1.0493539083
2485 1.04618083726
2486 1.04144062386
2487 1.04642157641
2488 1.05283734839
2489 1.03626467684
2490 1.05423437084
2491 1.05742452713
2492 1.03835516964
2493 1.05630093179
2494 1.05957652681
2495 1.06297283863
2496 1.05945872921
2497 1.0523773581
2498 1.0577857831
2499 1.05435786296
2500 1.07325404542
2501 1.05364860443
2502 1.06648116251
2503 1.05263558277
2504 1.06128264466
2505 1.05444583184
2506 1.05684271243
2507 1.05949855557
2508 1.05582553358
2509 1.05428303444
2510 1.05497186022
2511 1.05933902284
2512 1.05184431747
2513 1.05293719449
2514 1.05732791384
2515 1.05494461883
2516 1.04934783327
*Step  = 9
*Time  = 1.8
*Data  = Fzz
1 1.05199045236
2 1.04560266674
3 1.05400190891
4 1.04687364835
5 1.05278820573
6 1.05614172722
7 1.05469141231
8 1.05545225365
9 1.05038397092
10 1.04043980716
11 1.05095167535
12 1.04130137187
13 1.03780985021
14 1.05254524696
15 1.05616720873
16 1.04827980998
17 1.06426576464
18 1.05184599464
19 1.05136690766
20 1.05582531216
21 1.04240600039
22 1.04322680432
23 1.04357286214
24 1.0493850536
25 1.05473061867
26 1.05605161581
27 1.04620226838
28 1.05715270478
29 1.04652130539
30 1.04157878941
31 1.05389861293
32 1.05671570294
33 1.0591621814
34 1.05791867173
35 1.05480194603
36 1.05206114839
37 1.05736853953
38 1.06139686373
39 1.05150983828
40 1.030181718
41 1.04577125538
42 1.05668679018
43 1.04293126513
44 1.05753190223
45 1.05956031445
46 1.03863642073
47 1.06679785554
48 1.05456886218
49 1.05913086242
50 1.04189335555
51 1.03824844745
52 1.05354144595
53 1.04710752967
54 1.03765968736
55 1.04248194748
56 1.06143263412
57 1.04020795322
58 1.04847475834
59 1.04081657777
60 1.06153708083
61 1.05123211911
62 1.04580020789
63 1.05158665057
64 1.04574405781
65 1.04744812371
66 1.05198372493
67 1.03606548565
68 1.03648759327
69 1.05384256277
70 1.06138521853
71 1.0563766337
72 1.04593996792
73 1.04776204728
74 1.04201359277
75 1.06159911497
76 1.05917275458
77 1.04938910381
78 1.03294093202
79 1.0500629706
80 1.04757678308
81 1.04790793179
82 1.06108637717
83 1.06093227986
84 1.04971234566
85 1.04567713702
86 1.02582556177
87 1.04525922375
88 1.04891774254
89 1.05234368593
90 1.04128975059
91 1.04979409306
92 1.04492056309
93 1.0466415683
94 1.03858051057
95 1.04698563955
96 1.02799782188
97 1.04768330876
98 1.05735362583
99 1.02530323929
100 1.04307984762
101 1.04398186707
102 1.05044307733
103 1.05716658731
104 1.06716256124
105 1.05517936724
106 1.05523268079
107 1.04544024604
108 1.04127190992
109 1.0372679748
110 1.05210428798
111 1.04743745439
112 1.05035188196
113 1.07319533115
114 1.05092496019
115 1.04524975191
116 1.04209730903
117 1.04860791646
118 1.04975597322
119 1.02642448048
120 1.05684807464
121 1.04390542501
122 1.03183475406
123 1.03092422438
124 1.06145433208
125 1.05476123887
126 1.05584112445
127 1.07256916209
128 1.05095694086
129 1.05070320249
130 1.04677206719
131 1.04802711713
132 1.06183671551
133 1.04470868144
134 1.05311803583
135 1.05468291995
136 1.05006355014
137 1.057055593
138 1.07825422725
139 1.03538340695
140 1.0444561528
141 1.04390755867
142 1.04712467515
143 1.04780802228
144 1.02942335004
145 1.04443879879
146 1.04388610409
147 1.05112944142
148 1.02929559369
149 1.04235079335
150 1.05614351956
151 1.05947218543
152 1.0306375881
153 1.04616273177
154 1.05294086235
155 1.03422729663
156 1.0350083737
157 1.0524446855
158 1.06132731144
159 1.04993369484
160 1.02059454402
161 1.07680125974
162 1.05555432272
163 1.04737974167
164 1.03585115256
165 1.03793549596
166 1.0229472424
167 1.05079361689
168 1.03688852322
169 1.05218114723
170 1.04584302127
171 1.03788353014
172 1.05003997575
173 1.0356940019
174 1.05999776644
175 1.05789202675
176 1.02214944258
177 1.05230846352
178 1.06169618911
179 1.02661165447
180 1.02604085679
181 1.05701347194
182 1.05379154535
183 1.04163945589
184 1.05847531047
185 1.0472892954
186 1.065778475
187 1.04148279998
188 1.0503265873
189 1.02027977444
190 1.03990076713
191 1.03608641701
192 1.05374106746
193 1.03972290166
194 1.05478262906
195 1.05684807464
196 1.03874883469
197 1.04375933049
198 1.05684807464
199 1.03592190049
200 1.04223237641
201 1.02302589674
202 1.07243188442
203 1.0553211199
204 1.05481994565
205 1.05983362736
206 1.06110848287
207 1.0584369579
208 1.02802565098
209 1.05555432272
210 1.04304571494
211 1.02267206719
212 1.06077835641
213 1.02161264927
214 1.02850287485
215 1.07493239309
216 1.04980185895
217 1.05154417997
218 1.02737603978
219 1.06334294067
220 1.04626494915
221 1.04702722834
222 1.05361126917
223 1.03581004459
224 1.03194375729
225 1.03504003454
226 1.04088884135
227 1.05185338826
228 1.04326407799
229 1.04378839724
230 1.05522804546
231 1.03006105105
232 1.02891285859
233 1.02564668371
234 1.04087109684
235 1.05059372555
236 1.04979426918
237 1.03852613959
238 1.03454507608
239 1.04850968089
240 1.04853055093
241 1.02945088938
242 1.05347734429
243 1.0528258907
244 1.02815041925
245 1.05788456299
246 1.02582658279
247 1.05542825892
248 1.05348470784
249 1.054286809
250 1.04792345453
251 1.03554700795
252 1.0528258907
253 1.0508988992
254 1.04850197311
255 1.04056253961
256 1.04981909117
257 1.02758657937
258 1.03602587749
259 1.05272265393
260 1.05178523676
261 1.04014058475
262 1.03743891937
263 1.0450091776
264 1.05232470086
265 1.04220921962
266 1.03329655423
267 1.05272265393
268 1.03848898708
269 1.0427822784
270 1.02336337397
271 1.04301863963
272 1.02338939089
273 1.04760346924
274 1.03742348721
275 1.04744212796
276 1.03927175774
277 1.05788456299
278 1.04746480101
279 1.02325595884
280 1.04496618071
281 1.07405941523
282 1.04490722409
283 1.07540234009
284 1.07261048656
285 1.07235292469
286 1.07529985547
287 1.07864086187
288 1.07319533115
289 1.07533975921
290 1.07429314365
291 1.07399264584
292 1.04783460146
293 1.05272265393
294 1.05705455394
295 1.06820502473
296 1.06682856391
297 1.07864086187
298 1.0721174556
299 1.07726423681
300 1.07786210921
301 1.07203323521
302 1.07775111882
303 1.07219536875
304 1.07775111882
305 1.05010091173
306 1.03662012372
307 1.07738779741
308 1.07724295857
309 1.07072474613
310 1.07023565183
311 1.06484163748
312 1.06514209291
313 1.06657188439
314 1.05319234685
315 1.05472294015
316 1.06357451809
317 1.05273967842
318 1.06143216201
319 1.03121858508
320 1.06649228151
321 1.06690820795
322 1.0394715646
323 1.05345570248
324 1.04576148517
325 1.07009058763
326 1.06824852843
327 1.05370796616
328 1.05485270769
329 1.04351185564
330 1.06377842671
331 1.05421198934
332 1.06063972314
333 1.0500323248
334 1.06365133756
335 1.04141415083
336 1.06941980102
337 1.04590944328
338 1.04293764702
339 1.04207191139
340 1.04997451214
341 1.02921191954
342 1.059543381
343 1.04164950541
344 1.03601442443
345 1.04214025794
346 1.02686266119
347 1.05887610344
348 1.04087800814
349 1.06330132314
350 1.034688442
351 1.03317403913
352 1.04523427701
353 1.04539079078
354 1.04135908922
355 1.04504825696
356 1.04562849148
357 1.03914417071
358 1.03651111204
359 1.03404717021
360 1.04103940993
361 1.05460517425
362 1.034087037
363 1.03202632286
364 1.02952312834
365 1.04638879694
366 1.0306843233
367 1.03112346508
368 1.05248442608
369 1.0560894269
370 1.05286903994
371 1.02938622968
372 1.05058221538
373 1.03018066408
374 1.03014518663
375 1.02417764147
376 1.02414388339
377 1.05553987927
378 1.03802680546
379 1.05526013926
380 1.03115216368
381 1.06535512975
382 1.0481128406
383 1.02577785343
384 1.02683209836
385 1.02487305646
386 1.03324748744
387 1.0252441939
388 1.02566912912
389 1.0307403256
390 1.02450654506
391 1.02600227195
392 1.05397200145
393 1.042103185
394 1.02556271779
395 1.02256234354
396 1.0407717214
397 1.02557418263
398 1.02256412988
399 1.02608566264
400 1.04424595093
401 1.03544628943
402 1.05619052318
403 1.02584927629
404 1.03472972789
405 1.03291799628
406 1.02325687683
407 1.02293718198
408 1.06275906774
409 1.02293316917
410 1.02141636391
411 1.02253552146
412 1.02252494754
413 1.0437109916
414 1.03413392163
415 1.04287657088
416 1.02366333851
417 1.02366687075
418 1.0655832102
419 1.04768250407
420 1.01909670654
421 1.04279842075
422 1.03461675051
423 1.02272200213
424 1.04556245312
425 1.0548217028
426 1.04417329682
427 1.0529002657
428 1.02273256844
429 1.02468776991
430 1.02270693396
431 1.02277902138
432 1.02220471294
433 1.02463895956
434 1.02684490696
435 1.0440021992
436 1.04537508654
437 1.02154458029
438 1.0216516469
439 1.02271338875
440 1.02300643422
441 1.04294977254
442 1.02143910073
443 1.02027685754
444 1.0240267451
445 1.02489595335
446 1.04115891342
447 1.02261619019
448 1.05341180089
449 1.03075715916
450 1.02350962199
451 1.04397861162
452 1.04817174348
453 1.02397129622
454 1.02379085237
455 1.02558029336
456 1.02309697998
457 1.02864543158
458 1.03036123798
459 1.02915046341
460 1.02027977444
461 1.04492072273
462 1.05074641689
463 1.0478490099
464 1.05758237057
465 1.05273967842
466 1.06263784231
467 1.05702626054
468 1.03094662177
469 1.05448207778
470 1.04812840491
471 1.04523415969
472 1.02470553552
473 1.03241116055
474 1.02617806338
475 1.03313734313
476 1.03137393361
477 1.03579521865
478 1.03605875408
479 1.03669956086
480 1.03905572228
481 1.03932375486
482 1.03496529724
483 1.04469884866
484 1.03278068314
485 1.04438099549
486 1.03204707248
487 1.03748585203
488 1.03868659613
489 1.03881678847
490 1.04396694925
491 1.04058142663
492 1.03957453345
493 1.04919411547
494 1.04635931039
495 1.03460761625
496 1.04251780608
497 1.04318804548
498 1.04287604871
499 1.04356520587
500 1.04607880989
501 1.03737583197
502 1.04169182122
503 1.04647171663
504 1.04640751987
505 1.04823666895
506 1.0480290582
507 1.05224256758
508 1.04973497363
509 1.03487847515
510 1.03694458967
511 1.04823297045
512 1.05112430413
513 1.04528662458
514 1.05281444755
515 1.05036086824
516 1.05319599475
517 1.05325908755
518 1.06495246137
519 1.06439399568
520 1.06216828742
521 1.05646477053
522 1.04489243061
523 1.06392593207
524 1.04424197166
525 1.06643132534
526 1.04362642402
527 1.06232510188
528 1.03667847998
529 1.06484478432
530 1.05747213262
531 1.03781122667
532 1.05834301971
533 1.04385993998
534 1.05276446895
535 1.04461114036
536 1.07066575069
537 1.0234529135
538 1.05488658762
539 1.0553714109
540 1.07377512604
541 1.07333957224
542 1.07422869941
543 1.04714719526
544 1.07360481867
545 1.07409262264
546 1.07973758009
547 1.08363919519
548 1.08199413192
549 1.08225362446
550 1.08363919519
551 1.07989143217
552 1.07627278613
553 1.07627278613
554 1.07615302374
555 1.07619861636
556 1.07978315909
557 1.07983089688
558 1.08046000683
559 1.08055644102
560 1.07452281758
561 1.07452281758
562 1.0798482124
563 1.07627278613
564 1.07640493665
565 1.07632451235
566 1.07524912668
567 1.07587953677
568 1.08147225607
569 1.08122014412
570 1.07176398377
571 1.07131989434
572 1.07782242845
573 1.07300471742
574 1.06270381021
575 1.07782242845
576 1.07339408488
577 1.07856876882
578 1.07842963361
579 1.07322750113
580 1.07636698654
581 1.06239623648
582 1.06193956273
583 1.06467751333
584 1.04545533484
585 1.06571975944
586 1.0660751162
587 1.05477344886
588 1.05498463985
589 1.04489405531
590 1.05778163455
591 1.0523199126
592 1.0625824482
593 1.05388506266
594 1.04952209768
595 1.05436121876
596 1.05236198468
597 1.04986923665
598 1.05156481221
599 1.05046393855
600 1.04302795829
601 1.05025621793
602 1.05392553842
603 1.03509650314
604 1.05165451071
605 1.0568358518
606 1.0409379664
607 1.03680591394
608 1.05129651925
609 1.05258128945
610 1.04742877105
611 1.03774090904
612 1.04734613188
613 1.05423772994
614 1.05578790084
615 1.04481710252
616 1.04628430939
617 1.05844269355
618 1.05199556334
619 1.05559157093
620 1.05849418587
621 1.04439597942
622 1.05546896491
623 1.05230633807
624 1.03838005059
625 1.02778365424
626 1.03511088643
627 1.02465473471
628 1.02442562869
629 1.04842484023
630 1.05559215067
631 1.05923324192
632 1.0709709607
633 1.0783823403
634 1.04686452047
635 1.03510394101
636 1.03146367506
637 1.04274543914
638 1.04364947052
639 1.06286336105
640 1.04847854981
641 1.04317698186
642 1.02267397338
643 1.05131482046
644 1.05934802647
645 1.06189789143
646 1.06238863057
647 1.05886495773
648 1.0337415339
649 1.07258419864
650 1.07256846963
651 1.0460611434
652 1.06178211888
653 1.04795154148
654 1.03349010303
655 1.0275906525
656 1.02882691178
657 1.05769439252
658 1.02990828674
659 1.02921455613
660 1.05030442602
661 1.02843146289
662 1.02865880956
663 1.06165070878
664 1.03492927269
665 1.04388180764
666 1.03299502738
667 1.03165876628
668 1.03214604219
669 1.06170739066
670 1.03596441334
671 1.0369859962
672 1.04577502511
673 1.03262664588
674 1.0436462281
675 1.04143035524
676 1.03445302017
677 1.04636259745
678 1.05673822554
679 1.05280547485
680 1.05062181002
681 1.03075224303
682 1.03502932916
683 1.04062523611
684 1.05779782092
685 1.05400046941
686 1.05325332117
687 1.0612708547
688 1.06049396258
689 1.0691579336
690 1.06804136599
691 1.06868652082
692 1.06825067021
693 1.06445506441
694 1.02067250675
695 1.0522535748
696 1.07331874152
697 1.07407810386
698 1.07367532713
699 1.07364724691
700 1.07250750481
701 1.07364724691
702 1.07669549353
703 1.07365177863
704 1.07485596929
705 1.07493352682
706 1.05788456299
707 1.07555674987
708 1.07322750113
709 1.07934767601
710 1.03360541541
711 1.02671862413
712 1.06759095499
713 1.06730535857
714 1.05656183324
715 1.04153291781
716 1.05764049261
717 1.04202885936
718 1.04158800976
719 1.05215596727
720 1.04646214826
721 1.03140343665
722 1.03096237226
723 1.0495616098
724 1.06687900441
725 1.03895015543
726 1.0385441576
727 1.04563875064
728 1.04755014463
729 1.05874444361
730 1.02850332555
731 1.05826422385
732 1.05387220947
733 1.03019164441
734 1.05613281377
735 1.05634998941
736 1.03650088959
737 1.03366839724
738 1.03478691715
739 1.03994873154
740 1.04399443474
741 1.05376443024
742 1.06622569323
743 1.06859063243
744 1.07117076423
745 1.0515760852
746 1.06643194061
747 1.0665421735
748 1.07813676202
749 1.07555674987
750 1.07943736279
751 1.07974461126
752 1.07322750113
753 1.06259561241
754 1.06248053294
755 1.07407190296
756 1.05898504276
757 1.05323463483
758 1.05422501022
759 1.04065944614
760 1.03559440034
761 1.03376886463
762 1.06264064405
763 1.03188096823
764 1.02770371059
765 1.02336743013
766 1.02536112741
767 1.02875520526
768 1.04434260885
769 1.04832010807
770 1.0564848557
771 1.045065708
772 1.03823342155
773 1.02856346879
774 1.04037099806
775 1.05563073702
776 1.03254391238
777 1.03671262667
778 1.03724085674
779 1.0409724449
780 1.03219290794
781 1.05506607097
782 1.06274259003
783 1.06329894648
784 1.06380787874
785 1.07818725052
786 1.07810594731
787 1.07531997042
788 1.07290430561
789 1.07229486807
790 1.07403176634
791 1.08044235811
792 1.08024311232
793 1.07974461126
794 1.06380588428
795 1.05038887786
796 1.0530815738
797 1.04165955579
798 1.0354016554
799 1.04145267853
800 1.03689923126
801 1.03872754253
802 1.08030195861
803 1.03271057724
804 1.0310473578
805 1.02840996044
806 1.02908113132
807 1.06483672602
808 1.05636656812
809 1.02523612282
810 1.0258491041
811 1.0246466257
812 1.02460513318
813 1.02438800274
814 1.02370210019
815 1.02552851649
816 1.02055544347
817 1.02819705365
818 1.03232623695
819 1.03081761658
820 1.03020589887
821 1.03328351635
822 1.03647994643
823 1.03672068957
824 1.03501681308
825 1.04338854328
826 1.03230209996
827 1.05880110874
828 1.04129205228
829 1.06498453407
830 1.05649585199
831 1.04154740781
832 1.07007360772
833 1.07531997042
834 1.06858259623
835 1.06737886283
836 1.07699178157
837 1.07690392796
838 1.08107939509
839 1.03845229775
840 1.06179637207
841 1.05523268079
842 1.03802981466
843 1.06258245075
844 1.04924247446
845 1.04791777542
846 1.0252352901
847 1.04549742801
848 1.05027166048
849 1.02968476685
850 1.03169741215
851 1.05592711292
852 1.03114493881
853 1.04265412301
854 1.0469932821
855 1.02664664352
856 1.03806721659
857 1.04314644634
858 1.01998891484
859 1.01998920031
860 1.06204716534
861 1.04978496402
862 1.04971720248
863 1.06874666092
864 1.06277406521
865 1.03229074695
866 1.03024769028
867 1.03107848883
868 1.03506509894
869 1.04374828409
870 1.02926199549
871 1.05281060584
872 1.05350683408
873 1.06970650929
874 1.06434989391
875 1.08015636404
876 1.06128460367
877 1.06150351048
878 1.05702502729
879 1.04838076623
880 1.03992363134
881 1.03574028513
882 1.03456688229
883 1.05535584864
884 1.02671850465
885 1.02016188284
886 1.05169670234
887 1.02194209356
888 1.02259272287
889 1.04721729343
890 1.05187792446
891 1.03596341165
892 1.03839798828
893 1.02264250665
894 1.05427928898
895 1.06496147781
896 1.07216640905
897 1.0756642798
898 1.0767220757
899 1.07825422725
900 1.04783128487
901 1.05788456299
902 1.04534129573
903 1.08116055865
904 1.06088985512
905 1.08091515027
906 1.06088985512
907 1.07931458333
908 1.06278735215
909 1.07946098535
910 1.05946012701
911 1.06389686917
912 1.02278743089
913 1.04913407367
914 1.03198232045
915 1.05379395371
916 1.05426382063
917 1.04980170865
918 1.04373422806
919 1.0391159742
920 1.05006378835
921 1.03416864769
922 1.06875886117
923 1.03475688499
924 1.03404295977
925 1.03047285271
926 1.03156344846
927 1.03174215878
928 1.0234008485
929 1.02304338907
930 1.02331384261
931 1.0271404514
932 1.02644931111
933 1.02298820711
934 1.0177433731
935 1.01777499651
936 1.02212863958
937 1.02466804719
938 1.02491905253
939 1.02171634677
940 1.02442945238
941 1.02356885379
942 1.02205040404
943 1.02272062939
944 1.02200323865
945 1.02553615497
946 1.04672411624
947 1.02264650781
948 1.03164717951
949 1.03329213829
950 1.03373295357
951 1.03452112551
952 1.03252153675
953 1.03352581455
954 1.03574835684
955 1.03145394294
956 1.04056903698
957 1.05654892519
958 1.05904622476
959 1.04170490567
960 1.05234306929
961 1.05518374473
962 1.05323158496
963 1.05419419521
964 1.04049389144
965 1.07623172336
966 1.07623172336
967 1.06977837403
968 1.0528258907
969 1.04938712172
970 1.05705981114
971 1.0508118347
972 1.05451221749
973 1.06597499145
974 1.06587559038
975 1.05705455394
976 1.032036515
977 1.05176157284
978 1.03908024947
979 1.06350098711
980 1.05189371495
981 1.03600097718
982 1.06587269844
983 1.03804540846
984 1.0389618124
985 1.04598275663
986 1.0512071822
987 1.05410510455
988 1.04646252593
989 1.04234482831
990 1.0271854414
991 1.05627069237
992 1.03230413258
993 1.05310271502
994 1.04976490845
995 1.02214811775
996 1.05166010508
997 1.05495024303
998 1.04752584595
999 1.03640346514
1000 1.02229181276
1001 1.05123409112
1002 1.05529960477
1003 1.05116768886
1004 1.04666950908
1005 1.05274707788
1006 1.04582484918
1007 1.04633176314
1008 1.03028240541
1009 1.0473662369
1010 1.04489545279
1011 1.04435669545
1012 1.05762635015
1013 1.04977987382
1014 1.04767758216
1015 1.05077958782
1016 1.04903379693
1017 1.04940685958
1018 1.0441302388
1019 1.05214090463
1020 1.03047461535
1021 1.04322873823
1022 1.02612846951
1023 1.04883154363
1024 1.07021870093
1025 1.04281486535
1026 1.04175173778
1027 1.03797001379
1028 1.03410501549
1029 1.0341167358
1030 1.05210489632
1031 1.04792429748
1032 1.04849767964
1033 1.05259946196
1034 1.04998145243
1035 1.04973628155
1036 1.03196584962
1037 1.05617250235
1038 1.05036146366
1039 1.04757455356
1040 1.05280828491
1041 1.05262808289
1042 1.05159946227
1043 1.06250223163
1044 1.04859982077
1045 1.0372460093
1046 1.03741963249
1047 1.05256941119
1048 1.0370352265
1049 1.04781400658
1050 1.06342602427
1051 1.02527913329
1052 1.05080130827
1053 1.06088985512
1054 1.04596498725
1055 1.05762637066
1056 1.05585335623
1057 1.05630298383
1058 1.02172854049
1059 1.05093461383
1060 1.05127107832
1061 1.04063068208
1062 1.05742921656
1063 1.05085513375
1064 1.04361542711
1065 1.0527043675
1066 1.04030096304
1067 1.05319754957
1068 1.05321555436
1069 1.05134102359
1070 1.05432437659
1071 1.05387266751
1072 1.05448673655
1073 1.04960970833
1074 1.05600203207
1075 1.03239505315
1076 1.04438786553
1077 1.04555852647
1078 1.04524172663
1079 1.03157127687
1080 1.03570906772
1081 1.05047111753
1082 1.04873525425
1083 1.04489679242
1084 1.04226467979
1085 1.07468430453
1086 1.04608621958
1087 1.04018056964
1088 1.07435482356
1089 1.04515756779
1090 1.03437251929
1091 1.03500624607
1092 1.04402472421
1093 1.04463337246
1094 1.07423156206
1095 1.07412434266
1096 1.04363949936
1097 1.07230470318
1098 1.0574235607
1099 1.04946996893
1100 1.04315620441
1101 1.05539284729
1102 1.04710321665
1103 1.04615693939
1104 1.05586603449
1105 1.07075519943
1106 1.05866271729
1107 1.06834367278
1108 1.05626596112
1109 1.0600005474
1110 1.06015940546
1111 1.05869034886
1112 1.04460289449
1113 1.05603862273
1114 1.04512338029
1115 1.06513473663
1116 1.05247857358
1117 1.06178059315
1118 1.0665155819
1119 1.0557326984
1120 1.07326614939
1121 1.06607327207
1122 1.06610396767
1123 1.10120735225
1124 1.06002535616
1125 1.05881172235
1126 1.07353051606
1127 1.0679006831
1128 1.04197744384
1129 1.04289819718
1130 1.0595717389
1131 1.06541029245
1132 1.06069349539
1133 1.07214982417
1134 1.06340326459
1135 1.0656650472
1136 1.04107518451
1137 1.03957067203
1138 1.05010676802
1139 1.08029346818
1140 1.03798392533
1141 1.04204774379
1142 1.03600538351
1143 1.02809235779
1144 1.02751491047
1145 1.02372376841
1146 1.05792079265
1147 1.04465156668
1148 1.0500563898
1149 1.05782196551
1150 1.057129756
1151 1.05779095196
1152 1.07267000688
1153 1.05002623297
1154 1.05538145504
1155 1.04060566265
1156 1.0541343984
1157 1.05850783739
1158 1.06261862816
1159 1.04300387688
1160 1.05806882732
1161 1.05700897081
1162 1.05777495133
1163 1.04373337636
1164 1.04502197219
1165 1.03775138637
1166 1.07073752915
1167 1.05235567648
1168 1.06451914282
1169 1.0557178508
1170 1.03469566072
1171 1.06238895804
1172 1.05540856851
1173 1.05799763578
1174 1.06386082883
1175 1.03795024486
1176 1.02906245344
1177 1.05298260928
1178 1.04948824861
1179 1.0618468955
1180 1.04121205277
1181 1.04705105304
1182 1.04177569564
1183 1.05335188605
1184 1.03251400087
1185 1.03733535936
1186 1.0481695078
1187 1.05537784045
1188 1.04743405074
1189 1.05519151106
1190 1.06191954218
1191 1.06604754065
1192 1.06001744135
1193 1.07609635322
1194 1.0469121949
1195 1.05867404024
1196 1.03370703447
1197 1.05384296427
1198 1.05997421465
1199 1.07568949727
1200 1.06669652778
1201 1.05615721909
1202 1.04883573202
1203 1.05484327912
1204 1.05347150659
1205 1.05396094481
1206 1.05738469479
1207 1.04676798297
1208 1.05895421922
1209 1.03145085226
1210 1.04420355541
1211 1.04271632796
1212 1.06109514086
1213 1.05530708559
1214 1.0547485886
1215 1.05777200008
1216 1.04182388449
1217 1.03161986813
1218 1.04982355742
1219 1.05369492302
1220 1.05404240153
1221 1.04213937127
1222 1.05370443433
1223 1.0492298788
1224 1.06000153825
1225 1.05771716763
1226 1.04701969784
1227 1.04506833335
1228 1.04582130974
1229 1.04743867779
1230 1.04815259756
1231 1.06128460367
1232 1.06703446892
1233 1.06034522392
1234 1.0699641759
1235 1.07724185183
1236 1.05782338059
1237 1.05728942866
1238 1.05255983256
1239 1.05749605283
1240 1.03206387861
1241 1.06258114205
1242 1.0796855492
1243 1.03878928381
1244 1.04733641405
1245 1.07107679151
1246 1.07524549888
1247 1.05864562509
1248 1.06561433668
1249 1.0651681444
1250 1.05739112029
1251 1.0564957639
1252 1.05869278313
1253 1.06486780478
1254 1.05493011711
1255 1.05674088068
1256 1.05491696398
1257 1.05661852373
1258 1.06039170386
1259 1.05005645822
1260 1.04736225306
1261 1.04240604002
1262 1.03214658983
1263 1.04458389312
1264 1.05017199124
1265 1.0493276422
1266 1.05846392171
1267 1.02538109558
1268 1.05319207857
1269 1.04329676412
1270 1.03979127669
1271 1.03539775187
1272 1.06066701371
1273 1.02525727817
1274 1.02161571399
1275 1.04710785534
1276 1.04264805224
1277 1.03761063833
1278 1.05440053094
1279 1.04166809192
1280 1.03874608373
1281 1.0484020692
1282 1.04952813867
1283 1.0365314218
1284 1.05338695143
1285 1.03163194581
1286 1.054688398
1287 1.05243939261
1288 1.04920692619
1289 1.03738772168
1290 1.04788409794
1291 1.03281048412
1292 1.04068430344
1293 1.04514881626
1294 1.02629553641
1295 1.02562686977
1296 1.04620080651
1297 1.0340064137
1298 1.04107336893
1299 1.04906398323
1300 1.02672620178
1301 1.03206030979
1302 1.0461517593
1303 1.05671850577
1304 1.0468141412
1305 1.02141423752
1306 1.05037201108
1307 1.02609339808
1308 1.02467533272
1309 1.05583304578
1310 1.06221459592
1311 1.03209257985
1312 1.04870115583
1313 1.04973829287
1314 1.04779891658
1315 1.05095891496
1316 1.05634998941
1317 1.04738390824
1318 1.04728821161
1319 1.02550706561
1320 1.07035904823
1321 1.02845408867
1322 1.02416327101
1323 1.03051356624
1324 1.02468079361
1325 1.03089882646
1326 1.02398443136
1327 1.05503005634
1328 1.05634998941
1329 1.02843978758
1330 1.03323937927
1331 1.03920825658
1332 1.05477702052
1333 1.02357998267
1334 1.04271035819
1335 1.02501784023
1336 1.0333628682
1337 1.03120305476
1338 1.03159146001
1339 1.03121670268
1340 1.04744209876
1341 1.02935033275
1342 1.05126656823
1343 1.05445768492
1344 1.06072584021
1345 1.04273385418
1346 1.05610103549
1347 1.03576068763
1348 1.04175437754
1349 1.02617033654
1350 1.03314578479
1351 1.07102256562
1352 1.05667482309
1353 1.03666472922
1354 1.05204678072
1355 1.03537769487
1356 1.04126286812
1357 1.03935307005
1358 1.0572872093
1359 1.05121465142
1360 1.04159427087
1361 1.05580887863
1362 1.02610527395
1363 1.05785207378
1364 1.03964970343
1365 1.04429731328
1366 1.038928787
1367 1.04769715451
1368 1.04503075766
1369 1.04124865607
1370 1.06281763465
1371 1.05220913277
1372 1.05008926631
1373 1.03453408311
1374 1.04836471859
1375 1.04919379125
1376 1.05773042499
1377 1.0509395434
1378 1.05608941434
1379 1.05143023097
1380 1.05449050013
1381 1.06261459898
1382 1.04834886533
1383 1.04342836294
1384 1.04384336375
1385 1.06350544934
1386 1.06453321361
1387 1.06462083135
1388 1.07551086559
1389 1.05103547572
1390 1.05884350698
1391 1.0428622169
1392 1.04724608087
1393 1.05061570081
1394 1.0510788853
1395 1.04530365402
1396 1.05199117821
1397 1.05209635941
1398 1.05446201335
1399 1.03836420439
1400 1.03805280134
1401 1.06129205371
1402 1.02554154816
1403 1.05881765581
1404 1.06828500702
1405 1.06071822675
1406 1.0684528182
1407 1.06034589331
1408 1.06505846103
1409 1.04106028672
1410 1.04631575435
1411 1.05978675477
1412 1.04291348299
1413 1.03952841836
1414 1.03908431009
1415 1.0578152851
1416 1.05566193859
1417 1.05212997418
1418 1.05053001131
1419 1.02610031518
1420 1.05322638998
1421 1.04539199717
1422 1.05315512907
1423 1.06147941152
1424 1.04176755755
1425 1.06341360315
1426 1.04091666023
1427 1.06635112575
1428 1.04577674944
1429 1.0446257162
1430 1.05997265077
1431 1.04168445623
1432 1.04864822897
1433 1.06317589093
1434 1.04306500871
1435 1.05448796025
1436 1.03408799205
1437 1.0427290707
1438 1.04962769854
1439 1.05639818481
1440 1.03678258679
1441 1.04180077734
1442 1.0387828005
1443 1.02807263793
1444 1.05292574817
1445 1.06388915199
1446 1.03886919205
1447 1.05962504399
1448 1.06061040744
1449 1.04853652809
1450 1.05047366132
1451 1.05723260826
1452 1.05253460332
1453 1.07702216265
1454 1.02155447565
1455 1.05592696516
1456 1.07741789895
1457 1.05356196917
1458 1.0434624226
1459 1.04356667402
1460 1.02313306388
1461 1.03988035246
1462 1.05457632438
1463 1.05273116226
1464 1.06062602281
1465 1.06232756353
1466 1.02273162738
1467 1.06053258217
1468 1.03516212359
1469 1.04483407667
1470 1.05081640628
1471 1.05093584266
1472 1.05496933713
1473 1.04662143795
1474 1.05071872527
1475 1.03739581573
1476 1.04888837193
1477 1.05570987517
1478 1.05359960163
1479 1.0513635311
1480 1.04724106998
1481 1.05421128405
1482 1.06129538095
1483 1.06947786825
1484 1.05763348572
1485 1.06416088866
1486 1.05337384621
1487 1.06003113957
1488 1.04540682459
1489 1.04505925042
1490 1.0637094894
1491 1.07863781717
1492 1.05888754735
1493 1.06945161506
1494 1.03553933895
1495 1.07003540639
1496 1.0525078128
1497 1.063159401
1498 1.03869706076
1499 1.05321598322
1500 1.0454265711
1501 1.04372371009
1502 1.05066337509
1503 1.03825864506
1504 1.04646476876
1505 1.0415370569
1506 1.03959367957
1507 1.04676094982
1508 1.04742150556
1509 1.0478513884
1510 1.03755413261
1511 1.04126588149
1512 1.03842950664
1513 1.04339385827
1514 1.04192172951
1515 1.04866575891
1516 1.05653334167
1517 1.0429314307
1518 1.04431418377
1519 1.05328775023
1520 1.05324838999
1521 1.07543721719
1522 1.04488287667
1523 1.05713452511
1524 1.05997063308
1525 1.05877912114
1526 1.0491247093
1527 1.03983253132
1528 1.05100940313
1529 1.0582874055
1530 1.03465194959
1531 1.03334817499
1532 1.02934921365
1533 1.06103187293
1534 1.04843646217
1535 1.01892795748
1536 1.02295049398
1537 1.02320795902
1538 1.05474689241
1539 1.050600068
1540 1.05485247668
1541 1.07304132132
1542 1.06015252089
1543 1.05483240528
1544 1.05197242182
1545 1.03758246069
1546 1.02014436223
1547 1.05297331492
1548 1.0587128
1549 1.02444977444
1550 1.05644046762
1551 1.02282952988
1552 1.05105399672
1553 1.05463151351
1554 1.02341652431
1555 1.03670726594
1556 1.05239266805
1557 1.02335820482
1558 1.02527837769
1559 1.03427523625
1560 1.02093731746
1561 1.03461589799
1562 1.03524551546
1563 1.03378489574
1564 1.06452982861
1565 1.0487898797
1566 1.04198161365
1567 1.03324736095
1568 1.03782292596
1569 1.05068706977
1570 1.03796946413
1571 1.02011311212
1572 1.03463732373
1573 1.04835131755
1574 1.04667583121
1575 1.03574588675
1576 1.01896252854
1577 1.05190850441
1578 1.0464287957
1579 1.05286399035
1580 1.08096054524
1581 1.05782867055
1582 1.0519194283
1583 1.02785937385
1584 1.03770004886
1585 1.02666971548
1586 1.02281450493
1587 1.0426314794
1588 1.02306437307
1589 1.0586336896
1590 1.05342791964
1591 1.02047614423
1592 1.05091562937
1593 1.05241022347
1594 1.06132530777
1595 1.05447717251
1596 1.02106951298
1597 1.0580391133
1598 1.05836020926
1599 1.05300816953
1600 1.05055999795
1601 1.04550635418
1602 1.05563212076
1603 1.04100060752
1604 1.05451089801
1605 1.05379589272
1606 1.04382135945
1607 1.04408932295
1608 1.03873774142
1609 1.05044305248
1610 1.03435805212
1611 1.05126964833
1612 1.03878226729
1613 1.05685526198
1614 1.04927709327
1615 1.06541078539
1616 1.05734577484
1617 1.06462214377
1618 1.04686685243
1619 1.04858971821
1620 1.02364510733
1621 1.05351916911
1622 1.04893610492
1623 1.04355240638
1624 1.05017388951
1625 1.0392709563
1626 1.03696218605
1627 1.02772417186
1628 1.03295101203
1629 1.03917367264
1630 1.03145637479
1631 1.02337392316
1632 1.02310239021
1633 1.02339957092
1634 1.03432874158
1635 1.03594055354
1636 1.02289018714
1637 1.02438988157
1638 1.02669666029
1639 1.02484394065
1640 1.03833968879
1641 1.04334064758
1642 1.0462550548
1643 1.02459502505
1644 1.04783375378
1645 1.05613658825
1646 1.04721278612
1647 1.03456035988
1648 1.04423469229
1649 1.04853991699
1650 1.03704821556
1651 1.04718005098
1652 1.03435424836
1653 1.05509440225
1654 1.04483973156
1655 1.03288233992
1656 1.0574693163
1657 1.0531064814
1658 1.05735852871
1659 1.04028326463
1660 1.04905549248
1661 1.05803310249
1662 1.0578656315
1663 1.05621752668
1664 1.06293275654
1665 1.04077521779
1666 1.05228006309
1667 1.04327159022
1668 1.03717823324
1669 1.05713107171
1670 1.0485450047
1671 1.07467180843
1672 1.03667148289
1673 1.03780354016
1674 1.02926339711
1675 1.04655490183
1676 1.02643807389
1677 1.06068242947
1678 1.02368046739
1679 1.03524136966
1680 1.04946591284
1681 1.04508563058
1682 1.04290546812
1683 1.0564566842
1684 1.06224484948
1685 1.0516072251
1686 1.0512522209
1687 1.05106355969
1688 1.05580251021
1689 1.04351208732
1690 1.04479507912
1691 1.05680926367
1692 1.03460525817
1693 1.04444742386
1694 1.04859400027
1695 1.04778691256
1696 1.03167122997
1697 1.04707982039
1698 1.04222750863
1699 1.0526409301
1700 1.04351953883
1701 1.04716216326
1702 1.05460338358
1703 1.04826410614
1704 1.05885621928
1705 1.03163011632
1706 1.04763835275
1707 1.05820968474
1708 1.03625905691
1709 1.04703253239
1710 1.05217268603
1711 1.04743553972
1712 1.05311303591
1713 1.05159548684
1714 1.03531057557
1715 1.05428818238
1716 1.05260824641
1717 1.03352576745
1718 1.05020738046
1719 1.05526809903
1720 1.03367307249
1721 1.04227417002
1722 1.04728358977
1723 1.0555113381
1724 1.04250467821
1725 1.03726827144
1726 1.06087669247
1727 1.05632687013
1728 1.03353799348
1729 1.05950057667
1730 1.03371671957
1731 1.03977173244
1732 1.0506279299
1733 1.06251844889
1734 1.06290595156
1735 1.0559055106
1736 1.05208897925
1737 1.04717168026
1738 1.04665274314
1739 1.0561619933
1740 1.05523329144
1741 1.05386107263
1742 1.05453159402
1743 1.04360350545
1744 1.06288498347
1745 1.04889533767
1746 1.05296435143
1747 1.04563868978
1748 1.04202625836
1749 1.05953068405
1750 1.04510735793
1751 1.01756360049
1752 1.0511145893
1753 1.04767014524
1754 1.02945032929
1755 1.02916132932
1756 1.03770074855
1757 1.06677375724
1758 1.05963937458
1759 1.05935389551
1760 1.0602958087
1761 1.06372177099
1762 1.04953876186
1763 1.04550545441
1764 1.03369935921
1765 1.04888130597
1766 1.045914186
1767 1.04050985621
1768 1.06353981644
1769 1.05743795616
1770 1.06103709775
1771 1.05428819769
1772 1.07779966885
1773 1.05200745602
1774 1.04693322489
1775 1.05498959462
1776 1.05317292888
1777 1.05455941242
1778 1.07738603748
1779 1.05340493089
1780 1.07551093944
1781 1.03748888554
1782 1.07190354933
1783 1.0358189055
1784 1.05026237167
1785 1.0559575164
1786 1.07703790537
1787 1.03578352888
1788 1.04370679076
1789 1.0515839025
1790 1.05832716191
1791 1.05572053416
1792 1.04422069215
1793 1.05119330288
1794 1.07524014002
1795 1.05705402187
1796 1.08032446856
1797 1.04675664429
1798 1.04992228159
1799 1.0289480145
1800 1.04305863265
1801 1.03926477284
1802 1.04783665891
1803 1.05393638778
1804 1.04705645295
1805 1.0302337718
1806 1.04910645563
1807 1.04474779943
1808 1.04805768107
1809 1.04022629068
1810 1.05273249776
1811 1.03785173776
1812 1.04983498578
1813 1.03721442388
1814 1.0756642798
1815 1.05258718292
1816 1.05204810093
1817 1.06808555182
1818 1.05962905016
1819 1.05483295093
1820 1.03722461669
1821 1.05569640022
1822 1.03854281404
1823 1.04578399756
1824 1.03841654365
1825 1.02370766211
1826 1.05726751613
1827 1.05048520328
1828 1.04161512196
1829 1.04307605196
1830 1.04601013502
1831 1.04396733055
1832 1.04385648214
1833 1.0574295836
1834 1.05181648356
1835 1.04547181694
1836 1.04084126074
1837 1.07189337924
1838 1.03217903659
1839 1.04593703224
1840 1.06102891525
1841 1.06262449442
1842 1.0362521411
1843 1.03861035625
1844 1.03750441126
1845 1.04108368378
1846 1.03686361143
1847 1.02809224219
1848 1.02475932917
1849 1.05653660499
1850 1.06228027848
1851 1.0497107188
1852 1.06245887764
1853 1.05648796969
1854 1.03468370727
1855 1.04287642475
1856 1.0423079522
1857 1.03049315046
1858 1.03299036769
1859 1.05149193137
1860 1.05160152227
1861 1.0462673557
1862 1.05426950752
1863 1.05167127508
1864 1.04504826074
1865 1.04486962883
1866 1.04718931922
1867 1.04591209878
1868 1.05282332673
1869 1.03873413879
1870 1.06699460624
1871 1.03335476134
1872 1.06160642749
1873 1.05717830213
1874 1.04748836667
1875 1.02482221614
1876 1.03578511833
1877 1.03241324815
1878 1.05144512495
1879 1.04246783147
1880 1.0565721811
1881 1.03223994143
1882 1.08268757368
1883 1.05684807464
1884 1.0453587043
1885 1.04436434856
1886 1.03833489806
1887 1.05572797261
1888 1.04732743327
1889 1.02598367433
1890 1.03685633384
1891 1.06882512648
1892 1.02345445822
1893 1.04913544454
1894 1.05802180733
1895 1.04806293281
1896 1.08044031226
1897 1.05789766431
1898 1.04443397923
1899 1.04890091133
1900 1.03433489923
1901 1.05487278367
1902 1.06160768729
1903 1.05714796473
1904 1.06163694251
1905 1.05500358733
1906 1.04687191108
1907 1.04868131658
1908 1.0577509119
1909 1.05423940568
1910 1.05126609617
1911 1.05503241814
1912 1.05061375538
1913 1.05076105805
1914 1.03964685996
1915 1.0523354547
1916 1.05314913952
1917 1.04501274954
1918 1.04862492937
1919 1.05856788088
1920 1.05135550483
1921 1.04518701987
1922 1.03970121015
1923 1.04304870232
1924 1.05680018209
1925 1.05739223367
1926 1.057350181
1927 1.04298247494
1928 1.0441134257
1929 1.05510791742
1930 1.04968458811
1931 1.03384562352
1932 1.05697528244
1933 1.05144870379
1934 1.05227186611
1935 1.04436967963
1936 1.05118476006
1937 1.05978640149
1938 1.05446632307
1939 1.0381054492
1940 1.06064206702
1941 1.05768159407
1942 1.06686278639
1943 1.02609175995
1944 1.06026312954
1945 1.06054512609
1946 1.05744998362
1947 1.0413046108
1948 1.05028270368
1949 1.0564315562
1950 1.0543490797
1951 1.04097343567
1952 1.03879197312
1953 1.05238571157
1954 1.05829124246
1955 1.05499801999
1956 1.05375171064
1957 1.06082872561
1958 1.04052637382
1959 1.0237586285
1960 1.03731374512
1961 1.05139608947
1962 1.04859325289
1963 1.0450412117
1964 1.03492574744
1965 1.05352759963
1966 1.05510335071
1967 1.03660229405
1968 1.04716063289
1969 1.03941949804
1970 1.06887925449
1971 1.05150519122
1972 1.04858131815
1973 1.03945840095
1974 1.04126910906
1975 1.02588973184
1976 1.03262636059
1977 1.04938849145
1978 1.04332595563
1979 1.0423054869
1980 1.04260414641
1981 1.05397238624
1982 1.05281356134
1983 1.05339532314
1984 1.03907844305
1985 1.03573719324
1986 1.0502479346
1987 1.05441850185
1988 1.0385763561
1989 1.0320364509
1990 1.04583079927
1991 1.03653359882
1992 1.04425614457
1993 1.03246372056
1994 1.04617354194
1995 1.06655587724
1996 1.03465924594
1997 1.04788588198
1998 1.0275324799
1999 1.04450909628
2000 1.03080388984
2001 1.02581932119
2002 1.03565730508
2003 1.05453446771
2004 1.02967413197
2005 1.02858064276
2006 1.06153145696
2007 1.0477720587
2008 1.03629990193
2009 1.04911721842
2010 1.04240011157
2011 1.0390120763
2012 1.03065221614
2013 1.05144736928
2014 1.03855644769
2015 1.03524038334
2016 1.03495557682
2017 1.04564308662
2018 1.0328395816
2019 1.036480652
2020 1.0540459366
2021 1.04443899358
2022 1.05698958892
2023 1.06288191676
2024 1.05532941597
2025 1.03543659878
2026 1.04918594554
2027 1.02317867943
2028 1.04502136718
2029 1.04603467429
2030 1.04505225922
2031 1.04871071605
2032 1.03674006726
2033 1.03913323916
2034 1.04795079826
2035 1.04073200891
2036 1.03905407634
2037 1.05994533876
2038 1.04408905591
2039 1.04438663098
2040 1.05346185168
2041 1.04154842711
2042 1.03924180794
2043 1.0597022791
2044 1.03698913365
2045 1.05424724119
2046 1.05896224382
2047 1.05521772922
2048 1.0453957
2049 1.04988866029
2050 1.06215569776
2051 1.03958409508
2052 1.04037713235
2053 1.05922090721
2054 1.0644198877
2055 1.05337881589
2056 1.05743704396
2057 1.05126685222
2058 1.06084783054
2059 1.06153859412
2060 1.03812823895
2061 1.04048204926
2062 1.05358193902
2063 1.05420068674
2064 1.05107911136
2065 1.05868792161
2066 1.05232863424
2067 1.0502733152
2068 1.04885426711
2069 1.04644649677
2070 1.05945107582
2071 1.04382997609
2072 1.0669232947
2073 1.04524377194
2074 1.04820222825
2075 1.05684271243
2076 1.04571223339
2077 1.0448944032
2078 1.07793255382
2079 1.05049951018
2080 1.0595290525
2081 1.04843405636
2082 1.03958917878
2083 1.03823042637
2084 1.02257748117
2085 1.04787035086
2086 1.04619856261
2087 1.03621145297
2088 1.04897974106
2089 1.05905945244
2090 1.03838140866
2091 1.03855260454
2092 1.04711970458
2093 1.04063183599
2094 1.04362110971
2095 1.05611190656
2096 1.05068142249
2097 1.05913142662
2098 1.05226248418
2099 1.04752135148
2100 1.05228194497
2101 1.05247607774
2102 1.02466973305
2103 1.03589847056
2104 1.03900634612
2105 1.03676810743
2106 1.0225755035
2107 1.05185635105
2108 1.0372329258
2109 1.03920846248
2110 1.04176979033
2111 1.04023836781
2112 1.05209873666
2113 1.04413561965
2114 1.05357047613
2115 1.04880042414
2116 1.05190766564
2117 1.04265300633
2118 1.05241740029
2119 1.04797667785
2120 1.05262805066
2121 1.0500866015
2122 1.05400381977
2123 1.05548920002
2124 1.049183897
2125 1.06289565121
2126 1.05970419693
2127 1.05960984534
2128 1.04767191434
2129 1.06509595353
2130 1.06717451708
2131 1.05358653646
2132 1.04627770831
2133 1.04681738137
2134 1.05209899968
2135 1.04741899504
2136 1.03991262313
2137 1.05867673459
2138 1.04811060923
2139 1.0371245372
2140 1.04520435388
2141 1.05148327133
2142 1.04703558571
2143 1.0466628557
2144 1.05544670646
2145 1.05028253672
2146 1.05817191987
2147 1.03795644507
2148 1.04237445994
2149 1.03945207701
2150 1.03883347804
2151 1.04853381271
2152 1.06265302208
2153 1.0529274718
2154 1.03427733196
2155 1.03585631357
2156 1.03772668438
2157 1.02323682701
2158 1.03679994216
2159 1.03672922613
2160 1.04286638953
2161 1.03429852018
2162 1.05061263034
2163 1.04000407249
2164 1.04996325497
2165 1.04341158411
2166 1.04819317001
2167 1.03204422334
2168 1.04765017787
2169 1.04002856911
2170 1.04325852461
2171 1.03747922986
2172 1.04583091353
2173 1.04807665046
2174 1.04174081259
2175 1.03504771964
2176 1.04266203105
2177 1.04999476888
2178 1.05068073741
2179 1.04042707284
2180 1.05220128524
2181 1.05535326413
2182 1.04858443099
2183 1.04382480488
2184 1.04474505115
2185 1.03587380614
2186 1.03980690601
2187 1.05836113678
2188 1.05995339693
2189 1.0384815379
2190 1.05286567416
2191 1.06367501012
2192 1.05810141136
2193 1.04583792659
2194 1.02804113364
2195 1.04547567305
2196 1.03308321219
2197 1.03775317679
2198 1.02555532975
2199 1.04163419984
2200 1.03900284792
2201 1.04000409972
2202 1.04131012328
2203 1.04588339268
2204 1.02195845047
2205 1.03871335061
2206 1.0434408222
2207 1.05106139656
2208 1.05077292409
2209 1.03075989003
2210 1.05579091611
2211 1.0429669149
2212 1.04455669775
2213 1.03825176701
2214 1.04633665348
2215 1.05192281095
2216 1.04499149062
2217 1.04717576383
2218 1.04772822456
2219 1.04797902416
2220 1.04318717269
2221 1.03786886556
2222 1.03859931256
2223 1.02195665861
2224 1.04865772574
2225 1.05273967842
2226 1.02782370576
2227 1.05723282398
2228 1.06091305255
2229 1.03919879987
2230 1.02700260665
2231 1.04907120798
2232 1.0573672893
2233 1.04703558571
2234 1.05591379281
2235 1.05376212775
2236 1.04717577889
2237 1.04525977486
2238 1.04696908242
2239 1.06325038932
2240 1.03650158318
2241 1.06273931595
2242 1.05871789687
2243 1.05132244108
2244 1.05170655168
2245 1.05364129197
2246 1.05706923719
2247 1.05378201745
2248 1.05063511868
2249 1.04916104989
2250 1.04853336634
2251 1.02214892362
2252 1.05644014421
2253 1.04532329682
2254 1.05521193504
2255 1.04703558571
2256 1.03920364676
2257 1.04972392648
2258 1.04753864061
2259 1.02117254322
2260 1.04570177806
2261 1.03218785658
2262 1.03943503684
2263 1.04165047566
2264 1.04703558571
2265 1.04832801556
2266 1.03861484528
2267 1.05619814363
2268 1.04322922507
2269 1.02065452874
2270 1.07125844936
2271 1.06222462752
2272 1.05398133018
2273 1.04864261031
2274 1.05307839349
2275 1.05259167951
2276 1.05343627116
2277 1.04950609467
2278 1.05859609847
2279 1.0504334194
2280 1.05246500094
2281 1.05068554906
2282 1.05046953788
2283 1.04364513101
2284 1.04752393179
2285 1.05536281171
2286 1.05161656122
2287 1.04644860405
2288 1.05083288878
2289 1.03589816617
2290 1.04907548705
2291 1.02775251485
2292 1.03063406756
2293 1.05236389091
2294 1.02319819327
2295 1.02027977444
2296 1.04338909276
2297 1.05201731245
2298 1.05183931876
2299 1.0481171286
2300 1.04729713404
2301 1.05672267957
2302 1.04534831522
2303 1.05197433534
2304 1.04957550142
2305 1.04250573161
2306 1.05415851525
2307 1.04740940644
2308 1.05641974646
2309 1.05817060244
2310 1.0620783011
2311 1.05011061594
2312 1.05824175677
2313 1.04784686773
2314 1.04990873608
2315 1.06268510099
2316 1.04265752741
2317 1.06066541269
2318 1.05804122713
2319 1.05503786299
2320 1.04274558281
2321 1.05016351271
2322 1.0382614552
2323 1.04634626983
2324 1.04791462626
2325 1.05065509394
2326 1.07062379986
2327 1.04849748462
2328 1.05308197685
2329 1.04618863385
2330 1.04548291068
2331 1.04741945576
2332 1.05381551671
2333 1.03340485766
2334 1.04879922614
2335 1.04859200268
2336 1.04518043658
2337 1.04996036387
2338 1.03509833726
2339 1.05446101572
2340 1.06053828901
2341 1.05297102756
2342 1.04600038131
2343 1.05697082331
2344 1.05468819103
2345 1.06251614357
2346 1.05674673674
2347 1.05525849916
2348 1.05443539361
2349 1.05573302438
2350 1.05171077508
2351 1.06603246908
2352 1.05107350391
2353 1.04550868949
2354 1.04973376988
2355 1.05702295032
2356 1.04600529691
2357 1.06256413297
2358 1.04720706145
2359 1.04136562811
2360 1.04541267377
2361 1.043258151
2362 1.04394846552
2363 1.04481906617
2364 1.04905954679
2365 1.03489739414
2366 1.04269040937
2367 1.041651943
2368 1.02829185197
2369 1.02846914491
2370 1.02688350151
2371 1.03622996915
2372 1.03506074928
2373 1.03545303471
2374 1.02417266356
2375 1.02456844761
2376 1.02474937971
2377 1.02473731421
2378 1.03670313776
2379 1.03048409772
2380 1.0345419778
2381 1.03387084465
2382 1.03589810658
2383 1.0317750966
2384 1.03041566813
2385 1.04009184116
2386 1.03379204166
2387 1.03558565853
2388 1.04938014721
2389 1.04001662697
2390 1.06296552475
2391 1.04334162931
2392 1.04868897488
2393 1.03532656396
2394 1.02712565805
2395 1.0495095776
2396 1.04117420842
2397 1.03467852592
2398 1.06113049013
2399 1.04099762641
2400 1.0534394001
2401 1.03452410789
2402 1.05202364523
2403 1.03646978814
2404 1.05537090775
2405 1.03009982306
2406 1.03006594357
2407 1.04958814483
2408 1.0265958
2409 1.05740874124
2410 1.04190861303
2411 1.04757113231
2412 1.05399596422
2413 1.04375098458
2414 1.0492924819
2415 1.02690102109
2416 1.06047464565
2417 1.04924653899
2418 1.05026225639
2419 1.03415961622
2420 1.03821031878
2421 1.02609479812
2422 1.04395875149
2423 1.05607290203
2424 1.04422219428
2425 1.0422206508
2426 1.05548218956
2427 1.05196451776
2428 1.036016841
2429 1.05919875781
2430 1.04411211899
2431 1.04503224861
2432 1.01760504741
2433 1.03490807611
2434 1.02473064496
2435 1.03759160138
2436 1.04721000372
2437 1.04397771281
2438 1.0497748383
2439 1.06705509312
2440 1.06941415594
2441 1.04828981491
2442 1.0426777439
2443 1.05496143043
2444 1.02687773563
2445 1.06188724017
2446 1.04433858081
2447 1.0314087584
2448 1.03273281277
2449 1.05444220956
2450 1.04653015541
2451 1.04627861049
2452 1.02711378845
2453 1.02358446199
2454 1.0325424703
2455 1.04258259147
2456 1.02355724621
2457 1.02818138948
2458 1.03261475324
2459 1.04088179583
2460 1.02822770929
2461 1.0351019714
2462 1.04276961525
2463 1.02658354111
2464 1.02922492168
2465 1.04597102688
2466 1.02369030786
2467 1.04607837921
2468 1.02027977444
2469 1.05320585248
2470 1.03055046028
2471 1.0631190239
2472 1.04762777656
2473 1.05682468443
2474 1.03159711387
2475 1.02869104582
2476 1.03169104453
2477 1.04095746181
2478 1.04174345361
2479 1.05273967842
2480 1.04946986639
2481 1.05461664008
2482 1.05115923491
2483 1.05557733335
2484 1.0493539083
2485 1.04618083726
2486 1.04144062386
2487 1.04642157641
2488 1.05283734839
2489 1.03626467684
2490 1.05423437084
2491 1.05742452713
2492 1.03835516964
2493 1.05630093179
2494 1.05957652681
2495 1.06297283863
2496 1.05945872921
2497 1.0523773581
2498 1.0577857831
2499 1.05435786296
2500 1.07325404542
2501 1.05364860443
2502 1.06648116251
2503 1.05263558277
2504 1.06128264466
2505 1.05444583184
2506 1.05684271243
2507 1.05949855557
2508 1.05582553358
2509 1.05428303444
2510 1.05497186022
2511 1.05933902284
2512 1.05184431747
2513 1.05293719449
2514 1.05732791384
2515 1.05494461883
2516 1.04934783327
*Step  = 10
*Time  = 2
*Data  = Fzz
1 1.05199045236
2 1.04560266674
3 1.05400190891
4 1.04687364835
5 1.05278820573
6 1.05614172722
7 1.05469141231
8 1.05545225365
9 1.05038397092
10 1.04043980716
11 1.05095167535
12 1.04130137187
13 1.03780985021
14 1.05254524696
15 1.05616720873
16 1.04827980998
17 1.06426576464
18 1.05184599464
19 1.05136690766
20 1.05582531216
21 1.04240600039
22 1.04322680432
23 1.04357286214
24 1.0493850536
25 1.05473061867
26 1.05605161581
27 1.04620226838
28 1.05715270478
29 1.04652130539
30 1.04157878941
31 1.05389861293
32 1.05671570294
33 1.0591621814
34 1.05791867173
35 1.05480194603
36 1.05206114839
37 1.05736853953
38 1.06139686373
39 1.05150983828
40 1.030181718
41 1.04577125538
42 1.05668679018
43 1.04293126513
44 1.05753190223
45 1.05956031445
46 1.03863642073
47 1.06679785554
48 1.05456886218
49 1.05913086242
50 1.04189335555
51 1.03824844745
52 1.05354144595
53 1.04710752967
54 1.03765968736
55 1.04248194748
56 1.06143263412
57 1.04020795322
58 1.04847475834
59 1.04081657777
60 1.06153708083
61 1.05123211911
62 1.04580020789
63 1.05158665057
64 1.04574405781
65 1.04744812371
66 1.05198372493
67 1.03606548565
68 1.03648759327
69 1.05384256277
70 1.06138521853
71 1.0563766337
72 1.04593996792
73 1.04776204728
74 1.04201359277
75 1.06159911497
76 1.05917275458
77 1.04938910381
78 1.03294093202
79 1.0500629706
80 1.04757678308
81 1.04790793179
82 1.06108637717
83 1.06093227986
84 1.04971234566
85 1.04567713702
86 1.02582556177
87 1.04525922375
88 1.04891774254
89 1.05234368593
90 1.04128975059
91 1.04979409306
92 1.04492056309
93 1.0466415683
94 1.03858051057
95 1.04698563955
96 1.02799782188
97 1.04768330876
98 1.05735362583
99 1.02530323929
100 1.04307984762
101 1.04398186707
102 1.05044307733
103 1.05716658731
104 1.06716256124
105 1.05517936724
106 1.05523268079
107 1.04544024604
108 1.04127190992
109 1.0372679748
110 1.05210428798
111 1.04743745439
112 1.05035188196
113 1.07319533115
114 1.05092496019
115 1.04524975191
116 1.04209730903
117 1.04860791646
118 1.04975597322
119 1.02642448048
120 1.05684807464
121 1.04390542501
122 1.03183475406
123 1.03092422438
124 1.06145433208
125 1.05476123887
126 1.05584112445
127 1.07256916209
128 1.05095694086
129 1.05070320249
130 1.04677206719
131 1.04802711713
132 1.06183671551
133 1.04470868144
134 1.05311803583
135 1.05468291995
136 1.05006355014
137 1.057055593
138 1.07825422725
139 1.03538340695
140 1.0444561528
141 1.04390755867
142 1.04712467515
143 1.04780802228
144 1.02942335004
145 1.04443879879
146 1.04388610409
147 1.05112944142
148 1.02929559369
149 1.04235079335
150 1.05614351956
151 1.05947218543
152 1.0306375881
153 1.04616273177
154 1.05294086235
155 1.03422729663
156 1.0350083737
157 1.0524446855
158 1.06132731144
159 1.04993369484
160 1.02059454402
161 1.07680125974
162 1.05555432272
163 1.04737974167
164 1.03585115256
165 1.03793549596
166 1.0229472424
167 1.05079361689
168 1.03688852322
169 1.05218114723
170 1.04584302127
171 1.03788353014
172 1.05003997575
173 1.0356940019
174 1.05999776644
175 1.05789202675
176 1.02214944258
177 1.05230846352
178 1.06169618911
179 1.02661165447
180 1.02604085679
181 1.05701347194
182 1.05379154535
183 1.04163945589
184 1.05847531047
185 1.0472892954
186 1.065778475
187 1.04148279998
188 1.0503265873
189 1.02027977444
190 1.03990076713
191 1.03608641701
192 1.05374106746
193 1.03972290166
194 1.05478262906
195 1.05684807464
196 1.03874883469
197 1.04375933049
198 1.05684807464
199 1.03592190049
200 1.04223237641
201 1.02302589674
202 1.07243188442
203 1.0553211199
204 1.05481994565
205 1.05983362736
206 1.06110848287
207 1.0584369579
208 1.02802565098
209 1.05555432272
210 1.04304571494
211 1.02267206719
212 1.06077835641
213 1.02161264927
214 1.02850287485
215 1.07493239309
216 1.04980185895
217 1.05154417997
218 1.02737603978
219 1.06334294067
220 1.04626494915
221 1.04702722834
222 1.05361126917
223 1.03581004459
224 1.03194375729
225 1.03504003454
226 1.04088884135
227 1.05185338826
228 1.04326407799
229 1.04378839724
230 1.05522804546
231 1.03006105105
232 1.02891285859
233 1.02564668371
234 1.04087109684
235 1.05059372555
236 1.04979426918
237 1.03852613959
238 1.03454507608
239 1.04850968089
240 1.04853055093
241 1.02945088938
242 1.05347734429
243 1.0528258907
244 1.02815041925
245 1.05788456299
246 1.02582658279
247 1.05542825892
248 1.05348470784
249 1.054286809
250 1.04792345453
251 1.03554700795
252 1.0528258907
253 1.0508988992
254 1.04850197311
255 1.04056253961
256 1.04981909117
257 1.02758657937
258 1.03602587749
259 1.05272265393
260 1.05178523676
261 1.04014058475
262 1.03743891937
263 1.0450091776
264 1.05232470086
265 1.04220921962
266 1.03329655423
267 1.05272265393
268 1.03848898708
269 1.0427822784
270 1.02336337397
271 1.04301863963
272 1.02338939089
273 1.04760346924
274 1.03742348721
275 1.04744212796
276 1.03927175774
277 1.05788456299
278 1.04746480101
279 1.02325595884
280 1.04496618071
281 1.07405941523
282 1.04490722409
283 1.07540234009
284 1.07261048656
285 1.07235292469
286 1.07529985547
287 1.07864086187
288 1.07319533115
289 1.07533975921
290 1.07429314365
291 1.07399264584
292 1.04783460146
293 1.05272265393
294 1.05705455394
295 1.06820502473
296 1.06682856391
297 1.07864086187
298 1.0721174556
299 1.07726423681
300 1.07786210921
301 1.07203323521
302 1.07775111882
303 1.07219536875
304 1.07775111882
305 1.05010091173
306 1.03662012372
307 1.07738779741
308 1.07724295857
309 1.07072474613
310 1.07023565183
311 1.06484163748
312 1.06514209291
313 1.06657188439
314 1.05319234685
315 1.05472294015
316 1.06357451809
317 1.05273967842
318 1.06143216201
319 1.03121858508
320 1.06649228151
321 1.06690820795
322 1.0394715646
323 1.05345570248
324 1.04576148517
325 1.07009058763
326 1.06824852843
327 1.05370796616
328 1.05485270769
329 1.04351185564
330 1.06377842671
331 1.05421198934
332 1.06063972314
333 1.0500323248
334 1.06365133756
335 1.04141415083
336 1.06941980102
337 1.04590944328
338 1.04293764702
339 1.04207191139
340 1.04997451214
341 1.02921191954
342 1.059543381
343 1.04164950541
344 1.03601442443
345 1.04214025794
346 1.02686266119
347 1.05887610344
348 1.04087800814
349 1.06330132314
350 1.034688442
351 1.03317403913
352 1.04523427701
353 1.04539079078
354 1.04135908922
355 1.04504825696
356 1.04562849148
357 1.03914417071
358 1.03651111204
359 1.03404717021
360 1.04103940993
361 1.05460517425
362 1.034087037
363 1.03202632286
364 1.02952312834
365 1.04638879694
366 1.0306843233
367 1.03112346508
368 1.05248442608
369 1.0560894269
370 1.05286903994
371 1.02938622968
372 1.05058221538
373 1.03018066408
374 1.03014518663
375 1.02417764147
376 1.02414388339
377 1.05553987927
378 1.03802680546
379 1.05526013926
380 1.03115216368
381 1.06535512975
382 1.0481128406
383 1.02577785343
384 1.02683209836
385 1.02487305646
386 1.03324748744
387 1.0252441939
388 1.02566912912
389 1.0307403256
390 1.02450654506
391 1.02600227195
392 1.05397200145
393 1.042103185
394 1.02556271779
395 1.02256234354
396 1.0407717214
397 1.02557418263
398 1.02256412988
399 1.02608566264
400 1.04424595093
401 1.03544628943
402 1.05619052318
403 1.02584927629
404 1.03472972789
405 1.03291799628
406 1.02325687683
407 1.02293718198
408 1.06275906774
409 1.02293316917
410 1.02141636391
411 1.02253552146
412 1.02252494754
413 1.0437109916
414 1.03413392163
415 1.04287657088
416 1.02366333851
417 1.02366687075
418 1.0655832102
419 1.04768250407
420 1.01909670654
421 1.04279842075
422 1.03461675051
423 1.02272200213
424 1.04556245312
425 1.0548217028
426 1.04417329682
427 1.0529002657
428 1.02273256844
429 1.02468776991
430 1.02270693396
431 1.02277902138
432 1.02220471294
433 1.02463895956
434 1.02684490696
435 1.0440021992
436 1.04537508654
437 1.02154458029
438 1.0216516469
439 1.02271338875
440 1.02300643422
441 1.04294977254
442 1.02143910073
443 1.02027685754
444 1.0240267451
445 1.02489595335
446 1.04115891342
447 1.02261619019
448 1.05341180089
449 1.03075715916
450 1.02350962199
451 1.04397861162
452 1.04817174348
453 1.02397129622
454 1.02379085237
455 1.02558029336
456 1.02309697998
457 1.02864543158
458 1.03036123798
459 1.02915046341
460 1.02027977444
461 1.04492072273
462 1.05074641689
463 1.0478490099
464 1.05758237057
465 1.05273967842
466 1.06263784231
467 1.05702626054
468 1.03094662177
469 1.05448207778
470 1.04812840491
471 1.04523415969
472 1.02470553552
473 1.03241116055
474 1.02617806338
475 1.03313734313
476 1.03137393361
477 1.03579521865
478 1.03605875408
479 1.03669956086
480 1.03905572228
481 1.03932375486
482 1.03496529724
483 1.04469884866
484 1.03278068314
485 1.04438099549
486 1.03204707248
487 1.03748585203
488 1.03868659613
489 1.03881678847
490 1.04396694925
491 1.04058142663
492 1.03957453345
493 1.04919411547
494 1.04635931039
495 1.03460761625
496 1.04251780608
497 1.04318804548
498 1.04287604871
499 1.04356520587
500 1.04607880989
501 1.03737583197
502 1.04169182122
503 1.04647171663
504 1.04640751987
505 1.04823666895
506 1.0480290582
507 1.05224256758
508 1.04973497363
509 1.03487847515
510 1.03694458967
511 1.04823297045
512 1.05112430413
513 1.04528662458
514 1.05281444755
515 1.05036086824
516 1.05319599475
517 1.05325908755
518 1.06495246137
519 1.06439399568
520 1.06216828742
521 1.05646477053
522 1.04489243061
523 1.06392593207
524 1.04424197166
525 1.06643132534
526 1.04362642402
527 1.06232510188
528 1.03667847998
529 1.06484478432
530 1.05747213262
531 1.03781122667
532 1.05834301971
533 1.04385993998
534 1.05276446895
535 1.04461114036
536 1.07066575069
537 1.0234529135
538 1.05488658762
539 1.0553714109
540 1.07377512604
541 1.07333957224
542 1.07422869941
543 1.04714719526
544 1.07360481867
545 1.07409262264
546 1.07973758009
547 1.08363919519
548 1.08199413192
549 1.08225362446
550 1.08363919519
551 1.07989143217
552 1.07627278613
553 1.07627278613
554 1.07615302374
555 1.07619861636
556 1.07978315909
557 1.07983089688
558 1.08046000683
559 1.08055644102
560 1.07452281758
561 1.07452281758
562 1.0798482124
563 1.07627278613
564 1.07640493665
565 1.07632451235
566 1.07524912668
567 1.07587953677
568 1.08147225607
569 1.08122014412
570 1.07176398377
571 1.07131989434
572 1.07782242845
573 1.07300471742
574 1.06270381021
575 1.07782242845
576 1.07339408488
577 1.07856876882
578 1.07842963361
579 1.07322750113
580 1.07636698654
581 1.06239623648
582 1.06193956273
583 1.06467751333
584 1.04545533484
585 1.06571975944
586 1.0660751162
587 1.05477344886
588 1.05498463985
589 1.04489405531
590 1.05778163455
591 1.0523199126
592 1.0625824482
593 1.05388506266
594 1.04952209768
595 1.05436121876
596 1.05236198468
597 1.04986923665
598 1.05156481221
599 1.05046393855
600 1.04302795829
601 1.05025621793
602 1.05392553842
603 1.03509650314
604 1.05165451071
605 1.0568358518
606 1.0409379664
607 1.03680591394
608 1.05129651925
609 1.05258128945
610 1.04742877105
611 1.03774090904
612 1.04734613188
613 1.05423772994
614 1.05578790084
615 1.04481710252
616 1.04628430939
617 1.05844269355
618 1.05199556334
619 1.05559157093
620 1.05849418587
621 1.04439597942
622 1.05546896491
623 1.05230633807
624 1.03838005059
625 1.02778365424
626 1.03511088643
627 1.02465473471
628 1.02442562869
629 1.04842484023
630 1.05559215067
631 1.05923324192
632 1.0709709607
633 1.0783823403
634 1.04686452047
635 1.03510394101
636 1.03146367506
637 1.04274543914
638 1.04364947052
639 1.06286336105
640 1.04847854981
641 1.04317698186
642 1.02267397338
643 1.05131482046
644 1.05934802647
645 1.06189789143
646 1.06238863057
647 1.05886495773
648 1.0337415339
649 1.07258419864
650 1.07256846963
651 1.0460611434
652 1.06178211888
653 1.04795154148
654 1.03349010303
655 1.0275906525
656 1.02882691178
657 1.05769439252
658 1.02990828674
659 1.02921455613
660 1.05030442602
661 1.02843146289
662 1.02865880956
663 1.06165070878
664 1.03492927269
665 1.04388180764
666 1.03299502738
667 1.03165876628
668 1.03214604219
669 1.06170739066
670 1.03596441334
671 1.0369859962
672 1.04577502511
673 1.03262664588
674 1.0436462281
675 1.04143035524
676 1.03445302017
677 1.04636259745
678 1.05673822554
679 1.05280547485
680 1.05062181002
681 1.03075224303
682 1.03502932916
683 1.04062523611
684 1.05779782092
685 1.05400046941
686 1.05325332117
687 1.0612708547
688 1.06049396258
689 1.0691579336
690 1.06804136599
691 1.06868652082
692 1.06825067021
693 1.06445506441
694 1.02067250675
695 1.0522535748
696 1.07331874152
697 1.07407810386
698 1.07367532713
699 1.07364724691
700 1.07250750481
701 1.07364724691
702 1.07669549353
703 1.07365177863
704 1.07485596929
705 1.07493352682
706 1.05788456299
707 1.07555674987
708 1.07322750113
709 1.07934767601
710 1.03360541541
711 1.02671862413
712 1.06759095499
713 1.06730535857
714 1.05656183324
715 1.04153291781
716 1.05764049261
717 1.04202885936
718 1.04158800976
719 1.05215596727
720 1.04646214826
721 1.03140343665
722 1.03096237226
723 1.0495616098
724 1.06687900441
725 1.03895015543
726 1.0385441576
727 1.04563875064
728 1.04755014463
729 1.05874444361
730 1.02850332555
731 1.05826422385
732 1.05387220947
733 1.03019164441
734 1.05613281377
735 1.05634998941
736 1.03650088959
737 1.03366839724
738 1.03478691715
739 1.03994873154
740 1.04399443474
741 1.05376443024
742 1.06622569323
743 1.06859063243
744 1.07117076423
745 1.0515760852
746 1.06643194061
747 1.0665421735
748 1.07813676202
749 1.07555674987
750 1.07943736279
751 1.07974461126
752 1.07322750113
753 1.06259561241
754 1.06248053294
755 1.07407190296
756 1.05898504276
757 1.05323463483
758 1.05422501022
759 1.04065944614
760 1.03559440034
761 1.03376886463
762 1.06264064405
763 1.03188096823
764 1.02770371059
765 1.02336743013
766 1.02536112741
767 1.02875520526
768 1.04434260885
769 1.04832010807
770 1.0564848557
771 1.045065708
772 1.03823342155
773 1.02856346879
774 1.04037099806
775 1.05563073702
776 1.03254391238
777 1.03671262667
778 1.03724085674
779 1.0409724449
780 1.03219290794
781 1.05506607097
782 1.06274259003
783 1.06329894648
784 1.06380787874
785 1.07818725052
786 1.07810594731
787 1.07531997042
788 1.07290430561
789 1.07229486807
790 1.07403176634
791 1.08044235811
792 1.08024311232
793 1.07974461126
794 1.06380588428
795 1.05038887786
796 1.0530815738
797 1.04165955579
798 1.0354016554
799 1.04145267853
800 1.03689923126
801 1.03872754253
802 1.08030195861
803 1.03271057724
804 1.0310473578
805 1.02840996044
806 1.02908113132
807 1.06483672602
808 1.05636656812
809 1.02523612282
810 1.0258491041
811 1.0246466257
812 1.02460513318
813 1.02438800274
814 1.02370210019
815 1.02552851649
816 1.02055544347
817 1.02819705365
818 1.03232623695
819 1.03081761658
820 1.03020589887
821 1.03328351635
822 1.03647994643
823 1.03672068957
824 1.03501681308
825 1.04338854328
826 1.03230209996
827 1.05880110874
828 1.04129205228
829 1.06498453407
830 1.05649585199
831 1.04154740781
832 1.07007360772
833 1.07531997042
834 1.06858259623
835 1.06737886283
836 1.07699178157
837 1.07690392796
838 1.08107939509
839 1.03845229775
840 1.06179637207
841 1.05523268079
842 1.03802981466
843 1.06258245075
844 1.04924247446
845 1.04791777542
846 1.0252352901
847 1.04549742801
848 1.05027166048
849 1.02968476685
850 1.03169741215
851 1.05592711292
852 1.03114493881
853 1.04265412301
854 1.0469932821
855 1.02664664352
856 1.03806721659
857 1.04314644634
858 1.01998891484
859 1.01998920031
860 1.06204716534
861 1.04978496402
862 1.04971720248
863 1.06874666092
864 1.06277406521
865 1.03229074695
866 1.03024769028
867 1.03107848883
868 1.03506509894
869 1.04374828409
870 1.02926199549
871 1.05281060584
872 1.05350683408
873 1.06970650929
874 1.06434989391
875 1.08015636404
876 1.06128460367
877 1.06150351048
878 1.05702502729
879 1.04838076623
880 1.03992363134
881 1.03574028513
882 1.03456688229
883 1.05535584864
884 1.02671850465
885 1.02016188284
886 1.05169670234
887 1.02194209356
888 1.02259272287
889 1.04721729343
890 1.05187792446
891 1.03596341165
892 1.03839798828
893 1.02264250665
894 1.05427928898
895 1.06496147781
896 1.07216640905
897 1.0756642798
898 1.0767220757
899 1.07825422725
900 1.04783128487
901 1.05788456299
902 1.04534129573
903 1.08116055865
904 1.06088985512
905 1.08091515027
906 1.06088985512
907 1.07931458333
908 1.06278735215
909 1.07946098535
910 1.05946012701
911 1.06389686917
912 1.02278743089
913 1.04913407367
914 1.03198232045
915 1.05379395371
916 1.05426382063
917 1.04980170865
918 1.04373422806
919 1.0391159742
920 1.05006378835
921 1.03416864769
922 1.06875886117
923 1.03475688499
924 1.03404295977
925 1.03047285271
926 1.03156344846
927 1.03174215878
928 1.0234008485
929 1.02304338907
930 1.02331384261
931 1.0271404514
932 1.02644931111
933 1.02298820711
934 1.0177433731
935 1.01777499651
936 1.02212863958
937 1.02466804719
938 1.02491905253
939 1.02171634677
940 1.02442945238
941 1.02356885379
942 1.02205040404
943 1.02272062939
944 1.02200323865
945 1.02553615497
946 1.04672411624
947 1.02264650781
948 1.03164717951
949 1.03329213829
950 1.03373295357
951 1.03452112551
952 1.03252153675
953 1.03352581455
954 1.03574835684
955 1.03145394294
956 1.04056903698
957 1.05654892519
958 1.05904622476
959 1.04170490567
960 1.05234306929
961 1.05518374473
962 1.05323158496
963 1.05419419521
964 1.04049389144
965 1.07623172336
966 1.07623172336
967 1.06977837403
968 1.0528258907
969 1.04938712172
970 1.05705981114
971 1.0508118347
972 1.05451221749
973 1.06597499145
974 1.06587559038
975 1.05705455394
976 1.032036515
977 1.05176157284
978 1.03908024947
979 1.06350098711
980 1.05189371495
981 1.03600097718
982 1.06587269844
983 1.03804540846
984 1.0389618124
985 1.04598275663
986 1.0512071822
987 1.05410510455
988 1.04646252593
989 1.04234482831
990 1.0271854414
991 1.05627069237
992 1.03230413258
993 1.05310271502
994 1.04976490845
995 1.02214811775
996 1.05166010508
997 1.05495024303
998 1.04752584595
999 1.03640346514
1000 1.02229181276
1001 1.05123409112
1002 1.05529960477
1003 1.05116768886
1004 1.04666950908
1005 1.05274707788
1006 1.04582484918
1007 1.04633176314
1008 1.03028240541
1009 1.0473662369
1010 1.04489545279
1011 1.04435669545
1012 1.05762635015
1013 1.04977987382
1014 1.04767758216
1015 1.05077958782
1016 1.04903379693
1017 1.04940685958
1018 1.0441302388
1019 1.05214090463
1020 1.03047461535
1021 1.04322873823
1022 1.02612846951
1023 1.04883154363
1024 1.07021870093
1025 1.04281486535
1026 1.04175173778
1027 1.03797001379
1028 1.03410501549
1029 1.0341167358
1030 1.05210489632
1031 1.04792429748
1032 1.04849767964
1033 1.05259946196
1034 1.04998145243
1035 1.04973628155
1036 1.03196584962
1037 1.05617250235
1038 1.05036146366
1039 1.04757455356
1040 1.05280828491
1041 1.05262808289
1042 1.05159946227
1043 1.06250223163
1044 1.04859982077
1045 1.0372460093
1046 1.03741963249
1047 1.05256941119
1048 1.0370352265
1049 1.04781400658
1050 1.06342602427
1051 1.02527913329
1052 1.05080130827
1053 1.06088985512
1054 1.04596498725
1055 1.05762637066
1056 1.05585335623
1057 1.05630298383
1058 1.02172854049
1059 1.05093461383
1060 1.05127107832
1061 1.04063068208
1062 1.05742921656
1063 1.05085513375
1064 1.04361542711
1065 1.0527043675
1066 1.04030096304
1067 1.05319754957
1068 1.05321555436
1069 1.05134102359
1070 1.05432437659
1071 1.05387266751
1072 1.05448673655
1073 1.04960970833
1074 1.05600203207
1075 1.03239505315
1076 1.04438786553
1077 1.04555852647
1078 1.04524172663
1079 1.03157127687
1080 1.03570906772
1081 1.05047111753
1082 1.04873525425
1083 1.04489679242
1084 1.04226467979
1085 1.07468430453
1086 1.04608621958
1087 1.04018056964
1088 1.07435482356
1089 1.04515756779
1090 1.03437251929
1091 1.03500624607
1092 1.04402472421
1093 1.04463337246
1094 1.07423156206
1095 1.07412434266
1096 1.04363949936
1097 1.07230470318
1098 1.0574235607
1099 1.04946996893
1100 1.04315620441
1101 1.05539284729
1102 1.04710321665
1103 1.04615693939
1104 1.05586603449
1105 1.07075519943
1106 1.05866271729
1107 1.06834367278
1108 1.05626596112
1109 1.0600005474
1110 1.06015940546
1111 1.05869034886
1112 1.04460289449
1113 1.05603862273
1114 1.04512338029
1115 1.06513473663
1116 1.05247857358
1117 1.06178059315
1118 1.0665155819
1119 1.0557326984
1120 1.07326614939
1121 1.06607327207
1122 1.06610396767
1123 1.10120735225
1124 1.06002535616
1125 1.05881172235
1126 1.07353051606
1127 1.0679006831
1128 1.04197744384
1129 1.04289819718
1130 1.0595717389
1131 1.06541029245
1132 1.06069349539
1133 1.07214982417
1134 1.06340326459
1135 1.0656650472
1136 1.04107518451
1137 1.03957067203
1138 1.05010676802
1139 1.08029346818
1140 1.03798392533
1141 1.04204774379
1142 1.03600538351
1143 1.02809235779
1144 1.02751491047
1145 1.02372376841
1146 1.05792079265
1147 1.04465156668
1148 1.0500563898
1149 1.05782196551
1150 1.057129756
1151 1.05779095196
1152 1.07267000688
1153 1.05002623297
1154 1.05538145504
1155 1.04060566265
1156 1.0541343984
1157 1.05850783739
1158 1.06261862816
1159 1.04300387688
1160 1.05806882732
1161 1.05700897081
1162 1.05777495133
1163 1.04373337636
1164 1.04502197219
1165 1.03775138637
1166 1.07073752915
1167 1.05235567648
1168 1.06451914282
1169 1.0557178508
1170 1.03469566072
1171 1.06238895804
1172 1.05540856851
1173 1.05799763578
1174 1.06386082883
1175 1.03795024486
1176 1.02906245344
1177 1.05298260928
1178 1.04948824861
1179 1.0618468955
1180 1.04121205277
1181 1.04705105304
1182 1.04177569564
1183 1.05335188605
1184 1.03251400087
1185 1.03733535936
1186 1.0481695078
1187 1.05537784045
1188 1.04743405074
1189 1.05519151106
1190 1.06191954218
1191 1.06604754065
1192 1.06001744135
1193 1.07609635322
1194 1.0469121949
1195 1.05867404024
1196 1.03370703447
1197 1.05384296427
1198 1.05997421465
1199 1.07568949727
1200 1.06669652778
1201 1.05615721909
1202 1.04883573202
1203 1.05484327912
1204 1.05347150659
1205 1.05396094481
1206 1.05738469479
1207 1.04676798297
1208 1.05895421922
1209 1.03145085226
1210 1.04420355541
1211 1.04271632796
1212 1.06109514086
1213 1.05530708559
1214 1.0547485886
1215 1.05777200008
1216 1.04182388449
1217 1.03161986813
1218 1.04982355742
1219 1.05369492302
1220 1.05404240153
1221 1.04213937127
1222 1.05370443433
1223 1.0492298788
1224 1.06000153825
1225 1.05771716763
1226 1.04701969784
1227 1.04506833335
1228 1.04582130974
1229 1.04743867779
1230 1.04815259756
1231 1.06128460367
1232 1.06703446892
1233 1.06034522392
1234 1.0699641759
1235 1.07724185183
1236 1.05782338059
1237 1.05728942866
1238 1.05255983256
1239 1.05749605283
1240 1.03206387861
1241 1.06258114205
1242 1.0796855492
1243 1.03878928381
1244 1.04733641405
1245 1.07107679151
1246 1.07524549888
1247 1.05864562509
1248 1.06561433668
1249 1.0651681444
1250 1.05739112029
1251 1.0564957639
1252 1.05869278313
1253 1.06486780478
1254 1.05493011711
1255 1.05674088068
1256 1.05491696398
1257 1.05661852373
1258 1.06039170386
1259 1.05005645822
1260 1.04736225306
1261 1.04240604002
1262 1.03214658983
1263 1.04458389312
1264 1.05017199124
1265 1.0493276422
1266 1.05846392171
1267 1.02538109558
1268 1.05319207857
1269 1.04329676412
1270 1.03979127669
1271 1.03539775187
1272 1.06066701371
1273 1.02525727817
1274 1.02161571399
1275 1.04710785534
1276 1.04264805224
1277 1.03761063833
1278 1.05440053094
1279 1.04166809192
1280 1.03874608373
1281 1.0484020692
1282 1.04952813867
1283 1.0365314218
1284 1.05338695143
1285 1.03163194581
1286 1.054688398
1287 1.05243939261
1288 1.04920692619
1289 1.03738772168
1290 1.04788409794
1291 1.03281048412
1292 1.04068430344
1293 1.04514881626
1294 1.02629553641
1295 1.02562686977
1296 1.04620080651
1297 1.0340064137
1298 1.04107336893
1299 1.04906398323
1300 1.02672620178
1301 1.03206030979
1302 1.0461517593
1303 1.05671850577
1304 1.0468141412
1305 1.02141423752
1306 1.05037201108
1307 1.02609339808
1308 1.02467533272
1309 1.05583304578
1310 1.06221459592
1311 1.03209257985
1312 1.04870115583
1313 1.04973829287
1314 1.04779891658
1315 1.05095891496
1316 1.05634998941
1317 1.04738390824
1318 1.04728821161
1319 1.02550706561
1320 1.07035904823
1321 1.02845408867
1322 1.02416327101
1323 1.03051356624
1324 1.02468079361
1325 1.03089882646
1326 1.02398443136
1327 1.05503005634
1328 1.05634998941
1329 1.02843978758
1330 1.03323937927
1331 1.03920825658
1332 1.05477702052
1333 1.02357998267
1334 1.04271035819
1335 1.02501784023
1336 1.0333628682
1337 1.03120305476
1338 1.03159146001
1339 1.03121670268
1340 1.04744209876
1341 1.02935033275
1342 1.05126656823
1343 1.05445768492
1344 1.06072584021
1345 1.04273385418
1346 1.05610103549
1347 1.03576068763
1348 1.04175437754
1349 1.02617033654
1350 1.03314578479
1351 1.07102256562
1352 1.05667482309
1353 1.03666472922
1354 1.05204678072
1355 1.03537769487
1356 1.04126286812
1357 1.03935307005
1358 1.0572872093
1359 1.05121465142
1360 1.04159427087
1361 1.05580887863
1362 1.02610527395
1363 1.05785207378
1364 1.03964970343
1365 1.04429731328
1366 1.038928787
1367 1.04769715451
1368 1.04503075766
1369 1.04124865607
1370 1.06281763465
1371 1.05220913277
1372 1.05008926631
1373 1.03453408311
1374 1.04836471859
1375 1.04919379125
1376 1.05773042499
1377 1.0509395434
1378 1.05608941434
1379 1.05143023097
1380 1.05449050013
1381 1.06261459898
1382 1.04834886533
1383 1.04342836294
1384 1.04384336375
1385 1.06350544934
1386 1.06453321361
1387 1.06462083135
1388 1.07551086559
1389 1.05103547572
1390 1.05884350698
1391 1.0428622169
1392 1.04724608087
1393 1.05061570081
1394 1.0510788853
1395 1.04530365402
1396 1.05199117821
1397 1.05209635941
1398 1.05446201335
1399 1.03836420439
1400 1.03805280134
1401 1.06129205371
1402 1.02554154816
1403 1.05881765581
1404 1.06828500702
1405 1.06071822675
1406 1.0684528182
1407 1.06034589331
1408 1.06505846103
1409 1.04106028672
1410 1.04631575435
1411 1.05978675477
1412 1.04291348299
1413 1.03952841836
1414 1.03908431009
1415 1.0578152851
1416 1.05566193859
1417 1.05212997418
1418 1.05053001131
1419 1.02610031518
1420 1.05322638998
1421 1.04539199717
1422 1.05315512907
1423 1.06147941152
1424 1.04176755755
1425 1.06341360315
1426 1.04091666023
1427 1.06635112575
1428 1.04577674944
1429 1.0446257162
1430 1.05997265077
1431 1.04168445623
1432 1.04864822897
1433 1.06317589093
1434 1.04306500871
1435 1.05448796025
1436 1.03408799205
1437 1.0427290707
1438 1.04962769854
1439 1.05639818481
1440 1.03678258679
1441 1.04180077734
1442 1.0387828005
1443 1.02807263793
1444 1.05292574817
1445 1.06388915199
1446 1.03886919205
1447 1.05962504399
1448 1.06061040744
1449 1.04853652809
1450 1.05047366132
1451 1.05723260826
1452 1.05253460332
1453 1.07702216265
1454 1.02155447565
1455 1.05592696516
1456 1.07741789895
1457 1.05356196917
1458 1.0434624226
1459 1.04356667402
1460 1.02313306388
1461 1.03988035246
1462 1.05457632438
1463 1.05273116226
1464 1.06062602281
1465 1.06232756353
1466 1.02273162738
1467 1.06053258217
1468 1.03516212359
1469 1.04483407667
1470 1.05081640628
1471 1.05093584266
1472 1.05496933713
1473 1.04662143795
1474 1.05071872527
1475 1.03739581573
1476 1.04888837193
1477 1.05570987517
1478 1.05359960163
1479 1.0513635311
1480 1.04724106998
1481 1.05421128405
1482 1.06129538095
1483 1.06947786825
1484 1.05763348572
1485 1.06416088866
1486 1.05337384621
1487 1.06003113957
1488 1.04540682459
1489 1.04505925042
1490 1.0637094894
1491 1.07863781717
1492 1.05888754735
1493 1.06945161506
1494 1.03553933895
1495 1.07003540639
1496 1.0525078128
1497 1.063159401
1498 1.03869706076
1499 1.05321598322
1500 1.0454265711
1501 1.04372371009
1502 1.05066337509
1503 1.03825864506
1504 1.04646476876
1505 1.0415370569
1506 1.03959367957
1507 1.04676094982
1508 1.04742150556
1509 1.0478513884
1510 1.03755413261
1511 1.04126588149
1512 1.03842950664
1513 1.04339385827
1514 1.04192172951
1515 1.04866575891
1516 1.05653334167
1517 1.0429314307
1518 1.04431418377
1519 1.05328775023
1520 1.05324838999
1521 1.07543721719
1522 1.04488287667
1523 1.05713452511
1524 1.05997063308
1525 1.05877912114
1526 1.0491247093
1527 1.03983253132
1528 1.05100940313
1529 1.0582874055
1530 1.03465194959
1531 1.03334817499
1532 1.02934921365
1533 1.06103187293
1534 1.04843646217
1535 1.01892795748
1536 1.02295049398
1537 1.02320795902
1538 1.05474689241
1539 1.050600068
1540 1.05485247668
1541 1.07304132132
1542 1.06015252089
1543 1.05483240528
1544 1.05197242182
1545 1.03758246069
1546 1.02014436223
1547 1.05297331492
1548 1.0587128
1549 1.02444977444
1550 1.05644046762
1551 1.02282952988
1552 1.05105399672
1553 1.05463151351
1554 1.02341652431
1555 1.03670726594
1556 1.05239266805
1557 1.02335820482
1558 1.02527837769
1559 1.03427523625
1560 1.02093731746
1561 1.03461589799
1562 1.03524551546
1563 1.03378489574
1564 1.06452982861
1565 1.0487898797
1566 1.04198161365
1567 1.03324736095
1568 1.03782292596
1569 1.05068706977
1570 1.03796946413
1571 1.02011311212
1572 1.03463732373
1573 1.04835131755
1574 1.04667583121
1575 1.03574588675
1576 1.01896252854
1577 1.05190850441
1578 1.0464287957
1579 1.05286399035
1580 1.08096054524
1581 1.05782867055
1582 1.0519194283
1583 1.02785937385
1584 1.03770004886
1585 1.02666971548
1586 1.02281450493
1587 1.0426314794
1588 1.02306437307
1589 1.0586336896
1590 1.05342791964
1591 1.02047614423
1592 1.05091562937
1593 1.05241022347
1594 1.06132530777
1595 1.05447717251
1596 1.02106951298
1597 1.0580391133
1598 1.05836020926
1599 1.05300816953
1600 1.05055999795
1601 1.04550635418
1602 1.05563212076
1603 1.04100060752
1604 1.05451089801
1605 1.05379589272
1606 1.04382135945
1607 1.04408932295
1608 1.03873774142
1609 1.05044305248
1610 1.03435805212
1611 1.05126964833
1612 1.03878226729
1613 1.05685526198
1614 1.04927709327
1615 1.06541078539
1616 1.05734577484
1617 1.06462214377
1618 1.04686685243
1619 1.04858971821
1620 1.02364510733
1621 1.05351916911
1622 1.04893610492
1623 1.04355240638
1624 1.05017388951
1625 1.0392709563
1626 1.03696218605
1627 1.02772417186
1628 1.03295101203
1629 1.03917367264
1630 1.03145637479
1631 1.02337392316
1632 1.02310239021
1633 1.02339957092
1634 1.03432874158
1635 1.03594055354
1636 1.02289018714
1637 1.02438988157
1638 1.02669666029
1639 1.02484394065
1640 1.03833968879
1641 1.04334064758
1642 1.0462550548
1643 1.02459502505
1644 1.04783375378
1645 1.05613658825
1646 1.04721278612
1647 1.03456035988
1648 1.04423469229
1649 1.04853991699
1650 1.03704821556
1651 1.04718005098
1652 1.03435424836
1653 1.05509440225
1654 1.04483973156
1655 1.03288233992
1656 1.0574693163
1657 1.0531064814
1658 1.05735852871
1659 1.04028326463
1660 1.04905549248
1661 1.05803310249
1662 1.0578656315
1663 1.05621752668
1664 1.06293275654
1665 1.04077521779
1666 1.05228006309
1667 1.04327159022
1668 1.03717823324
1669 1.05713107171
1670 1.0485450047
1671 1.07467180843
1672 1.03667148289
1673 1.03780354016
1674 1.02926339711
1675 1.04655490183
1676 1.02643807389
1677 1.06068242947
1678 1.02368046739
1679 1.03524136966
1680 1.04946591284
1681 1.04508563058
1682 1.04290546812
1683 1.0564566842
1684 1.06224484948
1685 1.0516072251
1686 1.0512522209
1687 1.05106355969
1688 1.05580251021
1689 1.04351208732
1690 1.04479507912
1691 1.05680926367
1692 1.03460525817
1693 1.04444742386
1694 1.04859400027
1695 1.04778691256
1696 1.03167122997
1697 1.04707982039
1698 1.04222750863
1699 1.0526409301
1700 1.04351953883
1701 1.04716216326
1702 1.05460338358
1703 1.04826410614
1704 1.05885621928
1705 1.03163011632
1706 1.04763835275
1707 1.05820968474
1708 1.03625905691
1709 1.04703253239
1710 1.05217268603
1711 1.04743553972
1712 1.05311303591
1713 1.05159548684
1714 1.03531057557
1715 1.05428818238
1716 1.05260824641
1717 1.03352576745
1718 1.05020738046
1719 1.05526809903
1720 1.03367307249
1721 1.04227417002
1722 1.04728358977
1723 1.0555113381
1724 1.04250467821
1725 1.03726827144
1726 1.06087669247
1727 1.05632687013
1728 1.03353799348
1729 1.05950057667
1730 1.03371671957
1731 1.03977173244
1732 1.0506279299
1733 1.06251844889
1734 1.06290595156
1735 1.0559055106
1736 1.05208897925
1737 1.04717168026
1738 1.04665274314
1739 1.0561619933
1740 1.05523329144
1741 1.05386107263
1742 1.05453159402
1743 1.04360350545
1744 1.06288498347
1745 1.04889533767
1746 1.05296435143
1747 1.04563868978
1748 1.04202625836
1749 1.05953068405
1750 1.04510735793
1751 1.01756360049
1752 1.0511145893
1753 1.04767014524
1754 1.02945032929
1755 1.02916132932
1756 1.03770074855
1757 1.06677375724
1758 1.05963937458
1759 1.05935389551
1760 1.0602958087
1761 1.06372177099
1762 1.04953876186
1763 1.04550545441
1764 1.03369935921
1765 1.04888130597
1766 1.045914186
1767 1.04050985621
1768 1.06353981644
1769 1.05743795616
1770 1.06103709775
1771 1.05428819769
1772 1.07779966885
1773 1.05200745602
1774 1.04693322489
1775 1.05498959462
1776 1.05317292888
1777 1.05455941242
1778 1.07738603748
1779 1.05340493089
1780 1.07551093944
1781 1.03748888554
1782 1.07190354933
1783 1.0358189055
1784 1.05026237167
1785 1.0559575164
1786 1.07703790537
1787 1.03578352888
1788 1.04370679076
1789 1.0515839025
1790 1.05832716191
1791 1.05572053416
1792 1.04422069215
1793 1.05119330288
1794 1.07524014002
1795 1.05705402187
1796 1.08032446856
1797 1.04675664429
1798 1.04992228159
1799 1.0289480145
1800 1.04305863265
1801 1.03926477284
1802 1.04783665891
1803 1.05393638778
1804 1.04705645295
1805 1.0302337718
1806 1.04910645563
1807 1.04474779943
1808 1.04805768107
1809 1.04022629068
1810 1.05273249776
1811 1.03785173776
1812 1.04983498578
1813 1.03721442388
1814 1.0756642798
1815 1.05258718292
1816 1.05204810093
1817 1.06808555182
1818 1.05962905016
1819 1.05483295093
1820 1.03722461669
1821 1.05569640022
1822 1.03854281404
1823 1.04578399756
1824 1.03841654365
1825 1.02370766211
1826 1.05726751613
1827 1.05048520328
1828 1.04161512196
1829 1.04307605196
1830 1.04601013502
1831 1.04396733055
1832 1.04385648214
1833 1.0574295836
1834 1.05181648356
1835 1.04547181694
1836 1.04084126074
1837 1.07189337924
1838 1.03217903659
1839 1.04593703224
1840 1.06102891525
1841 1.06262449442
1842 1.0362521411
1843 1.03861035625
1844 1.03750441126
1845 1.04108368378
1846 1.03686361143
1847 1.02809224219
1848 1.02475932917
1849 1.05653660499
1850 1.06228027848
1851 1.0497107188
1852 1.06245887764
1853 1.05648796969
1854 1.03468370727
1855 1.04287642475
1856 1.0423079522
1857 1.03049315046
1858 1.03299036769
1859 1.05149193137
1860 1.05160152227
1861 1.0462673557
1862 1.05426950752
1863 1.05167127508
1864 1.04504826074
1865 1.04486962883
1866 1.04718931922
1867 1.04591209878
1868 1.05282332673
1869 1.03873413879
1870 1.06699460624
1871 1.03335476134
1872 1.06160642749
1873 1.05717830213
1874 1.04748836667
1875 1.02482221614
1876 1.03578511833
1877 1.03241324815
1878 1.05144512495
1879 1.04246783147
1880 1.0565721811
1881 1.03223994143
1882 1.08268757368
1883 1.05684807464
1884 1.0453587043
1885 1.04436434856
1886 1.03833489806
1887 1.05572797261
1888 1.04732743327
1889 1.02598367433
1890 1.03685633384
1891 1.06882512648
1892 1.02345445822
1893 1.04913544454
1894 1.05802180733
1895 1.04806293281
1896 1.08044031226
1897 1.05789766431
1898 1.04443397923
1899 1.04890091133
1900 1.03433489923
1901 1.05487278367
1902 1.06160768729
1903 1.05714796473
1904 1.06163694251
1905 1.05500358733
1906 1.04687191108
1907 1.04868131658
1908 1.0577509119
1909 1.05423940568
1910 1.05126609617
1911 1.05503241814
1912 1.05061375538
1913 1.05076105805
1914 1.03964685996
1915 1.0523354547
1916 1.05314913952
1917 1.04501274954
1918 1.04862492937
1919 1.05856788088
1920 1.05135550483
1921 1.04518701987
1922 1.03970121015
1923 1.04304870232
1924 1.05680018209
1925 1.05739223367
1926 1.057350181
1927 1.04298247494
1928 1.0441134257
1929 1.05510791742
1930 1.04968458811
1931 1.03384562352
1932 1.05697528244
1933 1.05144870379
1934 1.05227186611
1935 1.04436967963
1936 1.05118476006
1937 1.05978640149
1938 1.05446632307
1939 1.0381054492
1940 1.06064206702
1941 1.05768159407
1942 1.06686278639
1943 1.02609175995
1944 1.06026312954
1945 1.06054512609
1946 1.05744998362
1947 1.0413046108
1948 1.05028270368
1949 1.0564315562
1950 1.0543490797
1951 1.04097343567
1952 1.03879197312
1953 1.05238571157
1954 1.05829124246
1955 1.05499801999
1956 1.05375171064
1957 1.06082872561
1958 1.04052637382
1959 1.0237586285
1960 1.03731374512
1961 1.05139608947
1962 1.04859325289
1963 1.0450412117
1964 1.03492574744
1965 1.05352759963
1966 1.05510335071
1967 1.03660229405
1968 1.04716063289
1969 1.03941949804
1970 1.06887925449
1971 1.05150519122
1972 1.04858131815
1973 1.03945840095
1974 1.04126910906
1975 1.02588973184
1976 1.03262636059
1977 1.04938849145
1978 1.04332595563
1979 1.0423054869
1980 1.04260414641
1981 1.05397238624
1982 1.05281356134
1983 1.05339532314
1984 1.03907844305
1985 1.03573719324
1986 1.0502479346
1987 1.05441850185
1988 1.0385763561
1989 1.0320364509
1990 1.04583079927
1991 1.03653359882
1992 1.04425614457
1993 1.03246372056
1994 1.04617354194
1995 1.06655587724
1996 1.03465924594
1997 1.04788588198
1998 1.0275324799
1999 1.04450909628
2000 1.03080388984
2001 1.02581932119
2002 1.03565730508
2003 1.05453446771
2004 1.02967413197
2005 1.02858064276
2006 1.06153145696
2007 1.0477720587
2008 1.03629990193
2009 1.04911721842
2010 1.04240011157
2011 1.0390120763
2012 1.03065221614
2013 1.05144736928
2014 1.03855644769
2015 1.03524038334
2016 1.03495557682
2017 1.04564308662
2018 1.0328395816
2019 1.036480652
2020 1.0540459366
2021 1.04443899358
2022 1.05698958892
2023 1.06288191676
2024 1.05532941597
2025 1.03543659878
2026 1.04918594554
2027 1.02317867943
2028 1.04502136718
2029 1.04603467429
2030 1.04505225922
2031 1.04871071605
2032 1.03674006726
2033 1.03913323916
2034 1.04795079826
2035 1.04073200891
2036 1.03905407634
2037 1.05994533876
2038 1.04408905591
2039 1.04438663098
2040 1.05346185168
2041 1.04154842711
2042 1.03924180794
2043 1.0597022791
2044 1.03698913365
2045 1.05424724119
2046 1.05896224382
2047 1.05521772922
2048 1.0453957
2049 1.04988866029
2050 1.06215569776
2051 1.03958409508
2052 1.04037713235
2053 1.05922090721
2054 1.0644198877
2055 1.05337881589
2056 1.05743704396
2057 1.05126685222
2058 1.06084783054
2059 1.06153859412
2060 1.03812823895
2061 1.04048204926
2062 1.05358193902
2063 1.05420068674
2064 1.05107911136
2065 1.05868792161
2066 1.05232863424
2067 1.0502733152
2068 1.04885426711
2069 1.04644649677
2070 1.05945107582
2071 1.04382997609
2072 1.0669232947
2073 1.04524377194
2074 1.04820222825
2075 1.05684271243
2076 1.04571223339
2077 1.0448944032
2078 1.07793255382
2079 1.05049951018
2080 1.0595290525
2081 1.04843405636
2082 1.03958917878
2083 1.03823042637
2084 1.02257748117
2085 1.04787035086
2086 1.04619856261
2087 1.03621145297
2088 1.04897974106
2089 1.05905945244
2090 1.03838140866
2091 1.03855260454
2092 1.04711970458
2093 1.04063183599
2094 1.04362110971
2095 1.05611190656
2096 1.05068142249
2097 1.05913142662
2098 1.05226248418
2099 1.04752135148
2100 1.05228194497
2101 1.05247607774
2102 1.02466973305
2103 1.03589847056
2104 1.03900634612
2105 1.03676810743
2106 1.0225755035
2107 1.05185635105
2108 1.0372329258
2109 1.03920846248
2110 1.04176979033
2111 1.04023836781
2112 1.05209873666
2113 1.04413561965
2114 1.05357047613
2115 1.04880042414
2116 1.05190766564
2117 1.04265300633
2118 1.05241740029
2119 1.04797667785
2120 1.05262805066
2121 1.0500866015
2122 1.05400381977
2123 1.05548920002
2124 1.049183897
2125 1.06289565121
2126 1.05970419693
2127 1.05960984534
2128 1.04767191434
2129 1.06509595353
2130 1.06717451708
2131 1.05358653646
2132 1.04627770831
2133 1.04681738137
2134 1.05209899968
2135 1.04741899504
2136 1.03991262313
2137 1.05867673459
2138 1.04811060923
2139 1.0371245372
2140 1.04520435388
2141 1.05148327133
2142 1.04703558571
2143 1.0466628557
2144 1.05544670646
2145 1.05028253672
2146 1.05817191987
2147 1.03795644507
2148 1.04237445994
2149 1.03945207701
2150 1.03883347804
2151 1.04853381271
2152 1.06265302208
2153 1.0529274718
2154 1.03427733196
2155 1.03585631357
2156 1.03772668438
2157 1.02323682701
2158 1.03679994216
2159 1.03672922613
2160 1.04286638953
2161 1.03429852018
2162 1.05061263034
2163 1.04000407249
2164 1.04996325497
2165 1.04341158411
2166 1.04819317001
2167 1.03204422334
2168 1.04765017787
2169 1.04002856911
2170 1.04325852461
2171 1.03747922986
2172 1.04583091353
2173 1.04807665046
2174 1.04174081259
2175 1.03504771964
2176 1.04266203105
2177 1.04999476888
2178 1.05068073741
2179 1.04042707284
2180 1.05220128524
2181 1.05535326413
2182 1.04858443099
2183 1.04382480488
2184 1.04474505115
2185 1.03587380614
2186 1.03980690601
2187 1.05836113678
2188 1.05995339693
2189 1.0384815379
2190 1.05286567416
2191 1.06367501012
2192 1.05810141136
2193 1.04583792659
2194 1.02804113364
2195 1.04547567305
2196 1.03308321219
2197 1.03775317679
2198 1.02555532975
2199 1.04163419984
2200 1.03900284792
2201 1.04000409972
2202 1.04131012328
2203 1.04588339268
2204 1.02195845047
2205 1.03871335061
2206 1.0434408222
2207 1.05106139656
2208 1.05077292409
2209 1.03075989003
2210 1.05579091611
2211 1.0429669149
2212 1.04455669775
2213 1.03825176701
2214 1.04633665348
2215 1.05192281095
2216 1.04499149062
2217 1.04717576383
2218 1.04772822456
2219 1.04797902416
2220 1.04318717269
2221 1.03786886556
2222 1.03859931256
2223 1.02195665861
2224 1.04865772574
2225 1.05273967842
2226 1.02782370576
2227 1.05723282398
2228 1.06091305255
2229 1.03919879987
2230 1.02700260665
2231 1.04907120798
2232 1.0573672893
2233 1.04703558571
2234 1.05591379281
2235 1.05376212775
2236 1.04717577889
2237 1.04525977486
2238 1.04696908242
2239 1.06325038932
2240 1.03650158318
2241 1.06273931595
2242 1.05871789687
2243 1.05132244108
2244 1.05170655168
2245 1.05364129197
2246 1.05706923719
2247 1.05378201745
2248 1.05063511868
2249 1.04916104989
2250 1.04853336634
2251 1.02214892362
2252 1.05644014421
2253 1.04532329682
2254 1.05521193504
2255 1.04703558571
2256 1.03920364676
2257 1.04972392648
2258 1.04753864061
2259 1.02117254322
2260 1.04570177806
2261 1.03218785658
2262 1.03943503684
2263 1.04165047566
2264 1.04703558571
2265 1.04832801556
2266 1.03861484528
2267 1.05619814363
2268 1.04322922507
2269 1.02065452874
2270 1.07125844936
2271 1.06222462752
2272 1.05398133018
2273 1.04864261031
2274 1.05307839349
2275 1.05259167951
2276 1.05343627116
2277 1.04950609467
2278 1.05859609847
2279 1.0504334194
2280 1.05246500094
2281 1.05068554906
2282 1.05046953788
2283 1.04364513101
2284 1.04752393179
2285 1.05536281171
2286 1.05161656122
2287 1.04644860405
2288 1.05083288878
2289 1.03589816617
2290 1.04907548705
2291 1.02775251485
2292 1.03063406756
2293 1.05236389091
2294 1.02319819327
2295 1.02027977444
2296 1.04338909276
2297 1.05201731245
2298 1.05183931876
2299 1.0481171286
2300 1.04729713404
2301 1.05672267957
2302 1.04534831522
2303 1.05197433534
2304 1.04957550142
2305 1.04250573161
2306 1.05415851525
2307 1.04740940644
2308 1.05641974646
2309 1.05817060244
2310 1.0620783011
2311 1.05011061594
2312 1.05824175677
2313 1.04784686773
2314 1.04990873608
2315 1.06268510099
2316 1.04265752741
2317 1.06066541269
2318 1.05804122713
2319 1.05503786299
2320 1.04274558281
2321 1.05016351271
2322 1.0382614552
2323 1.04634626983
2324 1.04791462626
2325 1.05065509394
2326 1.07062379986
2327 1.04849748462
2328 1.05308197685
2329 1.04618863385
2330 1.04548291068
2331 1.04741945576
2332 1.05381551671
2333 1.03340485766
2334 1.04879922614
2335 1.04859200268
2336 1.04518043658
2337 1.04996036387
2338 1.03509833726
2339 1.05446101572
2340 1.06053828901
2341 1.05297102756
2342 1.04600038131
2343 1.05697082331
2344 1.05468819103
2345 1.06251614357
2346 1.05674673674
2347 1.05525849916
2348 1.05443539361
2349 1.05573302438
2350 1.05171077508
2351 1.06603246908
2352 1.05107350391
2353 1.04550868949
2354 1.04973376988
2355 1.05702295032
2356 1.04600529691
2357 1.06256413297
2358 1.04720706145
2359 1.04136562811
2360 1.04541267377
2361 1.043258151
2362 1.04394846552
2363 1.04481906617
2364 1.04905954679
2365 1.03489739414
2366 1.04269040937
2367 1.041651943
2368 1.02829185197
2369 1.02846914491
2370 1.02688350151
2371 1.03622996915
2372 1.03506074928
2373 1.03545303471
2374 1.02417266356
2375 1.02456844761
2376 1.02474937971
2377 1.02473731421
2378 1.03670313776
2379 1.03048409772
2380 1.0345419778
2381 1.03387084465
2382 1.03589810658
2383 1.0317750966
2384 1.03041566813
2385 1.04009184116
2386 1.03379204166
2387 1.03558565853
2388 1.04938014721
2389 1.04001662697
2390 1.06296552475
2391 1.04334162931
2392 1.04868897488
2393 1.03532656396
2394 1.02712565805
2395 1.0495095776
2396 1.04117420842
2397 1.03467852592
2398 1.06113049013
2399 1.04099762641
2400 1.0534394001
2401 1.03452410789
2402 1.05202364523
2403 1.03646978814
2404 1.05537090775
2405 1.03009982306
2406 1.03006594357
2407 1.04958814483
2408 1.0265958
2409 1.05740874124
2410 1.04190861303
2411 1.04757113231
2412 1.05399596422
2413 1.04375098458
2414 1.0492924819
2415 1.02690102109
2416 1.06047464565
2417 1.04924653899
2418 1.05026225639
2419 1.03415961622
2420 1.03821031878
2421 1.02609479812
2422 1.04395875149
2423 1.05607290203
2424 1.04422219428
2425 1.0422206508
2426 1.05548218956
2427 1.05196451776
2428 1.036016841
2429 1.05919875781
2430 1.04411211899
2431 1.04503224861
2432 1.01760504741
2433 1.03490807611
2434 1.02473064496
2435 1.03759160138
2436 1.04721000372
2437 1.04397771281
2438 1.0497748383
2439 1.06705509312
2440 1.06941415594
2441 1.04828981491
2442 1.0426777439
2443 1.05496143043
2444 1.02687773563
2445 1.06188724017
2446 1.04433858081
2447 1.0314087584
2448 1.03273281277
2449 1.05444220956
2450 1.04653015541
2451 1.04627861049
2452 1.02711378845
2453 1.02358446199
2454 1.0325424703
2455 1.04258259147
2456 1.02355724621
2457 1.02818138948
2458 1.03261475324
2459 1.04088179583
2460 1.02822770929
2461 1.0351019714
2462 1.04276961525
2463 1.02658354111
2464 1.02922492168
2465 1.04597102688
2466 1.02369030786
2467 1.04607837921
2468 1.02027977444
2469 1.05320585248
2470 1.03055046028
2471 1.0631190239
2472 1.04762777656
2473 1.05682468443
2474 1.03159711387
2475 1.02869104582
2476 1.03169104453
2477 1.04095746181
2478 1.04174345361
2479 1.05273967842
2480 1.04946986639
2481 1.05461664008
2482 1.05115923491
2483 1.05557733335
2484 1.0493539083
2485 1.04618083726
2486 1.04144062386
2487 1.04642157641
2488 1.05283734839
2489 1.03626467684
2490 1.05423437084
2491 1.05742452713
2492 1.03835516964
2493 1.05630093179
2494 1.05957652681
2495 1.06297283863
2496 1.05945872921
2497 1.0523773581
2498 1.0577857831
2499 1.05435786296
2500 1.07325404542
2501 1.05364860443
2502 1.06648116251
2503 1.05263558277
2504 1.06128264466
2505 1.05444583184
2506 1.05684271243
2507 1.05949855557
2508 1.05582553358
2509 1.05428303444
2510 1.05497186022
2511 1.05933902284
2512 1.05184431747
2513 1.05293719449
2514 1.05732791384
2515 1.05494461883
2516 1.04934783327
*Step  = 11
*Time  = 2.2
*Data  = Fzz
1 1.05199045236
2 1.04560266674
3 1.05400190891
4 1.04687364835
5 1.05278820573
6 1.05614172722
7 1.05469141231
8 1.05545225365
9 1.05038397092
10 1.04043980716
11 1.05095167535
12 1.04130137187
13 1.03780985021
14 1.05254524696
15 1.05616720873
16 1.04827980998
17 1.06426576464
18 1.05184599464
19 1.05136690766
20 1.05582531216
21 1.04240600039
22 1.04322680432
23 1.04357286214
24 1.0493850536
25 1.05473061867
26 1.05605161581
27 1.04620226838
28 1.05715270478
29 1.04652130539
30 1.04157878941
31 1.05389861293
32 1.05671570294
33 1.0591621814
34 1.05791867173
35 1.05480194603
36 1.05206114839
37 1.05736853953
38 1.06139686373
39 1.05150983828
40 1.030181718
41 1.04577125538
42 1.05668679018
43 1.04293126513
44 1.05753190223
45 1.05956031445
46 1.03863642073
47 1.06679785554
48 1.05456886218
49 1.05913086242
50 1.04189335555
51 1.03824844745
52 1.05354144595
53 1.04710752967
54 1.03765968736
55 1.04248194748
56 1.06143263412
57 1.04020795322
58 1.04847475834
59 1.04081657777
60 1.06153708083
61 1.05123211911
62 1.04580020789
63 1.05158665057
64 1.04574405781
65 1.04744812371
66 1.05198372493
67 1.03606548565
68 1.03648759327
69 1.05384256277
70 1.06138521853
71 1.0563766337
72 1.04593996792
73 1.04776204728
74 1.04201359277
75 1.06159911497
76 1.05917275458
77 1.04938910381
78 1.03294093202
79 1.0500629706
80 1.04757678308
81 1.04790793179
82 1.06108637717
83 1.06093227986
84 1.04971234566
85 1.04567713702
86 1.02582556177
87 1.04525922375
88 1.04891774254
89 1.05234368593
90 1.04128975059
91 1.04979409306
92 1.04492056309
93 1.0466415683
94 1.03858051057
95 1.04698563955
96 1.02799782188
97 1.04768330876
98 1.05735362583
99 1.02530323929
100 1.04307984762
101 1.04398186707
102 1.05044307733
103 1.05716658731
104 1.06716256124
105 1.05517936724
106 1.05523268079
107 1.04544024604
108 1.04127190992
109 1.0372679748
110 1.05210428798
111 1.04743745439
112 1.05035188196
113 1.07319533115
114 1.05092496019
115 1.04524975191
116 1.04209730903
117 1.04860791646
118 1.04975597322
119 1.02642448048
120 1.05684807464
121 1.04390542501
122 1.03183475406
123 1.03092422438
124 1.06145433208
125 1.05476123887
126 1.05584112445
127 1.07256916209
128 1.05095694086
129 1.05070320249
130 1.04677206719
131 1.04802711713
132 1.06183671551
133 1.04470868144
134 1.05311803583
135 1.05468291995
136 1.05006355014
137 1.057055593
138 1.07825422725
139 1.03538340695
140 1.0444561528
141 1.04390755867
142 1.04712467515
143 1.04780802228
144 1.02942335004
145 1.04443879879
146 1.04388610409
147 1.05112944142
148 1.02929559369
149 1.04235079335
150 1.05614351956
151 1.05947218543
152 1.0306375881
153 1.04616273177
154 1.05294086235
155 1.03422729663
156 1.0350083737
157 1.0524446855
158 1.06132731144
159 1.04993369484
160 1.02059454402
161 1.07680125974
162 1.05555432272
163 1.04737974167
164 1.03585115256
165 1.03793549596
166 1.0229472424
167 1.05079361689
168 1.03688852322
169 1.05218114723
170 1.04584302127
171 1.03788353014
172 1.05003997575
173 1.0356940019
174 1.05999776644
175 1.05789202675
176 1.02214944258
177 1.05230846352
178 1.06169618911
179 1.02661165447
180 1.02604085679
181 1.05701347194
182 1.05379154535
183 1.04163945589
184 1.05847531047
185 1.0472892954
186 1.065778475
187 1.04148279998
188 1.0503265873
189 1.02027977444
190 1.03990076713
191 1.03608641701
192 1.05374106746
193 1.03972290166
194 1.05478262906
195 1.05684807464
196 1.03874883469
197 1.04375933049
198 1.05684807464
199 1.03592190049
200 1.04223237641
201 1.02302589674
202 1.07243188442
203 1.0553211199
204 1.05481994565
205 1.05983362736
206 1.06110848287
207 1.0584369579
208 1.02802565098
209 1.05555432272
210 1.04304571494
211 1.02267206719
212 1.06077835641
213 1.02161264927
214 1.02850287485
215 1.07493239309
216 1.04980185895
217 1.05154417997
218 1.02737603978
219 1.06334294067
220 1.04626494915
221 1.04702722834
222 1.05361126917
223 1.03581004459
224 1.03194375729
225 1.03504003454
226 1.04088884135
227 1.05185338826
228 1.04326407799
229 1.04378839724
230 1.05522804546
231 1.03006105105
232 1.02891285859
233 1.02564668371
234 1.04087109684
235 1.05059372555
236 1.04979426918
237 1.03852613959
238 1.03454507608
239 1.04850968089
240 1.04853055093
241 1.02945088938
242 1.05347734429
243 1.0528258907
244 1.02815041925
245 1.05788456299
246 1.02582658279
247 1.05542825892
248 1.05348470784
249 1.054286809
250 1.04792345453
251 1.03554700795
252 1.0528258907
253 1.0508988992
254 1.04850197311
255 1.04056253961
256 1.04981909117
257 1.02758657937
258 1.03602587749
259 1.05272265393
260 1.05178523676
261 1.04014058475
262 1.03743891937
263 1.0450091776
264 1.05232470086
265 1.04220921962
266 1.03329655423
267 1.05272265393
268 1.03848898708
269 1.0427822784
270 1.02336337397
271 1.04301863963
272 1.02338939089
273 1.04760346924
274 1.03742348721
275 1.04744212796
276 1.03927175774
277 1.05788456299
278 1.04746480101
279 1.02325595884
280 1.04496618071
281 1.07405941523
282 1.04490722409
283 1.07540234009
284 1.07261048656
285 1.07235292469
286 1.07529985547
287 1.07864086187
288 1.07319533115
289 1.07533975921
290 1.07429314365
291 1.07399264584
292 1.04783460146
293 1.05272265393
294 1.05705455394
295 1.06820502473
296 1.06682856391
297 1.07864086187
298 1.0721174556
299 1.07726423681
300 1.07786210921
301 1.07203323521
302 1.07775111882
303 1.07219536875
304 1.07775111882
305 1.05010091173
306 1.03662012372
307 1.07738779741
308 1.07724295857
309 1.07072474613
310 1.07023565183
311 1.06484163748
312 1.06514209291
313 1.06657188439
314 1.05319234685
315 1.05472294015
316 1.06357451809
317 1.05273967842
318 1.06143216201
319 1.03121858508
320 1.06649228151
321 1.06690820795
322 1.0394715646
323 1.05345570248
324 1.04576148517
325 1.07009058763
326 1.06824852843
327 1.05370796616
328 1.05485270769
329 1.04351185564
330 1.06377842671
331 1.05421198934
332 1.06063972314
333 1.0500323248
334 1.06365133756
335 1.04141415083
336 1.06941980102
337 1.04590944328
338 1.04293764702
339 1.04207191139
340 1.04997451214
341 1.02921191954
342 1.059543381
343 1.04164950541
344 1.03601442443
345 1.04214025794
346 1.02686266119
347 1.05887610344
348 1.04087800814
349 1.06330132314
350 1.034688442
351 1.03317403913
352 1.04523427701
353 1.04539079078
354 1.04135908922
355 1.04504825696
356 1.04562849148
357 1.03914417071
358 1.03651111204
359 1.03404717021
360 1.04103940993
361 1.05460517425
362 1.034087037
363 1.03202632286
364 1.02952312834
365 1.04638879694
366 1.0306843233
367 1.03112346508
368 1.05248442608
369 1.0560894269
370 1.05286903994
371 1.02938622968
372 1.05058221538
373 1.03018066408
374 1.03014518663
375 1.02417764147
376 1.02414388339
377 1.05553987927
378 1.03802680546
379 1.05526013926
380 1.03115216368
381 1.06535512975
382 1.0481128406
383 1.02577785343
384 1.02683209836
385 1.02487305646
386 1.03324748744
387 1.0252441939
388 1.02566912912
389 1.0307403256
390 1.02450654506
391 1.02600227195
392 1.05397200145
393 1.042103185
394 1.02556271779
395 1.02256234354
396 1.0407717214
397 1.02557418263
398 1.02256412988
399 1.02608566264
400 1.04424595093
401 1.03544628943
402 1.05619052318
403 1.02584927629
404 1.03472972789
405 1.03291799628
406 1.02325687683
407 1.02293718198
408 1.06275906774
409 1.02293316917
410 1.02141636391
411 1.02253552146
412 1.02252494754
413 1.0437109916
414 1.03413392163
415 1.04287657088
416 1.02366333851
417 1.02366687075
418 1.0655832102
419 1.04768250407
420 1.01909670654
421 1.04279842075
422 1.03461675051
423 1.02272200213
424 1.04556245312
425 1.0548217028
426 1.04417329682
427 1.0529002657
428 1.02273256844
429 1.02468776991
430 1.02270693396
431 1.02277902138
432 1.02220471294
433 1.02463895956
434 1.02684490696
435 1.0440021992
436 1.04537508654
437 1.02154458029
438 1.0216516469
439 1.02271338875
440 1.02300643422
441 1.04294977254
442 1.02143910073
443 1.02027685754
444 1.0240267451
445 1.02489595335
446 1.04115891342
447 1.02261619019
448 1.05341180089
449 1.03075715916
450 1.02350962199
451 1.04397861162
452 1.04817174348
453 1.02397129622
454 1.02379085237
455 1.02558029336
456 1.02309697998
457 1.02864543158
458 1.03036123798
459 1.02915046341
460 1.02027977444
461 1.04492072273
462 1.05074641689
463 1.0478490099
464 1.05758237057
465 1.05273967842
466 1.06263784231
467 1.05702626054
468 1.03094662177
469 1.05448207778
470 1.04812840491
471 1.04523415969
472 1.02470553552
473 1.03241116055
474 1.02617806338
475 1.03313734313
476 1.03137393361
477 1.03579521865
478 1.03605875408
479 1.03669956086
480 1.03905572228
481 1.03932375486
482 1.03496529724
483 1.04469884866
484 1.03278068314
485 1.04438099549
486 1.03204707248
487 1.03748585203
488 1.03868659613
489 1.03881678847
490 1.04396694925
491 1.04058142663
492 1.03957453345
493 1.04919411547
494 1.04635931039
495 1.03460761625
496 1.04251780608
497 1.04318804548
498 1.04287604871
499 1.04356520587
500 1.04607880989
501 1.03737583197
502 1.04169182122
503 1.04647171663
504 1.04640751987
505 1.04823666895
506 1.0480290582
507 1.05224256758
508 1.04973497363
509 1.03487847515
510 1.03694458967
511 1.04823297045
512 1.05112430413
513 1.04528662458
514 1.05281444755
515 1.05036086824
516 1.05319599475
517 1.05325908755
518 1.06495246137
519 1.06439399568
520 1.06216828742
521 1.05646477053
522 1.04489243061
523 1.06392593207
524 1.04424197166
525 1.06643132534
526 1.04362642402
527 1.06232510188
528 1.03667847998
529 1.06484478432
530 1.05747213262
531 1.03781122667
532 1.05834301971
533 1.04385993998
534 1.05276446895
535 1.04461114036
536 1.07066575069
537 1.0234529135
538 1.05488658762
539 1.0553714109
540 1.07377512604
541 1.07333957224
542 1.07422869941
543 1.04714719526
544 1.07360481867
545 1.07409262264
546 1.07973758009
547 1.08363919519
548 1.08199413192
549 1.08225362446
550 1.08363919519
551 1.07989143217
552 1.07627278613
553 1.07627278613
554 1.07615302374
555 1.07619861636
556 1.07978315909
557 1.07983089688
558 1.08046000683
559 1.08055644102
560 1.07452281758
561 1.07452281758
562 1.0798482124
563 1.07627278613
564 1.07640493665
565 1.07632451235
566 1.07524912668
567 1.07587953677
568 1.08147225607
569 1.08122014412
570 1.07176398377
571 1.07131989434
572 1.07782242845
573 1.07300471742
574 1.06270381021
575 1.07782242845
576 1.07339408488
577 1.07856876882
578 1.07842963361
579 1.07322750113
580 1.07636698654
581 1.06239623648
582 1.06193956273
583 1.06467751333
584 1.04545533484
585 1.06571975944
586 1.0660751162
587 1.05477344886
588 1.05498463985
589 1.04489405531
590 1.05778163455
591 1.0523199126
592 1.0625824482
593 1.05388506266
594 1.04952209768
595 1.05436121876
596 1.05236198468
597 1.04986923665
598 1.05156481221
599 1.05046393855
600 1.04302795829
601 1.05025621793
602 1.05392553842
603 1.03509650314
604 1.05165451071
605 1.0568358518
606 1.0409379664
607 1.03680591394
608 1.05129651925
609 1.05258128945
610 1.04742877105
611 1.03774090904
612 1.04734613188
613 1.05423772994
614 1.05578790084
615 1.04481710252
616 1.04628430939
617 1.05844269355
618 1.05199556334
619 1.05559157093
620 1.05849418587
621 1.04439597942
622 1.05546896491
623 1.05230633807
624 1.03838005059
625 1.02778365424
626 1.03511088643
627 1.02465473471
628 1.02442562869
629 1.04842484023
630 1.05559215067
631 1.05923324192
632 1.0709709607
633 1.0783823403
634 1.04686452047
635 1.03510394101
636 1.03146367506
637 1.04274543914
638 1.04364947052
639 1.06286336105
640 1.04847854981
641 1.04317698186
642 1.02267397338
643 1.05131482046
644 1.05934802647
645 1.06189789143
646 1.06238863057
647 1.05886495773
648 1.0337415339
649 1.07258419864
650 1.07256846963
651 1.0460611434
652 1.06178211888
653 1.04795154148
654 1.03349010303
655 1.0275906525
656 1.02882691178
657 1.05769439252
658 1.02990828674
659 1.02921455613
660 1.05030442602
661 1.02843146289
662 1.02865880956
663 1.06165070878
664 1.03492927269
665 1.04388180764
666 1.03299502738
667 1.03165876628
668 1.03214604219
669 1.06170739066
670 1.03596441334
671 1.0369859962
672 1.04577502511
673 1.03262664588
674 1.0436462281
675 1.04143035524
676 1.03445302017
677 1.04636259745
678 1.05673822554
679 1.05280547485
680 1.05062181002
681 1.03075224303
682 1.03502932916
683 1.04062523611
684 1.05779782092
685 1.05400046941
686 1.05325332117
687 1.0612708547
688 1.06049396258
689 1.0691579336
690 1.06804136599
691 1.06868652082
692 1.06825067021
693 1.06445506441
694 1.02067250675
695 1.0522535748
696 1.07331874152
697 1.07407810386
698 1.07367532713
699 1.07364724691
700 1.07250750481
701 1.07364724691
702 1.07669549353
703 1.07365177863
704 1.07485596929
705 1.07493352682
706 1.05788456299
707 1.07555674987
708 1.07322750113
709 1.07934767601
710 1.03360541541
711 1.02671862413
712 1.06759095499
713 1.06730535857
714 1.05656183324
715 1.04153291781
716 1.05764049261
717 1.04202885936
718 1.04158800976
719 1.05215596727
720 1.04646214826
721 1.03140343665
722 1.03096237226
723 1.0495616098
724 1.06687900441
725 1.03895015543
726 1.0385441576
727 1.04563875064
728 1.04755014463
729 1.05874444361
730 1.02850332555
731 1.05826422385
732 1.05387220947
733 1.03019164441
734 1.05613281377
735 1.05634998941
736 1.03650088959
737 1.03366839724
738 1.03478691715
739 1.03994873154
740 1.04399443474
741 1.05376443024
742 1.06622569323
743 1.06859063243
744 1.07117076423
745 1.0515760852
746 1.06643194061
747 1.0665421735
748 1.07813676202
749 1.07555674987
750 1.07943736279
751 1.07974461126
752 1.07322750113
753 1.06259561241
754 1.06248053294
755 1.07407190296
756 1.05898504276
757 1.05323463483
758 1.05422501022
759 1.04065944614
760 1.03559440034
761 1.03376886463
762 1.06264064405
763 1.03188096823
764 1.02770371059
765 1.02336743013
766 1.02536112741
767 1.02875520526
768 1.04434260885
769 1.04832010807
770 1.0564848557
771 1.045065708
772 1.03823342155
773 1.02856346879
774 1.04037099806
775 1.05563073702
776 1.03254391238
777 1.03671262667
778 1.03724085674
779 1.0409724449
780 1.03219290794
781 1.05506607097
782 1.06274259003
783 1.06329894648
784 1.06380787874
785 1.07818725052
786 1.07810594731
787 1.07531997042
788 1.07290430561
789 1.07229486807
790 1.07403176634
791 1.08044235811
792 1.08024311232
793 1.07974461126
794 1.06380588428
795 1.05038887786
796 1.0530815738
797 1.04165955579
798 1.0354016554
799 1.04145267853
800 1.03689923126
801 1.03872754253
802 1.08030195861
803 1.03271057724
804 1.0310473578
805 1.02840996044
806 1.02908113132
807 1.06483672602
808 1.05636656812
809 1.02523612282
810 1.0258491041
811 1.0246466257
812 1.02460513318
813 1.02438800274
814 1.02370210019
815 1.02552851649
816 1.02055544347
817 1.02819705365
818 1.03232623695
819 1.03081761658
820 1.03020589887
821 1.03328351635
822 1.03647994643
823 1.03672068957
824 1.03501681308
825 1.04338854328
826 1.03230209996
827 1.05880110874
828 1.04129205228
829 1.06498453407
830 1.05649585199
831 1.04154740781
832 1.07007360772
833 1.07531997042
834 1.06858259623
835 1.06737886283
836 1.07699178157
837 1.07690392796
838 1.08107939509
839 1.03845229775
840 1.06179637207
841 1.05523268079
842 1.03802981466
843 1.06258245075
844 1.04924247446
845 1.04791777542
846 1.0252352901
847 1.04549742801
848 1.05027166048
849 1.02968476685
850 1.03169741215
851 1.05592711292
852 1.03114493881
853 1.04265412301
854 1.0469932821
855 1.02664664352
856 1.03806721659
857 1.04314644634
858 1.01998891484
859 1.01998920031
860 1.06204716534
861 1.04978496402
862 1.04971720248
863 1.06874666092
864 1.06277406521
865 1.03229074695
866 1.03024769028
867 1.03107848883
868 1.03506509894
869 1.04374828409
870 1.02926199549
871 1.05281060584
872 1.05350683408
873 1.06970650929
874 1.06434989391
875 1.08015636404
876 1.06128460367
877 1.06150351048
878 1.05702502729
879 1.04838076623
880 1.03992363134
881 1.03574028513
882 1.03456688229
883 1.05535584864
884 1.02671850465
885 1.02016188284
886 1.05169670234
887 1.02194209356
888 1.02259272287
889 1.04721729343
890 1.05187792446
891 1.03596341165
892 1.03839798828
893 1.02264250665
894 1.05427928898
895 1.06496147781
896 1.07216640905
897 1.0756642798
898 1.0767220757
899 1.07825422725
900 1.04783128487
901 1.05788456299
902 1.04534129573
903 1.08116055865
904 1.06088985512
905 1.08091515027
906 1.06088985512
907 1.07931458333
908 1.06278735215
909 1.07946098535
910 1.05946012701
911 1.06389686917
912 1.02278743089
913 1.04913407367
914 1.03198232045
915 1.05379395371
916 1.05426382063
917 1.04980170865
918 1.04373422806
919 1.0391159742
920 1.05006378835
921 1.03416864769
922 1.06875886117
923 1.03475688499
924 1.03404295977
925 1.03047285271
926 1.03156344846
927 1.03174215878
928 1.0234008485
929 1.02304338907
930 1.02331384261
931 1.0271404514
932 1.02644931111
933 1.02298820711
934 1.0177433731
935 1.01777499651
936 1.02212863958
937 1.02466804719
938 1.02491905253
939 1.02171634677
940 1.02442945238
941 1.02356885379
942 1.02205040404
943 1.02272062939
944 1.02200323865
945 1.02553615497
946 1.04672411624
947 1.02264650781
948 1.03164717951
949 1.03329213829
950 1.03373295357
951 1.03452112551
952 1.03252153675
953 1.03352581455
954 1.03574835684
955 1.03145394294
956 1.04056903698
957 1.05654892519
958 1.05904622476
959 1.04170490567
960 1.05234306929
961 1.05518374473
962 1.05323158496
963 1.05419419521
964 1.04049389144
965 1.07623172336
966 1.07623172336
967 1.06977837403
968 1.0528258907
969 1.04938712172
970 1.05705981114
971 1.0508118347
972 1.05451221749
973 1.06597499145
974 1.06587559038
975 1.05705455394
976 1.032036515
977 1.05176157284
978 1.03908024947
979 1.06350098711
980 1.05189371495
981 1.03600097718
982 1.06587269844
983 1.03804540846
984 1.0389618124
985 1.04598275663
986 1.0512071822
987 1.05410510455
988 1.04646252593
989 1.04234482831
990 1.0271854414
991 1.05627069237
992 1.03230413258
993 1.05310271502
994 1.04976490845
995 1.02214811775
996 1.05166010508
997 1.05495024303
998 1.04752584595
999 1.03640346514
1000 1.02229181276
1001 1.05123409112
1002 1.05529960477
1003 1.05116768886
1004 1.04666950908
1005 1.05274707788
1006 1.04582484918
1007 1.04633176314
1008 1.03028240541
1009 1.0473662369
1010 1.04489545279
1011 1.04435669545
1012 1.05762635015
1013 1.04977987382
1014 1.04767758216
1015 1.05077958782
1016 1.04903379693
1017 1.04940685958
1018 1.0441302388
1019 1.05214090463
1020 1.03047461535
1021 1.04322873823
1022 1.02612846951
1023 1.04883154363
1024 1.07021870093
1025 1.04281486535
1026 1.04175173778
1027 1.03797001379
1028 1.03410501549
1029 1.0341167358
1030 1.05210489632
1031 1.04792429748
1032 1.04849767964
1033 1.05259946196
1034 1.04998145243
1035 1.04973628155
1036 1.03196584962
1037 1.05617250235
1038 1.05036146366
1039 1.04757455356
1040 1.05280828491
1041 1.05262808289
1042 1.05159946227
1043 1.06250223163
1044 1.04859982077
1045 1.0372460093
1046 1.03741963249
1047 1.05256941119
1048 1.0370352265
1049 1.04781400658
1050 1.06342602427
1051 1.02527913329
1052 1.05080130827
1053 1.06088985512
1054 1.04596498725
1055 1.05762637066
1056 1.05585335623
1057 1.05630298383
1058 1.02172854049
1059 1.05093461383
1060 1.05127107832
1061 1.04063068208
1062 1.05742921656
1063 1.05085513375
1064 1.04361542711
1065 1.0527043675
1066 1.04030096304
1067 1.05319754957
1068 1.05321555436
1069 1.05134102359
1070 1.05432437659
1071 1.05387266751
1072 1.05448673655
1073 1.04960970833
1074 1.05600203207
1075 1.03239505315
1076 1.04438786553
1077 1.04555852647
1078 1.04524172663
1079 1.03157127687
1080 1.03570906772
1081 1.05047111753
1082 1.04873525425
1083 1.04489679242
1084 1.04226467979
1085 1.07468430453
1086 1.04608621958
1087 1.04018056964
1088 1.07435482356
1089 1.04515756779
1090 1.03437251929
1091 1.03500624607
1092 1.04402472421
1093 1.04463337246
1094 1.07423156206
1095 1.07412434266
1096 1.04363949936
1097 1.07230470318
1098 1.0574235607
1099 1.04946996893
1100 1.04315620441
1101 1.05539284729
1102 1.04710321665
1103 1.04615693939
1104 1.05586603449
1105 1.07075519943
1106 1.05866271729
1107 1.06834367278
1108 1.05626596112
1109 1.0600005474
1110 1.06015940546
1111 1.05869034886
1112 1.04460289449
1113 1.05603862273
1114 1.04512338029
1115 1.06513473663
1116 1.05247857358
1117 1.06178059315
1118 1.0665155819
1119 1.0557326984
1120 1.07326614939
1121 1.06607327207
1122 1.06610396767
1123 1.10120735225
1124 1.06002535616
1125 1.05881172235
1126 1.07353051606
1127 1.0679006831
1128 1.04197744384
1129 1.04289819718
1130 1.0595717389
1131 1.06541029245
1132 1.06069349539
1133 1.07214982417
1134 1.06340326459
1135 1.0656650472
1136 1.04107518451
1137 1.03957067203
1138 1.05010676802
1139 1.08029346818
1140 1.03798392533
1141 1.04204774379
1142 1.03600538351
1143 1.02809235779
1144 1.02751491047
1145 1.02372376841
1146 1.05792079265
1147 1.04465156668
1148 1.0500563898
1149 1.05782196551
1150 1.057129756
1151 1.05779095196
1152 1.07267000688
1153 1.05002623297
1154 1.05538145504
1155 1.04060566265
1156 1.0541343984
1157 1.05850783739
1158 1.06261862816
1159 1.04300387688
1160 1.05806882732
1161 1.05700897081
1162 1.05777495133
1163 1.04373337636
1164 1.04502197219
1165 1.03775138637
1166 1.07073752915
1167 1.05235567648
1168 1.06451914282
1169 1.0557178508
1170 1.03469566072
1171 1.06238895804
1172 1.05540856851
1173 1.05799763578
1174 1.06386082883
1175 1.03795024486
1176 1.02906245344
1177 1.05298260928
1178 1.04948824861
1179 1.0618468955
1180 1.04121205277
1181 1.04705105304
1182 1.04177569564
1183 1.05335188605
1184 1.03251400087
1185 1.03733535936
1186 1.0481695078
1187 1.05537784045
1188 1.04743405074
1189 1.05519151106
1190 1.06191954218
1191 1.06604754065
1192 1.06001744135
1193 1.07609635322
1194 1.0469121949
1195 1.05867404024
1196 1.03370703447
1197 1.05384296427
1198 1.05997421465
1199 1.07568949727
1200 1.06669652778
1201 1.05615721909
1202 1.04883573202
1203 1.05484327912
1204 1.05347150659
1205 1.05396094481
1206 1.05738469479
1207 1.04676798297
1208 1.05895421922
1209 1.03145085226
1210 1.04420355541
1211 1.04271632796
1212 1.06109514086
1213 1.05530708559
1214 1.0547485886
1215 1.05777200008
1216 1.04182388449
1217 1.03161986813
1218 1.04982355742
1219 1.05369492302
1220 1.05404240153
1221 1.04213937127
1222 1.05370443433
1223 1.0492298788
1224 1.06000153825
1225 1.05771716763
1226 1.04701969784
1227 1.04506833335
1228 1.04582130974
1229 1.04743867779
1230 1.04815259756
1231 1.06128460367
1232 1.06703446892
1233 1.06034522392
1234 1.0699641759
1235 1.07724185183
1236 1.05782338059
1237 1.05728942866
1238 1.05255983256
1239 1.05749605283
1240 1.03206387861
1241 1.06258114205
1242 1.0796855492
1243 1.03878928381
1244 1.04733641405
1245 1.07107679151
1246 1.07524549888
1247 1.05864562509
1248 1.06561433668
1249 1.0651681444
1250 1.05739112029
1251 1.0564957639
1252 1.05869278313
1253 1.06486780478
1254 1.05493011711
1255 1.05674088068
1256 1.05491696398
1257 1.05661852373
1258 1.06039170386
1259 1.05005645822
1260 1.04736225306
1261 1.04240604002
1262 1.03214658983
1263 1.04458389312
1264 1.05017199124
1265 1.0493276422
1266 1.05846392171
1267 1.02538109558
1268 1.05319207857
1269 1.04329676412
1270 1.03979127669
1271 1.03539775187
1272 1.06066701371
1273 1.02525727817
1274 1.02161571399
1275 1.04710785534
1276 1.04264805224
1277 1.03761063833
1278 1.05440053094
1279 1.04166809192
1280 1.03874608373
1281 1.0484020692
1282 1.04952813867
1283 1.0365314218
1284 1.05338695143
1285 1.03163194581
1286 1.054688398
1287 1.05243939261
1288 1.04920692619
1289 1.03738772168
1290 1.04788409794
1291 1.03281048412
1292 1.04068430344
1293 1.04514881626
1294 1.02629553641
1295 1.02562686977
1296 1.04620080651
1297 1.0340064137
1298 1.04107336893
1299 1.04906398323
1300 1.02672620178
1301 1.03206030979
1302 1.0461517593
1303 1.05671850577
1304 1.0468141412
1305 1.02141423752
1306 1.05037201108
1307 1.02609339808
1308 1.02467533272
1309 1.05583304578
1310 1.06221459592
1311 1.03209257985
1312 1.04870115583
1313 1.04973829287
1314 1.04779891658
1315 1.05095891496
1316 1.05634998941
1317 1.04738390824
1318 1.04728821161
1319 1.02550706561
1320 1.07035904823
1321 1.02845408867
1322 1.02416327101
1323 1.03051356624
1324 1.02468079361
1325 1.03089882646
1326 1.02398443136
1327 1.05503005634
1328 1.05634998941
1329 1.02843978758
1330 1.03323937927
1331 1.03920825658
1332 1.05477702052
1333 1.02357998267
1334 1.04271035819
1335 1.02501784023
1336 1.0333628682
1337 1.03120305476
1338 1.03159146001
1339 1.03121670268
1340 1.04744209876
1341 1.02935033275
1342 1.05126656823
1343 1.05445768492
1344 1.06072584021
1345 1.04273385418
1346 1.05610103549
1347 1.03576068763
1348 1.04175437754
1349 1.02617033654
1350 1.03314578479
1351 1.07102256562
1352 1.05667482309
1353 1.03666472922
1354 1.05204678072
1355 1.03537769487
1356 1.04126286812
1357 1.03935307005
1358 1.0572872093
1359 1.05121465142
1360 1.04159427087
1361 1.05580887863
1362 1.02610527395
1363 1.05785207378
1364 1.03964970343
1365 1.04429731328
1366 1.038928787
1367 1.04769715451
1368 1.04503075766
1369 1.04124865607
1370 1.06281763465
1371 1.05220913277
1372 1.05008926631
1373 1.03453408311
1374 1.04836471859
1375 1.04919379125
1376 1.05773042499
1377 1.0509395434
1378 1.05608941434
1379 1.05143023097
1380 1.05449050013
1381 1.06261459898
1382 1.04834886533
1383 1.04342836294
1384 1.04384336375
1385 1.06350544934
1386 1.06453321361
1387 1.06462083135
1388 1.07551086559
1389 1.05103547572
1390 1.05884350698
1391 1.0428622169
1392 1.04724608087
1393 1.05061570081
1394 1.0510788853
1395 1.04530365402
1396 1.05199117821
1397 1.05209635941
1398 1.05446201335
1399 1.03836420439
1400 1.03805280134
1401 1.06129205371
1402 1.02554154816
1403 1.05881765581
1404 1.06828500702
1405 1.06071822675
1406 1.0684528182
1407 1.06034589331
1408 1.06505846103
1409 1.04106028672
1410 1.04631575435
1411 1.05978675477
1412 1.04291348299
1413 1.03952841836
1414 1.03908431009
1415 1.0578152851
1416 1.05566193859
1417 1.05212997418
1418 1.05053001131
1419 1.02610031518
1420 1.05322638998
1421 1.04539199717
1422 1.05315512907
1423 1.06147941152
1424 1.04176755755
1425 1.06341360315
1426 1.04091666023
1427 1.06635112575
1428 1.04577674944
1429 1.0446257162
1430 1.05997265077
1431 1.04168445623
1432 1.04864822897
1433 1.06317589093
1434 1.04306500871
1435 1.05448796025
1436 1.03408799205
1437 1.0427290707
1438 1.04962769854
1439 1.05639818481
1440 1.03678258679
1441 1.04180077734
1442 1.0387828005
1443 1.02807263793
1444 1.05292574817
1445 1.06388915199
1446 1.03886919205
1447 1.05962504399
1448 1.06061040744
1449 1.04853652809
1450 1.05047366132
1451 1.05723260826
1452 1.05253460332
1453 1.07702216265
1454 1.02155447565
1455 1.05592696516
1456 1.07741789895
1457 1.05356196917
1458 1.0434624226
1459 1.04356667402
1460 1.02313306388
1461 1.03988035246
1462 1.05457632438
1463 1.05273116226
1464 1.06062602281
1465 1.06232756353
1466 1.02273162738
1467 1.06053258217
1468 1.03516212359
1469 1.04483407667
1470 1.05081640628
1471 1.05093584266
1472 1.05496933713
1473 1.04662143795
1474 1.05071872527
1475 1.03739581573
1476 1.04888837193
1477 1.05570987517
1478 1.05359960163
1479 1.0513635311
1480 1.04724106998
1481 1.05421128405
1482 1.06129538095
1483 1.06947786825
1484 1.05763348572
1485 1.06416088866
1486 1.05337384621
1487 1.06003113957
1488 1.04540682459
1489 1.04505925042
1490 1.0637094894
1491 1.07863781717
1492 1.05888754735
1493 1.06945161506
1494 1.03553933895
1495 1.07003540639
1496 1.0525078128
1497 1.063159401
1498 1.03869706076
1499 1.05321598322
1500 1.0454265711
1501 1.04372371009
1502 1.05066337509
1503 1.03825864506
1504 1.04646476876
1505 1.0415370569
1506 1.03959367957
1507 1.04676094982
1508 1.04742150556
1509 1.0478513884
1510 1.03755413261
1511 1.04126588149
1512 1.03842950664
1513 1.04339385827
1514 1.04192172951
1515 1.04866575891
1516 1.05653334167
1517 1.0429314307
1518 1.04431418377
1519 1.05328775023
1520 1.05324838999
1521 1.07543721719
1522 1.04488287667
1523 1.05713452511
1524 1.05997063308
1525 1.05877912114
1526 1.0491247093
1527 1.03983253132
1528 1.05100940313
1529 1.0582874055
1530 1.03465194959
1531 1.03334817499
1532 1.02934921365
1533 1.06103187293
1534 1.04843646217
1535 1.01892795748
1536 1.02295049398
1537 1.02320795902
1538 1.05474689241
1539 1.050600068
1540 1.05485247668
1541 1.07304132132
1542 1.06015252089
1543 1.05483240528
1544 1.05197242182
1545 1.03758246069
1546 1.02014436223
1547 1.05297331492
1548 1.0587128
1549 1.02444977444
1550 1.05644046762
1551 1.02282952988
1552 1.05105399672
1553 1.05463151351
1554 1.02341652431
1555 1.03670726594
1556 1.05239266805
1557 1.02335820482
1558 1.02527837769
1559 1.03427523625
1560 1.02093731746
1561 1.03461589799
1562 1.03524551546
1563 1.03378489574
1564 1.06452982861
1565 1.0487898797
1566 1.04198161365
1567 1.03324736095
1568 1.03782292596
1569 1.05068706977
1570 1.03796946413
1571 1.02011311212
1572 1.03463732373
1573 1.04835131755
1574 1.04667583121
1575 1.03574588675
1576 1.01896252854
1577 1.05190850441
1578 1.0464287957
1579 1.05286399035
1580 1.08096054524
1581 1.05782867055
1582 1.0519194283
1583 1.02785937385
1584 1.03770004886
1585 1.02666971548
1586 1.02281450493
1587 1.0426314794
1588 1.02306437307
1589 1.0586336896
1590 1.05342791964
1591 1.02047614423
1592 1.05091562937
1593 1.05241022347
1594 1.06132530777
1595 1.05447717251
1596 1.02106951298
1597 1.0580391133
1598 1.05836020926
1599 1.05300816953
1600 1.05055999795
1601 1.04550635418
1602 1.05563212076
1603 1.04100060752
1604 1.05451089801
1605 1.05379589272
1606 1.04382135945
1607 1.04408932295
1608 1.03873774142
1609 1.05044305248
1610 1.03435805212
1611 1.05126964833
1612 1.03878226729
1613 1.05685526198
1614 1.04927709327
1615 1.06541078539
1616 1.05734577484
1617 1.06462214377
1618 1.04686685243
1619 1.04858971821
1620 1.02364510733
1621 1.05351916911
1622 1.04893610492
1623 1.04355240638
1624 1.05017388951
1625 1.0392709563
1626 1.03696218605
1627 1.02772417186
1628 1.03295101203
1629 1.03917367264
1630 1.03145637479
1631 1.02337392316
1632 1.02310239021
1633 1.02339957092
1634 1.03432874158
1635 1.03594055354
1636 1.02289018714
1637 1.02438988157
1638 1.02669666029
1639 1.02484394065
1640 1.03833968879
1641 1.04334064758
1642 1.0462550548
1643 1.02459502505
1644 1.04783375378
1645 1.05613658825
1646 1.04721278612
1647 1.03456035988
1648 1.04423469229
1649 1.04853991699
1650 1.03704821556
1651 1.04718005098
1652 1.03435424836
1653 1.05509440225
1654 1.04483973156
1655 1.03288233992
1656 1.0574693163
1657 1.0531064814
1658 1.05735852871
1659 1.04028326463
1660 1.04905549248
1661 1.05803310249
1662 1.0578656315
1663 1.05621752668
1664 1.06293275654
1665 1.04077521779
1666 1.05228006309
1667 1.04327159022
1668 1.03717823324
1669 1.05713107171
1670 1.0485450047
1671 1.07467180843
1672 1.03667148289
1673 1.03780354016
1674 1.02926339711
1675 1.04655490183
1676 1.02643807389
1677 1.06068242947
1678 1.02368046739
1679 1.03524136966
1680 1.04946591284
1681 1.04508563058
1682 1.04290546812
1683 1.0564566842
1684 1.06224484948
1685 1.0516072251
1686 1.0512522209
1687 1.05106355969
1688 1.05580251021
1689 1.04351208732
1690 1.04479507912
1691 1.05680926367
1692 1.03460525817
1693 1.04444742386
1694 1.04859400027
1695 1.04778691256
1696 1.03167122997
1697 1.04707982039
1698 1.04222750863
1699 1.0526409301
1700 1.04351953883
1701 1.04716216326
1702 1.05460338358
1703 1.04826410614
1704 1.05885621928
1705 1.03163011632
1706 1.04763835275
1707 1.05820968474
1708 1.03625905691
1709 1.04703253239
1710 1.05217268603
1711 1.04743553972
1712 1.05311303591
1713 1.05159548684
1714 1.03531057557
1715 1.05428818238
1716 1.05260824641
1717 1.03352576745
1718 1.05020738046
1719 1.05526809903
1720 1.03367307249
1721 1.04227417002
1722 1.04728358977
1723 1.0555113381
1724 1.04250467821
1725 1.03726827144
1726 1.06087669247
1727 1.05632687013
1728 1.03353799348
1729 1.05950057667
1730 1.03371671957
1731 1.03977173244
1732 1.0506279299
1733 1.06251844889
1734 1.06290595156
1735 1.0559055106
1736 1.05208897925
1737 1.04717168026
1738 1.04665274314
1739 1.0561619933
1740 1.05523329144
1741 1.05386107263
1742 1.05453159402
1743 1.04360350545
1744 1.06288498347
1745 1.04889533767
1746 1.05296435143
1747 1.04563868978
1748 1.04202625836
1749 1.05953068405
1750 1.04510735793
1751 1.01756360049
1752 1.0511145893
1753 1.04767014524
1754 1.02945032929
1755 1.02916132932
1756 1.03770074855
1757 1.06677375724
1758 1.05963937458
1759 1.05935389551
1760 1.0602958087
1761 1.06372177099
1762 1.04953876186
1763 1.04550545441
1764 1.03369935921
1765 1.04888130597
1766 1.045914186
1767 1.04050985621
1768 1.06353981644
1769 1.05743795616
1770 1.06103709775
1771 1.05428819769
1772 1.07779966885
1773 1.05200745602
1774 1.04693322489
1775 1.05498959462
1776 1.05317292888
1777 1.05455941242
1778 1.07738603748
1779 1.05340493089
1780 1.07551093944
1781 1.03748888554
1782 1.07190354933
1783 1.0358189055
1784 1.05026237167
1785 1.0559575164
1786 1.07703790537
1787 1.03578352888
1788 1.04370679076
1789 1.0515839025
1790 1.05832716191
1791 1.05572053416
1792 1.04422069215
1793 1.05119330288
1794 1.07524014002
1795 1.05705402187
1796 1.08032446856
1797 1.04675664429
1798 1.04992228159
1799 1.0289480145
1800 1.04305863265
1801 1.03926477284
1802 1.04783665891
1803 1.05393638778
1804 1.04705645295
1805 1.0302337718
1806 1.04910645563
1807 1.04474779943
1808 1.04805768107
1809 1.04022629068
1810 1.05273249776
1811 1.03785173776
1812 1.04983498578
1813 1.03721442388
1814 1.0756642798
1815 1.05258718292
1816 1.05204810093
1817 1.06808555182
1818 1.05962905016
1819 1.05483295093
1820 1.03722461669
1821 1.05569640022
1822 1.03854281404
1823 1.04578399756
1824 1.03841654365
1825 1.02370766211
1826 1.05726751613
1827 1.05048520328
1828 1.04161512196
1829 1.04307605196
1830 1.04601013502
1831 1.04396733055
1832 1.04385648214
1833 1.0574295836
1834 1.05181648356
1835 1.04547181694
1836 1.04084126074
1837 1.07189337924
1838 1.03217903659
1839 1.04593703224
1840 1.06102891525
1841 1.06262449442
1842 1.0362521411
1843 1.03861035625
1844 1.03750441126
1845 1.04108368378
1846 1.03686361143
1847 1.02809224219
1848 1.02475932917
1849 1.05653660499
1850 1.06228027848
1851 1.0497107188
1852 1.06245887764
1853 1.05648796969
1854 1.03468370727
1855 1.04287642475
1856 1.0423079522
1857 1.03049315046
1858 1.03299036769
1859 1.05149193137
1860 1.05160152227
1861 1.0462673557
1862 1.05426950752
1863 1.05167127508
1864 1.04504826074
1865 1.04486962883
1866 1.04718931922
1867 1.04591209878
1868 1.05282332673
1869 1.03873413879
1870 1.06699460624
1871 1.03335476134
1872 1.06160642749
1873 1.05717830213
1874 1.04748836667
1875 1.02482221614
1876 1.03578511833
1877 1.03241324815
1878 1.05144512495
1879 1.04246783147
1880 1.0565721811
1881 1.03223994143
1882 1.08268757368
1883 1.05684807464
1884 1.0453587043
1885 1.04436434856
1886 1.03833489806
1887 1.05572797261
1888 1.04732743327
1889 1.02598367433
1890 1.03685633384
1891 1.06882512648
1892 1.02345445822
1893 1.04913544454
1894 1.05802180733
1895 1.04806293281
1896 1.08044031226
1897 1.05789766431
1898 1.04443397923
1899 1.04890091133
1900 1.03433489923
1901 1.05487278367
1902 1.06160768729
1903 1.05714796473
1904 1.06163694251
1905 1.05500358733
1906 1.04687191108
1907 1.04868131658
1908 1.0577509119
1909 1.05423940568
1910 1.05126609617
1911 1.05503241814
1912 1.05061375538
1913 1.05076105805
1914 1.03964685996
1915 1.0523354547
1916 1.05314913952
1917 1.04501274954
1918 1.04862492937
1919 1.05856788088
1920 1.05135550483
1921 1.04518701987
1922 1.03970121015
1923 1.04304870232
1924 1.05680018209
1925 1.05739223367
1926 1.057350181
1927 1.04298247494
1928 1.0441134257
1929 1.05510791742
1930 1.04968458811
1931 1.03384562352
1932 1.05697528244
1933 1.05144870379
1934 1.05227186611
1935 1.04436967963
1936 1.05118476006
1937 1.05978640149
1938 1.05446632307
1939 1.0381054492
1940 1.06064206702
1941 1.05768159407
1942 1.06686278639
1943 1.02609175995
1944 1.06026312954
1945 1.06054512609
1946 1.05744998362
1947 1.0413046108
1948 1.05028270368
1949 1.0564315562
1950 1.0543490797
1951 1.04097343567
1952 1.03879197312
1953 1.05238571157
1954 1.05829124246
1955 1.05499801999
1956 1.05375171064
1957 1.06082872561
1958 1.04052637382
1959 1.0237586285
1960 1.03731374512
1961 1.05139608947
1962 1.04859325289
1963 1.0450412117
1964 1.03492574744
1965 1.05352759963
1966 1.05510335071
1967 1.03660229405
1968 1.04716063289
1969 1.03941949804
1970 1.06887925449
1971 1.05150519122
1972 1.04858131815
1973 1.03945840095
1974 1.04126910906
1975 1.02588973184
1976 1.03262636059
1977 1.04938849145
1978 1.04332595563
1979 1.0423054869
1980 1.04260414641
1981 1.05397238624
1982 1.05281356134
1983 1.05339532314
1984 1.03907844305
1985 1.03573719324
1986 1.0502479346
1987 1.05441850185
1988 1.0385763561
1989 1.0320364509
1990 1.04583079927
1991 1.03653359882
1992 1.04425614457
1993 1.03246372056
1994 1.04617354194
1995 1.06655587724
1996 1.03465924594
1997 1.04788588198
1998 1.0275324799
1999 1.04450909628
2000 1.03080388984
2001 1.02581932119
2002 1.03565730508
2003 1.05453446771
2004 1.02967413197
2005 1.02858064276
2006 1.06153145696
2007 1.0477720587
2008 1.03629990193
2009 1.04911721842
2010 1.04240011157
2011 1.0390120763
2012 1.03065221614
2013 1.05144736928
2014 1.03855644769
2015 1.03524038334
2016 1.03495557682
2017 1.04564308662
2018 1.0328395816
2019 1.036480652
2020 1.0540459366
2021 1.04443899358
2022 1.05698958892
2023 1.06288191676
2024 1.05532941597
2025 1.03543659878
2026 1.04918594554
2027 1.02317867943
2028 1.04502136718
2029 1.04603467429
2030 1.04505225922
2031 1.04871071605
2032 1.03674006726
2033 1.03913323916
2034 1.04795079826
2035 1.04073200891
2036 1.03905407634
2037 1.05994533876
2038 1.04408905591
2039 1.04438663098
2040 1.05346185168
2041 1.04154842711
2042 1.03924180794
2043 1.0597022791
2044 1.03698913365
2045 1.05424724119
2046 1.05896224382
2047 1.05521772922
2048 1.0453957
2049 1.04988866029
2050 1.06215569776
2051 1.03958409508
2052 1.04037713235
2053 1.05922090721
2054 1.0644198877
2055 1.05337881589
2056 1.05743704396
2057 1.05126685222
2058 1.06084783054
2059 1.06153859412
2060 1.03812823895
2061 1.04048204926
2062 1.05358193902
2063 1.05420068674
2064 1.05107911136
2065 1.05868792161
2066 1.05232863424
2067 1.0502733152
2068 1.04885426711
2069 1.04644649677
2070 1.05945107582
2071 1.04382997609
2072 1.0669232947
2073 1.04524377194
2074 1.04820222825
2075 1.05684271243
2076 1.04571223339
2077 1.0448944032
2078 1.07793255382
2079 1.05049951018
2080 1.0595290525
2081 1.04843405636
2082 1.03958917878
2083 1.03823042637
2084 1.02257748117
2085 1.04787035086
2086 1.04619856261
2087 1.03621145297
2088 1.04897974106
2089 1.05905945244
2090 1.03838140866
2091 1.03855260454
2092 1.04711970458
2093 1.04063183599
2094 1.04362110971
2095 1.05611190656
2096 1.05068142249
2097 1.05913142662
2098 1.05226248418
2099 1.04752135148
2100 1.05228194497
2101 1.05247607774
2102 1.02466973305
2103 1.03589847056
2104 1.03900634612
2105 1.03676810743
2106 1.0225755035
2107 1.05185635105
2108 1.0372329258
2109 1.03920846248
2110 1.04176979033
2111 1.04023836781
2112 1.05209873666
2113 1.04413561965
2114 1.05357047613
2115 1.04880042414
2116 1.05190766564
2117 1.04265300633
2118 1.05241740029
2119 1.04797667785
2120 1.05262805066
2121 1.0500866015
2122 1.05400381977
2123 1.05548920002
2124 1.049183897
2125 1.06289565121
2126 1.05970419693
2127 1.05960984534
2128 1.04767191434
2129 1.06509595353
2130 1.06717451708
2131 1.05358653646
2132 1.04627770831
2133 1.04681738137
2134 1.05209899968
2135 1.04741899504
2136 1.03991262313
2137 1.05867673459
2138 1.04811060923
2139 1.0371245372
2140 1.04520435388
2141 1.05148327133
2142 1.04703558571
2143 1.0466628557
2144 1.05544670646
2145 1.05028253672
2146 1.05817191987
2147 1.03795644507
2148 1.04237445994
2149 1.03945207701
2150 1.03883347804
2151 1.04853381271
2152 1.06265302208
2153 1.0529274718
2154 1.03427733196
2155 1.03585631357
2156 1.03772668438
2157 1.02323682701
2158 1.03679994216
2159 1.03672922613
2160 1.04286638953
2161 1.03429852018
2162 1.05061263034
2163 1.04000407249
2164 1.04996325497
2165 1.04341158411
2166 1.04819317001
2167 1.03204422334
2168 1.04765017787
2169 1.04002856911
2170 1.04325852461
2171 1.03747922986
2172 1.04583091353
2173 1.04807665046
2174 1.04174081259
2175 1.03504771964
2176 1.04266203105
2177 1.04999476888
2178 1.05068073741
2179 1.04042707284
2180 1.05220128524
2181 1.05535326413
2182 1.04858443099
2183 1.04382480488
2184 1.04474505115
2185 1.03587380614
2186 1.03980690601
2187 1.05836113678
2188 1.05995339693
2189 1.0384815379
2190 1.05286567416
2191 1.06367501012
2192 1.05810141136
2193 1.04583792659
2194 1.02804113364
2195 1.04547567305
2196 1.03308321219
2197 1.03775317679
2198 1.02555532975
2199 1.04163419984
2200 1.03900284792
2201 1.04000409972
2202 1.04131012328
2203 1.04588339268
2204 1.02195845047
2205 1.03871335061
2206 1.0434408222
2207 1.05106139656
2208 1.05077292409
2209 1.03075989003
2210 1.05579091611
2211 1.0429669149
2212 1.04455669775
2213 1.03825176701
2214 1.04633665348
2215 1.05192281095
2216 1.04499149062
2217 1.04717576383
2218 1.04772822456
2219 1.04797902416
2220 1.04318717269
2221 1.03786886556
2222 1.03859931256
2223 1.02195665861
2224 1.04865772574
2225 1.05273967842
2226 1.02782370576
2227 1.05723282398
2228 1.06091305255
2229 1.03919879987
2230 1.02700260665
2231 1.04907120798
2232 1.0573672893
2233 1.04703558571
2234 1.05591379281
2235 1.05376212775
2236 1.04717577889
2237 1.04525977486
2238 1.04696908242
2239 1.06325038932
2240 1.03650158318
2241 1.06273931595
2242 1.05871789687
2243 1.05132244108
2244 1.05170655168
2245 1.05364129197
2246 1.05706923719
2247 1.05378201745
2248 1.05063511868
2249 1.04916104989
2250 1.04853336634
2251 1.02214892362
2252 1.05644014421
2253 1.04532329682
2254 1.05521193504
2255 1.04703558571
2256 1.03920364676
2257 1.04972392648
2258 1.04753864061
2259 1.02117254322
2260 1.04570177806
2261 1.03218785658
2262 1.03943503684
2263 1.04165047566
2264 1.04703558571
2265 1.04832801556
2266 1.03861484528
2267 1.05619814363
2268 1.04322922507
2269 1.02065452874
2270 1.07125844936
2271 1.06222462752
2272 1.05398133018
2273 1.04864261031
2274 1.05307839349
2275 1.05259167951
2276 1.05343627116
2277 1.04950609467
2278 1.05859609847
2279 1.0504334194
2280 1.05246500094
2281 1.05068554906
2282 1.05046953788
2283 1.04364513101
2284 1.04752393179
2285 1.05536281171
2286 1.05161656122
2287 1.04644860405
2288 1.05083288878
2289 1.03589816617
2290 1.04907548705
2291 1.02775251485
2292 1.03063406756
2293 1.05236389091
2294 1.02319819327
2295 1.02027977444
2296 1.04338909276
2297 1.05201731245
2298 1.05183931876
2299 1.0481171286
2300 1.04729713404
2301 1.05672267957
2302 1.04534831522
2303 1.05197433534
2304 1.04957550142
2305 1.04250573161
2306 1.05415851525
2307 1.04740940644
2308 1.05641974646
2309 1.05817060244
2310 1.0620783011
2311 1.05011061594
2312 1.05824175677
2313 1.04784686773
2314 1.04990873608
2315 1.06268510099
2316 1.04265752741
2317 1.06066541269
2318 1.05804122713
2319 1.05503786299
2320 1.04274558281
2321 1.05016351271
2322 1.0382614552
2323 1.04634626983
2324 1.04791462626
2325 1.05065509394
2326 1.07062379986
2327 1.04849748462
2328 1.05308197685
2329 1.04618863385
2330 1.04548291068
2331 1.04741945576
2332 1.05381551671
2333 1.03340485766
2334 1.04879922614
2335 1.04859200268
2336 1.04518043658
2337 1.04996036387
2338 1.03509833726
2339 1.05446101572
2340 1.06053828901
2341 1.05297102756
2342 1.04600038131
2343 1.05697082331
2344 1.05468819103
2345 1.06251614357
2346 1.05674673674
2347 1.05525849916
2348 1.05443539361
2349 1.05573302438
2350 1.05171077508
2351 1.06603246908
2352 1.05107350391
2353 1.04550868949
2354 1.04973376988
2355 1.05702295032
2356 1.04600529691
2357 1.06256413297
2358 1.04720706145
2359 1.04136562811
2360 1.04541267377
2361 1.043258151
2362 1.04394846552
2363 1.04481906617
2364 1.04905954679
2365 1.03489739414
2366 1.04269040937
2367 1.041651943
2368 1.02829185197
2369 1.02846914491
2370 1.02688350151
2371 1.03622996915
2372 1.03506074928
2373 1.03545303471
2374 1.02417266356
2375 1.02456844761
2376 1.02474937971
2377 1.02473731421
2378 1.03670313776
2379 1.03048409772
2380 1.0345419778
2381 1.03387084465
2382 1.03589810658
2383 1.0317750966
2384 1.03041566813
2385 1.04009184116
2386 1.03379204166
2387 1.03558565853
2388 1.04938014721
2389 1.04001662697
2390 1.06296552475
2391 1.04334162931
2392 1.04868897488
2393 1.03532656396
2394 1.02712565805
2395 1.0495095776
2396 1.04117420842
2397 1.03467852592
2398 1.06113049013
2399 1.04099762641
2400 1.0534394001
2401 1.03452410789
2402 1.05202364523
2403 1.03646978814
2404 1.05537090775
2405 1.03009982306
2406 1.03006594357
2407 1.04958814483
2408 1.0265958
2409 1.05740874124
2410 1.04190861303
2411 1.04757113231
2412 1.05399596422
2413 1.04375098458
2414 1.0492924819
2415 1.02690102109
2416 1.06047464565
2417 1.04924653899
2418 1.05026225639
2419 1.03415961622
2420 1.03821031878
2421 1.02609479812
2422 1.04395875149
2423 1.05607290203
2424 1.04422219428
2425 1.0422206508
2426 1.05548218956
2427 1.05196451776
2428 1.036016841
2429 1.05919875781
2430 1.04411211899
2431 1.04503224861
2432 1.01760504741
2433 1.03490807611
2434 1.02473064496
2435 1.03759160138
2436 1.04721000372
2437 1.04397771281
2438 1.0497748383
2439 1.06705509312
2440 1.06941415594
2441 1.04828981491
2442 1.0426777439
2443 1.05496143043
2444 1.02687773563
2445 1.06188724017
2446 1.04433858081
2447 1.0314087584
2448 1.03273281277
2449 1.05444220956
2450 1.04653015541
2451 1.04627861049
2452 1.02711378845
2453 1.02358446199
2454 1.0325424703
2455 1.04258259147
2456 1.02355724621
2457 1.02818138948
2458 1.03261475324
2459 1.04088179583
2460 1.02822770929
2461 1.0351019714
2462 1.04276961525
2463 1.02658354111
2464 1.02922492168
2465 1.04597102688
2466 1.02369030786
2467 1.04607837921
2468 1.02027977444
2469 1.05320585248
2470 1.03055046028
2471 1.0631190239
2472 1.04762777656
2473 1.05682468443
2474 1.03159711387
2475 1.02869104582
2476 1.03169104453
2477 1.04095746181
2478 1.04174345361
2479 1.05273967842
2480 1.04946986639
2481 1.05461664008
2482 1.05115923491
2483 1.05557733335
2484 1.0493539083
2485 1.04618083726
2486 1.04144062386
2487 1.04642157641
2488 1.05283734839
2489 1.03626467684
2490 1.05423437084
2491 1.05742452713
2492 1.03835516964
2493 1.05630093179
2494 1.05957652681
2495 1.06297283863
2496 1.05945872921
2497 1.0523773581
2498 1.0577857831
2499 1.05435786296
2500 1.07325404542
2501 1.05364860443
2502 1.06648116251
2503 1.05263558277
2504 1.06128264466
2505 1.05444583184
2506 1.05684271243
2507 1.05949855557
2508 1.05582553358
2509 1.05428303444
2510 1.05497186022
2511 1.05933902284
2512 1.05184431747
2513 1.05293719449
2514 1.05732791384
2515 1.05494461883
2516 1.04934783327
*Step  = 12
*Time  = 2.4
*Data  = Fzz
1 1.05199045236
2 1.04560266674
3 1.05400190891
4 1.04687364835
5 1.05278820573
6 1.05614172722
7 1.05469141231
8 1.05545225365
9 1.05038397092
10 1.04043980716
11 1.05095167535
12 1.04130137187
13 1.03780985021
14 1.05254524696
15 1.05616720873
16 1.04827980998
17 1.06426576464
18 1.05184599464
19 1.05136690766
20 1.05582531216
21 1.04240600039
22 1.04322680432
23 1.04357286214
24 1.0493850536
25 1.05473061867
26 1.05605161581
27 1.04620226838
28 1.05715270478
29 1.04652130539
30 1.04157878941
31 1.05389861293
32 1.05671570294
33 1.0591621814
34 1.05791867173
35 1.05480194603
36 1.05206114839
37 1.05736853953
38 1.06139686373
39 1.05150983828
40 1.030181718
41 1.04577125538
42 1.05668679018
43 1.04293126513
44 1.05753190223
45 1.05956031445
46 1.03863642073
47 1.06679785554
48 1.05456886218
49 1.05913086242
50 1.04189335555
51 1.03824844745
52 1.05354144595
53 1.04710752967
54 1.03765968736
55 1.04248194748
56 1.06143263412
57 1.04020795322
58 1.04847475834
59 1.04081657777
60 1.06153708083
61 1.05123211911
62 1.04580020789
63 1.05158665057
64 1.04574405781
65 1.04744812371
66 1.05198372493
67 1.03606548565
68 1.03648759327
69 1.05384256277
70 1.06138521853
71 1.0563766337
72 1.04593996792
73 1.04776204728
74 1.04201359277
75 1.06159911497
76 1.05917275458
77 1.04938910381
78 1.03294093202
79 1.0500629706
80 1.04757678308
81 1.04790793179
82 1.06108637717
83 1.06093227986
84 1.04971234566
85 1.04567713702
86 1.02582556177
87 1.04525922375
88 1.04891774254
89 1.05234368593
90 1.04128975059
91 1.04979409306
92 1.04492056309
93 1.0466415683
94 1.03858051057
95 1.04698563955
96 1.02799782188
97 1.04768330876
98 1.05735362583
99 1.02530323929
100 1.04307984762
101 1.04398186707
102 1.05044307733
103 1.05716658731
104 1.06716256124
105 1.05517936724
106 1.05523268079
107 1.04544024604
108 1.04127190992
109 1.0372679748
110 1.05210428798
111 1.04743745439
112 1.05035188196
113 1.07319533115
114 1.05092496019
115 1.04524975191
116 1.04209730903
117 1.04860791646
118 1.04975597322
119 1.02642448048
120 1.05684807464
121 1.04390542501
122 1.03183475406
123 1.03092422438
124 1.06145433208
125 1.05476123887
126 1.05584112445
127 1.07256916209
128 1.05095694086
129 1.05070320249
130 1.04677206719
131 1.04802711713
132 1.06183671551
133 1.04470868144
134 1.05311803583
135 1.05468291995
136 1.05006355014
137 1.057055593
138 1.07825422725
139 1.03538340695
140 1.0444561528
141 1.04390755867
142 1.04712467515
143 1.04780802228
144 1.02942335004
145 1.04443879879
146 1.04388610409
147 1.05112944142
148 1.02929559369
149 1.04235079335
150 1.05614351956
151 1.05947218543
152 1.0306375881
153 1.04616273177
154 1.05294086235
155 1.03422729663
156 1.0350083737
157 1.0524446855
158 1.06132731144
159 1.04993369484
160 1.02059454402
161 1.07680125974
162 1.05555432272
163 1.04737974167
164 1.03585115256
165 1.03793549596
166 1.0229472424
167 1.05079361689
168 1.03688852322
169 1.05218114723
170 1.04584302127
171 1.03788353014
172 1.05003997575
173 1.0356940019
174 1.05999776644
175 1.05789202675
176 1.02214944258
177 1.05230846352
178 1.06169618911
179 1.02661165447
180 1.02604085679
181 1.05701347194
182 1.05379154535
183 1.04163945589
184 1.05847531047
185 1.0472892954
186 1.065778475
187 1.04148279998
188 1.0503265873
189 1.02027977444
190 1.03990076713
191 1.03608641701
192 1.05374106746
193 1.03972290166
194 1.05478262906
195 1.05684807464
196 1.03874883469
197 1.04375933049
198 1.05684807464
199 1.03592190049
200 1.04223237641
201 1.02302589674
202 1.07243188442
203 1.0553211199
204 1.05481994565
205 1.05983362736
206 1.06110848287
207 1.0584369579
208 1.02802565098
209 1.05555432272
210 1.04304571494
211 1.02267206719
212 1.06077835641
213 1.02161264927
214 1.02850287485
215 1.07493239309
216 1.04980185895
217 1.05154417997
218 1.02737603978
219 1.06334294067
220 1.04626494915
221 1.04702722834
222 1.05361126917
223 1.03581004459
224 1.03194375729
225 1.03504003454
226 1.04088884135
227 1.05185338826
228 1.04326407799
229 1.04378839724
230 1.05522804546
231 1.03006105105
232 1.02891285859
233 1.02564668371
234 1.04087109684
235 1.05059372555
236 1.04979426918
237 1.03852613959
238 1.03454507608
239 1.04850968089
240 1.04853055093
241 1.02945088938
242 1.05347734429
243 1.0528258907
244 1.02815041925
245 1.05788456299
246 1.02582658279
247 1.05542825892
248 1.05348470784
249 1.054286809
250 1.04792345453
251 1.03554700795
252 1.0528258907
253 1.0508988992
254 1.04850197311
255 1.04056253961
256 1.04981909117
257 1.02758657937
258 1.03602587749
259 1.05272265393
260 1.05178523676
261 1.04014058475
262 1.03743891937
263 1.0450091776
264 1.05232470086
265 1.04220921962
266 1.03329655423
267 1.05272265393
268 1.03848898708
269 1.0427822784
270 1.02336337397
271 1.04301863963
272 1.02338939089
273 1.04760346924
274 1.03742348721
275 1.04744212796
276 1.03927175774
277 1.05788456299
278 1.04746480101
279 1.02325595884
280 1.04496618071
281 1.07405941523
282 1.04490722409
283 1.07540234009
284 1.07261048656
285 1.07235292469
286 1.07529985547
287 1.07864086187
288 1.07319533115
289 1.07533975921
290 1.07429314365
291 1.07399264584
292 1.04783460146
293 1.05272265393
294 1.05705455394
295 1.06820502473
296 1.06682856391
297 1.07864086187
298 1.0721174556
299 1.07726423681
300 1.07786210921
301 1.07203323521
302 1.07775111882
303 1.07219536875
304 1.07775111882
305 1.05010091173
306 1.03662012372
307 1.07738779741
308 1.07724295857
309 1.07072474613
310 1.07023565183
311 1.06484163748
312 1.06514209291
313 1.06657188439
314 1.05319234685
315 1.05472294015
316 1.06357451809
317 1.05273967842
318 1.06143216201
319 1.03121858508
320 1.06649228151
321 1.06690820795
322 1.0394715646
323 1.05345570248
324 1.04576148517
325 1.07009058763
326 1.06824852843
327 1.05370796616
328 1.05485270769
329 1.04351185564
330 1.06377842671
331 1.05421198934
332 1.06063972314
333 1.0500323248
334 1.06365133756
335 1.04141415083
336 1.06941980102
337 1.04590944328
338 1.04293764702
339 1.04207191139
340 1.04997451214
341 1.02921191954
342 1.059543381
343 1.04164950541
344 1.03601442443
345 1.04214025794
346 1.02686266119
347 1.05887610344
348 1.04087800814
349 1.06330132314
350 1.034688442
351 1.03317403913
352 1.04523427701
353 1.04539079078
354 1.04135908922
355 1.04504825696
356 1.04562849148
357 1.03914417071
358 1.03651111204
359 1.03404717021
360 1.04103940993
361 1.05460517425
362 1.034087037
363 1.03202632286
364 1.02952312834
365 1.04638879694
366 1.0306843233
367 1.03112346508
368 1.05248442608
369 1.0560894269
370 1.05286903994
371 1.02938622968
372 1.05058221538
373 1.03018066408
374 1.03014518663
375 1.02417764147
376 1.02414388339
377 1.05553987927
378 1.03802680546
379 1.05526013926
380 1.03115216368
381 1.06535512975
382 1.0481128406
383 1.02577785343
384 1.02683209836
385 1.02487305646
386 1.03324748744
387 1.0252441939
388 1.02566912912
389 1.0307403256
390 1.02450654506
391 1.02600227195
392 1.05397200145
393 1.042103185
394 1.02556271779
395 1.02256234354
396 1.0407717214
397 1.02557418263
398 1.02256412988
399 1.02608566264
400 1.04424595093
401 1.03544628943
402 1.05619052318
403 1.02584927629
404 1.03472972789
405 1.03291799628
406 1.02325687683
407 1.02293718198
408 1.06275906774
409 1.02293316917
410 1.02141636391
411 1.02253552146
412 1.02252494754
413 1.0437109916
414 1.03413392163
415 1.04287657088
416 1.02366333851
417 1.02366687075
418 1.0655832102
419 1.04768250407
420 1.01909670654
421 1.04279842075
422 1.03461675051
423 1.02272200213
424 1.04556245312
425 1.0548217028
426 1.04417329682
427 1.0529002657
428 1.02273256844
429 1.02468776991
430 1.02270693396
431 1.02277902138
432 1.02220471294
433 1.02463895956
434 1.02684490696
435 1.0440021992
436 1.04537508654
437 1.02154458029
438 1.0216516469
439 1.02271338875
440 1.02300643422
441 1.04294977254
442 1.02143910073
443 1.02027685754
444 1.0240267451
445 1.02489595335
446 1.04115891342
447 1.02261619019
448 1.05341180089
449 1.03075715916
450 1.02350962199
451 1.04397861162
452 1.04817174348
453 1.02397129622
454 1.02379085237
455 1.02558029336
456 1.02309697998
457 1.02864543158
458 1.03036123798
459 1.02915046341
460 1.02027977444
461 1.04492072273
462 1.05074641689
463 1.0478490099
464 1.05758237057
465 1.05273967842
466 1.06263784231
467 1.05702626054
468 1.03094662177
469 1.05448207778
470 1.04812840491
471 1.04523415969
472 1.02470553552
473 1.03241116055
474 1.02617806338
475 1.03313734313
476 1.03137393361
477 1.03579521865
478 1.03605875408
479 1.03669956086
480 1.03905572228
481 1.03932375486
482 1.03496529724
483 1.04469884866
484 1.03278068314
485 1.04438099549
486 1.03204707248
487 1.03748585203
488 1.03868659613
489 1.03881678847
490 1.04396694925
491 1.04058142663
492 1.03957453345
493 1.04919411547
494 1.04635931039
495 1.03460761625
496 1.04251780608
497 1.04318804548
498 1.04287604871
499 1.04356520587
500 1.04607880989
501 1.03737583197
502 1.04169182122
503 1.04647171663
504 1.04640751987
505 1.04823666895
506 1.0480290582
507 1.05224256758
508 1.04973497363
509 1.03487847515
510 1.03694458967
511 1.04823297045
512 1.05112430413
513 1.04528662458
514 1.05281444755
515 1.05036086824
516 1.05319599475
517 1.05325908755
518 1.06495246137
519 1.06439399568
520 1.06216828742
521 1.05646477053
522 1.04489243061
523 1.06392593207
524 1.04424197166
525 1.06643132534
526 1.04362642402
527 1.06232510188
528 1.03667847998
529 1.06484478432
530 1.05747213262
531 1.03781122667
532 1.05834301971
533 1.04385993998
534 1.05276446895
535 1.04461114036
536 1.07066575069
537 1.0234529135
538 1.05488658762
539 1.0553714109
540 1.07377512604
541 1.07333957224
542 1.07422869941
543 1.04714719526
544 1.07360481867
545 1.07409262264
546 1.07973758009
547 1.08363919519
548 1.08199413192
549 1.08225362446
550 1.08363919519
551 1.07989143217
552 1.07627278613
553 1.07627278613
554 1.07615302374
555 1.07619861636
556 1.07978315909
557 1.07983089688
558 1.08046000683
559 1.08055644102
560 1.07452281758
561 1.07452281758
562 1.0798482124
563 1.07627278613
564 1.07640493665
565 1.07632451235
566 1.07524912668
567 1.07587953677
568 1.08147225607
569 1.08122014412
570 1.07176398377
571 1.07131989434
572 1.07782242845
573 1.07300471742
574 1.06270381021
575 1.07782242845
576 1.07339408488
577 1.07856876882
578 1.07842963361
579 1.07322750113
580 1.07636698654
581 1.06239623648
582 1.06193956273
583 1.06467751333
584 1.04545533484
585 1.06571975944
586 1.0660751162
587 1.05477344886
588 1.05498463985
589 1.04489405531
590 1.05778163455
591 1.0523199126
592 1.0625824482
593 1.05388506266
594 1.04952209768
595 1.05436121876
596 1.05236198468
597 1.04986923665
598 1.05156481221
599 1.05046393855
600 1.04302795829
601 1.05025621793
602 1.05392553842
603 1.03509650314
604 1.05165451071
605 1.0568358518
606 1.0409379664
607 1.03680591394
608 1.05129651925
609 1.05258128945
610 1.04742877105
611 1.03774090904
612 1.04734613188
613 1.05423772994
614 1.05578790084
615 1.04481710252
616 1.04628430939
617 1.05844269355
618 1.05199556334
619 1.05559157093
620 1.05849418587
621 1.04439597942
622 1.05546896491
623 1.05230633807
624 1.03838005059
625 1.02778365424
626 1.03511088643
627 1.02465473471
628 1.02442562869
629 1.04842484023
630 1.05559215067
631 1.05923324192
632 1.0709709607
633 1.0783823403
634 1.04686452047
635 1.03510394101
636 1.03146367506
637 1.04274543914
638 1.04364947052
639 1.06286336105
640 1.04847854981
641 1.04317698186
642 1.02267397338
643 1.05131482046
644 1.05934802647
645 1.06189789143
646 1.06238863057
647 1.05886495773
648 1.0337415339
649 1.07258419864
650 1.07256846963
651 1.0460611434
652 1.06178211888
653 1.04795154148
654 1.03349010303
655 1.0275906525
656 1.02882691178
657 1.05769439252
658 1.02990828674
659 1.02921455613
660 1.05030442602
661 1.02843146289
662 1.02865880956
663 1.06165070878
664 1.03492927269
665 1.04388180764
666 1.03299502738
667 1.03165876628
668 1.03214604219
669 1.06170739066
670 1.03596441334
671 1.0369859962
672 1.04577502511
673 1.03262664588
674 1.0436462281
675 1.04143035524
676 1.03445302017
677 1.04636259745
678 1.05673822554
679 1.05280547485
680 1.05062181002
681 1.03075224303
682 1.03502932916
683 1.04062523611
684 1.05779782092
685 1.05400046941
686 1.05325332117
687 1.0612708547
688 1.06049396258
689 1.0691579336
690 1.06804136599
691 1.06868652082
692 1.06825067021
693 1.06445506441
694 1.02067250675
695 1.0522535748
696 1.07331874152
697 1.07407810386
698 1.07367532713
699 1.07364724691
700 1.07250750481
701 1.07364724691
702 1.07669549353
703 1.07365177863
704 1.07485596929
705 1.07493352682
706 1.05788456299
707 1.07555674987
708 1.07322750113
709 1.07934767601
710 1.03360541541
711 1.02671862413
712 1.06759095499
713 1.06730535857
714 1.05656183324
715 1.04153291781
716 1.05764049261
717 1.04202885936
718 1.04158800976
719 1.05215596727
720 1.04646214826
721 1.03140343665
722 1.03096237226
723 1.0495616098
724 1.06687900441
725 1.03895015543
726 1.0385441576
727 1.04563875064
728 1.04755014463
729 1.05874444361
730 1.02850332555
731 1.05826422385
732 1.05387220947
733 1.03019164441
734 1.05613281377
735 1.05634998941
736 1.03650088959
737 1.03366839724
738 1.03478691715
739 1.03994873154
740 1.04399443474
741 1.05376443024
742 1.06622569323
743 1.06859063243
744 1.07117076423
745 1.0515760852
746 1.06643194061
747 1.0665421735
748 1.07813676202
749 1.07555674987
750 1.07943736279
751 1.07974461126
752 1.07322750113
753 1.06259561241
754 1.06248053294
755 1.07407190296
756 1.05898504276
757 1.05323463483
758 1.05422501022
759 1.04065944614
760 1.03559440034
761 1.03376886463
762 1.06264064405
763 1.03188096823
764 1.02770371059
765 1.02336743013
766 1.02536112741
767 1.02875520526
768 1.04434260885
769 1.04832010807
770 1.0564848557
771 1.045065708
772 1.03823342155
773 1.02856346879
774 1.04037099806
775 1.05563073702
776 1.03254391238
777 1.03671262667
778 1.03724085674
779 1.0409724449
780 1.03219290794
781 1.05506607097
782 1.06274259003
783 1.06329894648
784 1.06380787874
785 1.07818725052
786 1.07810594731
787 1.07531997042
788 1.07290430561
789 1.07229486807
790 1.07403176634
791 1.08044235811
792 1.08024311232
793 1.07974461126
794 1.06380588428
795 1.05038887786
796 1.0530815738
797 1.04165955579
798 1.0354016554
799 1.04145267853
800 1.03689923126
801 1.03872754253
802 1.08030195861
803 1.03271057724
804 1.0310473578
805 1.02840996044
806 1.02908113132
807 1.06483672602
808 1.05636656812
809 1.02523612282
810 1.0258491041
811 1.0246466257
812 1.02460513318
813 1.02438800274
814 1.02370210019
815 1.02552851649
816 1.02055544347
817 1.02819705365
818 1.03232623695
819 1.03081761658
820 1.03020589887
821 1.03328351635
822 1.03647994643
823 1.03672068957
824 1.03501681308
825 1.04338854328
826 1.03230209996
827 1.05880110874
828 1.04129205228
829 1.06498453407
830 1.05649585199
831 1.04154740781
832 1.07007360772
833 1.07531997042
834 1.06858259623
835 1.06737886283
836 1.07699178157
837 1.07690392796
838 1.08107939509
839 1.03845229775
840 1.06179637207
841 1.05523268079
842 1.03802981466
843 1.06258245075
844 1.04924247446
845 1.04791777542
846 1.0252352901
847 1.04549742801
848 1.05027166048
849 1.02968476685
850 1.03169741215
851 1.05592711292
852 1.03114493881
853 1.04265412301
854 1.0469932821
855 1.02664664352
856 1.03806721659
857 1.04314644634
858 1.01998891484
859 1.01998920031
860 1.06204716534
861 1.04978496402
862 1.04971720248
863 1.06874666092
864 1.06277406521
865 1.03229074695
866 1.03024769028
867 1.03107848883
868 1.03506509894
869 1.04374828409
870 1.02926199549
871 1.05281060584
872 1.05350683408
873 1.06970650929
874 1.06434989391
875 1.08015636404
876 1.06128460367
877 1.06150351048
878 1.05702502729
879 1.04838076623
880 1.03992363134
881 1.03574028513
882 1.03456688229
883 1.05535584864
884 1.02671850465
885 1.02016188284
886 1.05169670234
887 1.02194209356
888 1.02259272287
889 1.04721729343
890 1.05187792446
891 1.03596341165
892 1.03839798828
893 1.02264250665
894 1.05427928898
895 1.06496147781
896 1.07216640905
897 1.0756642798
898 1.0767220757
899 1.07825422725
900 1.04783128487
901 1.05788456299
902 1.04534129573
903 1.08116055865
904 1.06088985512
905 1.08091515027
906 1.06088985512
907 1.07931458333
908 1.06278735215
909 1.07946098535
910 1.05946012701
911 1.06389686917
912 1.02278743089
913 1.04913407367
914 1.03198232045
915 1.05379395371
916 1.05426382063
917 1.04980170865
918 1.04373422806
919 1.0391159742
920 1.05006378835
921 1.03416864769
922 1.06875886117
923 1.03475688499
924 1.03404295977
925 1.03047285271
926 1.03156344846
927 1.03174215878
928 1.0234008485
929 1.02304338907
930 1.02331384261
931 1.0271404514
932 1.02644931111
933 1.02298820711
934 1.0177433731
935 1.01777499651
936 1.02212863958
937 1.02466804719
938 1.02491905253
939 1.02171634677
940 1.02442945238
941 1.02356885379
942 1.02205040404
943 1.02272062939
944 1.02200323865
945 1.02553615497
946 1.04672411624
947 1.02264650781
948 1.03164717951
949 1.03329213829
950 1.03373295357
951 1.03452112551
952 1.03252153675
953 1.03352581455
954 1.03574835684
955 1.03145394294
956 1.04056903698
957 1.05654892519
958 1.05904622476
959 1.04170490567
960 1.05234306929
961 1.05518374473
962 1.05323158496
963 1.05419419521
964 1.04049389144
965 1.07623172336
966 1.07623172336
967 1.06977837403
968 1.0528258907
969 1.04938712172
970 1.05705981114
971 1.0508118347
972 1.05451221749
973 1.06597499145
974 1.06587559038
975 1.05705455394
976 1.032036515
977 1.05176157284
978 1.03908024947
979 1.06350098711
980 1.05189371495
981 1.03600097718
982 1.06587269844
983 1.03804540846
984 1.0389618124
985 1.04598275663
986 1.0512071822
987 1.05410510455
988 1.04646252593
989 1.04234482831
990 1.0271854414
991 1.05627069237
992 1.03230413258
993 1.05310271502
994 1.04976490845
995 1.02214811775
996 1.05166010508
997 1.05495024303
998 1.04752584595
999 1.03640346514
1000 1.02229181276
1001 1.05123409112
1002 1.05529960477
1003 1.05116768886
1004 1.04666950908
1005 1.05274707788
1006 1.04582484918
1007 1.04633176314
1008 1.03028240541
1009 1.0473662369
1010 1.04489545279
1011 1.04435669545
1012 1.05762635015
1013 1.04977987382
1014 1.04767758216
1015 1.05077958782
1016 1.04903379693
1017 1.04940685958
1018 1.0441302388
1019 1.05214090463
1020 1.03047461535
1021 1.04322873823
1022 1.02612846951
1023 1.04883154363
1024 1.07021870093
1025 1.04281486535
1026 1.04175173778
1027 1.03797001379
1028 1.03410501549
1029 1.0341167358
1030 1.05210489632
1031 1.04792429748
1032 1.04849767964
1033 1.05259946196
1034 1.04998145243
1035 1.04973628155
1036 1.03196584962
1037 1.05617250235
1038 1.05036146366
1039 1.04757455356
1040 1.05280828491
1041 1.05262808289
1042 1.05159946227
1043 1.06250223163
1044 1.04859982077
1045 1.0372460093
1046 1.03741963249
1047 1.05256941119
1048 1.0370352265
1049 1.04781400658
1050 1.06342602427
1051 1.02527913329
1052 1.05080130827
1053 1.06088985512
1054 1.04596498725
1055 1.05762637066
1056 1.05585335623
1057 1.05630298383
1058 1.02172854049
1059 1.05093461383
1060 1.05127107832
1061 1.04063068208
1062 1.05742921656
1063 1.05085513375
1064 1.04361542711
1065 1.0527043675
1066 1.04030096304
1067 1.05319754957
1068 1.05321555436
1069 1.05134102359
1070 1.05432437659
1071 1.05387266751
1072 1.05448673655
1073 1.04960970833
1074 1.05600203207
1075 1.03239505315
1076 1.04438786553
1077 1.04555852647
1078 1.04524172663
1079 1.03157127687
1080 1.03570906772
1081 1.05047111753
1082 1.04873525425
1083 1.04489679242
1084 1.04226467979
1085 1.07468430453
1086 1.04608621958
1087 1.04018056964
1088 1.07435482356
1089 1.04515756779
1090 1.03437251929
1091 1.03500624607
1092 1.04402472421
1093 1.04463337246
1094 1.07423156206
1095 1.07412434266
1096 1.04363949936
1097 1.07230470318
1098 1.0574235607
1099 1.04946996893
1100 1.04315620441
1101 1.05539284729
1102 1.04710321665
1103 1.04615693939
1104 1.05586603449
1105 1.07075519943
1106 1.05866271729
1107 1.06834367278
1108 1.05626596112
1109 1.0600005474
1110 1.06015940546
1111 1.05869034886
1112 1.04460289449
1113 1.05603862273
1114 1.04512338029
1115 1.06513473663
1116 1.05247857358
1117 1.06178059315
1118 1.0665155819
1119 1.0557326984
1120 1.07326614939
1121 1.06607327207
1122 1.06610396767
1123 1.10120735225
1124 1.06002535616
1125 1.05881172235
1126 1.07353051606
1127 1.0679006831
1128 1.04197744384
1129 1.04289819718
1130 1.0595717389
1131 1.06541029245
1132 1.06069349539
1133 1.07214982417
1134 1.06340326459
1135 1.0656650472
1136 1.04107518451
1137 1.03957067203
1138 1.05010676802
1139 1.08029346818
1140 1.03798392533
1141 1.04204774379
1142 1.03600538351
1143 1.02809235779
1144 1.02751491047
1145 1.02372376841
1146 1.05792079265
1147 1.04465156668
1148 1.0500563898
1149 1.05782196551
1150 1.057129756
1151 1.05779095196
1152 1.07267000688
1153 1.05002623297
1154 1.05538145504
1155 1.04060566265
1156 1.0541343984
1157 1.05850783739
1158 1.06261862816
1159 1.04300387688
1160 1.05806882732
1161 1.05700897081
1162 1.05777495133
1163 1.04373337636
1164 1.04502197219
1165 1.03775138637
1166 1.07073752915
1167 1.05235567648
1168 1.06451914282
1169 1.0557178508
1170 1.03469566072
1171 1.06238895804
1172 1.05540856851
1173 1.05799763578
1174 1.06386082883
1175 1.03795024486
1176 1.02906245344
1177 1.05298260928
1178 1.04948824861
1179 1.0618468955
1180 1.04121205277
1181 1.04705105304
1182 1.04177569564
1183 1.05335188605
1184 1.03251400087
1185 1.03733535936
1186 1.0481695078
1187 1.05537784045
1188 1.04743405074
1189 1.05519151106
1190 1.06191954218
1191 1.06604754065
1192 1.06001744135
1193 1.07609635322
1194 1.0469121949
1195 1.05867404024
1196 1.03370703447
1197 1.05384296427
1198 1.05997421465
1199 1.07568949727
1200 1.06669652778
1201 1.05615721909
1202 1.04883573202
1203 1.05484327912
1204 1.05347150659
1205 1.05396094481
1206 1.05738469479
1207 1.04676798297
1208 1.05895421922
1209 1.03145085226
1210 1.04420355541
1211 1.04271632796
1212 1.06109514086
1213 1.05530708559
1214 1.0547485886
1215 1.05777200008
1216 1.04182388449
1217 1.03161986813
1218 1.04982355742
1219 1.05369492302
1220 1.05404240153
1221 1.04213937127
1222 1.05370443433
1223 1.0492298788
1224 1.06000153825
1225 1.05771716763
1226 1.04701969784
1227 1.04506833335
1228 1.04582130974
1229 1.04743867779
1230 1.04815259756
1231 1.06128460367
1232 1.06703446892
1233 1.06034522392
1234 1.0699641759
1235 1.07724185183
1236 1.05782338059
1237 1.05728942866
1238 1.05255983256
1239 1.05749605283
1240 1.03206387861
1241 1.06258114205
1242 1.0796855492
1243 1.03878928381
1244 1.04733641405
1245 1.07107679151
1246 1.07524549888
1247 1.05864562509
1248 1.06561433668
1249 1.0651681444
1250 1.05739112029
1251 1.0564957639
1252 1.05869278313
1253 1.06486780478
1254 1.05493011711
1255 1.05674088068
1256 1.05491696398
1257 1.05661852373
1258 1.06039170386
1259 1.05005645822
1260 1.04736225306
1261 1.04240604002
1262 1.03214658983
1263 1.04458389312
1264 1.05017199124
1265 1.0493276422
1266 1.05846392171
1267 1.02538109558
1268 1.05319207857
1269 1.04329676412
1270 1.03979127669
1271 1.03539775187
1272 1.06066701371
1273 1.02525727817
1274 1.02161571399
1275 1.04710785534
1276 1.04264805224
1277 1.03761063833
1278 1.05440053094
1279 1.04166809192
1280 1.03874608373
1281 1.0484020692
1282 1.04952813867
1283 1.0365314218
1284 1.05338695143
1285 1.03163194581
1286 1.054688398
1287 1.05243939261
1288 1.04920692619
1289 1.03738772168
1290 1.04788409794
1291 1.03281048412
1292 1.04068430344
1293 1.04514881626
1294 1.02629553641
1295 1.02562686977
1296 1.04620080651
1297 1.0340064137
1298 1.04107336893
1299 1.04906398323
1300 1.02672620178
1301 1.03206030979
1302 1.0461517593
1303 1.05671850577
1304 1.0468141412
1305 1.02141423752
1306 1.05037201108
1307 1.02609339808
1308 1.02467533272
1309 1.05583304578
1310 1.06221459592
1311 1.03209257985
1312 1.04870115583
1313 1.04973829287
1314 1.04779891658
1315 1.05095891496
1316 1.05634998941
1317 1.04738390824
1318 1.04728821161
1319 1.02550706561
1320 1.07035904823
1321 1.02845408867
1322 1.02416327101
1323 1.03051356624
1324 1.02468079361
1325 1.03089882646
1326 1.02398443136
1327 1.05503005634
1328 1.05634998941
1329 1.02843978758
1330 1.03323937927
1331 1.03920825658
1332 1.05477702052
1333 1.02357998267
1334 1.04271035819
1335 1.02501784023
1336 1.0333628682
1337 1.03120305476
1338 1.03159146001
1339 1.03121670268
1340 1.04744209876
1341 1.02935033275
1342 1.05126656823
1343 1.05445768492
1344 1.06072584021
1345 1.04273385418
1346 1.05610103549
1347 1.03576068763
1348 1.04175437754
1349 1.02617033654
1350 1.03314578479
1351 1.07102256562
1352 1.05667482309
1353 1.03666472922
1354 1.05204678072
1355 1.03537769487
1356 1.04126286812
1357 1.03935307005
1358 1.0572872093
1359 1.05121465142
1360 1.04159427087
1361 1.05580887863
1362 1.02610527395
1363 1.05785207378
1364 1.03964970343
1365 1.04429731328
1366 1.038928787
1367 1.04769715451
1368 1.04503075766
1369 1.04124865607
1370 1.06281763465
1371 1.05220913277
1372 1.05008926631
1373 1.03453408311
1374 1.04836471859
1375 1.04919379125
1376 1.05773042499
1377 1.0509395434
1378 1.05608941434
1379 1.05143023097
1380 1.05449050013
1381 1.06261459898
1382 1.04834886533
1383 1.04342836294
1384 1.04384336375
1385 1.06350544934
1386 1.06453321361
1387 1.06462083135
1388 1.07551086559
1389 1.05103547572
1390 1.05884350698
1391 1.0428622169
1392 1.04724608087
1393 1.05061570081
1394 1.0510788853
1395 1.04530365402
1396 1.05199117821
1397 1.05209635941
1398 1.05446201335
1399 1.03836420439
1400 1.03805280134
1401 1.06129205371
1402 1.02554154816
1403 1.05881765581
1404 1.06828500702
1405 1.06071822675
1406 1.0684528182
1407 1.06034589331
1408 1.06505846103
1409 1.04106028672
1410 1.04631575435
1411 1.05978675477
1412 1.04291348299
1413 1.03952841836
1414 1.03908431009
1415 1.0578152851
1416 1.05566193859
1417 1.05212997418
1418 1.05053001131
1419 1.02610031518
1420 1.05322638998
1421 1.04539199717
1422 1.05315512907
1423 1.06147941152
1424 1.04176755755
1425 1.06341360315
1426 1.04091666023
1427 1.06635112575
1428 1.04577674944
1429 1.0446257162
1430 1.05997265077
1431 1.04168445623
1432 1.04864822897
1433 1.06317589093
1434 1.04306500871
1435 1.05448796025
1436 1.03408799205
1437 1.0427290707
1438 1.04962769854
1439 1.05639818481
1440 1.03678258679
1441 1.04180077734
1442 1.0387828005
1443 1.02807263793
1444 1.05292574817
1445 1.06388915199
1446 1.03886919205
1447 1.05962504399
1448 1.06061040744
1449 1.04853652809
1450 1.05047366132
1451 1.05723260826
1452 1.05253460332
1453 1.07702216265
1454 1.02155447565
1455 1.05592696516
1456 1.07741789895
1457 1.05356196917
1458 1.0434624226
1459 1.04356667402
1460 1.02313306388
1461 1.03988035246
1462 1.05457632438
1463 1.05273116226
1464 1.06062602281
1465 1.06232756353
1466 1.02273162738
1467 1.06053258217
1468 1.03516212359
1469 1.04483407667
1470 1.05081640628
1471 1.05093584266
1472 1.05496933713
1473 1.04662143795
1474 1.05071872527
1475 1.03739581573
1476 1.04888837193
1477 1.05570987517
1478 1.05359960163
1479 1.0513635311
1480 1.04724106998
1481 1.05421128405
1482 1.06129538095
1483 1.06947786825
1484 1.05763348572
1485 1.06416088866
1486 1.05337384621
1487 1.06003113957
1488 1.04540682459
1489 1.04505925042
1490 1.0637094894
1491 1.07863781717
1492 1.05888754735
1493 1.06945161506
1494 1.03553933895
1495 1.07003540639
1496 1.0525078128
1497 1.063159401
1498 1.03869706076
1499 1.05321598322
1500 1.0454265711
1501 1.04372371009
1502 1.05066337509
1503 1.03825864506
1504 1.04646476876
1505 1.0415370569
1506 1.03959367957
1507 1.04676094982
1508 1.04742150556
1509 1.0478513884
1510 1.03755413261
1511 1.04126588149
1512 1.03842950664
1513 1.04339385827
1514 1.04192172951
1515 1.04866575891
1516 1.05653334167
1517 1.0429314307
1518 1.04431418377
1519 1.05328775023
1520 1.05324838999
1521 1.07543721719
1522 1.04488287667
1523 1.05713452511
1524 1.05997063308
1525 1.05877912114
1526 1.0491247093
1527 1.03983253132
1528 1.05100940313
1529 1.0582874055
1530 1.03465194959
1531 1.03334817499
1532 1.02934921365
1533 1.06103187293
1534 1.04843646217
1535 1.01892795748
1536 1.02295049398
1537 1.02320795902
1538 1.05474689241
1539 1.050600068
1540 1.05485247668
1541 1.07304132132
1542 1.06015252089
1543 1.05483240528
1544 1.05197242182
1545 1.03758246069
1546 1.02014436223
1547 1.05297331492
1548 1.0587128
1549 1.02444977444
1550 1.05644046762
1551 1.02282952988
1552 1.05105399672
1553 1.05463151351
1554 1.02341652431
1555 1.03670726594
1556 1.05239266805
1557 1.02335820482
1558 1.02527837769
1559 1.03427523625
1560 1.02093731746
1561 1.03461589799
1562 1.03524551546
1563 1.03378489574
1564 1.06452982861
1565 1.0487898797
1566 1.04198161365
1567 1.03324736095
1568 1.03782292596
1569 1.05068706977
1570 1.03796946413
1571 1.02011311212
1572 1.03463732373
1573 1.04835131755
1574 1.04667583121
1575 1.03574588675
1576 1.01896252854
1577 1.05190850441
1578 1.0464287957
1579 1.05286399035
1580 1.08096054524
1581 1.05782867055
1582 1.0519194283
1583 1.02785937385
1584 1.03770004886
1585 1.02666971548
1586 1.02281450493
1587 1.0426314794
1588 1.02306437307
1589 1.0586336896
1590 1.05342791964
1591 1.02047614423
1592 1.05091562937
1593 1.05241022347
1594 1.06132530777
1595 1.05447717251
1596 1.02106951298
1597 1.0580391133
1598 1.05836020926
1599 1.05300816953
1600 1.05055999795
1601 1.04550635418
1602 1.05563212076
1603 1.04100060752
1604 1.05451089801
1605 1.05379589272
1606 1.04382135945
1607 1.04408932295
1608 1.03873774142
1609 1.05044305248
1610 1.03435805212
1611 1.05126964833
1612 1.03878226729
1613 1.05685526198
1614 1.04927709327
1615 1.06541078539
1616 1.05734577484
1617 1.06462214377
1618 1.04686685243
1619 1.04858971821
1620 1.02364510733
1621 1.05351916911
1622 1.04893610492
1623 1.04355240638
1624 1.05017388951
1625 1.0392709563
1626 1.03696218605
1627 1.02772417186
1628 1.03295101203
1629 1.03917367264
1630 1.03145637479
1631 1.02337392316
1632 1.02310239021
1633 1.02339957092
1634 1.03432874158
1635 1.03594055354
1636 1.02289018714
1637 1.02438988157
1638 1.02669666029
1639 1.02484394065
1640 1.03833968879
1641 1.04334064758
1642 1.0462550548
1643 1.02459502505
1644 1.04783375378
1645 1.05613658825
1646 1.04721278612
1647 1.03456035988
1648 1.04423469229
1649 1.04853991699
1650 1.03704821556
1651 1.04718005098
1652 1.03435424836
1653 1.05509440225
1654 1.04483973156
1655 1.03288233992
1656 1.0574693163
1657 1.0531064814
1658 1.05735852871
1659 1.04028326463
1660 1.04905549248
1661 1.05803310249
1662 1.0578656315
1663 1.05621752668
1664 1.06293275654
1665 1.04077521779
1666 1.05228006309
1667 1.04327159022
1668 1.03717823324
1669 1.05713107171
1670 1.0485450047
1671 1.07467180843
1672 1.03667148289
1673 1.03780354016
1674 1.02926339711
1675 1.04655490183
1676 1.02643807389
1677 1.06068242947
1678 1.02368046739
1679 1.03524136966
1680 1.04946591284
1681 1.04508563058
1682 1.04290546812
1683 1.0564566842
1684 1.06224484948
1685 1.0516072251
1686 1.0512522209
1687 1.05106355969
1688 1.05580251021
1689 1.04351208732
1690 1.04479507912
1691 1.05680926367
1692 1.03460525817
1693 1.04444742386
1694 1.04859400027
1695 1.04778691256
1696 1.03167122997
1697 1.04707982039
1698 1.04222750863
1699 1.0526409301
1700 1.04351953883
1701 1.04716216326
1702 1.05460338358
1703 1.04826410614
1704 1.05885621928
1705 1.03163011632
1706 1.04763835275
1707 1.05820968474
1708 1.03625905691
1709 1.04703253239
1710 1.05217268603
1711 1.04743553972
1712 1.05311303591
1713 1.05159548684
1714 1.03531057557
1715 1.05428818238
1716 1.05260824641
1717 1.03352576745
1718 1.05020738046
1719 1.05526809903
1720 1.03367307249
1721 1.04227417002
1722 1.04728358977
1723 1.0555113381
1724 1.04250467821
1725 1.03726827144
1726 1.06087669247
1727 1.05632687013
1728 1.03353799348
1729 1.05950057667
1730 1.03371671957
1731 1.03977173244
1732 1.0506279299
1733 1.06251844889
1734 1.06290595156
1735 1.0559055106
1736 1.05208897925
1737 1.04717168026
1738 1.04665274314
1739 1.0561619933
1740 1.05523329144
1741 1.05386107263
1742 1.05453159402
1743 1.04360350545
1744 1.06288498347
1745 1.04889533767
1746 1.05296435143
1747 1.04563868978
1748 1.04202625836
1749 1.05953068405
1750 1.04510735793
1751 1.01756360049
1752 1.0511145893
1753 1.04767014524
1754 1.02945032929
1755 1.02916132932
1756 1.03770074855
1757 1.06677375724
1758 1.05963937458
1759 1.05935389551
1760 1.0602958087
1761 1.06372177099
1762 1.04953876186
1763 1.04550545441
1764 1.03369935921
1765 1.04888130597
1766 1.045914186
1767 1.04050985621
1768 1.06353981644
1769 1.05743795616
1770 1.06103709775
1771 1.05428819769
1772 1.07779966885
1773 1.05200745602
1774 1.04693322489
1775 1.05498959462
1776 1.05317292888
1777 1.05455941242
1778 1.07738603748
1779 1.05340493089
1780 1.07551093944
1781 1.03748888554
1782 1.07190354933
1783 1.0358189055
1784 1.05026237167
1785 1.0559575164
1786 1.07703790537
1787 1.03578352888
1788 1.04370679076
1789 1.0515839025
1790 1.05832716191
1791 1.05572053416
1792 1.04422069215
1793 1.05119330288
1794 1.07524014002
1795 1.05705402187
1796 1.08032446856
1797 1.04675664429
1798 1.04992228159
1799 1.0289480145
1800 1.04305863265
1801 1.03926477284
1802 1.04783665891
1803 1.05393638778
1804 1.04705645295
1805 1.0302337718
1806 1.04910645563
1807 1.04474779943
1808 1.04805768107
1809 1.04022629068
1810 1.05273249776
1811 1.03785173776
1812 1.04983498578
1813 1.03721442388
1814 1.0756642798
1815 1.05258718292
1816 1.05204810093
1817 1.06808555182
1818 1.05962905016
1819 1.05483295093
1820 1.03722461669
1821 1.05569640022
1822 1.03854281404
1823 1.04578399756
1824 1.03841654365
1825 1.02370766211
1826 1.05726751613
1827 1.05048520328
1828 1.04161512196
1829 1.04307605196
1830 1.04601013502
1831 1.04396733055
1832 1.04385648214
1833 1.0574295836
1834 1.05181648356
1835 1.04547181694
1836 1.04084126074
1837 1.07189337924
1838 1.03217903659
1839 1.04593703224
1840 1.06102891525
1841 1.06262449442
1842 1.0362521411
1843 1.03861035625
1844 1.03750441126
1845 1.04108368378
1846 1.03686361143
1847 1.02809224219
1848 1.02475932917
1849 1.05653660499
1850 1.06228027848
1851 1.0497107188
1852 1.06245887764
1853 1.05648796969
1854 1.03468370727
1855 1.04287642475
1856 1.0423079522
1857 1.03049315046
1858 1.03299036769
1859 1.05149193137
1860 1.05160152227
1861 1.0462673557
1862 1.05426950752
1863 1.05167127508
1864 1.04504826074
1865 1.04486962883
1866 1.04718931922
1867 1.04591209878
1868 1.05282332673
1869 1.03873413879
1870 1.06699460624
1871 1.03335476134
1872 1.06160642749
1873 1.05717830213
1874 1.04748836667
1875 1.02482221614
1876 1.03578511833
1877 1.03241324815
1878 1.05144512495
1879 1.04246783147
1880 1.0565721811
1881 1.03223994143
1882 1.08268757368
1883 1.05684807464
1884 1.0453587043
1885 1.04436434856
1886 1.03833489806
1887 1.05572797261
1888 1.04732743327
1889 1.02598367433
1890 1.03685633384
1891 1.06882512648
1892 1.02345445822
1893 1.04913544454
1894 1.05802180733
1895 1.04806293281
1896 1.08044031226
1897 1.05789766431
1898 1.04443397923
1899 1.04890091133
1900 1.03433489923
1901 1.05487278367
1902 1.06160768729
1903 1.05714796473
1904 1.06163694251
1905 1.05500358733
1906 1.04687191108
1907 1.04868131658
1908 1.0577509119
1909 1.05423940568
1910 1.05126609617
1911 1.05503241814
1912 1.05061375538
1913 1.05076105805
1914 1.03964685996
1915 1.0523354547
1916 1.05314913952
1917 1.04501274954
1918 1.04862492937
1919 1.05856788088
1920 1.05135550483
1921 1.04518701987
1922 1.03970121015
1923 1.04304870232
1924 1.05680018209
1925 1.05739223367
1926 1.057350181
1927 1.04298247494
1928 1.0441134257
1929 1.05510791742
1930 1.04968458811
1931 1.03384562352
1932 1.05697528244
1933 1.05144870379
1934 1.05227186611
1935 1.04436967963
1936 1.05118476006
1937 1.05978640149
1938 1.05446632307
1939 1.0381054492
1940 1.06064206702
1941 1.05768159407
1942 1.06686278639
1943 1.02609175995
1944 1.06026312954
1945 1.06054512609
1946 1.05744998362
1947 1.0413046108
1948 1.05028270368
1949 1.0564315562
1950 1.0543490797
1951 1.04097343567
1952 1.03879197312
1953 1.05238571157
1954 1.05829124246
1955 1.05499801999
1956 1.05375171064
1957 1.06082872561
1958 1.04052637382
1959 1.0237586285
1960 1.03731374512
1961 1.05139608947
1962 1.04859325289
1963 1.0450412117
1964 1.03492574744
1965 1.05352759963
1966 1.05510335071
1967 1.03660229405
1968 1.04716063289
1969 1.03941949804
1970 1.06887925449
1971 1.05150519122
1972 1.04858131815
1973 1.03945840095
1974 1.04126910906
1975 1.02588973184
1976 1.03262636059
1977 1.04938849145
1978 1.04332595563
1979 1.0423054869
1980 1.04260414641
1981 1.05397238624
1982 1.05281356134
1983 1.05339532314
1984 1.03907844305
1985 1.03573719324
1986 1.0502479346
1987 1.05441850185
1988 1.0385763561
1989 1.0320364509
1990 1.04583079927
1991 1.03653359882
1992 1.04425614457
1993 1.03246372056
1994 1.04617354194
1995 1.06655587724
1996 1.03465924594
1997 1.04788588198
1998 1.0275324799
1999 1.04450909628
2000 1.03080388984
2001 1.02581932119
2002 1.03565730508
2003 1.05453446771
2004 1.02967413197
2005 1.02858064276
2006 1.06153145696
2007 1.0477720587
2008 1.03629990193
2009 1.04911721842
2010 1.04240011157
2011 1.0390120763
2012 1.03065221614
2013 1.05144736928
2014 1.03855644769
2015 1.03524038334
2016 1.03495557682
2017 1.04564308662
2018 1.0328395816
2019 1.036480652
2020 1.0540459366
2021 1.04443899358
2022 1.05698958892
2023 1.06288191676
2024 1.05532941597
2025 1.03543659878
2026 1.04918594554
2027 1.02317867943
2028 1.04502136718
2029 1.04603467429
2030 1.04505225922
2031 1.04871071605
2032 1.03674006726
2033 1.03913323916
2034 1.04795079826
2035 1.04073200891
2036 1.03905407634
2037 1.05994533876
2038 1.04408905591
2039 1.04438663098
2040 1.05346185168
2041 1.04154842711
2042 1.03924180794
2043 1.0597022791
2044 1.03698913365
2045 1.05424724119
2046 1.05896224382
2047 1.05521772922
2048 1.0453957
2049 1.04988866029
2050 1.06215569776
2051 1.03958409508
2052 1.04037713235
2053 1.05922090721
2054 1.0644198877
2055 1.05337881589
2056 1.05743704396
2057 1.05126685222
2058 1.06084783054
2059 1.06153859412
2060 1.03812823895
2061 1.04048204926
2062 1.05358193902
2063 1.05420068674
2064 1.05107911136
2065 1.05868792161
2066 1.05232863424
2067 1.0502733152
2068 1.04885426711
2069 1.04644649677
2070 1.05945107582
2071 1.04382997609
2072 1.0669232947
2073 1.04524377194
2074 1.04820222825
2075 1.05684271243
2076 1.04571223339
2077 1.0448944032
2078 1.07793255382
2079 1.05049951018
2080 1.0595290525
2081 1.04843405636
2082 1.03958917878
2083 1.03823042637
2084 1.02257748117
2085 1.04787035086
2086 1.04619856261
2087 1.03621145297
2088 1.04897974106
2089 1.05905945244
2090 1.03838140866
2091 1.03855260454
2092 1.04711970458
2093 1.04063183599
2094 1.04362110971
2095 1.05611190656
2096 1.05068142249
2097 1.05913142662
2098 1.05226248418
2099 1.04752135148
2100 1.05228194497
2101 1.05247607774
2102 1.02466973305
2103 1.03589847056
2104 1.03900634612
2105 1.03676810743
2106 1.0225755035
2107 1.05185635105
2108 1.0372329258
2109 1.03920846248
2110 1.04176979033
2111 1.04023836781
2112 1.05209873666
2113 1.04413561965
2114 1.05357047613
2115 1.04880042414
2116 1.05190766564
2117 1.04265300633
2118 1.05241740029
2119 1.04797667785
2120 1.05262805066
2121 1.0500866015
2122 1.05400381977
2123 1.05548920002
2124 1.049183897
2125 1.06289565121
2126 1.05970419693
2127 1.05960984534
2128 1.04767191434
2129 1.06509595353
2130 1.06717451708
2131 1.05358653646
2132 1.04627770831
2133 1.04681738137
2134 1.05209899968
2135 1.04741899504
2136 1.03991262313
2137 1.05867673459
2138 1.04811060923
2139 1.0371245372
2140 1.04520435388
2141 1.05148327133
2142 1.04703558571
2143 1.0466628557
2144 1.05544670646
2145 1.05028253672
2146 1.05817191987
2147 1.03795644507
2148 1.04237445994
2149 1.03945207701
2150 1.03883347804
2151 1.04853381271
2152 1.06265302208
2153 1.0529274718
2154 1.03427733196
2155 1.03585631357
2156 1.03772668438
2157 1.02323682701
2158 1.03679994216
2159 1.03672922613
2160 1.04286638953
2161 1.03429852018
2162 1.05061263034
2163 1.04000407249
2164 1.04996325497
2165 1.04341158411
2166 1.04819317001
2167 1.03204422334
2168 1.04765017787
2169 1.04002856911
2170 1.04325852461
2171 1.03747922986
2172 1.04583091353
2173 1.04807665046
2174 1.04174081259
2175 1.03504771964
2176 1.04266203105
2177 1.04999476888
2178 1.05068073741
2179 1.04042707284
2180 1.05220128524
2181 1.05535326413
2182 1.04858443099
2183 1.04382480488
2184 1.04474505115
2185 1.03587380614
2186 1.03980690601
2187 1.05836113678
2188 1.05995339693
2189 1.0384815379
2190 1.05286567416
2191 1.06367501012
2192 1.05810141136
2193 1.04583792659
2194 1.02804113364
2195 1.04547567305
2196 1.03308321219
2197 1.03775317679
2198 1.02555532975
2199 1.04163419984
2200 1.03900284792
2201 1.04000409972
2202 1.04131012328
2203 1.04588339268
2204 1.02195845047
2205 1.03871335061
2206 1.0434408222
2207 1.05106139656
2208 1.05077292409
2209 1.03075989003
2210 1.05579091611
2211 1.0429669149
2212 1.04455669775
2213 1.03825176701
2214 1.04633665348
2215 1.05192281095
2216 1.04499149062
2217 1.04717576383
2218 1.04772822456
2219 1.04797902416
2220 1.04318717269
2221 1.03786886556
2222 1.03859931256
2223 1.02195665861
2224 1.04865772574
2225 1.05273967842
2226 1.02782370576
2227 1.05723282398
2228 1.06091305255
2229 1.03919879987
2230 1.02700260665
2231 1.04907120798
2232 1.0573672893
2233 1.04703558571
2234 1.05591379281
2235 1.05376212775
2236 1.04717577889
2237 1.04525977486
2238 1.04696908242
2239 1.06325038932
2240 1.03650158318
2241 1.06273931595
2242 1.05871789687
2243 1.05132244108
2244 1.05170655168
2245 1.05364129197
2246 1.05706923719
2247 1.05378201745
2248 1.05063511868
2249 1.04916104989
2250 1.04853336634
2251 1.02214892362
2252 1.05644014421
2253 1.04532329682
2254 1.05521193504
2255 1.04703558571
2256 1.03920364676
2257 1.04972392648
2258 1.04753864061
2259 1.02117254322
2260 1.04570177806
2261 1.03218785658
2262 1.03943503684
2263 1.04165047566
2264 1.04703558571
2265 1.04832801556
2266 1.03861484528
2267 1.05619814363
2268 1.04322922507
2269 1.02065452874
2270 1.07125844936
2271 1.06222462752
2272 1.05398133018
2273 1.04864261031
2274 1.05307839349
2275 1.05259167951
2276 1.05343627116
2277 1.04950609467
2278 1.05859609847
2279 1.0504334194
2280 1.05246500094
2281 1.05068554906
2282 1.05046953788
2283 1.04364513101
2284 1.04752393179
2285 1.05536281171
2286 1.05161656122
2287 1.04644860405
2288 1.05083288878
2289 1.03589816617
2290 1.04907548705
2291 1.02775251485
2292 1.03063406756
2293 1.05236389091
2294 1.02319819327
2295 1.02027977444
2296 1.04338909276
2297 1.05201731245
2298 1.05183931876
2299 1.0481171286
2300 1.04729713404
2301 1.05672267957
2302 1.04534831522
2303 1.05197433534
2304 1.04957550142
2305 1.04250573161
2306 1.05415851525
2307 1.04740940644
2308 1.05641974646
2309 1.05817060244
2310 1.0620783011
2311 1.05011061594
2312 1.05824175677
2313 1.04784686773
2314 1.04990873608
2315 1.06268510099
2316 1.04265752741
2317 1.06066541269
2318 1.05804122713
2319 1.05503786299
2320 1.04274558281
2321 1.05016351271
2322 1.0382614552
2323 1.04634626983
2324 1.04791462626
2325 1.05065509394
2326 1.07062379986
2327 1.04849748462
2328 1.05308197685
2329 1.04618863385
2330 1.04548291068
2331 1.04741945576
2332 1.05381551671
2333 1.03340485766
2334 1.04879922614
2335 1.04859200268
2336 1.04518043658
2337 1.04996036387
2338 1.03509833726
2339 1.05446101572
2340 1.06053828901
2341 1.05297102756
2342 1.04600038131
2343 1.05697082331
2344 1.05468819103
2345 1.06251614357
2346 1.05674673674
2347 1.05525849916
2348 1.05443539361
2349 1.05573302438
2350 1.05171077508
2351 1.06603246908
2352 1.05107350391
2353 1.04550868949
2354 1.04973376988
2355 1.05702295032
2356 1.04600529691
2357 1.06256413297
2358 1.04720706145
2359 1.04136562811
2360 1.04541267377
2361 1.043258151
2362 1.04394846552
2363 1.04481906617
2364 1.04905954679
2365 1.03489739414
2366 1.04269040937
2367 1.041651943
2368 1.02829185197
2369 1.02846914491
2370 1.02688350151
2371 1.03622996915
2372 1.03506074928
2373 1.03545303471
2374 1.02417266356
2375 1.02456844761
2376 1.02474937971
2377 1.02473731421
2378 1.03670313776
2379 1.03048409772
2380 1.0345419778
2381 1.03387084465
2382 1.03589810658
2383 1.0317750966
2384 1.03041566813
2385 1.04009184116
2386 1.03379204166
2387 1.03558565853
2388 1.04938014721
2389 1.04001662697
2390 1.06296552475
2391 1.04334162931
2392 1.04868897488
2393 1.03532656396
2394 1.02712565805
2395 1.0495095776
2396 1.04117420842
2397 1.03467852592
2398 1.06113049013
2399 1.04099762641
2400 1.0534394001
2401 1.03452410789
2402 1.05202364523
2403 1.03646978814
2404 1.05537090775
2405 1.03009982306
2406 1.03006594357
2407 1.04958814483
2408 1.0265958
2409 1.05740874124
2410 1.04190861303
2411 1.04757113231
2412 1.05399596422
2413 1.04375098458
2414 1.0492924819
2415 1.02690102109
2416 1.06047464565
2417 1.04924653899
2418 1.05026225639
2419 1.03415961622
2420 1.03821031878
2421 1.02609479812
2422 1.04395875149
2423 1.05607290203
2424 1.04422219428
2425 1.0422206508
2426 1.05548218956
2427 1.05196451776
2428 1.036016841
2429 1.05919875781
2430 1.04411211899
2431 1.04503224861
2432 1.01760504741
2433 1.03490807611
2434 1.02473064496
2435 1.03759160138
2436 1.04721000372
2437 1.04397771281
2438 1.0497748383
2439 1.06705509312
2440 1.06941415594
2441 1.04828981491
2442 1.0426777439
2443 1.05496143043
2444 1.02687773563
2445 1.06188724017
2446 1.04433858081
2447 1.0314087584
2448 1.03273281277
2449 1.05444220956
2450 1.04653015541
2451 1.04627861049
2452 1.02711378845
2453 1.02358446199
2454 1.0325424703
2455 1.04258259147
2456 1.02355724621
2457 1.02818138948
2458 1.03261475324
2459 1.04088179583
2460 1.02822770929
2461 1.0351019714
2462 1.04276961525
2463 1.02658354111
2464 1.02922492168
2465 1.04597102688
2466 1.02369030786
2467 1.04607837921
2468 1.02027977444
2469 1.05320585248
2470 1.03055046028
2471 1.0631190239
2472 1.04762777656
2473 1.05682468443
2474 1.03159711387
2475 1.02869104582
2476 1.03169104453
2477 1.04095746181
2478 1.04174345361
2479 1.05273967842
2480 1.04946986639
2481 1.05461664008
2482 1.05115923491
2483 1.05557733335
2484 1.0493539083
2485 1.04618083726
2486 1.04144062386
2487 1.04642157641
2488 1.05283734839
2489 1.03626467684
2490 1.05423437084
2491 1.05742452713
2492 1.03835516964
2493 1.05630093179
2494 1.05957652681
2495 1.06297283863
2496 1.05945872921
2497 1.0523773581
2498 1.0577857831
2499 1.05435786296
2500 1.07325404542
2501 1.05364860443
2502 1.06648116251
2503 1.05263558277
2504 1.06128264466
2505 1.05444583184
2506 1.05684271243
2507 1.05949855557
2508 1.05582553358
2509 1.05428303444
2510 1.05497186022
2511 1.05933902284
2512 1.05184431747
2513 1.05293719449
2514 1.05732791384
2515 1.05494461883
2516 1.04934783327
*Step  = 13
*Time  = 2.6
*Data  = Fzz
1 1.05199045236
2 1.04560266674
3 1.05400190891
4 1.04687364835
5 1.05278820573
6 1.05614172722
7 1.05469141231
8 1.05545225365
9 1.05038397092
10 1.04043980716
11 1.05095167535
12 1.04130137187
13 1.03780985021
14 1.05254524696
15 1.05616720873
16 1.04827980998
17 1.06426576464
18 1.05184599464
19 1.05136690766
20 1.05582531216
21 1.04240600039
22 1.04322680432
23 1.04357286214
24 1.0493850536
25 1.05473061867
26 1.05605161581
27 1.04620226838
28 1.05715270478
29 1.04652130539
30 1.04157878941
31 1.05389861293
32 1.05671570294
33 1.0591621814
34 1.05791867173
35 1.05480194603
36 1.05206114839
37 1.05736853953
38 1.06139686373
39 1.05150983828
40 1.030181718
41 1.04577125538
42 1.05668679018
43 1.04293126513
44 1.05753190223
45 1.05956031445
46 1.03863642073
47 1.06679785554
48 1.05456886218
49 1.05913086242
50 1.04189335555
51 1.03824844745
52 1.05354144595
53 1.04710752967
54 1.03765968736
55 1.04248194748
56 1.06143263412
57 1.04020795322
58 1.04847475834
59 1.04081657777
60 1.06153708083
61 1.05123211911
62 1.04580020789
63 1.05158665057
64 1.04574405781
65 1.04744812371
66 1.05198372493
67 1.03606548565
68 1.03648759327
69 1.05384256277
70 1.06138521853
71 1.0563766337
72 1.04593996792
73 1.04776204728
74 1.04201359277
75 1.06159911497
76 1.05917275458
77 1.04938910381
78 1.03294093202
79 1.0500629706
80 1.04757678308
81 1.04790793179
82 1.06108637717
83 1.06093227986
84 1.04971234566
85 1.04567713702
86 1.02582556177
87 1.04525922375
88 1.04891774254
89 1.05234368593
90 1.04128975059
91 1.04979409306
92 1.04492056309
93 1.0466415683
94 1.03858051057
95 1.04698563955
96 1.02799782188
97 1.04768330876
98 1.05735362583
99 1.02530323929
100 1.04307984762
101 1.04398186707
102 1.05044307733
103 1.05716658731
104 1.06716256124
105 1.05517936724
106 1.05523268079
107 1.04544024604
108 1.04127190992
109 1.0372679748
110 1.05210428798
111 1.04743745439
112 1.05035188196
113 1.07319533115
114 1.05092496019
115 1.04524975191
116 1.04209730903
117 1.04860791646
118 1.04975597322
119 1.02642448048
120 1.05684807464
121 1.04390542501
122 1.03183475406
123 1.03092422438
124 1.06145433208
125 1.05476123887
126 1.05584112445
127 1.07256916209
128 1.05095694086
129 1.05070320249
130 1.04677206719
131 1.04802711713
132 1.06183671551
133 1.04470868144
134 1.05311803583
135 1.05468291995
136 1.05006355014
137 1.057055593
138 1.07825422725
139 1.03538340695
140 1.0444561528
141 1.04390755867
142 1.04712467515
143 1.04780802228
144 1.02942335004
145 1.04443879879
146 1.04388610409
147 1.05112944142
148 1.02929559369
149 1.04235079335
150 1.05614351956
151 1.05947218543
152 1.0306375881
153 1.04616273177
154 1.05294086235
155 1.03422729663
156 1.0350083737
157 1.0524446855
158 1.06132731144
159 1.04993369484
160 1.02059454402
161 1.07680125974
162 1.05555432272
163 1.04737974167
164 1.03585115256
165 1.03793549596
166 1.0229472424
167 1.05079361689
168 1.03688852322
169 1.05218114723
170 1.04584302127
171 1.03788353014
172 1.05003997575
173 1.0356940019
174 1.05999776644
175 1.05789202675
176 1.02214944258
177 1.05230846352
178 1.06169618911
179 1.02661165447
180 1.02604085679
181 1.05701347194
182 1.05379154535
183 1.04163945589
184 1.05847531047
185 1.0472892954
186 1.065778475
187 1.04148279998
188 1.0503265873
189 1.02027977444
190 1.03990076713
191 1.03608641701
192 1.05374106746
193 1.03972290166
194 1.05478262906
195 1.05684807464
196 1.03874883469
197 1.04375933049
198 1.05684807464
199 1.03592190049
200 1.04223237641
201 1.02302589674
202 1.07243188442
203 1.0553211199
204 1.05481994565
205 1.05983362736
206 1.06110848287
207 1.0584369579
208 1.02802565098
209 1.05555432272
210 1.04304571494
211 1.02267206719
212 1.06077835641
213 1.02161264927
214 1.02850287485
215 1.07493239309
216 1.04980185895
217 1.05154417997
218 1.02737603978
219 1.06334294067
220 1.04626494915
221 1.04702722834
222 1.05361126917
223 1.03581004459
224 1.03194375729
225 1.03504003454
226 1.04088884135
227 1.05185338826
228 1.04326407799
229 1.04378839724
230 1.05522804546
231 1.03006105105
232 1.02891285859
233 1.02564668371
234 1.04087109684
235 1.05059372555
236 1.04979426918
237 1.03852613959
238 1.03454507608
239 1.04850968089
240 1.04853055093
241 1.02945088938
242 1.05347734429
243 1.0528258907
244 1.02815041925
245 1.05788456299
246 1.02582658279
247 1.05542825892
248 1.05348470784
249 1.054286809
250 1.04792345453
251 1.03554700795
252 1.0528258907
253 1.0508988992
254 1.04850197311
255 1.04056253961
256 1.04981909117
257 1.02758657937
258 1.03602587749
259 1.05272265393
260 1.05178523676
261 1.04014058475
262 1.03743891937
263 1.0450091776
264 1.05232470086
265 1.04220921962
266 1.03329655423
267 1.05272265393
268 1.03848898708
269 1.0427822784
270 1.02336337397
271 1.04301863963
272 1.02338939089
273 1.04760346924
274 1.03742348721
275 1.04744212796
276 1.03927175774
277 1.05788456299
278 1.04746480101
279 1.02325595884
280 1.04496618071
281 1.07405941523
282 1.04490722409
283 1.07540234009
284 1.07261048656
285 1.07235292469
286 1.07529985547
287 1.07864086187
288 1.07319533115
289 1.07533975921
290 1.07429314365
291 1.07399264584
292 1.04783460146
293 1.05272265393
294 1.05705455394
295 1.06820502473
296 1.06682856391
297 1.07864086187
298 1.0721174556
299 1.07726423681
300 1.07786210921
301 1.07203323521
302 1.07775111882
303 1.07219536875
304 1.07775111882
305 1.05010091173
306 1.03662012372
307 1.07738779741
308 1.07724295857
309 1.07072474613
310 1.07023565183
311 1.06484163748
312 1.06514209291
313 1.06657188439
314 1.05319234685
315 1.05472294015
316 1.06357451809
317 1.05273967842
318 1.06143216201
319 1.03121858508
320 1.06649228151
321 1.06690820795
322 1.0394715646
323 1.05345570248
324 1.04576148517
325 1.07009058763
326 1.06824852843
327 1.05370796616
328 1.05485270769
329 1.04351185564
330 1.06377842671
331 1.05421198934
332 1.06063972314
333 1.0500323248
334 1.06365133756
335 1.04141415083
336 1.06941980102
337 1.04590944328
338 1.04293764702
339 1.04207191139
340 1.04997451214
341 1.02921191954
342 1.059543381
343 1.04164950541
344 1.03601442443
345 1.04214025794
346 1.02686266119
347 1.05887610344
348 1.04087800814
349 1.06330132314
350 1.034688442
351 1.03317403913
352 1.04523427701
353 1.04539079078
354 1.04135908922
355 1.04504825696
356 1.04562849148
357 1.03914417071
358 1.03651111204
359 1.03404717021
360 1.04103940993
361 1.05460517425
362 1.034087037
363 1.03202632286
364 1.02952312834
365 1.04638879694
366 1.0306843233
367 1.03112346508
368 1.05248442608
369 1.0560894269
370 1.05286903994
371 1.02938622968
372 1.05058221538
373 1.03018066408
374 1.03014518663
375 1.02417764147
376 1.02414388339
377 1.05553987927
378 1.03802680546
379 1.05526013926
380 1.03115216368
381 1.06535512975
382 1.0481128406
383 1.02577785343
384 1.02683209836
385 1.02487305646
386 1.03324748744
387 1.0252441939
388 1.02566912912
389 1.0307403256
390 1.02450654506
391 1.02600227195
392 1.05397200145
393 1.042103185
394 1.02556271779
395 1.02256234354
396 1.0407717214
397 1.02557418263
398 1.02256412988
399 1.02608566264
400 1.04424595093
401 1.03544628943
402 1.05619052318
403 1.02584927629
404 1.03472972789
405 1.03291799628
406 1.02325687683
407 1.02293718198
408 1.06275906774
409 1.02293316917
410 1.02141636391
411 1.02253552146
412 1.02252494754
413 1.0437109916
414 1.03413392163
415 1.04287657088
416 1.02366333851
417 1.02366687075
418 1.0655832102
419 1.04768250407
420 1.01909670654
421 1.04279842075
422 1.03461675051
423 1.02272200213
424 1.04556245312
425 1.0548217028
426 1.04417329682
427 1.0529002657
428 1.02273256844
429 1.02468776991
430 1.02270693396
431 1.02277902138
432 1.02220471294
433 1.02463895956
434 1.02684490696
435 1.0440021992
436 1.04537508654
437 1.02154458029
438 1.0216516469
439 1.02271338875
440 1.02300643422
441 1.04294977254
442 1.02143910073
443 1.02027685754
444 1.0240267451
445 1.02489595335
446 1.04115891342
447 1.02261619019
448 1.05341180089
449 1.03075715916
450 1.02350962199
451 1.04397861162
452 1.04817174348
453 1.02397129622
454 1.02379085237
455 1.02558029336
456 1.02309697998
457 1.02864543158
458 1.03036123798
459 1.02915046341
460 1.02027977444
461 1.04492072273
462 1.05074641689
463 1.0478490099
464 1.05758237057
465 1.05273967842
466 1.06263784231
467 1.05702626054
468 1.03094662177
469 1.05448207778
470 1.04812840491
471 1.04523415969
472 1.02470553552
473 1.03241116055
474 1.02617806338
475 1.03313734313
476 1.03137393361
477 1.03579521865
478 1.03605875408
479 1.03669956086
480 1.03905572228
481 1.03932375486
482 1.03496529724
483 1.04469884866
484 1.03278068314
485 1.04438099549
486 1.03204707248
487 1.03748585203
488 1.03868659613
489 1.03881678847
490 1.04396694925
491 1.04058142663
492 1.03957453345
493 1.04919411547
494 1.04635931039
495 1.03460761625
496 1.04251780608
497 1.04318804548
498 1.04287604871
499 1.04356520587
500 1.04607880989
501 1.03737583197
502 1.04169182122
503 1.04647171663
504 1.04640751987
505 1.04823666895
506 1.0480290582
507 1.05224256758
508 1.04973497363
509 1.03487847515
510 1.03694458967
511 1.04823297045
512 1.05112430413
513 1.04528662458
514 1.05281444755
515 1.05036086824
516 1.05319599475
517 1.05325908755
518 1.06495246137
519 1.06439399568
520 1.06216828742
521 1.05646477053
522 1.04489243061
523 1.06392593207
524 1.04424197166
525 1.06643132534
526 1.04362642402
527 1.06232510188
528 1.03667847998
529 1.06484478432
530 1.05747213262
531 1.03781122667
532 1.05834301971
533 1.04385993998
534 1.05276446895
535 1.04461114036
536 1.07066575069
537 1.0234529135
538 1.05488658762
539 1.0553714109
540 1.07377512604
541 1.07333957224
542 1.07422869941
543 1.04714719526
544 1.07360481867
545 1.07409262264
546 1.07973758009
547 1.08363919519
548 1.08199413192
549 1.08225362446
550 1.08363919519
551 1.07989143217
552 1.07627278613
553 1.07627278613
554 1.07615302374
555 1.07619861636
556 1.07978315909
557 1.07983089688
558 1.08046000683
559 1.08055644102
560 1.07452281758
561 1.07452281758
562 1.0798482124
563 1.07627278613
564 1.07640493665
565 1.07632451235
566 1.07524912668
567 1.07587953677
568 1.08147225607
569 1.08122014412
570 1.07176398377
571 1.07131989434
572 1.07782242845
573 1.07300471742
574 1.06270381021
575 1.07782242845
576 1.07339408488
577 1.07856876882
578 1.07842963361
579 1.07322750113
580 1.07636698654
581 1.06239623648
582 1.06193956273
583 1.06467751333
584 1.04545533484
585 1.06571975944
586 1.0660751162
587 1.05477344886
588 1.05498463985
589 1.04489405531
590 1.05778163455
591 1.0523199126
592 1.0625824482
593 1.05388506266
594 1.04952209768
595 1.05436121876
596 1.05236198468
597 1.04986923665
598 1.05156481221
599 1.05046393855
600 1.04302795829
601 1.05025621793
602 1.05392553842
603 1.03509650314
604 1.05165451071
605 1.0568358518
606 1.0409379664
607 1.03680591394
608 1.05129651925
609 1.05258128945
610 1.04742877105
611 1.03774090904
612 1.04734613188
613 1.05423772994
614 1.05578790084
615 1.04481710252
616 1.04628430939
617 1.05844269355
618 1.05199556334
619 1.05559157093
620 1.05849418587
621 1.04439597942
622 1.05546896491
623 1.05230633807
624 1.03838005059
625 1.02778365424
626 1.03511088643
627 1.02465473471
628 1.02442562869
629 1.04842484023
630 1.05559215067
631 1.05923324192
632 1.0709709607
633 1.0783823403
634 1.04686452047
635 1.03510394101
636 1.03146367506
637 1.04274543914
638 1.04364947052
639 1.06286336105
640 1.04847854981
641 1.04317698186
642 1.02267397338
643 1.05131482046
644 1.05934802647
645 1.06189789143
646 1.06238863057
647 1.05886495773
648 1.0337415339
649 1.07258419864
650 1.07256846963
651 1.0460611434
652 1.06178211888
653 1.04795154148
654 1.03349010303
655 1.0275906525
656 1.02882691178
657 1.05769439252
658 1.02990828674
659 1.02921455613
660 1.05030442602
661 1.02843146289
662 1.02865880956
663 1.06165070878
664 1.03492927269
665 1.04388180764
666 1.03299502738
667 1.03165876628
668 1.03214604219
669 1.06170739066
670 1.03596441334
671 1.0369859962
672 1.04577502511
673 1.03262664588
674 1.0436462281
675 1.04143035524
676 1.03445302017
677 1.04636259745
678 1.05673822554
679 1.05280547485
680 1.05062181002
681 1.03075224303
682 1.03502932916
683 1.04062523611
684 1.05779782092
685 1.05400046941
686 1.05325332117
687 1.0612708547
688 1.06049396258
689 1.0691579336
690 1.06804136599
691 1.06868652082
692 1.06825067021
693 1.06445506441
694 1.02067250675
695 1.0522535748
696 1.07331874152
697 1.07407810386
698 1.07367532713
699 1.07364724691
700 1.07250750481
701 1.07364724691
702 1.07669549353
703 1.07365177863
704 1.07485596929
705 1.07493352682
706 1.05788456299
707 1.07555674987
708 1.07322750113
709 1.07934767601
710 1.03360541541
711 1.02671862413
712 1.06759095499
713 1.06730535857
714 1.05656183324
715 1.04153291781
716 1.05764049261
717 1.04202885936
718 1.04158800976
719 1.05215596727
720 1.04646214826
721 1.03140343665
722 1.03096237226
723 1.0495616098
724 1.06687900441
725 1.03895015543
726 1.0385441576
727 1.04563875064
728 1.04755014463
729 1.05874444361
730 1.02850332555
731 1.05826422385
732 1.05387220947
733 1.03019164441
734 1.05613281377
735 1.05634998941
736 1.03650088959
737 1.03366839724
738 1.03478691715
739 1.03994873154
740 1.04399443474
741 1.05376443024
742 1.06622569323
743 1.06859063243
744 1.07117076423
745 1.0515760852
746 1.06643194061
747 1.0665421735
748 1.07813676202
749 1.07555674987
750 1.07943736279
751 1.07974461126
752 1.07322750113
753 1.06259561241
754 1.06248053294
755 1.07407190296
756 1.05898504276
757 1.05323463483
758 1.05422501022
759 1.04065944614
760 1.03559440034
761 1.03376886463
762 1.06264064405
763 1.03188096823
764 1.02770371059
765 1.02336743013
766 1.02536112741
767 1.02875520526
768 1.04434260885
769 1.04832010807
770 1.0564848557
771 1.045065708
772 1.03823342155
773 1.02856346879
774 1.04037099806
775 1.05563073702
776 1.03254391238
777 1.03671262667
778 1.03724085674
779 1.0409724449
780 1.03219290794
781 1.05506607097
782 1.06274259003
783 1.06329894648
784 1.06380787874
785 1.07818725052
786 1.07810594731
787 1.07531997042
788 1.07290430561
789 1.07229486807
790 1.07403176634
791 1.08044235811
792 1.08024311232
793 1.07974461126
794 1.06380588428
795 1.05038887786
796 1.0530815738
797 1.04165955579
798 1.0354016554
799 1.04145267853
800 1.03689923126
801 1.03872754253
802 1.08030195861
803 1.03271057724
804 1.0310473578
805 1.02840996044
806 1.02908113132
807 1.06483672602
808 1.05636656812
809 1.02523612282
810 1.0258491041
811 1.0246466257
812 1.02460513318
813 1.02438800274
814 1.02370210019
815 1.02552851649
816 1.02055544347
817 1.02819705365
818 1.03232623695
819 1.03081761658
820 1.03020589887
821 1.03328351635
822 1.03647994643
823 1.03672068957
824 1.03501681308
825 1.04338854328
826 1.03230209996
827 1.05880110874
828 1.04129205228
829 1.06498453407
830 1.05649585199
831 1.04154740781
832 1.07007360772
833 1.07531997042
834 1.06858259623
835 1.06737886283
836 1.07699178157
837 1.07690392796
838 1.08107939509
839 1.03845229775
840 1.06179637207
841 1.05523268079
842 1.03802981466
843 1.06258245075
844 1.04924247446
845 1.04791777542
846 1.0252352901
847 1.04549742801
848 1.05027166048
849 1.02968476685
850 1.03169741215
851 1.05592711292
852 1.03114493881
853 1.04265412301
854 1.0469932821
855 1.02664664352
856 1.03806721659
857 1.04314644634
858 1.01998891484
859 1.01998920031
860 1.06204716534
861 1.04978496402
862 1.04971720248
863 1.06874666092
864 1.06277406521
865 1.03229074695
866 1.03024769028
867 1.03107848883
868 1.03506509894
869 1.04374828409
870 1.02926199549
871 1.05281060584
872 1.05350683408
873 1.06970650929
874 1.06434989391
875 1.08015636404
876 1.06128460367
877 1.06150351048
878 1.05702502729
879 1.04838076623
880 1.03992363134
881 1.03574028513
882 1.03456688229
883 1.05535584864
884 1.02671850465
885 1.02016188284
886 1.05169670234
887 1.02194209356
888 1.02259272287
889 1.04721729343
890 1.05187792446
891 1.03596341165
892 1.03839798828
893 1.02264250665
894 1.05427928898
895 1.06496147781
896 1.07216640905
897 1.0756642798
898 1.0767220757
899 1.07825422725
900 1.04783128487
901 1.05788456299
902 1.04534129573
903 1.08116055865
904 1.06088985512
905 1.08091515027
906 1.06088985512
907 1.07931458333
908 1.06278735215
909 1.07946098535
910 1.05946012701
911 1.06389686917
912 1.02278743089
913 1.04913407367
914 1.03198232045
915 1.05379395371
916 1.05426382063
917 1.04980170865
918 1.04373422806
919 1.0391159742
920 1.05006378835
921 1.03416864769
922 1.06875886117
923 1.03475688499
924 1.03404295977
925 1.03047285271
926 1.03156344846
927 1.03174215878
928 1.0234008485
929 1.02304338907
930 1.02331384261
931 1.0271404514
932 1.02644931111
933 1.02298820711
934 1.0177433731
935 1.01777499651
936 1.02212863958
937 1.02466804719
938 1.02491905253
939 1.02171634677
940 1.02442945238
941 1.02356885379
942 1.02205040404
943 1.02272062939
944 1.02200323865
945 1.02553615497
946 1.04672411624
947 1.02264650781
948 1.03164717951
949 1.03329213829
950 1.03373295357
951 1.03452112551
952 1.03252153675
953 1.03352581455
954 1.03574835684
955 1.03145394294
956 1.04056903698
957 1.05654892519
958 1.05904622476
959 1.04170490567
960 1.05234306929
961 1.05518374473
962 1.05323158496
963 1.05419419521
964 1.04049389144
965 1.07623172336
966 1.07623172336
967 1.06977837403
968 1.0528258907
969 1.04938712172
970 1.05705981114
971 1.0508118347
972 1.05451221749
973 1.06597499145
974 1.06587559038
975 1.05705455394
976 1.032036515
977 1.05176157284
978 1.03908024947
979 1.06350098711
980 1.05189371495
981 1.03600097718
982 1.06587269844
983 1.03804540846
984 1.0389618124
985 1.04598275663
986 1.0512071822
987 1.05410510455
988 1.04646252593
989 1.04234482831
990 1.0271854414
991 1.05627069237
992 1.03230413258
993 1.05310271502
994 1.04976490845
995 1.02214811775
996 1.05166010508
997 1.05495024303
998 1.04752584595
999 1.03640346514
1000 1.02229181276
1001 1.05123409112
1002 1.05529960477
1003 1.05116768886
1004 1.04666950908
1005 1.05274707788
1006 1.04582484918
1007 1.04633176314
1008 1.03028240541
1009 1.0473662369
1010 1.04489545279
1011 1.04435669545
1012 1.05762635015
1013 1.04977987382
1014 1.04767758216
1015 1.05077958782
1016 1.04903379693
1017 1.04940685958
1018 1.0441302388
1019 1.05214090463
1020 1.03047461535
1021 1.04322873823
1022 1.02612846951
1023 1.04883154363
1024 1.07021870093
1025 1.04281486535
1026 1.04175173778
1027 1.03797001379
1028 1.03410501549
1029 1.0341167358
1030 1.05210489632
1031 1.04792429748
1032 1.04849767964
1033 1.05259946196
1034 1.04998145243
1035 1.04973628155
1036 1.03196584962
1037 1.05617250235
1038 1.05036146366
1039 1.04757455356
1040 1.05280828491
1041 1.05262808289
1042 1.05159946227
1043 1.06250223163
1044 1.04859982077
1045 1.0372460093
1046 1.03741963249
1047 1.05256941119
1048 1.0370352265
1049 1.04781400658
1050 1.06342602427
1051 1.02527913329
1052 1.05080130827
1053 1.06088985512
1054 1.04596498725
1055 1.05762637066
1056 1.05585335623
1057 1.05630298383
1058 1.02172854049
1059 1.05093461383
1060 1.05127107832
1061 1.04063068208
1062 1.05742921656
1063 1.05085513375
1064 1.04361542711
1065 1.0527043675
1066 1.04030096304
1067 1.05319754957
1068 1.05321555436
1069 1.05134102359
1070 1.05432437659
1071 1.05387266751
1072 1.05448673655
1073 1.04960970833
1074 1.05600203207
1075 1.03239505315
1076 1.04438786553
1077 1.04555852647
1078 1.04524172663
1079 1.03157127687
1080 1.03570906772
1081 1.05047111753
1082 1.04873525425
1083 1.04489679242
1084 1.04226467979
1085 1.07468430453
1086 1.04608621958
1087 1.04018056964
1088 1.07435482356
1089 1.04515756779
1090 1.03437251929
1091 1.03500624607
1092 1.04402472421
1093 1.04463337246
1094 1.07423156206
1095 1.07412434266
1096 1.04363949936
1097 1.07230470318
1098 1.0574235607
1099 1.04946996893
1100 1.04315620441
1101 1.05539284729
1102 1.04710321665
1103 1.04615693939
1104 1.05586603449
1105 1.07075519943
1106 1.05866271729
1107 1.06834367278
1108 1.05626596112
1109 1.0600005474
1110 1.06015940546
1111 1.05869034886
1112 1.04460289449
1113 1.05603862273
1114 1.04512338029
1115 1.06513473663
1116 1.05247857358
1117 1.06178059315
1118 1.0665155819
1119 1.0557326984
1120 1.07326614939
1121 1.06607327207
1122 1.06610396767
1123 1.10120735225
1124 1.06002535616
1125 1.05881172235
1126 1.07353051606
1127 1.0679006831
1128 1.04197744384
1129 1.04289819718
1130 1.0595717389
1131 1.06541029245
1132 1.06069349539
1133 1.07214982417
1134 1.06340326459
1135 1.0656650472
1136 1.04107518451
1137 1.03957067203
1138 1.05010676802
1139 1.08029346818
1140 1.03798392533
1141 1.04204774379
1142 1.03600538351
1143 1.02809235779
1144 1.02751491047
1145 1.02372376841
1146 1.05792079265
1147 1.04465156668
1148 1.0500563898
1149 1.05782196551
1150 1.057129756
1151 1.05779095196
1152 1.07267000688
1153 1.05002623297
1154 1.05538145504
1155 1.04060566265
1156 1.0541343984
1157 1.05850783739
1158 1.06261862816
1159 1.04300387688
1160 1.05806882732
1161 1.05700897081
1162 1.05777495133
1163 1.04373337636
1164 1.04502197219
1165 1.03775138637
1166 1.07073752915
1167 1.05235567648
1168 1.06451914282
1169 1.0557178508
1170 1.03469566072
1171 1.06238895804
1172 1.05540856851
1173 1.05799763578
1174 1.06386082883
1175 1.03795024486
1176 1.02906245344
1177 1.05298260928
1178 1.04948824861
1179 1.0618468955
1180 1.04121205277
1181 1.04705105304
1182 1.04177569564
1183 1.05335188605
1184 1.03251400087
1185 1.03733535936
1186 1.0481695078
1187 1.05537784045
1188 1.04743405074
1189 1.05519151106
1190 1.06191954218
1191 1.06604754065
1192 1.06001744135
1193 1.07609635322
1194 1.0469121949
1195 1.05867404024
1196 1.03370703447
1197 1.05384296427
1198 1.05997421465
1199 1.07568949727
1200 1.06669652778
1201 1.05615721909
1202 1.04883573202
1203 1.05484327912
1204 1.05347150659
1205 1.05396094481
1206 1.05738469479
1207 1.04676798297
1208 1.05895421922
1209 1.03145085226
1210 1.04420355541
1211 1.04271632796
1212 1.06109514086
1213 1.05530708559
1214 1.0547485886
1215 1.05777200008
1216 1.04182388449
1217 1.03161986813
1218 1.04982355742
1219 1.05369492302
1220 1.05404240153
1221 1.04213937127
1222 1.05370443433
1223 1.0492298788
1224 1.06000153825
1225 1.05771716763
1226 1.04701969784
1227 1.04506833335
1228 1.04582130974
1229 1.04743867779
1230 1.04815259756
1231 1.06128460367
1232 1.06703446892
1233 1.06034522392
1234 1.0699641759
1235 1.07724185183
1236 1.05782338059
1237 1.05728942866
1238 1.05255983256
1239 1.05749605283
1240 1.03206387861
1241 1.06258114205
1242 1.0796855492
1243 1.03878928381
1244 1.04733641405
1245 1.07107679151
1246 1.07524549888
1247 1.05864562509
1248 1.06561433668
1249 1.0651681444
1250 1.05739112029
1251 1.0564957639
1252 1.05869278313
1253 1.06486780478
1254 1.05493011711
1255 1.05674088068
1256 1.05491696398
1257 1.05661852373
1258 1.06039170386
1259 1.05005645822
1260 1.04736225306
1261 1.04240604002
1262 1.03214658983
1263 1.04458389312
1264 1.05017199124
1265 1.0493276422
1266 1.05846392171
1267 1.02538109558
1268 1.05319207857
1269 1.04329676412
1270 1.03979127669
1271 1.03539775187
1272 1.06066701371
1273 1.02525727817
1274 1.02161571399
1275 1.04710785534
1276 1.04264805224
1277 1.03761063833
1278 1.05440053094
1279 1.04166809192
1280 1.03874608373
1281 1.0484020692
1282 1.04952813867
1283 1.0365314218
1284 1.05338695143
1285 1.03163194581
1286 1.054688398
1287 1.05243939261
1288 1.04920692619
1289 1.03738772168
1290 1.04788409794
1291 1.03281048412
1292 1.04068430344
1293 1.04514881626
1294 1.02629553641
1295 1.02562686977
1296 1.04620080651
1297 1.0340064137
1298 1.04107336893
1299 1.04906398323
1300 1.02672620178
1301 1.03206030979
1302 1.0461517593
1303 1.05671850577
1304 1.0468141412
1305 1.02141423752
1306 1.05037201108
1307 1.02609339808
1308 1.02467533272
1309 1.05583304578
1310 1.06221459592
1311 1.03209257985
1312 1.04870115583
1313 1.04973829287
1314 1.04779891658
1315 1.05095891496
1316 1.05634998941
1317 1.04738390824
1318 1.04728821161
1319 1.02550706561
1320 1.07035904823
1321 1.02845408867
1322 1.02416327101
1323 1.03051356624
1324 1.02468079361
1325 1.03089882646
1326 1.02398443136
1327 1.05503005634
1328 1.05634998941
1329 1.02843978758
1330 1.03323937927
1331 1.03920825658
1332 1.05477702052
1333 1.02357998267
1334 1.04271035819
1335 1.02501784023
1336 1.0333628682
1337 1.03120305476
1338 1.03159146001
1339 1.03121670268
1340 1.04744209876
1341 1.02935033275
1342 1.05126656823
1343 1.05445768492
1344 1.06072584021
1345 1.04273385418
1346 1.05610103549
1347 1.03576068763
1348 1.04175437754
1349 1.02617033654
1350 1.03314578479
1351 1.07102256562
1352 1.05667482309
1353 1.03666472922
1354 1.05204678072
1355 1.03537769487
1356 1.04126286812
1357 1.03935307005
1358 1.0572872093
1359 1.05121465142
1360 1.04159427087
1361 1.05580887863
1362 1.02610527395
1363 1.05785207378
1364 1.03964970343
1365 1.04429731328
1366 1.038928787
1367 1.04769715451
1368 1.04503075766
1369 1.04124865607
1370 1.06281763465
1371 1.05220913277
1372 1.05008926631
1373 1.03453408311
1374 1.04836471859
1375 1.04919379125
1376 1.05773042499
1377 1.0509395434
1378 1.05608941434
1379 1.05143023097
1380 1.05449050013
1381 1.06261459898
1382 1.04834886533
1383 1.04342836294
1384 1.04384336375
1385 1.06350544934
1386 1.06453321361
1387 1.06462083135
1388 1.07551086559
1389 1.05103547572
1390 1.05884350698
1391 1.0428622169
1392 1.04724608087
1393 1.05061570081
1394 1.0510788853
1395 1.04530365402
1396 1.05199117821
1397 1.05209635941
1398 1.05446201335
1399 1.03836420439
1400 1.03805280134
1401 1.06129205371
1402 1.02554154816
1403 1.05881765581
1404 1.06828500702
1405 1.06071822675
1406 1.0684528182
1407 1.06034589331
1408 1.06505846103
1409 1.04106028672
1410 1.04631575435
1411 1.05978675477
1412 1.04291348299
1413 1.03952841836
1414 1.03908431009
1415 1.0578152851
1416 1.05566193859
1417 1.05212997418
1418 1.05053001131
1419 1.02610031518
1420 1.05322638998
1421 1.04539199717
1422 1.05315512907
1423 1.06147941152
1424 1.04176755755
1425 1.06341360315
1426 1.04091666023
1427 1.06635112575
1428 1.04577674944
1429 1.0446257162
1430 1.05997265077
1431 1.04168445623
1432 1.04864822897
1433 1.06317589093
1434 1.04306500871
1435 1.05448796025
1436 1.03408799205
1437 1.0427290707
1438 1.04962769854
1439 1.05639818481
1440 1.03678258679
1441 1.04180077734
1442 1.0387828005
1443 1.02807263793
1444 1.05292574817
1445 1.06388915199
1446 1.03886919205
1447 1.05962504399
1448 1.06061040744
1449 1.04853652809
1450 1.05047366132
1451 1.05723260826
1452 1.05253460332
1453 1.07702216265
1454 1.02155447565
1455 1.05592696516
1456 1.07741789895
1457 1.05356196917
1458 1.0434624226
1459 1.04356667402
1460 1.02313306388
1461 1.03988035246
1462 1.05457632438
1463 1.05273116226
1464 1.06062602281
1465 1.06232756353
1466 1.02273162738
1467 1.06053258217
1468 1.03516212359
1469 1.04483407667
1470 1.05081640628
1471 1.05093584266
1472 1.05496933713
1473 1.04662143795
1474 1.05071872527
1475 1.03739581573
1476 1.04888837193
1477 1.05570987517
1478 1.05359960163
1479 1.0513635311
1480 1.04724106998
1481 1.05421128405
1482 1.06129538095
1483 1.06947786825
1484 1.05763348572
1485 1.06416088866
1486 1.05337384621
1487 1.06003113957
1488 1.04540682459
1489 1.04505925042
1490 1.0637094894
1491 1.07863781717
1492 1.05888754735
1493 1.06945161506
1494 1.03553933895
1495 1.07003540639
1496 1.0525078128
1497 1.063159401
1498 1.03869706076
1499 1.05321598322
1500 1.0454265711
1501 1.04372371009
1502 1.05066337509
1503 1.03825864506
1504 1.04646476876
1505 1.0415370569
1506 1.03959367957
1507 1.04676094982
1508 1.04742150556
1509 1.0478513884
1510 1.03755413261
1511 1.04126588149
1512 1.03842950664
1513 1.04339385827
1514 1.04192172951
1515 1.04866575891
1516 1.05653334167
1517 1.0429314307
1518 1.04431418377
1519 1.05328775023
1520 1.05324838999
1521 1.07543721719
1522 1.04488287667
1523 1.05713452511
1524 1.05997063308
1525 1.05877912114
1526 1.0491247093
1527 1.03983253132
1528 1.05100940313
1529 1.0582874055
1530 1.03465194959
1531 1.03334817499
1532 1.02934921365
1533 1.06103187293
1534 1.04843646217
1535 1.01892795748
1536 1.02295049398
1537 1.02320795902
1538 1.05474689241
1539 1.050600068
1540 1.05485247668
1541 1.07304132132
1542 1.06015252089
1543 1.05483240528
1544 1.05197242182
1545 1.03758246069
1546 1.02014436223
1547 1.05297331492
1548 1.0587128
1549 1.02444977444
1550 1.05644046762
1551 1.02282952988
1552 1.05105399672
1553 1.05463151351
1554 1.02341652431
1555 1.03670726594
1556 1.05239266805
1557 1.02335820482
1558 1.02527837769
1559 1.03427523625
1560 1.02093731746
1561 1.03461589799
1562 1.03524551546
1563 1.03378489574
1564 1.06452982861
1565 1.0487898797
1566 1.04198161365
1567 1.03324736095
1568 1.03782292596
1569 1.05068706977
1570 1.03796946413
1571 1.02011311212
1572 1.03463732373
1573 1.04835131755
1574 1.04667583121
1575 1.03574588675
1576 1.01896252854
1577 1.05190850441
1578 1.0464287957
1579 1.05286399035
1580 1.08096054524
1581 1.05782867055
1582 1.0519194283
1583 1.02785937385
1584 1.03770004886
1585 1.02666971548
1586 1.02281450493
1587 1.0426314794
1588 1.02306437307
1589 1.0586336896
1590 1.05342791964
1591 1.02047614423
1592 1.05091562937
1593 1.05241022347
1594 1.06132530777
1595 1.05447717251
1596 1.02106951298
1597 1.0580391133
1598 1.05836020926
1599 1.05300816953
1600 1.05055999795
1601 1.04550635418
1602 1.05563212076
1603 1.04100060752
1604 1.05451089801
1605 1.05379589272
1606 1.04382135945
1607 1.04408932295
1608 1.03873774142
1609 1.05044305248
1610 1.03435805212
1611 1.05126964833
1612 1.03878226729
1613 1.05685526198
1614 1.04927709327
1615 1.06541078539
1616 1.05734577484
1617 1.06462214377
1618 1.04686685243
1619 1.04858971821
1620 1.02364510733
1621 1.05351916911
1622 1.04893610492
1623 1.04355240638
1624 1.05017388951
1625 1.0392709563
1626 1.03696218605
1627 1.02772417186
1628 1.03295101203
1629 1.03917367264
1630 1.03145637479
1631 1.02337392316
1632 1.02310239021
1633 1.02339957092
1634 1.03432874158
1635 1.03594055354
1636 1.02289018714
1637 1.02438988157
1638 1.02669666029
1639 1.02484394065
1640 1.03833968879
1641 1.04334064758
1642 1.0462550548
1643 1.02459502505
1644 1.04783375378
1645 1.05613658825
1646 1.04721278612
1647 1.03456035988
1648 1.04423469229
1649 1.04853991699
1650 1.03704821556
1651 1.04718005098
1652 1.03435424836
1653 1.05509440225
1654 1.04483973156
1655 1.03288233992
1656 1.0574693163
1657 1.0531064814
1658 1.05735852871
1659 1.04028326463
1660 1.04905549248
1661 1.05803310249
1662 1.0578656315
1663 1.05621752668
1664 1.06293275654
1665 1.04077521779
1666 1.05228006309
1667 1.04327159022
1668 1.03717823324
1669 1.05713107171
1670 1.0485450047
1671 1.07467180843
1672 1.03667148289
1673 1.03780354016
1674 1.02926339711
1675 1.04655490183
1676 1.02643807389
1677 1.06068242947
1678 1.02368046739
1679 1.03524136966
1680 1.04946591284
1681 1.04508563058
1682 1.04290546812
1683 1.0564566842
1684 1.06224484948
1685 1.0516072251
1686 1.0512522209
1687 1.05106355969
1688 1.05580251021
1689 1.04351208732
1690 1.04479507912
1691 1.05680926367
1692 1.03460525817
1693 1.04444742386
1694 1.04859400027
1695 1.04778691256
1696 1.03167122997
1697 1.04707982039
1698 1.04222750863
1699 1.0526409301
1700 1.04351953883
1701 1.04716216326
1702 1.05460338358
1703 1.04826410614
1704 1.05885621928
1705 1.03163011632
1706 1.04763835275
1707 1.05820968474
1708 1.03625905691
1709 1.04703253239
1710 1.05217268603
1711 1.04743553972
1712 1.05311303591
1713 1.05159548684
1714 1.03531057557
1715 1.05428818238
1716 1.05260824641
1717 1.03352576745
1718 1.05020738046
1719 1.05526809903
1720 1.03367307249
1721 1.04227417002
1722 1.04728358977
1723 1.0555113381
1724 1.04250467821
1725 1.03726827144
1726 1.06087669247
1727 1.05632687013
1728 1.03353799348
1729 1.05950057667
1730 1.03371671957
1731 1.03977173244
1732 1.0506279299
1733 1.06251844889
1734 1.06290595156
1735 1.0559055106
1736 1.05208897925
1737 1.04717168026
1738 1.04665274314
1739 1.0561619933
1740 1.05523329144
1741 1.05386107263
1742 1.05453159402
1743 1.04360350545
1744 1.06288498347
1745 1.04889533767
1746 1.05296435143
1747 1.04563868978
1748 1.04202625836
1749 1.05953068405
1750 1.04510735793
1751 1.01756360049
1752 1.0511145893
1753 1.04767014524
1754 1.02945032929
1755 1.02916132932
1756 1.03770074855
1757 1.06677375724
1758 1.05963937458
1759 1.05935389551
1760 1.0602958087
1761 1.06372177099
1762 1.04953876186
1763 1.04550545441
1764 1.03369935921
1765 1.04888130597
1766 1.045914186
1767 1.04050985621
1768 1.06353981644
1769 1.05743795616
1770 1.06103709775
1771 1.05428819769
1772 1.07779966885
1773 1.05200745602
1774 1.04693322489
1775 1.05498959462
1776 1.05317292888
1777 1.05455941242
1778 1.07738603748
1779 1.05340493089
1780 1.07551093944
1781 1.03748888554
1782 1.07190354933
1783 1.0358189055
1784 1.05026237167
1785 1.0559575164
1786 1.07703790537
1787 1.03578352888
1788 1.04370679076
1789 1.0515839025
1790 1.05832716191
1791 1.05572053416
1792 1.04422069215
1793 1.05119330288
1794 1.07524014002
1795 1.05705402187
1796 1.08032446856
1797 1.04675664429
1798 1.04992228159
1799 1.0289480145
1800 1.04305863265
1801 1.03926477284
1802 1.04783665891
1803 1.05393638778
1804 1.04705645295
1805 1.0302337718
1806 1.04910645563
1807 1.04474779943
1808 1.04805768107
1809 1.04022629068
1810 1.05273249776
1811 1.03785173776
1812 1.04983498578
1813 1.03721442388
1814 1.0756642798
1815 1.05258718292
1816 1.05204810093
1817 1.06808555182
1818 1.05962905016
1819 1.05483295093
1820 1.03722461669
1821 1.05569640022
1822 1.03854281404
1823 1.04578399756
1824 1.03841654365
1825 1.02370766211
1826 1.05726751613
1827 1.05048520328
1828 1.04161512196
1829 1.04307605196
1830 1.04601013502
1831 1.04396733055
1832 1.04385648214
1833 1.0574295836
1834 1.05181648356
1835 1.04547181694
1836 1.04084126074
1837 1.07189337924
1838 1.03217903659
1839 1.04593703224
1840 1.06102891525
1841 1.06262449442
1842 1.0362521411
1843 1.03861035625
1844 1.03750441126
1845 1.04108368378
1846 1.03686361143
1847 1.02809224219
1848 1.02475932917
1849 1.05653660499
1850 1.06228027848
1851 1.0497107188
1852 1.06245887764
1853 1.05648796969
1854 1.03468370727
1855 1.04287642475
1856 1.0423079522
1857 1.03049315046
1858 1.03299036769
1859 1.05149193137
1860 1.05160152227
1861 1.0462673557
1862 1.05426950752
1863 1.05167127508
1864 1.04504826074
1865 1.04486962883
1866 1.04718931922
1867 1.04591209878
1868 1.05282332673
1869 1.03873413879
1870 1.06699460624
1871 1.03335476134
1872 1.06160642749
1873 1.05717830213
1874 1.04748836667
1875 1.02482221614
1876 1.03578511833
1877 1.03241324815
1878 1.05144512495
1879 1.04246783147
1880 1.0565721811
1881 1.03223994143
1882 1.08268757368
1883 1.05684807464
1884 1.0453587043
1885 1.04436434856
1886 1.03833489806
1887 1.05572797261
1888 1.04732743327
1889 1.02598367433
1890 1.03685633384
1891 1.06882512648
1892 1.02345445822
1893 1.04913544454
1894 1.05802180733
1895 1.04806293281
1896 1.08044031226
1897 1.05789766431
1898 1.04443397923
1899 1.04890091133
1900 1.03433489923
1901 1.05487278367
1902 1.06160768729
1903 1.05714796473
1904 1.06163694251
1905 1.05500358733
1906 1.04687191108
1907 1.04868131658
1908 1.0577509119
1909 1.05423940568
1910 1.05126609617
1911 1.05503241814
1912 1.05061375538
1913 1.05076105805
1914 1.03964685996
1915 1.0523354547
1916 1.05314913952
1917 1.04501274954
1918 1.04862492937
1919 1.05856788088
1920 1.05135550483
1921 1.04518701987
1922 1.03970121015
1923 1.04304870232
1924 1.05680018209
1925 1.05739223367
1926 1.057350181
1927 1.04298247494
1928 1.0441134257
1929 1.05510791742
1930 1.04968458811
1931 1.03384562352
1932 1.05697528244
1933 1.05144870379
1934 1.05227186611
1935 1.04436967963
1936 1.05118476006
1937 1.05978640149
1938 1.05446632307
1939 1.0381054492
1940 1.06064206702
1941 1.05768159407
1942 1.06686278639
1943 1.02609175995
1944 1.06026312954
1945 1.06054512609
1946 1.05744998362
1947 1.0413046108
1948 1.05028270368
1949 1.0564315562
1950 1.0543490797
1951 1.04097343567
1952 1.03879197312
1953 1.05238571157
1954 1.05829124246
1955 1.05499801999
1956 1.05375171064
1957 1.06082872561
1958 1.04052637382
1959 1.0237586285
1960 1.03731374512
1961 1.05139608947
1962 1.04859325289
1963 1.0450412117
1964 1.03492574744
1965 1.05352759963
1966 1.05510335071
1967 1.03660229405
1968 1.04716063289
1969 1.03941949804
1970 1.06887925449
1971 1.05150519122
1972 1.04858131815
1973 1.03945840095
1974 1.04126910906
1975 1.02588973184
1976 1.03262636059
1977 1.04938849145
1978 1.04332595563
1979 1.0423054869
1980 1.04260414641
1981 1.05397238624
1982 1.05281356134
1983 1.05339532314
1984 1.03907844305
1985 1.03573719324
1986 1.0502479346
1987 1.05441850185
1988 1.0385763561
1989 1.0320364509
1990 1.04583079927
1991 1.03653359882
1992 1.04425614457
1993 1.03246372056
1994 1.04617354194
1995 1.06655587724
1996 1.03465924594
1997 1.04788588198
1998 1.0275324799
1999 1.04450909628
2000 1.03080388984
2001 1.02581932119
2002 1.03565730508
2003 1.05453446771
2004 1.02967413197
2005 1.02858064276
2006 1.06153145696
2007 1.0477720587
2008 1.03629990193
2009 1.04911721842
2010 1.04240011157
2011 1.0390120763
2012 1.03065221614
2013 1.05144736928
2014 1.03855644769
2015 1.03524038334
2016 1.03495557682
2017 1.04564308662
2018 1.0328395816
2019 1.036480652
2020 1.0540459366
2021 1.04443899358
2022 1.05698958892
2023 1.06288191676
2024 1.05532941597
2025 1.03543659878
2026 1.04918594554
2027 1.02317867943
2028 1.04502136718
2029 1.04603467429
2030 1.04505225922
2031 1.04871071605
2032 1.03674006726
2033 1.03913323916
2034 1.04795079826
2035 1.04073200891
2036 1.03905407634
2037 1.05994533876
2038 1.04408905591
2039 1.04438663098
2040 1.05346185168
2041 1.04154842711
2042 1.03924180794
2043 1.0597022791
2044 1.03698913365
2045 1.05424724119
2046 1.05896224382
2047 1.05521772922
2048 1.0453957
2049 1.04988866029
2050 1.06215569776
2051 1.03958409508
2052 1.04037713235
2053 1.05922090721
2054 1.0644198877
2055 1.05337881589
2056 1.05743704396
2057 1.05126685222
2058 1.06084783054
2059 1.06153859412
2060 1.03812823895
2061 1.04048204926
2062 1.05358193902
2063 1.05420068674
2064 1.05107911136
2065 1.05868792161
2066 1.05232863424
2067 1.0502733152
2068 1.04885426711
2069 1.04644649677
2070 1.05945107582
2071 1.04382997609
2072 1.0669232947
2073 1.04524377194
2074 1.04820222825
2075 1.05684271243
2076 1.04571223339
2077 1.0448944032
2078 1.07793255382
2079 1.05049951018
2080 1.0595290525
2081 1.04843405636
2082 1.03958917878
2083 1.03823042637
2084 1.02257748117
2085 1.04787035086
2086 1.04619856261
2087 1.03621145297
2088 1.04897974106
2089 1.05905945244
2090 1.03838140866
2091 1.03855260454
2092 1.04711970458
2093 1.04063183599
2094 1.04362110971
2095 1.05611190656
2096 1.05068142249
2097 1.05913142662
2098 1.05226248418
2099 1.04752135148
2100 1.05228194497
2101 1.05247607774
2102 1.02466973305
2103 1.03589847056
2104 1.03900634612
2105 1.03676810743
2106 1.0225755035
2107 1.05185635105
2108 1.0372329258
2109 1.03920846248
2110 1.04176979033
2111 1.04023836781
2112 1.05209873666
2113 1.04413561965
2114 1.05357047613
2115 1.04880042414
2116 1.05190766564
2117 1.04265300633
2118 1.05241740029
2119 1.04797667785
2120 1.05262805066
2121 1.0500866015
2122 1.05400381977
2123 1.05548920002
2124 1.049183897
2125 1.06289565121
2126 1.05970419693
2127 1.05960984534
2128 1.04767191434
2129 1.06509595353
2130 1.06717451708
2131 1.05358653646
2132 1.04627770831
2133 1.04681738137
2134 1.05209899968
2135 1.04741899504
2136 1.03991262313
2137 1.05867673459
2138 1.04811060923
2139 1.0371245372
2140 1.04520435388
2141 1.05148327133
2142 1.04703558571
2143 1.0466628557
2144 1.05544670646
2145 1.05028253672
2146 1.05817191987
2147 1.03795644507
2148 1.04237445994
2149 1.03945207701
2150 1.03883347804
2151 1.04853381271
2152 1.06265302208
2153 1.0529274718
2154 1.03427733196
2155 1.03585631357
2156 1.03772668438
2157 1.02323682701
2158 1.03679994216
2159 1.03672922613
2160 1.04286638953
2161 1.03429852018
2162 1.05061263034
2163 1.04000407249
2164 1.04996325497
2165 1.04341158411
2166 1.04819317001
2167 1.03204422334
2168 1.04765017787
2169 1.04002856911
2170 1.04325852461
2171 1.03747922986
2172 1.04583091353
2173 1.04807665046
2174 1.04174081259
2175 1.03504771964
2176 1.04266203105
2177 1.04999476888
2178 1.05068073741
2179 1.04042707284
2180 1.05220128524
2181 1.05535326413
2182 1.04858443099
2183 1.04382480488
2184 1.04474505115
2185 1.03587380614
2186 1.03980690601
2187 1.05836113678
2188 1.05995339693
2189 1.0384815379
2190 1.05286567416
2191 1.06367501012
2192 1.05810141136
2193 1.04583792659
2194 1.02804113364
2195 1.04547567305
2196 1.03308321219
2197 1.03775317679
2198 1.02555532975
2199 1.04163419984
2200 1.03900284792
2201 1.04000409972
2202 1.04131012328
2203 1.04588339268
2204 1.02195845047
2205 1.03871335061
2206 1.0434408222
2207 1.05106139656
2208 1.05077292409
2209 1.03075989003
2210 1.05579091611
2211 1.0429669149
2212 1.04455669775
2213 1.03825176701
2214 1.04633665348
2215 1.05192281095
2216 1.04499149062
2217 1.04717576383
2218 1.04772822456
2219 1.04797902416
2220 1.04318717269
2221 1.03786886556
2222 1.03859931256
2223 1.02195665861
2224 1.04865772574
2225 1.05273967842
2226 1.02782370576
2227 1.05723282398
2228 1.06091305255
2229 1.03919879987
2230 1.02700260665
2231 1.04907120798
2232 1.0573672893
2233 1.04703558571
2234 1.05591379281
2235 1.05376212775
2236 1.04717577889
2237 1.04525977486
2238 1.04696908242
2239 1.06325038932
2240 1.03650158318
2241 1.06273931595
2242 1.05871789687
2243 1.05132244108
2244 1.05170655168
2245 1.05364129197
2246 1.05706923719
2247 1.05378201745
2248 1.05063511868
2249 1.04916104989
2250 1.04853336634
2251 1.02214892362
2252 1.05644014421
2253 1.04532329682
2254 1.05521193504
2255 1.04703558571
2256 1.03920364676
2257 1.04972392648
2258 1.04753864061
2259 1.02117254322
2260 1.04570177806
2261 1.03218785658
2262 1.03943503684
2263 1.04165047566
2264 1.04703558571
2265 1.04832801556
2266 1.03861484528
2267 1.05619814363
2268 1.04322922507
2269 1.02065452874
2270 1.07125844936
2271 1.06222462752
2272 1.05398133018
2273 1.04864261031
2274 1.05307839349
2275 1.05259167951
2276 1.05343627116
2277 1.04950609467
2278 1.05859609847
2279 1.0504334194
2280 1.05246500094
2281 1.05068554906
2282 1.05046953788
2283 1.04364513101
2284 1.04752393179
2285 1.05536281171
2286 1.05161656122
2287 1.04644860405
2288 1.05083288878
2289 1.03589816617
2290 1.04907548705
2291 1.02775251485
2292 1.03063406756
2293 1.05236389091
2294 1.02319819327
2295 1.02027977444
2296 1.04338909276
2297 1.05201731245
2298 1.05183931876
2299 1.0481171286
2300 1.04729713404
2301 1.05672267957
2302 1.04534831522
2303 1.05197433534
2304 1.04957550142
2305 1.04250573161
2306 1.05415851525
2307 1.04740940644
2308 1.05641974646
2309 1.05817060244
2310 1.0620783011
2311 1.05011061594
2312 1.05824175677
2313 1.04784686773
2314 1.04990873608
2315 1.06268510099
2316 1.04265752741
2317 1.06066541269
2318 1.05804122713
2319 1.05503786299
2320 1.04274558281
2321 1.05016351271
2322 1.0382614552
2323 1.04634626983
2324 1.04791462626
2325 1.05065509394
2326 1.07062379986
2327 1.04849748462
2328 1.05308197685
2329 1.04618863385
2330 1.04548291068
2331 1.04741945576
2332 1.05381551671
2333 1.03340485766
2334 1.04879922614
2335 1.04859200268
2336 1.04518043658
2337 1.04996036387
2338 1.03509833726
2339 1.05446101572
2340 1.06053828901
2341 1.05297102756
2342 1.04600038131
2343 1.05697082331
2344 1.05468819103
2345 1.06251614357
2346 1.05674673674
2347 1.05525849916
2348 1.05443539361
2349 1.05573302438
2350 1.05171077508
2351 1.06603246908
2352 1.05107350391
2353 1.04550868949
2354 1.04973376988
2355 1.05702295032
2356 1.04600529691
2357 1.06256413297
2358 1.04720706145
2359 1.04136562811
2360 1.04541267377
2361 1.043258151
2362 1.04394846552
2363 1.04481906617
2364 1.04905954679
2365 1.03489739414
2366 1.04269040937
2367 1.041651943
2368 1.02829185197
2369 1.02846914491
2370 1.02688350151
2371 1.03622996915
2372 1.03506074928
2373 1.03545303471
2374 1.02417266356
2375 1.02456844761
2376 1.02474937971
2377 1.02473731421
2378 1.03670313776
2379 1.03048409772
2380 1.0345419778
2381 1.03387084465
2382 1.03589810658
2383 1.0317750966
2384 1.03041566813
2385 1.04009184116
2386 1.03379204166
2387 1.03558565853
2388 1.04938014721
2389 1.04001662697
2390 1.06296552475
2391 1.04334162931
2392 1.04868897488
2393 1.03532656396
2394 1.02712565805
2395 1.0495095776
2396 1.04117420842
2397 1.03467852592
2398 1.06113049013
2399 1.04099762641
2400 1.0534394001
2401 1.03452410789
2402 1.05202364523
2403 1.03646978814
2404 1.05537090775
2405 1.03009982306
2406 1.03006594357
2407 1.04958814483
2408 1.0265958
2409 1.05740874124
2410 1.04190861303
2411 1.04757113231
2412 1.05399596422
2413 1.04375098458
2414 1.0492924819
2415 1.02690102109
2416 1.06047464565
2417 1.04924653899
2418 1.05026225639
2419 1.03415961622
2420 1.03821031878
2421 1.02609479812
2422 1.04395875149
2423 1.05607290203
2424 1.04422219428
2425 1.0422206508
2426 1.05548218956
2427 1.05196451776
2428 1.036016841
2429 1.05919875781
2430 1.04411211899
2431 1.04503224861
2432 1.01760504741
2433 1.03490807611
2434 1.02473064496
2435 1.03759160138
2436 1.04721000372
2437 1.04397771281
2438 1.0497748383
2439 1.06705509312
2440 1.06941415594
2441 1.04828981491
2442 1.0426777439
2443 1.05496143043
2444 1.02687773563
2445 1.06188724017
2446 1.04433858081
2447 1.0314087584
2448 1.03273281277
2449 1.05444220956
2450 1.04653015541
2451 1.04627861049
2452 1.02711378845
2453 1.02358446199
2454 1.0325424703
2455 1.04258259147
2456 1.02355724621
2457 1.02818138948
2458 1.03261475324
2459 1.04088179583
2460 1.02822770929
2461 1.0351019714
2462 1.04276961525
2463 1.02658354111
2464 1.02922492168
2465 1.04597102688
2466 1.02369030786
2467 1.04607837921
2468 1.02027977444
2469 1.05320585248
2470 1.03055046028
2471 1.0631190239
2472 1.04762777656
2473 1.05682468443
2474 1.03159711387
2475 1.02869104582
2476 1.03169104453
2477 1.04095746181
2478 1.04174345361
2479 1.05273967842
2480 1.04946986639
2481 1.05461664008
2482 1.05115923491
2483 1.05557733335
2484 1.0493539083
2485 1.04618083726
2486 1.04144062386
2487 1.04642157641
2488 1.05283734839
2489 1.03626467684
2490 1.05423437084
2491 1.05742452713
2492 1.03835516964
2493 1.05630093179
2494 1.05957652681
2495 1.06297283863
2496 1.05945872921
2497 1.0523773581
2498 1.0577857831
2499 1.05435786296
2500 1.07325404542
2501 1.05364860443
2502 1.06648116251
2503 1.05263558277
2504 1.06128264466
2505 1.05444583184
2506 1.05684271243
2507 1.05949855557
2508 1.05582553358
2509 1.05428303444
2510 1.05497186022
2511 1.05933902284
2512 1.05184431747
2513 1.05293719449
2514 1.05732791384
2515 1.05494461883
2516 1.04934783327
*Step  = 14
*Time  = 2.8
*Data  = Fzz
1 1.05199045236
2 1.04560266674
3 1.05400190891
4 1.04687364835
5 1.05278820573
6 1.05614172722
7 1.05469141231
8 1.05545225365
9 1.05038397092
10 1.04043980716
11 1.05095167535
12 1.04130137187
13 1.03780985021
14 1.05254524696
15 1.05616720873
16 1.04827980998
17 1.06426576464
18 1.05184599464
19 1.05136690766
20 1.05582531216
21 1.04240600039
22 1.04322680432
23 1.04357286214
24 1.0493850536
25 1.05473061867
26 1.05605161581
27 1.04620226838
28 1.05715270478
29 1.04652130539
30 1.04157878941
31 1.05389861293
32 1.05671570294
33 1.0591621814
34 1.05791867173
35 1.05480194603
36 1.05206114839
37 1.05736853953
38 1.06139686373
39 1.05150983828
40 1.030181718
41 1.04577125538
42 1.05668679018
43 1.04293126513
44 1.05753190223
45 1.05956031445
46 1.03863642073
47 1.06679785554
48 1.05456886218
49 1.05913086242
50 1.04189335555
51 1.03824844745
52 1.05354144595
53 1.04710752967
54 1.03765968736
55 1.04248194748
56 1.06143263412
57 1.04020795322
58 1.04847475834
59 1.04081657777
60 1.06153708083
61 1.05123211911
62 1.04580020789
63 1.05158665057
64 1.04574405781
65 1.04744812371
66 1.05198372493
67 1.03606548565
68 1.03648759327
69 1.05384256277
70 1.06138521853
71 1.0563766337
72 1.04593996792
73 1.04776204728
74 1.04201359277
75 1.06159911497
76 1.05917275458
77 1.04938910381
78 1.03294093202
79 1.0500629706
80 1.04757678308
81 1.04790793179
82 1.06108637717
83 1.06093227986
84 1.04971234566
85 1.04567713702
86 1.02582556177
87 1.04525922375
88 1.04891774254
89 1.05234368593
90 1.04128975059
91 1.04979409306
92 1.04492056309
93 1.0466415683
94 1.03858051057
95 1.04698563955
96 1.02799782188
97 1.04768330876
98 1.05735362583
99 1.02530323929
100 1.04307984762
101 1.04398186707
102 1.05044307733
103 1.05716658731
104 1.06716256124
105 1.05517936724
106 1.05523268079
107 1.04544024604
108 1.04127190992
109 1.0372679748
110 1.05210428798
111 1.04743745439
112 1.05035188196
113 1.07319533115
114 1.05092496019
115 1.04524975191
116 1.04209730903
117 1.04860791646
118 1.04975597322
119 1.02642448048
120 1.05684807464
121 1.04390542501
122 1.03183475406
123 1.03092422438
124 1.06145433208
125 1.05476123887
126 1.05584112445
127 1.07256916209
128 1.05095694086
129 1.05070320249
130 1.04677206719
131 1.04802711713
132 1.06183671551
133 1.04470868144
134 1.05311803583
135 1.05468291995
136 1.05006355014
137 1.057055593
138 1.07825422725
139 1.03538340695
140 1.0444561528
141 1.04390755867
142 1.04712467515
143 1.04780802228
144 1.02942335004
145 1.04443879879
146 1.04388610409
147 1.05112944142
148 1.02929559369
149 1.04235079335
150 1.05614351956
151 1.05947218543
152 1.0306375881
153 1.04616273177
154 1.05294086235
155 1.03422729663
156 1.0350083737
157 1.0524446855
158 1.06132731144
159 1.04993369484
160 1.02059454402
161 1.07680125974
162 1.05555432272
163 1.04737974167
164 1.03585115256
165 1.03793549596
166 1.0229472424
167 1.05079361689
168 1.03688852322
169 1.05218114723
170 1.04584302127
171 1.03788353014
172 1.05003997575
173 1.0356940019
174 1.05999776644
175 1.05789202675
176 1.02214944258
177 1.05230846352
178 1.06169618911
179 1.02661165447
180 1.02604085679
181 1.05701347194
182 1.05379154535
183 1.04163945589
184 1.05847531047
185 1.0472892954
186 1.065778475
187 1.04148279998
188 1.0503265873
189 1.02027977444
190 1.03990076713
191 1.03608641701
192 1.05374106746
193 1.03972290166
194 1.05478262906
195 1.05684807464
196 1.03874883469
197 1.04375933049
198 1.05684807464
199 1.03592190049
200 1.04223237641
201 1.02302589674
202 1.07243188442
203 1.0553211199
204 1.05481994565
205 1.05983362736
206 1.06110848287
207 1.0584369579
208 1.02802565098
209 1.05555432272
210 1.04304571494
211 1.02267206719
212 1.06077835641
213 1.02161264927
214 1.02850287485
215 1.07493239309
216 1.04980185895
217 1.05154417997
218 1.02737603978
219 1.06334294067
220 1.04626494915
221 1.04702722834
222 1.05361126917
223 1.03581004459
224 1.03194375729
225 1.03504003454
226 1.04088884135
227 1.05185338826
228 1.04326407799
229 1.04378839724
230 1.05522804546
231 1.03006105105
232 1.02891285859
233 1.02564668371
234 1.04087109684
235 1.05059372555
236 1.04979426918
237 1.03852613959
238 1.03454507608
239 1.04850968089
240 1.04853055093
241 1.02945088938
242 1.05347734429
243 1.0528258907
244 1.02815041925
245 1.05788456299
246 1.02582658279
247 1.05542825892
248 1.05348470784
249 1.054286809
250 1.04792345453
251 1.03554700795
252 1.0528258907
253 1.0508988992
254 1.04850197311
255 1.04056253961
256 1.04981909117
257 1.02758657937
258 1.03602587749
259 1.05272265393
260 1.05178523676
261 1.04014058475
262 1.03743891937
263 1.0450091776
264 1.05232470086
265 1.04220921962
266 1.03329655423
267 1.05272265393
268 1.03848898708
269 1.0427822784
270 1.02336337397
271 1.04301863963
272 1.02338939089
273 1.04760346924
274 1.03742348721
275 1.04744212796
276 1.03927175774
277 1.05788456299
278 1.04746480101
279 1.02325595884
280 1.04496618071
281 1.07405941523
282 1.04490722409
283 1.07540234009
284 1.07261048656
285 1.07235292469
286 1.07529985547
287 1.07864086187
288 1.07319533115
289 1.07533975921
290 1.07429314365
291 1.07399264584
292 1.04783460146
293 1.05272265393
294 1.05705455394
295 1.06820502473
296 1.06682856391
297 1.07864086187
298 1.0721174556
299 1.07726423681
300 1.07786210921
301 1.07203323521
302 1.07775111882
303 1.07219536875
304 1.07775111882
305 1.05010091173
306 1.03662012372
307 1.07738779741
308 1.07724295857
309 1.07072474613
310 1.07023565183
311 1.06484163748
312 1.06514209291
313 1.06657188439
314 1.05319234685
315 1.05472294015
316 1.06357451809
317 1.05273967842
318 1.06143216201
319 1.03121858508
320 1.06649228151
321 1.06690820795
322 1.0394715646
323 1.05345570248
324 1.04576148517
325 1.07009058763
326 1.06824852843
327 1.05370796616
328 1.05485270769
329 1.04351185564
330 1.06377842671
331 1.05421198934
332 1.06063972314
333 1.0500323248
334 1.06365133756
335 1.04141415083
336 1.06941980102
337 1.04590944328
338 1.04293764702
339 1.04207191139
340 1.04997451214
341 1.02921191954
342 1.059543381
343 1.04164950541
344 1.03601442443
345 1.04214025794
346 1.02686266119
347 1.05887610344
348 1.04087800814
349 1.06330132314
350 1.034688442
351 1.03317403913
352 1.04523427701
353 1.04539079078
354 1.04135908922
355 1.04504825696
356 1.04562849148
357 1.03914417071
358 1.03651111204
359 1.03404717021
360 1.04103940993
361 1.05460517425
362 1.034087037
363 1.03202632286
364 1.02952312834
365 1.04638879694
366 1.0306843233
367 1.03112346508
368 1.05248442608
369 1.0560894269
370 1.05286903994
371 1.02938622968
372 1.05058221538
373 1.03018066408
374 1.03014518663
375 1.02417764147
376 1.02414388339
377 1.05553987927
378 1.03802680546
379 1.05526013926
380 1.03115216368
381 1.06535512975
382 1.0481128406
383 1.02577785343
384 1.02683209836
385 1.02487305646
386 1.03324748744
387 1.0252441939
388 1.02566912912
389 1.0307403256
390 1.02450654506
391 1.02600227195
392 1.05397200145
393 1.042103185
394 1.02556271779
395 1.02256234354
396 1.0407717214
397 1.02557418263
398 1.02256412988
399 1.02608566264
400 1.04424595093
401 1.03544628943
402 1.05619052318
403 1.02584927629
404 1.03472972789
405 1.03291799628
406 1.02325687683
407 1.02293718198
408 1.06275906774
409 1.02293316917
410 1.02141636391
411 1.02253552146
412 1.02252494754
413 1.0437109916
414 1.03413392163
415 1.04287657088
416 1.02366333851
417 1.02366687075
418 1.0655832102
419 1.04768250407
420 1.01909670654
421 1.04279842075
422 1.03461675051
423 1.02272200213
424 1.04556245312
425 1.0548217028
426 1.04417329682
427 1.0529002657
428 1.02273256844
429 1.02468776991
430 1.02270693396
431 1.02277902138
432 1.02220471294
433 1.02463895956
434 1.02684490696
435 1.0440021992
436 1.04537508654
437 1.02154458029
438 1.0216516469
439 1.02271338875
440 1.02300643422
441 1.04294977254
442 1.02143910073
443 1.02027685754
444 1.0240267451
445 1.02489595335
446 1.04115891342
447 1.02261619019
448 1.05341180089
449 1.03075715916
450 1.02350962199
451 1.04397861162
452 1.04817174348
453 1.02397129622
454 1.02379085237
455 1.02558029336
456 1.02309697998
457 1.02864543158
458 1.03036123798
459 1.02915046341
460 1.02027977444
461 1.04492072273
462 1.05074641689
463 1.0478490099
464 1.05758237057
465 1.05273967842
466 1.06263784231
467 1.05702626054
468 1.03094662177
469 1.05448207778
470 1.04812840491
471 1.04523415969
472 1.02470553552
473 1.03241116055
474 1.02617806338
475 1.03313734313
476 1.03137393361
477 1.03579521865
478 1.03605875408
479 1.03669956086
480 1.03905572228
481 1.03932375486
482 1.03496529724
483 1.04469884866
484 1.03278068314
485 1.04438099549
486 1.03204707248
487 1.03748585203
488 1.03868659613
489 1.03881678847
490 1.04396694925
491 1.04058142663
492 1.03957453345
493 1.04919411547
494 1.04635931039
495 1.03460761625
496 1.04251780608
497 1.04318804548
498 1.04287604871
499 1.04356520587
500 1.04607880989
501 1.03737583197
502 1.04169182122
503 1.04647171663
504 1.04640751987
505 1.04823666895
506 1.0480290582
507 1.05224256758
508 1.04973497363
509 1.03487847515
510 1.03694458967
511 1.04823297045
512 1.05112430413
513 1.04528662458
514 1.05281444755
515 1.05036086824
516 1.05319599475
517 1.05325908755
518 1.06495246137
519 1.06439399568
520 1.06216828742
521 1.05646477053
522 1.04489243061
523 1.06392593207
524 1.04424197166
525 1.06643132534
526 1.04362642402
527 1.06232510188
528 1.03667847998
529 1.06484478432
530 1.05747213262
531 1.03781122667
532 1.05834301971
533 1.04385993998
534 1.05276446895
535 1.04461114036
536 1.07066575069
537 1.0234529135
538 1.05488658762
539 1.0553714109
540 1.07377512604
541 1.07333957224
542 1.07422869941
543 1.04714719526
544 1.07360481867
545 1.07409262264
546 1.07973758009
547 1.08363919519
548 1.08199413192
549 1.08225362446
550 1.08363919519
551 1.07989143217
552 1.07627278613
553 1.07627278613
554 1.07615302374
555 1.07619861636
556 1.07978315909
557 1.07983089688
558 1.08046000683
559 1.08055644102
560 1.07452281758
561 1.07452281758
562 1.0798482124
563 1.07627278613
564 1.07640493665
565 1.07632451235
566 1.07524912668
567 1.07587953677
568 1.08147225607
569 1.08122014412
570 1.07176398377
571 1.07131989434
572 1.07782242845
573 1.07300471742
574 1.06270381021
575 1.07782242845
576 1.07339408488
577 1.07856876882
578 1.07842963361
579 1.07322750113
580 1.07636698654
581 1.06239623648
582 1.06193956273
583 1.06467751333
584 1.04545533484
585 1.06571975944
586 1.0660751162
587 1.05477344886
588 1.05498463985
589 1.04489405531
590 1.05778163455
591 1.0523199126
592 1.0625824482
593 1.05388506266
594 1.04952209768
595 1.05436121876
596 1.05236198468
597 1.04986923665
598 1.05156481221
599 1.05046393855
600 1.04302795829
601 1.05025621793
602 1.05392553842
603 1.03509650314
604 1.05165451071
605 1.0568358518
606 1.0409379664
607 1.03680591394
608 1.05129651925
609 1.05258128945
610 1.04742877105
611 1.03774090904
612 1.04734613188
613 1.05423772994
614 1.05578790084
615 1.04481710252
616 1.04628430939
617 1.05844269355
618 1.05199556334
619 1.05559157093
620 1.05849418587
621 1.04439597942
622 1.05546896491
623 1.05230633807
624 1.03838005059
625 1.02778365424
626 1.03511088643
627 1.02465473471
628 1.02442562869
629 1.04842484023
630 1.05559215067
631 1.05923324192
632 1.0709709607
633 1.0783823403
634 1.04686452047
635 1.03510394101
636 1.03146367506
637 1.04274543914
638 1.04364947052
639 1.06286336105
640 1.04847854981
641 1.04317698186
642 1.02267397338
643 1.05131482046
644 1.05934802647
645 1.06189789143
646 1.06238863057
647 1.05886495773
648 1.0337415339
649 1.07258419864
650 1.07256846963
651 1.0460611434
652 1.06178211888
653 1.04795154148
654 1.03349010303
655 1.0275906525
656 1.02882691178
657 1.05769439252
658 1.02990828674
659 1.02921455613
660 1.05030442602
661 1.02843146289
662 1.02865880956
663 1.06165070878
664 1.03492927269
665 1.04388180764
666 1.03299502738
667 1.03165876628
668 1.03214604219
669 1.06170739066
670 1.03596441334
671 1.0369859962
672 1.04577502511
673 1.03262664588
674 1.0436462281
675 1.04143035524
676 1.03445302017
677 1.04636259745
678 1.05673822554
679 1.05280547485
680 1.05062181002
681 1.03075224303
682 1.03502932916
683 1.04062523611
684 1.05779782092
685 1.05400046941
686 1.05325332117
687 1.0612708547
688 1.06049396258
689 1.0691579336
690 1.06804136599
691 1.06868652082
692 1.06825067021
693 1.06445506441
694 1.02067250675
695 1.0522535748
696 1.07331874152
697 1.07407810386
698 1.07367532713
699 1.07364724691
700 1.07250750481
701 1.07364724691
702 1.07669549353
703 1.07365177863
704 1.07485596929
705 1.07493352682
706 1.05788456299
707 1.07555674987
708 1.07322750113
709 1.07934767601
710 1.03360541541
711 1.02671862413
712 1.06759095499
713 1.06730535857
714 1.05656183324
715 1.04153291781
716 1.05764049261
717 1.04202885936
718 1.04158800976
719 1.05215596727
720 1.04646214826
721 1.03140343665
722 1.03096237226
723 1.0495616098
724 1.06687900441
725 1.03895015543
726 1.0385441576
727 1.04563875064
728 1.04755014463
729 1.05874444361
730 1.02850332555
731 1.05826422385
732 1.05387220947
733 1.03019164441
734 1.05613281377
735 1.05634998941
736 1.03650088959
737 1.03366839724
738 1.03478691715
739 1.03994873154
740 1.04399443474
741 1.05376443024
742 1.06622569323
743 1.06859063243
744 1.07117076423
745 1.0515760852
746 1.06643194061
747 1.0665421735
748 1.07813676202
749 1.07555674987
750 1.07943736279
751 1.07974461126
752 1.07322750113
753 1.06259561241
754 1.06248053294
755 1.07407190296
756 1.05898504276
757 1.05323463483
758 1.05422501022
759 1.04065944614
760 1.03559440034
761 1.03376886463
762 1.06264064405
763 1.03188096823
764 1.02770371059
765 1.02336743013
766 1.02536112741
767 1.02875520526
768 1.04434260885
769 1.04832010807
770 1.0564848557
771 1.045065708
772 1.03823342155
773 1.02856346879
774 1.04037099806
775 1.05563073702
776 1.03254391238
777 1.03671262667
778 1.03724085674
779 1.0409724449
780 1.03219290794
781 1.05506607097
782 1.06274259003
783 1.06329894648
784 1.06380787874
785 1.07818725052
786 1.07810594731
787 1.07531997042
788 1.07290430561
789 1.07229486807
790 1.07403176634
791 1.08044235811
792 1.08024311232
793 1.07974461126
794 1.06380588428
795 1.05038887786
796 1.0530815738
797 1.04165955579
798 1.0354016554
799 1.04145267853
800 1.03689923126
801 1.03872754253
802 1.08030195861
803 1.03271057724
804 1.0310473578
805 1.02840996044
806 1.02908113132
807 1.06483672602
808 1.05636656812
809 1.02523612282
810 1.0258491041
811 1.0246466257
812 1.02460513318
813 1.02438800274
814 1.02370210019
815 1.02552851649
816 1.02055544347
817 1.02819705365
818 1.03232623695
819 1.03081761658
820 1.03020589887
821 1.03328351635
822 1.03647994643
823 1.03672068957
824 1.03501681308
825 1.04338854328
826 1.03230209996
827 1.05880110874
828 1.04129205228
829 1.06498453407
830 1.05649585199
831 1.04154740781
832 1.07007360772
833 1.07531997042
834 1.06858259623
835 1.06737886283
836 1.07699178157
837 1.07690392796
838 1.08107939509
839 1.03845229775
840 1.06179637207
841 1.05523268079
842 1.03802981466
843 1.06258245075
844 1.04924247446
845 1.04791777542
846 1.0252352901
847 1.04549742801
848 1.05027166048
849 1.02968476685
850 1.03169741215
851 1.05592711292
852 1.03114493881
853 1.04265412301
854 1.0469932821
855 1.02664664352
856 1.03806721659
857 1.04314644634
858 1.01998891484
859 1.01998920031
860 1.06204716534
861 1.04978496402
862 1.04971720248
863 1.06874666092
864 1.06277406521
865 1.03229074695
866 1.03024769028
867 1.03107848883
868 1.03506509894
869 1.04374828409
870 1.02926199549
871 1.05281060584
872 1.05350683408
873 1.06970650929
874 1.06434989391
875 1.08015636404
876 1.06128460367
877 1.06150351048
878 1.05702502729
879 1.04838076623
880 1.03992363134
881 1.03574028513
882 1.03456688229
883 1.05535584864
884 1.02671850465
885 1.02016188284
886 1.05169670234
887 1.02194209356
888 1.02259272287
889 1.04721729343
890 1.05187792446
891 1.03596341165
892 1.03839798828
893 1.02264250665
894 1.05427928898
895 1.06496147781
896 1.07216640905
897 1.0756642798
898 1.0767220757
899 1.07825422725
900 1.04783128487
901 1.05788456299
902 1.04534129573
903 1.08116055865
904 1.06088985512
905 1.08091515027
906 1.06088985512
907 1.07931458333
908 1.06278735215
909 1.07946098535
910 1.05946012701
911 1.06389686917
912 1.02278743089
913 1.04913407367
914 1.03198232045
915 1.05379395371
916 1.05426382063
917 1.04980170865
918 1.04373422806
919 1.0391159742
920 1.05006378835
921 1.03416864769
922 1.06875886117
923 1.03475688499
924 1.03404295977
925 1.03047285271
926 1.03156344846
927 1.03174215878
928 1.0234008485
929 1.02304338907
930 1.02331384261
931 1.0271404514
932 1.02644931111
933 1.02298820711
934 1.0177433731
935 1.01777499651
936 1.02212863958
937 1.02466804719
938 1.02491905253
939 1.02171634677
940 1.02442945238
941 1.02356885379
942 1.02205040404
943 1.02272062939
944 1.02200323865
945 1.02553615497
946 1.04672411624
947 1.02264650781
948 1.03164717951
949 1.03329213829
950 1.03373295357
951 1.03452112551
952 1.03252153675
953 1.03352581455
954 1.03574835684
955 1.03145394294
956 1.04056903698
957 1.05654892519
958 1.05904622476
959 1.04170490567
960 1.05234306929
961 1.05518374473
962 1.05323158496
963 1.05419419521
964 1.04049389144
965 1.07623172336
966 1.07623172336
967 1.06977837403
968 1.0528258907
969 1.04938712172
970 1.05705981114
971 1.0508118347
972 1.05451221749
973 1.06597499145
974 1.06587559038
975 1.05705455394
976 1.032036515
977 1.05176157284
978 1.03908024947
979 1.06350098711
980 1.05189371495
981 1.03600097718
982 1.06587269844
983 1.03804540846
984 1.0389618124
985 1.04598275663
986 1.0512071822
987 1.05410510455
988 1.04646252593
989 1.04234482831
990 1.0271854414
991 1.05627069237
992 1.03230413258
993 1.05310271502
994 1.04976490845
995 1.02214811775
996 1.05166010508
997 1.05495024303
998 1.04752584595
999 1.03640346514
1000 1.02229181276
1001 1.05123409112
1002 1.05529960477
1003 1.05116768886
1004 1.04666950908
1005 1.05274707788
1006 1.04582484918
1007 1.04633176314
1008 1.03028240541
1009 1.0473662369
1010 1.04489545279
1011 1.04435669545
1012 1.05762635015
1013 1.04977987382
1014 1.04767758216
1015 1.05077958782
1016 1.04903379693
1017 1.04940685958
1018 1.0441302388
1019 1.05214090463
1020 1.03047461535
1021 1.04322873823
1022 1.02612846951
1023 1.04883154363
1024 1.07021870093
1025 1.04281486535
1026 1.04175173778
1027 1.03797001379
1028 1.03410501549
1029 1.0341167358
1030 1.05210489632
1031 1.04792429748
1032 1.04849767964
1033 1.05259946196
1034 1.04998145243
1035 1.04973628155
1036 1.03196584962
1037 1.05617250235
1038 1.05036146366
1039 1.04757455356
1040 1.05280828491
1041 1.05262808289
1042 1.05159946227
1043 1.06250223163
1044 1.04859982077
1045 1.0372460093
1046 1.03741963249
1047 1.05256941119
1048 1.0370352265
1049 1.04781400658
1050 1.06342602427
1051 1.02527913329
1052 1.05080130827
1053 1.06088985512
1054 1.04596498725
1055 1.05762637066
1056 1.05585335623
1057 1.05630298383
1058 1.02172854049
1059 1.05093461383
1060 1.05127107832
1061 1.04063068208
1062 1.05742921656
1063 1.05085513375
1064 1.04361542711
1065 1.0527043675
1066 1.04030096304
1067 1.05319754957
1068 1.05321555436
1069 1.05134102359
1070 1.05432437659
1071 1.05387266751
1072 1.05448673655
1073 1.04960970833
1074 1.05600203207
1075 1.03239505315
1076 1.04438786553
1077 1.04555852647
1078 1.04524172663
1079 1.03157127687
1080 1.03570906772
1081 1.05047111753
1082 1.04873525425
1083 1.04489679242
1084 1.04226467979
1085 1.07468430453
1086 1.04608621958
1087 1.04018056964
1088 1.07435482356
1089 1.04515756779
1090 1.03437251929
1091 1.03500624607
1092 1.04402472421
1093 1.04463337246
1094 1.07423156206
1095 1.07412434266
1096 1.04363949936
1097 1.07230470318
1098 1.0574235607
1099 1.04946996893
1100 1.04315620441
1101 1.05539284729
1102 1.04710321665
1103 1.04615693939
1104 1.05586603449
1105 1.07075519943
1106 1.05866271729
1107 1.06834367278
1108 1.05626596112
1109 1.0600005474
1110 1.06015940546
1111 1.05869034886
1112 1.04460289449
1113 1.05603862273
1114 1.04512338029
1115 1.06513473663
1116 1.05247857358
1117 1.06178059315
1118 1.0665155819
1119 1.0557326984
1120 1.07326614939
1121 1.06607327207
1122 1.06610396767
1123 1.10120735225
1124 1.06002535616
1125 1.05881172235
1126 1.07353051606
1127 1.0679006831
1128 1.04197744384
1129 1.04289819718
1130 1.0595717389
1131 1.06541029245
1132 1.06069349539
1133 1.07214982417
1134 1.06340326459
1135 1.0656650472
1136 1.04107518451
1137 1.03957067203
1138 1.05010676802
1139 1.08029346818
1140 1.03798392533
1141 1.04204774379
1142 1.03600538351
1143 1.02809235779
1144 1.02751491047
1145 1.02372376841
1146 1.05792079265
1147 1.04465156668
1148 1.0500563898
1149 1.05782196551
1150 1.057129756
1151 1.05779095196
1152 1.07267000688
1153 1.05002623297
1154 1.05538145504
1155 1.04060566265
1156 1.0541343984
1157 1.05850783739
1158 1.06261862816
1159 1.04300387688
1160 1.05806882732
1161 1.05700897081
1162 1.05777495133
1163 1.04373337636
1164 1.04502197219
1165 1.03775138637
1166 1.07073752915
1167 1.05235567648
1168 1.06451914282
1169 1.0557178508
1170 1.03469566072
1171 1.06238895804
1172 1.05540856851
1173 1.05799763578
1174 1.06386082883
1175 1.03795024486
1176 1.02906245344
1177 1.05298260928
1178 1.04948824861
1179 1.0618468955
1180 1.04121205277
1181 1.04705105304
1182 1.04177569564
1183 1.05335188605
1184 1.03251400087
1185 1.03733535936
1186 1.0481695078
1187 1.05537784045
1188 1.04743405074
1189 1.05519151106
1190 1.06191954218
1191 1.06604754065
1192 1.06001744135
1193 1.07609635322
1194 1.0469121949
1195 1.05867404024
1196 1.03370703447
1197 1.05384296427
1198 1.05997421465
1199 1.07568949727
1200 1.06669652778
1201 1.05615721909
1202 1.04883573202
1203 1.05484327912
1204 1.05347150659
1205 1.05396094481
1206 1.05738469479
1207 1.04676798297
1208 1.05895421922
1209 1.03145085226
1210 1.04420355541
1211 1.04271632796
1212 1.06109514086
1213 1.05530708559
1214 1.0547485886
1215 1.05777200008
1216 1.04182388449
1217 1.03161986813
1218 1.04982355742
1219 1.05369492302
1220 1.05404240153
1221 1.04213937127
1222 1.05370443433
1223 1.0492298788
1224 1.06000153825
1225 1.05771716763
1226 1.04701969784
1227 1.04506833335
1228 1.04582130974
1229 1.04743867779
1230 1.04815259756
1231 1.06128460367
1232 1.06703446892
1233 1.06034522392
1234 1.0699641759
1235 1.07724185183
1236 1.05782338059
1237 1.05728942866
1238 1.05255983256
1239 1.05749605283
1240 1.03206387861
1241 1.06258114205
1242 1.0796855492
1243 1.03878928381
1244 1.04733641405
1245 1.07107679151
1246 1.07524549888
1247 1.05864562509
1248 1.06561433668
1249 1.0651681444
1250 1.05739112029
1251 1.0564957639
1252 1.05869278313
1253 1.06486780478
1254 1.05493011711
1255 1.05674088068
1256 1.05491696398
1257 1.05661852373
1258 1.06039170386
1259 1.05005645822
1260 1.04736225306
1261 1.04240604002
1262 1.03214658983
1263 1.04458389312
1264 1.05017199124
1265 1.0493276422
1266 1.05846392171
1267 1.02538109558
1268 1.05319207857
1269 1.04329676412
1270 1.03979127669
1271 1.03539775187
1272 1.06066701371
1273 1.02525727817
1274 1.02161571399
1275 1.04710785534
1276 1.04264805224
1277 1.03761063833
1278 1.05440053094
1279 1.04166809192
1280 1.03874608373
1281 1.0484020692
1282 1.04952813867
1283 1.0365314218
1284 1.05338695143
1285 1.03163194581
1286 1.054688398
1287 1.05243939261
1288 1.04920692619
1289 1.03738772168
1290 1.04788409794
1291 1.03281048412
1292 1.04068430344
1293 1.04514881626
1294 1.02629553641
1295 1.02562686977
1296 1.04620080651
1297 1.0340064137
1298 1.04107336893
1299 1.04906398323
1300 1.02672620178
1301 1.03206030979
1302 1.0461517593
1303 1.05671850577
1304 1.0468141412
1305 1.02141423752
1306 1.05037201108
1307 1.02609339808
1308 1.02467533272
1309 1.05583304578
1310 1.06221459592
1311 1.03209257985
1312 1.04870115583
1313 1.04973829287
1314 1.04779891658
1315 1.05095891496
1316 1.05634998941
1317 1.04738390824
1318 1.04728821161
1319 1.02550706561
1320 1.07035904823
1321 1.02845408867
1322 1.02416327101
1323 1.03051356624
1324 1.02468079361
1325 1.03089882646
1326 1.02398443136
1327 1.05503005634
1328 1.05634998941
1329 1.02843978758
1330 1.03323937927
1331 1.03920825658
1332 1.05477702052
1333 1.02357998267
1334 1.04271035819
1335 1.02501784023
1336 1.0333628682
1337 1.03120305476
1338 1.03159146001
1339 1.03121670268
1340 1.04744209876
1341 1.02935033275
1342 1.05126656823
1343 1.05445768492
1344 1.06072584021
1345 1.04273385418
1346 1.05610103549
1347 1.03576068763
1348 1.04175437754
1349 1.02617033654
1350 1.03314578479
1351 1.07102256562
1352 1.05667482309
1353 1.03666472922
1354 1.05204678072
1355 1.03537769487
1356 1.04126286812
1357 1.03935307005
1358 1.0572872093
1359 1.05121465142
1360 1.04159427087
1361 1.05580887863
1362 1.02610527395
1363 1.05785207378
1364 1.03964970343
1365 1.04429731328
1366 1.038928787
1367 1.04769715451
1368 1.04503075766
1369 1.04124865607
1370 1.06281763465
1371 1.05220913277
1372 1.05008926631
1373 1.03453408311
1374 1.04836471859
1375 1.04919379125
1376 1.05773042499
1377 1.0509395434
1378 1.05608941434
1379 1.05143023097
1380 1.05449050013
1381 1.06261459898
1382 1.04834886533
1383 1.04342836294
1384 1.04384336375
1385 1.06350544934
1386 1.06453321361
1387 1.06462083135
1388 1.07551086559
1389 1.05103547572
1390 1.05884350698
1391 1.0428622169
1392 1.04724608087
1393 1.05061570081
1394 1.0510788853
1395 1.04530365402
1396 1.05199117821
1397 1.05209635941
1398 1.05446201335
1399 1.03836420439
1400 1.03805280134
1401 1.06129205371
1402 1.02554154816
1403 1.05881765581
1404 1.06828500702
1405 1.06071822675
1406 1.0684528182
1407 1.06034589331
1408 1.06505846103
1409 1.04106028672
1410 1.04631575435
1411 1.05978675477
1412 1.04291348299
1413 1.03952841836
1414 1.03908431009
1415 1.0578152851
1416 1.05566193859
1417 1.05212997418
1418 1.05053001131
1419 1.02610031518
1420 1.05322638998
1421 1.04539199717
1422 1.05315512907
1423 1.06147941152
1424 1.04176755755
1425 1.06341360315
1426 1.04091666023
1427 1.06635112575
1428 1.04577674944
1429 1.0446257162
1430 1.05997265077
1431 1.04168445623
1432 1.04864822897
1433 1.06317589093
1434 1.04306500871
1435 1.05448796025
1436 1.03408799205
1437 1.0427290707
1438 1.04962769854
1439 1.05639818481
1440 1.03678258679
1441 1.04180077734
1442 1.0387828005
1443 1.02807263793
1444 1.05292574817
1445 1.06388915199
1446 1.03886919205
1447 1.05962504399
1448 1.06061040744
1449 1.04853652809
1450 1.05047366132
1451 1.05723260826
1452 1.05253460332
1453 1.07702216265
1454 1.02155447565
1455 1.05592696516
1456 1.07741789895
1457 1.05356196917
1458 1.0434624226
1459 1.04356667402
1460 1.02313306388
1461 1.03988035246
1462 1.05457632438
1463 1.05273116226
1464 1.06062602281
1465 1.06232756353
1466 1.02273162738
1467 1.06053258217
1468 1.03516212359
1469 1.04483407667
1470 1.05081640628
1471 1.05093584266
1472 1.05496933713
1473 1.04662143795
1474 1.05071872527
1475 1.03739581573
1476 1.04888837193
1477 1.05570987517
1478 1.05359960163
1479 1.0513635311
1480 1.04724106998
1481 1.05421128405
1482 1.06129538095
1483 1.06947786825
1484 1.05763348572
1485 1.06416088866
1486 1.05337384621
1487 1.06003113957
1488 1.04540682459
1489 1.04505925042
1490 1.0637094894
1491 1.07863781717
1492 1.05888754735
1493 1.06945161506
1494 1.03553933895
1495 1.07003540639
1496 1.0525078128
1497 1.063159401
1498 1.03869706076
1499 1.05321598322
1500 1.0454265711
1501 1.04372371009
1502 1.05066337509
1503 1.03825864506
1504 1.04646476876
1505 1.0415370569
1506 1.03959367957
1507 1.04676094982
1508 1.04742150556
1509 1.0478513884
1510 1.03755413261
1511 1.04126588149
1512 1.03842950664
1513 1.04339385827
1514 1.04192172951
1515 1.04866575891
1516 1.05653334167
1517 1.0429314307
1518 1.04431418377
1519 1.05328775023
1520 1.05324838999
1521 1.07543721719
1522 1.04488287667
1523 1.05713452511
1524 1.05997063308
1525 1.05877912114
1526 1.0491247093
1527 1.03983253132
1528 1.05100940313
1529 1.0582874055
1530 1.03465194959
1531 1.03334817499
1532 1.02934921365
1533 1.06103187293
1534 1.04843646217
1535 1.01892795748
1536 1.02295049398
1537 1.02320795902
1538 1.05474689241
1539 1.050600068
1540 1.05485247668
1541 1.07304132132
1542 1.06015252089
1543 1.05483240528
1544 1.05197242182
1545 1.03758246069
1546 1.02014436223
1547 1.05297331492
1548 1.0587128
1549 1.02444977444
1550 1.05644046762
1551 1.02282952988
1552 1.05105399672
1553 1.05463151351
1554 1.02341652431
1555 1.03670726594
1556 1.05239266805
1557 1.02335820482
1558 1.02527837769
1559 1.03427523625
1560 1.02093731746
1561 1.03461589799
1562 1.03524551546
1563 1.03378489574
1564 1.06452982861
1565 1.0487898797
1566 1.04198161365
1567 1.03324736095
1568 1.03782292596
1569 1.05068706977
1570 1.03796946413
1571 1.02011311212
1572 1.03463732373
1573 1.04835131755
1574 1.04667583121
1575 1.03574588675
1576 1.01896252854
1577 1.05190850441
1578 1.0464287957
1579 1.05286399035
1580 1.08096054524
1581 1.05782867055
1582 1.0519194283
1583 1.02785937385
1584 1.03770004886
1585 1.02666971548
1586 1.02281450493
1587 1.0426314794
1588 1.02306437307
1589 1.0586336896
1590 1.05342791964
1591 1.02047614423
1592 1.05091562937
1593 1.05241022347
1594 1.06132530777
1595 1.05447717251
1596 1.02106951298
1597 1.0580391133
1598 1.05836020926
1599 1.05300816953
1600 1.05055999795
1601 1.04550635418
1602 1.05563212076
1603 1.04100060752
1604 1.05451089801
1605 1.05379589272
1606 1.04382135945
1607 1.04408932295
1608 1.03873774142
1609 1.05044305248
1610 1.03435805212
1611 1.05126964833
1612 1.03878226729
1613 1.05685526198
1614 1.04927709327
1615 1.06541078539
1616 1.05734577484
1617 1.06462214377
1618 1.04686685243
1619 1.04858971821
1620 1.02364510733
1621 1.05351916911
1622 1.04893610492
1623 1.04355240638
1624 1.05017388951
1625 1.0392709563
1626 1.03696218605
1627 1.02772417186
1628 1.03295101203
1629 1.03917367264
1630 1.03145637479
1631 1.02337392316
1632 1.02310239021
1633 1.02339957092
1634 1.03432874158
1635 1.03594055354
1636 1.02289018714
1637 1.02438988157
1638 1.02669666029
1639 1.02484394065
1640 1.03833968879
1641 1.04334064758
1642 1.0462550548
1643 1.02459502505
1644 1.04783375378
1645 1.05613658825
1646 1.04721278612
1647 1.03456035988
1648 1.04423469229
1649 1.04853991699
1650 1.03704821556
1651 1.04718005098
1652 1.03435424836
1653 1.05509440225
1654 1.04483973156
1655 1.03288233992
1656 1.0574693163
1657 1.0531064814
1658 1.05735852871
1659 1.04028326463
1660 1.04905549248
1661 1.05803310249
1662 1.0578656315
1663 1.05621752668
1664 1.06293275654
1665 1.04077521779
1666 1.05228006309
1667 1.04327159022
1668 1.03717823324
1669 1.05713107171
1670 1.0485450047
1671 1.07467180843
1672 1.03667148289
1673 1.03780354016
1674 1.02926339711
1675 1.04655490183
1676 1.02643807389
1677 1.06068242947
1678 1.02368046739
1679 1.03524136966
1680 1.04946591284
1681 1.04508563058
1682 1.04290546812
1683 1.0564566842
1684 1.06224484948
1685 1.0516072251
1686 1.0512522209
1687 1.05106355969
1688 1.05580251021
1689 1.04351208732
1690 1.04479507912
1691 1.05680926367
1692 1.03460525817
1693 1.04444742386
1694 1.04859400027
1695 1.04778691256
1696 1.03167122997
1697 1.04707982039
1698 1.04222750863
1699 1.0526409301
1700 1.04351953883
1701 1.04716216326
1702 1.05460338358
1703 1.04826410614
1704 1.05885621928
1705 1.03163011632
1706 1.04763835275
1707 1.05820968474
1708 1.03625905691
1709 1.04703253239
1710 1.05217268603
1711 1.04743553972
1712 1.05311303591
1713 1.05159548684
1714 1.03531057557
1715 1.05428818238
1716 1.05260824641
1717 1.03352576745
1718 1.05020738046
1719 1.05526809903
1720 1.03367307249
1721 1.04227417002
1722 1.04728358977
1723 1.0555113381
1724 1.04250467821
1725 1.03726827144
1726 1.06087669247
1727 1.05632687013
1728 1.03353799348
1729 1.05950057667
1730 1.03371671957
1731 1.03977173244
1732 1.0506279299
1733 1.06251844889
1734 1.06290595156
1735 1.0559055106
1736 1.05208897925
1737 1.04717168026
1738 1.04665274314
1739 1.0561619933
1740 1.05523329144
1741 1.05386107263
1742 1.05453159402
1743 1.04360350545
1744 1.06288498347
1745 1.04889533767
1746 1.05296435143
1747 1.04563868978
1748 1.04202625836
1749 1.05953068405
1750 1.04510735793
1751 1.01756360049
1752 1.0511145893
1753 1.04767014524
1754 1.02945032929
1755 1.02916132932
1756 1.03770074855
1757 1.06677375724
1758 1.05963937458
1759 1.05935389551
1760 1.0602958087
1761 1.06372177099
1762 1.04953876186
1763 1.04550545441
1764 1.03369935921
1765 1.04888130597
1766 1.045914186
1767 1.04050985621
1768 1.06353981644
1769 1.05743795616
1770 1.06103709775
1771 1.05428819769
1772 1.07779966885
1773 1.05200745602
1774 1.04693322489
1775 1.05498959462
1776 1.05317292888
1777 1.05455941242
1778 1.07738603748
1779 1.05340493089
1780 1.07551093944
1781 1.03748888554
1782 1.07190354933
1783 1.0358189055
1784 1.05026237167
1785 1.0559575164
1786 1.07703790537
1787 1.03578352888
1788 1.04370679076
1789 1.0515839025
1790 1.05832716191
1791 1.05572053416
1792 1.04422069215
1793 1.05119330288
1794 1.07524014002
1795 1.05705402187
1796 1.08032446856
1797 1.04675664429
1798 1.04992228159
1799 1.0289480145
1800 1.04305863265
1801 1.03926477284
1802 1.04783665891
1803 1.05393638778
1804 1.04705645295
1805 1.0302337718
1806 1.04910645563
1807 1.04474779943
1808 1.04805768107
1809 1.04022629068
1810 1.05273249776
1811 1.03785173776
1812 1.04983498578
1813 1.03721442388
1814 1.0756642798
1815 1.05258718292
1816 1.05204810093
1817 1.06808555182
1818 1.05962905016
1819 1.05483295093
1820 1.03722461669
1821 1.05569640022
1822 1.03854281404
1823 1.04578399756
1824 1.03841654365
1825 1.02370766211
1826 1.05726751613
1827 1.05048520328
1828 1.04161512196
1829 1.04307605196
1830 1.04601013502
1831 1.04396733055
1832 1.04385648214
1833 1.0574295836
1834 1.05181648356
1835 1.04547181694
1836 1.04084126074
1837 1.07189337924
1838 1.03217903659
1839 1.04593703224
1840 1.06102891525
1841 1.06262449442
1842 1.0362521411
1843 1.03861035625
1844 1.03750441126
1845 1.04108368378
1846 1.03686361143
1847 1.02809224219
1848 1.02475932917
1849 1.05653660499
1850 1.06228027848
1851 1.0497107188
1852 1.06245887764
1853 1.05648796969
1854 1.03468370727
1855 1.04287642475
1856 1.0423079522
1857 1.03049315046
1858 1.03299036769
1859 1.05149193137
1860 1.05160152227
1861 1.0462673557
1862 1.05426950752
1863 1.05167127508
1864 1.04504826074
1865 1.04486962883
1866 1.04718931922
1867 1.04591209878
1868 1.05282332673
1869 1.03873413879
1870 1.06699460624
1871 1.03335476134
1872 1.06160642749
1873 1.05717830213
1874 1.04748836667
1875 1.02482221614
1876 1.03578511833
1877 1.03241324815
1878 1.05144512495
1879 1.04246783147
1880 1.0565721811
1881 1.03223994143
1882 1.08268757368
1883 1.05684807464
1884 1.0453587043
1885 1.04436434856
1886 1.03833489806
1887 1.05572797261
1888 1.04732743327
1889 1.02598367433
1890 1.03685633384
1891 1.06882512648
1892 1.02345445822
1893 1.04913544454
1894 1.05802180733
1895 1.04806293281
1896 1.08044031226
1897 1.05789766431
1898 1.04443397923
1899 1.04890091133
1900 1.03433489923
1901 1.05487278367
1902 1.06160768729
1903 1.05714796473
1904 1.06163694251
1905 1.05500358733
1906 1.04687191108
1907 1.04868131658
1908 1.0577509119
1909 1.05423940568
1910 1.05126609617
1911 1.05503241814
1912 1.05061375538
1913 1.05076105805
1914 1.03964685996
1915 1.0523354547
1916 1.05314913952
1917 1.04501274954
1918 1.04862492937
1919 1.05856788088
1920 1.05135550483
1921 1.04518701987
1922 1.03970121015
1923 1.04304870232
1924 1.05680018209
1925 1.05739223367
1926 1.057350181
1927 1.04298247494
1928 1.0441134257
1929 1.05510791742
1930 1.04968458811
1931 1.03384562352
1932 1.05697528244
1933 1.05144870379
1934 1.05227186611
1935 1.04436967963
1936 1.05118476006
1937 1.05978640149
1938 1.05446632307
1939 1.0381054492
1940 1.06064206702
1941 1.05768159407
1942 1.06686278639
1943 1.02609175995
1944 1.06026312954
1945 1.06054512609
1946 1.05744998362
1947 1.0413046108
1948 1.05028270368
1949 1.0564315562
1950 1.0543490797
1951 1.04097343567
1952 1.03879197312
1953 1.05238571157
1954 1.05829124246
1955 1.05499801999
1956 1.05375171064
1957 1.06082872561
1958 1.04052637382
1959 1.0237586285
1960 1.03731374512
1961 1.05139608947
1962 1.04859325289
1963 1.0450412117
1964 1.03492574744
1965 1.05352759963
1966 1.05510335071
1967 1.03660229405
1968 1.04716063289
1969 1.03941949804
1970 1.06887925449
1971 1.05150519122
1972 1.04858131815
1973 1.03945840095
1974 1.04126910906
1975 1.02588973184
1976 1.03262636059
1977 1.04938849145
1978 1.04332595563
1979 1.0423054869
1980 1.04260414641
1981 1.05397238624
1982 1.05281356134
1983 1.05339532314
1984 1.03907844305
1985 1.03573719324
1986 1.0502479346
1987 1.05441850185
1988 1.0385763561
1989 1.0320364509
1990 1.04583079927
1991 1.03653359882
1992 1.04425614457
1993 1.03246372056
1994 1.04617354194
1995 1.06655587724
1996 1.03465924594
1997 1.04788588198
1998 1.0275324799
1999 1.04450909628
2000 1.03080388984
2001 1.02581932119
2002 1.03565730508
2003 1.05453446771
2004 1.02967413197
2005 1.02858064276
2006 1.06153145696
2007 1.0477720587
2008 1.03629990193
2009 1.04911721842
2010 1.04240011157
2011 1.0390120763
2012 1.03065221614
2013 1.05144736928
2014 1.03855644769
2015 1.03524038334
2016 1.03495557682
2017 1.04564308662
2018 1.0328395816
2019 1.036480652
2020 1.0540459366
2021 1.04443899358
2022 1.05698958892
2023 1.06288191676
2024 1.05532941597
2025 1.03543659878
2026 1.04918594554
2027 1.02317867943
2028 1.04502136718
2029 1.04603467429
2030 1.04505225922
2031 1.04871071605
2032 1.03674006726
2033 1.03913323916
2034 1.04795079826
2035 1.04073200891
2036 1.03905407634
2037 1.05994533876
2038 1.04408905591
2039 1.04438663098
2040 1.05346185168
2041 1.04154842711
2042 1.03924180794
2043 1.0597022791
2044 1.03698913365
2045 1.05424724119
2046 1.05896224382
2047 1.05521772922
2048 1.0453957
2049 1.04988866029
2050 1.06215569776
2051 1.03958409508
2052 1.04037713235
2053 1.05922090721
2054 1.0644198877
2055 1.05337881589
2056 1.05743704396
2057 1.05126685222
2058 1.06084783054
2059 1.06153859412
2060 1.03812823895
2061 1.04048204926
2062 1.05358193902
2063 1.05420068674
2064 1.05107911136
2065 1.05868792161
2066 1.05232863424
2067 1.0502733152
2068 1.04885426711
2069 1.04644649677
2070 1.05945107582
2071 1.04382997609
2072 1.0669232947
2073 1.04524377194
2074 1.04820222825
2075 1.05684271243
2076 1.04571223339
2077 1.0448944032
2078 1.07793255382
2079 1.05049951018
2080 1.0595290525
2081 1.04843405636
2082 1.03958917878
2083 1.03823042637
2084 1.02257748117
2085 1.04787035086
2086 1.04619856261
2087 1.03621145297
2088 1.04897974106
2089 1.05905945244
2090 1.03838140866
2091 1.03855260454
2092 1.04711970458
2093 1.04063183599
2094 1.04362110971
2095 1.05611190656
2096 1.05068142249
2097 1.05913142662
2098 1.05226248418
2099 1.04752135148
2100 1.05228194497
2101 1.05247607774
2102 1.02466973305
2103 1.03589847056
2104 1.03900634612
2105 1.03676810743
2106 1.0225755035
2107 1.05185635105
2108 1.0372329258
2109 1.03920846248
2110 1.04176979033
2111 1.04023836781
2112 1.05209873666
2113 1.04413561965
2114 1.05357047613
2115 1.04880042414
2116 1.05190766564
2117 1.04265300633
2118 1.05241740029
2119 1.04797667785
2120 1.05262805066
2121 1.0500866015
2122 1.05400381977
2123 1.05548920002
2124 1.049183897
2125 1.06289565121
2126 1.05970419693
2127 1.05960984534
2128 1.04767191434
2129 1.06509595353
2130 1.06717451708
2131 1.05358653646
2132 1.04627770831
2133 1.04681738137
2134 1.05209899968
2135 1.04741899504
2136 1.03991262313
2137 1.05867673459
2138 1.04811060923
2139 1.0371245372
2140 1.04520435388
2141 1.05148327133
2142 1.04703558571
2143 1.0466628557
2144 1.05544670646
2145 1.05028253672
2146 1.05817191987
2147 1.03795644507
2148 1.04237445994
2149 1.03945207701
2150 1.03883347804
2151 1.04853381271
2152 1.06265302208
2153 1.0529274718
2154 1.03427733196
2155 1.03585631357
2156 1.03772668438
2157 1.02323682701
2158 1.03679994216
2159 1.03672922613
2160 1.04286638953
2161 1.03429852018
2162 1.05061263034
2163 1.04000407249
2164 1.04996325497
2165 1.04341158411
2166 1.04819317001
2167 1.03204422334
2168 1.04765017787
2169 1.04002856911
2170 1.04325852461
2171 1.03747922986
2172 1.04583091353
2173 1.04807665046
2174 1.04174081259
2175 1.03504771964
2176 1.04266203105
2177 1.04999476888
2178 1.05068073741
2179 1.04042707284
2180 1.05220128524
2181 1.05535326413
2182 1.04858443099
2183 1.04382480488
2184 1.04474505115
2185 1.03587380614
2186 1.03980690601
2187 1.05836113678
2188 1.05995339693
2189 1.0384815379
2190 1.05286567416
2191 1.06367501012
2192 1.05810141136
2193 1.04583792659
2194 1.02804113364
2195 1.04547567305
2196 1.03308321219
2197 1.03775317679
2198 1.02555532975
2199 1.04163419984
2200 1.03900284792
2201 1.04000409972
2202 1.04131012328
2203 1.04588339268
2204 1.02195845047
2205 1.03871335061
2206 1.0434408222
2207 1.05106139656
2208 1.05077292409
2209 1.03075989003
2210 1.05579091611
2211 1.0429669149
2212 1.04455669775
2213 1.03825176701
2214 1.04633665348
2215 1.05192281095
2216 1.04499149062
2217 1.04717576383
2218 1.04772822456
2219 1.04797902416
2220 1.04318717269
2221 1.03786886556
2222 1.03859931256
2223 1.02195665861
2224 1.04865772574
2225 1.05273967842
2226 1.02782370576
2227 1.05723282398
2228 1.06091305255
2229 1.03919879987
2230 1.02700260665
2231 1.04907120798
2232 1.0573672893
2233 1.04703558571
2234 1.05591379281
2235 1.05376212775
2236 1.04717577889
2237 1.04525977486
2238 1.04696908242
2239 1.06325038932
2240 1.03650158318
2241 1.06273931595
2242 1.05871789687
2243 1.05132244108
2244 1.05170655168
2245 1.05364129197
2246 1.05706923719
2247 1.05378201745
2248 1.05063511868
2249 1.04916104989
2250 1.04853336634
2251 1.02214892362
2252 1.05644014421
2253 1.04532329682
2254 1.05521193504
2255 1.04703558571
2256 1.03920364676
2257 1.04972392648
2258 1.04753864061
2259 1.02117254322
2260 1.04570177806
2261 1.03218785658
2262 1.03943503684
2263 1.04165047566
2264 1.04703558571
2265 1.04832801556
2266 1.03861484528
2267 1.05619814363
2268 1.04322922507
2269 1.02065452874
2270 1.07125844936
2271 1.06222462752
2272 1.05398133018
2273 1.04864261031
2274 1.05307839349
2275 1.05259167951
2276 1.05343627116
2277 1.04950609467
2278 1.05859609847
2279 1.0504334194
2280 1.05246500094
2281 1.05068554906
2282 1.05046953788
2283 1.04364513101
2284 1.04752393179
2285 1.05536281171
2286 1.05161656122
2287 1.04644860405
2288 1.05083288878
2289 1.03589816617
2290 1.04907548705
2291 1.02775251485
2292 1.03063406756
2293 1.05236389091
2294 1.02319819327
2295 1.02027977444
2296 1.04338909276
2297 1.05201731245
2298 1.05183931876
2299 1.0481171286
2300 1.04729713404
2301 1.05672267957
2302 1.04534831522
2303 1.05197433534
2304 1.04957550142
2305 1.04250573161
2306 1.05415851525
2307 1.04740940644
2308 1.05641974646
2309 1.05817060244
2310 1.0620783011
2311 1.05011061594
2312 1.05824175677
2313 1.04784686773
2314 1.04990873608
2315 1.06268510099
2316 1.04265752741
2317 1.06066541269
2318 1.05804122713
2319 1.05503786299
2320 1.04274558281
2321 1.05016351271
2322 1.0382614552
2323 1.04634626983
2324 1.04791462626
2325 1.05065509394
2326 1.07062379986
2327 1.04849748462
2328 1.05308197685
2329 1.04618863385
2330 1.04548291068
2331 1.04741945576
2332 1.05381551671
2333 1.03340485766
2334 1.04879922614
2335 1.04859200268
2336 1.04518043658
2337 1.04996036387
2338 1.03509833726
2339 1.05446101572
2340 1.06053828901
2341 1.05297102756
2342 1.04600038131
2343 1.05697082331
2344 1.05468819103
2345 1.06251614357
2346 1.05674673674
2347 1.05525849916
2348 1.05443539361
2349 1.05573302438
2350 1.05171077508
2351 1.06603246908
2352 1.05107350391
2353 1.04550868949
2354 1.04973376988
2355 1.05702295032
2356 1.04600529691
2357 1.06256413297
2358 1.04720706145
2359 1.04136562811
2360 1.04541267377
2361 1.043258151
2362 1.04394846552
2363 1.04481906617
2364 1.04905954679
2365 1.03489739414
2366 1.04269040937
2367 1.041651943
2368 1.02829185197
2369 1.02846914491
2370 1.02688350151
2371 1.03622996915
2372 1.03506074928
2373 1.03545303471
2374 1.02417266356
2375 1.02456844761
2376 1.02474937971
2377 1.02473731421
2378 1.03670313776
2379 1.03048409772
2380 1.0345419778
2381 1.03387084465
2382 1.03589810658
2383 1.0317750966
2384 1.03041566813
2385 1.04009184116
2386 1.03379204166
2387 1.03558565853
2388 1.04938014721
2389 1.04001662697
2390 1.06296552475
2391 1.04334162931
2392 1.04868897488
2393 1.03532656396
2394 1.02712565805
2395 1.0495095776
2396 1.04117420842
2397 1.03467852592
2398 1.06113049013
2399 1.04099762641
2400 1.0534394001
2401 1.03452410789
2402 1.05202364523
2403 1.03646978814
2404 1.05537090775
2405 1.03009982306
2406 1.03006594357
2407 1.04958814483
2408 1.0265958
2409 1.05740874124
2410 1.04190861303
2411 1.04757113231
2412 1.05399596422
2413 1.04375098458
2414 1.0492924819
2415 1.02690102109
2416 1.06047464565
2417 1.04924653899
2418 1.05026225639
2419 1.03415961622
2420 1.03821031878
2421 1.02609479812
2422 1.04395875149
2423 1.05607290203
2424 1.04422219428
2425 1.0422206508
2426 1.05548218956
2427 1.05196451776
2428 1.036016841
2429 1.05919875781
2430 1.04411211899
2431 1.04503224861
2432 1.01760504741
2433 1.03490807611
2434 1.02473064496
2435 1.03759160138
2436 1.04721000372
2437 1.04397771281
2438 1.0497748383
2439 1.06705509312
2440 1.06941415594
2441 1.04828981491
2442 1.0426777439
2443 1.05496143043
2444 1.02687773563
2445 1.06188724017
2446 1.04433858081
2447 1.0314087584
2448 1.03273281277
2449 1.05444220956
2450 1.04653015541
2451 1.04627861049
2452 1.02711378845
2453 1.02358446199
2454 1.0325424703
2455 1.04258259147
2456 1.02355724621
2457 1.02818138948
2458 1.03261475324
2459 1.04088179583
2460 1.02822770929
2461 1.0351019714
2462 1.04276961525
2463 1.02658354111
2464 1.02922492168
2465 1.04597102688
2466 1.02369030786
2467 1.04607837921
2468 1.02027977444
2469 1.05320585248
2470 1.03055046028
2471 1.0631190239
2472 1.04762777656
2473 1.05682468443
2474 1.03159711387
2475 1.02869104582
2476 1.03169104453
2477 1.04095746181
2478 1.04174345361
2479 1.05273967842
2480 1.04946986639
2481 1.05461664008
2482 1.05115923491
2483 1.05557733335
2484 1.0493539083
2485 1.04618083726
2486 1.04144062386
2487 1.04642157641
2488 1.05283734839
2489 1.03626467684
2490 1.05423437084
2491 1.05742452713
2492 1.03835516964
2493 1.05630093179
2494 1.05957652681
2495 1.06297283863
2496 1.05945872921
2497 1.0523773581
2498 1.0577857831
2499 1.05435786296
2500 1.07325404542
2501 1.05364860443
2502 1.06648116251
2503 1.05263558277
2504 1.06128264466
2505 1.05444583184
2506 1.05684271243
2507 1.05949855557
2508 1.05582553358
2509 1.05428303444
2510 1.05497186022
2511 1.05933902284
2512 1.05184431747
2513 1.05293719449
2514 1.05732791384
2515 1.05494461883
2516 1.04934783327
*Step  = 15
*Time  = 3
*Data  = Fzz
1 1.05199045236
2 1.04560266674
3 1.05400190891
4 1.04687364835
5 1.05278820573
6 1.05614172722
7 1.05469141231
8 1.05545225365
9 1.05038397092
10 1.04043980716
11 1.05095167535
12 1.04130137187
13 1.03780985021
14 1.05254524696
15 1.05616720873
16 1.04827980998
17 1.06426576464
18 1.05184599464
19 1.05136690766
20 1.05582531216
21 1.04240600039
22 1.04322680432
23 1.04357286214
24 1.0493850536
25 1.05473061867
26 1.05605161581
27 1.04620226838
28 1.05715270478
29 1.04652130539
30 1.04157878941
31 1.05389861293
32 1.05671570294
33 1.0591621814
34 1.05791867173
35 1.05480194603
36 1.05206114839
37 1.05736853953
38 1.06139686373
39 1.05150983828
40 1.030181718
41 1.04577125538
42 1.05668679018
43 1.04293126513
44 1.05753190223
45 1.05956031445
46 1.03863642073
47 1.06679785554
48 1.05456886218
49 1.05913086242
50 1.04189335555
51 1.03824844745
52 1.05354144595
53 1.04710752967
54 1.03765968736
55 1.04248194748
56 1.06143263412
57 1.04020795322
58 1.04847475834
59 1.04081657777
60 1.06153708083
61 1.05123211911
62 1.04580020789
63 1.05158665057
64 1.04574405781
65 1.04744812371
66 1.05198372493
67 1.03606548565
68 1.03648759327
69 1.05384256277
70 1.06138521853
71 1.0563766337
72 1.04593996792
73 1.04776204728
74 1.04201359277
75 1.06159911497
76 1.05917275458
77 1.04938910381
78 1.03294093202
79 1.0500629706
80 1.04757678308
81 1.04790793179
82 1.06108637717
83 1.06093227986
84 1.04971234566
85 1.04567713702
86 1.02582556177
87 1.04525922375
88 1.04891774254
89 1.05234368593
90 1.04128975059
91 1.04979409306
92 1.04492056309
93 1.0466415683
94 1.03858051057
95 1.04698563955
96 1.02799782188
97 1.04768330876
98 1.05735362583
99 1.02530323929
100 1.04307984762
101 1.04398186707
102 1.05044307733
103 1.05716658731
104 1.06716256124
105 1.05517936724
106 1.05523268079
107 1.04544024604
108 1.04127190992
109 1.0372679748
110 1.05210428798
111 1.04743745439
112 1.05035188196
113 1.07319533115
114 1.05092496019
115 1.04524975191
116 1.04209730903
117 1.04860791646
118 1.04975597322
119 1.02642448048
120 1.05684807464
121 1.04390542501
122 1.03183475406
123 1.03092422438
124 1.06145433208
125 1.05476123887
126 1.05584112445
127 1.07256916209
128 1.05095694086
129 1.05070320249
130 1.04677206719
131 1.04802711713
132 1.06183671551
133 1.04470868144
134 1.05311803583
135 1.05468291995
136 1.05006355014
137 1.057055593
138 1.07825422725
139 1.03538340695
140 1.0444561528
141 1.04390755867
142 1.04712467515
143 1.04780802228
144 1.02942335004
145 1.04443879879
146 1.04388610409
147 1.05112944142
148 1.02929559369
149 1.04235079335
150 1.05614351956
151 1.05947218543
152 1.0306375881
153 1.04616273177
154 1.05294086235
155 1.03422729663
156 1.0350083737
157 1.0524446855
158 1.06132731144
159 1.04993369484
160 1.02059454402
161 1.07680125974
162 1.05555432272
163 1.04737974167
164 1.03585115256
165 1.03793549596
166 1.0229472424
167 1.05079361689
168 1.03688852322
169 1.05218114723
170 1.04584302127
171 1.03788353014
172 1.05003997575
173 1.0356940019
174 1.05999776644
175 1.05789202675
176 1.02214944258
177 1.05230846352
178 1.06169618911
179 1.02661165447
180 1.02604085679
181 1.05701347194
182 1.05379154535
183 1.04163945589
184 1.05847531047
185 1.0472892954
186 1.065778475
187 1.04148279998
188 1.0503265873
189 1.02027977444
190 1.03990076713
191 1.03608641701
192 1.05374106746
193 1.03972290166
194 1.05478262906
195 1.05684807464
196 1.03874883469
197 1.04375933049
198 1.05684807464
199 1.03592190049
200 1.04223237641
201 1.02302589674
202 1.07243188442
203 1.0553211199
204 1.05481994565
205 1.05983362736
206 1.06110848287
207 1.0584369579
208 1.02802565098
209 1.05555432272
210 1.04304571494
211 1.02267206719
212 1.06077835641
213 1.02161264927
214 1.02850287485
215 1.07493239309
216 1.04980185895
217 1.05154417997
218 1.02737603978
219 1.06334294067
220 1.04626494915
221 1.04702722834
222 1.05361126917
223 1.03581004459
224 1.03194375729
225 1.03504003454
226 1.04088884135
227 1.05185338826
228 1.04326407799
229 1.04378839724
230 1.05522804546
231 1.03006105105
232 1.02891285859
233 1.02564668371
234 1.04087109684
235 1.05059372555
236 1.04979426918
237 1.03852613959
238 1.03454507608
239 1.04850968089
240 1.04853055093
241 1.02945088938
242 1.05347734429
243 1.0528258907
244 1.02815041925
245 1.05788456299
246 1.02582658279
247 1.05542825892
248 1.05348470784
249 1.054286809
250 1.04792345453
251 1.03554700795
252 1.0528258907
253 1.0508988992
254 1.04850197311
255 1.04056253961
256 1.04981909117
257 1.02758657937
258 1.03602587749
259 1.05272265393
260 1.05178523676
261 1.04014058475
262 1.03743891937
263 1.0450091776
264 1.05232470086
265 1.04220921962
266 1.03329655423
267 1.05272265393
268 1.03848898708
269 1.0427822784
270 1.02336337397
271 1.04301863963
272 1.02338939089
273 1.04760346924
274 1.03742348721
275 1.04744212796
276 1.03927175774
277 1.05788456299
278 1.04746480101
279 1.02325595884
280 1.04496618071
281 1.07405941523
282 1.04490722409
283 1.07540234009
284 1.07261048656
285 1.07235292469
286 1.07529985547
287 1.07864086187
288 1.07319533115
289 1.07533975921
290 1.07429314365
291 1.07399264584
292 1.04783460146
293 1.05272265393
294 1.05705455394
295 1.06820502473
296 1.06682856391
297 1.07864086187
298 1.0721174556
299 1.07726423681
300 1.07786210921
301 1.07203323521
302 1.07775111882
303 1.07219536875
304 1.07775111882
305 1.05010091173
306 1.03662012372
307 1.07738779741
308 1.07724295857
309 1.07072474613
310 1.07023565183
311 1.06484163748
312 1.06514209291
313 1.06657188439
314 1.05319234685
315 1.05472294015
316 1.06357451809
317 1.05273967842
318 1.06143216201
319 1.03121858508
320 1.06649228151
321 1.06690820795
322 1.0394715646
323 1.05345570248
324 1.04576148517
325 1.07009058763
326 1.06824852843
327 1.05370796616
328 1.05485270769
329 1.04351185564
330 1.06377842671
331 1.05421198934
332 1.06063972314
333 1.0500323248
334 1.06365133756
335 1.04141415083
336 1.06941980102
337 1.04590944328
338 1.04293764702
339 1.04207191139
340 1.04997451214
341 1.02921191954
342 1.059543381
343 1.04164950541
344 1.03601442443
345 1.04214025794
346 1.02686266119
347 1.05887610344
348 1.04087800814
349 1.06330132314
350 1.034688442
351 1.03317403913
352 1.04523427701
353 1.04539079078
354 1.04135908922
355 1.04504825696
356 1.04562849148
357 1.03914417071
358 1.03651111204
359 1.03404717021
360 1.04103940993
361 1.05460517425
362 1.034087037
363 1.03202632286
364 1.02952312834
365 1.04638879694
366 1.0306843233
367 1.03112346508
368 1.05248442608
369 1.0560894269
370 1.05286903994
371 1.02938622968
372 1.05058221538
373 1.03018066408
374 1.03014518663
375 1.02417764147
376 1.02414388339
377 1.05553987927
378 1.03802680546
379 1.05526013926
380 1.03115216368
381 1.06535512975
382 1.0481128406
383 1.02577785343
384 1.02683209836
385 1.02487305646
386 1.03324748744
387 1.0252441939
388 1.02566912912
389 1.0307403256
390 1.02450654506
391 1.02600227195
392 1.05397200145
393 1.042103185
394 1.02556271779
395 1.02256234354
396 1.0407717214
397 1.02557418263
398 1.02256412988
399 1.02608566264
400 1.04424595093
401 1.03544628943
402 1.05619052318
403 1.02584927629
404 1.03472972789
405 1.03291799628
406 1.02325687683
407 1.02293718198
408 1.06275906774
409 1.02293316917
410 1.02141636391
411 1.02253552146
412 1.02252494754
413 1.0437109916
414 1.03413392163
415 1.04287657088
416 1.02366333851
417 1.02366687075
418 1.0655832102
419 1.04768250407
420 1.01909670654
421 1.04279842075
422 1.03461675051
423 1.02272200213
424 1.04556245312
425 1.0548217028
426 1.04417329682
427 1.0529002657
428 1.02273256844
429 1.02468776991
430 1.02270693396
431 1.02277902138
432 1.02220471294
433 1.02463895956
434 1.02684490696
435 1.0440021992
436 1.04537508654
437 1.02154458029
438 1.0216516469
439 1.02271338875
440 1.02300643422
441 1.04294977254
442 1.02143910073
443 1.02027685754
444 1.0240267451
445 1.02489595335
446 1.04115891342
447 1.02261619019
448 1.05341180089
449 1.03075715916
450 1.02350962199
451 1.04397861162
452 1.04817174348
453 1.02397129622
454 1.02379085237
455 1.02558029336
456 1.02309697998
457 1.02864543158
458 1.03036123798
459 1.02915046341
460 1.02027977444
461 1.04492072273
462 1.05074641689
463 1.0478490099
464 1.05758237057
465 1.05273967842
466 1.06263784231
467 1.05702626054
468 1.03094662177
469 1.05448207778
470 1.04812840491
471 1.04523415969
472 1.02470553552
473 1.03241116055
474 1.02617806338
475 1.03313734313
476 1.03137393361
477 1.03579521865
478 1.03605875408
479 1.03669956086
480 1.03905572228
481 1.03932375486
482 1.03496529724
483 1.04469884866
484 1.03278068314
485 1.04438099549
486 1.03204707248
487 1.03748585203
488 1.03868659613
489 1.03881678847
490 1.04396694925
491 1.04058142663
492 1.03957453345
493 1.04919411547
494 1.04635931039
495 1.03460761625
496 1.04251780608
497 1.04318804548
498 1.04287604871
499 1.04356520587
500 1.04607880989
501 1.03737583197
502 1.04169182122
503 1.04647171663
504 1.04640751987
505 1.04823666895
506 1.0480290582
507 1.05224256758
508 1.04973497363
509 1.03487847515
510 1.03694458967
511 1.04823297045
512 1.05112430413
513 1.04528662458
514 1.05281444755
515 1.05036086824
516 1.05319599475
517 1.05325908755
518 1.06495246137
519 1.06439399568
520 1.06216828742
521 1.05646477053
522 1.04489243061
523 1.06392593207
524 1.04424197166
525 1.06643132534
526 1.04362642402
527 1.06232510188
528 1.03667847998
529 1.06484478432
530 1.05747213262
531 1.03781122667
532 1.05834301971
533 1.04385993998
534 1.05276446895
535 1.04461114036
536 1.07066575069
537 1.0234529135
538 1.05488658762
539 1.0553714109
540 1.07377512604
541 1.07333957224
542 1.07422869941
543 1.04714719526
544 1.07360481867
545 1.07409262264
546 1.07973758009
547 1.08363919519
548 1.08199413192
549 1.08225362446
550 1.08363919519
551 1.07989143217
552 1.07627278613
553 1.07627278613
554 1.07615302374
555 1.07619861636
556 1.07978315909
557 1.07983089688
558 1.08046000683
559 1.08055644102
560 1.07452281758
561 1.07452281758
562 1.0798482124
563 1.07627278613
564 1.07640493665
565 1.07632451235
566 1.07524912668
567 1.07587953677
568 1.08147225607
569 1.08122014412
570 1.07176398377
571 1.07131989434
572 1.07782242845
573 1.07300471742
574 1.06270381021
575 1.07782242845
576 1.07339408488
577 1.07856876882
578 1.07842963361
579 1.07322750113
580 1.07636698654
581 1.06239623648
582 1.06193956273
583 1.06467751333
584 1.04545533484
585 1.06571975944
586 1.0660751162
587 1.05477344886
588 1.05498463985
589 1.04489405531
590 1.05778163455
591 1.0523199126
592 1.0625824482
593 1.05388506266
594 1.04952209768
595 1.05436121876
596 1.05236198468
597 1.04986923665
598 1.05156481221
599 1.05046393855
600 1.04302795829
601 1.05025621793
602 1.05392553842
603 1.03509650314
604 1.05165451071
605 1.0568358518
606 1.0409379664
607 1.03680591394
608 1.05129651925
609 1.05258128945
610 1.04742877105
611 1.03774090904
612 1.04734613188
613 1.05423772994
614 1.05578790084
615 1.04481710252
616 1.04628430939
617 1.05844269355
618 1.05199556334
619 1.05559157093
620 1.05849418587
621 1.04439597942
622 1.05546896491
623 1.05230633807
624 1.03838005059
625 1.02778365424
626 1.03511088643
627 1.02465473471
628 1.02442562869
629 1.04842484023
630 1.05559215067
631 1.05923324192
632 1.0709709607
633 1.0783823403
634 1.04686452047
635 1.03510394101
636 1.03146367506
637 1.04274543914
638 1.04364947052
639 1.06286336105
640 1.04847854981
641 1.04317698186
642 1.02267397338
643 1.05131482046
644 1.05934802647
645 1.06189789143
646 1.06238863057
647 1.05886495773
648 1.0337415339
649 1.07258419864
650 1.07256846963
651 1.0460611434
652 1.06178211888
653 1.04795154148
654 1.03349010303
655 1.0275906525
656 1.02882691178
657 1.05769439252
658 1.02990828674
659 1.02921455613
660 1.05030442602
661 1.02843146289
662 1.02865880956
663 1.06165070878
664 1.03492927269
665 1.04388180764
666 1.03299502738
667 1.03165876628
668 1.03214604219
669 1.06170739066
670 1.03596441334
671 1.0369859962
672 1.04577502511
673 1.03262664588
674 1.0436462281
675 1.04143035524
676 1.03445302017
677 1.04636259745
678 1.05673822554
679 1.05280547485
680 1.05062181002
681 1.03075224303
682 1.03502932916
683 1.04062523611
684 1.05779782092
685 1.05400046941
686 1.05325332117
687 1.0612708547
688 1.06049396258
689 1.0691579336
690 1.06804136599
691 1.06868652082
692 1.06825067021
693 1.06445506441
694 1.02067250675
695 1.0522535748
696 1.07331874152
697 1.07407810386
698 1.07367532713
699 1.07364724691
700 1.07250750481
701 1.07364724691
702 1.07669549353
703 1.07365177863
704 1.07485596929
705 1.07493352682
706 1.05788456299
707 1.07555674987
708 1.07322750113
709 1.07934767601
710 1.03360541541
711 1.02671862413
712 1.06759095499
713 1.06730535857
714 1.05656183324
715 1.04153291781
716 1.05764049261
717 1.04202885936
718 1.04158800976
719 1.05215596727
720 1.04646214826
721 1.03140343665
722 1.03096237226
723 1.0495616098
724 1.06687900441
725 1.03895015543
726 1.0385441576
727 1.04563875064
728 1.04755014463
729 1.05874444361
730 1.02850332555
731 1.05826422385
732 1.05387220947
733 1.03019164441
734 1.05613281377
735 1.05634998941
736 1.03650088959
737 1.03366839724
738 1.03478691715
739 1.03994873154
740 1.04399443474
741 1.05376443024
742 1.06622569323
743 1.06859063243
744 1.07117076423
745 1.0515760852
746 1.06643194061
747 1.0665421735
748 1.07813676202
749 1.07555674987
750 1.07943736279
751 1.07974461126
752 1.07322750113
753 1.06259561241
754 1.06248053294
755 1.07407190296
756 1.05898504276
757 1.05323463483
758 1.05422501022
759 1.04065944614
760 1.03559440034
761 1.03376886463
762 1.06264064405
763 1.03188096823
764 1.02770371059
765 1.02336743013
766 1.02536112741
767 1.02875520526
768 1.04434260885
769 1.04832010807
770 1.0564848557
771 1.045065708
772 1.03823342155
773 1.02856346879
774 1.04037099806
775 1.05563073702
776 1.03254391238
777 1.03671262667
778 1.03724085674
779 1.0409724449
780 1.03219290794
781 1.05506607097
782 1.06274259003
783 1.06329894648
784 1.06380787874
785 1.07818725052
786 1.07810594731
787 1.07531997042
788 1.07290430561
789 1.07229486807
790 1.07403176634
791 1.08044235811
792 1.08024311232
793 1.07974461126
794 1.06380588428
795 1.05038887786
796 1.0530815738
797 1.04165955579
798 1.0354016554
799 1.04145267853
800 1.03689923126
801 1.03872754253
802 1.08030195861
803 1.03271057724
804 1.0310473578
805 1.02840996044
806 1.02908113132
807 1.06483672602
808 1.05636656812
809 1.02523612282
810 1.0258491041
811 1.0246466257
812 1.02460513318
813 1.02438800274
814 1.02370210019
815 1.02552851649
816 1.02055544347
817 1.02819705365
818 1.03232623695
819 1.03081761658
820 1.03020589887
821 1.03328351635
822 1.03647994643
823 1.03672068957
824 1.03501681308
825 1.04338854328
826 1.03230209996
827 1.05880110874
828 1.04129205228
829 1.06498453407
830 1.05649585199
831 1.04154740781
832 1.07007360772
833 1.07531997042
834 1.06858259623
835 1.06737886283
836 1.07699178157
837 1.07690392796
838 1.08107939509
839 1.03845229775
840 1.06179637207
841 1.05523268079
842 1.03802981466
843 1.06258245075
844 1.04924247446
845 1.04791777542
846 1.0252352901
847 1.04549742801
848 1.05027166048
849 1.02968476685
850 1.03169741215
851 1.05592711292
852 1.03114493881
853 1.04265412301
854 1.0469932821
855 1.02664664352
856 1.03806721659
857 1.04314644634
858 1.01998891484
859 1.01998920031
860 1.06204716534
861 1.04978496402
862 1.04971720248
863 1.06874666092
864 1.06277406521
865 1.03229074695
866 1.03024769028
867 1.03107848883
868 1.03506509894
869 1.04374828409
870 1.02926199549
871 1.05281060584
872 1.05350683408
873 1.06970650929
874 1.06434989391
875 1.08015636404
876 1.06128460367
877 1.06150351048
878 1.05702502729
879 1.04838076623
880 1.03992363134
881 1.03574028513
882 1.03456688229
883 1.05535584864
884 1.02671850465
885 1.02016188284
886 1.05169670234
887 1.02194209356
888 1.02259272287
889 1.04721729343
890 1.05187792446
891 1.03596341165
892 1.03839798828
893 1.02264250665
894 1.05427928898
895 1.06496147781
896 1.07216640905
897 1.0756642798
898 1.0767220757
899 1.07825422725
900 1.04783128487
901 1.05788456299
902 1.04534129573
903 1.08116055865
904 1.06088985512
905 1.08091515027
906 1.06088985512
907 1.07931458333
908 1.06278735215
909 1.07946098535
910 1.05946012701
911 1.06389686917
912 1.02278743089
913 1.04913407367
914 1.03198232045
915 1.05379395371
916 1.05426382063
917 1.04980170865
918 1.04373422806
919 1.0391159742
920 1.05006378835
921 1.03416864769
922 1.06875886117
923 1.03475688499
924 1.03404295977
925 1.03047285271
926 1.03156344846
927 1.03174215878
928 1.0234008485
929 1.02304338907
930 1.02331384261
931 1.0271404514
932 1.02644931111
933 1.02298820711
934 1.0177433731
935 1.01777499651
936 1.02212863958
937 1.02466804719
938 1.02491905253
939 1.02171634677
940 1.02442945238
941 1.02356885379
942 1.02205040404
943 1.02272062939
944 1.02200323865
945 1.02553615497
946 1.04672411624
947 1.02264650781
948 1.03164717951
949 1.03329213829
950 1.03373295357
951 1.03452112551
952 1.03252153675
953 1.03352581455
954 1.03574835684
955 1.03145394294
956 1.04056903698
957 1.05654892519
958 1.05904622476
959 1.04170490567
960 1.05234306929
961 1.05518374473
962 1.05323158496
963 1.05419419521
964 1.04049389144
965 1.07623172336
966 1.07623172336
967 1.06977837403
968 1.0528258907
969 1.04938712172
970 1.05705981114
971 1.0508118347
972 1.05451221749
973 1.06597499145
974 1.06587559038
975 1.05705455394
976 1.032036515
977 1.05176157284
978 1.03908024947
979 1.06350098711
980 1.05189371495
981 1.03600097718
982 1.06587269844
983 1.03804540846
984 1.0389618124
985 1.04598275663
986 1.0512071822
987 1.05410510455
988 1.04646252593
989 1.04234482831
990 1.0271854414
991 1.05627069237
992 1.03230413258
993 1.05310271502
994 1.04976490845
995 1.02214811775
996 1.05166010508
997 1.05495024303
998 1.04752584595
999 1.03640346514
1000 1.02229181276
1001 1.05123409112
1002 1.05529960477
1003 1.05116768886
1004 1.04666950908
1005 1.05274707788
1006 1.04582484918
1007 1.04633176314
1008 1.03028240541
1009 1.0473662369
1010 1.04489545279
1011 1.04435669545
1012 1.05762635015
1013 1.04977987382
1014 1.04767758216
1015 1.05077958782
1016 1.04903379693
1017 1.04940685958
1018 1.0441302388
1019 1.05214090463
1020 1.03047461535
1021 1.04322873823
1022 1.02612846951
1023 1.04883154363
1024 1.07021870093
1025 1.04281486535
1026 1.04175173778
1027 1.03797001379
1028 1.03410501549
1029 1.0341167358
1030 1.05210489632
1031 1.04792429748
1032 1.04849767964
1033 1.05259946196
1034 1.04998145243
1035 1.04973628155
1036 1.03196584962
1037 1.05617250235
1038 1.05036146366
1039 1.04757455356
1040 1.05280828491
1041 1.05262808289
1042 1.05159946227
1043 1.06250223163
1044 1.04859982077
1045 1.0372460093
1046 1.03741963249
1047 1.05256941119
1048 1.0370352265
1049 1.04781400658
1050 1.06342602427
1051 1.02527913329
1052 1.05080130827
1053 1.06088985512
1054 1.04596498725
1055 1.05762637066
1056 1.05585335623
1057 1.05630298383
1058 1.02172854049
1059 1.05093461383
1060 1.05127107832
1061 1.04063068208
1062 1.05742921656
1063 1.05085513375
1064 1.04361542711
1065 1.0527043675
1066 1.04030096304
1067 1.05319754957
1068 1.05321555436
1069 1.05134102359
1070 1.05432437659
1071 1.05387266751
1072 1.05448673655
1073 1.04960970833
1074 1.05600203207
1075 1.03239505315
1076 1.04438786553
1077 1.04555852647
1078 1.04524172663
1079 1.03157127687
1080 1.03570906772
1081 1.05047111753
1082 1.04873525425
1083 1.04489679242
1084 1.04226467979
1085 1.07468430453
1086 1.04608621958
1087 1.04018056964
1088 1.07435482356
1089 1.04515756779
1090 1.03437251929
1091 1.03500624607
1092 1.04402472421
1093 1.04463337246
1094 1.07423156206
1095 1.07412434266
1096 1.04363949936
1097 1.07230470318
1098 1.0574235607
1099 1.04946996893
1100 1.04315620441
1101 1.05539284729
1102 1.04710321665
1103 1.04615693939
1104 1.05586603449
1105 1.07075519943
1106 1.05866271729
1107 1.06834367278
1108 1.05626596112
1109 1.0600005474
1110 1.06015940546
1111 1.05869034886
1112 1.04460289449
1113 1.05603862273
1114 1.04512338029
1115 1.06513473663
1116 1.05247857358
1117 1.06178059315
1118 1.0665155819
1119 1.0557326984
1120 1.07326614939
1121 1.06607327207
1122 1.06610396767
1123 1.10120735225
1124 1.06002535616
1125 1.05881172235
1126 1.07353051606
1127 1.0679006831
1128 1.04197744384
1129 1.04289819718
1130 1.0595717389
1131 1.06541029245
1132 1.06069349539
1133 1.07214982417
1134 1.06340326459
1135 1.0656650472
1136 1.04107518451
1137 1.03957067203
1138 1.05010676802
1139 1.08029346818
1140 1.03798392533
1141 1.04204774379
1142 1.03600538351
1143 1.02809235779
1144 1.02751491047
1145 1.02372376841
1146 1.05792079265
1147 1.04465156668
1148 1.0500563898
1149 1.05782196551
1150 1.057129756
1151 1.05779095196
1152 1.07267000688
1153 1.05002623297
1154 1.05538145504
1155 1.04060566265
1156 1.0541343984
1157 1.05850783739
1158 1.06261862816
1159 1.04300387688
1160 1.05806882732
1161 1.05700897081
1162 1.05777495133
1163 1.04373337636
1164 1.04502197219
1165 1.03775138637
1166 1.07073752915
1167 1.05235567648
1168 1.06451914282
1169 1.0557178508
1170 1.03469566072
1171 1.06238895804
1172 1.05540856851
1173 1.05799763578
1174 1.06386082883
1175 1.03795024486
1176 1.02906245344
1177 1.05298260928
1178 1.04948824861
1179 1.0618468955
1180 1.04121205277
1181 1.04705105304
1182 1.04177569564
1183 1.05335188605
1184 1.03251400087
1185 1.03733535936
1186 1.0481695078
1187 1.05537784045
1188 1.04743405074
1189 1.05519151106
1190 1.06191954218
1191 1.06604754065
1192 1.06001744135
1193 1.07609635322
1194 1.0469121949
1195 1.05867404024
1196 1.03370703447
1197 1.05384296427
1198 1.05997421465
1199 1.07568949727
1200 1.06669652778
1201 1.05615721909
1202 1.04883573202
1203 1.05484327912
1204 1.05347150659
1205 1.05396094481
1206 1.05738469479
1207 1.04676798297
1208 1.05895421922
1209 1.03145085226
1210 1.04420355541
1211 1.04271632796
1212 1.06109514086
1213 1.05530708559
1214 1.0547485886
1215 1.05777200008
1216 1.04182388449
1217 1.03161986813
1218 1.04982355742
1219 1.05369492302
1220 1.05404240153
1221 1.04213937127
1222 1.05370443433
1223 1.0492298788
1224 1.06000153825
1225 1.05771716763
1226 1.04701969784
1227 1.04506833335
1228 1.04582130974
1229 1.04743867779
1230 1.04815259756
1231 1.06128460367
1232 1.06703446892
1233 1.06034522392
1234 1.0699641759
1235 1.07724185183
1236 1.05782338059
1237 1.05728942866
1238 1.05255983256
1239 1.05749605283
1240 1.03206387861
1241 1.06258114205
1242 1.0796855492
1243 1.03878928381
1244 1.04733641405
1245 1.07107679151
1246 1.07524549888
1247 1.05864562509
1248 1.06561433668
1249 1.0651681444
1250 1.05739112029
1251 1.0564957639
1252 1.05869278313
1253 1.06486780478
1254 1.05493011711
1255 1.05674088068
1256 1.05491696398
1257 1.05661852373
1258 1.06039170386
1259 1.05005645822
1260 1.04736225306
1261 1.04240604002
1262 1.03214658983
1263 1.04458389312
1264 1.05017199124
1265 1.0493276422
1266 1.05846392171
1267 1.02538109558
1268 1.05319207857
1269 1.04329676412
1270 1.03979127669
1271 1.03539775187
1272 1.06066701371
1273 1.02525727817
1274 1.02161571399
1275 1.04710785534
1276 1.04264805224
1277 1.03761063833
1278 1.05440053094
1279 1.04166809192
1280 1.03874608373
1281 1.0484020692
1282 1.04952813867
1283 1.0365314218
1284 1.05338695143
1285 1.03163194581
1286 1.054688398
1287 1.05243939261
1288 1.04920692619
1289 1.03738772168
1290 1.04788409794
1291 1.03281048412
1292 1.04068430344
1293 1.04514881626
1294 1.02629553641
1295 1.02562686977
1296 1.04620080651
1297 1.0340064137
1298 1.04107336893
1299 1.04906398323
1300 1.02672620178
1301 1.03206030979
1302 1.0461517593
1303 1.05671850577
1304 1.0468141412
1305 1.02141423752
1306 1.05037201108
1307 1.02609339808
1308 1.02467533272
1309 1.05583304578
1310 1.06221459592
1311 1.03209257985
1312 1.04870115583
1313 1.04973829287
1314 1.04779891658
1315 1.05095891496
1316 1.05634998941
1317 1.04738390824
1318 1.04728821161
1319 1.02550706561
1320 1.07035904823
1321 1.02845408867
1322 1.02416327101
1323 1.03051356624
1324 1.02468079361
1325 1.03089882646
1326 1.02398443136
1327 1.05503005634
1328 1.05634998941
1329 1.02843978758
1330 1.03323937927
1331 1.03920825658
1332 1.05477702052
1333 1.02357998267
1334 1.04271035819
1335 1.02501784023
1336 1.0333628682
1337 1.03120305476
1338 1.03159146001
1339 1.03121670268
1340 1.04744209876
1341 1.02935033275
1342 1.05126656823
1343 1.05445768492
1344 1.06072584021
1345 1.04273385418
1346 1.05610103549
1347 1.03576068763
1348 1.04175437754
1349 1.02617033654
1350 1.03314578479
1351 1.07102256562
1352 1.05667482309
1353 1.03666472922
1354 1.05204678072
1355 1.03537769487
1356 1.04126286812
1357 1.03935307005
1358 1.0572872093
1359 1.05121465142
1360 1.04159427087
1361 1.05580887863
1362 1.02610527395
1363 1.05785207378
1364 1.03964970343
1365 1.04429731328
1366 1.038928787
1367 1.04769715451
1368 1.04503075766
1369 1.04124865607
1370 1.06281763465
1371 1.05220913277
1372 1.05008926631
1373 1.03453408311
1374 1.04836471859
1375 1.04919379125
1376 1.05773042499
1377 1.0509395434
1378 1.05608941434
1379 1.05143023097
1380 1.05449050013
1381 1.06261459898
1382 1.04834886533
1383 1.04342836294
1384 1.04384336375
1385 1.06350544934
1386 1.06453321361
1387 1.06462083135
1388 1.07551086559
1389 1.05103547572
1390 1.05884350698
1391 1.0428622169
1392 1.04724608087
1393 1.05061570081
1394 1.0510788853
1395 1.04530365402
1396 1.05199117821
1397 1.05209635941
1398 1.05446201335
1399 1.03836420439
1400 1.03805280134
1401 1.06129205371
1402 1.02554154816
1403 1.05881765581
1404 1.06828500702
1405 1.06071822675
1406 1.0684528182
1407 1.06034589331
1408 1.06505846103
1409 1.04106028672
1410 1.04631575435
1411 1.05978675477
1412 1.04291348299
1413 1.03952841836
1414 1.03908431009
1415 1.0578152851
1416 1.05566193859
1417 1.05212997418
1418 1.05053001131
1419 1.02610031518
1420 1.05322638998
1421 1.04539199717
1422 1.05315512907
1423 1.06147941152
1424 1.04176755755
1425 1.06341360315
1426 1.04091666023
1427 1.06635112575
1428 1.04577674944
1429 1.0446257162
1430 1.05997265077
1431 1.04168445623
1432 1.04864822897
1433 1.06317589093
1434 1.04306500871
1435 1.05448796025
1436 1.03408799205
1437 1.0427290707
1438 1.04962769854
1439 1.05639818481
1440 1.03678258679
1441 1.04180077734
1442 1.0387828005
1443 1.02807263793
1444 1.05292574817
1445 1.06388915199
1446 1.03886919205
1447 1.05962504399
1448 1.06061040744
1449 1.04853652809
1450 1.05047366132
1451 1.05723260826
1452 1.05253460332
1453 1.07702216265
1454 1.02155447565
1455 1.05592696516
1456 1.07741789895
1457 1.05356196917
1458 1.0434624226
1459 1.04356667402
1460 1.02313306388
1461 1.03988035246
1462 1.05457632438
1463 1.05273116226
1464 1.06062602281
1465 1.06232756353
1466 1.02273162738
1467 1.06053258217
1468 1.03516212359
1469 1.04483407667
1470 1.05081640628
1471 1.05093584266
1472 1.05496933713
1473 1.04662143795
1474 1.05071872527
1475 1.03739581573
1476 1.04888837193
1477 1.05570987517
1478 1.05359960163
1479 1.0513635311
1480 1.04724106998
1481 1.05421128405
1482 1.06129538095
1483 1.06947786825
1484 1.05763348572
1485 1.06416088866
1486 1.05337384621
1487 1.06003113957
1488 1.04540682459
1489 1.04505925042
1490 1.0637094894
1491 1.07863781717
1492 1.05888754735
1493 1.06945161506
1494 1.03553933895
1495 1.07003540639
1496 1.0525078128
1497 1.063159401
1498 1.03869706076
1499 1.05321598322
1500 1.0454265711
1501 1.04372371009
1502 1.05066337509
1503 1.03825864506
1504 1.04646476876
1505 1.0415370569
1506 1.03959367957
1507 1.04676094982
1508 1.04742150556
1509 1.0478513884
1510 1.03755413261
1511 1.04126588149
1512 1.03842950664
1513 1.04339385827
1514 1.04192172951
1515 1.04866575891
1516 1.05653334167
1517 1.0429314307
1518 1.04431418377
1519 1.05328775023
1520 1.05324838999
1521 1.07543721719
1522 1.04488287667
1523 1.05713452511
1524 1.05997063308
1525 1.05877912114
1526 1.0491247093
1527 1.03983253132
1528 1.05100940313
1529 1.0582874055
1530 1.03465194959
1531 1.03334817499
1532 1.02934921365
1533 1.06103187293
1534 1.04843646217
1535 1.01892795748
1536 1.02295049398
1537 1.02320795902
1538 1.05474689241
1539 1.050600068
1540 1.05485247668
1541 1.07304132132
1542 1.06015252089
1543 1.05483240528
1544 1.05197242182
1545 1.03758246069
1546 1.02014436223
1547 1.05297331492
1548 1.0587128
1549 1.02444977444
1550 1.05644046762
1551 1.02282952988
1552 1.05105399672
1553 1.05463151351
1554 1.02341652431
1555 1.03670726594
1556 1.05239266805
1557 1.02335820482
1558 1.02527837769
1559 1.03427523625
1560 1.02093731746
1561 1.03461589799
1562 1.03524551546
1563 1.03378489574
1564 1.06452982861
1565 1.0487898797
1566 1.04198161365
1567 1.03324736095
1568 1.03782292596
1569 1.05068706977
1570 1.03796946413
1571 1.02011311212
1572 1.03463732373
1573 1.04835131755
1574 1.04667583121
1575 1.03574588675
1576 1.01896252854
1577 1.05190850441
1578 1.0464287957
1579 1.05286399035
1580 1.08096054524
1581 1.05782867055
1582 1.0519194283
1583 1.02785937385
1584 1.03770004886
1585 1.02666971548
1586 1.02281450493
1587 1.0426314794
1588 1.02306437307
1589 1.0586336896
1590 1.05342791964
1591 1.02047614423
1592 1.05091562937
1593 1.05241022347
1594 1.06132530777
1595 1.05447717251
1596 1.02106951298
1597 1.0580391133
1598 1.05836020926
1599 1.05300816953
1600 1.05055999795
1601 1.04550635418
1602 1.05563212076
1603 1.04100060752
1604 1.05451089801
1605 1.05379589272
1606 1.04382135945
1607 1.04408932295
1608 1.03873774142
1609 1.05044305248
1610 1.03435805212
1611 1.05126964833
1612 1.03878226729
1613 1.05685526198
1614 1.04927709327
1615 1.06541078539
1616 1.05734577484
1617 1.06462214377
1618 1.04686685243
1619 1.04858971821
1620 1.02364510733
1621 1.05351916911
1622 1.04893610492
1623 1.04355240638
1624 1.05017388951
1625 1.0392709563
1626 1.03696218605
1627 1.02772417186
1628 1.03295101203
1629 1.03917367264
1630 1.03145637479
1631 1.02337392316
1632 1.02310239021
1633 1.02339957092
1634 1.03432874158
1635 1.03594055354
1636 1.02289018714
1637 1.02438988157
1638 1.02669666029
1639 1.02484394065
1640 1.03833968879
1641 1.04334064758
1642 1.0462550548
1643 1.02459502505
1644 1.04783375378
1645 1.05613658825
1646 1.04721278612
1647 1.03456035988
1648 1.04423469229
1649 1.04853991699
1650 1.03704821556
1651 1.04718005098
1652 1.03435424836
1653 1.05509440225
1654 1.04483973156
1655 1.03288233992
1656 1.0574693163
1657 1.0531064814
1658 1.05735852871
1659 1.04028326463
1660 1.04905549248
1661 1.05803310249
1662 1.0578656315
1663 1.05621752668
1664 1.06293275654
1665 1.04077521779
1666 1.05228006309
1667 1.04327159022
1668 1.03717823324
1669 1.05713107171
1670 1.0485450047
1671 1.07467180843
1672 1.03667148289
1673 1.03780354016
1674 1.02926339711
1675 1.04655490183
1676 1.02643807389
1677 1.06068242947
1678 1.02368046739
1679 1.03524136966
1680 1.04946591284
1681 1.04508563058
1682 1.04290546812
1683 1.0564566842
1684 1.06224484948
1685 1.0516072251
1686 1.0512522209
1687 1.05106355969
1688 1.05580251021
1689 1.04351208732
1690 1.04479507912
1691 1.05680926367
1692 1.03460525817
1693 1.04444742386
1694 1.04859400027
1695 1.04778691256
1696 1.03167122997
1697 1.04707982039
1698 1.04222750863
1699 1.0526409301
1700 1.04351953883
1701 1.04716216326
1702 1.05460338358
1703 1.04826410614
1704 1.05885621928
1705 1.03163011632
1706 1.04763835275
1707 1.05820968474
1708 1.03625905691
1709 1.04703253239
1710 1.05217268603
1711 1.04743553972
1712 1.05311303591
1713 1.05159548684
1714 1.03531057557
1715 1.05428818238
1716 1.05260824641
1717 1.03352576745
1718 1.05020738046
1719 1.05526809903
1720 1.03367307249
1721 1.04227417002
1722 1.04728358977
1723 1.0555113381
1724 1.04250467821
1725 1.03726827144
1726 1.06087669247
1727 1.05632687013
1728 1.03353799348
1729 1.05950057667
1730 1.03371671957
1731 1.03977173244
1732 1.0506279299
1733 1.06251844889
1734 1.06290595156
1735 1.0559055106
1736 1.05208897925
1737 1.04717168026
1738 1.04665274314
1739 1.0561619933
1740 1.05523329144
1741 1.05386107263
1742 1.05453159402
1743 1.04360350545
1744 1.06288498347
1745 1.04889533767
1746 1.05296435143
1747 1.04563868978
1748 1.04202625836
1749 1.05953068405
1750 1.04510735793
1751 1.01756360049
1752 1.0511145893
1753 1.04767014524
1754 1.02945032929
1755 1.02916132932
1756 1.03770074855
1757 1.06677375724
1758 1.05963937458
1759 1.05935389551
1760 1.0602958087
1761 1.06372177099
1762 1.04953876186
1763 1.04550545441
1764 1.03369935921
1765 1.04888130597
1766 1.045914186
1767 1.04050985621
1768 1.06353981644
1769 1.05743795616
1770 1.06103709775
1771 1.05428819769
1772 1.07779966885
1773 1.05200745602
1774 1.04693322489
1775 1.05498959462
1776 1.05317292888
1777 1.05455941242
1778 1.07738603748
1779 1.05340493089
1780 1.07551093944
1781 1.03748888554
1782 1.07190354933
1783 1.0358189055
1784 1.05026237167
1785 1.0559575164
1786 1.07703790537
1787 1.03578352888
1788 1.04370679076
1789 1.0515839025
1790 1.05832716191
1791 1.05572053416
1792 1.04422069215
1793 1.05119330288
1794 1.07524014002
1795 1.05705402187
1796 1.08032446856
1797 1.04675664429
1798 1.04992228159
1799 1.0289480145
1800 1.04305863265
1801 1.03926477284
1802 1.04783665891
1803 1.05393638778
1804 1.04705645295
1805 1.0302337718
1806 1.04910645563
1807 1.04474779943
1808 1.04805768107
1809 1.04022629068
1810 1.05273249776
1811 1.03785173776
1812 1.04983498578
1813 1.03721442388
1814 1.0756642798
1815 1.05258718292
1816 1.05204810093
1817 1.06808555182
1818 1.05962905016
1819 1.05483295093
1820 1.03722461669
1821 1.05569640022
1822 1.03854281404
1823 1.04578399756
1824 1.03841654365
1825 1.02370766211
1826 1.05726751613
1827 1.05048520328
1828 1.04161512196
1829 1.04307605196
1830 1.04601013502
1831 1.04396733055
1832 1.04385648214
1833 1.0574295836
1834 1.05181648356
1835 1.04547181694
1836 1.04084126074
1837 1.07189337924
1838 1.03217903659
1839 1.04593703224
1840 1.06102891525
1841 1.06262449442
1842 1.0362521411
1843 1.03861035625
1844 1.03750441126
1845 1.04108368378
1846 1.03686361143
1847 1.02809224219
1848 1.02475932917
1849 1.05653660499
1850 1.06228027848
1851 1.0497107188
1852 1.06245887764
1853 1.05648796969
1854 1.03468370727
1855 1.04287642475
1856 1.0423079522
1857 1.03049315046
1858 1.03299036769
1859 1.05149193137
1860 1.05160152227
1861 1.0462673557
1862 1.05426950752
1863 1.05167127508
1864 1.04504826074
1865 1.04486962883
1866 1.04718931922
1867 1.04591209878
1868 1.05282332673
1869 1.03873413879
1870 1.06699460624
1871 1.03335476134
1872 1.06160642749
1873 1.05717830213
1874 1.04748836667
1875 1.02482221614
1876 1.03578511833
1877 1.03241324815
1878 1.05144512495
1879 1.04246783147
1880 1.0565721811
1881 1.03223994143
1882 1.08268757368
1883 1.05684807464
1884 1.0453587043
1885 1.04436434856
1886 1.03833489806
1887 1.05572797261
1888 1.04732743327
1889 1.02598367433
1890 1.03685633384
1891 1.06882512648
1892 1.02345445822
1893 1.04913544454
1894 1.05802180733
1895 1.04806293281
1896 1.08044031226
1897 1.05789766431
1898 1.04443397923
1899 1.04890091133
1900 1.03433489923
1901 1.05487278367
1902 1.06160768729
1903 1.05714796473
1904 1.06163694251
1905 1.05500358733
1906 1.04687191108
1907 1.04868131658
1908 1.0577509119
1909 1.05423940568
1910 1.05126609617
1911 1.05503241814
1912 1.05061375538
1913 1.05076105805
1914 1.03964685996
1915 1.0523354547
1916 1.05314913952
1917 1.04501274954
1918 1.04862492937
1919 1.05856788088
1920 1.05135550483
1921 1.04518701987
1922 1.03970121015
1923 1.04304870232
1924 1.05680018209
1925 1.05739223367
1926 1.057350181
1927 1.04298247494
1928 1.0441134257
1929 1.05510791742
1930 1.04968458811
1931 1.03384562352
1932 1.05697528244
1933 1.05144870379
1934 1.05227186611
1935 1.04436967963
1936 1.05118476006
1937 1.05978640149
1938 1.05446632307
1939 1.0381054492
1940 1.06064206702
1941 1.05768159407
1942 1.06686278639
1943 1.02609175995
1944 1.06026312954
1945 1.06054512609
1946 1.05744998362
1947 1.0413046108
1948 1.05028270368
1949 1.0564315562
1950 1.0543490797
1951 1.04097343567
1952 1.03879197312
1953 1.05238571157
1954 1.05829124246
1955 1.05499801999
1956 1.05375171064
1957 1.06082872561
1958 1.04052637382
1959 1.0237586285
1960 1.03731374512
1961 1.05139608947
1962 1.04859325289
1963 1.0450412117
1964 1.03492574744
1965 1.05352759963
1966 1.05510335071
1967 1.03660229405
1968 1.04716063289
1969 1.03941949804
1970 1.06887925449
1971 1.05150519122
1972 1.04858131815
1973 1.03945840095
1974 1.04126910906
1975 1.02588973184
1976 1.03262636059
1977 1.04938849145
1978 1.04332595563
1979 1.0423054869
1980 1.04260414641
1981 1.05397238624
1982 1.05281356134
1983 1.05339532314
1984 1.03907844305
1985 1.03573719324
1986 1.0502479346
1987 1.05441850185
1988 1.0385763561
1989 1.0320364509
1990 1.04583079927
1991 1.03653359882
1992 1.04425614457
1993 1.03246372056
1994 1.04617354194
1995 1.06655587724
1996 1.03465924594
1997 1.04788588198
1998 1.0275324799
1999 1.04450909628
2000 1.03080388984
2001 1.02581932119
2002 1.03565730508
2003 1.05453446771
2004 1.02967413197
2005 1.02858064276
2006 1.06153145696
2007 1.0477720587
2008 1.03629990193
2009 1.04911721842
2010 1.04240011157
2011 1.0390120763
2012 1.03065221614
2013 1.05144736928
2014 1.03855644769
2015 1.03524038334
2016 1.03495557682
2017 1.04564308662
2018 1.0328395816
2019 1.036480652
2020 1.0540459366
2021 1.04443899358
2022 1.05698958892
2023 1.06288191676
2024 1.05532941597
2025 1.03543659878
2026 1.04918594554
2027 1.02317867943
2028 1.04502136718
2029 1.04603467429
2030 1.04505225922
2031 1.04871071605
2032 1.03674006726
2033 1.03913323916
2034 1.04795079826
2035 1.04073200891
2036 1.03905407634
2037 1.05994533876
2038 1.04408905591
2039 1.04438663098
2040 1.05346185168
2041 1.04154842711
2042 1.03924180794
2043 1.0597022791
2044 1.03698913365
2045 1.05424724119
2046 1.05896224382
2047 1.05521772922
2048 1.0453957
2049 1.04988866029
2050 1.06215569776
2051 1.03958409508
2052 1.04037713235
2053 1.05922090721
2054 1.0644198877
2055 1.05337881589
2056 1.05743704396
2057 1.05126685222
2058 1.06084783054
2059 1.06153859412
2060 1.03812823895
2061 1.04048204926
2062 1.05358193902
2063 1.05420068674
2064 1.05107911136
2065 1.05868792161
2066 1.05232863424
2067 1.0502733152
2068 1.04885426711
2069 1.04644649677
2070 1.05945107582
2071 1.04382997609
2072 1.0669232947
2073 1.04524377194
2074 1.04820222825
2075 1.05684271243
2076 1.04571223339
2077 1.0448944032
2078 1.07793255382
2079 1.05049951018
2080 1.0595290525
2081 1.04843405636
2082 1.03958917878
2083 1.03823042637
2084 1.02257748117
2085 1.04787035086
2086 1.04619856261
2087 1.03621145297
2088 1.04897974106
2089 1.05905945244
2090 1.03838140866
2091 1.03855260454
2092 1.04711970458
2093 1.04063183599
2094 1.04362110971
2095 1.05611190656
2096 1.05068142249
2097 1.05913142662
2098 1.05226248418
2099 1.04752135148
2100 1.05228194497
2101 1.05247607774
2102 1.02466973305
2103 1.03589847056
2104 1.03900634612
2105 1.03676810743
2106 1.0225755035
2107 1.05185635105
2108 1.0372329258
2109 1.03920846248
2110 1.04176979033
2111 1.04023836781
2112 1.05209873666
2113 1.04413561965
2114 1.05357047613
2115 1.04880042414
2116 1.05190766564
2117 1.04265300633
2118 1.05241740029
2119 1.04797667785
2120 1.05262805066
2121 1.0500866015
2122 1.05400381977
2123 1.05548920002
2124 1.049183897
2125 1.06289565121
2126 1.05970419693
2127 1.05960984534
2128 1.04767191434
2129 1.06509595353
2130 1.06717451708
2131 1.05358653646
2132 1.04627770831
2133 1.04681738137
2134 1.05209899968
2135 1.04741899504
2136 1.03991262313
2137 1.05867673459
2138 1.04811060923
2139 1.0371245372
2140 1.04520435388
2141 1.05148327133
2142 1.04703558571
2143 1.0466628557
2144 1.05544670646
2145 1.05028253672
2146 1.05817191987
2147 1.03795644507
2148 1.04237445994
2149 1.03945207701
2150 1.03883347804
2151 1.04853381271
2152 1.06265302208
2153 1.0529274718
2154 1.03427733196
2155 1.03585631357
2156 1.03772668438
2157 1.02323682701
2158 1.03679994216
2159 1.03672922613
2160 1.04286638953
2161 1.03429852018
2162 1.05061263034
2163 1.04000407249
2164 1.04996325497
2165 1.04341158411
2166 1.04819317001
2167 1.03204422334
2168 1.04765017787
2169 1.04002856911
2170 1.04325852461
2171 1.03747922986
2172 1.04583091353
2173 1.04807665046
2174 1.04174081259
2175 1.03504771964
2176 1.04266203105
2177 1.04999476888
2178 1.05068073741
2179 1.04042707284
2180 1.05220128524
2181 1.05535326413
2182 1.04858443099
2183 1.04382480488
2184 1.04474505115
2185 1.03587380614
2186 1.03980690601
2187 1.05836113678
2188 1.05995339693
2189 1.0384815379
2190 1.05286567416
2191 1.06367501012
2192 1.05810141136
2193 1.04583792659
2194 1.02804113364
2195 1.04547567305
2196 1.03308321219
2197 1.03775317679
2198 1.02555532975
2199 1.04163419984
2200 1.03900284792
2201 1.04000409972
2202 1.04131012328
2203 1.04588339268
2204 1.02195845047
2205 1.03871335061
2206 1.0434408222
2207 1.05106139656
2208 1.05077292409
2209 1.03075989003
2210 1.05579091611
2211 1.0429669149
2212 1.04455669775
2213 1.03825176701
2214 1.04633665348
2215 1.05192281095
2216 1.04499149062
2217 1.04717576383
2218 1.04772822456
2219 1.04797902416
2220 1.04318717269
2221 1.03786886556
2222 1.03859931256
2223 1.02195665861
2224 1.04865772574
2225 1.05273967842
2226 1.02782370576
2227 1.05723282398
2228 1.06091305255
2229 1.03919879987
2230 1.02700260665
2231 1.04907120798
2232 1.0573672893
2233 1.04703558571
2234 1.05591379281
2235 1.05376212775
2236 1.04717577889
2237 1.04525977486
2238 1.04696908242
2239 1.06325038932
2240 1.03650158318
2241 1.06273931595
2242 1.05871789687
2243 1.05132244108
2244 1.05170655168
2245 1.05364129197
2246 1.05706923719
2247 1.05378201745
2248 1.05063511868
2249 1.04916104989
2250 1.04853336634
2251 1.02214892362
2252 1.05644014421
2253 1.04532329682
2254 1.05521193504
2255 1.04703558571
2256 1.03920364676
2257 1.04972392648
2258 1.04753864061
2259 1.02117254322
2260 1.04570177806
2261 1.03218785658
2262 1.03943503684
2263 1.04165047566
2264 1.04703558571
2265 1.04832801556
2266 1.03861484528
2267 1.05619814363
2268 1.04322922507
2269 1.02065452874
2270 1.07125844936
2271 1.06222462752
2272 1.05398133018
2273 1.04864261031
2274 1.05307839349
2275 1.05259167951
2276 1.05343627116
2277 1.04950609467
2278 1.05859609847
2279 1.0504334194
2280 1.05246500094
2281 1.05068554906
2282 1.05046953788
2283 1.04364513101
2284 1.04752393179
2285 1.05536281171
2286 1.05161656122
2287 1.04644860405
2288 1.05083288878
2289 1.03589816617
2290 1.04907548705
2291 1.02775251485
2292 1.03063406756
2293 1.05236389091
2294 1.02319819327
2295 1.02027977444
2296 1.04338909276
2297 1.05201731245
2298 1.05183931876
2299 1.0481171286
2300 1.04729713404
2301 1.05672267957
2302 1.04534831522
2303 1.05197433534
2304 1.04957550142
2305 1.04250573161
2306 1.05415851525
2307 1.04740940644
2308 1.05641974646
2309 1.05817060244
2310 1.0620783011
2311 1.05011061594
2312 1.05824175677
2313 1.04784686773
2314 1.04990873608
2315 1.06268510099
2316 1.04265752741
2317 1.06066541269
2318 1.05804122713
2319 1.05503786299
2320 1.04274558281
2321 1.05016351271
2322 1.0382614552
2323 1.04634626983
2324 1.04791462626
2325 1.05065509394
2326 1.07062379986
2327 1.04849748462
2328 1.05308197685
2329 1.04618863385
2330 1.04548291068
2331 1.04741945576
2332 1.05381551671
2333 1.03340485766
2334 1.04879922614
2335 1.04859200268
2336 1.04518043658
2337 1.04996036387
2338 1.03509833726
2339 1.05446101572
2340 1.06053828901
2341 1.05297102756
2342 1.04600038131
2343 1.05697082331
2344 1.05468819103
2345 1.06251614357
2346 1.05674673674
2347 1.05525849916
2348 1.05443539361
2349 1.05573302438
2350 1.05171077508
2351 1.06603246908
2352 1.05107350391
2353 1.04550868949
2354 1.04973376988
2355 1.05702295032
2356 1.04600529691
2357 1.06256413297
2358 1.04720706145
2359 1.04136562811
2360 1.04541267377
2361 1.043258151
2362 1.04394846552
2363 1.04481906617
2364 1.04905954679
2365 1.03489739414
2366 1.04269040937
2367 1.041651943
2368 1.02829185197
2369 1.02846914491
2370 1.02688350151
2371 1.03622996915
2372 1.03506074928
2373 1.03545303471
2374 1.02417266356
2375 1.02456844761
2376 1.02474937971
2377 1.02473731421
2378 1.03670313776
2379 1.03048409772
2380 1.0345419778
2381 1.03387084465
2382 1.03589810658
2383 1.0317750966
2384 1.03041566813
2385 1.04009184116
2386 1.03379204166
2387 1.03558565853
2388 1.04938014721
2389 1.04001662697
2390 1.06296552475
2391 1.04334162931
2392 1.04868897488
2393 1.03532656396
2394 1.02712565805
2395 1.0495095776
2396 1.04117420842
2397 1.03467852592
2398 1.06113049013
2399 1.04099762641
2400 1.0534394001
2401 1.03452410789
2402 1.05202364523
2403 1.03646978814
2404 1.05537090775
2405 1.03009982306
2406 1.03006594357
2407 1.04958814483
2408 1.0265958
2409 1.05740874124
2410 1.04190861303
2411 1.04757113231
2412 1.05399596422
2413 1.04375098458
2414 1.0492924819
2415 1.02690102109
2416 1.06047464565
2417 1.04924653899
2418 1.05026225639
2419 1.03415961622
2420 1.03821031878
2421 1.02609479812
2422 1.04395875149
2423 1.05607290203
2424 1.04422219428
2425 1.0422206508
2426 1.05548218956
2427 1.05196451776
2428 1.036016841
2429 1.05919875781
2430 1.04411211899
2431 1.04503224861
2432 1.01760504741
2433 1.03490807611
2434 1.02473064496
2435 1.03759160138
2436 1.04721000372
2437 1.04397771281
2438 1.0497748383
2439 1.06705509312
2440 1.06941415594
2441 1.04828981491
2442 1.0426777439
2443 1.05496143043
2444 1.02687773563
2445 1.06188724017
2446 1.04433858081
2447 1.0314087584
2448 1.03273281277
2449 1.05444220956
2450 1.04653015541
2451 1.04627861049
2452 1.02711378845
2453 1.02358446199
2454 1.0325424703
2455 1.04258259147
2456 1.02355724621
2457 1.02818138948
2458 1.03261475324
2459 1.04088179583
2460 1.02822770929
2461 1.0351019714
2462 1.04276961525
2463 1.02658354111
2464 1.02922492168
2465 1.04597102688
2466 1.02369030786
2467 1.04607837921
2468 1.02027977444
2469 1.05320585248
2470 1.03055046028
2471 1.0631190239
2472 1.04762777656
2473 1.05682468443
2474 1.03159711387
2475 1.02869104582
2476 1.03169104453
2477 1.04095746181
2478 1.04174345361
2479 1.05273967842
2480 1.04946986639
2481 1.05461664008
2482 1.05115923491
2483 1.05557733335
2484 1.0493539083
2485 1.04618083726
2486 1.04144062386
2487 1.04642157641
2488 1.05283734839
2489 1.03626467684
2490 1.05423437084
2491 1.05742452713
2492 1.03835516964
2493 1.05630093179
2494 1.05957652681
2495 1.06297283863
2496 1.05945872921
2497 1.0523773581
2498 1.0577857831
2499 1.05435786296
2500 1.07325404542
2501 1.05364860443
2502 1.06648116251
2503 1.05263558277
2504 1.06128264466
2505 1.05444583184
2506 1.05684271243
2507 1.05949855557
2508 1.05582553358
2509 1.05428303444
2510 1.05497186022
2511 1.05933902284
2512 1.05184431747
2513 1.05293719449
2514 1.05732791384
2515 1.05494461883
2516 1.04934783327
